<?xml version="1.0" encoding="UTF-8"?>
<!DOCTYPE X3D PUBLIC "ISO//Web3D//DTD X3D 3.0//EN" "http://www.web3d.org/specifications/x3d-3.0.dtd">
<X3D version="3.0" profile="Immersive" xmlns:xsd="http://www.w3.org/2001/XMLSchema-instance" xsd:noNamespaceSchemaLocation="http://www.web3d.org/specifications/x3d-3.0.xsd">
	<head>
		<meta name="filename" content="warehouse.x3d" />
		<meta name="generator" content="Blender 2.83.5" />
	</head>
	<Scene>
		<NavigationInfo headlight="false"
		                visibilityLimit="0.0"
		                type='"EXAMINE", "ANY"'
		                avatarSize="0.25, 1.75, 0.75"
		                />
		<Background DEF="WO_World"
		            groundColor="0.051 0.051 0.051"
		            skyColor="0.051 0.051 0.051"
		            />
		<Transform DEF="Light_TRANSFORM"
		           translation="-2.076245 5.903862 1.005454"
		           scale="1.000000 1.000000 1.000000"
		           rotation="-0.498084 -0.762016 -0.413815 1.513875"
		           >
			<PointLight DEF="LA_Light"
			            ambientIntensity="0.0000"
			            color="0.9710 1.0000 0.2918"
			            intensity="1.0000"
			            radius="30.0000" 
			            location="-0.0000 -0.0000 0.0000"
			            />
		</Transform>
		<Transform DEF="Light_001_TRANSFORM"
		           translation="2.264171 5.903862 -1.837235"
		           scale="1.000000 1.000000 1.000000"
		           rotation="-0.498084 -0.762016 -0.413815 1.513875"
		           >
			<PointLight DEF="LA_Light_001"
			            ambientIntensity="0.0000"
			            color="1.0000 1.0000 1.0000"
			            intensity="1.0000"
			            radius="30.0000" 
			            location="-0.0000 0.0000 0.0000"
			            />
		</Transform>
		<Transform DEF="orbit_cam_TRANSFORM"
		           translation="-20.809603 11.000000 -3.326697"
		           scale="1.000000 1.000000 1.000000"
		           rotation="-0.201840 -0.951709 -0.231324 1.776637"
		           >
			<Viewpoint DEF="CA_orbit_cam"
			           centerOfRotation="0 0 0"
			           position="-0.00 0.00 0.00"
			           orientation="-0.96 -0.28 0.07 0.00"
			           fieldOfView="0.395"
			           />
		</Transform>
		<Transform DEF="orbit_cam_route_TRANSFORM"
		           translation="0.000000 11.000000 0.000000"
		           scale="1.000000 1.000000 1.000000"
		           rotation="0.000000 0.707107 0.707107 3.141593"
		           >
			<Transform DEF="orbit_cam_route_ifs_TRANSFORM"
			           translation="0.000000 0.000000 0.000000"
			           scale="1.000000 1.000000 1.000000"
			           rotation="0.000000 1.000000 0.000000 0.000000"
			           >
				<Group DEF="group_ME_orbit_cam_route">
				</Group>
			</Transform>
		</Transform>
		<Transform DEF="orbit_cam_target_TRANSFORM"
		           translation="0.000000 0.000000 0.000000"
		           scale="1.000000 1.000000 1.000000"
		           rotation="0.000000 0.707107 0.707107 3.141593"
		           >
		</Transform>
		<Transform DEF="Caja-2:1_TRANSFORM"
		           translation="2.000000 1.293828 0.300000"
		           scale="1.000000 1.000000 1.000000"
		           rotation="0.000000 0.707107 0.707107 3.141593"
		           >
			<Transform DEF="Caja-2:1_ifs_TRANSFORM"
			           translation="0.000000 0.000000 0.000000"
			           scale="1.000000 1.000000 1.000000"
			           rotation="0.000000 1.000000 0.000000 0.000000"
			           >
				<Group DEF="group_ME_Cube_006">
					<Shape>
						<Appearance>
							<Material DEF="MA_hiper-atlas"
							          diffuseColor="0.800 0.800 0.800"
							          specularColor="0.401 0.401 0.401"
							          emissiveColor="0.000 0.000 0.000"
							          ambientIntensity="0.000"
							          shininess="0.500"
							          transparency="0.0"
							          />
						</Appearance>
						<IndexedFaceSet solid="false"
						                texCoordIndex="0 1 2 3 -1 4 5 6 7 -1 8 9 10 11 -1 12 13 14 15 -1 16 17 18 19 -1 20 21 22 23 -1 "
						                coordIndex="0 4 6 2 -1 3 2 6 7 -1 7 6 4 5 -1 5 1 3 7 -1 1 0 2 3 -1 5 4 0 1 -1 "
						                >
							<Coordinate DEF="coords_ME_Cube_006"
							            point="0.132439 0.126166 0.183658 0.130133 0.129084 -0.001137 0.129323 -0.133122 0.181441 0.129548 -0.128508 -0.001837 -0.123464 0.128689 0.183011 -0.128831 0.127472 0.001837 -0.126269 -0.128233 0.182637 -0.130134 -0.129084 0.000517 "
							            />
							<TextureCoordinate point="0.1794 0.8555 0.2160 0.8574 0.2142 0.8942 0.1775 0.8926 0.2314 0.9608 0.2297 0.9772 0.2068 0.9751 0.2080 0.9587 0.0197 0.9835 0.0198 0.9680 0.0416 0.9680 0.0415 0.9834 0.0411 0.8500 0.0052 0.8481 0.0075 0.8123 0.0435 0.8145 0.0498 0.9619 0.0503 0.9414 0.0790 0.9419 0.0784 0.9622 0.1760 0.9690 0.1770 0.9508 0.2028 0.9514 0.2021 0.9700 " />
						</IndexedFaceSet>
					</Shape>
				</Group>
			</Transform>
		</Transform>
		<Transform DEF="Caja-Blanca_TRANSFORM"
		           translation="1.999701 1.295352 0.600118"
		           scale="1.000000 1.000000 1.000000"
		           rotation="0.000000 0.707107 0.707107 3.141593"
		           >
			<Transform DEF="Caja-Blanca_ifs_TRANSFORM"
			           translation="0.000000 0.000000 0.000000"
			           scale="1.000000 1.000000 1.000000"
			           rotation="0.000000 1.000000 0.000000 0.000000"
			           >
				<Group DEF="group_ME_Cube_005">
					<Shape>
						<Appearance>
							<Material USE="MA_hiper-atlas" />
						</Appearance>
						<IndexedFaceSet solid="false"
						                texCoordIndex="0 1 2 3 -1 4 5 6 7 -1 8 9 10 11 -1 12 13 14 15 -1 16 17 18 19 -1 20 21 22 23 -1 "
						                coordIndex="0 4 6 2 -1 3 2 6 7 -1 7 6 4 5 -1 5 1 3 7 -1 1 0 2 3 -1 5 4 0 1 -1 "
						                >
							<Coordinate DEF="coords_ME_Cube_005"
							            point="0.119905 0.098095 0.175252 0.122252 0.095952 -0.000343 0.122263 -0.098908 0.173685 0.119496 -0.100107 -0.000459 -0.117831 0.097776 0.175644 -0.119238 0.100107 0.000835 -0.119625 -0.100152 0.177052 -0.122252 -0.095784 -0.000835 "
							            />
							<TextureCoordinate point="0.1042 0.9719 0.1066 0.9416 0.1319 0.9434 0.1293 0.9742 0.0618 0.9119 0.0645 0.9331 0.0351 0.9368 0.0323 0.9152 0.0269 0.9470 0.0286 0.9656 0.0078 0.9668 0.0064 0.9485 0.1940 0.8992 0.1934 0.9289 0.1694 0.9285 0.1699 0.8988 0.2468 0.8757 0.2253 0.8760 0.2255 0.8518 0.2468 0.8517 0.1364 0.9395 0.1339 0.9605 0.1053 0.9573 0.1073 0.9362 " />
						</IndexedFaceSet>
					</Shape>
				</Group>
			</Transform>
		</Transform>
		<Transform DEF="Caja-cuadrada-mediana_TRANSFORM"
		           translation="2.000969 2.508573 -0.300905"
		           scale="1.000000 1.000000 1.000000"
		           rotation="0.000000 0.707107 0.707107 3.141593"
		           >
			<Transform DEF="Caja-cuadrada-mediana_ifs_TRANSFORM"
			           translation="0.000000 0.000000 0.000000"
			           scale="1.000000 1.000000 1.000000"
			           rotation="0.000000 1.000000 0.000000 0.000000"
			           >
				<Group DEF="group_ME_Cube_002">
					<Shape>
						<Appearance>
							<Material USE="MA_hiper-atlas" />
						</Appearance>
						<IndexedFaceSet solid="false"
						                texCoordIndex="0 1 2 3 -1 4 5 6 7 -1 8 9 10 11 -1 12 13 14 15 -1 16 17 18 19 -1 20 21 22 23 -1 "
						                coordIndex="0 4 6 2 -1 3 2 6 7 -1 7 6 4 5 -1 5 1 3 7 -1 1 0 2 3 -1 5 4 0 1 -1 "
						                >
							<Coordinate DEF="coords_ME_Cube_002"
							            point="0.192344 0.188632 0.383851 0.184456 0.190794 0.001664 0.194883 -0.190137 0.378528 0.190280 -0.184056 -0.002601 -0.188010 0.190736 0.382132 -0.190280 0.191296 0.002601 -0.184164 -0.186033 0.381955 -0.189247 -0.191296 0.001973 "
							            />
							<TextureCoordinate point="0.2300 0.8116 0.2272 0.8509 0.1879 0.8481 0.1907 0.8088 0.1310 0.8091 0.1752 0.8094 0.1749 0.8536 0.1307 0.8532 0.0596 0.7575 0.0528 0.8050 0.0053 0.7982 0.0121 0.7508 0.0754 0.8053 0.0744 0.7527 0.1271 0.7517 0.1280 0.8043 0.1333 0.8067 0.1333 0.7563 0.1837 0.7563 0.1837 0.8067 0.1954 0.7537 0.2454 0.7501 0.2489 0.8001 0.1989 0.8036 " />
						</IndexedFaceSet>
					</Shape>
				</Group>
			</Transform>
		</Transform>
		<Transform DEF="caja-cuadrada_TRANSFORM"
		           translation="1.999662 1.702992 0.640008"
		           scale="1.000000 1.000000 1.000000"
		           rotation="0.000000 0.707107 0.707107 3.141593"
		           >
			<Transform DEF="caja-cuadrada_ifs_TRANSFORM"
			           translation="0.000000 0.000000 0.000000"
			           scale="1.000000 1.000000 1.000000"
			           rotation="0.000000 1.000000 0.000000 0.000000"
			           >
				<Group DEF="group_ME_Cube_001">
					<Shape>
						<Appearance>
							<Material USE="MA_hiper-atlas" />
						</Appearance>
						<IndexedFaceSet solid="false"
						                texCoordIndex="0 1 2 3 -1 4 5 6 7 -1 8 9 10 11 -1 12 13 14 15 -1 16 17 18 19 -1 20 21 22 23 -1 24 25 26 27 -1 28 29 30 31 -1 32 33 34 35 -1 36 37 38 39 -1 40 41 42 43 -1 44 45 46 47 -1 48 49 50 51 -1 52 53 54 55 -1 56 57 58 59 -1 60 61 62 63 -1 64 65 66 67 -1 68 69 70 71 -1 72 73 74 75 -1 76 77 78 79 -1 80 81 82 83 -1 84 85 86 87 -1 88 89 90 91 -1 92 93 94 95 -1 "
						                coordIndex="25 17 6 14 -1 24 14 6 11 -1 23 17 4 13 -1 22 19 3 16 -1 21 15 2 12 -1 20 18 0 10 -1 9 20 10 1 -1 5 13 20 9 -1 13 4 18 20 -1 19 21 12 3 -1 1 10 21 19 -1 10 0 15 21 -1 8 22 16 7 -1 5 9 22 8 -1 9 1 19 22 -1 8 23 13 5 -1 7 11 23 8 -1 11 6 17 23 -1 16 24 11 7 -1 3 12 24 16 -1 12 2 14 24 -1 15 25 14 2 -1 0 18 25 15 -1 18 4 17 25 -1 "
						                >
							<Coordinate DEF="coords_ME_Cube_001"
							            point="0.078729 0.080702 0.166796 0.076357 0.078345 0.001865 0.077381 -0.081740 0.167765 0.084646 -0.076948 0.001671 -0.078353 0.079698 0.168574 -0.079470 0.078539 -0.000201 -0.079625 -0.079501 0.166994 -0.080564 -0.078221 -0.001055 -0.084646 0.000212 0.000544 -0.000697 0.082714 0.001936 0.076242 0.078901 0.086127 -0.080128 -0.079146 0.086078 0.078539 -0.080576 0.085731 -0.078870 0.079303 0.086077 0.000390 -0.079615 0.167206 0.080118 -0.000112 0.167627 -0.000608 -0.082714 0.001541 -0.080041 -0.000062 0.168902 -0.000638 0.081198 0.167996 0.081062 -0.000273 0.000247 -0.000663 0.084119 0.085913 0.082159 -0.000135 0.085984 -0.000688 0.000252 -0.001936 -0.084544 0.000090 0.085892 -0.000697 -0.083029 0.085891 -0.000638 -0.000047 0.170759 "
							            />
							<TextureCoordinate point="0.2184 0.9898 0.2099 0.9889 0.2108 0.9804 0.2193 0.9813 0.0168 0.9303 0.0168 0.9198 0.0272 0.9198 0.0272 0.9303 0.1487 0.9814 0.1583 0.9814 0.1583 0.9910 0.1487 0.9910 0.0914 0.9483 0.0945 0.9571 0.0857 0.9602 0.0826 0.9514 0.0908 0.9871 0.0908 0.9771 0.1007 0.9771 0.1007 0.9871 0.2275 0.9426 0.2386 0.9431 0.2381 0.9542 0.2270 0.9537 0.2164 0.9421 0.2275 0.9426 0.2270 0.9537 0.2159 0.9532 0.2170 0.9310 0.2280 0.9315 0.2275 0.9426 0.2164 0.9421 0.2280 0.9315 0.2391 0.9321 0.2386 0.9431 0.2275 0.9426 0.0908 0.9971 0.0908 0.9871 0.1007 0.9871 0.1007 0.9971 0.0808 0.9971 0.0808 0.9871 0.0908 0.9871 0.0908 0.9971 0.0808 0.9871 0.0808 0.9771 0.0908 0.9771 0.0908 0.9871 0.2463 0.9639 0.2380 0.9643 0.2377 0.9560 0.2460 0.9556 0.2467 0.9723 0.2384 0.9726 0.2380 0.9643 0.2463 0.9639 0.1002 0.9452 0.1033 0.9540 0.0945 0.9571 0.0914 0.9483 0.1392 0.9814 0.1487 0.9814 0.1487 0.9910 0.1392 0.9910 0.1392 0.9719 0.1487 0.9719 0.1487 0.9814 0.1392 0.9814 0.1487 0.9719 0.1583 0.9719 0.1583 0.9814 0.1487 0.9814 0.0168 0.9408 0.0168 0.9303 0.0272 0.9303 0.0272 0.9408 0.0063 0.9408 0.0063 0.9303 0.0168 0.9303 0.0168 0.9408 0.0063 0.9303 0.0063 0.9198 0.0168 0.9198 0.0168 0.9303 0.1901 0.9467 0.1909 0.9351 0.2025 0.9359 0.2017 0.9475 0.1395 0.9467 0.1395 0.9359 0.1503 0.9359 0.1503 0.9467 0.2175 0.9983 0.2090 0.9975 0.2099 0.9889 0.2184 0.9898 " />
						</IndexedFaceSet>
					</Shape>
				</Group>
			</Transform>
		</Transform>
		<Transform DEF="caja2:1_TRANSFORM"
		           translation="2.001002 0.453431 -0.171898"
		           scale="1.000000 1.000000 1.000000"
		           rotation="0.000000 0.707107 0.707107 3.141593"
		           >
			<Transform DEF="caja2:1_ifs_TRANSFORM"
			           translation="0.000000 0.000000 0.000000"
			           scale="1.000000 1.000000 1.000000"
			           rotation="0.000000 1.000000 0.000000 0.000000"
			           >
				<Group DEF="group_ME_Cube_003">
					<Shape>
						<Appearance>
							<Material USE="MA_hiper-atlas" />
						</Appearance>
						<IndexedFaceSet solid="false"
						                texCoordIndex="0 1 2 3 -1 4 5 6 7 -1 8 9 10 11 -1 12 13 14 15 -1 16 17 18 19 -1 20 21 22 23 -1 "
						                coordIndex="0 4 6 2 -1 3 2 6 7 -1 7 6 4 5 -1 5 1 3 7 -1 1 0 2 3 -1 5 4 0 1 -1 "
						                >
							<Coordinate DEF="coords_ME_Cube_003"
							            point="0.177808 0.144704 0.202631 0.177613 0.143764 -0.001545 0.176402 -0.146468 0.204979 0.174511 -0.146200 -0.001024 -0.174787 0.147818 0.204959 -0.175987 0.146200 0.001545 -0.175576 -0.149096 0.204479 -0.177613 -0.145223 0.000032 "
							            />
							<TextureCoordinate point="0.0741 0.8105 0.1202 0.8102 0.1202 0.8490 0.0742 0.8485 0.0513 0.8535 0.0515 0.8823 0.0022 0.8821 0.0020 0.8535 0.1608 0.8869 0.1608 0.9148 0.1203 0.9140 0.1211 0.8863 0.1165 0.8910 0.0689 0.8910 0.0691 0.8520 0.1165 0.8518 0.2429 0.8978 0.2430 0.9263 0.2023 0.9265 0.2024 0.8978 0.1194 0.8839 0.1194 0.8561 0.1675 0.8561 0.1677 0.8840 " />
						</IndexedFaceSet>
					</Shape>
				</Group>
			</Transform>
		</Transform>
		<Transform DEF="caja3:1_TRANSFORM"
		           translation="2.006512 1.679491 -0.545536"
		           scale="1.000000 1.000000 1.000000"
		           rotation="-0.577350 0.577350 0.577350 2.094395"
		           >
			<Transform DEF="caja3:1_ifs_TRANSFORM"
			           translation="0.000000 -0.000000 0.000000"
			           scale="1.000000 1.000000 1.000000"
			           rotation="0.000000 1.000000 0.000000 0.000000"
			           >
				<Group DEF="group_ME_Cube_004">
					<Shape>
						<Appearance>
							<Material USE="MA_hiper-atlas" />
						</Appearance>
						<IndexedFaceSet solid="false"
						                texCoordIndex="0 1 2 3 -1 4 5 6 7 -1 8 9 10 11 -1 12 13 14 15 -1 16 17 18 19 -1 20 21 22 23 -1 "
						                coordIndex="0 4 6 2 -1 3 2 6 7 -1 7 6 4 5 -1 5 1 3 7 -1 1 0 2 3 -1 5 4 0 1 -1 "
						                >
							<Coordinate DEF="coords_ME_Cube_004"
							            point="0.176651 0.107571 0.088945 0.178880 0.107496 0.000403 0.175661 -0.108340 0.088696 0.176533 -0.108809 0.000520 -0.177932 0.110737 0.087999 -0.178880 0.108809 -0.000367 -0.177630 -0.108596 0.087908 -0.177168 -0.106817 -0.000520 "
							            />
							<TextureCoordinate point="0.0545 0.9091 0.0189 0.9094 0.0189 0.8874 0.0544 0.8874 0.1518 0.9209 0.1517 0.9316 0.1085 0.9317 0.1085 0.9209 0.1626 0.9562 0.1607 0.9664 0.1354 0.9611 0.1377 0.9510 0.0692 0.8949 0.1073 0.8949 0.1072 0.9179 0.0695 0.9178 0.1035 0.9278 0.1023 0.9402 0.0720 0.9372 0.0732 0.9248 0.2023 0.9354 0.2017 0.9477 0.1523 0.9458 0.1525 0.9335 " />
						</IndexedFaceSet>
					</Shape>
				</Group>
			</Transform>
		</Transform>
		<Transform DEF="estante-madera_TRANSFORM"
		           translation="2.000000 0.000000 0.000000"
		           scale="1.000000 1.000000 1.000000"
		           rotation="0.000000 0.707107 0.707107 3.141593"
		           >
			<Transform DEF="estante-madera_ifs_TRANSFORM"
			           translation="0.000000 0.000000 0.000000"
			           scale="1.000000 1.000000 1.000000"
			           rotation="0.000000 1.000000 0.000000 0.000000"
			           >
				<Group DEF="group_ME_estante-madera">
					<Shape>
						<Appearance>
							<Material USE="MA_hiper-atlas" />
						</Appearance>
						<IndexedFaceSet solid="false"
						                texCoordIndex="0 1 2 3 -1 4 5 6 7 8 9 10 11 12 -1 13 14 15 16 17 -1 18 19 20 21 -1 22 23 24 25 26 -1 27 28 29 30 31 32 33 34 35 -1 36 37 38 39 -1 40 41 42 43 -1 44 45 46 47 -1 48 49 50 51 -1 52 53 54 55 -1 56 57 58 59 -1 60 61 62 63 -1 64 65 66 67 -1 68 69 70 71 -1 72 73 74 75 -1 76 77 78 79 -1 80 81 82 83 -1 84 85 86 87 -1 88 89 90 91 -1 92 93 94 95 -1 96 97 98 99 -1 100 101 102 103 -1 104 105 106 107 -1 108 109 110 111 -1 112 113 114 115 -1 116 117 118 119 -1 120 121 122 123 -1 124 125 126 127 -1 128 129 130 131 -1 132 133 134 135 -1 136 137 138 139 -1 140 141 142 143 -1 144 145 146 147 -1 148 149 150 151 -1 152 153 154 155 -1 156 157 158 159 -1 160 161 162 163 -1 164 165 166 167 -1 168 169 170 171 -1 172 173 174 175 -1 176 177 178 179 -1 180 181 182 183 -1 184 185 186 187 -1 188 189 190 191 -1 192 193 194 195 -1 196 197 198 199 -1 200 201 202 203 -1 204 205 206 207 -1 208 209 210 211 -1 212 213 214 215 -1 216 217 218 219 -1 220 221 222 223 -1 224 225 226 227 -1 228 229 230 231 -1 232 233 234 235 -1 236 237 238 239 -1 240 241 242 243 -1 244 245 246 247 -1 248 249 250 251 -1 252 253 254 255 -1 256 257 258 259 -1 260 261 262 263 -1 264 265 266 267 -1 268 269 270 271 -1 272 273 274 275 -1 276 277 278 279 -1 280 281 282 283 -1 284 285 286 287 -1 288 289 290 291 -1 292 293 294 295 -1 296 297 298 299 -1 300 301 302 303 -1 304 305 306 307 -1 308 309 310 311 -1 312 313 314 315 -1 316 317 318 319 -1 320 321 322 323 -1 324 325 326 327 -1 328 329 330 331 -1 332 333 334 335 -1 336 337 338 339 -1 340 341 342 343 -1 344 345 346 347 -1 348 349 350 351 -1 352 353 354 355 -1 356 357 358 359 -1 360 361 362 363 -1 364 365 366 367 -1 368 369 370 371 -1 372 373 374 375 -1 376 377 378 379 -1 380 381 382 383 -1 384 385 386 387 -1 388 389 390 391 -1 392 393 394 395 -1 396 397 398 399 -1 400 401 402 403 -1 404 405 406 407 -1 408 409 410 411 -1 412 413 414 415 -1 416 417 418 419 -1 420 421 422 423 -1 424 425 426 427 -1 428 429 430 431 -1 432 433 434 435 -1 436 437 438 439 -1 440 441 442 443 -1 444 445 446 447 -1 448 449 450 451 -1 452 453 454 455 -1 456 457 458 459 -1 460 461 462 463 -1 "
						                coordIndex="56 53 101 103 -1 3 2 24 21 11 13 16 6 7 -1 7 6 8 4 5 -1 5 1 3 7 -1 1 0 9 2 3 -1 5 4 17 14 10 20 22 0 1 -1 27 28 75 76 -1 47 48 95 96 -1 33 34 82 81 -1 67 68 115 116 -1 53 54 102 101 -1 26 27 76 73 -1 46 47 96 94 -1 66 67 116 114 -1 28 25 74 75 -1 48 45 93 95 -1 68 65 113 115 -1 0 22 26 25 -1 22 23 27 26 -1 23 9 28 27 -1 9 0 25 28 -1 9 23 30 29 -1 23 24 31 30 -1 24 2 32 31 -1 2 9 29 32 -1 12 10 34 33 -1 10 14 35 34 -1 14 15 36 35 -1 15 12 33 36 -1 11 12 38 37 -1 12 15 39 38 -1 15 13 40 39 -1 13 11 37 40 -1 13 15 42 41 -1 15 18 43 42 -1 18 16 44 43 -1 16 13 41 44 -1 15 14 46 45 -1 14 17 47 46 -1 17 18 48 47 -1 18 15 45 48 -1 16 18 50 49 -1 18 8 51 50 -1 8 6 52 51 -1 6 16 49 52 -1 18 17 54 53 -1 17 4 55 54 -1 4 8 56 55 -1 8 18 53 56 -1 19 20 58 57 -1 20 10 59 58 -1 10 12 60 59 -1 12 19 57 60 -1 21 19 62 61 -1 19 12 63 62 -1 12 11 64 63 -1 11 21 61 64 -1 23 22 66 65 -1 22 20 67 66 -1 20 19 68 67 -1 19 23 65 68 -1 24 23 70 69 -1 23 19 71 70 -1 19 21 72 71 -1 21 24 69 72 -1 74 73 76 75 -1 77 78 80 79 -1 81 82 84 83 -1 85 86 88 87 -1 89 90 92 91 -1 93 94 96 95 -1 97 98 100 99 -1 101 102 104 103 -1 105 106 108 107 -1 109 110 112 111 -1 113 114 116 115 -1 117 118 120 119 -1 36 33 81 83 -1 54 55 104 102 -1 34 35 84 82 -1 61 62 110 109 -1 41 42 90 89 -1 55 56 103 104 -1 35 36 83 84 -1 64 61 109 111 -1 44 41 89 91 -1 62 63 112 110 -1 42 43 92 90 -1 69 70 118 117 -1 49 50 98 97 -1 63 64 111 112 -1 29 30 78 77 -1 43 44 91 92 -1 72 69 117 119 -1 52 49 97 99 -1 32 29 77 79 -1 70 71 120 118 -1 50 51 100 98 -1 30 31 80 78 -1 57 58 106 105 -1 71 72 119 120 -1 37 38 86 85 -1 51 52 99 100 -1 31 32 79 80 -1 60 57 105 107 -1 40 37 85 87 -1 58 59 108 106 -1 38 39 88 86 -1 65 66 114 113 -1 45 46 94 93 -1 59 60 107 108 -1 25 26 73 74 -1 39 40 87 88 -1 "
						                >
							<Coordinate DEF="coords_ME_estante-madera"
							            point="0.118475 0.765431 0.000000 -0.177712 0.765431 0.000000 0.118475 -0.765431 -0.000000 -0.177712 -0.765431 -0.000000 0.118475 0.765431 2.510466 -0.177713 0.765431 2.510466 0.118475 -0.765432 2.510466 -0.177712 -0.765432 2.510466 0.118475 -0.000000 2.510466 0.118475 0.000000 0.000000 0.118475 0.765431 1.255233 0.118475 -0.765432 1.255233 0.118475 -0.000000 1.255233 0.118475 -0.765432 1.660465 0.118475 0.765431 1.660465 0.118475 -0.000000 1.660465 0.118475 -0.765432 2.085466 0.118475 0.765431 2.085466 0.118475 -0.000000 2.085466 0.118475 -0.000000 0.854241 0.118475 0.765431 0.854241 0.118475 -0.765432 0.854241 0.118475 0.765431 0.427121 0.118475 -0.000000 0.427120 0.118475 -0.765431 0.427120 0.118475 0.745215 0.020216 0.118475 0.745215 0.406905 0.118475 0.020216 0.406905 0.118475 0.020216 0.020216 0.118475 -0.020216 0.020216 0.118475 -0.020216 0.406905 0.118475 -0.745216 0.406904 0.118475 -0.745215 0.020216 0.118475 0.020216 1.275449 0.118475 0.745215 1.275449 0.118475 0.745215 1.640249 0.118475 0.020216 1.640249 0.118475 -0.745216 1.275449 0.118475 -0.020216 1.275449 0.118475 -0.020216 1.640249 0.118475 -0.745216 1.640249 0.118475 -0.745216 1.680681 0.118475 -0.020216 1.680681 0.118475 -0.020216 2.065250 0.118475 -0.745216 2.065250 0.118475 0.020216 1.680681 0.118475 0.745215 1.680681 0.118475 0.745215 2.065250 0.118475 0.020216 2.065250 0.118475 -0.745216 2.105681 0.118475 -0.020216 2.105682 0.118475 -0.020216 2.490250 0.118475 -0.745216 2.490250 0.118475 0.020216 2.105682 0.118475 0.745215 2.105682 0.118475 0.745215 2.490251 0.118475 0.020216 2.490250 0.118475 0.020216 0.874457 0.118475 0.745215 0.874457 0.118475 0.745215 1.235017 0.118475 0.020216 1.235017 0.118475 -0.745216 0.874457 0.118475 -0.020216 0.874457 0.118475 -0.020216 1.235017 0.118475 -0.745216 1.235017 0.118475 0.020216 0.447336 0.118475 0.745215 0.447336 0.118475 0.745215 0.834025 0.118475 0.020216 0.834025 0.118475 -0.745216 0.447336 0.118475 -0.020216 0.447336 0.118475 -0.020216 0.834025 0.118475 -0.745216 0.834025 -0.124092 0.745215 0.406905 -0.124092 0.745215 0.020216 -0.124092 0.020216 0.020216 -0.124092 0.020216 0.406905 -0.124092 -0.020216 0.020216 -0.124092 -0.020216 0.406905 -0.124092 -0.745215 0.020216 -0.124092 -0.745216 0.406905 -0.124092 0.020216 1.275449 -0.124092 0.745215 1.275449 -0.124092 0.020216 1.640249 -0.124092 0.745215 1.640249 -0.124092 -0.745216 1.275449 -0.124092 -0.020216 1.275449 -0.124092 -0.745216 1.640249 -0.124092 -0.020216 1.640249 -0.124092 -0.745216 1.680681 -0.124092 -0.020216 1.680681 -0.124092 -0.745216 2.065250 -0.124092 -0.020216 2.065250 -0.124092 0.020216 1.680681 -0.124092 0.745215 1.680681 -0.124092 0.020216 2.065250 -0.124092 0.745215 2.065250 -0.124092 -0.745216 2.105681 -0.124092 -0.020216 2.105682 -0.124092 -0.745216 2.490250 -0.124092 -0.020216 2.490250 -0.124092 0.020216 2.105682 -0.124092 0.745215 2.105682 -0.124092 0.020216 2.490250 -0.124092 0.745215 2.490251 -0.124092 0.020216 0.874457 -0.124092 0.745215 0.874457 -0.124092 0.020216 1.235017 -0.124092 0.745215 1.235017 -0.124092 -0.745216 0.874457 -0.124092 -0.020216 0.874457 -0.124092 -0.745216 1.235017 -0.124092 -0.020216 1.235017 -0.124092 0.020216 0.447336 -0.124092 0.745215 0.447336 -0.124092 0.020216 0.834025 -0.124092 0.745215 0.834025 -0.124092 -0.745216 0.447336 -0.124092 -0.020216 0.447336 -0.124092 -0.745216 0.834025 -0.124092 -0.020216 0.834025 "
							            />
							<TextureCoordinate point="0.4266 0.8891 0.4474 0.8891 0.4474 0.9023 0.4266 0.9023 0.3519 0.7689 0.3679 0.7689 0.3679 0.7979 0.3679 0.8210 0.3679 0.8428 0.3679 0.8647 0.3679 0.8878 0.3679 0.9108 0.3519 0.9108 0.3519 0.9108 0.3519 0.9269 0.3104 0.9269 0.2689 0.9269 0.2689 0.9108 0.2689 0.9108 0.2689 0.7689 0.3519 0.7689 0.3519 0.9108 0.2689 0.7689 0.2689 0.7528 0.3104 0.7528 0.3519 0.7528 0.3519 0.7689 0.2689 0.9108 0.2528 0.9108 0.2528 0.8878 0.2528 0.8647 0.2528 0.8428 0.2528 0.8210 0.2528 0.7979 0.2528 0.7689 0.2689 0.7689 0.3973 0.8226 0.4183 0.8226 0.4183 0.8358 0.3973 0.8358 0.4693 0.9536 0.4693 0.9143 0.4825 0.9143 0.4825 0.9536 0.2511 0.9868 0.2904 0.9868 0.2904 1.0000 0.2511 1.0000 0.4703 0.9099 0.4703 0.8706 0.4835 0.8706 0.4835 0.9099 0.4836 0.7905 0.4836 0.8298 0.4704 0.8298 0.4704 0.7905 0.4713 0.7904 0.4713 0.7511 0.4844 0.7511 0.4844 0.7904 0.4469 0.7511 0.4677 0.7511 0.4677 0.7642 0.4469 0.7642 0.3940 0.8193 0.3730 0.8193 0.3730 0.8061 0.3940 0.8061 0.4989 0.7511 0.4989 0.7904 0.4858 0.7904 0.4858 0.7511 0.4677 0.8167 0.4469 0.8167 0.4469 0.8035 0.4677 0.8035 0.3730 0.7537 0.3940 0.7537 0.3940 0.7668 0.3730 0.7668 0.4194 0.8893 0.3962 0.8893 0.3973 0.8882 0.4183 0.8882 0.4702 0.7915 0.4702 0.7500 0.4713 0.7511 0.4713 0.7904 0.3962 0.8215 0.4194 0.8215 0.4183 0.8226 0.3973 0.8226 0.5000 0.7500 0.5000 0.7915 0.4989 0.7904 0.4989 0.7511 0.3976 0.7501 0.4208 0.7501 0.4197 0.7512 0.3987 0.7512 0.4077 0.9765 0.3662 0.9765 0.3673 0.9754 0.4066 0.9754 0.4208 0.8179 0.3976 0.8179 0.3987 0.8168 0.4197 0.8168 0.3751 0.8940 0.4166 0.8940 0.4155 0.8951 0.3762 0.8951 0.2500 0.9858 0.2915 0.9858 0.2904 0.9868 0.2511 0.9868 0.4221 0.8185 0.4441 0.8185 0.4430 0.8196 0.4232 0.8196 0.2839 0.9683 0.3254 0.9683 0.3243 0.9694 0.2850 0.9694 0.4441 0.8863 0.4221 0.8863 0.4232 0.8852 0.4430 0.8852 0.4999 0.8701 0.4999 0.9116 0.4988 0.9105 0.4988 0.8712 0.4674 0.8869 0.4455 0.8869 0.4466 0.8858 0.4663 0.8858 0.4839 0.8293 0.4839 0.8708 0.4828 0.8697 0.4828 0.8304 0.4455 0.8191 0.4674 0.8191 0.4663 0.8202 0.4466 0.8202 0.2892 0.9531 0.3307 0.9531 0.3296 0.9542 0.2903 0.9542 0.3730 0.8188 0.3960 0.8188 0.3949 0.8199 0.3741 0.8199 0.3295 0.9832 0.3710 0.9832 0.3699 0.9843 0.3306 0.9843 0.3960 0.8866 0.3730 0.8866 0.3741 0.8855 0.3949 0.8855 0.2651 0.9106 0.2651 0.9521 0.2640 0.9510 0.2640 0.9117 0.4458 0.7500 0.4688 0.7500 0.4677 0.7511 0.4469 0.7511 0.4682 0.9547 0.4682 0.9132 0.4693 0.9143 0.4693 0.9536 0.4688 0.8178 0.4458 0.8178 0.4469 0.8167 0.4677 0.8167 0.4642 0.8851 0.4642 0.9266 0.4631 0.9255 0.4631 0.8862 0.3551 0.9342 0.3551 0.9112 0.3562 0.9123 0.3562 0.9331 0.4956 0.9540 0.4956 0.9955 0.4945 0.9944 0.4945 0.9551 0.4229 0.9112 0.4229 0.9342 0.4218 0.9331 0.4218 0.9123 0.4847 0.7894 0.4847 0.8309 0.4836 0.8298 0.4836 0.7905 0.4485 0.9558 0.4255 0.9558 0.4266 0.9547 0.4474 0.9547 0.4846 0.8714 0.4846 0.8299 0.4857 0.8310 0.4857 0.8703 0.4255 0.8880 0.4485 0.8880 0.4474 0.8891 0.4266 0.8891 0.4069 0.9589 0.4484 0.9589 0.4473 0.9600 0.4080 0.9600 0.3451 0.9570 0.3451 0.9353 0.3462 0.9364 0.3462 0.9560 0.4365 0.9768 0.4780 0.9768 0.4769 0.9779 0.4376 0.9779 0.4129 0.9353 0.4129 0.9570 0.4118 0.9560 0.4118 0.9364 0.5000 0.7889 0.5000 0.8304 0.4989 0.8293 0.4989 0.7900 0.2724 0.9505 0.2724 0.9287 0.2735 0.9298 0.2735 0.9494 0.3665 0.9835 0.3250 0.9835 0.3261 0.9824 0.3654 0.9824 0.3402 0.9287 0.3402 0.9505 0.3391 0.9494 0.3391 0.9298 0.2500 0.9534 0.2915 0.9534 0.2904 0.9545 0.2511 0.9545 0.3951 0.8204 0.3719 0.8204 0.3730 0.8193 0.3940 0.8193 0.4692 0.9110 0.4692 0.8695 0.4703 0.8706 0.4703 0.9099 0.3719 0.7526 0.3951 0.7526 0.3940 0.7537 0.3730 0.7537 0.4665 0.9246 0.4665 0.9661 0.4654 0.9650 0.4654 0.9257 0.4221 0.7500 0.4453 0.7500 0.4442 0.7511 0.4232 0.7511 0.4115 0.9964 0.3700 0.9964 0.3711 0.9953 0.4104 0.9953 0.4453 0.8178 0.4221 0.8178 0.4232 0.8167 0.4442 0.8167 0.4183 0.8751 0.3973 0.8751 0.3973 0.8358 0.4183 0.8358 0.3987 0.7644 0.4197 0.7644 0.4197 0.8037 0.3987 0.8037 0.4232 0.8721 0.4232 0.8328 0.4430 0.8328 0.4430 0.8721 0.4663 0.8334 0.4663 0.8727 0.4466 0.8727 0.4466 0.8334 0.3741 0.8724 0.3741 0.8331 0.3949 0.8331 0.3949 0.8724 0.4469 0.8035 0.4469 0.7642 0.4677 0.7642 0.4677 0.8035 0.4086 0.9331 0.3693 0.9331 0.3693 0.9123 0.4086 0.9123 0.4474 0.9023 0.4474 0.9416 0.4266 0.9416 0.4266 0.9023 0.3987 0.9560 0.3594 0.9560 0.3594 0.9364 0.3987 0.9364 0.3260 0.9494 0.2867 0.9494 0.2867 0.9298 0.3260 0.9298 0.3940 0.7668 0.3940 0.8061 0.3730 0.8061 0.3730 0.7668 0.4232 0.8035 0.4232 0.7642 0.4442 0.7642 0.4442 0.8035 0.4430 0.8852 0.4232 0.8852 0.4232 0.8721 0.4430 0.8721 0.4474 0.9547 0.4266 0.9547 0.4266 0.9416 0.4474 0.9416 0.4232 0.8196 0.4430 0.8196 0.4430 0.8328 0.4232 0.8328 0.4989 0.7900 0.4989 0.8293 0.4858 0.8293 0.4858 0.7900 0.2903 0.9542 0.3296 0.9542 0.3296 0.9674 0.2903 0.9674 0.4857 0.8703 0.4857 0.8310 0.4989 0.8310 0.4989 0.8703 0.2850 0.9694 0.3243 0.9694 0.3243 0.9826 0.2850 0.9826 0.3391 0.9298 0.3391 0.9494 0.3260 0.9494 0.3260 0.9298 0.3949 0.8855 0.3741 0.8855 0.3741 0.8724 0.3949 0.8724 0.2735 0.9494 0.2735 0.9298 0.2867 0.9298 0.2867 0.9494 0.3741 0.8199 0.3949 0.8199 0.3949 0.8331 0.3741 0.8331 0.4654 0.9257 0.4654 0.9650 0.4522 0.9650 0.4522 0.9257 0.4631 0.8862 0.4631 0.9255 0.4500 0.9255 0.4500 0.8862 0.3654 0.9824 0.3261 0.9824 0.3261 0.9692 0.3654 0.9692 0.3987 0.7512 0.4197 0.7512 0.4197 0.7644 0.3987 0.7644 0.3306 0.9843 0.3699 0.9843 0.3699 0.9974 0.3306 0.9974 0.4442 0.8167 0.4232 0.8167 0.4232 0.8035 0.4442 0.8035 0.4218 0.9123 0.4218 0.9331 0.4086 0.9331 0.4086 0.9123 0.3762 0.8951 0.4155 0.8951 0.4155 0.9082 0.3762 0.9082 0.4232 0.7511 0.4442 0.7511 0.4442 0.7642 0.4232 0.7642 0.3562 0.9331 0.3562 0.9123 0.3693 0.9123 0.3693 0.9331 0.4066 0.9754 0.3673 0.9754 0.3673 0.9623 0.4066 0.9623 0.4080 0.9600 0.4473 0.9600 0.4473 0.9732 0.4080 0.9732 0.4104 0.9953 0.3711 0.9953 0.3711 0.9822 0.4104 0.9822 0.4988 0.8712 0.4988 0.9105 0.4856 0.9105 0.4856 0.8712 0.4945 0.9551 0.4945 0.9944 0.4813 0.9944 0.4813 0.9551 0.4197 0.8168 0.3987 0.8168 0.3987 0.8037 0.4197 0.8037 0.4118 0.9364 0.4118 0.9560 0.3987 0.9560 0.3987 0.9364 0.4466 0.8202 0.4663 0.8202 0.4663 0.8334 0.4466 0.8334 0.3462 0.9560 0.3462 0.9364 0.3594 0.9364 0.3594 0.9560 0.4663 0.8858 0.4466 0.8858 0.4466 0.8727 0.4663 0.8727 0.2511 0.9545 0.2904 0.9545 0.2904 0.9677 0.2511 0.9677 0.2640 0.9117 0.2640 0.9510 0.2509 0.9510 0.2509 0.9117 0.4376 0.9779 0.4769 0.9779 0.4769 0.9910 0.4376 0.9910 0.4183 0.8882 0.3973 0.8882 0.3973 0.8751 0.4183 0.8751 0.4828 0.8304 0.4828 0.8697 0.4697 0.8697 0.4697 0.8304 " />
						</IndexedFaceSet>
					</Shape>
				</Group>
			</Transform>
		</Transform>
		<Transform DEF="estanteria-lateral_TRANSFORM"
		           translation="1.000000 0.000000 -2.000000"
		           scale="1.000000 1.000000 1.000000"
		           rotation="0.000000 0.707107 0.707107 3.141593"
		           >
			<Transform DEF="estanteria-lateral_ifs_TRANSFORM"
			           translation="0.000000 0.000000 0.000000"
			           scale="1.000000 1.000000 1.000000"
			           rotation="0.000000 1.000000 0.000000 0.000000"
			           >
				<Group DEF="group_ME_estanteria-lateral">
					<Shape>
						<Appearance>
							<Material USE="MA_hiper-atlas" />
						</Appearance>
						<IndexedFaceSet solid="false"
						                creaseAngle="4.0000"
						                texCoordIndex="0 1 2 3 -1 4 5 6 7 -1 8 9 10 11 -1 12 13 14 15 -1 16 17 18 19 -1 20 21 22 23 -1 24 25 26 27 -1 28 29 30 31 -1 32 33 34 35 -1 36 37 38 39 -1 40 41 42 43 -1 44 45 46 47 -1 48 49 50 51 -1 52 53 54 55 -1 56 57 58 59 -1 60 61 62 63 -1 64 65 66 67 -1 68 69 70 71 -1 72 73 74 75 -1 76 77 78 79 -1 80 81 82 83 -1 84 85 86 87 -1 88 89 90 91 -1 92 93 94 95 -1 96 97 98 99 -1 100 101 102 103 -1 104 105 106 107 -1 108 109 110 111 -1 112 113 114 115 -1 116 117 118 119 -1 120 121 122 123 -1 124 125 126 127 -1 128 129 130 131 -1 132 133 134 135 -1 136 137 138 139 -1 140 141 142 143 -1 144 145 146 147 -1 148 149 150 151 -1 152 153 154 155 -1 156 157 158 159 -1 160 161 162 163 -1 164 165 166 167 -1 168 169 170 171 -1 172 173 174 175 -1 176 177 178 179 -1 180 181 182 183 -1 184 185 186 187 -1 188 189 190 191 -1 192 193 194 195 -1 196 197 198 199 -1 200 201 202 203 -1 204 205 206 207 -1 208 209 210 211 -1 212 213 214 215 -1 216 217 218 219 -1 220 221 222 223 -1 224 225 226 227 -1 228 229 230 231 -1 232 233 234 235 -1 236 237 238 239 -1 240 241 242 243 -1 244 245 246 247 -1 248 249 250 251 -1 252 253 254 255 -1 256 257 258 259 -1 260 261 262 263 -1 264 265 266 267 -1 268 269 270 271 -1 272 273 274 275 -1 276 277 278 279 -1 280 281 282 283 -1 284 285 286 287 -1 288 289 290 291 -1 292 293 294 295 -1 296 297 298 299 -1 300 301 302 303 -1 304 305 306 307 -1 308 309 310 311 -1 312 313 314 315 -1 316 317 318 319 -1 320 321 322 323 -1 324 325 326 327 -1 328 329 330 331 -1 332 333 334 335 -1 336 337 338 339 -1 340 341 342 343 -1 344 345 346 347 -1 "
						                coordIndex="36 37 2 0 -1 37 38 4 2 -1 38 39 6 4 -1 39 40 8 6 -1 40 41 10 8 -1 41 42 12 10 -1 42 43 14 12 -1 43 44 16 14 -1 44 45 18 16 -1 45 46 20 18 -1 46 47 22 20 -1 47 48 24 22 -1 48 49 26 24 -1 49 50 28 26 -1 50 51 30 28 -1 51 52 32 30 -1 52 53 34 32 -1 33 35 53 52 -1 31 33 52 51 -1 29 31 51 50 -1 27 29 50 49 -1 25 27 49 48 -1 23 25 48 47 -1 21 23 47 46 -1 19 21 46 45 -1 17 19 45 44 -1 15 17 44 43 -1 13 15 43 42 -1 11 13 42 41 -1 9 11 41 40 -1 7 9 40 39 -1 5 7 39 38 -1 3 5 38 37 -1 1 3 37 36 -1 94 95 56 54 -1 95 96 58 56 -1 96 97 60 58 -1 97 98 62 60 -1 98 99 64 62 -1 99 100 66 64 -1 100 101 68 66 -1 101 102 70 68 -1 102 103 72 70 -1 103 104 74 72 -1 104 105 76 74 -1 106 107 80 78 -1 107 108 82 80 -1 108 109 84 82 -1 109 110 86 84 -1 110 111 88 86 -1 111 112 90 88 -1 105 106 78 76 -1 112 113 92 90 -1 91 93 113 112 -1 77 79 106 105 -1 89 91 112 111 -1 87 89 111 110 -1 85 87 110 109 -1 83 85 109 108 -1 81 83 108 107 -1 79 81 107 106 -1 75 77 105 104 -1 73 75 104 103 -1 71 73 103 102 -1 69 71 102 101 -1 67 69 101 100 -1 65 67 100 99 -1 63 65 99 98 -1 61 63 98 97 -1 59 61 97 96 -1 57 59 96 95 -1 55 57 95 94 -1 114 115 117 116 -1 120 121 119 118 -1 121 117 115 119 -1 122 123 125 124 -1 128 129 127 126 -1 129 125 123 127 -1 130 131 133 132 -1 136 137 135 134 -1 137 133 131 135 -1 138 139 141 140 -1 144 145 143 142 -1 145 141 139 143 -1 146 147 149 148 -1 152 153 151 150 -1 153 149 147 151 -1 "
						                >
							<Coordinate DEF="coords_ME_estanteria-lateral"
							            point="0.716514 0.382012 -0.004000 0.716514 0.382012 2.596000 0.705519 0.385137 -0.004000 0.705519 0.385137 2.596000 0.704763 0.385794 -0.004000 0.704763 0.385794 2.596000 0.704497 0.386513 -0.004000 0.704497 0.386513 2.596000 0.704486 0.388124 -0.004000 0.704486 0.388124 2.596000 0.705200 0.432825 -0.004000 0.705200 0.432825 2.596000 0.705770 0.435365 -0.004000 0.705770 0.435365 2.596000 0.706518 0.436263 -0.004000 0.706518 0.436263 2.596000 0.708552 0.436229 -0.004000 0.708552 0.436229 2.596000 0.775012 0.435621 -0.004000 0.775012 0.435621 2.596000 0.777036 0.435587 -0.004000 0.777036 0.435587 2.596000 0.777807 0.434600 -0.004000 0.777807 0.434600 2.596000 0.778457 0.431913 -0.004000 0.778457 0.431913 2.596000 0.780444 0.383818 -0.004000 0.780444 0.383818 2.596000 0.779994 0.383156 -0.004000 0.779994 0.383156 2.596000 0.778822 0.382600 -0.004000 0.778822 0.382600 2.596000 0.761078 0.380860 -0.004000 0.761078 0.380860 2.596000 0.761121 0.380856 -0.004000 0.761121 0.380856 2.596000 0.716514 0.382012 1.296000 0.705519 0.385137 1.296000 0.704763 0.385794 1.296000 0.704497 0.386513 1.296000 0.704486 0.388124 1.296000 0.705200 0.432825 1.296000 0.705770 0.435365 1.296000 0.706518 0.436263 1.296000 0.708552 0.436229 1.296000 0.775012 0.435621 1.296000 0.777036 0.435587 1.296000 0.777807 0.434600 1.296000 0.778457 0.431913 1.296000 0.780444 0.383818 1.296000 0.779994 0.383156 1.296000 0.778822 0.382600 1.296000 0.761078 0.380860 1.296000 0.761121 0.380856 1.296000 0.716514 -0.400329 -0.004000 0.716514 -0.400329 2.596000 0.716740 -0.400360 -0.004000 0.716740 -0.400360 2.596000 0.705519 -0.403455 -0.004000 0.705519 -0.403455 2.596000 0.704763 -0.404111 -0.004000 0.704763 -0.404111 2.596000 0.704497 -0.404830 -0.004000 0.704497 -0.404830 2.596000 0.704486 -0.406441 -0.004000 0.704486 -0.406441 2.596000 0.705200 -0.451142 -0.004000 0.705200 -0.451142 2.596000 0.705770 -0.453682 -0.004000 0.705770 -0.453682 2.596000 0.706518 -0.454580 -0.004000 0.706518 -0.454580 2.596000 0.708552 -0.454546 -0.004000 0.708552 -0.454546 2.596000 0.770888 -0.453985 -0.004000 0.770888 -0.453985 2.596000 0.775012 -0.453938 -0.004000 0.775012 -0.453938 2.596000 0.777807 -0.452917 -0.004000 0.777807 -0.452917 2.596000 0.778457 -0.450230 -0.004000 0.778457 -0.450230 2.596000 0.780472 -0.403755 -0.004000 0.780472 -0.403755 2.596000 0.780444 -0.402135 -0.004000 0.780444 -0.402135 2.596000 0.779994 -0.401473 -0.004000 0.779994 -0.401473 2.596000 0.778822 -0.400918 -0.004000 0.778822 -0.400918 2.596000 0.761078 -0.399177 -0.004000 0.761078 -0.399177 2.596000 0.761121 -0.399173 -0.004000 0.761121 -0.399173 2.596000 0.716514 -0.400329 1.296000 0.716740 -0.400360 1.296000 0.705519 -0.403455 1.296000 0.704763 -0.404111 1.296000 0.704497 -0.404830 1.296000 0.704486 -0.406441 1.296000 0.705200 -0.451142 1.296000 0.705770 -0.453682 1.296000 0.706518 -0.454580 1.296000 0.708552 -0.454546 1.296000 0.770888 -0.453985 1.296000 0.775012 -0.453938 1.296000 0.777807 -0.452917 1.296000 0.778457 -0.450230 1.296000 0.780472 -0.403755 1.296000 0.780444 -0.402135 1.296000 0.779994 -0.401473 1.296000 0.778822 -0.400918 1.296000 0.761078 -0.399177 1.296000 0.761121 -0.399173 1.296000 0.712300 -0.414001 2.552427 0.712300 -0.414001 2.582888 0.712300 0.408261 2.552427 0.712300 0.408261 2.582888 0.767700 -0.414001 2.552427 0.767700 -0.414001 2.582888 0.767700 0.408261 2.552427 0.767700 0.408261 2.582888 0.712300 -0.414001 2.082427 0.712300 -0.414001 2.112888 0.712300 0.408261 2.082427 0.712300 0.408261 2.112888 0.767700 -0.414001 2.082427 0.767700 -0.414001 2.112888 0.767700 0.408261 2.082427 0.767700 0.408261 2.112888 0.712300 -0.414001 1.982427 0.712300 -0.414001 2.012888 0.712300 0.408261 1.382427 0.712300 0.408261 1.412888 0.767700 -0.414001 1.982427 0.767700 -0.414001 2.012888 0.767700 0.408261 1.382427 0.767700 0.408261 1.412888 0.712300 -0.414001 0.702427 0.712300 -0.414001 0.732888 0.712300 0.408261 1.262427 0.712300 0.408261 1.292888 0.767700 -0.414001 0.702427 0.767700 -0.414001 0.732888 0.767700 0.408261 1.262427 0.767700 0.408261 1.292888 0.712300 -0.414001 0.612427 0.712300 -0.414001 0.642888 0.712300 0.408261 0.036282 0.712300 0.408261 0.066744 0.767700 -0.414001 0.612427 0.767700 -0.414001 0.642888 0.767700 0.408261 0.036282 0.767700 0.408261 0.066744 "
							            />
							<TextureCoordinate point="0.0484 0.5000 0.0490 0.5000 0.0490 0.6146 0.0484 0.6145 0.0490 0.5000 0.0496 0.5001 0.0496 0.6146 0.0490 0.6146 0.0496 0.5001 0.0502 0.5001 0.0502 0.6146 0.0496 0.6146 0.0502 0.5001 0.0508 0.5001 0.0508 0.6147 0.0502 0.6146 0.0508 0.5001 0.0521 0.5001 0.0521 0.6147 0.0508 0.6147 0.0521 0.5001 0.0527 0.5002 0.0527 0.6147 0.0521 0.6147 0.0527 0.5002 0.0533 0.5002 0.0533 0.6147 0.0527 0.6147 0.0533 0.5002 0.0539 0.5002 0.0539 0.6148 0.0533 0.6147 0.0538 0.5002 0.0598 0.5002 0.0598 0.6148 0.0538 0.6148 0.0600 0.5002 0.0605 0.5003 0.0605 0.6148 0.0600 0.6148 0.0605 0.5003 0.0610 0.5003 0.0610 0.6148 0.0605 0.6148 0.0610 0.5003 0.0615 0.5003 0.0615 0.6148 0.0610 0.6148 0.0615 0.5003 0.0626 0.5003 0.0626 0.6148 0.0615 0.6148 0.0626 0.5003 0.0632 0.5004 0.0632 0.6149 0.0626 0.6148 0.0632 0.5004 0.0637 0.5004 0.0637 0.6149 0.0632 0.6149 0.0637 0.5004 0.0642 0.5004 0.0642 0.6149 0.0637 0.6149 0.0642 0.5004 0.0647 0.5004 0.0647 0.6149 0.0642 0.6149 0.0642 0.5004 0.0647 0.5004 0.0647 0.6149 0.0642 0.6149 0.0637 0.5004 0.0642 0.5004 0.0642 0.6149 0.0637 0.6149 0.0632 0.5003 0.0637 0.5004 0.0637 0.6149 0.0632 0.6149 0.0626 0.5003 0.0632 0.5003 0.0632 0.6149 0.0626 0.6148 0.0615 0.5003 0.0626 0.5003 0.0626 0.6148 0.0615 0.6148 0.0610 0.5003 0.0615 0.5003 0.0615 0.6148 0.0610 0.6148 0.0605 0.5002 0.0610 0.5003 0.0610 0.6148 0.0605 0.6148 0.0600 0.5002 0.0605 0.5002 0.0605 0.6148 0.0600 0.6147 0.0538 0.5002 0.0598 0.5002 0.0598 0.6147 0.0538 0.6147 0.0533 0.5002 0.0539 0.5002 0.0539 0.6147 0.0533 0.6147 0.0527 0.5001 0.0533 0.5002 0.0533 0.6147 0.0527 0.6147 0.0521 0.5001 0.0527 0.5001 0.0527 0.6147 0.0521 0.6146 0.0508 0.5001 0.0521 0.5001 0.0521 0.6146 0.0508 0.6146 0.0502 0.5001 0.0508 0.5001 0.0508 0.6146 0.0502 0.6146 0.0496 0.5001 0.0502 0.5001 0.0502 0.6146 0.0496 0.6146 0.0490 0.5000 0.0496 0.5001 0.0496 0.6146 0.0490 0.6145 0.0484 0.5000 0.0490 0.5000 0.0490 0.6145 0.0484 0.6145 0.0642 0.6133 0.0638 0.6133 0.0638 0.5009 0.0642 0.5009 0.0638 0.6133 0.0634 0.6133 0.0634 0.5008 0.0638 0.5009 0.0634 0.6133 0.0630 0.6132 0.0630 0.5008 0.0634 0.5008 0.0630 0.6132 0.0626 0.6132 0.0626 0.5008 0.0630 0.5008 0.0626 0.6132 0.0622 0.6132 0.0622 0.5007 0.0626 0.5008 0.0622 0.6132 0.0615 0.6132 0.0615 0.5007 0.0622 0.5007 0.0615 0.6132 0.0611 0.6132 0.0611 0.5007 0.0615 0.5007 0.0611 0.6132 0.0607 0.6131 0.0607 0.5007 0.0611 0.5007 0.0607 0.6131 0.0603 0.6131 0.0603 0.5006 0.0607 0.5007 0.0601 0.6131 0.0532 0.6131 0.0532 0.5006 0.0601 0.5006 0.0532 0.6132 0.0528 0.6132 0.0528 0.5007 0.0532 0.5008 0.0523 0.6132 0.0519 0.6131 0.0519 0.5007 0.0523 0.5007 0.0519 0.6131 0.0511 0.6131 0.0511 0.5007 0.0519 0.5007 0.0511 0.6131 0.0507 0.6131 0.0507 0.5007 0.0511 0.5007 0.0507 0.6131 0.0503 0.6131 0.0503 0.5006 0.0507 0.5007 0.0503 0.6131 0.0498 0.6130 0.0498 0.5006 0.0503 0.5006 0.0498 0.6130 0.0494 0.6130 0.0494 0.5006 0.0498 0.5006 0.0528 0.6132 0.0523 0.6132 0.0523 0.5007 0.0528 0.5007 0.0494 0.6130 0.0490 0.6130 0.0490 0.5006 0.0494 0.5006 0.1456 0.5916 0.1452 0.5916 0.1452 0.5012 0.1456 0.5012 0.1490 0.5917 0.1486 0.5917 0.1486 0.5013 0.1490 0.5013 0.1460 0.5916 0.1456 0.5916 0.1456 0.5012 0.1460 0.5012 0.1464 0.5916 0.1460 0.5916 0.1460 0.5012 0.1464 0.5012 0.1469 0.5916 0.1464 0.5916 0.1464 0.5012 0.1469 0.5013 0.1473 0.5917 0.1469 0.5916 0.1469 0.5013 0.1473 0.5013 0.1482 0.5917 0.1473 0.5917 0.1473 0.5013 0.1482 0.5013 0.1486 0.5917 0.1482 0.5917 0.1482 0.5013 0.1486 0.5013 0.1494 0.5917 0.1490 0.5917 0.1490 0.5013 0.1494 0.5013 0.1562 0.5916 0.1495 0.5916 0.1495 0.5012 0.1562 0.5012 0.1566 0.5917 0.1563 0.5917 0.1563 0.5013 0.1566 0.5013 0.1569 0.5917 0.1566 0.5917 0.1566 0.5013 0.1569 0.5013 0.1573 0.5917 0.1569 0.5917 0.1569 0.5013 0.1573 0.5013 0.1579 0.5917 0.1573 0.5917 0.1573 0.5013 0.1579 0.5013 0.1582 0.5918 0.1579 0.5917 0.1579 0.5013 0.1582 0.5014 0.1586 0.5918 0.1582 0.5918 0.1582 0.5014 0.1586 0.5014 0.1589 0.5918 0.1586 0.5918 0.1586 0.5014 0.1589 0.5014 0.1592 0.5918 0.1589 0.5918 0.1589 0.5014 0.1592 0.5014 0.1596 0.5919 0.1592 0.5918 0.1592 0.5014 0.1596 0.5015 0.0051 0.6347 0.0070 0.6347 0.0070 0.6858 0.0051 0.6858 0.0122 0.6858 0.0104 0.6858 0.0104 0.6347 0.0122 0.6347 0.0104 0.6858 0.0070 0.6858 0.0070 0.6347 0.0104 0.6347 0.1648 0.6387 0.1668 0.6387 0.1668 0.6912 0.1648 0.6912 0.1721 0.6912 0.1702 0.6912 0.1702 0.6387 0.1721 0.6387 0.1702 0.6912 0.1668 0.6912 0.1668 0.6387 0.1702 0.6387 0.2198 0.5810 0.2215 0.5797 0.2215 0.6517 0.2198 0.6531 0.2273 0.6531 0.2255 0.6517 0.2255 0.5797 0.2273 0.5810 0.2255 0.6517 0.2215 0.6517 0.2215 0.5797 0.2255 0.5797 0.2012 0.5894 0.2029 0.5905 0.2029 0.6540 0.2012 0.6528 0.2080 0.6528 0.2064 0.6540 0.2064 0.5905 0.2080 0.5894 0.2064 0.6540 0.2029 0.6540 0.2029 0.5905 0.2064 0.5905 0.2202 0.5903 0.2217 0.5893 0.2217 0.6494 0.2202 0.6505 0.2265 0.6505 0.2250 0.6494 0.2250 0.5893 0.2265 0.5903 0.2250 0.6494 0.2217 0.6494 0.2217 0.5893 0.2250 0.5893 " />
						</IndexedFaceSet>
					</Shape>
				</Group>
			</Transform>
		</Transform>
		<Transform DEF="estanteria-lateral_001_TRANSFORM"
		           translation="1.000000 0.000000 -2.000000"
		           scale="-1.000000 -1.000000 -1.000000"
		           rotation="-0.000000 -0.707107 0.707107 3.141593"
		           >
			<Transform DEF="estanteria-lateral_001_ifs_TRANSFORM"
			           translation="0.000000 0.000000 0.000000"
			           scale="1.000000 1.000000 1.000000"
			           rotation="0.000000 1.000000 0.000000 0.000000"
			           >
				<Group DEF="group_ME_estanteria-lateral_001">
					<Shape>
						<Appearance>
							<Material USE="MA_hiper-atlas" />
						</Appearance>
						<IndexedFaceSet solid="false"
						                creaseAngle="4.0000"
						                texCoordIndex="0 1 2 3 -1 4 5 6 7 -1 8 9 10 11 -1 12 13 14 15 -1 16 17 18 19 -1 20 21 22 23 -1 24 25 26 27 -1 28 29 30 31 -1 32 33 34 35 -1 36 37 38 39 -1 40 41 42 43 -1 44 45 46 47 -1 48 49 50 51 -1 52 53 54 55 -1 56 57 58 59 -1 60 61 62 63 -1 64 65 66 67 -1 68 69 70 71 -1 72 73 74 75 -1 76 77 78 79 -1 80 81 82 83 -1 84 85 86 87 -1 88 89 90 91 -1 92 93 94 95 -1 96 97 98 99 -1 100 101 102 103 -1 104 105 106 107 -1 108 109 110 111 -1 112 113 114 115 -1 116 117 118 119 -1 120 121 122 123 -1 124 125 126 127 -1 128 129 130 131 -1 132 133 134 135 -1 136 137 138 139 -1 140 141 142 143 -1 144 145 146 147 -1 148 149 150 151 -1 152 153 154 155 -1 156 157 158 159 -1 160 161 162 163 -1 164 165 166 167 -1 168 169 170 171 -1 172 173 174 175 -1 176 177 178 179 -1 180 181 182 183 -1 184 185 186 187 -1 188 189 190 191 -1 192 193 194 195 -1 196 197 198 199 -1 200 201 202 203 -1 204 205 206 207 -1 208 209 210 211 -1 212 213 214 215 -1 216 217 218 219 -1 220 221 222 223 -1 224 225 226 227 -1 228 229 230 231 -1 232 233 234 235 -1 236 237 238 239 -1 240 241 242 243 -1 244 245 246 247 -1 248 249 250 251 -1 252 253 254 255 -1 256 257 258 259 -1 260 261 262 263 -1 264 265 266 267 -1 268 269 270 271 -1 272 273 274 275 -1 276 277 278 279 -1 280 281 282 283 -1 284 285 286 287 -1 288 289 290 291 -1 292 293 294 295 -1 296 297 298 299 -1 300 301 302 303 -1 304 305 306 307 -1 308 309 310 311 -1 312 313 314 315 -1 316 317 318 319 -1 320 321 322 323 -1 324 325 326 327 -1 328 329 330 331 -1 332 333 334 335 -1 336 337 338 339 -1 340 341 342 343 -1 344 345 346 347 -1 "
						                coordIndex="36 37 2 0 -1 37 38 4 2 -1 38 39 6 4 -1 39 40 8 6 -1 40 41 10 8 -1 41 42 12 10 -1 42 43 14 12 -1 43 44 16 14 -1 44 45 18 16 -1 45 46 20 18 -1 46 47 22 20 -1 47 48 24 22 -1 48 49 26 24 -1 49 50 28 26 -1 50 51 30 28 -1 51 52 32 30 -1 52 53 34 32 -1 33 35 53 52 -1 31 33 52 51 -1 29 31 51 50 -1 27 29 50 49 -1 25 27 49 48 -1 23 25 48 47 -1 21 23 47 46 -1 19 21 46 45 -1 17 19 45 44 -1 15 17 44 43 -1 13 15 43 42 -1 11 13 42 41 -1 9 11 41 40 -1 7 9 40 39 -1 5 7 39 38 -1 3 5 38 37 -1 1 3 37 36 -1 94 95 56 54 -1 95 96 58 56 -1 96 97 60 58 -1 97 98 62 60 -1 98 99 64 62 -1 99 100 66 64 -1 100 101 68 66 -1 101 102 70 68 -1 102 103 72 70 -1 103 104 74 72 -1 104 105 76 74 -1 106 107 80 78 -1 107 108 82 80 -1 108 109 84 82 -1 109 110 86 84 -1 110 111 88 86 -1 111 112 90 88 -1 105 106 78 76 -1 112 113 92 90 -1 91 93 113 112 -1 77 79 106 105 -1 89 91 112 111 -1 87 89 111 110 -1 85 87 110 109 -1 83 85 109 108 -1 81 83 108 107 -1 79 81 107 106 -1 75 77 105 104 -1 73 75 104 103 -1 71 73 103 102 -1 69 71 102 101 -1 67 69 101 100 -1 65 67 100 99 -1 63 65 99 98 -1 61 63 98 97 -1 59 61 97 96 -1 57 59 96 95 -1 55 57 95 94 -1 114 115 117 116 -1 120 121 119 118 -1 121 117 115 119 -1 122 123 125 124 -1 128 129 127 126 -1 129 125 123 127 -1 130 131 133 132 -1 136 137 135 134 -1 137 133 131 135 -1 138 139 141 140 -1 144 145 143 142 -1 145 141 139 143 -1 146 147 149 148 -1 152 153 151 150 -1 153 149 147 151 -1 "
						                >
							<Coordinate DEF="coords_ME_estanteria-lateral_001"
							            point="0.716514 0.382012 -0.004000 0.716514 0.382012 2.596000 0.705519 0.385137 -0.004000 0.705519 0.385137 2.596000 0.704763 0.385794 -0.004000 0.704763 0.385794 2.596000 0.704497 0.386513 -0.004000 0.704497 0.386513 2.596000 0.704486 0.388124 -0.004000 0.704486 0.388124 2.596000 0.705200 0.432825 -0.004000 0.705200 0.432825 2.596000 0.705770 0.435365 -0.004000 0.705770 0.435365 2.596000 0.706518 0.436263 -0.004000 0.706518 0.436263 2.596000 0.708552 0.436229 -0.004000 0.708552 0.436229 2.596000 0.775012 0.435621 -0.004000 0.775012 0.435621 2.596000 0.777036 0.435587 -0.004000 0.777036 0.435587 2.596000 0.777807 0.434600 -0.004000 0.777807 0.434600 2.596000 0.778457 0.431913 -0.004000 0.778457 0.431913 2.596000 0.780444 0.383818 -0.004000 0.780444 0.383818 2.596000 0.779994 0.383156 -0.004000 0.779994 0.383156 2.596000 0.778822 0.382600 -0.004000 0.778822 0.382600 2.596000 0.761078 0.380860 -0.004000 0.761078 0.380860 2.596000 0.761121 0.380856 -0.004000 0.761121 0.380856 2.596000 0.716514 0.382012 1.296000 0.705519 0.385137 1.296000 0.704763 0.385794 1.296000 0.704497 0.386513 1.296000 0.704486 0.388124 1.296000 0.705200 0.432825 1.296000 0.705770 0.435365 1.296000 0.706518 0.436263 1.296000 0.708552 0.436229 1.296000 0.775012 0.435621 1.296000 0.777036 0.435587 1.296000 0.777807 0.434600 1.296000 0.778457 0.431913 1.296000 0.780444 0.383818 1.296000 0.779994 0.383156 1.296000 0.778822 0.382600 1.296000 0.761078 0.380860 1.296000 0.761121 0.380856 1.296000 0.716514 -0.400329 -0.004000 0.716514 -0.400329 2.596000 0.716740 -0.400360 -0.004000 0.716740 -0.400360 2.596000 0.705519 -0.403455 -0.004000 0.705519 -0.403455 2.596000 0.704763 -0.404111 -0.004000 0.704763 -0.404111 2.596000 0.704497 -0.404830 -0.004000 0.704497 -0.404830 2.596000 0.704486 -0.406441 -0.004000 0.704486 -0.406441 2.596000 0.705200 -0.451142 -0.004000 0.705200 -0.451142 2.596000 0.705770 -0.453682 -0.004000 0.705770 -0.453682 2.596000 0.706518 -0.454580 -0.004000 0.706518 -0.454580 2.596000 0.708552 -0.454546 -0.004000 0.708552 -0.454546 2.596000 0.770888 -0.453985 -0.004000 0.770888 -0.453985 2.596000 0.775012 -0.453938 -0.004000 0.775012 -0.453938 2.596000 0.777807 -0.452917 -0.004000 0.777807 -0.452917 2.596000 0.778457 -0.450230 -0.004000 0.778457 -0.450230 2.596000 0.780472 -0.403755 -0.004000 0.780472 -0.403755 2.596000 0.780444 -0.402135 -0.004000 0.780444 -0.402135 2.596000 0.779994 -0.401473 -0.004000 0.779994 -0.401473 2.596000 0.778822 -0.400918 -0.004000 0.778822 -0.400918 2.596000 0.761078 -0.399177 -0.004000 0.761078 -0.399177 2.596000 0.761121 -0.399173 -0.004000 0.761121 -0.399173 2.596000 0.716514 -0.400329 1.296000 0.716740 -0.400360 1.296000 0.705519 -0.403455 1.296000 0.704763 -0.404111 1.296000 0.704497 -0.404830 1.296000 0.704486 -0.406441 1.296000 0.705200 -0.451142 1.296000 0.705770 -0.453682 1.296000 0.706518 -0.454580 1.296000 0.708552 -0.454546 1.296000 0.770888 -0.453985 1.296000 0.775012 -0.453938 1.296000 0.777807 -0.452917 1.296000 0.778457 -0.450230 1.296000 0.780472 -0.403755 1.296000 0.780444 -0.402135 1.296000 0.779994 -0.401473 1.296000 0.778822 -0.400918 1.296000 0.761078 -0.399177 1.296000 0.761121 -0.399173 1.296000 0.712300 -0.414001 2.552427 0.712300 -0.414001 2.582888 0.712300 0.408261 2.552427 0.712300 0.408261 2.582888 0.767700 -0.414001 2.552427 0.767700 -0.414001 2.582888 0.767700 0.408261 2.552427 0.767700 0.408261 2.582888 0.712300 -0.414001 2.082427 0.712300 -0.414001 2.112888 0.712300 0.408261 2.082427 0.712300 0.408261 2.112888 0.767700 -0.414001 2.082427 0.767700 -0.414001 2.112888 0.767700 0.408261 2.082427 0.767700 0.408261 2.112888 0.712300 -0.414001 1.982427 0.712300 -0.414001 2.012888 0.712300 0.408261 1.382427 0.712300 0.408261 1.412888 0.767700 -0.414001 1.982427 0.767700 -0.414001 2.012888 0.767700 0.408261 1.382427 0.767700 0.408261 1.412888 0.712300 -0.414001 0.702427 0.712300 -0.414001 0.732888 0.712300 0.408261 1.262427 0.712300 0.408261 1.292888 0.767700 -0.414001 0.702427 0.767700 -0.414001 0.732888 0.767700 0.408261 1.262427 0.767700 0.408261 1.292888 0.712300 -0.414001 0.612427 0.712300 -0.414001 0.642888 0.712300 0.408261 0.036282 0.712300 0.408261 0.066744 0.767700 -0.414001 0.612427 0.767700 -0.414001 0.642888 0.767700 0.408261 0.036282 0.767700 0.408261 0.066744 "
							            />
							<TextureCoordinate point="0.0484 0.5000 0.0490 0.5000 0.0490 0.6146 0.0484 0.6145 0.0490 0.5000 0.0496 0.5001 0.0496 0.6146 0.0490 0.6146 0.0496 0.5001 0.0502 0.5001 0.0502 0.6146 0.0496 0.6146 0.0502 0.5001 0.0508 0.5001 0.0508 0.6147 0.0502 0.6146 0.0508 0.5001 0.0521 0.5001 0.0521 0.6147 0.0508 0.6147 0.0521 0.5001 0.0527 0.5002 0.0527 0.6147 0.0521 0.6147 0.0527 0.5002 0.0533 0.5002 0.0533 0.6147 0.0527 0.6147 0.0533 0.5002 0.0539 0.5002 0.0539 0.6148 0.0533 0.6147 0.0538 0.5002 0.0598 0.5002 0.0598 0.6148 0.0538 0.6148 0.0600 0.5002 0.0605 0.5003 0.0605 0.6148 0.0600 0.6148 0.0605 0.5003 0.0610 0.5003 0.0610 0.6148 0.0605 0.6148 0.0610 0.5003 0.0615 0.5003 0.0615 0.6148 0.0610 0.6148 0.0615 0.5003 0.0626 0.5003 0.0626 0.6148 0.0615 0.6148 0.0626 0.5003 0.0632 0.5004 0.0632 0.6149 0.0626 0.6148 0.0632 0.5004 0.0637 0.5004 0.0637 0.6149 0.0632 0.6149 0.0637 0.5004 0.0642 0.5004 0.0642 0.6149 0.0637 0.6149 0.0642 0.5004 0.0647 0.5004 0.0647 0.6149 0.0642 0.6149 0.0642 0.5004 0.0647 0.5004 0.0647 0.6149 0.0642 0.6149 0.0637 0.5004 0.0642 0.5004 0.0642 0.6149 0.0637 0.6149 0.0632 0.5003 0.0637 0.5004 0.0637 0.6149 0.0632 0.6149 0.0626 0.5003 0.0632 0.5003 0.0632 0.6149 0.0626 0.6148 0.0615 0.5003 0.0626 0.5003 0.0626 0.6148 0.0615 0.6148 0.0610 0.5003 0.0615 0.5003 0.0615 0.6148 0.0610 0.6148 0.0605 0.5002 0.0610 0.5003 0.0610 0.6148 0.0605 0.6148 0.0600 0.5002 0.0605 0.5002 0.0605 0.6148 0.0600 0.6147 0.0538 0.5002 0.0598 0.5002 0.0598 0.6147 0.0538 0.6147 0.0533 0.5002 0.0539 0.5002 0.0539 0.6147 0.0533 0.6147 0.0527 0.5001 0.0533 0.5002 0.0533 0.6147 0.0527 0.6147 0.0521 0.5001 0.0527 0.5001 0.0527 0.6147 0.0521 0.6146 0.0508 0.5001 0.0521 0.5001 0.0521 0.6146 0.0508 0.6146 0.0502 0.5001 0.0508 0.5001 0.0508 0.6146 0.0502 0.6146 0.0496 0.5001 0.0502 0.5001 0.0502 0.6146 0.0496 0.6146 0.0490 0.5000 0.0496 0.5001 0.0496 0.6146 0.0490 0.6145 0.0484 0.5000 0.0490 0.5000 0.0490 0.6145 0.0484 0.6145 0.0642 0.6133 0.0638 0.6133 0.0638 0.5009 0.0642 0.5009 0.0638 0.6133 0.0634 0.6133 0.0634 0.5008 0.0638 0.5009 0.0634 0.6133 0.0630 0.6132 0.0630 0.5008 0.0634 0.5008 0.0630 0.6132 0.0626 0.6132 0.0626 0.5008 0.0630 0.5008 0.0626 0.6132 0.0622 0.6132 0.0622 0.5007 0.0626 0.5008 0.0622 0.6132 0.0615 0.6132 0.0615 0.5007 0.0622 0.5007 0.0615 0.6132 0.0611 0.6132 0.0611 0.5007 0.0615 0.5007 0.0611 0.6132 0.0607 0.6131 0.0607 0.5007 0.0611 0.5007 0.0607 0.6131 0.0603 0.6131 0.0603 0.5006 0.0607 0.5007 0.0601 0.6131 0.0532 0.6131 0.0532 0.5006 0.0601 0.5006 0.0532 0.6132 0.0528 0.6132 0.0528 0.5007 0.0532 0.5008 0.0523 0.6132 0.0519 0.6131 0.0519 0.5007 0.0523 0.5007 0.0519 0.6131 0.0511 0.6131 0.0511 0.5007 0.0519 0.5007 0.0511 0.6131 0.0507 0.6131 0.0507 0.5007 0.0511 0.5007 0.0507 0.6131 0.0503 0.6131 0.0503 0.5006 0.0507 0.5007 0.0503 0.6131 0.0498 0.6130 0.0498 0.5006 0.0503 0.5006 0.0498 0.6130 0.0494 0.6130 0.0494 0.5006 0.0498 0.5006 0.0528 0.6132 0.0523 0.6132 0.0523 0.5007 0.0528 0.5007 0.0494 0.6130 0.0490 0.6130 0.0490 0.5006 0.0494 0.5006 0.1456 0.5916 0.1452 0.5916 0.1452 0.5012 0.1456 0.5012 0.1490 0.5917 0.1486 0.5917 0.1486 0.5013 0.1490 0.5013 0.1460 0.5916 0.1456 0.5916 0.1456 0.5012 0.1460 0.5012 0.1464 0.5916 0.1460 0.5916 0.1460 0.5012 0.1464 0.5012 0.1469 0.5916 0.1464 0.5916 0.1464 0.5012 0.1469 0.5013 0.1473 0.5917 0.1469 0.5916 0.1469 0.5013 0.1473 0.5013 0.1482 0.5917 0.1473 0.5917 0.1473 0.5013 0.1482 0.5013 0.1486 0.5917 0.1482 0.5917 0.1482 0.5013 0.1486 0.5013 0.1494 0.5917 0.1490 0.5917 0.1490 0.5013 0.1494 0.5013 0.1562 0.5916 0.1495 0.5916 0.1495 0.5012 0.1562 0.5012 0.1566 0.5917 0.1563 0.5917 0.1563 0.5013 0.1566 0.5013 0.1569 0.5917 0.1566 0.5917 0.1566 0.5013 0.1569 0.5013 0.1573 0.5917 0.1569 0.5917 0.1569 0.5013 0.1573 0.5013 0.1579 0.5917 0.1573 0.5917 0.1573 0.5013 0.1579 0.5013 0.1582 0.5918 0.1579 0.5917 0.1579 0.5013 0.1582 0.5014 0.1586 0.5918 0.1582 0.5918 0.1582 0.5014 0.1586 0.5014 0.1589 0.5918 0.1586 0.5918 0.1586 0.5014 0.1589 0.5014 0.1592 0.5918 0.1589 0.5918 0.1589 0.5014 0.1592 0.5014 0.1596 0.5919 0.1592 0.5918 0.1592 0.5014 0.1596 0.5015 0.0051 0.6347 0.0070 0.6347 0.0070 0.6858 0.0051 0.6858 0.0122 0.6858 0.0104 0.6858 0.0104 0.6347 0.0122 0.6347 0.0104 0.6858 0.0070 0.6858 0.0070 0.6347 0.0104 0.6347 0.1648 0.6387 0.1668 0.6387 0.1668 0.6912 0.1648 0.6912 0.1721 0.6912 0.1702 0.6912 0.1702 0.6387 0.1721 0.6387 0.1702 0.6912 0.1668 0.6912 0.1668 0.6387 0.1702 0.6387 0.2198 0.5810 0.2215 0.5797 0.2215 0.6517 0.2198 0.6531 0.2273 0.6531 0.2255 0.6517 0.2255 0.5797 0.2273 0.5810 0.2255 0.6517 0.2215 0.6517 0.2215 0.5797 0.2255 0.5797 0.2012 0.5894 0.2029 0.5905 0.2029 0.6540 0.2012 0.6528 0.2080 0.6528 0.2064 0.6540 0.2064 0.5905 0.2080 0.5894 0.2064 0.6540 0.2029 0.6540 0.2029 0.5905 0.2064 0.5905 0.2202 0.5903 0.2217 0.5893 0.2217 0.6494 0.2202 0.6505 0.2265 0.6505 0.2250 0.6494 0.2250 0.5893 0.2265 0.5903 0.2250 0.6494 0.2217 0.6494 0.2217 0.5893 0.2250 0.5893 " />
						</IndexedFaceSet>
					</Shape>
				</Group>
			</Transform>
		</Transform>
		<Transform DEF="estanteria-metal_TRANSFORM"
		           translation="-1.000000 0.000000 -2.000000"
		           scale="1.000000 1.000000 1.000000"
		           rotation="0.000000 0.707107 0.707107 3.141593"
		           >
			<Transform DEF="estanteria-metal_ifs_TRANSFORM"
			           translation="0.000000 0.000000 0.000000"
			           scale="1.000000 1.000000 1.000000"
			           rotation="0.000000 1.000000 0.000000 0.000000"
			           >
				<Group DEF="group_ME_estanteria-metal">
					<Shape>
						<Appearance>
							<Material USE="MA_hiper-atlas" />
						</Appearance>
						<IndexedFaceSet solid="false"
						                texCoordIndex="0 1 2 3 -1 4 5 6 7 -1 8 9 10 11 -1 12 13 14 15 -1 16 17 18 19 -1 20 21 22 23 -1 24 25 26 27 -1 28 29 30 31 -1 32 33 34 35 -1 36 37 38 39 -1 40 41 42 43 -1 44 45 46 47 -1 48 49 50 51 -1 52 53 54 55 -1 56 57 58 59 -1 60 61 62 63 -1 64 65 66 67 -1 68 69 70 71 -1 72 73 74 75 -1 76 77 78 79 -1 80 81 82 83 -1 84 85 86 87 -1 88 89 90 91 -1 92 93 94 95 -1 96 97 98 99 -1 100 101 102 103 -1 104 105 106 107 -1 108 109 110 111 -1 112 113 114 115 -1 116 117 118 119 -1 120 121 122 123 -1 124 125 126 127 -1 128 129 130 131 -1 132 133 134 135 -1 136 137 138 139 -1 140 141 142 143 -1 144 145 146 147 -1 148 149 150 151 -1 152 153 154 155 -1 156 157 158 159 -1 160 161 162 163 -1 164 165 166 167 -1 168 169 170 171 -1 172 173 174 175 -1 176 177 178 179 -1 180 181 182 183 -1 184 185 186 187 -1 188 189 190 191 -1 192 193 194 195 -1 196 197 198 199 -1 200 201 202 203 -1 204 205 206 207 -1 208 209 210 211 -1 212 213 214 215 -1 216 217 218 219 -1 220 221 222 223 -1 224 225 226 227 -1 228 229 230 231 -1 232 233 234 235 -1 236 237 238 239 -1 240 241 242 243 -1 244 245 246 247 -1 248 249 250 251 -1 252 253 254 255 -1 256 257 258 259 -1 260 261 262 263 -1 264 265 266 267 -1 268 269 270 271 -1 272 273 274 275 -1 276 277 278 279 -1 280 281 282 283 -1 284 285 286 287 -1 288 289 290 291 -1 292 293 294 295 -1 296 297 298 299 -1 300 301 302 303 -1 304 305 306 307 -1 308 309 310 311 -1 312 313 314 315 -1 316 317 318 319 -1 320 321 322 323 -1 324 325 326 327 -1 328 329 330 331 -1 332 333 334 335 -1 336 337 338 339 -1 340 341 342 343 -1 344 345 346 347 -1 348 349 350 351 -1 352 353 354 355 -1 356 357 358 359 -1 360 361 362 363 -1 364 365 366 367 -1 368 369 370 371 -1 372 373 374 375 -1 376 377 378 379 -1 380 381 382 383 -1 384 385 386 387 -1 388 389 390 391 -1 392 393 394 395 -1 396 397 398 399 -1 400 401 402 403 -1 404 405 406 407 -1 408 409 410 411 -1 412 413 414 415 -1 416 417 418 419 -1 420 421 422 423 -1 424 425 426 427 -1 428 429 430 431 -1 432 433 434 435 -1 436 437 438 439 -1 440 441 442 443 -1 444 445 446 447 -1 448 449 450 451 -1 452 453 454 455 -1 456 457 458 459 -1 460 461 462 463 -1 464 465 466 467 -1 468 469 470 471 -1 472 473 474 475 -1 476 477 478 479 -1 "
						                coordIndex="27 4 37 36 -1 4 6 38 37 -1 6 25 39 38 -1 35 25 41 40 -1 25 6 42 41 -1 6 15 43 42 -1 15 35 40 43 -1 15 6 45 44 -1 6 4 46 45 -1 4 20 47 46 -1 20 15 44 47 -1 8 0 49 48 -1 0 2 50 49 -1 2 16 51 50 -1 16 8 48 51 -1 31 27 53 52 -1 27 0 54 53 -1 0 8 55 54 -1 8 31 52 55 -1 24 28 57 56 -1 28 11 58 57 -1 11 1 59 58 -1 28 29 61 60 -1 29 10 62 61 -1 10 11 63 62 -1 11 28 60 63 -1 29 30 65 64 -1 30 9 66 65 -1 9 10 67 66 -1 10 29 64 67 -1 30 31 69 68 -1 31 8 70 69 -1 8 9 71 70 -1 9 30 68 71 -1 1 11 73 72 -1 11 19 74 73 -1 19 3 75 74 -1 11 10 77 76 -1 10 18 78 77 -1 18 19 79 78 -1 19 11 76 79 -1 10 9 81 80 -1 9 17 82 81 -1 17 18 83 82 -1 18 10 80 83 -1 9 8 85 84 -1 8 16 86 85 -1 16 17 87 86 -1 17 9 84 87 -1 7 12 89 88 -1 12 23 90 89 -1 23 5 91 90 -1 12 13 93 92 -1 13 22 94 93 -1 22 23 95 94 -1 23 12 92 95 -1 13 14 97 96 -1 14 21 98 97 -1 21 22 99 98 -1 22 13 96 99 -1 14 15 101 100 -1 15 20 102 101 -1 20 21 103 102 -1 21 14 100 103 -1 26 32 105 104 -1 32 12 106 105 -1 12 7 107 106 -1 32 33 109 108 -1 33 13 110 109 -1 13 12 111 110 -1 12 32 108 111 -1 33 34 113 112 -1 34 14 114 113 -1 14 13 115 114 -1 13 33 112 115 -1 34 35 117 116 -1 35 15 118 117 -1 15 14 119 118 -1 14 34 116 119 -1 17 16 121 120 -1 16 35 122 121 -1 35 34 123 122 -1 34 17 120 123 -1 18 17 125 124 -1 17 34 126 125 -1 34 33 127 126 -1 33 18 124 127 -1 19 18 129 128 -1 18 33 130 129 -1 33 32 131 130 -1 32 19 128 131 -1 3 19 133 132 -1 19 32 134 133 -1 32 26 135 134 -1 21 20 137 136 -1 20 31 138 137 -1 31 30 139 138 -1 30 21 136 139 -1 22 21 141 140 -1 21 30 142 141 -1 30 29 143 142 -1 29 22 140 143 -1 23 22 145 144 -1 22 29 146 145 -1 29 28 147 146 -1 28 23 144 147 -1 5 23 149 148 -1 23 28 150 149 -1 28 24 151 150 -1 20 4 153 152 -1 4 27 154 153 -1 27 31 155 154 -1 31 20 152 155 -1 16 2 157 156 -1 2 25 158 157 -1 25 35 159 158 -1 35 16 156 159 -1 0 27 36 160 -1 25 2 161 39 -1 2 0 160 161 -1 "
						                >
							<Coordinate DEF="coords_ME_estanteria-metal"
							            point="1.000000 0.362602 1.800000 1.000000 0.362602 0.000000 1.000000 -0.362602 1.800000 1.000000 -0.362602 0.000000 -1.000000 0.362602 1.800000 -1.000000 0.362602 0.000000 -1.000000 -0.362602 1.800000 -1.000000 -0.362602 0.000000 1.000000 0.362602 1.422000 1.000000 0.362602 1.017499 1.000000 0.362602 0.612998 1.000000 0.362602 0.217397 -1.000000 -0.362602 0.217397 -1.000000 -0.362602 0.612998 -1.000000 -0.362602 1.017499 -1.000000 -0.362602 1.422000 1.000000 -0.362602 1.422000 1.000000 -0.362602 1.017499 1.000000 -0.362602 0.612998 1.000000 -0.362602 0.217397 -1.000000 0.362602 1.422000 -1.000000 0.362602 1.017499 -1.000000 0.362602 0.612998 -1.000000 0.362602 0.217397 0.000000 0.362602 0.000000 0.000000 -0.362602 1.800000 0.000000 -0.362602 0.000000 0.000000 0.362602 1.800000 0.000000 0.362602 0.217397 0.000000 0.362602 0.612998 0.000000 0.362602 1.017499 0.000000 0.362602 1.422000 0.000000 -0.362602 0.217397 0.000000 -0.362602 0.612998 0.000000 -0.362602 1.017499 0.000000 -0.362602 1.422000 0.000000 0.316096 1.800000 -0.953494 0.316096 1.800000 -0.953494 -0.316096 1.800000 0.000000 -0.316096 1.800000 -0.046506 -0.362602 1.468506 -0.046506 -0.362602 1.753494 -0.953494 -0.362602 1.753494 -0.953494 -0.362602 1.468506 -1.000000 -0.316096 1.468506 -1.000000 -0.316096 1.753494 -1.000000 0.316096 1.753494 -1.000000 0.316096 1.468506 1.000000 0.316096 1.468506 1.000000 0.316096 1.753494 1.000000 -0.316096 1.753494 1.000000 -0.316096 1.468506 0.046506 0.362602 1.468506 0.046506 0.362602 1.753494 0.953494 0.362602 1.753494 0.953494 0.362602 1.468506 0.046506 0.362602 0.001257 0.046506 0.362602 0.170891 0.953494 0.362602 0.170891 0.953494 0.362602 0.001257 0.046506 0.362602 0.263903 0.046506 0.362602 0.566492 0.953494 0.362602 0.566492 0.953494 0.362602 0.263903 0.046506 0.362602 0.659504 0.046506 0.362602 0.970993 0.953494 0.362602 0.970993 0.953494 0.362602 0.659504 0.046506 0.362602 1.064005 0.046506 0.362602 1.375494 0.953494 0.362602 1.375494 0.953494 0.362602 1.064005 1.000000 0.316096 0.001257 1.000000 0.316096 0.170891 1.000000 -0.316096 0.170891 1.000000 -0.316096 0.001257 1.000000 0.316096 0.263903 1.000000 0.316096 0.566492 1.000000 -0.316096 0.566492 1.000000 -0.316096 0.263903 1.000000 0.316096 0.659504 1.000000 0.316096 0.970993 1.000000 -0.316096 0.970993 1.000000 -0.316096 0.659504 1.000000 0.316096 1.064005 1.000000 0.316096 1.375494 1.000000 -0.316096 1.375494 1.000000 -0.316096 1.064005 -1.000000 -0.316096 0.001257 -1.000000 -0.316096 0.170891 -1.000000 0.316096 0.170891 -1.000000 0.316096 0.001257 -1.000000 -0.316096 0.263903 -1.000000 -0.316096 0.566492 -1.000000 0.316096 0.566492 -1.000000 0.316096 0.263903 -1.000000 -0.316096 0.659504 -1.000000 -0.316096 0.970993 -1.000000 0.316096 0.970993 -1.000000 0.316096 0.659504 -1.000000 -0.316096 1.064005 -1.000000 -0.316096 1.375494 -1.000000 0.316096 1.375494 -1.000000 0.316096 1.064005 -0.046506 -0.362602 0.001257 -0.046506 -0.362602 0.170891 -0.953494 -0.362602 0.170891 -0.953494 -0.362602 0.001257 -0.046506 -0.362602 0.263903 -0.046506 -0.362602 0.566492 -0.953494 -0.362602 0.566492 -0.953494 -0.362602 0.263903 -0.046506 -0.362602 0.659504 -0.046506 -0.362602 0.970993 -0.953494 -0.362602 0.970993 -0.953494 -0.362602 0.659504 -0.046506 -0.362602 1.064005 -0.046506 -0.362602 1.375494 -0.953494 -0.362602 1.375494 -0.953494 -0.362602 1.064005 0.953494 -0.362602 1.064005 0.953494 -0.362602 1.375494 0.046506 -0.362602 1.375494 0.046506 -0.362602 1.064005 0.953494 -0.362602 0.659504 0.953494 -0.362602 0.970993 0.046506 -0.362602 0.970993 0.046506 -0.362602 0.659504 0.953494 -0.362602 0.263903 0.953494 -0.362602 0.566492 0.046506 -0.362602 0.566492 0.046506 -0.362602 0.263903 0.953494 -0.362602 0.001257 0.953494 -0.362602 0.170891 0.046506 -0.362602 0.170891 0.046506 -0.362602 0.001257 -0.953494 0.362602 1.064005 -0.953494 0.362602 1.375494 -0.046506 0.362602 1.375494 -0.046506 0.362602 1.064005 -0.953494 0.362602 0.659504 -0.953494 0.362602 0.970993 -0.046506 0.362602 0.970993 -0.046506 0.362602 0.659504 -0.953494 0.362602 0.263903 -0.953494 0.362602 0.566492 -0.046506 0.362602 0.566492 -0.046506 0.362602 0.263903 -0.953494 0.362602 0.001257 -0.953494 0.362602 0.170891 -0.046506 0.362602 0.170891 -0.046506 0.362602 0.001257 -0.953494 0.362602 1.468506 -0.953494 0.362602 1.753494 -0.046506 0.362602 1.753494 -0.046506 0.362602 1.468506 0.953494 -0.362602 1.468506 0.953494 -0.362602 1.753494 0.046506 -0.362602 1.753494 0.046506 -0.362602 1.468506 0.953494 0.316096 1.800000 0.953494 -0.316096 1.800000 "
							            />
							<TextureCoordinate point="0.4490 0.7465 0.4490 0.6520 0.4534 0.6564 0.4534 0.7465 0.4383 0.5974 0.4383 0.5073 0.4441 0.5131 0.4441 0.5916 0.4490 0.7465 0.4490 0.6520 0.4534 0.6520 0.4534 0.7421 0.4446 0.5992 0.4446 0.6462 0.4389 0.6404 0.4389 0.6050 0.4490 0.6520 0.4490 0.7465 0.4446 0.7421 0.4446 0.6564 0.4446 0.6462 0.4446 0.5992 0.4504 0.6050 0.4504 0.6404 0.4578 0.6020 0.4578 0.5020 0.4624 0.5066 0.4624 0.5973 0.4446 0.5992 0.4446 0.6462 0.4389 0.6404 0.4389 0.6050 0.4383 0.5073 0.4383 0.5974 0.4325 0.5916 0.4325 0.5131 0.4446 0.6462 0.4446 0.5992 0.4504 0.6050 0.4504 0.6404 0.4383 0.5974 0.4383 0.5073 0.4441 0.5131 0.4441 0.5916 0.4445 0.5994 0.4445 0.6463 0.4387 0.6406 0.4387 0.6052 0.4383 0.5974 0.4383 0.5073 0.4441 0.5131 0.4441 0.5916 0.4446 0.6462 0.4446 0.5992 0.4504 0.6050 0.4504 0.6404 0.4383 0.5073 0.4383 0.5974 0.4325 0.5916 0.4325 0.5131 0.4446 0.5992 0.4446 0.6462 0.4389 0.6404 0.4389 0.6050 0.4490 0.6520 0.4490 0.7465 0.4446 0.7421 0.4446 0.6564 0.4445 0.6463 0.4445 0.5994 0.4503 0.6052 0.4503 0.6406 0.4578 0.5020 0.4578 0.6020 0.4531 0.5973 0.4531 0.5066 0.2558 0.7230 0.2558 0.7500 0.2500 0.7442 0.2500 0.7232 0.4578 0.6020 0.4578 0.5020 0.4624 0.5066 0.4624 0.5973 0.2558 0.7500 0.2558 0.7230 0.2616 0.7232 0.2616 0.7442 0.4446 0.6484 0.4446 0.5992 0.4504 0.6050 0.4504 0.6426 0.4578 0.6020 0.4578 0.5020 0.4624 0.5066 0.4624 0.5973 0.4446 0.5992 0.4446 0.6484 0.4389 0.6426 0.4389 0.6050 0.4578 0.5020 0.4578 0.6020 0.4531 0.5973 0.4531 0.5066 0.4446 0.5992 0.4446 0.6495 0.4389 0.6437 0.4389 0.6050 0.4578 0.5020 0.4578 0.6020 0.4531 0.5973 0.4531 0.5066 0.4446 0.6495 0.4446 0.5992 0.4504 0.6050 0.4504 0.6437 0.4578 0.5020 0.4578 0.6020 0.4531 0.5973 0.4531 0.5066 0.4446 0.5992 0.4446 0.6495 0.4389 0.6437 0.4389 0.6050 0.4578 0.6020 0.4578 0.5020 0.4624 0.5066 0.4624 0.5973 0.4446 0.6495 0.4446 0.5992 0.4504 0.6050 0.4504 0.6437 0.4578 0.6020 0.4578 0.5020 0.4624 0.5066 0.4624 0.5973 0.2558 0.7230 0.2558 0.7500 0.2500 0.7442 0.2500 0.7232 0.4383 0.5073 0.4383 0.5974 0.4325 0.5916 0.4325 0.5131 0.2558 0.7500 0.2558 0.7230 0.2616 0.7232 0.2616 0.7442 0.4446 0.6484 0.4446 0.5992 0.4504 0.6050 0.4504 0.6426 0.4383 0.5974 0.4383 0.5073 0.4441 0.5131 0.4441 0.5916 0.4446 0.6484 0.4446 0.5992 0.4504 0.6050 0.4504 0.6426 0.4383 0.5974 0.4383 0.5073 0.4441 0.5131 0.4441 0.5916 0.4446 0.5992 0.4446 0.6495 0.4389 0.6437 0.4389 0.6050 0.4383 0.5974 0.4383 0.5073 0.4441 0.5131 0.4441 0.5916 0.4446 0.6495 0.4446 0.5992 0.4504 0.6050 0.4504 0.6437 0.4383 0.5073 0.4383 0.5974 0.4325 0.5916 0.4325 0.5131 0.4446 0.5992 0.4446 0.6495 0.4389 0.6437 0.4389 0.6050 0.4383 0.5974 0.4383 0.5073 0.4441 0.5131 0.4441 0.5916 0.4446 0.6495 0.4446 0.5992 0.4504 0.6050 0.4504 0.6437 0.4383 0.5073 0.4383 0.5974 0.4325 0.5916 0.4325 0.5131 0.2558 0.7230 0.2558 0.7500 0.2500 0.7442 0.2500 0.7232 0.4383 0.5073 0.4383 0.5974 0.4325 0.5916 0.4325 0.5131 0.2558 0.7500 0.2558 0.7230 0.2616 0.7232 0.2616 0.7442 0.4446 0.5992 0.4446 0.6484 0.4389 0.6426 0.4389 0.6050 0.4383 0.5073 0.4383 0.5974 0.4325 0.5916 0.4325 0.5131 0.4446 0.6484 0.4446 0.5992 0.4504 0.6050 0.4504 0.6426 0.4383 0.5974 0.4383 0.5073 0.4441 0.5131 0.4441 0.5916 0.4446 0.6495 0.4446 0.5992 0.4504 0.6050 0.4504 0.6437 0.4383 0.5073 0.4383 0.5974 0.4325 0.5916 0.4325 0.5131 0.4446 0.6495 0.4446 0.5992 0.4504 0.6050 0.4504 0.6437 0.4383 0.5974 0.4383 0.5073 0.4441 0.5131 0.4441 0.5916 0.4446 0.5992 0.4446 0.6495 0.4389 0.6437 0.4389 0.6050 0.4383 0.5073 0.4383 0.5974 0.4325 0.5916 0.4325 0.5131 0.4446 0.6495 0.4446 0.5992 0.4504 0.6050 0.4504 0.6437 0.4383 0.5974 0.4383 0.5073 0.4441 0.5131 0.4441 0.5916 0.2558 0.7230 0.2558 0.7500 0.2500 0.7442 0.2500 0.7232 0.4578 0.5020 0.4578 0.6020 0.4531 0.5973 0.4531 0.5066 0.2558 0.7500 0.2558 0.7230 0.2616 0.7232 0.2616 0.7442 0.4446 0.5992 0.4446 0.6484 0.4389 0.6426 0.4389 0.6050 0.4578 0.6020 0.4578 0.5020 0.4624 0.5066 0.4624 0.5973 0.4446 0.6484 0.4446 0.5992 0.4504 0.6050 0.4504 0.6426 0.4578 0.6020 0.4578 0.5020 0.4624 0.5066 0.4624 0.5973 0.4446 0.5992 0.4446 0.6495 0.4389 0.6437 0.4389 0.6050 0.4578 0.6020 0.4578 0.5020 0.4624 0.5066 0.4624 0.5973 0.4446 0.5992 0.4446 0.6495 0.4389 0.6437 0.4389 0.6050 0.4578 0.5020 0.4578 0.6020 0.4531 0.5973 0.4531 0.5066 0.4446 0.5992 0.4446 0.6495 0.4389 0.6437 0.4389 0.6050 0.4578 0.5020 0.4578 0.6020 0.4531 0.5973 0.4531 0.5066 0.4446 0.6495 0.4446 0.5992 0.4504 0.6050 0.4504 0.6437 0.4578 0.5020 0.4578 0.6020 0.4531 0.5973 0.4531 0.5066 0.4446 0.5992 0.4446 0.6495 0.4389 0.6437 0.4389 0.6050 0.4579 0.5021 0.4579 0.6021 0.4533 0.5975 0.4533 0.5068 0.4446 0.6495 0.4446 0.5992 0.4504 0.6050 0.4504 0.6437 0.4578 0.5020 0.4578 0.6020 0.4531 0.5973 0.4531 0.5066 0.4446 0.5992 0.4446 0.6495 0.4389 0.6437 0.4389 0.6050 0.4578 0.6020 0.4578 0.5020 0.4624 0.5066 0.4624 0.5973 0.4446 0.6495 0.4446 0.5992 0.4504 0.6050 0.4504 0.6437 0.4578 0.6020 0.4578 0.5020 0.4624 0.5066 0.4624 0.5973 0.4446 0.5992 0.4446 0.6484 0.4389 0.6426 0.4389 0.6050 0.4578 0.5020 0.4578 0.6020 0.4531 0.5973 0.4531 0.5066 0.4446 0.6484 0.4446 0.5992 0.4504 0.6050 0.4504 0.6426 0.4578 0.5020 0.4578 0.6020 0.4531 0.5973 0.4531 0.5066 0.2558 0.7230 0.2558 0.7500 0.2500 0.7442 0.2500 0.7232 0.4578 0.6020 0.4578 0.5020 0.4624 0.5066 0.4624 0.5973 0.2558 0.7500 0.2558 0.7230 0.2616 0.7232 0.2616 0.7442 0.4446 0.5992 0.4446 0.6495 0.4389 0.6437 0.4389 0.6050 0.4578 0.6020 0.4578 0.5020 0.4624 0.5066 0.4624 0.5973 0.4446 0.6495 0.4446 0.5992 0.4504 0.6050 0.4504 0.6437 0.4578 0.6020 0.4578 0.5020 0.4624 0.5066 0.4624 0.5973 0.4446 0.5992 0.4446 0.6495 0.4389 0.6437 0.4389 0.6050 0.4578 0.5020 0.4578 0.6020 0.4531 0.5973 0.4531 0.5066 0.4446 0.6495 0.4446 0.5992 0.4504 0.6050 0.4504 0.6437 0.4578 0.5020 0.4578 0.6020 0.4531 0.5973 0.4531 0.5066 0.4446 0.5992 0.4446 0.6484 0.4389 0.6426 0.4389 0.6050 0.4578 0.6020 0.4578 0.5020 0.4624 0.5066 0.4624 0.5973 0.4446 0.5992 0.4446 0.6484 0.4389 0.6426 0.4389 0.6050 0.4578 0.6020 0.4578 0.5020 0.4624 0.5066 0.4624 0.5973 0.2558 0.7230 0.2558 0.7500 0.2500 0.7442 0.2500 0.7232 0.4578 0.5020 0.4578 0.6020 0.4531 0.5973 0.4531 0.5066 0.2558 0.7500 0.2558 0.7230 0.2616 0.7232 0.2616 0.7442 0.4446 0.5992 0.4446 0.6462 0.4389 0.6404 0.4389 0.6050 0.4490 0.6520 0.4490 0.7465 0.4446 0.7421 0.4446 0.6564 0.4446 0.6462 0.4446 0.5992 0.4504 0.6050 0.4504 0.6404 0.4578 0.5020 0.4578 0.6020 0.4531 0.5973 0.4531 0.5066 0.4446 0.5992 0.4446 0.6462 0.4389 0.6404 0.4389 0.6050 0.4490 0.6520 0.4490 0.7465 0.4446 0.7421 0.4446 0.6564 0.4446 0.6462 0.4446 0.5992 0.4504 0.6050 0.4504 0.6404 0.4579 0.6021 0.4579 0.5021 0.4626 0.5068 0.4626 0.5975 0.4490 0.7465 0.4490 0.6520 0.4534 0.6520 0.4534 0.7421 0.4490 0.7465 0.4490 0.6520 0.4534 0.6564 0.4534 0.7465 0.4383 0.5073 0.4383 0.5974 0.4325 0.5916 0.4325 0.5131 " />
						</IndexedFaceSet>
					</Shape>
				</Group>
			</Transform>
		</Transform>
		<Transform DEF="estanteria-travesaños_TRANSFORM"
		           translation="1.000787 2.307130 -1.575600"
		           scale="1.000000 1.000000 1.000000"
		           rotation="0.577350 -0.577350 -0.577350 2.094395"
		           >
			<Transform DEF="estanteria-travesaños_ifs_TRANSFORM"
			           translation="0.000000 0.000000 -0.000000"
			           scale="1.000000 1.000000 1.000000"
			           rotation="-0.000000 0.000000 0.000000 0.000000"
			           >
				<Group DEF="group_ME_estanteria-travesaños">
					<Shape>
						<Appearance>
							<Material USE="MA_hiper-atlas" />
						</Appearance>
						<IndexedFaceSet solid="false"
						                creaseAngle="4.0000"
						                texCoordIndex="0 1 2 3 -1 4 5 6 7 -1 8 9 10 11 -1 12 13 14 15 -1 16 17 18 19 -1 20 21 22 23 -1 24 25 26 27 -1 28 29 30 31 -1 32 33 34 35 -1 36 37 38 39 -1 40 41 42 43 -1 44 45 46 47 -1 48 49 50 51 -1 52 53 54 55 -1 56 57 58 59 -1 60 61 62 63 -1 64 65 66 67 -1 68 69 70 71 -1 72 73 74 75 -1 76 77 78 79 -1 80 81 82 83 -1 84 85 86 87 -1 88 89 90 91 -1 92 93 94 95 -1 96 97 98 99 -1 100 101 102 103 -1 104 105 106 107 -1 108 109 110 111 -1 112 113 114 115 -1 116 117 118 119 -1 120 121 122 123 -1 124 125 126 127 -1 128 129 130 131 -1 132 133 134 135 -1 136 137 138 139 -1 140 141 142 143 -1 144 145 146 147 -1 148 149 150 151 -1 152 153 154 155 -1 156 157 158 159 -1 160 161 162 163 -1 164 165 166 167 -1 168 169 170 171 -1 172 173 174 175 -1 176 177 178 179 -1 180 181 182 183 -1 184 185 186 187 -1 188 189 190 191 -1 192 193 194 195 -1 196 197 198 199 -1 "
						                coordIndex="24 1 3 25 -1 35 23 7 26 -1 26 7 5 27 -1 31 15 1 24 -1 28 12 13 29 -1 27 5 12 28 -1 29 13 14 30 -1 30 14 15 31 -1 25 3 20 32 -1 32 20 21 33 -1 33 21 22 34 -1 34 22 23 35 -1 17 34 35 16 -1 18 33 34 17 -1 19 32 33 18 -1 2 25 32 19 -1 9 30 31 8 -1 10 29 30 9 -1 4 27 28 11 -1 11 28 29 10 -1 8 31 24 0 -1 6 26 27 4 -1 16 35 26 6 -1 0 24 25 2 -1 41 43 42 40 -1 43 45 44 42 -1 55 57 56 54 -1 45 47 46 44 -1 47 49 48 46 -1 49 51 50 48 -1 51 53 52 50 -1 53 55 54 52 -1 57 59 58 56 -1 59 61 60 58 -1 61 63 62 60 -1 37 39 38 36 -1 39 41 40 38 -1 69 71 70 68 -1 71 73 72 70 -1 65 67 66 64 -1 85 87 86 84 -1 73 75 74 72 -1 75 77 76 74 -1 77 79 78 76 -1 79 81 80 78 -1 81 83 82 80 -1 87 89 88 86 -1 89 91 90 88 -1 83 85 84 82 -1 67 69 68 66 -1 "
						                >
							<Coordinate DEF="coords_ME_estanteria-travesaños"
							            point="-0.050000 -0.030000 -0.705000 -0.050000 -0.030000 0.705000 -0.050000 0.030000 -0.705000 -0.050000 0.030000 0.705000 0.050000 -0.030000 -0.705000 0.050000 -0.030000 0.705000 0.050000 0.030000 -0.705000 0.050000 0.030000 0.705000 -0.030000 -0.030000 -0.705000 -0.028208 -0.015689 -0.705000 0.028208 -0.015689 -0.705000 0.030000 -0.030000 -0.705000 0.030000 -0.030000 0.705000 0.028208 -0.015689 0.705000 -0.028208 -0.015689 0.705000 -0.030000 -0.030000 0.705000 0.030000 0.030000 -0.705000 0.028208 0.015690 -0.705000 -0.028208 0.015690 -0.705000 -0.030000 0.030000 -0.705000 -0.030000 0.030000 0.705000 -0.028208 0.015690 0.705000 0.028208 0.015690 0.705000 0.030000 0.030000 0.705000 -0.050000 -0.030000 0.000000 -0.050000 0.030000 0.000000 0.050000 0.030000 0.000000 0.050000 -0.030000 0.000000 0.030000 -0.030000 0.000000 0.028208 -0.015689 0.000000 -0.028208 -0.015689 0.000000 -0.030000 -0.030000 0.000000 -0.030000 0.030000 0.000000 -0.028208 0.015690 0.000000 0.028208 0.015690 0.000000 0.030000 0.030000 0.000000 0.170005 -0.035349 0.691312 -0.089995 -0.035349 0.691312 0.170005 -0.022145 0.692767 -0.089995 -0.022145 0.692767 0.170005 -0.002267 0.694984 -0.089995 -0.002267 0.694984 0.170005 0.012607 0.696312 -0.089995 0.012607 0.696312 0.170005 0.018797 0.697124 -0.089995 0.018797 0.697124 0.170005 0.019724 0.697575 -0.089995 0.019724 0.697575 0.170005 0.020448 0.698174 -0.089995 0.020448 0.698174 0.170005 0.020993 0.698944 -0.089995 0.020993 0.698944 0.170005 0.021382 0.699908 -0.089995 0.021382 0.699908 0.170005 0.021637 0.701090 -0.089995 0.021637 0.701090 0.170005 0.021835 0.706186 -0.089995 0.021835 0.706186 0.170005 0.020895 0.714869 -0.089995 0.020895 0.714869 0.170005 0.019276 0.723961 -0.089995 0.019276 0.723961 0.170005 0.018418 0.733622 -0.089995 0.018418 0.733622 0.170005 -0.035349 -0.689738 -0.089995 -0.035349 -0.689738 0.170005 -0.022144 -0.691193 -0.089995 -0.022144 -0.691193 0.170005 -0.002267 -0.693410 -0.089995 -0.002267 -0.693410 0.170005 0.012608 -0.694738 -0.089995 0.012608 -0.694738 0.170005 0.017645 -0.695221 -0.089995 0.017645 -0.695221 0.170005 0.018797 -0.695550 -0.089995 0.018797 -0.695550 0.170005 0.019724 -0.696001 -0.089995 0.019724 -0.696001 0.170005 0.020448 -0.696600 -0.089995 0.020448 -0.696600 0.170005 0.020993 -0.697370 -0.089995 0.020993 -0.697370 0.170005 0.021382 -0.698334 -0.089995 0.021382 -0.698334 0.170005 0.021835 -0.704612 -0.089995 0.021835 -0.704612 0.170005 0.020895 -0.713295 -0.089995 0.020895 -0.713295 0.170005 0.019277 -0.722387 -0.089995 0.019277 -0.722387 0.170005 0.018418 -0.732048 -0.089995 0.018418 -0.732048 "
							            />
							<TextureCoordinate point="0.1511 0.6525 0.1511 0.7011 0.1469 0.7011 0.1469 0.6525 0.2303 0.6660 0.2303 0.6974 0.2290 0.6974 0.2290 0.6660 0.1511 0.6525 0.1511 0.7011 0.1469 0.7011 0.1469 0.6525 0.2303 0.6660 0.2303 0.6974 0.2290 0.6974 0.2290 0.6660 0.2357 0.6660 0.2357 0.6974 0.2348 0.6974 0.2348 0.6660 0.2370 0.6660 0.2370 0.6974 0.2357 0.6974 0.2357 0.6660 0.2348 0.6660 0.2348 0.6974 0.2312 0.6974 0.2312 0.6660 0.2312 0.6660 0.2312 0.6974 0.2303 0.6974 0.2303 0.6660 0.2370 0.6660 0.2370 0.6974 0.2357 0.6974 0.2357 0.6660 0.2357 0.6660 0.2357 0.6974 0.2348 0.6974 0.2348 0.6660 0.2348 0.6660 0.2348 0.6974 0.2312 0.6974 0.2312 0.6660 0.2312 0.6660 0.2312 0.6974 0.2303 0.6974 0.2303 0.6660 0.2312 0.6974 0.2312 0.6659 0.2303 0.6659 0.2303 0.6974 0.2348 0.6974 0.2348 0.6659 0.2312 0.6659 0.2312 0.6974 0.2357 0.6974 0.2357 0.6659 0.2348 0.6659 0.2348 0.6974 0.2370 0.6974 0.2370 0.6659 0.2357 0.6659 0.2357 0.6974 0.2312 0.6974 0.2312 0.6660 0.2303 0.6660 0.2303 0.6974 0.2348 0.6974 0.2348 0.6660 0.2312 0.6660 0.2312 0.6974 0.2370 0.6974 0.2370 0.6660 0.2357 0.6660 0.2357 0.6974 0.2357 0.6974 0.2357 0.6660 0.2348 0.6660 0.2348 0.6974 0.2303 0.6974 0.2303 0.6660 0.2290 0.6660 0.2290 0.6974 0.1511 0.6525 0.1511 0.7011 0.1469 0.7011 0.1469 0.6525 0.2303 0.6974 0.2303 0.6659 0.2290 0.6659 0.2290 0.6974 0.1511 0.6525 0.1511 0.7011 0.1469 0.7011 0.1469 0.6525 0.0000 0.5000 0.0000 0.5000 0.0000 0.5000 0.0000 0.5000 0.0000 0.5000 0.0000 0.5000 0.0000 0.5000 0.0000 0.5000 0.0000 0.5000 0.0000 0.5000 0.0000 0.5000 0.0000 0.5000 0.0000 0.5000 0.0000 0.5000 0.0000 0.5000 0.0000 0.5000 0.0000 0.5000 0.0000 0.5000 0.0000 0.5000 0.0000 0.5000 0.0000 0.5000 0.0000 0.5000 0.0000 0.5000 0.0000 0.5000 0.0000 0.5000 0.0000 0.5000 0.0000 0.5000 0.0000 0.5000 0.0000 0.5000 0.0000 0.5000 0.0000 0.5000 0.0000 0.5000 0.0000 0.5000 0.0000 0.5000 0.0000 0.5000 0.0000 0.5000 0.0000 0.5000 0.0000 0.5000 0.0000 0.5000 0.0000 0.5000 0.0000 0.5000 0.0000 0.5000 0.0000 0.5000 0.0000 0.5000 0.0000 0.5000 0.0000 0.5000 0.0000 0.5000 0.0000 0.5000 0.0000 0.5000 0.0000 0.5000 0.0000 0.5000 0.0000 0.5000 0.0000 0.5000 0.0000 0.5000 0.0000 0.5000 0.0000 0.5000 0.0000 0.5000 0.0000 0.5000 0.0000 0.5000 0.0000 0.5000 0.0000 0.5000 0.0000 0.5000 0.0000 0.5000 0.0000 0.5000 0.0000 0.5000 0.0000 0.5000 0.0000 0.5000 0.0000 0.5000 0.0000 0.5000 0.0000 0.5000 0.0000 0.5000 0.0000 0.5000 0.0000 0.5000 0.0000 0.5000 0.0000 0.5000 0.0000 0.5000 0.0000 0.5000 0.0000 0.5000 0.0000 0.5000 0.0000 0.5000 0.0000 0.5000 0.0000 0.5000 0.0000 0.5000 0.0000 0.5000 0.0000 0.5000 0.0000 0.5000 0.0000 0.5000 0.0000 0.5000 0.0000 0.5000 0.0000 0.5000 0.0000 0.5000 0.0000 0.5000 0.0000 0.5000 0.0000 0.5000 0.0000 0.5000 0.0000 0.5000 0.0000 0.5000 0.0000 0.5000 0.0000 0.5000 0.0000 0.5000 0.0000 0.5000 0.0000 0.5000 0.0000 0.5000 0.0000 0.5000 " />
						</IndexedFaceSet>
					</Shape>
				</Group>
			</Transform>
		</Transform>
		<Transform DEF="estanteria-travesaños_001_TRANSFORM"
		           translation="1.000787 1.267130 -1.575600"
		           scale="1.000000 1.000000 1.000000"
		           rotation="0.577350 -0.577350 -0.577350 2.094395"
		           >
			<Transform DEF="estanteria-travesaños_001_ifs_TRANSFORM"
			           translation="0.000000 0.000000 0.000000"
			           scale="1.000000 1.000000 1.000000"
			           rotation="-0.000000 0.000000 0.000000 0.000000"
			           >
				<Group DEF="group_ME_estanteria-travesaños_001">
					<Shape>
						<Appearance>
							<Material USE="MA_hiper-atlas" />
						</Appearance>
						<IndexedFaceSet solid="false"
						                creaseAngle="4.0000"
						                texCoordIndex="0 1 2 3 -1 4 5 6 7 -1 8 9 10 11 -1 12 13 14 15 -1 16 17 18 19 -1 20 21 22 23 -1 24 25 26 27 -1 28 29 30 31 -1 32 33 34 35 -1 36 37 38 39 -1 40 41 42 43 -1 44 45 46 47 -1 48 49 50 51 -1 52 53 54 55 -1 56 57 58 59 -1 60 61 62 63 -1 64 65 66 67 -1 68 69 70 71 -1 72 73 74 75 -1 76 77 78 79 -1 80 81 82 83 -1 84 85 86 87 -1 88 89 90 91 -1 92 93 94 95 -1 96 97 98 99 -1 100 101 102 103 -1 104 105 106 107 -1 108 109 110 111 -1 112 113 114 115 -1 116 117 118 119 -1 120 121 122 123 -1 124 125 126 127 -1 128 129 130 131 -1 132 133 134 135 -1 136 137 138 139 -1 140 141 142 143 -1 144 145 146 147 -1 148 149 150 151 -1 152 153 154 155 -1 156 157 158 159 -1 160 161 162 163 -1 164 165 166 167 -1 168 169 170 171 -1 172 173 174 175 -1 176 177 178 179 -1 180 181 182 183 -1 184 185 186 187 -1 188 189 190 191 -1 192 193 194 195 -1 196 197 198 199 -1 "
						                coordIndex="24 1 3 25 -1 35 23 7 26 -1 26 7 5 27 -1 31 15 1 24 -1 28 12 13 29 -1 27 5 12 28 -1 29 13 14 30 -1 30 14 15 31 -1 25 3 20 32 -1 32 20 21 33 -1 33 21 22 34 -1 34 22 23 35 -1 17 34 35 16 -1 18 33 34 17 -1 19 32 33 18 -1 2 25 32 19 -1 9 30 31 8 -1 10 29 30 9 -1 4 27 28 11 -1 11 28 29 10 -1 8 31 24 0 -1 6 26 27 4 -1 16 35 26 6 -1 0 24 25 2 -1 41 43 42 40 -1 43 45 44 42 -1 55 57 56 54 -1 45 47 46 44 -1 47 49 48 46 -1 49 51 50 48 -1 51 53 52 50 -1 53 55 54 52 -1 57 59 58 56 -1 59 61 60 58 -1 61 63 62 60 -1 37 39 38 36 -1 39 41 40 38 -1 69 71 70 68 -1 71 73 72 70 -1 65 67 66 64 -1 85 87 86 84 -1 73 75 74 72 -1 75 77 76 74 -1 77 79 78 76 -1 79 81 80 78 -1 81 83 82 80 -1 87 89 88 86 -1 89 91 90 88 -1 83 85 84 82 -1 67 69 68 66 -1 "
						                >
							<Coordinate DEF="coords_ME_estanteria-travesaños_001"
							            point="-0.050000 -0.030000 -0.705000 -0.050000 -0.030000 0.705000 -0.050000 0.030000 -0.705000 -0.050000 0.030000 0.705000 0.050000 -0.030000 -0.705000 0.050000 -0.030000 0.705000 0.050000 0.030000 -0.705000 0.050000 0.030000 0.705000 -0.030000 -0.030000 -0.705000 -0.028208 -0.015689 -0.705000 0.028208 -0.015689 -0.705000 0.030000 -0.030000 -0.705000 0.030000 -0.030000 0.705000 0.028208 -0.015689 0.705000 -0.028208 -0.015689 0.705000 -0.030000 -0.030000 0.705000 0.030000 0.030000 -0.705000 0.028208 0.015690 -0.705000 -0.028208 0.015690 -0.705000 -0.030000 0.030000 -0.705000 -0.030000 0.030000 0.705000 -0.028208 0.015690 0.705000 0.028208 0.015690 0.705000 0.030000 0.030000 0.705000 -0.050000 -0.030000 0.000000 -0.050000 0.030000 0.000000 0.050000 0.030000 0.000000 0.050000 -0.030000 0.000000 0.030000 -0.030000 0.000000 0.028208 -0.015689 0.000000 -0.028208 -0.015689 0.000000 -0.030000 -0.030000 0.000000 -0.030000 0.030000 0.000000 -0.028208 0.015690 0.000000 0.028208 0.015690 0.000000 0.030000 0.030000 0.000000 0.170005 -0.035349 0.691312 -0.089995 -0.035349 0.691312 0.170005 -0.022145 0.692767 -0.089995 -0.022145 0.692767 0.170005 -0.002267 0.694984 -0.089995 -0.002267 0.694984 0.170005 0.012607 0.696312 -0.089995 0.012607 0.696312 0.170005 0.018797 0.697124 -0.089995 0.018797 0.697124 0.170005 0.019724 0.697575 -0.089995 0.019724 0.697575 0.170005 0.020448 0.698174 -0.089995 0.020448 0.698174 0.170005 0.020993 0.698944 -0.089995 0.020993 0.698944 0.170005 0.021382 0.699908 -0.089995 0.021382 0.699908 0.170005 0.021637 0.701090 -0.089995 0.021637 0.701090 0.170005 0.021835 0.706186 -0.089995 0.021835 0.706186 0.170005 0.020895 0.714869 -0.089995 0.020895 0.714869 0.170005 0.019276 0.723961 -0.089995 0.019276 0.723961 0.170005 0.018418 0.733622 -0.089995 0.018418 0.733622 0.170005 -0.035349 -0.689738 -0.089995 -0.035349 -0.689738 0.170005 -0.022144 -0.691193 -0.089995 -0.022144 -0.691193 0.170005 -0.002267 -0.693410 -0.089995 -0.002267 -0.693410 0.170005 0.012608 -0.694738 -0.089995 0.012608 -0.694738 0.170005 0.017645 -0.695221 -0.089995 0.017645 -0.695221 0.170005 0.018797 -0.695550 -0.089995 0.018797 -0.695550 0.170005 0.019724 -0.696001 -0.089995 0.019724 -0.696001 0.170005 0.020448 -0.696600 -0.089995 0.020448 -0.696600 0.170005 0.020993 -0.697370 -0.089995 0.020993 -0.697370 0.170005 0.021382 -0.698334 -0.089995 0.021382 -0.698334 0.170005 0.021835 -0.704612 -0.089995 0.021835 -0.704612 0.170005 0.020895 -0.713295 -0.089995 0.020895 -0.713295 0.170005 0.019277 -0.722387 -0.089995 0.019277 -0.722387 0.170005 0.018418 -0.732048 -0.089995 0.018418 -0.732048 "
							            />
							<TextureCoordinate point="0.1511 0.6525 0.1511 0.7011 0.1469 0.7011 0.1469 0.6525 0.2303 0.6660 0.2303 0.6974 0.2290 0.6974 0.2290 0.6660 0.1511 0.6525 0.1511 0.7011 0.1469 0.7011 0.1469 0.6525 0.2303 0.6660 0.2303 0.6974 0.2290 0.6974 0.2290 0.6660 0.2357 0.6660 0.2357 0.6974 0.2348 0.6974 0.2348 0.6660 0.2370 0.6660 0.2370 0.6974 0.2357 0.6974 0.2357 0.6660 0.2348 0.6660 0.2348 0.6974 0.2312 0.6974 0.2312 0.6660 0.2312 0.6660 0.2312 0.6974 0.2303 0.6974 0.2303 0.6660 0.2370 0.6660 0.2370 0.6974 0.2357 0.6974 0.2357 0.6660 0.2357 0.6660 0.2357 0.6974 0.2348 0.6974 0.2348 0.6660 0.2348 0.6660 0.2348 0.6974 0.2312 0.6974 0.2312 0.6660 0.2312 0.6660 0.2312 0.6974 0.2303 0.6974 0.2303 0.6660 0.2312 0.6974 0.2312 0.6659 0.2303 0.6659 0.2303 0.6974 0.2348 0.6974 0.2348 0.6659 0.2312 0.6659 0.2312 0.6974 0.2357 0.6974 0.2357 0.6659 0.2348 0.6659 0.2348 0.6974 0.2370 0.6974 0.2370 0.6659 0.2357 0.6659 0.2357 0.6974 0.2312 0.6974 0.2312 0.6660 0.2303 0.6660 0.2303 0.6974 0.2348 0.6974 0.2348 0.6660 0.2312 0.6660 0.2312 0.6974 0.2370 0.6974 0.2370 0.6660 0.2357 0.6660 0.2357 0.6974 0.2357 0.6974 0.2357 0.6660 0.2348 0.6660 0.2348 0.6974 0.2303 0.6974 0.2303 0.6660 0.2290 0.6660 0.2290 0.6974 0.1511 0.6525 0.1511 0.7011 0.1469 0.7011 0.1469 0.6525 0.2303 0.6974 0.2303 0.6659 0.2290 0.6659 0.2290 0.6974 0.1511 0.6525 0.1511 0.7011 0.1469 0.7011 0.1469 0.6525 0.0000 0.5000 0.0000 0.5000 0.0000 0.5000 0.0000 0.5000 0.0000 0.5000 0.0000 0.5000 0.0000 0.5000 0.0000 0.5000 0.0000 0.5000 0.0000 0.5000 0.0000 0.5000 0.0000 0.5000 0.0000 0.5000 0.0000 0.5000 0.0000 0.5000 0.0000 0.5000 0.0000 0.5000 0.0000 0.5000 0.0000 0.5000 0.0000 0.5000 0.0000 0.5000 0.0000 0.5000 0.0000 0.5000 0.0000 0.5000 0.0000 0.5000 0.0000 0.5000 0.0000 0.5000 0.0000 0.5000 0.0000 0.5000 0.0000 0.5000 0.0000 0.5000 0.0000 0.5000 0.0000 0.5000 0.0000 0.5000 0.0000 0.5000 0.0000 0.5000 0.0000 0.5000 0.0000 0.5000 0.0000 0.5000 0.0000 0.5000 0.0000 0.5000 0.0000 0.5000 0.0000 0.5000 0.0000 0.5000 0.0000 0.5000 0.0000 0.5000 0.0000 0.5000 0.0000 0.5000 0.0000 0.5000 0.0000 0.5000 0.0000 0.5000 0.0000 0.5000 0.0000 0.5000 0.0000 0.5000 0.0000 0.5000 0.0000 0.5000 0.0000 0.5000 0.0000 0.5000 0.0000 0.5000 0.0000 0.5000 0.0000 0.5000 0.0000 0.5000 0.0000 0.5000 0.0000 0.5000 0.0000 0.5000 0.0000 0.5000 0.0000 0.5000 0.0000 0.5000 0.0000 0.5000 0.0000 0.5000 0.0000 0.5000 0.0000 0.5000 0.0000 0.5000 0.0000 0.5000 0.0000 0.5000 0.0000 0.5000 0.0000 0.5000 0.0000 0.5000 0.0000 0.5000 0.0000 0.5000 0.0000 0.5000 0.0000 0.5000 0.0000 0.5000 0.0000 0.5000 0.0000 0.5000 0.0000 0.5000 0.0000 0.5000 0.0000 0.5000 0.0000 0.5000 0.0000 0.5000 0.0000 0.5000 0.0000 0.5000 0.0000 0.5000 0.0000 0.5000 0.0000 0.5000 0.0000 0.5000 0.0000 0.5000 0.0000 0.5000 0.0000 0.5000 0.0000 0.5000 0.0000 0.5000 0.0000 0.5000 0.0000 0.5000 0.0000 0.5000 " />
						</IndexedFaceSet>
					</Shape>
				</Group>
			</Transform>
		</Transform>
		<Transform DEF="estanteria-travesaños_002_TRANSFORM"
		           translation="1.000787 0.337130 -1.575600"
		           scale="1.000000 1.000000 1.000000"
		           rotation="0.577350 -0.577350 -0.577350 2.094395"
		           >
			<Transform DEF="estanteria-travesaños_002_ifs_TRANSFORM"
			           translation="0.000000 0.000000 -0.000000"
			           scale="1.000000 1.000000 1.000000"
			           rotation="-0.000000 0.000000 0.000000 0.000000"
			           >
				<Group DEF="group_ME_estanteria-travesaños_002">
					<Shape>
						<Appearance>
							<Material USE="MA_hiper-atlas" />
						</Appearance>
						<IndexedFaceSet solid="false"
						                creaseAngle="4.0000"
						                texCoordIndex="0 1 2 3 -1 4 5 6 7 -1 8 9 10 11 -1 12 13 14 15 -1 16 17 18 19 -1 20 21 22 23 -1 24 25 26 27 -1 28 29 30 31 -1 32 33 34 35 -1 36 37 38 39 -1 40 41 42 43 -1 44 45 46 47 -1 48 49 50 51 -1 52 53 54 55 -1 56 57 58 59 -1 60 61 62 63 -1 64 65 66 67 -1 68 69 70 71 -1 72 73 74 75 -1 76 77 78 79 -1 80 81 82 83 -1 84 85 86 87 -1 88 89 90 91 -1 92 93 94 95 -1 96 97 98 99 -1 100 101 102 103 -1 104 105 106 107 -1 108 109 110 111 -1 112 113 114 115 -1 116 117 118 119 -1 120 121 122 123 -1 124 125 126 127 -1 128 129 130 131 -1 132 133 134 135 -1 136 137 138 139 -1 140 141 142 143 -1 144 145 146 147 -1 148 149 150 151 -1 152 153 154 155 -1 156 157 158 159 -1 160 161 162 163 -1 164 165 166 167 -1 168 169 170 171 -1 172 173 174 175 -1 176 177 178 179 -1 180 181 182 183 -1 184 185 186 187 -1 188 189 190 191 -1 192 193 194 195 -1 196 197 198 199 -1 "
						                coordIndex="24 1 3 25 -1 35 23 7 26 -1 26 7 5 27 -1 31 15 1 24 -1 28 12 13 29 -1 27 5 12 28 -1 29 13 14 30 -1 30 14 15 31 -1 25 3 20 32 -1 32 20 21 33 -1 33 21 22 34 -1 34 22 23 35 -1 17 34 35 16 -1 18 33 34 17 -1 19 32 33 18 -1 2 25 32 19 -1 9 30 31 8 -1 10 29 30 9 -1 4 27 28 11 -1 11 28 29 10 -1 8 31 24 0 -1 6 26 27 4 -1 16 35 26 6 -1 0 24 25 2 -1 41 43 42 40 -1 43 45 44 42 -1 55 57 56 54 -1 45 47 46 44 -1 47 49 48 46 -1 49 51 50 48 -1 51 53 52 50 -1 53 55 54 52 -1 57 59 58 56 -1 59 61 60 58 -1 61 63 62 60 -1 37 39 38 36 -1 39 41 40 38 -1 69 71 70 68 -1 71 73 72 70 -1 65 67 66 64 -1 85 87 86 84 -1 73 75 74 72 -1 75 77 76 74 -1 77 79 78 76 -1 79 81 80 78 -1 81 83 82 80 -1 87 89 88 86 -1 89 91 90 88 -1 83 85 84 82 -1 67 69 68 66 -1 "
						                >
							<Coordinate DEF="coords_ME_estanteria-travesaños_002"
							            point="-0.050000 -0.030000 -0.705000 -0.050000 -0.030000 0.705000 -0.050000 0.030000 -0.705000 -0.050000 0.030000 0.705000 0.050000 -0.030000 -0.705000 0.050000 -0.030000 0.705000 0.050000 0.030000 -0.705000 0.050000 0.030000 0.705000 -0.030000 -0.030000 -0.705000 -0.028208 -0.015689 -0.705000 0.028208 -0.015689 -0.705000 0.030000 -0.030000 -0.705000 0.030000 -0.030000 0.705000 0.028208 -0.015689 0.705000 -0.028208 -0.015689 0.705000 -0.030000 -0.030000 0.705000 0.030000 0.030000 -0.705000 0.028208 0.015690 -0.705000 -0.028208 0.015690 -0.705000 -0.030000 0.030000 -0.705000 -0.030000 0.030000 0.705000 -0.028208 0.015690 0.705000 0.028208 0.015690 0.705000 0.030000 0.030000 0.705000 -0.050000 -0.030000 0.000000 -0.050000 0.030000 0.000000 0.050000 0.030000 0.000000 0.050000 -0.030000 0.000000 0.030000 -0.030000 0.000000 0.028208 -0.015689 0.000000 -0.028208 -0.015689 0.000000 -0.030000 -0.030000 0.000000 -0.030000 0.030000 0.000000 -0.028208 0.015690 0.000000 0.028208 0.015690 0.000000 0.030000 0.030000 0.000000 0.170005 -0.035349 0.691312 -0.089995 -0.035349 0.691312 0.170005 -0.022145 0.692767 -0.089995 -0.022145 0.692767 0.170005 -0.002267 0.694984 -0.089995 -0.002267 0.694984 0.170005 0.012607 0.696312 -0.089995 0.012607 0.696312 0.170005 0.018797 0.697124 -0.089995 0.018797 0.697124 0.170005 0.019724 0.697575 -0.089995 0.019724 0.697575 0.170005 0.020448 0.698174 -0.089995 0.020448 0.698174 0.170005 0.020993 0.698944 -0.089995 0.020993 0.698944 0.170005 0.021382 0.699908 -0.089995 0.021382 0.699908 0.170005 0.021637 0.701090 -0.089995 0.021637 0.701090 0.170005 0.021835 0.706186 -0.089995 0.021835 0.706186 0.170005 0.020895 0.714869 -0.089995 0.020895 0.714869 0.170005 0.019276 0.723961 -0.089995 0.019276 0.723961 0.170005 0.018418 0.733622 -0.089995 0.018418 0.733622 0.170005 -0.035349 -0.689738 -0.089995 -0.035349 -0.689738 0.170005 -0.022144 -0.691193 -0.089995 -0.022144 -0.691193 0.170005 -0.002267 -0.693410 -0.089995 -0.002267 -0.693410 0.170005 0.012608 -0.694738 -0.089995 0.012608 -0.694738 0.170005 0.017645 -0.695221 -0.089995 0.017645 -0.695221 0.170005 0.018797 -0.695550 -0.089995 0.018797 -0.695550 0.170005 0.019724 -0.696001 -0.089995 0.019724 -0.696001 0.170005 0.020448 -0.696600 -0.089995 0.020448 -0.696600 0.170005 0.020993 -0.697370 -0.089995 0.020993 -0.697370 0.170005 0.021382 -0.698334 -0.089995 0.021382 -0.698334 0.170005 0.021835 -0.704612 -0.089995 0.021835 -0.704612 0.170005 0.020895 -0.713295 -0.089995 0.020895 -0.713295 0.170005 0.019277 -0.722387 -0.089995 0.019277 -0.722387 0.170005 0.018418 -0.732048 -0.089995 0.018418 -0.732048 "
							            />
							<TextureCoordinate point="0.1511 0.6525 0.1511 0.7011 0.1469 0.7011 0.1469 0.6525 0.2303 0.6660 0.2303 0.6974 0.2290 0.6974 0.2290 0.6660 0.1511 0.6525 0.1511 0.7011 0.1469 0.7011 0.1469 0.6525 0.2303 0.6660 0.2303 0.6974 0.2290 0.6974 0.2290 0.6660 0.2357 0.6660 0.2357 0.6974 0.2348 0.6974 0.2348 0.6660 0.2370 0.6660 0.2370 0.6974 0.2357 0.6974 0.2357 0.6660 0.2348 0.6660 0.2348 0.6974 0.2312 0.6974 0.2312 0.6660 0.2312 0.6660 0.2312 0.6974 0.2303 0.6974 0.2303 0.6660 0.2370 0.6660 0.2370 0.6974 0.2357 0.6974 0.2357 0.6660 0.2357 0.6660 0.2357 0.6974 0.2348 0.6974 0.2348 0.6660 0.2348 0.6660 0.2348 0.6974 0.2312 0.6974 0.2312 0.6660 0.2312 0.6660 0.2312 0.6974 0.2303 0.6974 0.2303 0.6660 0.2312 0.6974 0.2312 0.6659 0.2303 0.6659 0.2303 0.6974 0.2348 0.6974 0.2348 0.6659 0.2312 0.6659 0.2312 0.6974 0.2357 0.6974 0.2357 0.6659 0.2348 0.6659 0.2348 0.6974 0.2370 0.6974 0.2370 0.6659 0.2357 0.6659 0.2357 0.6974 0.2312 0.6974 0.2312 0.6660 0.2303 0.6660 0.2303 0.6974 0.2348 0.6974 0.2348 0.6660 0.2312 0.6660 0.2312 0.6974 0.2370 0.6974 0.2370 0.6660 0.2357 0.6660 0.2357 0.6974 0.2357 0.6974 0.2357 0.6660 0.2348 0.6660 0.2348 0.6974 0.2303 0.6974 0.2303 0.6660 0.2290 0.6660 0.2290 0.6974 0.1511 0.6525 0.1511 0.7011 0.1469 0.7011 0.1469 0.6525 0.2303 0.6974 0.2303 0.6659 0.2290 0.6659 0.2290 0.6974 0.1511 0.6525 0.1511 0.7011 0.1469 0.7011 0.1469 0.6525 0.0000 0.5000 0.0000 0.5000 0.0000 0.5000 0.0000 0.5000 0.0000 0.5000 0.0000 0.5000 0.0000 0.5000 0.0000 0.5000 0.0000 0.5000 0.0000 0.5000 0.0000 0.5000 0.0000 0.5000 0.0000 0.5000 0.0000 0.5000 0.0000 0.5000 0.0000 0.5000 0.0000 0.5000 0.0000 0.5000 0.0000 0.5000 0.0000 0.5000 0.0000 0.5000 0.0000 0.5000 0.0000 0.5000 0.0000 0.5000 0.0000 0.5000 0.0000 0.5000 0.0000 0.5000 0.0000 0.5000 0.0000 0.5000 0.0000 0.5000 0.0000 0.5000 0.0000 0.5000 0.0000 0.5000 0.0000 0.5000 0.0000 0.5000 0.0000 0.5000 0.0000 0.5000 0.0000 0.5000 0.0000 0.5000 0.0000 0.5000 0.0000 0.5000 0.0000 0.5000 0.0000 0.5000 0.0000 0.5000 0.0000 0.5000 0.0000 0.5000 0.0000 0.5000 0.0000 0.5000 0.0000 0.5000 0.0000 0.5000 0.0000 0.5000 0.0000 0.5000 0.0000 0.5000 0.0000 0.5000 0.0000 0.5000 0.0000 0.5000 0.0000 0.5000 0.0000 0.5000 0.0000 0.5000 0.0000 0.5000 0.0000 0.5000 0.0000 0.5000 0.0000 0.5000 0.0000 0.5000 0.0000 0.5000 0.0000 0.5000 0.0000 0.5000 0.0000 0.5000 0.0000 0.5000 0.0000 0.5000 0.0000 0.5000 0.0000 0.5000 0.0000 0.5000 0.0000 0.5000 0.0000 0.5000 0.0000 0.5000 0.0000 0.5000 0.0000 0.5000 0.0000 0.5000 0.0000 0.5000 0.0000 0.5000 0.0000 0.5000 0.0000 0.5000 0.0000 0.5000 0.0000 0.5000 0.0000 0.5000 0.0000 0.5000 0.0000 0.5000 0.0000 0.5000 0.0000 0.5000 0.0000 0.5000 0.0000 0.5000 0.0000 0.5000 0.0000 0.5000 0.0000 0.5000 0.0000 0.5000 0.0000 0.5000 0.0000 0.5000 0.0000 0.5000 0.0000 0.5000 0.0000 0.5000 0.0000 0.5000 0.0000 0.5000 0.0000 0.5000 " />
						</IndexedFaceSet>
					</Shape>
				</Group>
			</Transform>
		</Transform>
		<Transform DEF="estanteria-travesaños_003_TRANSFORM"
		           translation="1.000787 2.307130 -2.435600"
		           scale="-1.000000 -1.000000 -1.000000"
		           rotation="0.577350 0.577350 0.577350 2.094395"
		           >
			<Transform DEF="estanteria-travesaños_003_ifs_TRANSFORM"
			           translation="0.000000 0.000000 0.000000"
			           scale="1.000000 1.000000 1.000000"
			           rotation="0.000000 0.000000 0.000000 0.000000"
			           >
				<Group DEF="group_ME_estanteria-travesaños_003">
					<Shape>
						<Appearance>
							<Material USE="MA_hiper-atlas" />
						</Appearance>
						<IndexedFaceSet solid="false"
						                creaseAngle="4.0000"
						                texCoordIndex="0 1 2 3 -1 4 5 6 7 -1 8 9 10 11 -1 12 13 14 15 -1 16 17 18 19 -1 20 21 22 23 -1 24 25 26 27 -1 28 29 30 31 -1 32 33 34 35 -1 36 37 38 39 -1 40 41 42 43 -1 44 45 46 47 -1 48 49 50 51 -1 52 53 54 55 -1 56 57 58 59 -1 60 61 62 63 -1 64 65 66 67 -1 68 69 70 71 -1 72 73 74 75 -1 76 77 78 79 -1 80 81 82 83 -1 84 85 86 87 -1 88 89 90 91 -1 92 93 94 95 -1 96 97 98 99 -1 100 101 102 103 -1 104 105 106 107 -1 108 109 110 111 -1 112 113 114 115 -1 116 117 118 119 -1 120 121 122 123 -1 124 125 126 127 -1 128 129 130 131 -1 132 133 134 135 -1 136 137 138 139 -1 140 141 142 143 -1 144 145 146 147 -1 148 149 150 151 -1 152 153 154 155 -1 156 157 158 159 -1 160 161 162 163 -1 164 165 166 167 -1 168 169 170 171 -1 172 173 174 175 -1 176 177 178 179 -1 180 181 182 183 -1 184 185 186 187 -1 188 189 190 191 -1 192 193 194 195 -1 196 197 198 199 -1 "
						                coordIndex="24 1 3 25 -1 35 23 7 26 -1 26 7 5 27 -1 31 15 1 24 -1 28 12 13 29 -1 27 5 12 28 -1 29 13 14 30 -1 30 14 15 31 -1 25 3 20 32 -1 32 20 21 33 -1 33 21 22 34 -1 34 22 23 35 -1 17 34 35 16 -1 18 33 34 17 -1 19 32 33 18 -1 2 25 32 19 -1 9 30 31 8 -1 10 29 30 9 -1 4 27 28 11 -1 11 28 29 10 -1 8 31 24 0 -1 6 26 27 4 -1 16 35 26 6 -1 0 24 25 2 -1 41 43 42 40 -1 43 45 44 42 -1 55 57 56 54 -1 45 47 46 44 -1 47 49 48 46 -1 49 51 50 48 -1 51 53 52 50 -1 53 55 54 52 -1 57 59 58 56 -1 59 61 60 58 -1 61 63 62 60 -1 37 39 38 36 -1 39 41 40 38 -1 69 71 70 68 -1 71 73 72 70 -1 65 67 66 64 -1 85 87 86 84 -1 73 75 74 72 -1 75 77 76 74 -1 77 79 78 76 -1 79 81 80 78 -1 81 83 82 80 -1 87 89 88 86 -1 89 91 90 88 -1 83 85 84 82 -1 67 69 68 66 -1 "
						                >
							<Coordinate DEF="coords_ME_estanteria-travesaños_003"
							            point="-0.050000 -0.030000 -0.705000 -0.050000 -0.030000 0.705000 -0.050000 0.030000 -0.705000 -0.050000 0.030000 0.705000 0.050000 -0.030000 -0.705000 0.050000 -0.030000 0.705000 0.050000 0.030000 -0.705000 0.050000 0.030000 0.705000 -0.030000 -0.030000 -0.705000 -0.028208 -0.015689 -0.705000 0.028208 -0.015689 -0.705000 0.030000 -0.030000 -0.705000 0.030000 -0.030000 0.705000 0.028208 -0.015689 0.705000 -0.028208 -0.015689 0.705000 -0.030000 -0.030000 0.705000 0.030000 0.030000 -0.705000 0.028208 0.015690 -0.705000 -0.028208 0.015690 -0.705000 -0.030000 0.030000 -0.705000 -0.030000 0.030000 0.705000 -0.028208 0.015690 0.705000 0.028208 0.015690 0.705000 0.030000 0.030000 0.705000 -0.050000 -0.030000 0.000000 -0.050000 0.030000 0.000000 0.050000 0.030000 0.000000 0.050000 -0.030000 0.000000 0.030000 -0.030000 0.000000 0.028208 -0.015689 0.000000 -0.028208 -0.015689 0.000000 -0.030000 -0.030000 0.000000 -0.030000 0.030000 0.000000 -0.028208 0.015690 0.000000 0.028208 0.015690 0.000000 0.030000 0.030000 0.000000 0.170005 -0.035349 0.691312 -0.089995 -0.035349 0.691312 0.170005 -0.022145 0.692767 -0.089995 -0.022145 0.692767 0.170005 -0.002267 0.694984 -0.089995 -0.002267 0.694984 0.170005 0.012607 0.696312 -0.089995 0.012607 0.696312 0.170005 0.018797 0.697124 -0.089995 0.018797 0.697124 0.170005 0.019724 0.697575 -0.089995 0.019724 0.697575 0.170005 0.020448 0.698174 -0.089995 0.020448 0.698174 0.170005 0.020993 0.698944 -0.089995 0.020993 0.698944 0.170005 0.021382 0.699908 -0.089995 0.021382 0.699908 0.170005 0.021637 0.701090 -0.089995 0.021637 0.701090 0.170005 0.021835 0.706186 -0.089995 0.021835 0.706186 0.170005 0.020895 0.714869 -0.089995 0.020895 0.714869 0.170005 0.019276 0.723961 -0.089995 0.019276 0.723961 0.170005 0.018418 0.733622 -0.089995 0.018418 0.733622 0.170005 -0.035349 -0.689738 -0.089995 -0.035349 -0.689738 0.170005 -0.022144 -0.691193 -0.089995 -0.022144 -0.691193 0.170005 -0.002267 -0.693410 -0.089995 -0.002267 -0.693410 0.170005 0.012608 -0.694738 -0.089995 0.012608 -0.694738 0.170005 0.017645 -0.695221 -0.089995 0.017645 -0.695221 0.170005 0.018797 -0.695550 -0.089995 0.018797 -0.695550 0.170005 0.019724 -0.696001 -0.089995 0.019724 -0.696001 0.170005 0.020448 -0.696600 -0.089995 0.020448 -0.696600 0.170005 0.020993 -0.697370 -0.089995 0.020993 -0.697370 0.170005 0.021382 -0.698334 -0.089995 0.021382 -0.698334 0.170005 0.021835 -0.704612 -0.089995 0.021835 -0.704612 0.170005 0.020895 -0.713295 -0.089995 0.020895 -0.713295 0.170005 0.019277 -0.722387 -0.089995 0.019277 -0.722387 0.170005 0.018418 -0.732048 -0.089995 0.018418 -0.732048 "
							            />
							<TextureCoordinate point="0.1511 0.6525 0.1511 0.7011 0.1469 0.7011 0.1469 0.6525 0.2303 0.6660 0.2303 0.6974 0.2290 0.6974 0.2290 0.6660 0.1511 0.6525 0.1511 0.7011 0.1469 0.7011 0.1469 0.6525 0.2303 0.6660 0.2303 0.6974 0.2290 0.6974 0.2290 0.6660 0.2357 0.6660 0.2357 0.6974 0.2348 0.6974 0.2348 0.6660 0.2370 0.6660 0.2370 0.6974 0.2357 0.6974 0.2357 0.6660 0.2348 0.6660 0.2348 0.6974 0.2312 0.6974 0.2312 0.6660 0.2312 0.6660 0.2312 0.6974 0.2303 0.6974 0.2303 0.6660 0.2370 0.6660 0.2370 0.6974 0.2357 0.6974 0.2357 0.6660 0.2357 0.6660 0.2357 0.6974 0.2348 0.6974 0.2348 0.6660 0.2348 0.6660 0.2348 0.6974 0.2312 0.6974 0.2312 0.6660 0.2312 0.6660 0.2312 0.6974 0.2303 0.6974 0.2303 0.6660 0.2312 0.6974 0.2312 0.6659 0.2303 0.6659 0.2303 0.6974 0.2348 0.6974 0.2348 0.6659 0.2312 0.6659 0.2312 0.6974 0.2357 0.6974 0.2357 0.6659 0.2348 0.6659 0.2348 0.6974 0.2370 0.6974 0.2370 0.6659 0.2357 0.6659 0.2357 0.6974 0.2312 0.6974 0.2312 0.6660 0.2303 0.6660 0.2303 0.6974 0.2348 0.6974 0.2348 0.6660 0.2312 0.6660 0.2312 0.6974 0.2370 0.6974 0.2370 0.6660 0.2357 0.6660 0.2357 0.6974 0.2357 0.6974 0.2357 0.6660 0.2348 0.6660 0.2348 0.6974 0.2303 0.6974 0.2303 0.6660 0.2290 0.6660 0.2290 0.6974 0.1511 0.6525 0.1511 0.7011 0.1469 0.7011 0.1469 0.6525 0.2303 0.6974 0.2303 0.6659 0.2290 0.6659 0.2290 0.6974 0.1511 0.6525 0.1511 0.7011 0.1469 0.7011 0.1469 0.6525 0.0000 0.5000 0.0000 0.5000 0.0000 0.5000 0.0000 0.5000 0.0000 0.5000 0.0000 0.5000 0.0000 0.5000 0.0000 0.5000 0.0000 0.5000 0.0000 0.5000 0.0000 0.5000 0.0000 0.5000 0.0000 0.5000 0.0000 0.5000 0.0000 0.5000 0.0000 0.5000 0.0000 0.5000 0.0000 0.5000 0.0000 0.5000 0.0000 0.5000 0.0000 0.5000 0.0000 0.5000 0.0000 0.5000 0.0000 0.5000 0.0000 0.5000 0.0000 0.5000 0.0000 0.5000 0.0000 0.5000 0.0000 0.5000 0.0000 0.5000 0.0000 0.5000 0.0000 0.5000 0.0000 0.5000 0.0000 0.5000 0.0000 0.5000 0.0000 0.5000 0.0000 0.5000 0.0000 0.5000 0.0000 0.5000 0.0000 0.5000 0.0000 0.5000 0.0000 0.5000 0.0000 0.5000 0.0000 0.5000 0.0000 0.5000 0.0000 0.5000 0.0000 0.5000 0.0000 0.5000 0.0000 0.5000 0.0000 0.5000 0.0000 0.5000 0.0000 0.5000 0.0000 0.5000 0.0000 0.5000 0.0000 0.5000 0.0000 0.5000 0.0000 0.5000 0.0000 0.5000 0.0000 0.5000 0.0000 0.5000 0.0000 0.5000 0.0000 0.5000 0.0000 0.5000 0.0000 0.5000 0.0000 0.5000 0.0000 0.5000 0.0000 0.5000 0.0000 0.5000 0.0000 0.5000 0.0000 0.5000 0.0000 0.5000 0.0000 0.5000 0.0000 0.5000 0.0000 0.5000 0.0000 0.5000 0.0000 0.5000 0.0000 0.5000 0.0000 0.5000 0.0000 0.5000 0.0000 0.5000 0.0000 0.5000 0.0000 0.5000 0.0000 0.5000 0.0000 0.5000 0.0000 0.5000 0.0000 0.5000 0.0000 0.5000 0.0000 0.5000 0.0000 0.5000 0.0000 0.5000 0.0000 0.5000 0.0000 0.5000 0.0000 0.5000 0.0000 0.5000 0.0000 0.5000 0.0000 0.5000 0.0000 0.5000 0.0000 0.5000 0.0000 0.5000 0.0000 0.5000 0.0000 0.5000 0.0000 0.5000 0.0000 0.5000 0.0000 0.5000 " />
						</IndexedFaceSet>
					</Shape>
				</Group>
			</Transform>
		</Transform>
		<Transform DEF="estanteria-travesaños_004_TRANSFORM"
		           translation="1.000787 1.267130 -2.435600"
		           scale="-1.000000 -1.000000 -1.000000"
		           rotation="0.577350 0.577350 0.577350 2.094395"
		           >
			<Transform DEF="estanteria-travesaños_004_ifs_TRANSFORM"
			           translation="0.000000 0.000000 0.000000"
			           scale="1.000000 1.000000 1.000000"
			           rotation="0.000000 0.000000 0.000000 0.000000"
			           >
				<Group DEF="group_ME_estanteria-travesaños_004">
					<Shape>
						<Appearance>
							<Material USE="MA_hiper-atlas" />
						</Appearance>
						<IndexedFaceSet solid="false"
						                creaseAngle="4.0000"
						                texCoordIndex="0 1 2 3 -1 4 5 6 7 -1 8 9 10 11 -1 12 13 14 15 -1 16 17 18 19 -1 20 21 22 23 -1 24 25 26 27 -1 28 29 30 31 -1 32 33 34 35 -1 36 37 38 39 -1 40 41 42 43 -1 44 45 46 47 -1 48 49 50 51 -1 52 53 54 55 -1 56 57 58 59 -1 60 61 62 63 -1 64 65 66 67 -1 68 69 70 71 -1 72 73 74 75 -1 76 77 78 79 -1 80 81 82 83 -1 84 85 86 87 -1 88 89 90 91 -1 92 93 94 95 -1 96 97 98 99 -1 100 101 102 103 -1 104 105 106 107 -1 108 109 110 111 -1 112 113 114 115 -1 116 117 118 119 -1 120 121 122 123 -1 124 125 126 127 -1 128 129 130 131 -1 132 133 134 135 -1 136 137 138 139 -1 140 141 142 143 -1 144 145 146 147 -1 148 149 150 151 -1 152 153 154 155 -1 156 157 158 159 -1 160 161 162 163 -1 164 165 166 167 -1 168 169 170 171 -1 172 173 174 175 -1 176 177 178 179 -1 180 181 182 183 -1 184 185 186 187 -1 188 189 190 191 -1 192 193 194 195 -1 196 197 198 199 -1 "
						                coordIndex="24 1 3 25 -1 35 23 7 26 -1 26 7 5 27 -1 31 15 1 24 -1 28 12 13 29 -1 27 5 12 28 -1 29 13 14 30 -1 30 14 15 31 -1 25 3 20 32 -1 32 20 21 33 -1 33 21 22 34 -1 34 22 23 35 -1 17 34 35 16 -1 18 33 34 17 -1 19 32 33 18 -1 2 25 32 19 -1 9 30 31 8 -1 10 29 30 9 -1 4 27 28 11 -1 11 28 29 10 -1 8 31 24 0 -1 6 26 27 4 -1 16 35 26 6 -1 0 24 25 2 -1 41 43 42 40 -1 43 45 44 42 -1 55 57 56 54 -1 45 47 46 44 -1 47 49 48 46 -1 49 51 50 48 -1 51 53 52 50 -1 53 55 54 52 -1 57 59 58 56 -1 59 61 60 58 -1 61 63 62 60 -1 37 39 38 36 -1 39 41 40 38 -1 69 71 70 68 -1 71 73 72 70 -1 65 67 66 64 -1 85 87 86 84 -1 73 75 74 72 -1 75 77 76 74 -1 77 79 78 76 -1 79 81 80 78 -1 81 83 82 80 -1 87 89 88 86 -1 89 91 90 88 -1 83 85 84 82 -1 67 69 68 66 -1 "
						                >
							<Coordinate DEF="coords_ME_estanteria-travesaños_004"
							            point="-0.050000 -0.030000 -0.705000 -0.050000 -0.030000 0.705000 -0.050000 0.030000 -0.705000 -0.050000 0.030000 0.705000 0.050000 -0.030000 -0.705000 0.050000 -0.030000 0.705000 0.050000 0.030000 -0.705000 0.050000 0.030000 0.705000 -0.030000 -0.030000 -0.705000 -0.028208 -0.015689 -0.705000 0.028208 -0.015689 -0.705000 0.030000 -0.030000 -0.705000 0.030000 -0.030000 0.705000 0.028208 -0.015689 0.705000 -0.028208 -0.015689 0.705000 -0.030000 -0.030000 0.705000 0.030000 0.030000 -0.705000 0.028208 0.015690 -0.705000 -0.028208 0.015690 -0.705000 -0.030000 0.030000 -0.705000 -0.030000 0.030000 0.705000 -0.028208 0.015690 0.705000 0.028208 0.015690 0.705000 0.030000 0.030000 0.705000 -0.050000 -0.030000 0.000000 -0.050000 0.030000 0.000000 0.050000 0.030000 0.000000 0.050000 -0.030000 0.000000 0.030000 -0.030000 0.000000 0.028208 -0.015689 0.000000 -0.028208 -0.015689 0.000000 -0.030000 -0.030000 0.000000 -0.030000 0.030000 0.000000 -0.028208 0.015690 0.000000 0.028208 0.015690 0.000000 0.030000 0.030000 0.000000 0.170005 -0.035349 0.691312 -0.089995 -0.035349 0.691312 0.170005 -0.022145 0.692767 -0.089995 -0.022145 0.692767 0.170005 -0.002267 0.694984 -0.089995 -0.002267 0.694984 0.170005 0.012607 0.696312 -0.089995 0.012607 0.696312 0.170005 0.018797 0.697124 -0.089995 0.018797 0.697124 0.170005 0.019724 0.697575 -0.089995 0.019724 0.697575 0.170005 0.020448 0.698174 -0.089995 0.020448 0.698174 0.170005 0.020993 0.698944 -0.089995 0.020993 0.698944 0.170005 0.021382 0.699908 -0.089995 0.021382 0.699908 0.170005 0.021637 0.701090 -0.089995 0.021637 0.701090 0.170005 0.021835 0.706186 -0.089995 0.021835 0.706186 0.170005 0.020895 0.714869 -0.089995 0.020895 0.714869 0.170005 0.019276 0.723961 -0.089995 0.019276 0.723961 0.170005 0.018418 0.733622 -0.089995 0.018418 0.733622 0.170005 -0.035349 -0.689738 -0.089995 -0.035349 -0.689738 0.170005 -0.022144 -0.691193 -0.089995 -0.022144 -0.691193 0.170005 -0.002267 -0.693410 -0.089995 -0.002267 -0.693410 0.170005 0.012608 -0.694738 -0.089995 0.012608 -0.694738 0.170005 0.017645 -0.695221 -0.089995 0.017645 -0.695221 0.170005 0.018797 -0.695550 -0.089995 0.018797 -0.695550 0.170005 0.019724 -0.696001 -0.089995 0.019724 -0.696001 0.170005 0.020448 -0.696600 -0.089995 0.020448 -0.696600 0.170005 0.020993 -0.697370 -0.089995 0.020993 -0.697370 0.170005 0.021382 -0.698334 -0.089995 0.021382 -0.698334 0.170005 0.021835 -0.704612 -0.089995 0.021835 -0.704612 0.170005 0.020895 -0.713295 -0.089995 0.020895 -0.713295 0.170005 0.019277 -0.722387 -0.089995 0.019277 -0.722387 0.170005 0.018418 -0.732048 -0.089995 0.018418 -0.732048 "
							            />
							<TextureCoordinate point="0.1511 0.6525 0.1511 0.7011 0.1469 0.7011 0.1469 0.6525 0.2303 0.6660 0.2303 0.6974 0.2290 0.6974 0.2290 0.6660 0.1511 0.6525 0.1511 0.7011 0.1469 0.7011 0.1469 0.6525 0.2303 0.6660 0.2303 0.6974 0.2290 0.6974 0.2290 0.6660 0.2357 0.6660 0.2357 0.6974 0.2348 0.6974 0.2348 0.6660 0.2370 0.6660 0.2370 0.6974 0.2357 0.6974 0.2357 0.6660 0.2348 0.6660 0.2348 0.6974 0.2312 0.6974 0.2312 0.6660 0.2312 0.6660 0.2312 0.6974 0.2303 0.6974 0.2303 0.6660 0.2370 0.6660 0.2370 0.6974 0.2357 0.6974 0.2357 0.6660 0.2357 0.6660 0.2357 0.6974 0.2348 0.6974 0.2348 0.6660 0.2348 0.6660 0.2348 0.6974 0.2312 0.6974 0.2312 0.6660 0.2312 0.6660 0.2312 0.6974 0.2303 0.6974 0.2303 0.6660 0.2312 0.6974 0.2312 0.6659 0.2303 0.6659 0.2303 0.6974 0.2348 0.6974 0.2348 0.6659 0.2312 0.6659 0.2312 0.6974 0.2357 0.6974 0.2357 0.6659 0.2348 0.6659 0.2348 0.6974 0.2370 0.6974 0.2370 0.6659 0.2357 0.6659 0.2357 0.6974 0.2312 0.6974 0.2312 0.6660 0.2303 0.6660 0.2303 0.6974 0.2348 0.6974 0.2348 0.6660 0.2312 0.6660 0.2312 0.6974 0.2370 0.6974 0.2370 0.6660 0.2357 0.6660 0.2357 0.6974 0.2357 0.6974 0.2357 0.6660 0.2348 0.6660 0.2348 0.6974 0.2303 0.6974 0.2303 0.6660 0.2290 0.6660 0.2290 0.6974 0.1511 0.6525 0.1511 0.7011 0.1469 0.7011 0.1469 0.6525 0.2303 0.6974 0.2303 0.6659 0.2290 0.6659 0.2290 0.6974 0.1511 0.6525 0.1511 0.7011 0.1469 0.7011 0.1469 0.6525 0.0000 0.5000 0.0000 0.5000 0.0000 0.5000 0.0000 0.5000 0.0000 0.5000 0.0000 0.5000 0.0000 0.5000 0.0000 0.5000 0.0000 0.5000 0.0000 0.5000 0.0000 0.5000 0.0000 0.5000 0.0000 0.5000 0.0000 0.5000 0.0000 0.5000 0.0000 0.5000 0.0000 0.5000 0.0000 0.5000 0.0000 0.5000 0.0000 0.5000 0.0000 0.5000 0.0000 0.5000 0.0000 0.5000 0.0000 0.5000 0.0000 0.5000 0.0000 0.5000 0.0000 0.5000 0.0000 0.5000 0.0000 0.5000 0.0000 0.5000 0.0000 0.5000 0.0000 0.5000 0.0000 0.5000 0.0000 0.5000 0.0000 0.5000 0.0000 0.5000 0.0000 0.5000 0.0000 0.5000 0.0000 0.5000 0.0000 0.5000 0.0000 0.5000 0.0000 0.5000 0.0000 0.5000 0.0000 0.5000 0.0000 0.5000 0.0000 0.5000 0.0000 0.5000 0.0000 0.5000 0.0000 0.5000 0.0000 0.5000 0.0000 0.5000 0.0000 0.5000 0.0000 0.5000 0.0000 0.5000 0.0000 0.5000 0.0000 0.5000 0.0000 0.5000 0.0000 0.5000 0.0000 0.5000 0.0000 0.5000 0.0000 0.5000 0.0000 0.5000 0.0000 0.5000 0.0000 0.5000 0.0000 0.5000 0.0000 0.5000 0.0000 0.5000 0.0000 0.5000 0.0000 0.5000 0.0000 0.5000 0.0000 0.5000 0.0000 0.5000 0.0000 0.5000 0.0000 0.5000 0.0000 0.5000 0.0000 0.5000 0.0000 0.5000 0.0000 0.5000 0.0000 0.5000 0.0000 0.5000 0.0000 0.5000 0.0000 0.5000 0.0000 0.5000 0.0000 0.5000 0.0000 0.5000 0.0000 0.5000 0.0000 0.5000 0.0000 0.5000 0.0000 0.5000 0.0000 0.5000 0.0000 0.5000 0.0000 0.5000 0.0000 0.5000 0.0000 0.5000 0.0000 0.5000 0.0000 0.5000 0.0000 0.5000 0.0000 0.5000 0.0000 0.5000 0.0000 0.5000 0.0000 0.5000 0.0000 0.5000 0.0000 0.5000 0.0000 0.5000 " />
						</IndexedFaceSet>
					</Shape>
				</Group>
			</Transform>
		</Transform>
		<Transform DEF="estanteria-travesaños_005_TRANSFORM"
		           translation="1.000787 0.337130 -2.435600"
		           scale="-1.000000 -1.000000 -1.000000"
		           rotation="0.577350 0.577350 0.577350 2.094395"
		           >
			<Transform DEF="estanteria-travesaños_005_ifs_TRANSFORM"
			           translation="0.000000 0.000000 -0.000000"
			           scale="1.000000 1.000000 1.000000"
			           rotation="0.000000 0.000000 0.000000 0.000000"
			           >
				<Group DEF="group_ME_estanteria-travesaños_005">
					<Shape>
						<Appearance>
							<Material USE="MA_hiper-atlas" />
						</Appearance>
						<IndexedFaceSet solid="false"
						                creaseAngle="4.0000"
						                texCoordIndex="0 1 2 3 -1 4 5 6 7 -1 8 9 10 11 -1 12 13 14 15 -1 16 17 18 19 -1 20 21 22 23 -1 24 25 26 27 -1 28 29 30 31 -1 32 33 34 35 -1 36 37 38 39 -1 40 41 42 43 -1 44 45 46 47 -1 48 49 50 51 -1 52 53 54 55 -1 56 57 58 59 -1 60 61 62 63 -1 64 65 66 67 -1 68 69 70 71 -1 72 73 74 75 -1 76 77 78 79 -1 80 81 82 83 -1 84 85 86 87 -1 88 89 90 91 -1 92 93 94 95 -1 96 97 98 99 -1 100 101 102 103 -1 104 105 106 107 -1 108 109 110 111 -1 112 113 114 115 -1 116 117 118 119 -1 120 121 122 123 -1 124 125 126 127 -1 128 129 130 131 -1 132 133 134 135 -1 136 137 138 139 -1 140 141 142 143 -1 144 145 146 147 -1 148 149 150 151 -1 152 153 154 155 -1 156 157 158 159 -1 160 161 162 163 -1 164 165 166 167 -1 168 169 170 171 -1 172 173 174 175 -1 176 177 178 179 -1 180 181 182 183 -1 184 185 186 187 -1 188 189 190 191 -1 192 193 194 195 -1 196 197 198 199 -1 "
						                coordIndex="24 1 3 25 -1 35 23 7 26 -1 26 7 5 27 -1 31 15 1 24 -1 28 12 13 29 -1 27 5 12 28 -1 29 13 14 30 -1 30 14 15 31 -1 25 3 20 32 -1 32 20 21 33 -1 33 21 22 34 -1 34 22 23 35 -1 17 34 35 16 -1 18 33 34 17 -1 19 32 33 18 -1 2 25 32 19 -1 9 30 31 8 -1 10 29 30 9 -1 4 27 28 11 -1 11 28 29 10 -1 8 31 24 0 -1 6 26 27 4 -1 16 35 26 6 -1 0 24 25 2 -1 41 43 42 40 -1 43 45 44 42 -1 55 57 56 54 -1 45 47 46 44 -1 47 49 48 46 -1 49 51 50 48 -1 51 53 52 50 -1 53 55 54 52 -1 57 59 58 56 -1 59 61 60 58 -1 61 63 62 60 -1 37 39 38 36 -1 39 41 40 38 -1 69 71 70 68 -1 71 73 72 70 -1 65 67 66 64 -1 85 87 86 84 -1 73 75 74 72 -1 75 77 76 74 -1 77 79 78 76 -1 79 81 80 78 -1 81 83 82 80 -1 87 89 88 86 -1 89 91 90 88 -1 83 85 84 82 -1 67 69 68 66 -1 "
						                >
							<Coordinate DEF="coords_ME_estanteria-travesaños_005"
							            point="-0.050000 -0.030000 -0.705000 -0.050000 -0.030000 0.705000 -0.050000 0.030000 -0.705000 -0.050000 0.030000 0.705000 0.050000 -0.030000 -0.705000 0.050000 -0.030000 0.705000 0.050000 0.030000 -0.705000 0.050000 0.030000 0.705000 -0.030000 -0.030000 -0.705000 -0.028208 -0.015689 -0.705000 0.028208 -0.015689 -0.705000 0.030000 -0.030000 -0.705000 0.030000 -0.030000 0.705000 0.028208 -0.015689 0.705000 -0.028208 -0.015689 0.705000 -0.030000 -0.030000 0.705000 0.030000 0.030000 -0.705000 0.028208 0.015690 -0.705000 -0.028208 0.015690 -0.705000 -0.030000 0.030000 -0.705000 -0.030000 0.030000 0.705000 -0.028208 0.015690 0.705000 0.028208 0.015690 0.705000 0.030000 0.030000 0.705000 -0.050000 -0.030000 0.000000 -0.050000 0.030000 0.000000 0.050000 0.030000 0.000000 0.050000 -0.030000 0.000000 0.030000 -0.030000 0.000000 0.028208 -0.015689 0.000000 -0.028208 -0.015689 0.000000 -0.030000 -0.030000 0.000000 -0.030000 0.030000 0.000000 -0.028208 0.015690 0.000000 0.028208 0.015690 0.000000 0.030000 0.030000 0.000000 0.170005 -0.035349 0.691312 -0.089995 -0.035349 0.691312 0.170005 -0.022145 0.692767 -0.089995 -0.022145 0.692767 0.170005 -0.002267 0.694984 -0.089995 -0.002267 0.694984 0.170005 0.012607 0.696312 -0.089995 0.012607 0.696312 0.170005 0.018797 0.697124 -0.089995 0.018797 0.697124 0.170005 0.019724 0.697575 -0.089995 0.019724 0.697575 0.170005 0.020448 0.698174 -0.089995 0.020448 0.698174 0.170005 0.020993 0.698944 -0.089995 0.020993 0.698944 0.170005 0.021382 0.699908 -0.089995 0.021382 0.699908 0.170005 0.021637 0.701090 -0.089995 0.021637 0.701090 0.170005 0.021835 0.706186 -0.089995 0.021835 0.706186 0.170005 0.020895 0.714869 -0.089995 0.020895 0.714869 0.170005 0.019276 0.723961 -0.089995 0.019276 0.723961 0.170005 0.018418 0.733622 -0.089995 0.018418 0.733622 0.170005 -0.035349 -0.689738 -0.089995 -0.035349 -0.689738 0.170005 -0.022144 -0.691193 -0.089995 -0.022144 -0.691193 0.170005 -0.002267 -0.693410 -0.089995 -0.002267 -0.693410 0.170005 0.012608 -0.694738 -0.089995 0.012608 -0.694738 0.170005 0.017645 -0.695221 -0.089995 0.017645 -0.695221 0.170005 0.018797 -0.695550 -0.089995 0.018797 -0.695550 0.170005 0.019724 -0.696001 -0.089995 0.019724 -0.696001 0.170005 0.020448 -0.696600 -0.089995 0.020448 -0.696600 0.170005 0.020993 -0.697370 -0.089995 0.020993 -0.697370 0.170005 0.021382 -0.698334 -0.089995 0.021382 -0.698334 0.170005 0.021835 -0.704612 -0.089995 0.021835 -0.704612 0.170005 0.020895 -0.713295 -0.089995 0.020895 -0.713295 0.170005 0.019277 -0.722387 -0.089995 0.019277 -0.722387 0.170005 0.018418 -0.732048 -0.089995 0.018418 -0.732048 "
							            />
							<TextureCoordinate point="0.1511 0.6525 0.1511 0.7011 0.1469 0.7011 0.1469 0.6525 0.2303 0.6660 0.2303 0.6974 0.2290 0.6974 0.2290 0.6660 0.1511 0.6525 0.1511 0.7011 0.1469 0.7011 0.1469 0.6525 0.2303 0.6660 0.2303 0.6974 0.2290 0.6974 0.2290 0.6660 0.2357 0.6660 0.2357 0.6974 0.2348 0.6974 0.2348 0.6660 0.2370 0.6660 0.2370 0.6974 0.2357 0.6974 0.2357 0.6660 0.2348 0.6660 0.2348 0.6974 0.2312 0.6974 0.2312 0.6660 0.2312 0.6660 0.2312 0.6974 0.2303 0.6974 0.2303 0.6660 0.2370 0.6660 0.2370 0.6974 0.2357 0.6974 0.2357 0.6660 0.2357 0.6660 0.2357 0.6974 0.2348 0.6974 0.2348 0.6660 0.2348 0.6660 0.2348 0.6974 0.2312 0.6974 0.2312 0.6660 0.2312 0.6660 0.2312 0.6974 0.2303 0.6974 0.2303 0.6660 0.2312 0.6974 0.2312 0.6659 0.2303 0.6659 0.2303 0.6974 0.2348 0.6974 0.2348 0.6659 0.2312 0.6659 0.2312 0.6974 0.2357 0.6974 0.2357 0.6659 0.2348 0.6659 0.2348 0.6974 0.2370 0.6974 0.2370 0.6659 0.2357 0.6659 0.2357 0.6974 0.2312 0.6974 0.2312 0.6660 0.2303 0.6660 0.2303 0.6974 0.2348 0.6974 0.2348 0.6660 0.2312 0.6660 0.2312 0.6974 0.2370 0.6974 0.2370 0.6660 0.2357 0.6660 0.2357 0.6974 0.2357 0.6974 0.2357 0.6660 0.2348 0.6660 0.2348 0.6974 0.2303 0.6974 0.2303 0.6660 0.2290 0.6660 0.2290 0.6974 0.1511 0.6525 0.1511 0.7011 0.1469 0.7011 0.1469 0.6525 0.2303 0.6974 0.2303 0.6659 0.2290 0.6659 0.2290 0.6974 0.1511 0.6525 0.1511 0.7011 0.1469 0.7011 0.1469 0.6525 0.0000 0.5000 0.0000 0.5000 0.0000 0.5000 0.0000 0.5000 0.0000 0.5000 0.0000 0.5000 0.0000 0.5000 0.0000 0.5000 0.0000 0.5000 0.0000 0.5000 0.0000 0.5000 0.0000 0.5000 0.0000 0.5000 0.0000 0.5000 0.0000 0.5000 0.0000 0.5000 0.0000 0.5000 0.0000 0.5000 0.0000 0.5000 0.0000 0.5000 0.0000 0.5000 0.0000 0.5000 0.0000 0.5000 0.0000 0.5000 0.0000 0.5000 0.0000 0.5000 0.0000 0.5000 0.0000 0.5000 0.0000 0.5000 0.0000 0.5000 0.0000 0.5000 0.0000 0.5000 0.0000 0.5000 0.0000 0.5000 0.0000 0.5000 0.0000 0.5000 0.0000 0.5000 0.0000 0.5000 0.0000 0.5000 0.0000 0.5000 0.0000 0.5000 0.0000 0.5000 0.0000 0.5000 0.0000 0.5000 0.0000 0.5000 0.0000 0.5000 0.0000 0.5000 0.0000 0.5000 0.0000 0.5000 0.0000 0.5000 0.0000 0.5000 0.0000 0.5000 0.0000 0.5000 0.0000 0.5000 0.0000 0.5000 0.0000 0.5000 0.0000 0.5000 0.0000 0.5000 0.0000 0.5000 0.0000 0.5000 0.0000 0.5000 0.0000 0.5000 0.0000 0.5000 0.0000 0.5000 0.0000 0.5000 0.0000 0.5000 0.0000 0.5000 0.0000 0.5000 0.0000 0.5000 0.0000 0.5000 0.0000 0.5000 0.0000 0.5000 0.0000 0.5000 0.0000 0.5000 0.0000 0.5000 0.0000 0.5000 0.0000 0.5000 0.0000 0.5000 0.0000 0.5000 0.0000 0.5000 0.0000 0.5000 0.0000 0.5000 0.0000 0.5000 0.0000 0.5000 0.0000 0.5000 0.0000 0.5000 0.0000 0.5000 0.0000 0.5000 0.0000 0.5000 0.0000 0.5000 0.0000 0.5000 0.0000 0.5000 0.0000 0.5000 0.0000 0.5000 0.0000 0.5000 0.0000 0.5000 0.0000 0.5000 0.0000 0.5000 0.0000 0.5000 0.0000 0.5000 0.0000 0.5000 0.0000 0.5000 0.0000 0.5000 0.0000 0.5000 " />
						</IndexedFaceSet>
					</Shape>
				</Group>
			</Transform>
		</Transform>
		<Transform DEF="Caja-cubierta-lona_TRANSFORM"
		           translation="0.000000 0.000000 0.000000"
		           scale="1.000000 1.000000 1.000000"
		           rotation="0.000000 0.707107 0.707107 3.141593"
		           >
			<Transform DEF="Caja-cubierta-lona_ifs_TRANSFORM"
			           translation="0.000000 0.000000 0.000000"
			           scale="1.000000 1.000000 1.000000"
			           rotation="0.000000 1.000000 0.000000 0.000000"
			           >
				<Group DEF="group_ME_caja-cubierta-lona">
					<Shape>
						<Appearance>
							<Material USE="MA_hiper-atlas" />
						</Appearance>
						<IndexedFaceSet solid="false"
						                creaseAngle="4.0000"
						                texCoordIndex="0 1 2 3 -1 4 5 6 7 -1 8 9 10 11 -1 12 13 14 15 -1 16 17 18 19 -1 20 21 22 23 -1 24 25 26 27 -1 28 29 30 31 -1 32 33 34 35 -1 36 37 38 39 -1 40 41 42 43 -1 44 45 46 47 -1 48 49 50 51 -1 52 53 54 55 -1 56 57 58 59 -1 60 61 62 63 -1 64 65 66 67 -1 68 69 70 71 -1 72 73 74 75 -1 76 77 78 79 -1 80 81 82 83 -1 84 85 86 87 -1 88 89 90 91 -1 92 93 94 95 -1 96 97 98 99 -1 100 101 102 103 -1 104 105 106 107 -1 108 109 110 111 -1 112 113 114 115 -1 116 117 118 119 -1 120 121 122 123 -1 124 125 126 127 -1 128 129 130 131 -1 132 133 134 135 -1 136 137 138 139 -1 140 141 142 143 -1 144 145 146 147 -1 148 149 150 151 -1 152 153 154 155 -1 156 157 158 159 -1 160 161 162 163 -1 164 165 166 167 -1 168 169 170 171 -1 172 173 174 175 -1 176 177 178 179 -1 180 181 182 183 -1 184 185 186 187 -1 188 189 190 191 -1 192 193 194 195 -1 196 197 198 199 -1 200 201 202 203 -1 204 205 206 207 -1 208 209 210 211 -1 212 213 214 215 -1 216 217 218 219 -1 220 221 222 223 -1 224 225 226 227 -1 228 229 230 231 -1 232 233 234 235 -1 236 237 238 239 -1 240 241 242 243 -1 244 245 246 247 -1 248 249 250 251 -1 252 253 254 255 -1 256 257 258 259 -1 260 261 262 263 -1 264 265 266 267 -1 268 269 270 271 -1 272 273 274 275 -1 276 277 278 279 -1 280 281 282 283 -1 284 285 286 287 -1 288 289 290 291 -1 292 293 294 295 -1 296 297 298 299 -1 300 301 302 303 -1 304 305 306 307 -1 308 309 310 311 -1 312 313 314 315 -1 316 317 318 319 -1 320 321 322 323 -1 324 325 326 327 -1 328 329 330 331 -1 332 333 334 335 -1 336 337 338 339 -1 340 341 342 343 -1 344 345 346 347 -1 348 349 350 351 -1 352 353 354 355 -1 356 357 358 359 -1 360 361 362 363 -1 364 365 366 367 -1 368 369 370 371 -1 372 373 374 375 -1 376 377 378 379 -1 380 381 382 383 -1 384 385 386 387 -1 388 389 390 391 -1 392 393 394 395 -1 396 397 398 399 -1 400 401 402 403 -1 404 405 406 407 -1 408 409 410 411 -1 412 413 414 415 -1 416 417 418 419 -1 420 421 422 423 -1 424 425 426 427 -1 428 429 430 431 -1 432 433 434 435 -1 436 437 438 439 -1 440 441 442 443 -1 444 445 446 447 -1 448 449 450 451 -1 452 453 454 455 -1 456 457 458 459 -1 460 461 462 463 -1 464 465 466 467 -1 468 469 470 471 -1 472 473 474 475 -1 476 477 478 479 -1 480 481 482 483 -1 484 485 486 487 -1 488 489 490 491 -1 492 493 494 495 -1 496 497 498 499 -1 500 501 502 503 -1 504 505 506 507 -1 508 509 510 511 -1 512 513 514 515 -1 516 517 518 519 -1 520 521 522 523 -1 524 525 526 527 -1 528 529 530 531 -1 532 533 534 535 -1 536 537 538 539 -1 540 541 542 543 -1 544 545 546 547 -1 548 549 550 551 -1 552 553 554 555 -1 556 557 558 559 -1 560 561 562 563 -1 564 565 566 567 -1 568 569 570 571 -1 572 573 574 575 -1 576 577 578 579 -1 580 581 582 583 -1 584 585 586 587 -1 588 589 590 591 -1 592 593 594 595 -1 596 597 598 599 -1 600 601 602 603 -1 604 605 606 607 -1 608 609 610 611 -1 612 613 614 615 -1 616 617 618 619 -1 620 621 622 623 -1 624 625 626 627 -1 628 629 630 631 -1 632 633 634 635 -1 636 637 638 639 -1 640 641 642 643 -1 644 645 646 647 -1 648 649 650 651 -1 652 653 654 655 -1 656 657 658 659 -1 660 661 662 663 -1 664 665 666 667 -1 668 669 670 671 -1 672 673 674 675 -1 676 677 678 679 -1 680 681 682 683 -1 684 685 686 687 -1 688 689 690 691 -1 692 693 694 695 -1 696 697 698 699 -1 700 701 702 703 -1 704 705 706 707 -1 708 709 710 711 -1 712 713 714 715 -1 716 717 718 719 -1 720 721 722 723 -1 724 725 726 727 -1 728 729 730 731 -1 732 733 734 735 -1 736 737 738 739 -1 740 741 742 743 -1 744 745 746 747 -1 748 749 750 751 -1 752 753 754 755 -1 756 757 758 759 -1 760 761 762 763 -1 764 765 766 767 -1 768 769 770 771 -1 772 773 774 775 -1 776 777 778 779 -1 780 781 782 783 -1 784 785 786 787 -1 788 789 790 791 -1 792 793 794 795 -1 796 797 798 799 -1 800 801 802 803 -1 804 805 806 807 -1 808 809 810 811 -1 812 813 814 815 -1 816 817 818 819 -1 820 821 822 823 -1 824 825 826 827 -1 828 829 830 831 -1 832 833 834 835 -1 836 837 838 839 -1 840 841 842 843 -1 844 845 846 847 -1 848 849 850 851 -1 852 853 854 855 -1 856 857 858 859 -1 860 861 862 863 -1 864 865 866 867 -1 868 869 870 871 -1 872 873 874 875 -1 876 877 878 879 -1 880 881 882 883 -1 884 885 886 887 -1 888 889 890 891 -1 892 893 894 895 -1 896 897 898 899 -1 900 901 902 903 -1 904 905 906 907 -1 908 909 910 911 -1 912 913 914 915 -1 916 917 918 919 -1 920 921 922 923 -1 924 925 926 927 -1 928 929 930 931 -1 932 933 934 935 -1 936 937 938 939 -1 940 941 942 943 -1 944 945 946 947 -1 948 949 950 951 -1 952 953 954 955 -1 956 957 958 959 -1 960 961 962 963 -1 964 965 966 967 -1 968 969 970 971 -1 972 973 974 975 -1 976 977 978 979 -1 980 981 982 983 -1 984 985 986 987 -1 988 989 990 991 -1 992 993 994 995 -1 996 997 998 999 -1 1000 1001 1002 1003 -1 1004 1005 1006 1007 -1 1008 1009 1010 1011 -1 1012 1013 1014 1015 -1 1016 1017 1018 1019 -1 1020 1021 1022 1023 -1 1024 1025 1026 1027 -1 1028 1029 1030 1031 -1 1032 1033 1034 1035 -1 1036 1037 1038 1039 -1 1040 1041 1042 1043 -1 1044 1045 1046 1047 -1 1048 1049 1050 1051 -1 1052 1053 1054 1055 -1 1056 1057 1058 1059 -1 1060 1061 1062 1063 -1 1064 1065 1066 1067 -1 1068 1069 1070 1071 -1 1072 1073 1074 1075 -1 1076 1077 1078 1079 -1 1080 1081 1082 1083 -1 1084 1085 1086 1087 -1 1088 1089 1090 1091 -1 1092 1093 1094 1095 -1 1096 1097 1098 1099 -1 1100 1101 1102 1103 -1 1104 1105 1106 1107 -1 1108 1109 1110 1111 -1 1112 1113 1114 1115 -1 1116 1117 1118 1119 -1 1120 1121 1122 1123 -1 1124 1125 1126 1127 -1 1128 1129 1130 1131 -1 1132 1133 1134 1135 -1 1136 1137 1138 1139 -1 1140 1141 1142 1143 -1 1144 1145 1146 1147 -1 1148 1149 1150 1151 -1 1152 1153 1154 1155 -1 1156 1157 1158 1159 -1 1160 1161 1162 1163 -1 1164 1165 1166 1167 -1 1168 1169 1170 1171 -1 1172 1173 1174 1175 -1 1176 1177 1178 1179 -1 1180 1181 1182 1183 -1 1184 1185 1186 1187 -1 1188 1189 1190 1191 -1 1192 1193 1194 1195 -1 1196 1197 1198 1199 -1 1200 1201 1202 1203 -1 1204 1205 1206 1207 -1 1208 1209 1210 1211 -1 1212 1213 1214 1215 -1 1216 1217 1218 1219 -1 1220 1221 1222 1223 -1 1224 1225 1226 1227 -1 1228 1229 1230 1231 -1 1232 1233 1234 1235 -1 1236 1237 1238 1239 -1 1240 1241 1242 1243 -1 1244 1245 1246 1247 -1 1248 1249 1250 1251 -1 1252 1253 1254 1255 -1 1256 1257 1258 1259 -1 1260 1261 1262 1263 -1 1264 1265 1266 1267 -1 1268 1269 1270 1271 -1 1272 1273 1274 1275 -1 1276 1277 1278 1279 -1 1280 1281 1282 1283 -1 1284 1285 1286 1287 -1 1288 1289 1290 1291 -1 1292 1293 1294 1295 -1 1296 1297 1298 1299 -1 1300 1301 1302 1303 -1 1304 1305 1306 1307 -1 1308 1309 1310 1311 -1 1312 1313 1314 1315 -1 1316 1317 1318 1319 -1 1320 1321 1322 1323 -1 1324 1325 1326 1327 -1 1328 1329 1330 1331 -1 1332 1333 1334 1335 -1 1336 1337 1338 1339 -1 1340 1341 1342 1343 -1 1344 1345 1346 1347 -1 1348 1349 1350 1351 -1 1352 1353 1354 1355 -1 1356 1357 1358 1359 -1 1360 1361 1362 1363 -1 1364 1365 1366 1367 -1 1368 1369 1370 1371 -1 1372 1373 1374 1375 -1 1376 1377 1378 1379 -1 1380 1381 1382 1383 -1 1384 1385 1386 1387 -1 1388 1389 1390 1391 -1 1392 1393 1394 1395 -1 1396 1397 1398 1399 -1 1400 1401 1402 1403 -1 1404 1405 1406 1407 -1 1408 1409 1410 1411 -1 1412 1413 1414 1415 -1 1416 1417 1418 1419 -1 1420 1421 1422 1423 -1 1424 1425 1426 1427 -1 1428 1429 1430 1431 -1 1432 1433 1434 1435 -1 1436 1437 1438 1439 -1 1440 1441 1442 1443 -1 1444 1445 1446 1447 -1 1448 1449 1450 1451 -1 1452 1453 1454 1455 -1 1456 1457 1458 1459 -1 1460 1461 1462 1463 -1 1464 1465 1466 1467 -1 1468 1469 1470 1471 -1 1472 1473 1474 1475 -1 1476 1477 1478 1479 -1 1480 1481 1482 1483 -1 1484 1485 1486 1487 -1 1488 1489 1490 1491 -1 1492 1493 1494 1495 -1 1496 1497 1498 1499 -1 1500 1501 1502 1503 -1 1504 1505 1506 1507 -1 1508 1509 1510 1511 -1 1512 1513 1514 1515 -1 1516 1517 1518 1519 -1 1520 1521 1522 1523 -1 1524 1525 1526 1527 -1 1528 1529 1530 1531 -1 1532 1533 1534 1535 -1 "
						                coordIndex="385 167 6 104 -1 384 104 6 101 -1 383 107 4 163 -1 382 169 3 106 -1 381 105 2 162 -1 380 108 0 160 -1 379 122 10 148 -1 378 123 20 172 -1 377 120 18 173 -1 376 126 12 150 -1 375 127 21 176 -1 374 117 15 177 -1 373 130 16 118 -1 372 131 22 180 -1 371 157 19 181 -1 370 134 13 151 -1 369 135 23 184 -1 368 119 17 185 -1 367 138 11 113 -1 366 139 24 188 -1 365 116 14 189 -1 364 142 14 116 -1 363 143 25 192 -1 362 155 17 193 -1 361 194 73 145 -1 360 195 74 196 -1 359 107 35 197 -1 358 198 72 144 -1 357 199 75 200 -1 356 191 71 201 -1 355 202 44 164 -1 354 203 76 204 -1 353 190 70 205 -1 352 206 69 141 -1 351 207 77 208 -1 350 164 44 209 -1 349 210 68 140 -1 348 211 78 212 -1 347 187 67 213 -1 346 214 41 161 -1 345 215 79 216 -1 344 186 66 217 -1 343 218 65 137 -1 342 219 80 220 -1 341 167 47 221 -1 340 222 64 136 -1 339 223 81 224 -1 338 183 63 225 -1 337 226 31 103 -1 336 227 82 228 -1 335 182 62 229 -1 334 230 61 133 -1 333 231 83 232 -1 332 109 37 233 -1 331 234 60 132 -1 330 235 84 236 -1 329 179 59 237 -1 328 238 46 166 -1 327 239 85 240 -1 326 178 58 241 -1 325 242 57 129 -1 324 243 86 244 -1 323 165 45 245 -1 322 246 56 128 -1 321 247 87 248 -1 320 175 55 249 -1 319 250 30 102 -1 318 251 88 252 -1 317 174 54 253 -1 316 254 53 125 -1 315 255 89 256 -1 314 168 48 257 -1 313 258 52 124 -1 312 259 90 260 -1 311 171 51 261 -1 310 262 28 100 -1 309 263 91 264 -1 308 170 50 265 -1 307 266 40 112 -1 306 267 92 268 -1 305 156 36 269 -1 304 270 42 114 -1 303 271 93 272 -1 302 153 33 273 -1 301 274 34 154 -1 300 275 94 276 -1 299 121 49 277 -1 298 278 43 115 -1 297 279 95 280 -1 296 155 35 281 -1 295 282 29 149 -1 294 283 96 284 -1 293 152 32 285 -1 292 286 32 152 -1 291 287 97 288 -1 290 119 47 289 -1 287 290 289 97 -1 73 193 290 287 -1 193 17 119 290 -1 190 291 288 70 -1 25 145 291 190 -1 145 73 287 291 -1 142 292 152 14 -1 70 288 292 142 -1 288 97 286 292 -1 283 293 285 96 -1 69 189 293 283 -1 189 14 152 293 -1 186 294 284 66 -1 24 141 294 186 -1 141 69 283 294 -1 138 295 149 11 -1 66 284 295 138 -1 284 96 282 295 -1 279 296 281 95 -1 65 185 296 279 -1 185 17 155 296 -1 182 297 280 62 -1 23 137 297 182 -1 137 65 279 297 -1 134 298 115 13 -1 62 280 298 134 -1 280 95 278 298 -1 275 299 277 94 -1 61 181 299 275 -1 181 19 121 299 -1 178 300 276 58 -1 22 133 300 178 -1 133 61 275 300 -1 130 301 154 16 -1 58 276 301 130 -1 276 94 274 301 -1 271 302 273 93 -1 57 177 302 271 -1 177 15 153 302 -1 174 303 272 54 -1 21 129 303 174 -1 129 57 271 303 -1 126 304 114 12 -1 54 272 304 126 -1 272 93 270 304 -1 267 305 269 92 -1 53 173 305 267 -1 173 18 156 305 -1 170 306 268 50 -1 20 125 306 170 -1 125 53 267 306 -1 122 307 112 10 -1 50 268 307 122 -1 268 92 266 307 -1 263 308 265 91 -1 52 172 308 263 -1 172 20 170 308 -1 111 309 264 39 -1 9 124 309 111 -1 124 52 263 309 -1 159 310 100 1 -1 39 264 310 159 -1 264 91 262 310 -1 259 311 261 90 -1 31 151 311 259 -1 151 13 171 311 -1 99 312 260 27 -1 5 103 312 99 -1 103 31 259 312 -1 147 313 124 9 -1 27 260 313 147 -1 260 90 258 313 -1 255 314 257 89 -1 43 163 314 255 -1 163 4 168 314 -1 171 315 256 51 -1 13 115 315 171 -1 115 43 255 315 -1 123 316 125 20 -1 51 256 316 123 -1 256 89 254 316 -1 251 317 253 88 -1 56 176 317 251 -1 176 21 174 317 -1 121 318 252 49 -1 19 128 318 121 -1 128 56 251 318 -1 169 319 102 3 -1 49 252 319 169 -1 252 88 250 319 -1 247 320 249 87 -1 28 148 320 247 -1 148 10 175 320 -1 109 321 248 37 -1 1 100 321 109 -1 100 28 247 321 -1 157 322 128 19 -1 37 248 322 157 -1 248 87 246 322 -1 243 323 245 86 -1 40 160 323 243 -1 160 0 165 323 -1 175 324 244 55 -1 10 112 324 175 -1 112 40 243 324 -1 127 325 129 21 -1 55 244 325 127 -1 244 86 242 325 -1 239 326 241 85 -1 60 180 326 239 -1 180 22 178 326 -1 146 327 240 26 -1 8 132 327 146 -1 132 60 239 327 -1 98 328 166 7 -1 26 240 328 98 -1 240 85 238 328 -1 235 329 237 84 -1 27 147 329 235 -1 147 9 179 329 -1 158 330 236 38 -1 5 99 330 158 -1 99 27 235 330 -1 110 331 132 8 -1 38 236 331 110 -1 236 84 234 331 -1 231 332 233 83 -1 39 159 332 231 -1 159 1 109 332 -1 179 333 232 59 -1 9 111 333 179 -1 111 39 231 333 -1 131 334 133 22 -1 59 232 334 131 -1 232 83 230 334 -1 227 335 229 82 -1 64 184 335 227 -1 184 23 182 335 -1 110 336 228 38 -1 8 136 336 110 -1 136 64 227 336 -1 158 337 103 5 -1 38 228 337 158 -1 228 82 226 337 -1 223 338 225 81 -1 41 113 338 223 -1 113 11 183 338 -1 98 339 224 26 -1 7 161 339 98 -1 161 41 223 339 -1 146 340 136 8 -1 26 224 340 146 -1 224 81 222 340 -1 219 341 221 80 -1 29 101 341 219 -1 101 6 167 341 -1 183 342 220 63 -1 11 149 342 183 -1 149 29 219 342 -1 135 343 137 23 -1 63 220 343 135 -1 220 80 218 343 -1 215 344 217 79 -1 68 188 344 215 -1 188 24 186 344 -1 118 345 216 46 -1 16 140 345 118 -1 140 68 215 345 -1 166 346 161 7 -1 46 216 346 166 -1 216 79 214 346 -1 211 347 213 78 -1 30 150 347 211 -1 150 12 187 347 -1 106 348 212 34 -1 3 102 348 106 -1 102 30 211 348 -1 154 349 140 16 -1 34 212 349 154 -1 212 78 210 349 -1 207 350 209 77 -1 42 162 350 207 -1 162 2 164 350 -1 187 351 208 67 -1 12 114 351 187 -1 114 42 207 351 -1 139 352 141 24 -1 67 208 352 139 -1 208 77 206 352 -1 203 353 205 76 -1 72 192 353 203 -1 192 25 190 353 -1 153 354 204 33 -1 15 144 354 153 -1 144 72 203 354 -1 105 355 164 2 -1 33 204 355 105 -1 204 76 202 355 -1 199 356 201 75 -1 36 156 356 199 -1 156 18 191 356 -1 165 357 200 45 -1 0 108 357 165 -1 108 36 199 357 -1 117 358 144 15 -1 45 200 358 117 -1 200 75 198 358 -1 195 359 197 74 -1 48 168 359 195 -1 168 4 107 359 -1 191 360 196 71 -1 18 120 360 191 -1 120 48 195 360 -1 143 361 145 25 -1 71 196 361 143 -1 196 74 194 361 -1 194 362 193 73 -1 74 197 362 194 -1 197 35 155 362 -1 198 363 192 72 -1 75 201 363 198 -1 201 71 143 363 -1 202 364 116 44 -1 76 205 364 202 -1 205 70 142 364 -1 206 365 189 69 -1 77 209 365 206 -1 209 44 116 365 -1 210 366 188 68 -1 78 213 366 210 -1 213 67 139 366 -1 214 367 113 41 -1 79 217 367 214 -1 217 66 138 367 -1 218 368 185 65 -1 80 221 368 218 -1 221 47 119 368 -1 222 369 184 64 -1 81 225 369 222 -1 225 63 135 369 -1 226 370 151 31 -1 82 229 370 226 -1 229 62 134 370 -1 230 371 181 61 -1 83 233 371 230 -1 233 37 157 371 -1 234 372 180 60 -1 84 237 372 234 -1 237 59 131 372 -1 238 373 118 46 -1 85 241 373 238 -1 241 58 130 373 -1 242 374 177 57 -1 86 245 374 242 -1 245 45 117 374 -1 246 375 176 56 -1 87 249 375 246 -1 249 55 127 375 -1 250 376 150 30 -1 88 253 376 250 -1 253 54 126 376 -1 254 377 173 53 -1 89 257 377 254 -1 257 48 120 377 -1 258 378 172 52 -1 90 261 378 258 -1 261 51 123 378 -1 262 379 148 28 -1 91 265 379 262 -1 265 50 122 379 -1 266 380 160 40 -1 92 269 380 266 -1 269 36 108 380 -1 270 381 162 42 -1 93 273 381 270 -1 273 33 105 381 -1 274 382 106 34 -1 94 277 382 274 -1 277 49 169 382 -1 278 383 163 43 -1 95 281 383 278 -1 281 35 107 383 -1 282 384 101 29 -1 96 285 384 282 -1 285 32 104 384 -1 286 385 104 32 -1 97 289 385 286 -1 289 47 167 385 -1 "
						                >
							<Coordinate DEF="coords_ME_caja-cubierta-lona"
							            point="0.370859 0.333151 0.714641 0.392894 0.333660 0.034294 0.374347 -0.273899 0.701916 0.417779 -0.321496 0.036225 -0.350368 0.321048 0.706151 -0.378743 0.337091 0.029837 -0.346938 -0.254925 0.712839 -0.382410 -0.255900 0.006372 -0.415557 0.004589 0.012647 0.004032 0.340645 -0.000960 0.386367 0.336132 0.352287 -0.346226 -0.268144 0.403276 0.385823 -0.272843 0.320863 -0.351595 0.335317 0.386764 -0.004644 -0.265524 0.707997 0.373278 0.009006 0.715286 0.003113 -0.269927 0.019658 -0.346388 0.011070 0.713674 0.001646 0.342965 0.709701 0.414081 0.009910 0.012551 0.002832 0.354482 0.349733 0.438384 0.006841 0.382091 -0.000333 0.010093 -0.003974 -0.379710 -0.005169 0.365846 0.003145 -0.278346 0.378920 -0.000609 0.010426 0.698890 -0.415899 -0.183983 0.012238 -0.242522 0.348491 0.008304 0.385278 0.336633 0.169279 -0.343998 -0.266124 0.529755 0.437923 -0.315787 0.101972 -0.358041 0.357080 0.143454 -0.233843 -0.261022 0.716389 0.382154 -0.184446 0.713334 0.263623 -0.338715 0.027478 -0.348107 0.209295 0.709542 0.233370 0.343231 0.715592 0.411522 0.185071 0.012056 -0.408082 0.192439 0.023355 0.227060 0.340905 0.011131 0.386242 0.339331 0.550582 -0.340155 -0.277379 0.157152 0.389573 -0.261297 0.561356 -0.349498 0.330310 0.531928 0.235473 -0.268808 0.708079 0.371018 0.202025 0.715668 -0.255333 -0.310168 0.020417 -0.345979 -0.187970 0.713750 -0.229010 0.333580 0.708745 0.408875 -0.185924 0.012230 0.230606 0.352777 0.364052 -0.229945 0.343753 0.366174 -0.009468 0.334193 0.160356 -0.003399 0.353424 0.562127 0.414028 -0.170128 0.349641 0.427323 0.193062 0.356236 0.439376 -0.003768 0.171796 0.381903 0.000151 0.536129 0.001280 -0.191893 -0.006738 -0.000718 0.211405 -0.003066 -0.234633 0.010663 -0.002468 0.234618 0.009986 -0.003674 -0.368032 0.220900 0.374864 -0.369686 -0.172099 0.386409 -0.413236 0.035623 0.157935 -0.359331 -0.002376 0.559082 -0.229614 -0.280557 0.372550 0.239059 -0.282804 0.336284 -0.024707 -0.281049 0.139732 -0.002987 -0.269798 0.581594 0.000383 -0.198321 0.718239 0.000126 0.214480 0.709628 0.236696 0.010253 0.699276 -0.242267 0.012469 0.708022 -0.238995 0.214708 0.712459 0.234636 0.214895 0.707922 0.235521 -0.195585 0.719238 0.216347 -0.266499 0.565061 0.218547 -0.282052 0.149643 -0.285762 -0.316924 0.150628 -0.364508 -0.172990 0.540708 -0.386823 -0.199710 0.168999 -0.414531 0.218591 0.151424 0.234545 0.210315 -0.002886 -0.235121 0.208656 -0.002317 -0.235520 -0.189277 -0.001203 0.415147 0.210093 0.550836 0.440111 0.196080 0.166615 0.440501 -0.190712 0.166932 -0.232278 0.346278 0.573123 -0.217088 0.353627 0.153844 0.226591 0.357026 0.162988 0.225624 0.352740 0.554047 0.414103 -0.183252 0.558358 0.235161 -0.187321 -0.005855 -0.367086 0.195205 0.544628 -0.248401 -0.275696 0.552237 -0.235059 -0.195299 0.716535 -0.404839 -0.223674 0.007384 -0.316968 0.336797 0.011156 0.388073 0.329321 0.097604 -0.341974 -0.259634 0.628735 0.432624 -0.328616 0.065553 -0.373610 0.347267 0.079717 -0.298546 -0.261880 0.716759 0.382267 -0.233165 0.714864 0.343478 -0.342523 0.012396 -0.349933 0.273395 0.708463 0.311550 0.341710 0.718646 0.384755 0.269917 0.016769 -0.407499 0.098918 0.015257 0.117299 0.333238 -0.005238 0.397754 0.338897 0.454114 -0.340046 -0.275199 0.281763 0.395046 -0.261114 0.442427 -0.354657 0.335214 0.458595 0.116728 -0.266440 0.706474 0.374107 0.106971 0.713989 -0.128622 -0.270009 0.021405 -0.344556 -0.089440 0.714611 -0.113916 0.337953 0.710780 0.413048 -0.086986 0.012370 0.313427 0.351034 0.365351 -0.116366 0.346933 0.358385 -0.001094 0.339254 0.073620 -0.000410 0.353671 0.455529 0.410243 -0.224097 0.336991 0.430061 0.100834 0.367214 0.419633 0.018271 0.078483 0.420352 0.019117 0.440990 0.000953 -0.236935 -0.002925 -0.000332 0.110008 -0.003407 -0.334409 0.008486 -0.001036 0.117132 0.010013 -0.003883 -0.365271 0.284493 0.379628 -0.373207 -0.095918 0.373602 -0.414501 0.018911 0.075869 -0.363456 -0.002954 0.461205 -0.289953 -0.272611 0.382385 0.121923 -0.275804 0.376690 -0.010094 -0.283533 0.075672 -0.002267 -0.274409 0.477235 -0.001936 -0.238266 0.723439 -0.000289 0.112347 0.701671 0.314674 0.009950 0.718457 -0.124168 0.014663 0.699132 -0.417269 -0.087957 0.017445 -0.119394 0.340465 -0.001426 0.380831 0.343352 0.260027 -0.348986 -0.271124 0.465987 0.390208 -0.282311 0.216640 -0.337096 0.353287 0.258788 -0.119053 -0.263776 0.711889 0.377242 -0.085123 0.713858 0.137154 -0.272612 0.021680 -0.345106 0.109079 0.713212 0.117594 0.342740 0.712615 0.409083 0.091022 0.023294 -0.411219 0.273026 0.007923 0.320514 0.339229 0.013738 0.375446 0.341046 0.640677 -0.363526 -0.276341 0.073883 0.386322 -0.263478 0.645133 -0.347131 0.325012 0.628624 0.312661 -0.272785 0.704079 0.370585 0.270505 0.716921 -0.325158 -0.276436 0.008903 -0.345551 -0.227702 0.714305 -0.295886 0.324023 0.711895 0.412743 -0.260024 0.023819 0.115970 0.353583 0.357601 -0.312478 0.343555 0.378542 0.003827 0.341752 0.257942 -0.000480 0.358580 0.642656 0.427614 -0.074088 0.351272 0.405247 0.272797 0.358802 0.436362 0.008052 0.269727 0.378947 0.005800 0.635981 0.000160 -0.090342 -0.002876 0.001571 0.282916 -0.002635 -0.117794 0.010190 -0.002983 0.333007 0.009759 -0.002805 -0.368720 0.109982 0.368594 -0.365260 -0.227511 0.394356 -0.392415 0.025778 0.259059 -0.351863 0.001591 0.642198 -0.113184 -0.281578 0.372359 0.319928 -0.283136 0.324448 0.007852 -0.266425 0.272453 -0.003266 -0.278333 0.647987 0.000361 -0.094694 0.702533 0.000880 0.286525 0.717387 0.118002 0.010232 0.697961 -0.302181 0.011279 0.715332 -0.239038 0.111689 0.712775 -0.233022 0.280060 0.715888 -0.118511 0.214599 0.709203 -0.300270 0.210936 0.717654 0.236962 0.112519 0.701014 0.234208 0.286665 0.720507 0.313363 0.208262 0.719008 0.117417 0.214597 0.710412 0.235349 -0.239470 0.720885 0.238256 -0.092576 0.703341 0.318035 -0.192221 0.719261 0.117804 -0.198418 0.719112 0.107594 -0.271014 0.573138 0.312562 -0.269684 0.563455 0.226917 -0.259203 0.455007 0.226501 -0.274842 0.643734 0.107565 -0.281356 0.150673 0.339309 -0.298159 0.118039 0.252751 -0.311753 0.063270 0.230815 -0.278950 0.252436 -0.316307 -0.296141 0.153024 -0.155630 -0.284156 0.146062 -0.274618 -0.315003 0.078377 -0.263042 -0.283751 0.259858 -0.354657 -0.083910 0.551304 -0.360474 -0.228026 0.537195 -0.374390 -0.178476 0.463766 -0.359637 -0.189427 0.627294 -0.401032 -0.078375 0.162914 -0.369637 -0.240823 0.163725 -0.404854 -0.186495 0.065853 -0.370940 -0.175918 0.267104 -0.383236 0.282671 0.143865 -0.424462 0.126295 0.157342 -0.414775 0.204900 0.086458 -0.388353 0.222554 0.258972 0.234754 0.110929 -0.004815 0.234331 0.283039 -0.004973 0.117051 0.210298 -0.003367 0.332024 0.202628 -0.002164 -0.234781 0.110076 -0.003068 -0.239799 0.288007 -0.002133 -0.330673 0.202193 -0.001130 -0.117794 0.209272 -0.002827 -0.248509 -0.257165 0.000820 -0.235079 -0.089132 -0.001548 -0.334953 -0.189163 -0.002022 -0.116879 -0.189586 -0.002700 0.409856 0.118873 0.534006 0.408264 0.279156 0.551652 0.421449 0.196837 0.456639 0.395442 0.217953 0.625296 0.432826 0.110468 0.163717 0.402383 0.276751 0.163723 0.433704 0.193656 0.083867 0.438901 0.200657 0.262195 0.442172 -0.256259 0.137793 0.434088 -0.097439 0.170839 0.433209 -0.189174 0.081911 0.437791 -0.173853 0.250425 -0.116543 0.353981 0.574227 -0.294659 0.341486 0.557652 -0.240801 0.340256 0.475569 -0.226804 0.340919 0.648437 -0.117366 0.349975 0.159268 -0.297905 0.355692 0.151706 -0.233607 0.356531 0.077332 -0.236893 0.346083 0.264500 0.321029 0.348679 0.169404 0.104579 0.340012 0.162663 0.232411 0.355270 0.079737 0.219219 0.346678 0.260969 0.320639 0.347987 0.554747 0.113834 0.355358 0.559312 0.233241 0.354117 0.461641 0.227876 0.349283 0.641688 0.403752 -0.225041 0.555674 0.387128 -0.099546 0.548201 0.419026 -0.177512 0.456009 0.396456 -0.197018 0.638233 0.255076 -0.257200 0.003121 0.234776 -0.089536 -0.004564 0.118847 -0.190150 -0.003113 0.329866 -0.188867 -0.005636 -0.360055 0.270491 0.538890 -0.362516 0.099689 0.570827 -0.376006 0.210851 0.461218 -0.350996 0.197503 0.635402 -0.311994 -0.277157 0.541592 -0.123767 -0.276979 0.566985 -0.236285 -0.275532 0.464124 -0.240888 -0.260380 0.638483 -0.234388 -0.234839 0.721045 -0.239912 -0.091092 0.709518 -0.117236 -0.196966 0.716413 -0.299515 -0.190914 0.717622 -0.301558 -0.089431 0.717363 -0.117597 -0.094555 0.704817 -0.118171 -0.237048 0.721837 -0.122057 -0.267568 0.644594 -0.109964 -0.264715 0.477991 -0.298069 -0.280183 0.465426 -0.348727 0.104380 0.638586 -0.372580 0.109170 0.456716 -0.372361 0.277642 0.459993 0.331698 -0.088148 -0.005453 0.117543 -0.089911 -0.004616 0.122266 -0.247989 0.006624 0.398906 -0.089896 0.617428 0.421411 -0.088704 0.457472 0.413800 -0.229942 0.449825 0.115786 0.359796 0.642722 0.120187 0.353754 0.459130 0.318801 0.348077 0.457037 0.115086 0.336163 0.260924 0.112330 0.338661 0.076330 0.323361 0.335748 0.089874 -0.304235 0.346006 0.261299 -0.311256 0.349518 0.082219 -0.121548 0.347639 0.075249 -0.298802 0.341053 0.638724 -0.302176 0.345043 0.466180 -0.121348 0.343916 0.462398 0.438619 -0.088973 0.265345 0.428197 -0.094812 0.083049 0.434669 -0.258085 0.073523 0.408837 0.274227 0.261163 0.402723 0.264138 0.091341 0.440655 0.102087 0.082568 0.392978 0.275579 0.642700 0.405044 0.289516 0.451385 0.427737 0.104536 0.456982 -0.117114 -0.089542 -0.003856 -0.334438 -0.089390 -0.000274 -0.333057 -0.241528 -0.000828 -0.118212 0.284732 0.000630 -0.325237 0.280684 0.000510 -0.333329 0.104381 -0.002179 0.327004 0.275968 -0.002661 0.118703 0.282463 -0.002204 0.117275 0.111027 -0.003766 -0.381964 0.096876 0.256121 -0.427251 0.112364 0.080124 -0.402589 0.285012 0.080516 -0.365027 -0.233500 0.276655 -0.386617 -0.231427 0.065125 -0.423637 -0.087352 0.080957 -0.353074 -0.217797 0.637143 -0.369958 -0.228683 0.465373 -0.377337 -0.089827 0.463989 -0.135756 -0.287550 0.260857 -0.141329 -0.278617 0.079284 -0.320012 -0.295755 0.073153 0.327428 -0.282280 0.238168 0.335594 -0.318645 0.072655 0.135405 -0.277814 0.086139 0.313672 -0.275218 0.643917 0.318467 -0.265707 0.446770 0.107561 -0.252702 0.461118 0.117237 -0.093154 0.700626 0.318291 -0.089955 0.718868 0.315160 -0.238308 0.721390 0.117426 0.286532 0.719043 0.311975 0.279825 0.721636 0.314255 0.109175 0.718348 -0.299504 0.276860 0.715401 -0.116568 0.284275 0.716375 -0.120632 0.113010 0.704239 -0.302735 0.112399 0.718262 0.118073 0.112743 0.700557 0.116595 -0.238836 0.722693 0.111691 -0.279347 0.645352 0.102578 -0.278341 0.246116 -0.309063 -0.302838 0.270791 -0.349447 -0.084308 0.636829 -0.369465 -0.082012 0.262478 -0.355388 0.284726 0.268514 0.332603 0.105671 -0.006613 -0.117754 0.109690 -0.003266 -0.128607 -0.242117 0.001031 0.388247 0.109142 0.639980 0.415997 0.102124 0.268125 0.407386 -0.235124 0.237757 -0.116010 0.356090 0.646668 -0.117105 0.351496 0.258833 0.312039 0.351844 0.261553 0.317388 0.343349 0.640827 0.396708 -0.233405 0.639556 0.337522 -0.265191 -0.001236 -0.361556 0.271469 0.631839 -0.296568 -0.269733 0.635868 -0.299287 -0.231621 0.719326 "
							            />
							<TextureCoordinate point="0.9065 0.9932 0.9116 0.9927 0.9118 0.9957 0.9065 0.9965 0.7606 0.7627 0.7518 0.7624 0.7522 0.7571 0.7613 0.7577 0.9296 0.8582 0.9212 0.8580 0.9215 0.8528 0.9299 0.8522 0.8410 0.8348 0.8415 0.8434 0.8348 0.8443 0.8325 0.8358 0.9797 0.8154 0.9881 0.8154 0.9868 0.8200 0.9805 0.8188 0.9076 0.8567 0.9069 0.8482 0.9134 0.8485 0.9139 0.8566 0.9074 0.8980 0.9075 0.8867 0.9156 0.8880 0.9150 0.8980 0.8607 0.8987 0.8607 0.8879 0.8737 0.8887 0.8739 0.8988 0.8606 0.8565 0.8606 0.8493 0.8732 0.8494 0.8731 0.8569 0.9357 0.8169 0.9467 0.8150 0.9452 0.8211 0.9338 0.8226 0.9387 0.7791 0.9495 0.7792 0.9511 0.7895 0.9389 0.7894 0.9796 0.7782 0.9878 0.7783 0.9880 0.7890 0.9794 0.7895 0.8423 0.7840 0.8433 0.7980 0.8389 0.7984 0.8386 0.7841 0.8807 0.7845 0.8810 0.7973 0.8701 0.7974 0.8699 0.7847 0.8812 0.8334 0.8797 0.8423 0.8709 0.8427 0.8707 0.8337 0.9691 0.8560 0.9569 0.8566 0.9561 0.8509 0.9700 0.8482 0.9697 0.8970 0.9576 0.8984 0.9587 0.8884 0.9705 0.8851 0.9288 0.8968 0.9204 0.8973 0.9205 0.8864 0.9283 0.8875 0.8005 0.7616 0.7881 0.7634 0.7857 0.7573 0.7989 0.7574 0.8027 0.8067 0.7883 0.8086 0.7882 0.7956 0.7998 0.7963 0.7589 0.8068 0.7522 0.8073 0.7522 0.7942 0.7589 0.7945 0.8613 0.9943 0.8742 0.9941 0.8745 0.9975 0.8613 0.9978 0.8609 0.9560 0.8738 0.9559 0.8739 0.9670 0.8610 0.9671 0.9067 0.9557 0.9114 0.9560 0.9115 0.9667 0.9067 0.9667 0.8868 0.9558 0.8998 0.9558 0.9001 0.9666 0.8873 0.9664 0.8863 0.9371 0.8990 0.9375 0.8997 0.9446 0.8866 0.9447 0.9062 0.9378 0.9118 0.9381 0.9116 0.9451 0.9064 0.9450 0.8394 0.9565 0.8480 0.9561 0.8482 0.9672 0.8395 0.9673 0.8396 0.9379 0.8481 0.9371 0.8482 0.9450 0.8395 0.9457 0.8608 0.9370 0.8735 0.9369 0.8736 0.9448 0.8609 0.9449 0.8398 0.9943 0.8484 0.9944 0.8484 0.9979 0.8400 0.9985 0.8392 0.9782 0.8481 0.9783 0.8484 0.9896 0.8394 0.9893 0.8612 0.9783 0.8738 0.9784 0.8739 0.9898 0.8612 0.9899 0.7790 0.8069 0.7668 0.8065 0.7661 0.7945 0.7774 0.7948 0.7801 0.8297 0.7674 0.8288 0.7675 0.8184 0.7794 0.8197 0.7586 0.8287 0.7521 0.8285 0.7518 0.8201 0.7589 0.8193 0.8204 0.8104 0.8132 0.8073 0.8144 0.7928 0.8213 0.7944 0.8217 0.8335 0.8162 0.8334 0.8132 0.8197 0.8233 0.8242 0.8029 0.8314 0.7935 0.8302 0.7925 0.8214 0.8017 0.8207 0.8214 0.7599 0.8127 0.7605 0.8122 0.7572 0.8213 0.7547 0.8211 0.7801 0.8138 0.7785 0.8134 0.7644 0.8209 0.7653 0.8013 0.7805 0.7891 0.7829 0.7892 0.7701 0.8015 0.7668 0.9478 0.8977 0.9381 0.8968 0.9374 0.8880 0.9481 0.8881 0.9475 0.9126 0.9396 0.9126 0.9393 0.9066 0.9477 0.9072 0.9287 0.9114 0.9203 0.9123 0.9204 0.9080 0.9299 0.9083 0.9903 0.8974 0.9811 0.8965 0.9817 0.8840 0.9907 0.8858 0.9915 0.9136 0.9805 0.9148 0.9802 0.9099 0.9917 0.9083 0.9681 0.9137 0.9552 0.9127 0.9561 0.9067 0.9692 0.9073 0.9901 0.8569 0.9829 0.8566 0.9827 0.8481 0.9898 0.8495 0.9902 0.8757 0.9821 0.8741 0.9826 0.8643 0.9896 0.8657 0.9706 0.8773 0.9583 0.8758 0.9577 0.8636 0.9706 0.8636 0.8813 0.8101 0.8815 0.8228 0.8705 0.8230 0.8703 0.8102 0.9000 0.8099 0.9001 0.8225 0.8923 0.8226 0.8921 0.8099 0.8995 0.8323 0.8992 0.8389 0.8900 0.8419 0.8916 0.8331 0.8798 0.7610 0.8806 0.7717 0.8697 0.7719 0.8693 0.7611 0.8990 0.7616 0.8999 0.7709 0.8913 0.7715 0.8904 0.7611 0.8998 0.7841 0.8998 0.7972 0.8920 0.7970 0.8916 0.7843 0.8422 0.7617 0.8406 0.7709 0.8344 0.7702 0.8382 0.7626 0.8587 0.7613 0.8589 0.7721 0.8480 0.7722 0.8478 0.7614 0.8590 0.7849 0.8592 0.7977 0.8482 0.7980 0.8481 0.7851 0.9592 0.7787 0.9678 0.7771 0.9687 0.7902 0.9577 0.7880 0.9588 0.7583 0.9696 0.7598 0.9695 0.7672 0.9592 0.7687 0.9796 0.7600 0.9881 0.7605 0.9880 0.7680 0.9778 0.7663 0.9187 0.7787 0.9274 0.7781 0.9282 0.7906 0.9178 0.7880 0.9194 0.7607 0.9273 0.7593 0.9278 0.7688 0.9190 0.7691 0.9379 0.7598 0.9486 0.7600 0.9482 0.7691 0.9379 0.7684 0.9170 0.8184 0.9240 0.8183 0.9199 0.8247 0.9159 0.8260 0.9182 0.8005 0.9279 0.8009 0.9275 0.8113 0.9180 0.8109 0.9384 0.8000 0.9478 0.7984 0.9479 0.8090 0.9367 0.8093 0.8600 0.8765 0.8605 0.8644 0.8728 0.8656 0.8732 0.8772 0.8403 0.8762 0.8411 0.8663 0.8479 0.8645 0.8470 0.8752 0.8407 0.8575 0.8407 0.8493 0.8481 0.8497 0.8484 0.8563 0.8604 0.9187 0.8608 0.9096 0.8726 0.9094 0.8736 0.9188 0.8397 0.9182 0.8411 0.9106 0.8499 0.9103 0.8482 0.9186 0.8403 0.8986 0.8392 0.8858 0.8483 0.8871 0.8476 0.8982 0.9090 0.9167 0.9085 0.9080 0.9156 0.9079 0.9161 0.9158 0.8859 0.9184 0.8850 0.9090 0.8983 0.9088 0.8990 0.9178 0.8860 0.8983 0.8860 0.8877 0.8984 0.8869 0.8973 0.8981 0.9079 0.8767 0.9080 0.8660 0.9152 0.8664 0.9166 0.8769 0.8863 0.8767 0.8855 0.8658 0.8977 0.8662 0.8986 0.8763 0.8856 0.8567 0.8858 0.8490 0.8984 0.8486 0.8978 0.8567 0.9591 0.8152 0.9706 0.8146 0.9714 0.8189 0.9584 0.8191 0.9594 0.7997 0.9698 0.8007 0.9708 0.8100 0.9596 0.8094 0.9773 0.8000 0.9879 0.7993 0.9879 0.8101 0.9796 0.8115 0.8421 0.8113 0.8415 0.8258 0.8323 0.8270 0.8389 0.8130 0.8594 0.8105 0.8597 0.8232 0.8491 0.8235 0.8485 0.8108 0.8601 0.8338 0.8604 0.8428 0.8496 0.8425 0.8492 0.8338 0.9483 0.8576 0.9396 0.8582 0.9403 0.8516 0.9483 0.8511 0.9486 0.8758 0.9362 0.8768 0.9391 0.8664 0.9482 0.8648 0.9287 0.8763 0.9206 0.8758 0.9210 0.8649 0.9291 0.8663 0.7790 0.7627 0.7708 0.7612 0.7720 0.7575 0.7789 0.7571 0.7775 0.7831 0.7678 0.7815 0.7696 0.7680 0.7791 0.7694 0.7594 0.7816 0.7521 0.7818 0.7517 0.7694 0.7601 0.7687 0.8868 0.9939 0.8995 0.9936 0.8995 0.9965 0.8870 0.9970 0.8867 0.9783 0.9000 0.9779 0.8995 0.9892 0.8867 0.9895 0.9067 0.9777 0.9114 0.9776 0.9116 0.9884 0.9066 0.9887 0.9000 0.9779 0.9067 0.9777 0.9066 0.9887 0.8995 0.9892 0.9001 0.9666 0.9067 0.9667 0.9067 0.9777 0.9000 0.9779 0.9067 0.9667 0.9115 0.9667 0.9114 0.9776 0.9067 0.9777 0.8738 0.9784 0.8867 0.9783 0.8867 0.9895 0.8739 0.9898 0.8739 0.9670 0.8873 0.9664 0.8867 0.9783 0.8738 0.9784 0.8873 0.9664 0.9001 0.9666 0.9000 0.9779 0.8867 0.9783 0.8742 0.9941 0.8868 0.9939 0.8870 0.9970 0.8745 0.9975 0.8739 0.9898 0.8867 0.9895 0.8868 0.9939 0.8742 0.9941 0.8867 0.9895 0.8995 0.9892 0.8995 0.9936 0.8868 0.9939 0.7678 0.7815 0.7594 0.7816 0.7601 0.7687 0.7696 0.7680 0.7661 0.7945 0.7589 0.7945 0.7594 0.7816 0.7678 0.7815 0.7589 0.7945 0.7522 0.7942 0.7521 0.7818 0.7594 0.7816 0.7891 0.7829 0.7775 0.7831 0.7791 0.7694 0.7892 0.7701 0.7882 0.7956 0.7774 0.7948 0.7775 0.7831 0.7891 0.7829 0.7774 0.7948 0.7661 0.7945 0.7678 0.7815 0.7775 0.7831 0.7881 0.7634 0.7790 0.7627 0.7789 0.7571 0.7857 0.7573 0.7892 0.7701 0.7791 0.7694 0.7790 0.7627 0.7881 0.7634 0.7791 0.7694 0.7696 0.7680 0.7708 0.7612 0.7790 0.7627 0.9362 0.8768 0.9287 0.8763 0.9291 0.8663 0.9391 0.8664 0.9374 0.8880 0.9283 0.8875 0.9287 0.8763 0.9362 0.8768 0.9283 0.8875 0.9205 0.8864 0.9206 0.8758 0.9287 0.8763 0.9583 0.8758 0.9486 0.8758 0.9482 0.8648 0.9577 0.8636 0.9587 0.8884 0.9481 0.8881 0.9486 0.8758 0.9583 0.8758 0.9481 0.8881 0.9374 0.8880 0.9362 0.8768 0.9486 0.8758 0.9569 0.8566 0.9483 0.8576 0.9483 0.8511 0.9561 0.8509 0.9577 0.8636 0.9482 0.8648 0.9483 0.8576 0.9569 0.8566 0.9482 0.8648 0.9391 0.8664 0.9396 0.8582 0.9483 0.8576 0.8597 0.8232 0.8601 0.8338 0.8492 0.8338 0.8491 0.8235 0.8705 0.8230 0.8707 0.8337 0.8601 0.8338 0.8597 0.8232 0.8707 0.8337 0.8709 0.8427 0.8604 0.8428 0.8601 0.8338 0.8592 0.7977 0.8594 0.8105 0.8485 0.8108 0.8482 0.7980 0.8701 0.7974 0.8703 0.8102 0.8594 0.8105 0.8592 0.7977 0.8703 0.8102 0.8705 0.8230 0.8597 0.8232 0.8594 0.8105 0.8433 0.7980 0.8421 0.8113 0.8389 0.8130 0.8389 0.7984 0.8482 0.7980 0.8485 0.8108 0.8421 0.8113 0.8433 0.7980 0.8485 0.8108 0.8491 0.8235 0.8415 0.8258 0.8421 0.8113 0.9698 0.8007 0.9773 0.8000 0.9796 0.8115 0.9708 0.8100 0.9687 0.7902 0.9794 0.7895 0.9773 0.8000 0.9698 0.8007 0.9794 0.7895 0.9880 0.7890 0.9879 0.7993 0.9773 0.8000 0.9478 0.7984 0.9594 0.7997 0.9596 0.8094 0.9479 0.8090 0.9511 0.7895 0.9577 0.7880 0.9594 0.7997 0.9478 0.7984 0.9577 0.7880 0.9687 0.7902 0.9698 0.8007 0.9594 0.7997 0.9467 0.8150 0.9591 0.8152 0.9584 0.8191 0.9452 0.8211 0.9479 0.8090 0.9596 0.8094 0.9591 0.8152 0.9467 0.8150 0.9596 0.8094 0.9708 0.8100 0.9706 0.8146 0.9591 0.8152 0.8855 0.8658 0.8856 0.8567 0.8978 0.8567 0.8977 0.8662 0.8728 0.8656 0.8731 0.8569 0.8856 0.8567 0.8855 0.8658 0.8731 0.8569 0.8732 0.8494 0.8858 0.8490 0.8856 0.8567 0.8860 0.8877 0.8863 0.8767 0.8986 0.8763 0.8984 0.8869 0.8737 0.8887 0.8732 0.8772 0.8863 0.8767 0.8860 0.8877 0.8732 0.8772 0.8728 0.8656 0.8855 0.8658 0.8863 0.8767 0.9075 0.8867 0.9079 0.8767 0.9166 0.8769 0.9156 0.8880 0.8984 0.8869 0.8986 0.8763 0.9079 0.8767 0.9075 0.8867 0.8986 0.8763 0.8977 0.8662 0.9080 0.8660 0.9079 0.8767 0.8850 0.9090 0.8860 0.8983 0.8973 0.8981 0.8983 0.9088 0.8726 0.9094 0.8739 0.8988 0.8860 0.8983 0.8850 0.9090 0.8739 0.8988 0.8737 0.8887 0.8860 0.8877 0.8860 0.8983 0.8865 0.9273 0.8859 0.9184 0.8990 0.9178 0.8985 0.9253 0.8742 0.9269 0.8736 0.9188 0.8859 0.9184 0.8865 0.9273 0.8736 0.9188 0.8726 0.9094 0.8850 0.9090 0.8859 0.9184 0.9087 0.9249 0.9090 0.9167 0.9161 0.9158 0.9166 0.9227 0.8985 0.9253 0.8990 0.9178 0.9090 0.9167 0.9087 0.9249 0.8990 0.9178 0.8983 0.9088 0.9085 0.9080 0.9090 0.9167 0.8411 0.9106 0.8403 0.8986 0.8476 0.8982 0.8499 0.9103 0.8345 0.9116 0.8367 0.8990 0.8403 0.8986 0.8411 0.9106 0.8367 0.8990 0.8349 0.8849 0.8392 0.8858 0.8403 0.8986 0.8391 0.9261 0.8397 0.9182 0.8482 0.9186 0.8473 0.9262 0.8324 0.9242 0.8329 0.9186 0.8397 0.9182 0.8391 0.9261 0.8329 0.9186 0.8345 0.9116 0.8411 0.9106 0.8397 0.9182 0.8608 0.9271 0.8604 0.9187 0.8736 0.9188 0.8742 0.9269 0.8473 0.9262 0.8482 0.9186 0.8604 0.9187 0.8608 0.9271 0.8482 0.9186 0.8499 0.9103 0.8608 0.9096 0.8604 0.9187 0.8411 0.8663 0.8407 0.8575 0.8484 0.8563 0.8479 0.8645 0.8350 0.8691 0.8351 0.8585 0.8407 0.8575 0.8411 0.8663 0.8351 0.8585 0.8348 0.8501 0.8407 0.8493 0.8407 0.8575 0.8392 0.8858 0.8403 0.8762 0.8470 0.8752 0.8483 0.8871 0.8349 0.8849 0.8345 0.8771 0.8403 0.8762 0.8392 0.8858 0.8345 0.8771 0.8350 0.8691 0.8411 0.8663 0.8403 0.8762 0.8607 0.8879 0.8600 0.8765 0.8732 0.8772 0.8737 0.8887 0.8483 0.8871 0.8470 0.8752 0.8600 0.8765 0.8607 0.8879 0.8470 0.8752 0.8479 0.8645 0.8605 0.8644 0.8600 0.8765 0.9279 0.8009 0.9384 0.8000 0.9367 0.8093 0.9275 0.8113 0.9282 0.7906 0.9389 0.7894 0.9384 0.8000 0.9279 0.8009 0.9389 0.7894 0.9511 0.7895 0.9478 0.7984 0.9384 0.8000 0.9103 0.7995 0.9182 0.8005 0.9180 0.8109 0.9100 0.8103 0.9104 0.7889 0.9178 0.7880 0.9182 0.8005 0.9103 0.7995 0.9178 0.7880 0.9282 0.7906 0.9279 0.8009 0.9182 0.8005 0.9111 0.8184 0.9170 0.8184 0.9159 0.8260 0.9123 0.8251 0.9100 0.8103 0.9180 0.8109 0.9170 0.8184 0.9111 0.8184 0.9180 0.8109 0.9275 0.8113 0.9240 0.8183 0.9170 0.8184 0.9273 0.7593 0.9379 0.7598 0.9379 0.7684 0.9278 0.7688 0.9279 0.7525 0.9379 0.7517 0.9379 0.7598 0.9273 0.7593 0.9379 0.7517 0.9480 0.7528 0.9486 0.7600 0.9379 0.7598 0.9109 0.7598 0.9194 0.7607 0.9190 0.7691 0.9108 0.7696 0.9131 0.7529 0.9201 0.7533 0.9194 0.7607 0.9109 0.7598 0.9201 0.7533 0.9279 0.7525 0.9273 0.7593 0.9194 0.7607 0.9115 0.7799 0.9187 0.7787 0.9178 0.7880 0.9104 0.7889 0.9108 0.7696 0.9190 0.7691 0.9187 0.7787 0.9115 0.7799 0.9190 0.7691 0.9278 0.7688 0.9274 0.7781 0.9187 0.7787 0.9696 0.7598 0.9796 0.7600 0.9778 0.7663 0.9695 0.7672 0.9698 0.7528 0.9797 0.7527 0.9796 0.7600 0.9696 0.7598 0.9797 0.7527 0.9877 0.7537 0.9881 0.7605 0.9796 0.7600 0.9486 0.7600 0.9588 0.7583 0.9592 0.7687 0.9482 0.7691 0.9480 0.7528 0.9592 0.7529 0.9588 0.7583 0.9486 0.7600 0.9592 0.7529 0.9698 0.7528 0.9696 0.7598 0.9588 0.7583 0.9495 0.7792 0.9592 0.7787 0.9577 0.7880 0.9511 0.7895 0.9482 0.7691 0.9592 0.7687 0.9592 0.7787 0.9495 0.7792 0.9592 0.7687 0.9695 0.7672 0.9678 0.7771 0.9592 0.7787 0.8589 0.7721 0.8590 0.7849 0.8481 0.7851 0.8480 0.7722 0.8697 0.7719 0.8699 0.7847 0.8590 0.7849 0.8589 0.7721 0.8699 0.7847 0.8701 0.7974 0.8592 0.7977 0.8590 0.7849 0.8587 0.7520 0.8587 0.7613 0.8478 0.7614 0.8482 0.7525 0.8687 0.7521 0.8693 0.7611 0.8587 0.7613 0.8587 0.7520 0.8693 0.7611 0.8697 0.7719 0.8589 0.7721 0.8587 0.7613 0.8439 0.7538 0.8422 0.7617 0.8382 0.7626 0.8405 0.7564 0.8482 0.7525 0.8478 0.7614 0.8422 0.7617 0.8439 0.7538 0.8478 0.7614 0.8480 0.7722 0.8406 0.7709 0.8422 0.7617 0.8999 0.7709 0.8998 0.7841 0.8916 0.7843 0.8913 0.7715 0.9066 0.7705 0.9058 0.7839 0.8998 0.7841 0.8999 0.7709 0.9058 0.7839 0.9061 0.7973 0.8998 0.7972 0.8998 0.7841 0.8981 0.7522 0.8990 0.7616 0.8904 0.7611 0.8892 0.7523 0.9056 0.7554 0.9052 0.7624 0.8990 0.7616 0.8981 0.7522 0.9052 0.7624 0.9066 0.7705 0.8999 0.7709 0.8990 0.7616 0.8790 0.7528 0.8798 0.7610 0.8693 0.7611 0.8687 0.7521 0.8892 0.7523 0.8904 0.7611 0.8798 0.7610 0.8790 0.7528 0.8904 0.7611 0.8913 0.7715 0.8806 0.7717 0.8798 0.7610 0.9001 0.8225 0.8995 0.8323 0.8916 0.8331 0.8923 0.8226 0.9066 0.8217 0.9065 0.8318 0.8995 0.8323 0.9001 0.8225 0.9065 0.8318 0.9063 0.8399 0.8992 0.8389 0.8995 0.8323 0.8998 0.7972 0.9000 0.8099 0.8921 0.8099 0.8920 0.7970 0.9061 0.7973 0.9055 0.8096 0.9000 0.8099 0.8998 0.7972 0.9055 0.8096 0.9066 0.8217 0.9001 0.8225 0.9000 0.8099 0.8810 0.7973 0.8813 0.8101 0.8703 0.8102 0.8701 0.7974 0.8920 0.7970 0.8921 0.8099 0.8813 0.8101 0.8810 0.7973 0.8921 0.8099 0.8923 0.8226 0.8815 0.8228 0.8813 0.8101 0.9821 0.8741 0.9706 0.8773 0.9706 0.8636 0.9826 0.8643 0.9817 0.8840 0.9705 0.8851 0.9706 0.8773 0.9821 0.8741 0.9705 0.8851 0.9587 0.8884 0.9583 0.8758 0.9706 0.8773 0.9974 0.8772 0.9902 0.8757 0.9896 0.8657 0.9965 0.8670 0.9976 0.8874 0.9907 0.8858 0.9902 0.8757 0.9974 0.8772 0.9907 0.8858 0.9817 0.8840 0.9821 0.8741 0.9902 0.8757 0.9980 0.8582 0.9901 0.8569 0.9898 0.8495 0.9953 0.8505 0.9965 0.8670 0.9896 0.8657 0.9901 0.8569 0.9980 0.8582 0.9896 0.8657 0.9826 0.8643 0.9829 0.8566 0.9901 0.8569 0.9805 0.9148 0.9681 0.9137 0.9692 0.9073 0.9802 0.9099 0.9809 0.9200 0.9673 0.9190 0.9681 0.9137 0.9805 0.9148 0.9673 0.9190 0.9541 0.9176 0.9552 0.9127 0.9681 0.9137 0.9980 0.9124 0.9915 0.9136 0.9917 0.9083 0.9977 0.9080 0.9977 0.9167 0.9902 0.9191 0.9915 0.9136 0.9980 0.9124 0.9902 0.9191 0.9809 0.9200 0.9805 0.9148 0.9915 0.9136 0.9971 0.8975 0.9903 0.8974 0.9907 0.8858 0.9976 0.8874 0.9977 0.9080 0.9917 0.9083 0.9903 0.8974 0.9971 0.8975 0.9917 0.9083 0.9802 0.9099 0.9811 0.8965 0.9903 0.8974 0.9396 0.9126 0.9287 0.9114 0.9299 0.9083 0.9393 0.9066 0.9403 0.9171 0.9295 0.9161 0.9287 0.9114 0.9396 0.9126 0.9295 0.9161 0.9204 0.9153 0.9203 0.9123 0.9287 0.9114 0.9552 0.9127 0.9475 0.9126 0.9477 0.9072 0.9561 0.9067 0.9541 0.9176 0.9472 0.9177 0.9475 0.9126 0.9552 0.9127 0.9472 0.9177 0.9403 0.9171 0.9396 0.9126 0.9475 0.9126 0.9576 0.8984 0.9478 0.8977 0.9481 0.8881 0.9587 0.8884 0.9561 0.9067 0.9477 0.9072 0.9478 0.8977 0.9576 0.8984 0.9477 0.9072 0.9393 0.9066 0.9381 0.8968 0.9478 0.8977 0.8138 0.7785 0.8013 0.7805 0.8015 0.7668 0.8134 0.7644 0.8144 0.7928 0.7998 0.7963 0.8013 0.7805 0.8138 0.7785 0.7998 0.7963 0.7882 0.7956 0.7891 0.7829 0.8013 0.7805 0.8274 0.7815 0.8211 0.7801 0.8209 0.7653 0.8272 0.7671 0.8276 0.7958 0.8213 0.7944 0.8211 0.7801 0.8274 0.7815 0.8213 0.7944 0.8144 0.7928 0.8138 0.7785 0.8211 0.7801 0.8286 0.7586 0.8214 0.7599 0.8213 0.7547 0.8288 0.7520 0.8272 0.7671 0.8209 0.7653 0.8214 0.7599 0.8286 0.7586 0.8209 0.7653 0.8134 0.7644 0.8127 0.7605 0.8214 0.7599 0.8162 0.8334 0.8029 0.8314 0.8017 0.8207 0.8132 0.8197 0.8175 0.8445 0.8049 0.8384 0.8029 0.8314 0.8162 0.8334 0.8049 0.8384 0.7936 0.8375 0.7935 0.8302 0.8029 0.8314 0.8288 0.8350 0.8217 0.8335 0.8233 0.8242 0.8280 0.8262 0.8250 0.8429 0.8217 0.8443 0.8217 0.8335 0.8288 0.8350 0.8217 0.8443 0.8175 0.8445 0.8162 0.8334 0.8217 0.8335 0.8275 0.8104 0.8204 0.8104 0.8213 0.7944 0.8276 0.7958 0.8280 0.8262 0.8233 0.8242 0.8204 0.8104 0.8275 0.8104 0.8233 0.8242 0.8132 0.8197 0.8132 0.8073 0.8204 0.8104 0.7674 0.8288 0.7586 0.8287 0.7589 0.8193 0.7675 0.8184 0.7675 0.8372 0.7584 0.8367 0.7586 0.8287 0.7674 0.8288 0.7584 0.8367 0.7522 0.8352 0.7521 0.8285 0.7586 0.8287 0.7935 0.8302 0.7801 0.8297 0.7794 0.8197 0.7925 0.8214 0.7936 0.8375 0.7804 0.8381 0.7801 0.8297 0.7935 0.8302 0.7804 0.8381 0.7675 0.8372 0.7674 0.8288 0.7801 0.8297 0.7883 0.8086 0.7790 0.8069 0.7774 0.7948 0.7882 0.7956 0.7925 0.8214 0.7794 0.8197 0.7790 0.8069 0.7883 0.8086 0.7794 0.8197 0.7675 0.8184 0.7668 0.8065 0.7790 0.8069 0.8481 0.9783 0.8612 0.9783 0.8612 0.9899 0.8484 0.9896 0.8482 0.9672 0.8610 0.9671 0.8612 0.9783 0.8481 0.9783 0.8610 0.9671 0.8739 0.9670 0.8738 0.9784 0.8612 0.9783 0.8328 0.9777 0.8392 0.9782 0.8394 0.9893 0.8324 0.9886 0.8331 0.9675 0.8395 0.9673 0.8392 0.9782 0.8328 0.9777 0.8395 0.9673 0.8482 0.9672 0.8481 0.9783 0.8392 0.9782 0.8325 0.9939 0.8398 0.9943 0.8400 0.9985 0.8333 0.9985 0.8324 0.9886 0.8394 0.9893 0.8398 0.9943 0.8325 0.9939 0.8394 0.9893 0.8484 0.9896 0.8484 0.9944 0.8398 0.9943 0.8481 0.9371 0.8608 0.9370 0.8609 0.9449 0.8482 0.9450 0.8481 0.9309 0.8608 0.9308 0.8608 0.9370 0.8481 0.9371 0.8608 0.9308 0.8734 0.9307 0.8735 0.9369 0.8608 0.9370 0.8332 0.9390 0.8396 0.9379 0.8395 0.9457 0.8332 0.9464 0.8331 0.9321 0.8396 0.9312 0.8396 0.9379 0.8332 0.9390 0.8396 0.9312 0.8481 0.9309 0.8481 0.9371 0.8396 0.9379 0.8329 0.9568 0.8394 0.9565 0.8395 0.9673 0.8331 0.9675 0.8332 0.9464 0.8395 0.9457 0.8394 0.9565 0.8329 0.9568 0.8395 0.9457 0.8482 0.9450 0.8480 0.9561 0.8394 0.9565 0.8990 0.9375 0.9062 0.9378 0.9064 0.9450 0.8997 0.9446 0.8985 0.9316 0.9058 0.9326 0.9062 0.9378 0.8990 0.9375 0.9058 0.9326 0.9118 0.9329 0.9118 0.9381 0.9062 0.9378 0.8735 0.9369 0.8863 0.9371 0.8866 0.9447 0.8736 0.9448 0.8734 0.9307 0.8860 0.9312 0.8863 0.9371 0.8735 0.9369 0.8860 0.9312 0.8985 0.9316 0.8990 0.9375 0.8863 0.9371 0.8738 0.9559 0.8868 0.9558 0.8873 0.9664 0.8739 0.9670 0.8736 0.9448 0.8866 0.9447 0.8868 0.9558 0.8738 0.9559 0.8866 0.9447 0.8997 0.9446 0.8998 0.9558 0.8868 0.9558 0.8998 0.9558 0.9067 0.9557 0.9067 0.9667 0.9001 0.9666 0.8997 0.9446 0.9064 0.9450 0.9067 0.9557 0.8998 0.9558 0.9064 0.9450 0.9116 0.9451 0.9114 0.9560 0.9067 0.9557 0.8480 0.9561 0.8609 0.9560 0.8610 0.9671 0.8482 0.9672 0.8482 0.9450 0.8609 0.9449 0.8609 0.9560 0.8480 0.9561 0.8609 0.9449 0.8736 0.9448 0.8738 0.9559 0.8609 0.9560 0.8484 0.9944 0.8613 0.9943 0.8613 0.9978 0.8484 0.9979 0.8484 0.9896 0.8612 0.9899 0.8613 0.9943 0.8484 0.9944 0.8612 0.9899 0.8739 0.9898 0.8742 0.9941 0.8613 0.9943 0.7668 0.8065 0.7589 0.8068 0.7589 0.7945 0.7661 0.7945 0.7675 0.8184 0.7589 0.8193 0.7589 0.8068 0.7668 0.8065 0.7589 0.8193 0.7518 0.8201 0.7522 0.8073 0.7589 0.8068 0.8132 0.8073 0.8027 0.8067 0.7998 0.7963 0.8144 0.7928 0.8132 0.8197 0.8017 0.8207 0.8027 0.8067 0.8132 0.8073 0.8017 0.8207 0.7925 0.8214 0.7883 0.8086 0.8027 0.8067 0.8127 0.7605 0.8005 0.7616 0.7989 0.7574 0.8122 0.7572 0.8134 0.7644 0.8015 0.7668 0.8005 0.7616 0.8127 0.7605 0.8015 0.7668 0.7892 0.7701 0.7881 0.7634 0.8005 0.7616 0.9381 0.8968 0.9288 0.8968 0.9283 0.8875 0.9374 0.8880 0.9393 0.9066 0.9299 0.9083 0.9288 0.8968 0.9381 0.8968 0.9299 0.9083 0.9204 0.9080 0.9204 0.8973 0.9288 0.8968 0.9811 0.8965 0.9697 0.8970 0.9705 0.8851 0.9817 0.8840 0.9802 0.9099 0.9692 0.9073 0.9697 0.8970 0.9811 0.8965 0.9692 0.9073 0.9561 0.9067 0.9576 0.8984 0.9697 0.8970 0.9829 0.8566 0.9691 0.8560 0.9700 0.8482 0.9827 0.8481 0.9826 0.8643 0.9706 0.8636 0.9691 0.8560 0.9829 0.8566 0.9706 0.8636 0.9577 0.8636 0.9569 0.8566 0.9691 0.8560 0.8815 0.8228 0.8812 0.8334 0.8707 0.8337 0.8705 0.8230 0.8923 0.8226 0.8916 0.8331 0.8812 0.8334 0.8815 0.8228 0.8916 0.8331 0.8900 0.8419 0.8797 0.8423 0.8812 0.8334 0.8806 0.7717 0.8807 0.7845 0.8699 0.7847 0.8697 0.7719 0.8913 0.7715 0.8916 0.7843 0.8807 0.7845 0.8806 0.7717 0.8916 0.7843 0.8920 0.7970 0.8810 0.7973 0.8807 0.7845 0.8406 0.7709 0.8423 0.7840 0.8386 0.7841 0.8344 0.7702 0.8480 0.7722 0.8481 0.7851 0.8423 0.7840 0.8406 0.7709 0.8481 0.7851 0.8482 0.7980 0.8433 0.7980 0.8423 0.7840 0.9678 0.7771 0.9796 0.7782 0.9794 0.7895 0.9687 0.7902 0.9695 0.7672 0.9778 0.7663 0.9796 0.7782 0.9678 0.7771 0.9778 0.7663 0.9880 0.7680 0.9878 0.7783 0.9796 0.7782 0.9274 0.7781 0.9387 0.7791 0.9389 0.7894 0.9282 0.7906 0.9278 0.7688 0.9379 0.7684 0.9387 0.7791 0.9274 0.7781 0.9379 0.7684 0.9482 0.7691 0.9495 0.7792 0.9387 0.7791 0.9240 0.8183 0.9357 0.8169 0.9338 0.8226 0.9199 0.8247 0.9275 0.8113 0.9367 0.8093 0.9357 0.8169 0.9240 0.8183 0.9367 0.8093 0.9479 0.8090 0.9467 0.8150 0.9357 0.8169 0.8605 0.8644 0.8606 0.8565 0.8731 0.8569 0.8728 0.8656 0.8479 0.8645 0.8484 0.8563 0.8606 0.8565 0.8605 0.8644 0.8484 0.8563 0.8481 0.8497 0.8606 0.8493 0.8606 0.8565 0.8608 0.9096 0.8607 0.8987 0.8739 0.8988 0.8726 0.9094 0.8499 0.9103 0.8476 0.8982 0.8607 0.8987 0.8608 0.9096 0.8476 0.8982 0.8483 0.8871 0.8607 0.8879 0.8607 0.8987 0.9085 0.9080 0.9074 0.8980 0.9150 0.8980 0.9156 0.9079 0.8983 0.9088 0.8973 0.8981 0.9074 0.8980 0.9085 0.9080 0.8973 0.8981 0.8984 0.8869 0.9075 0.8867 0.9074 0.8980 0.9080 0.8660 0.9076 0.8567 0.9139 0.8566 0.9152 0.8664 0.8977 0.8662 0.8978 0.8567 0.9076 0.8567 0.9080 0.8660 0.8978 0.8567 0.8984 0.8486 0.9069 0.8482 0.9076 0.8567 0.9706 0.8146 0.9797 0.8154 0.9805 0.8188 0.9714 0.8189 0.9708 0.8100 0.9796 0.8115 0.9797 0.8154 0.9706 0.8146 0.9796 0.8115 0.9879 0.8101 0.9881 0.8154 0.9797 0.8154 0.8415 0.8258 0.8410 0.8348 0.8325 0.8358 0.8323 0.8270 0.8491 0.8235 0.8492 0.8338 0.8410 0.8348 0.8415 0.8258 0.8492 0.8338 0.8496 0.8425 0.8415 0.8434 0.8410 0.8348 0.9396 0.8582 0.9296 0.8582 0.9299 0.8522 0.9403 0.8516 0.9391 0.8664 0.9291 0.8663 0.9296 0.8582 0.9396 0.8582 0.9291 0.8663 0.9210 0.8649 0.9212 0.8580 0.9296 0.8582 0.7708 0.7612 0.7606 0.7627 0.7613 0.7577 0.7720 0.7575 0.7696 0.7680 0.7601 0.7687 0.7606 0.7627 0.7708 0.7612 0.7601 0.7687 0.7517 0.7694 0.7518 0.7624 0.7606 0.7627 0.8995 0.9936 0.9065 0.9932 0.9065 0.9965 0.8995 0.9965 0.8995 0.9892 0.9066 0.9887 0.9065 0.9932 0.8995 0.9936 0.9066 0.9887 0.9116 0.9884 0.9116 0.9927 0.9065 0.9932 " />
						</IndexedFaceSet>
					</Shape>
				</Group>
			</Transform>
		</Transform>
		<Transform DEF="caja-cubierta-lona_TRANSFORM"
		           translation="1.000000 0.000000 -1.000000"
		           scale="1.000000 1.000000 1.000000"
		           rotation="0.000000 0.707107 0.707107 3.141593"
		           >
			<Transform DEF="caja-cubierta-lona_ifs_TRANSFORM"
			           translation="0.000000 0.000000 0.000000"
			           scale="1.000000 1.000000 1.000000"
			           rotation="0.000000 1.000000 0.000000 0.000000"
			           >
				<Group DEF="group_ME_caja-cubierta-lona_001">
					<Shape>
						<Appearance>
							<Material USE="MA_hiper-atlas" />
						</Appearance>
						<IndexedFaceSet solid="false"
						                creaseAngle="4.0000"
						                texCoordIndex="0 1 2 3 -1 4 5 6 7 -1 8 9 10 11 -1 12 13 14 15 -1 16 17 18 19 -1 20 21 22 23 -1 24 25 26 27 -1 28 29 30 31 -1 32 33 34 35 -1 36 37 38 39 -1 40 41 42 43 -1 44 45 46 47 -1 48 49 50 51 -1 52 53 54 55 -1 56 57 58 59 -1 60 61 62 63 -1 64 65 66 67 -1 68 69 70 71 -1 72 73 74 75 -1 76 77 78 79 -1 80 81 82 83 -1 84 85 86 87 -1 88 89 90 91 -1 92 93 94 95 -1 96 97 98 99 -1 100 101 102 103 -1 104 105 106 107 -1 108 109 110 111 -1 112 113 114 115 -1 116 117 118 119 -1 120 121 122 123 -1 124 125 126 127 -1 128 129 130 131 -1 132 133 134 135 -1 136 137 138 139 -1 140 141 142 143 -1 144 145 146 147 -1 148 149 150 151 -1 152 153 154 155 -1 156 157 158 159 -1 160 161 162 163 -1 164 165 166 167 -1 168 169 170 171 -1 172 173 174 175 -1 176 177 178 179 -1 180 181 182 183 -1 184 185 186 187 -1 188 189 190 191 -1 192 193 194 195 -1 196 197 198 199 -1 200 201 202 203 -1 204 205 206 207 -1 208 209 210 211 -1 212 213 214 215 -1 216 217 218 219 -1 220 221 222 223 -1 224 225 226 227 -1 228 229 230 231 -1 232 233 234 235 -1 236 237 238 239 -1 240 241 242 243 -1 244 245 246 247 -1 248 249 250 251 -1 252 253 254 255 -1 256 257 258 259 -1 260 261 262 263 -1 264 265 266 267 -1 268 269 270 271 -1 272 273 274 275 -1 276 277 278 279 -1 280 281 282 283 -1 284 285 286 287 -1 288 289 290 291 -1 292 293 294 295 -1 296 297 298 299 -1 300 301 302 303 -1 304 305 306 307 -1 308 309 310 311 -1 312 313 314 315 -1 316 317 318 319 -1 320 321 322 323 -1 324 325 326 327 -1 328 329 330 331 -1 332 333 334 335 -1 336 337 338 339 -1 340 341 342 343 -1 344 345 346 347 -1 348 349 350 351 -1 352 353 354 355 -1 356 357 358 359 -1 360 361 362 363 -1 364 365 366 367 -1 368 369 370 371 -1 372 373 374 375 -1 376 377 378 379 -1 380 381 382 383 -1 384 385 386 387 -1 388 389 390 391 -1 392 393 394 395 -1 396 397 398 399 -1 400 401 402 403 -1 404 405 406 407 -1 408 409 410 411 -1 412 413 414 415 -1 416 417 418 419 -1 420 421 422 423 -1 424 425 426 427 -1 428 429 430 431 -1 432 433 434 435 -1 436 437 438 439 -1 440 441 442 443 -1 444 445 446 447 -1 448 449 450 451 -1 452 453 454 455 -1 456 457 458 459 -1 460 461 462 463 -1 464 465 466 467 -1 468 469 470 471 -1 472 473 474 475 -1 476 477 478 479 -1 480 481 482 483 -1 484 485 486 487 -1 488 489 490 491 -1 492 493 494 495 -1 496 497 498 499 -1 500 501 502 503 -1 504 505 506 507 -1 508 509 510 511 -1 512 513 514 515 -1 516 517 518 519 -1 520 521 522 523 -1 524 525 526 527 -1 528 529 530 531 -1 532 533 534 535 -1 536 537 538 539 -1 540 541 542 543 -1 544 545 546 547 -1 548 549 550 551 -1 552 553 554 555 -1 556 557 558 559 -1 560 561 562 563 -1 564 565 566 567 -1 568 569 570 571 -1 572 573 574 575 -1 576 577 578 579 -1 580 581 582 583 -1 584 585 586 587 -1 588 589 590 591 -1 592 593 594 595 -1 596 597 598 599 -1 600 601 602 603 -1 604 605 606 607 -1 608 609 610 611 -1 612 613 614 615 -1 616 617 618 619 -1 620 621 622 623 -1 624 625 626 627 -1 628 629 630 631 -1 632 633 634 635 -1 636 637 638 639 -1 640 641 642 643 -1 644 645 646 647 -1 648 649 650 651 -1 652 653 654 655 -1 656 657 658 659 -1 660 661 662 663 -1 664 665 666 667 -1 668 669 670 671 -1 672 673 674 675 -1 676 677 678 679 -1 680 681 682 683 -1 684 685 686 687 -1 688 689 690 691 -1 692 693 694 695 -1 696 697 698 699 -1 700 701 702 703 -1 704 705 706 707 -1 708 709 710 711 -1 712 713 714 715 -1 716 717 718 719 -1 720 721 722 723 -1 724 725 726 727 -1 728 729 730 731 -1 732 733 734 735 -1 736 737 738 739 -1 740 741 742 743 -1 744 745 746 747 -1 748 749 750 751 -1 752 753 754 755 -1 756 757 758 759 -1 760 761 762 763 -1 764 765 766 767 -1 768 769 770 771 -1 772 773 774 775 -1 776 777 778 779 -1 780 781 782 783 -1 784 785 786 787 -1 788 789 790 791 -1 792 793 794 795 -1 796 797 798 799 -1 800 801 802 803 -1 804 805 806 807 -1 808 809 810 811 -1 812 813 814 815 -1 816 817 818 819 -1 820 821 822 823 -1 824 825 826 827 -1 828 829 830 831 -1 832 833 834 835 -1 836 837 838 839 -1 840 841 842 843 -1 844 845 846 847 -1 848 849 850 851 -1 852 853 854 855 -1 856 857 858 859 -1 860 861 862 863 -1 864 865 866 867 -1 868 869 870 871 -1 872 873 874 875 -1 876 877 878 879 -1 880 881 882 883 -1 884 885 886 887 -1 888 889 890 891 -1 892 893 894 895 -1 896 897 898 899 -1 900 901 902 903 -1 904 905 906 907 -1 908 909 910 911 -1 912 913 914 915 -1 916 917 918 919 -1 920 921 922 923 -1 924 925 926 927 -1 928 929 930 931 -1 932 933 934 935 -1 936 937 938 939 -1 940 941 942 943 -1 944 945 946 947 -1 948 949 950 951 -1 952 953 954 955 -1 956 957 958 959 -1 960 961 962 963 -1 964 965 966 967 -1 968 969 970 971 -1 972 973 974 975 -1 976 977 978 979 -1 980 981 982 983 -1 984 985 986 987 -1 988 989 990 991 -1 992 993 994 995 -1 996 997 998 999 -1 1000 1001 1002 1003 -1 1004 1005 1006 1007 -1 1008 1009 1010 1011 -1 1012 1013 1014 1015 -1 1016 1017 1018 1019 -1 1020 1021 1022 1023 -1 1024 1025 1026 1027 -1 1028 1029 1030 1031 -1 1032 1033 1034 1035 -1 1036 1037 1038 1039 -1 1040 1041 1042 1043 -1 1044 1045 1046 1047 -1 1048 1049 1050 1051 -1 1052 1053 1054 1055 -1 1056 1057 1058 1059 -1 1060 1061 1062 1063 -1 1064 1065 1066 1067 -1 1068 1069 1070 1071 -1 1072 1073 1074 1075 -1 1076 1077 1078 1079 -1 1080 1081 1082 1083 -1 1084 1085 1086 1087 -1 1088 1089 1090 1091 -1 1092 1093 1094 1095 -1 1096 1097 1098 1099 -1 1100 1101 1102 1103 -1 1104 1105 1106 1107 -1 1108 1109 1110 1111 -1 1112 1113 1114 1115 -1 1116 1117 1118 1119 -1 1120 1121 1122 1123 -1 1124 1125 1126 1127 -1 1128 1129 1130 1131 -1 1132 1133 1134 1135 -1 1136 1137 1138 1139 -1 1140 1141 1142 1143 -1 1144 1145 1146 1147 -1 1148 1149 1150 1151 -1 1152 1153 1154 1155 -1 1156 1157 1158 1159 -1 1160 1161 1162 1163 -1 1164 1165 1166 1167 -1 1168 1169 1170 1171 -1 1172 1173 1174 1175 -1 1176 1177 1178 1179 -1 1180 1181 1182 1183 -1 1184 1185 1186 1187 -1 1188 1189 1190 1191 -1 1192 1193 1194 1195 -1 1196 1197 1198 1199 -1 1200 1201 1202 1203 -1 1204 1205 1206 1207 -1 1208 1209 1210 1211 -1 1212 1213 1214 1215 -1 1216 1217 1218 1219 -1 1220 1221 1222 1223 -1 1224 1225 1226 1227 -1 1228 1229 1230 1231 -1 1232 1233 1234 1235 -1 1236 1237 1238 1239 -1 1240 1241 1242 1243 -1 1244 1245 1246 1247 -1 1248 1249 1250 1251 -1 1252 1253 1254 1255 -1 1256 1257 1258 1259 -1 1260 1261 1262 1263 -1 1264 1265 1266 1267 -1 1268 1269 1270 1271 -1 1272 1273 1274 1275 -1 1276 1277 1278 1279 -1 1280 1281 1282 1283 -1 1284 1285 1286 1287 -1 1288 1289 1290 1291 -1 1292 1293 1294 1295 -1 1296 1297 1298 1299 -1 1300 1301 1302 1303 -1 1304 1305 1306 1307 -1 1308 1309 1310 1311 -1 1312 1313 1314 1315 -1 1316 1317 1318 1319 -1 1320 1321 1322 1323 -1 1324 1325 1326 1327 -1 1328 1329 1330 1331 -1 1332 1333 1334 1335 -1 1336 1337 1338 1339 -1 1340 1341 1342 1343 -1 1344 1345 1346 1347 -1 1348 1349 1350 1351 -1 1352 1353 1354 1355 -1 1356 1357 1358 1359 -1 1360 1361 1362 1363 -1 1364 1365 1366 1367 -1 1368 1369 1370 1371 -1 1372 1373 1374 1375 -1 1376 1377 1378 1379 -1 1380 1381 1382 1383 -1 1384 1385 1386 1387 -1 1388 1389 1390 1391 -1 1392 1393 1394 1395 -1 1396 1397 1398 1399 -1 1400 1401 1402 1403 -1 1404 1405 1406 1407 -1 1408 1409 1410 1411 -1 1412 1413 1414 1415 -1 1416 1417 1418 1419 -1 1420 1421 1422 1423 -1 1424 1425 1426 1427 -1 1428 1429 1430 1431 -1 1432 1433 1434 1435 -1 1436 1437 1438 1439 -1 1440 1441 1442 1443 -1 1444 1445 1446 1447 -1 1448 1449 1450 1451 -1 1452 1453 1454 1455 -1 1456 1457 1458 1459 -1 1460 1461 1462 1463 -1 1464 1465 1466 1467 -1 1468 1469 1470 1471 -1 1472 1473 1474 1475 -1 1476 1477 1478 1479 -1 1480 1481 1482 1483 -1 1484 1485 1486 1487 -1 1488 1489 1490 1491 -1 1492 1493 1494 1495 -1 1496 1497 1498 1499 -1 1500 1501 1502 1503 -1 1504 1505 1506 1507 -1 1508 1509 1510 1511 -1 1512 1513 1514 1515 -1 1516 1517 1518 1519 -1 1520 1521 1522 1523 -1 1524 1525 1526 1527 -1 1528 1529 1530 1531 -1 1532 1533 1534 1535 -1 "
						                coordIndex="385 167 6 104 -1 384 104 6 101 -1 383 107 4 163 -1 382 169 3 106 -1 381 105 2 162 -1 380 108 0 160 -1 379 122 10 148 -1 378 123 20 172 -1 377 120 18 173 -1 376 126 12 150 -1 375 127 21 176 -1 374 117 15 177 -1 373 130 16 118 -1 372 131 22 180 -1 371 157 19 181 -1 370 134 13 151 -1 369 135 23 184 -1 368 119 17 185 -1 367 138 11 113 -1 366 139 24 188 -1 365 116 14 189 -1 364 142 14 116 -1 363 143 25 192 -1 362 155 17 193 -1 361 194 73 145 -1 360 195 74 196 -1 359 107 35 197 -1 358 198 72 144 -1 357 199 75 200 -1 356 191 71 201 -1 355 202 44 164 -1 354 203 76 204 -1 353 190 70 205 -1 352 206 69 141 -1 351 207 77 208 -1 350 164 44 209 -1 349 210 68 140 -1 348 211 78 212 -1 347 187 67 213 -1 346 214 41 161 -1 345 215 79 216 -1 344 186 66 217 -1 343 218 65 137 -1 342 219 80 220 -1 341 167 47 221 -1 340 222 64 136 -1 339 223 81 224 -1 338 183 63 225 -1 337 226 31 103 -1 336 227 82 228 -1 335 182 62 229 -1 334 230 61 133 -1 333 231 83 232 -1 332 109 37 233 -1 331 234 60 132 -1 330 235 84 236 -1 329 179 59 237 -1 328 238 46 166 -1 327 239 85 240 -1 326 178 58 241 -1 325 242 57 129 -1 324 243 86 244 -1 323 165 45 245 -1 322 246 56 128 -1 321 247 87 248 -1 320 175 55 249 -1 319 250 30 102 -1 318 251 88 252 -1 317 174 54 253 -1 316 254 53 125 -1 315 255 89 256 -1 314 168 48 257 -1 313 258 52 124 -1 312 259 90 260 -1 311 171 51 261 -1 310 262 28 100 -1 309 263 91 264 -1 308 170 50 265 -1 307 266 40 112 -1 306 267 92 268 -1 305 156 36 269 -1 304 270 42 114 -1 303 271 93 272 -1 302 153 33 273 -1 301 274 34 154 -1 300 275 94 276 -1 299 121 49 277 -1 298 278 43 115 -1 297 279 95 280 -1 296 155 35 281 -1 295 282 29 149 -1 294 283 96 284 -1 293 152 32 285 -1 292 286 32 152 -1 291 287 97 288 -1 290 119 47 289 -1 287 290 289 97 -1 73 193 290 287 -1 193 17 119 290 -1 190 291 288 70 -1 25 145 291 190 -1 145 73 287 291 -1 142 292 152 14 -1 70 288 292 142 -1 288 97 286 292 -1 283 293 285 96 -1 69 189 293 283 -1 189 14 152 293 -1 186 294 284 66 -1 24 141 294 186 -1 141 69 283 294 -1 138 295 149 11 -1 66 284 295 138 -1 284 96 282 295 -1 279 296 281 95 -1 65 185 296 279 -1 185 17 155 296 -1 182 297 280 62 -1 23 137 297 182 -1 137 65 279 297 -1 134 298 115 13 -1 62 280 298 134 -1 280 95 278 298 -1 275 299 277 94 -1 61 181 299 275 -1 181 19 121 299 -1 178 300 276 58 -1 22 133 300 178 -1 133 61 275 300 -1 130 301 154 16 -1 58 276 301 130 -1 276 94 274 301 -1 271 302 273 93 -1 57 177 302 271 -1 177 15 153 302 -1 174 303 272 54 -1 21 129 303 174 -1 129 57 271 303 -1 126 304 114 12 -1 54 272 304 126 -1 272 93 270 304 -1 267 305 269 92 -1 53 173 305 267 -1 173 18 156 305 -1 170 306 268 50 -1 20 125 306 170 -1 125 53 267 306 -1 122 307 112 10 -1 50 268 307 122 -1 268 92 266 307 -1 263 308 265 91 -1 52 172 308 263 -1 172 20 170 308 -1 111 309 264 39 -1 9 124 309 111 -1 124 52 263 309 -1 159 310 100 1 -1 39 264 310 159 -1 264 91 262 310 -1 259 311 261 90 -1 31 151 311 259 -1 151 13 171 311 -1 99 312 260 27 -1 5 103 312 99 -1 103 31 259 312 -1 147 313 124 9 -1 27 260 313 147 -1 260 90 258 313 -1 255 314 257 89 -1 43 163 314 255 -1 163 4 168 314 -1 171 315 256 51 -1 13 115 315 171 -1 115 43 255 315 -1 123 316 125 20 -1 51 256 316 123 -1 256 89 254 316 -1 251 317 253 88 -1 56 176 317 251 -1 176 21 174 317 -1 121 318 252 49 -1 19 128 318 121 -1 128 56 251 318 -1 169 319 102 3 -1 49 252 319 169 -1 252 88 250 319 -1 247 320 249 87 -1 28 148 320 247 -1 148 10 175 320 -1 109 321 248 37 -1 1 100 321 109 -1 100 28 247 321 -1 157 322 128 19 -1 37 248 322 157 -1 248 87 246 322 -1 243 323 245 86 -1 40 160 323 243 -1 160 0 165 323 -1 175 324 244 55 -1 10 112 324 175 -1 112 40 243 324 -1 127 325 129 21 -1 55 244 325 127 -1 244 86 242 325 -1 239 326 241 85 -1 60 180 326 239 -1 180 22 178 326 -1 146 327 240 26 -1 8 132 327 146 -1 132 60 239 327 -1 98 328 166 7 -1 26 240 328 98 -1 240 85 238 328 -1 235 329 237 84 -1 27 147 329 235 -1 147 9 179 329 -1 158 330 236 38 -1 5 99 330 158 -1 99 27 235 330 -1 110 331 132 8 -1 38 236 331 110 -1 236 84 234 331 -1 231 332 233 83 -1 39 159 332 231 -1 159 1 109 332 -1 179 333 232 59 -1 9 111 333 179 -1 111 39 231 333 -1 131 334 133 22 -1 59 232 334 131 -1 232 83 230 334 -1 227 335 229 82 -1 64 184 335 227 -1 184 23 182 335 -1 110 336 228 38 -1 8 136 336 110 -1 136 64 227 336 -1 158 337 103 5 -1 38 228 337 158 -1 228 82 226 337 -1 223 338 225 81 -1 41 113 338 223 -1 113 11 183 338 -1 98 339 224 26 -1 7 161 339 98 -1 161 41 223 339 -1 146 340 136 8 -1 26 224 340 146 -1 224 81 222 340 -1 219 341 221 80 -1 29 101 341 219 -1 101 6 167 341 -1 183 342 220 63 -1 11 149 342 183 -1 149 29 219 342 -1 135 343 137 23 -1 63 220 343 135 -1 220 80 218 343 -1 215 344 217 79 -1 68 188 344 215 -1 188 24 186 344 -1 118 345 216 46 -1 16 140 345 118 -1 140 68 215 345 -1 166 346 161 7 -1 46 216 346 166 -1 216 79 214 346 -1 211 347 213 78 -1 30 150 347 211 -1 150 12 187 347 -1 106 348 212 34 -1 3 102 348 106 -1 102 30 211 348 -1 154 349 140 16 -1 34 212 349 154 -1 212 78 210 349 -1 207 350 209 77 -1 42 162 350 207 -1 162 2 164 350 -1 187 351 208 67 -1 12 114 351 187 -1 114 42 207 351 -1 139 352 141 24 -1 67 208 352 139 -1 208 77 206 352 -1 203 353 205 76 -1 72 192 353 203 -1 192 25 190 353 -1 153 354 204 33 -1 15 144 354 153 -1 144 72 203 354 -1 105 355 164 2 -1 33 204 355 105 -1 204 76 202 355 -1 199 356 201 75 -1 36 156 356 199 -1 156 18 191 356 -1 165 357 200 45 -1 0 108 357 165 -1 108 36 199 357 -1 117 358 144 15 -1 45 200 358 117 -1 200 75 198 358 -1 195 359 197 74 -1 48 168 359 195 -1 168 4 107 359 -1 191 360 196 71 -1 18 120 360 191 -1 120 48 195 360 -1 143 361 145 25 -1 71 196 361 143 -1 196 74 194 361 -1 194 362 193 73 -1 74 197 362 194 -1 197 35 155 362 -1 198 363 192 72 -1 75 201 363 198 -1 201 71 143 363 -1 202 364 116 44 -1 76 205 364 202 -1 205 70 142 364 -1 206 365 189 69 -1 77 209 365 206 -1 209 44 116 365 -1 210 366 188 68 -1 78 213 366 210 -1 213 67 139 366 -1 214 367 113 41 -1 79 217 367 214 -1 217 66 138 367 -1 218 368 185 65 -1 80 221 368 218 -1 221 47 119 368 -1 222 369 184 64 -1 81 225 369 222 -1 225 63 135 369 -1 226 370 151 31 -1 82 229 370 226 -1 229 62 134 370 -1 230 371 181 61 -1 83 233 371 230 -1 233 37 157 371 -1 234 372 180 60 -1 84 237 372 234 -1 237 59 131 372 -1 238 373 118 46 -1 85 241 373 238 -1 241 58 130 373 -1 242 374 177 57 -1 86 245 374 242 -1 245 45 117 374 -1 246 375 176 56 -1 87 249 375 246 -1 249 55 127 375 -1 250 376 150 30 -1 88 253 376 250 -1 253 54 126 376 -1 254 377 173 53 -1 89 257 377 254 -1 257 48 120 377 -1 258 378 172 52 -1 90 261 378 258 -1 261 51 123 378 -1 262 379 148 28 -1 91 265 379 262 -1 265 50 122 379 -1 266 380 160 40 -1 92 269 380 266 -1 269 36 108 380 -1 270 381 162 42 -1 93 273 381 270 -1 273 33 105 381 -1 274 382 106 34 -1 94 277 382 274 -1 277 49 169 382 -1 278 383 163 43 -1 95 281 383 278 -1 281 35 107 383 -1 282 384 101 29 -1 96 285 384 282 -1 285 32 104 384 -1 286 385 104 32 -1 97 289 385 286 -1 289 47 167 385 -1 "
						                >
							<Coordinate DEF="coords_ME_caja-cubierta-lona_001"
							            point="0.388078 0.286723 0.723317 0.436278 0.258226 0.004066 0.396695 -0.303069 0.691273 0.570731 -0.359701 0.002353 -0.352320 0.280884 0.706358 -0.536717 0.269483 0.003972 -0.354238 -0.309064 0.703996 -0.431506 -0.262722 0.004591 -0.576698 -0.043857 0.004026 -0.001028 0.357660 0.002691 0.420856 0.257137 0.350745 -0.369551 -0.300360 0.336178 0.473839 -0.300239 0.228793 -0.366936 0.272020 0.397703 -0.003557 -0.326840 0.709509 0.393828 -0.019034 0.700271 0.000953 -0.352702 -0.002418 -0.369271 0.005324 0.682011 0.003169 0.300368 0.716099 0.539605 0.035527 0.006134 -0.009566 0.311065 0.385481 0.456006 0.002786 0.326639 -0.000689 -0.000013 -0.003022 -0.419220 0.009116 0.357927 0.000742 -0.337062 0.362366 -0.000388 -0.014831 0.703180 -0.536844 -0.094939 0.006155 -0.311771 0.370885 0.015388 0.431104 0.245263 0.139062 -0.378910 -0.295586 0.545626 0.504028 -0.369257 0.122883 -0.446128 0.297682 0.066891 -0.317967 -0.329482 0.726430 0.390743 -0.195163 0.699774 0.310535 -0.351743 0.000203 -0.358476 0.186379 0.694997 0.315077 0.304247 0.735182 0.579464 0.142089 0.007201 -0.528589 0.229436 0.001887 0.303118 0.339823 0.004788 0.407488 0.269571 0.555278 -0.403334 -0.279087 0.137076 0.410297 -0.282006 0.570671 -0.370279 0.265071 0.551643 0.311863 -0.315946 0.706770 0.399968 0.199483 0.698667 -0.301484 -0.332665 -0.001130 -0.363162 -0.188472 0.687272 -0.305145 0.291017 0.712521 0.539718 -0.223602 0.005122 0.304398 0.310161 0.340447 -0.300828 0.295789 0.362280 -0.016962 0.317760 0.155056 0.008468 0.318705 0.577482 0.457523 -0.195129 0.310951 0.442181 0.173932 0.320689 0.481380 -0.006158 0.173809 0.436496 0.035228 0.517164 -0.000551 -0.203074 -0.004455 -0.000006 0.203928 -0.002462 -0.316910 -0.000051 -0.000142 0.314961 0.000330 -0.001811 -0.437202 0.144748 0.261569 -0.423399 -0.156127 0.307094 -0.578042 -0.049882 0.028133 -0.435915 -0.111466 0.494087 -0.311785 -0.329525 0.374990 0.339345 -0.336122 0.364538 -0.006189 -0.336004 0.168325 0.000961 -0.345159 0.567139 -0.000318 -0.211788 0.712802 -0.002799 0.215545 0.731352 0.318869 -0.001913 0.726527 -0.309849 -0.000413 0.725277 -0.313961 0.202115 0.723702 0.323312 0.207634 0.723168 0.321458 -0.201406 0.719519 0.307558 -0.329301 0.564476 0.317401 -0.339470 0.155864 -0.304189 -0.331365 0.154733 -0.422749 -0.168018 0.539281 -0.452109 -0.158655 0.136152 -0.447406 0.212575 0.161521 0.315408 0.204525 -0.001263 -0.315395 0.203433 -0.001168 -0.315638 -0.202866 -0.004660 0.423228 0.185327 0.564358 0.465968 0.176556 0.147059 0.489963 -0.203216 0.160248 -0.297569 0.301131 0.579591 -0.317465 0.327671 0.168017 0.310685 0.325688 0.159521 0.318386 0.304214 0.579720 0.425581 -0.202303 0.559227 0.314792 -0.203117 -0.002261 -0.388431 0.170845 0.565000 -0.305107 -0.330063 0.560367 -0.311454 -0.205873 0.727642 -0.468880 -0.184421 0.013495 -0.427029 0.331108 0.009266 0.432647 0.251072 0.067047 -0.367430 -0.301543 0.627759 0.534820 -0.371334 0.045112 -0.511077 0.276504 0.013941 -0.338032 -0.325710 0.722928 0.388726 -0.251741 0.699429 0.451495 -0.336578 0.003452 -0.352084 0.237310 0.702294 0.362088 0.304309 0.733440 0.528683 0.160688 0.009996 -0.499952 0.115793 0.008107 0.153443 0.354735 0.002759 0.409878 0.264479 0.455177 -0.384405 -0.291026 0.236840 0.402483 -0.303012 0.386491 -0.371578 0.269132 0.475533 0.154076 -0.322114 0.707051 0.398982 0.091834 0.696054 -0.151221 -0.348835 -0.002728 -0.367769 -0.092520 0.684368 -0.151396 0.296930 0.712954 0.518766 -0.104145 0.008042 0.375417 0.300652 0.347868 -0.156001 0.306765 0.375345 -0.008569 0.319267 0.072168 0.000469 0.297935 0.487721 0.467377 -0.247682 0.270410 0.450698 0.088151 0.324932 0.470250 0.014432 0.094282 0.431276 0.017384 0.423693 0.000306 -0.286736 -0.005101 -0.000516 0.101750 -0.001995 -0.455351 -0.015042 -0.003225 0.157088 0.000068 -0.001617 -0.386455 0.204519 0.327716 -0.417840 -0.076472 0.356501 -0.579034 -0.046734 0.004068 -0.428153 -0.057699 0.424783 -0.349166 -0.319393 0.356436 0.170420 -0.334517 0.381794 -0.006449 -0.330321 0.075581 0.002034 -0.339818 0.464363 -0.001192 -0.277760 0.721060 -0.002122 0.102448 0.708393 0.366596 -0.010868 0.725213 -0.159621 -0.010231 0.713630 -0.565727 -0.062351 0.002373 -0.156766 0.363231 0.006296 0.426113 0.245977 0.245491 -0.378634 -0.299701 0.444181 0.490431 -0.340613 0.177200 -0.393996 0.262251 0.202481 -0.161034 -0.327576 0.717499 0.394074 -0.105492 0.697782 0.156847 -0.356859 0.000829 -0.364635 0.094763 0.690287 0.158343 0.300296 0.726639 0.562743 0.096276 0.003242 -0.534742 0.255080 0.003395 0.376116 0.307762 0.004036 0.399847 0.272937 0.644024 -0.414813 -0.273669 0.061075 0.405401 -0.290342 0.635203 -0.361720 0.272890 0.634223 0.366160 -0.315051 0.705094 0.395648 0.246655 0.710877 -0.377883 -0.310070 -0.001124 -0.357476 -0.253228 0.693037 -0.339148 0.287924 0.714527 0.558500 -0.303502 0.004114 0.150228 0.310155 0.363229 -0.342857 0.287972 0.378635 -0.018565 0.310195 0.270268 0.004891 0.316306 0.651833 0.453732 -0.097686 0.317965 0.431394 0.222052 0.332181 0.472986 -0.002204 0.246495 0.402756 0.004117 0.625044 -0.000590 -0.101541 -0.003491 -0.000546 0.290077 -0.002936 -0.158303 0.000137 -0.003092 0.438563 0.012958 -0.001246 -0.424904 0.081924 0.310314 -0.398419 -0.229031 0.321914 -0.438689 -0.018989 0.177524 -0.380149 -0.043918 0.594170 -0.156923 -0.335233 0.368310 0.396833 -0.315303 0.297376 -0.003114 -0.338259 0.264860 -0.000837 -0.344327 0.646486 -0.000500 -0.113049 0.701832 0.000262 0.265048 0.738982 0.160616 -0.008566 0.712508 -0.345920 0.002557 0.710116 -0.310728 0.101663 0.723586 -0.309776 0.255296 0.725306 -0.157230 0.209691 0.725275 -0.341031 0.193437 0.717331 0.322734 0.101362 0.724235 0.314723 0.274939 0.735320 0.371253 0.203474 0.722561 0.156670 0.215465 0.723955 0.316038 -0.268586 0.717397 0.321578 -0.102733 0.720672 0.366220 -0.198537 0.716884 0.160587 -0.208502 0.710961 0.156082 -0.336425 0.566835 0.370229 -0.319453 0.567594 0.328062 -0.324926 0.463778 0.308614 -0.326326 0.642045 0.154665 -0.327387 0.161375 0.406827 -0.326516 0.143592 0.313117 -0.335983 0.071044 0.330806 -0.340096 0.262183 -0.364070 -0.316397 0.147701 -0.159418 -0.332000 0.163759 -0.303747 -0.328181 0.072413 -0.313992 -0.325531 0.266651 -0.430856 -0.136509 0.517791 -0.399712 -0.229487 0.548724 -0.412886 -0.155574 0.434013 -0.397287 -0.199193 0.594785 -0.536132 -0.077708 0.033963 -0.429507 -0.220429 0.137458 -0.468680 -0.128311 0.053001 -0.438759 -0.160262 0.222722 -0.448778 0.254892 0.113202 -0.480265 0.085486 0.023334 -0.478857 0.220796 0.029746 -0.445249 0.174049 0.209591 0.315156 0.102414 -0.001710 0.312235 0.282409 -0.001301 0.157552 0.204096 -0.002314 0.456848 0.177969 0.002714 -0.313938 0.103296 -0.001647 -0.314278 0.293585 -0.001108 -0.433880 0.211165 -0.001130 -0.157720 0.203613 -0.002307 -0.310398 -0.277940 -0.004975 -0.316004 -0.101394 -0.004272 -0.433746 -0.156759 -0.003101 -0.162777 -0.207511 0.000170 0.431523 0.107889 0.544835 0.416793 0.231450 0.560797 0.418893 0.169973 0.437479 0.421548 0.192500 0.635262 0.475269 0.086448 0.156703 0.452861 0.211398 0.144397 0.540745 0.156375 0.012106 0.455648 0.178030 0.233972 0.506764 -0.292607 0.143062 0.485947 -0.107409 0.167849 0.498395 -0.218057 0.064829 0.483404 -0.199996 0.236163 -0.145124 0.294973 0.580583 -0.343009 0.290063 0.566164 -0.301686 0.292473 0.475295 -0.302482 0.300504 0.650023 -0.165820 0.319777 0.161731 -0.382894 0.306601 0.114808 -0.322475 0.322618 0.085698 -0.311151 0.316477 0.263388 0.380495 0.300943 0.150460 0.156676 0.310209 0.158958 0.307242 0.327664 0.073879 0.308541 0.321832 0.251976 0.371857 0.293088 0.568233 0.162216 0.308889 0.577225 0.308984 0.301427 0.462795 0.314931 0.307280 0.664063 0.422472 -0.244882 0.564314 0.424018 -0.086863 0.540730 0.430791 -0.199139 0.439351 0.420146 -0.205901 0.622855 0.313950 -0.286928 -0.003113 0.315166 -0.101068 -0.001626 0.157092 -0.203098 -0.003664 0.439135 -0.210071 -0.001429 -0.383106 0.223845 0.557786 -0.397872 0.044638 0.512437 -0.388209 0.157745 0.422199 -0.381942 0.186483 0.625645 -0.351339 -0.319776 0.554334 -0.152940 -0.342655 0.563188 -0.309208 -0.325248 0.473297 -0.310217 -0.329920 0.651874 -0.314951 -0.276759 0.731675 -0.314814 -0.103535 0.721616 -0.157236 -0.209390 0.718558 -0.346232 -0.197199 0.716089 -0.346358 -0.096080 0.712980 -0.158971 -0.107560 0.710450 -0.158796 -0.277007 0.727029 -0.156148 -0.341954 0.649396 -0.157802 -0.332874 0.465359 -0.352744 -0.319160 0.454968 -0.375275 0.060761 0.615480 -0.393199 0.053151 0.436027 -0.390313 0.219288 0.445739 0.438745 -0.098657 -0.001356 0.157090 -0.101515 -0.002640 0.157019 -0.286896 -0.004391 0.398990 -0.095699 0.624860 0.435389 -0.086093 0.426464 0.422437 -0.234992 0.434463 0.160035 0.310135 0.658586 0.153206 0.309738 0.472248 0.372399 0.293189 0.457441 0.152674 0.314110 0.263876 0.156436 0.307375 0.068704 0.378388 0.304296 0.069483 -0.354110 0.300481 0.247722 -0.423089 0.328506 0.045315 -0.164812 0.317093 0.087852 -0.339008 0.290317 0.643789 -0.342964 0.288815 0.473554 -0.151378 0.311578 0.476888 0.476997 -0.101621 0.239818 0.478726 -0.108715 0.076042 0.523178 -0.303246 0.063146 0.446731 0.215132 0.241001 0.462110 0.198766 0.067060 0.546474 0.080440 0.007655 0.412091 0.237361 0.641311 0.414980 0.232680 0.445431 0.430815 0.099301 0.432605 -0.153972 -0.098075 -0.003426 -0.444926 -0.085900 -0.003028 -0.405893 -0.235958 -0.003693 -0.157325 0.292007 -0.002106 -0.431525 0.272497 0.004219 -0.445318 0.098142 -0.002634 0.419594 0.246050 0.001666 0.155867 0.286254 -0.001522 0.157365 0.102169 -0.002415 -0.421930 0.071778 0.205865 -0.495792 0.103530 0.011057 -0.507394 0.260823 0.015456 -0.416753 -0.225387 0.230407 -0.446839 -0.197120 0.062956 -0.548577 -0.076512 0.030219 -0.391134 -0.244875 0.621413 -0.400576 -0.233883 0.433776 -0.425933 -0.103118 0.433505 -0.158125 -0.337276 0.265278 -0.159782 -0.328695 0.070333 -0.370283 -0.312131 0.066525 0.401821 -0.323518 0.221091 0.427449 -0.319007 0.067537 0.161824 -0.325943 0.074785 0.367773 -0.317414 0.638792 0.387885 -0.315682 0.436145 0.161501 -0.331553 0.466359 0.161727 -0.107771 0.704880 0.366364 -0.104262 0.718601 0.366806 -0.261789 0.715349 0.158342 0.264594 0.743621 0.366858 0.256038 0.720801 0.368688 0.096435 0.723702 -0.340636 0.247177 0.719800 -0.154851 0.260013 0.732228 -0.159713 0.100103 0.710606 -0.343768 0.098161 0.713491 0.161233 0.102168 0.699859 0.157268 -0.273820 0.718480 0.154212 -0.340545 0.644629 0.166736 -0.330387 0.263656 -0.357554 -0.320934 0.252057 -0.378344 -0.115242 0.606065 -0.439950 -0.099968 0.202842 -0.414355 0.222726 0.218893 0.449530 0.095492 -0.001116 -0.158281 0.101700 -0.002421 -0.155097 -0.282360 -0.005857 0.413696 0.099122 0.625013 0.463879 0.086041 0.241405 0.490288 -0.270642 0.208208 -0.147810 0.308782 0.653094 -0.156402 0.313210 0.269162 0.376577 0.299377 0.249109 0.365606 0.297485 0.654486 0.419252 -0.250392 0.634022 0.447740 -0.292835 -0.002619 -0.376147 0.229088 0.634560 -0.347946 -0.322093 0.640918 -0.342981 -0.265433 0.718410 "
							            />
							<TextureCoordinate point="0.5625 0.6360 0.5611 0.6330 0.5670 0.6341 0.5688 0.6367 0.5914 0.6259 0.5828 0.6267 0.5848 0.6243 0.5928 0.6230 0.6704 0.5769 0.6692 0.5847 0.6644 0.5851 0.6653 0.5771 0.5106 0.6122 0.5099 0.6239 0.5040 0.6254 0.5060 0.6128 0.7403 0.6724 0.7475 0.6723 0.7468 0.6776 0.7410 0.6766 0.6514 0.6025 0.6597 0.6023 0.6585 0.6055 0.6501 0.6069 0.6088 0.6026 0.6191 0.6025 0.6194 0.6091 0.6084 0.6102 0.6125 0.5463 0.6237 0.5467 0.6242 0.5622 0.6122 0.5609 0.6529 0.5489 0.6592 0.5487 0.6591 0.5647 0.6522 0.5647 0.6949 0.6768 0.7018 0.6743 0.6976 0.6799 0.6922 0.6842 0.6973 0.6391 0.7064 0.6387 0.7067 0.6477 0.6981 0.6487 0.7379 0.6367 0.7453 0.6372 0.7463 0.6485 0.7385 0.6465 0.5093 0.5490 0.5095 0.5653 0.5026 0.5657 0.5023 0.5497 0.5496 0.5472 0.5502 0.5637 0.5395 0.5641 0.5389 0.5476 0.5513 0.6110 0.5518 0.6229 0.5453 0.6207 0.5426 0.6101 0.6714 0.5309 0.6726 0.5432 0.6649 0.5510 0.6665 0.5294 0.7064 0.5295 0.7040 0.5462 0.6947 0.5464 0.6980 0.5272 0.7078 0.5739 0.7055 0.5825 0.6948 0.5823 0.7001 0.5727 0.6320 0.6260 0.6211 0.6264 0.6233 0.6235 0.6337 0.6218 0.6295 0.6809 0.6170 0.6810 0.6195 0.6632 0.6298 0.6630 0.5895 0.6783 0.5827 0.6781 0.5830 0.6616 0.5898 0.6621 0.5635 0.6888 0.5639 0.6722 0.5692 0.6719 0.5687 0.6885 0.5240 0.6893 0.5239 0.6722 0.5362 0.6724 0.5356 0.6893 0.5241 0.6361 0.5245 0.6328 0.5339 0.6318 0.5342 0.6356 0.5240 0.6557 0.5238 0.6397 0.5345 0.6398 0.5356 0.6556 0.5071 0.6562 0.5077 0.6400 0.5132 0.6395 0.5124 0.6559 0.5085 0.6368 0.5095 0.6346 0.5148 0.6336 0.5141 0.6366 0.5246 0.7112 0.5240 0.7063 0.5349 0.7059 0.5358 0.7108 0.5077 0.7112 0.5055 0.7055 0.5128 0.7064 0.5133 0.7115 0.5064 0.6890 0.5065 0.6725 0.5118 0.6722 0.5119 0.6888 0.5622 0.7108 0.5629 0.7055 0.5680 0.7051 0.5678 0.7108 0.5456 0.7109 0.5455 0.7062 0.5558 0.7061 0.5556 0.7108 0.5460 0.6893 0.5465 0.6723 0.5569 0.6723 0.5566 0.6892 0.6081 0.6798 0.5976 0.6788 0.5981 0.6626 0.6088 0.6630 0.6103 0.7040 0.5965 0.7013 0.5972 0.6947 0.6077 0.6974 0.5891 0.7007 0.5821 0.7002 0.5822 0.6946 0.5890 0.6945 0.6494 0.6807 0.6403 0.6799 0.6399 0.6629 0.6497 0.6631 0.6503 0.7086 0.6421 0.7070 0.6407 0.6972 0.6498 0.6967 0.6335 0.7066 0.6250 0.7059 0.6183 0.6989 0.6292 0.6985 0.6514 0.6248 0.6429 0.6254 0.6441 0.6198 0.6520 0.6186 0.6506 0.6470 0.6408 0.6469 0.6420 0.6318 0.6506 0.6319 0.6301 0.6468 0.6194 0.6466 0.6191 0.6304 0.6304 0.6305 0.7068 0.5545 0.7101 0.5633 0.7074 0.5609 0.7019 0.5536 0.7210 0.5547 0.7202 0.5670 0.7134 0.5656 0.7125 0.5545 0.7218 0.5747 0.7231 0.5831 0.7160 0.5826 0.7169 0.5719 0.7019 0.5100 0.7027 0.5109 0.6986 0.5097 0.6983 0.5081 0.7169 0.5144 0.7195 0.5225 0.7124 0.5221 0.7100 0.5133 0.7201 0.5325 0.7209 0.5426 0.7125 0.5407 0.7128 0.5315 0.6713 0.5059 0.6698 0.5182 0.6653 0.5131 0.6698 0.5052 0.6863 0.5092 0.6874 0.5113 0.6739 0.5240 0.6751 0.5096 0.6884 0.5301 0.6869 0.5409 0.6803 0.5353 0.6775 0.5295 0.5509 0.5803 0.5515 0.5968 0.5408 0.5972 0.5402 0.5806 0.5702 0.5794 0.5704 0.5958 0.5623 0.5964 0.5616 0.5799 0.5671 0.6072 0.5587 0.6192 0.5566 0.6245 0.5601 0.6115 0.5481 0.5171 0.5491 0.5308 0.5383 0.5309 0.5362 0.5164 0.5665 0.5178 0.5691 0.5301 0.5596 0.5303 0.5600 0.5178 0.5695 0.5465 0.5700 0.5630 0.5609 0.5634 0.5603 0.5468 0.5131 0.5225 0.5091 0.5327 0.5034 0.5339 0.5055 0.5258 0.5287 0.5178 0.5276 0.5314 0.5170 0.5319 0.5213 0.5192 0.5286 0.5484 0.5289 0.5645 0.5182 0.5649 0.5171 0.5479 0.7179 0.6372 0.7295 0.6361 0.7268 0.6436 0.7172 0.6458 0.7191 0.6233 0.7309 0.6234 0.7313 0.6281 0.7183 0.6298 0.7391 0.6226 0.7463 0.6213 0.7452 0.6262 0.7385 0.6272 0.6689 0.6415 0.6877 0.6393 0.6904 0.6494 0.6819 0.6480 0.6783 0.6247 0.6871 0.6248 0.6868 0.6291 0.6675 0.6317 0.6975 0.6252 0.7072 0.6245 0.7059 0.6296 0.6966 0.6292 0.6797 0.6809 0.6881 0.6794 0.6866 0.6873 0.6781 0.6881 0.6810 0.6606 0.6903 0.6601 0.6898 0.6700 0.6801 0.6718 0.6978 0.6591 0.7064 0.6584 0.7060 0.6687 0.6977 0.6694 0.6343 0.5477 0.6452 0.5488 0.6445 0.5649 0.6350 0.5636 0.6350 0.5275 0.6446 0.5281 0.6458 0.5330 0.6349 0.5318 0.6527 0.5288 0.6600 0.5291 0.6597 0.5327 0.6531 0.5328 0.5933 0.5449 0.6011 0.5450 0.6000 0.5607 0.5912 0.5614 0.5887 0.5174 0.5967 0.5211 0.6021 0.5289 0.5933 0.5280 0.6110 0.5249 0.6250 0.5268 0.6230 0.5313 0.6123 0.5299 0.5899 0.6025 0.5984 0.6028 0.5973 0.6107 0.5898 0.6104 0.5906 0.5786 0.6000 0.5789 0.5995 0.5951 0.5904 0.5945 0.6110 0.5788 0.6214 0.5789 0.6185 0.5950 0.6091 0.5951 0.6306 0.6027 0.6423 0.6030 0.6408 0.6074 0.6303 0.6077 0.6329 0.5796 0.6439 0.5809 0.6437 0.5973 0.6314 0.5960 0.6524 0.5809 0.6596 0.5809 0.6600 0.5974 0.6526 0.5972 0.7197 0.6725 0.7333 0.6723 0.7343 0.6763 0.7155 0.6804 0.7179 0.6567 0.7299 0.6562 0.7324 0.6680 0.7199 0.6686 0.7390 0.6567 0.7465 0.6573 0.7472 0.6664 0.7389 0.6680 0.5101 0.5818 0.5107 0.5982 0.5039 0.5981 0.5027 0.5820 0.5295 0.5810 0.5302 0.5976 0.5195 0.5980 0.5189 0.5814 0.5309 0.6106 0.5306 0.6190 0.5182 0.6217 0.5192 0.6110 0.6713 0.5562 0.6709 0.5685 0.6661 0.5680 0.6655 0.5596 0.6895 0.5551 0.6906 0.5634 0.6767 0.5692 0.6780 0.5535 0.6887 0.5750 0.6850 0.5832 0.6749 0.5838 0.6750 0.5758 0.6108 0.6258 0.6004 0.6257 0.6014 0.6219 0.6120 0.6225 0.6092 0.6463 0.5989 0.6465 0.5996 0.6306 0.6088 0.6304 0.5900 0.6460 0.5827 0.6452 0.5824 0.6288 0.5901 0.6299 0.5638 0.6556 0.5637 0.6392 0.5692 0.6388 0.5692 0.6553 0.5459 0.6557 0.5454 0.6392 0.5563 0.6396 0.5566 0.6558 0.5446 0.6357 0.5442 0.6319 0.5543 0.6322 0.5553 0.6357 0.5454 0.6392 0.5446 0.6357 0.5553 0.6357 0.5563 0.6396 0.5345 0.6398 0.5342 0.6356 0.5446 0.6357 0.5454 0.6392 0.5342 0.6356 0.5339 0.6318 0.5442 0.6319 0.5446 0.6357 0.5465 0.6723 0.5459 0.6557 0.5566 0.6558 0.5569 0.6723 0.5362 0.6724 0.5356 0.6556 0.5459 0.6557 0.5465 0.6723 0.5356 0.6556 0.5345 0.6398 0.5454 0.6392 0.5459 0.6557 0.5639 0.6722 0.5638 0.6556 0.5692 0.6553 0.5692 0.6719 0.5569 0.6723 0.5566 0.6558 0.5638 0.6556 0.5639 0.6722 0.5566 0.6558 0.5563 0.6396 0.5637 0.6392 0.5638 0.6556 0.5989 0.6465 0.5900 0.6460 0.5901 0.6299 0.5996 0.6306 0.5981 0.6626 0.5898 0.6621 0.5900 0.6460 0.5989 0.6465 0.5898 0.6621 0.5830 0.6616 0.5827 0.6452 0.5900 0.6460 0.6194 0.6466 0.6092 0.6463 0.6088 0.6304 0.6191 0.6304 0.6195 0.6632 0.6088 0.6630 0.6092 0.6463 0.6194 0.6466 0.6088 0.6630 0.5981 0.6626 0.5989 0.6465 0.6092 0.6463 0.6211 0.6264 0.6108 0.6258 0.6120 0.6225 0.6233 0.6235 0.6191 0.6304 0.6088 0.6304 0.6108 0.6258 0.6211 0.6264 0.6088 0.6304 0.5996 0.6306 0.6004 0.6257 0.6108 0.6258 0.6906 0.5634 0.6887 0.5750 0.6750 0.5758 0.6767 0.5692 0.7074 0.5609 0.7001 0.5727 0.6887 0.5750 0.6906 0.5634 0.7001 0.5727 0.6948 0.5823 0.6850 0.5832 0.6887 0.5750 0.6869 0.5409 0.6895 0.5551 0.6780 0.5535 0.6803 0.5353 0.6947 0.5464 0.7019 0.5536 0.6895 0.5551 0.6869 0.5409 0.7019 0.5536 0.7074 0.5609 0.6906 0.5634 0.6895 0.5551 0.6726 0.5432 0.6713 0.5562 0.6655 0.5596 0.6649 0.5510 0.6803 0.5353 0.6780 0.5535 0.6713 0.5562 0.6726 0.5432 0.6780 0.5535 0.6767 0.5692 0.6709 0.5685 0.6713 0.5562 0.5302 0.5976 0.5309 0.6106 0.5192 0.6110 0.5195 0.5980 0.5408 0.5972 0.5426 0.6101 0.5309 0.6106 0.5302 0.5976 0.5426 0.6101 0.5453 0.6207 0.5306 0.6190 0.5309 0.6106 0.5289 0.5645 0.5295 0.5810 0.5189 0.5814 0.5182 0.5649 0.5395 0.5641 0.5402 0.5806 0.5295 0.5810 0.5289 0.5645 0.5402 0.5806 0.5408 0.5972 0.5302 0.5976 0.5295 0.5810 0.5095 0.5653 0.5101 0.5818 0.5027 0.5820 0.5026 0.5657 0.5182 0.5649 0.5189 0.5814 0.5101 0.5818 0.5095 0.5653 0.5189 0.5814 0.5195 0.5980 0.5107 0.5982 0.5101 0.5818 0.7299 0.6562 0.7390 0.6567 0.7389 0.6680 0.7324 0.6680 0.7268 0.6436 0.7385 0.6465 0.7390 0.6567 0.7299 0.6562 0.7385 0.6465 0.7463 0.6485 0.7465 0.6573 0.7390 0.6567 0.7064 0.6584 0.7179 0.6567 0.7199 0.6686 0.7060 0.6687 0.7067 0.6477 0.7172 0.6458 0.7179 0.6567 0.7064 0.6584 0.7172 0.6458 0.7268 0.6436 0.7299 0.6562 0.7179 0.6567 0.7018 0.6743 0.7197 0.6725 0.7155 0.6804 0.6976 0.6799 0.7060 0.6687 0.7199 0.6686 0.7197 0.6725 0.7018 0.6743 0.7199 0.6686 0.7324 0.6680 0.7333 0.6723 0.7197 0.6725 0.6439 0.5809 0.6524 0.5809 0.6526 0.5972 0.6437 0.5973 0.6445 0.5649 0.6522 0.5647 0.6524 0.5809 0.6439 0.5809 0.6522 0.5647 0.6591 0.5647 0.6596 0.5809 0.6524 0.5809 0.6214 0.5789 0.6329 0.5796 0.6314 0.5960 0.6185 0.5950 0.6242 0.5622 0.6350 0.5636 0.6329 0.5796 0.6214 0.5789 0.6350 0.5636 0.6445 0.5649 0.6439 0.5809 0.6329 0.5796 0.6191 0.6025 0.6306 0.6027 0.6303 0.6077 0.6194 0.6091 0.6185 0.5950 0.6314 0.5960 0.6306 0.6027 0.6191 0.6025 0.6314 0.5960 0.6437 0.5973 0.6423 0.6030 0.6306 0.6027 0.6000 0.5789 0.6110 0.5788 0.6091 0.5951 0.5995 0.5951 0.6000 0.5607 0.6122 0.5609 0.6110 0.5788 0.6000 0.5789 0.6122 0.5609 0.6242 0.5622 0.6214 0.5789 0.6110 0.5788 0.5822 0.5780 0.5906 0.5786 0.5904 0.5945 0.5830 0.5938 0.5828 0.5618 0.5912 0.5614 0.5906 0.5786 0.5822 0.5780 0.5912 0.5614 0.6000 0.5607 0.6000 0.5789 0.5906 0.5786 0.5831 0.6021 0.5899 0.6025 0.5898 0.6104 0.5831 0.6103 0.5830 0.5938 0.5904 0.5945 0.5899 0.6025 0.5831 0.6021 0.5904 0.5945 0.5995 0.5951 0.5984 0.6028 0.5899 0.6025 0.5967 0.5211 0.6110 0.5249 0.6123 0.5299 0.6021 0.5289 0.5918 0.5141 0.6071 0.5185 0.6110 0.5249 0.5967 0.5211 0.6071 0.5185 0.6273 0.5239 0.6250 0.5268 0.6110 0.5249 0.5850 0.5166 0.5887 0.5174 0.5933 0.5280 0.5842 0.5293 0.5862 0.5037 0.5871 0.5065 0.5887 0.5174 0.5850 0.5166 0.5871 0.5065 0.5918 0.5141 0.5967 0.5211 0.5887 0.5174 0.5834 0.5455 0.5933 0.5449 0.5912 0.5614 0.5828 0.5618 0.5842 0.5293 0.5933 0.5280 0.5933 0.5449 0.5834 0.5455 0.5933 0.5280 0.6021 0.5289 0.6011 0.5450 0.5933 0.5449 0.6446 0.5281 0.6527 0.5288 0.6531 0.5328 0.6458 0.5330 0.6433 0.5241 0.6518 0.5258 0.6527 0.5288 0.6446 0.5281 0.6518 0.5258 0.6593 0.5275 0.6600 0.5291 0.6527 0.5288 0.6250 0.5268 0.6350 0.5275 0.6349 0.5318 0.6230 0.5313 0.6273 0.5239 0.6354 0.5239 0.6350 0.5275 0.6250 0.5268 0.6354 0.5239 0.6433 0.5241 0.6446 0.5281 0.6350 0.5275 0.6237 0.5467 0.6343 0.5477 0.6350 0.5636 0.6242 0.5622 0.6230 0.5313 0.6349 0.5318 0.6343 0.5477 0.6237 0.5467 0.6349 0.5318 0.6458 0.5330 0.6452 0.5488 0.6343 0.5477 0.6903 0.6601 0.6978 0.6591 0.6977 0.6694 0.6898 0.6700 0.6904 0.6494 0.6981 0.6487 0.6978 0.6591 0.6903 0.6601 0.6981 0.6487 0.7067 0.6477 0.7064 0.6584 0.6978 0.6591 0.6729 0.6609 0.6810 0.6606 0.6801 0.6718 0.6728 0.6732 0.6702 0.6467 0.6819 0.6480 0.6810 0.6606 0.6729 0.6609 0.6819 0.6480 0.6904 0.6494 0.6903 0.6601 0.6810 0.6606 0.6727 0.6816 0.6797 0.6809 0.6781 0.6881 0.6723 0.6875 0.6728 0.6732 0.6801 0.6718 0.6797 0.6809 0.6727 0.6816 0.6801 0.6718 0.6898 0.6700 0.6881 0.6794 0.6797 0.6809 0.6871 0.6248 0.6975 0.6252 0.6966 0.6292 0.6868 0.6291 0.6873 0.6204 0.6984 0.6214 0.6975 0.6252 0.6871 0.6248 0.6984 0.6214 0.7093 0.6208 0.7072 0.6245 0.6975 0.6252 0.6683 0.6300 0.6783 0.6247 0.6675 0.6317 0.6636 0.6360 0.6735 0.6158 0.6800 0.6183 0.6783 0.6247 0.6683 0.6300 0.6800 0.6183 0.6873 0.6204 0.6871 0.6248 0.6783 0.6247 0.6667 0.6400 0.6689 0.6415 0.6819 0.6480 0.6702 0.6467 0.6636 0.6360 0.6675 0.6317 0.6689 0.6415 0.6667 0.6400 0.6675 0.6317 0.6868 0.6291 0.6877 0.6393 0.6689 0.6415 0.7309 0.6234 0.7391 0.6226 0.7385 0.6272 0.7313 0.6281 0.7303 0.6194 0.7394 0.6188 0.7391 0.6226 0.7309 0.6234 0.7394 0.6188 0.7475 0.6172 0.7463 0.6213 0.7391 0.6226 0.7072 0.6245 0.7191 0.6233 0.7183 0.6298 0.7059 0.6296 0.7093 0.6208 0.7201 0.6200 0.7191 0.6233 0.7072 0.6245 0.7201 0.6200 0.7303 0.6194 0.7309 0.6234 0.7191 0.6233 0.7064 0.6387 0.7179 0.6372 0.7172 0.6458 0.7067 0.6477 0.7059 0.6296 0.7183 0.6298 0.7179 0.6372 0.7064 0.6387 0.7183 0.6298 0.7313 0.6281 0.7295 0.6361 0.7179 0.6372 0.5276 0.5314 0.5286 0.5484 0.5171 0.5479 0.5170 0.5319 0.5383 0.5309 0.5389 0.5476 0.5286 0.5484 0.5276 0.5314 0.5389 0.5476 0.5395 0.5641 0.5289 0.5645 0.5286 0.5484 0.5308 0.5050 0.5287 0.5178 0.5213 0.5192 0.5274 0.5081 0.5327 0.5038 0.5362 0.5164 0.5287 0.5178 0.5308 0.5050 0.5362 0.5164 0.5383 0.5309 0.5276 0.5314 0.5287 0.5178 0.5181 0.5154 0.5131 0.5225 0.5055 0.5258 0.5101 0.5199 0.5274 0.5081 0.5213 0.5192 0.5131 0.5225 0.5181 0.5154 0.5213 0.5192 0.5170 0.5319 0.5091 0.5327 0.5131 0.5225 0.5691 0.5301 0.5695 0.5465 0.5603 0.5468 0.5596 0.5303 0.5774 0.5300 0.5771 0.5463 0.5695 0.5465 0.5691 0.5301 0.5771 0.5463 0.5771 0.5626 0.5700 0.5630 0.5695 0.5465 0.5643 0.5071 0.5665 0.5178 0.5600 0.5178 0.5616 0.5078 0.5658 0.5068 0.5727 0.5181 0.5665 0.5178 0.5643 0.5071 0.5727 0.5181 0.5774 0.5300 0.5691 0.5301 0.5665 0.5178 0.5497 0.5112 0.5481 0.5171 0.5362 0.5164 0.5327 0.5038 0.5616 0.5078 0.5600 0.5178 0.5481 0.5171 0.5497 0.5112 0.5600 0.5178 0.5596 0.5303 0.5491 0.5308 0.5481 0.5171 0.5704 0.5958 0.5671 0.6072 0.5601 0.6115 0.5623 0.5964 0.5764 0.5946 0.5734 0.6024 0.5671 0.6072 0.5704 0.5958 0.5734 0.6024 0.5685 0.6089 0.5587 0.6192 0.5671 0.6072 0.5700 0.5630 0.5702 0.5794 0.5616 0.5799 0.5609 0.5634 0.5771 0.5626 0.5774 0.5788 0.5702 0.5794 0.5700 0.5630 0.5774 0.5788 0.5764 0.5946 0.5704 0.5958 0.5702 0.5794 0.5502 0.5637 0.5509 0.5803 0.5402 0.5806 0.5395 0.5641 0.5609 0.5634 0.5616 0.5799 0.5509 0.5803 0.5502 0.5637 0.5616 0.5799 0.5623 0.5964 0.5515 0.5968 0.5509 0.5803 0.6874 0.5113 0.6884 0.5301 0.6775 0.5295 0.6739 0.5240 0.6986 0.5097 0.6980 0.5272 0.6884 0.5301 0.6874 0.5113 0.6980 0.5272 0.6947 0.5464 0.6869 0.5409 0.6884 0.5301 0.6854 0.5086 0.6863 0.5092 0.6751 0.5096 0.6750 0.5039 0.6976 0.5080 0.6983 0.5081 0.6863 0.5092 0.6854 0.5086 0.6983 0.5081 0.6986 0.5097 0.6874 0.5113 0.6863 0.5092 0.6724 0.5029 0.6713 0.5059 0.6698 0.5052 0.6710 0.5025 0.6750 0.5039 0.6751 0.5096 0.6713 0.5059 0.6724 0.5029 0.6751 0.5096 0.6739 0.5240 0.6698 0.5182 0.6713 0.5059 0.7195 0.5225 0.7201 0.5325 0.7128 0.5315 0.7124 0.5221 0.7263 0.5227 0.7279 0.5335 0.7201 0.5325 0.7195 0.5225 0.7279 0.5335 0.7292 0.5443 0.7209 0.5426 0.7201 0.5325 0.7149 0.5090 0.7169 0.5144 0.7100 0.5133 0.7040 0.5077 0.7241 0.5084 0.7256 0.5146 0.7169 0.5144 0.7149 0.5090 0.7256 0.5146 0.7263 0.5227 0.7195 0.5225 0.7169 0.5144 0.6997 0.5074 0.7019 0.5100 0.6983 0.5081 0.6976 0.5080 0.7040 0.5077 0.7100 0.5133 0.7019 0.5100 0.6997 0.5074 0.7100 0.5133 0.7124 0.5221 0.7027 0.5109 0.7019 0.5100 0.7202 0.5670 0.7218 0.5747 0.7169 0.5719 0.7134 0.5656 0.7277 0.5669 0.7283 0.5759 0.7218 0.5747 0.7202 0.5670 0.7283 0.5759 0.7292 0.5843 0.7231 0.5831 0.7218 0.5747 0.7209 0.5426 0.7210 0.5547 0.7125 0.5545 0.7125 0.5407 0.7292 0.5443 0.7285 0.5560 0.7210 0.5547 0.7209 0.5426 0.7285 0.5560 0.7277 0.5669 0.7202 0.5670 0.7210 0.5547 0.7040 0.5462 0.7068 0.5545 0.7019 0.5536 0.6947 0.5464 0.7125 0.5407 0.7125 0.5545 0.7068 0.5545 0.7040 0.5462 0.7125 0.5545 0.7134 0.5656 0.7101 0.5633 0.7068 0.5545 0.6408 0.6469 0.6301 0.6468 0.6304 0.6305 0.6420 0.6318 0.6399 0.6629 0.6298 0.6630 0.6301 0.6468 0.6408 0.6469 0.6298 0.6630 0.6195 0.6632 0.6194 0.6466 0.6301 0.6468 0.6584 0.6481 0.6506 0.6470 0.6506 0.6319 0.6583 0.6324 0.6582 0.6640 0.6497 0.6631 0.6506 0.6470 0.6584 0.6481 0.6497 0.6631 0.6399 0.6629 0.6408 0.6469 0.6506 0.6470 0.6585 0.6241 0.6514 0.6248 0.6520 0.6186 0.6579 0.6166 0.6583 0.6324 0.6506 0.6319 0.6514 0.6248 0.6585 0.6241 0.6506 0.6319 0.6420 0.6318 0.6429 0.6254 0.6514 0.6248 0.6421 0.7070 0.6335 0.7066 0.6292 0.6985 0.6407 0.6972 0.6449 0.7181 0.6388 0.7161 0.6335 0.7066 0.6421 0.7070 0.6388 0.7161 0.6319 0.7147 0.6250 0.7059 0.6335 0.7066 0.6571 0.7110 0.6503 0.7086 0.6498 0.6967 0.6574 0.6964 0.6585 0.7236 0.6533 0.7207 0.6503 0.7086 0.6571 0.7110 0.6533 0.7207 0.6449 0.7181 0.6421 0.7070 0.6503 0.7086 0.6578 0.6803 0.6494 0.6807 0.6497 0.6631 0.6582 0.6640 0.6574 0.6964 0.6498 0.6967 0.6494 0.6807 0.6578 0.6803 0.6498 0.6967 0.6407 0.6972 0.6403 0.6799 0.6494 0.6807 0.5965 0.7013 0.5891 0.7007 0.5890 0.6945 0.5972 0.6947 0.5958 0.7070 0.5891 0.7056 0.5891 0.7007 0.5965 0.7013 0.5891 0.7056 0.5834 0.7038 0.5821 0.7002 0.5891 0.7007 0.6250 0.7059 0.6103 0.7040 0.6077 0.6974 0.6183 0.6989 0.6319 0.7147 0.6154 0.7064 0.6103 0.7040 0.6250 0.7059 0.6154 0.7064 0.5958 0.7070 0.5965 0.7013 0.6103 0.7040 0.6170 0.6810 0.6081 0.6798 0.6088 0.6630 0.6195 0.6632 0.6183 0.6989 0.6077 0.6974 0.6081 0.6798 0.6170 0.6810 0.6077 0.6974 0.5972 0.6947 0.5976 0.6788 0.6081 0.6798 0.5455 0.7062 0.5460 0.6893 0.5566 0.6892 0.5558 0.7061 0.5349 0.7059 0.5356 0.6893 0.5460 0.6893 0.5455 0.7062 0.5356 0.6893 0.5362 0.6724 0.5465 0.6723 0.5460 0.6893 0.5459 0.7146 0.5456 0.7109 0.5556 0.7108 0.5553 0.7139 0.5368 0.7147 0.5358 0.7108 0.5456 0.7109 0.5459 0.7146 0.5358 0.7108 0.5349 0.7059 0.5455 0.7062 0.5456 0.7109 0.5612 0.7136 0.5622 0.7108 0.5678 0.7108 0.5667 0.7145 0.5553 0.7139 0.5556 0.7108 0.5622 0.7108 0.5612 0.7136 0.5556 0.7108 0.5558 0.7061 0.5629 0.7055 0.5622 0.7108 0.5055 0.7055 0.5064 0.6890 0.5119 0.6888 0.5128 0.7064 0.5024 0.7056 0.5023 0.6890 0.5064 0.6890 0.5055 0.7055 0.5023 0.6890 0.5021 0.6727 0.5065 0.6725 0.5064 0.6890 0.5087 0.7144 0.5077 0.7112 0.5133 0.7115 0.5137 0.7155 0.5043 0.7134 0.5024 0.7105 0.5077 0.7112 0.5087 0.7144 0.5024 0.7105 0.5024 0.7056 0.5055 0.7055 0.5077 0.7112 0.5251 0.7155 0.5246 0.7112 0.5358 0.7108 0.5368 0.7147 0.5137 0.7155 0.5133 0.7115 0.5246 0.7112 0.5251 0.7155 0.5133 0.7115 0.5128 0.7064 0.5240 0.7063 0.5246 0.7112 0.5077 0.6400 0.5085 0.6368 0.5141 0.6366 0.5132 0.6395 0.5037 0.6403 0.5042 0.6368 0.5085 0.6368 0.5077 0.6400 0.5042 0.6368 0.5049 0.6351 0.5095 0.6346 0.5085 0.6368 0.5065 0.6725 0.5071 0.6562 0.5124 0.6559 0.5118 0.6722 0.5021 0.6727 0.5027 0.6564 0.5071 0.6562 0.5065 0.6725 0.5027 0.6564 0.5037 0.6403 0.5077 0.6400 0.5071 0.6562 0.5239 0.6722 0.5240 0.6557 0.5356 0.6556 0.5362 0.6724 0.5118 0.6722 0.5124 0.6559 0.5240 0.6557 0.5239 0.6722 0.5124 0.6559 0.5132 0.6395 0.5238 0.6397 0.5240 0.6557 0.5238 0.6397 0.5241 0.6361 0.5342 0.6356 0.5345 0.6398 0.5132 0.6395 0.5141 0.6366 0.5241 0.6361 0.5238 0.6397 0.5141 0.6366 0.5148 0.6336 0.5245 0.6328 0.5241 0.6361 0.5240 0.7063 0.5240 0.6893 0.5356 0.6893 0.5349 0.7059 0.5128 0.7064 0.5119 0.6888 0.5240 0.6893 0.5240 0.7063 0.5119 0.6888 0.5118 0.6722 0.5239 0.6722 0.5240 0.6893 0.5629 0.7055 0.5635 0.6888 0.5687 0.6885 0.5680 0.7051 0.5558 0.7061 0.5566 0.6892 0.5635 0.6888 0.5629 0.7055 0.5566 0.6892 0.5569 0.6723 0.5639 0.6722 0.5635 0.6888 0.5976 0.6788 0.5895 0.6783 0.5898 0.6621 0.5981 0.6626 0.5972 0.6947 0.5890 0.6945 0.5895 0.6783 0.5976 0.6788 0.5890 0.6945 0.5822 0.6946 0.5827 0.6781 0.5895 0.6783 0.6403 0.6799 0.6295 0.6809 0.6298 0.6630 0.6399 0.6629 0.6407 0.6972 0.6292 0.6985 0.6295 0.6809 0.6403 0.6799 0.6292 0.6985 0.6183 0.6989 0.6170 0.6810 0.6295 0.6809 0.6429 0.6254 0.6320 0.6260 0.6337 0.6218 0.6441 0.6198 0.6420 0.6318 0.6304 0.6305 0.6320 0.6260 0.6429 0.6254 0.6304 0.6305 0.6191 0.6304 0.6211 0.6264 0.6320 0.6260 0.7101 0.5633 0.7078 0.5739 0.7001 0.5727 0.7074 0.5609 0.7134 0.5656 0.7169 0.5719 0.7078 0.5739 0.7101 0.5633 0.7169 0.5719 0.7160 0.5826 0.7055 0.5825 0.7078 0.5739 0.7027 0.5109 0.7064 0.5295 0.6980 0.5272 0.6986 0.5097 0.7124 0.5221 0.7128 0.5315 0.7064 0.5295 0.7027 0.5109 0.7128 0.5315 0.7125 0.5407 0.7040 0.5462 0.7064 0.5295 0.6698 0.5182 0.6714 0.5309 0.6665 0.5294 0.6653 0.5131 0.6739 0.5240 0.6775 0.5295 0.6714 0.5309 0.6698 0.5182 0.6775 0.5295 0.6803 0.5353 0.6726 0.5432 0.6714 0.5309 0.5515 0.5968 0.5513 0.6110 0.5426 0.6101 0.5408 0.5972 0.5623 0.5964 0.5601 0.6115 0.5513 0.6110 0.5515 0.5968 0.5601 0.6115 0.5566 0.6245 0.5518 0.6229 0.5513 0.6110 0.5491 0.5308 0.5496 0.5472 0.5389 0.5476 0.5383 0.5309 0.5596 0.5303 0.5603 0.5468 0.5496 0.5472 0.5491 0.5308 0.5603 0.5468 0.5609 0.5634 0.5502 0.5637 0.5496 0.5472 0.5091 0.5327 0.5093 0.5490 0.5023 0.5497 0.5034 0.5339 0.5170 0.5319 0.5171 0.5479 0.5093 0.5490 0.5091 0.5327 0.5171 0.5479 0.5182 0.5649 0.5095 0.5653 0.5093 0.5490 0.7295 0.6361 0.7379 0.6367 0.7385 0.6465 0.7268 0.6436 0.7313 0.6281 0.7385 0.6272 0.7379 0.6367 0.7295 0.6361 0.7385 0.6272 0.7452 0.6262 0.7453 0.6372 0.7379 0.6367 0.6877 0.6393 0.6973 0.6391 0.6981 0.6487 0.6904 0.6494 0.6868 0.6291 0.6966 0.6292 0.6973 0.6391 0.6877 0.6393 0.6966 0.6292 0.7059 0.6296 0.7064 0.6387 0.6973 0.6391 0.6881 0.6794 0.6949 0.6768 0.6922 0.6842 0.6866 0.6873 0.6898 0.6700 0.6977 0.6694 0.6949 0.6768 0.6881 0.6794 0.6977 0.6694 0.7060 0.6687 0.7018 0.6743 0.6949 0.6768 0.6452 0.5488 0.6529 0.5489 0.6522 0.5647 0.6445 0.5649 0.6458 0.5330 0.6531 0.5328 0.6529 0.5489 0.6452 0.5488 0.6531 0.5328 0.6597 0.5327 0.6592 0.5487 0.6529 0.5489 0.6011 0.5450 0.6125 0.5463 0.6122 0.5609 0.6000 0.5607 0.6021 0.5289 0.6123 0.5299 0.6125 0.5463 0.6011 0.5450 0.6123 0.5299 0.6230 0.5313 0.6237 0.5467 0.6125 0.5463 0.5984 0.6028 0.6088 0.6026 0.6084 0.6102 0.5973 0.6107 0.5995 0.5951 0.6091 0.5951 0.6088 0.6026 0.5984 0.6028 0.6091 0.5951 0.6185 0.5950 0.6191 0.6025 0.6088 0.6026 0.6423 0.6030 0.6514 0.6025 0.6501 0.6069 0.6408 0.6074 0.6437 0.5973 0.6526 0.5972 0.6514 0.6025 0.6423 0.6030 0.6526 0.5972 0.6600 0.5974 0.6597 0.6023 0.6514 0.6025 0.7333 0.6723 0.7403 0.6724 0.7410 0.6766 0.7343 0.6763 0.7324 0.6680 0.7389 0.6680 0.7403 0.6724 0.7333 0.6723 0.7389 0.6680 0.7472 0.6664 0.7475 0.6723 0.7403 0.6724 0.5107 0.5982 0.5106 0.6122 0.5060 0.6128 0.5039 0.5981 0.5195 0.5980 0.5192 0.6110 0.5106 0.6122 0.5107 0.5982 0.5192 0.6110 0.5182 0.6217 0.5099 0.6239 0.5106 0.6122 0.6709 0.5685 0.6704 0.5769 0.6653 0.5771 0.6661 0.5680 0.6767 0.5692 0.6750 0.5758 0.6704 0.5769 0.6709 0.5685 0.6750 0.5758 0.6749 0.5838 0.6692 0.5847 0.6704 0.5769 0.6004 0.6257 0.5914 0.6259 0.5928 0.6230 0.6014 0.6219 0.5996 0.6306 0.5901 0.6299 0.5914 0.6259 0.6004 0.6257 0.5901 0.6299 0.5824 0.6288 0.5828 0.6267 0.5914 0.6259 0.5637 0.6392 0.5625 0.6360 0.5688 0.6367 0.5692 0.6388 0.5563 0.6396 0.5553 0.6357 0.5625 0.6360 0.5637 0.6392 0.5553 0.6357 0.5543 0.6322 0.5611 0.6330 0.5625 0.6360 " />
						</IndexedFaceSet>
					</Shape>
				</Group>
			</Transform>
		</Transform>
		<Transform DEF="caja-madera-cubierta-lona_TRANSFORM"
		           translation="-1.000000 0.000000 -1.000000"
		           scale="1.000000 1.000000 1.000000"
		           rotation="0.000000 0.707107 0.707107 3.141593"
		           >
			<Transform DEF="caja-madera-cubierta-lona_ifs_TRANSFORM"
			           translation="0.000000 0.000000 0.000000"
			           scale="1.000000 1.000000 1.000000"
			           rotation="0.000000 1.000000 0.000000 0.000000"
			           >
				<Group DEF="group_ME_caja-madera-cubierta-lona">
					<Shape>
						<Appearance>
							<Material USE="MA_hiper-atlas" />
						</Appearance>
						<IndexedFaceSet solid="false"
						                creaseAngle="4.0000"
						                texCoordIndex="0 1 2 3 -1 4 5 6 7 -1 8 9 10 11 -1 12 13 14 15 -1 16 17 18 19 -1 20 21 22 23 -1 24 25 26 27 -1 28 29 30 31 -1 32 33 34 35 -1 36 37 38 39 -1 40 41 42 43 -1 44 45 46 47 -1 48 49 50 51 -1 52 53 54 55 -1 56 57 58 59 -1 60 61 62 63 -1 64 65 66 67 -1 68 69 70 71 -1 72 73 74 75 -1 76 77 78 79 -1 80 81 82 83 -1 84 85 86 87 -1 88 89 90 91 -1 92 93 94 95 -1 96 97 98 99 -1 100 101 102 103 -1 104 105 106 107 -1 108 109 110 111 -1 112 113 114 115 -1 116 117 118 119 -1 120 121 122 123 -1 124 125 126 127 -1 128 129 130 131 -1 132 133 134 135 -1 136 137 138 139 -1 140 141 142 143 -1 144 145 146 147 -1 148 149 150 151 -1 152 153 154 155 -1 156 157 158 159 -1 160 161 162 163 -1 164 165 166 167 -1 168 169 170 171 -1 172 173 174 175 -1 176 177 178 179 -1 180 181 182 183 -1 184 185 186 187 -1 188 189 190 191 -1 192 193 194 195 -1 196 197 198 199 -1 200 201 202 203 -1 204 205 206 207 -1 208 209 210 211 -1 212 213 214 215 -1 216 217 218 219 -1 220 221 222 223 -1 224 225 226 227 -1 228 229 230 231 -1 232 233 234 235 -1 236 237 238 239 -1 240 241 242 243 -1 244 245 246 247 -1 248 249 250 251 -1 252 253 254 255 -1 256 257 258 259 -1 260 261 262 263 -1 264 265 266 267 -1 268 269 270 271 -1 272 273 274 275 -1 276 277 278 279 -1 280 281 282 283 -1 284 285 286 287 -1 288 289 290 291 -1 292 293 294 295 -1 296 297 298 299 -1 300 301 302 303 -1 304 305 306 307 -1 308 309 310 311 -1 312 313 314 315 -1 316 317 318 319 -1 320 321 322 323 -1 324 325 326 327 -1 328 329 330 331 -1 332 333 334 335 -1 336 337 338 339 -1 340 341 342 343 -1 344 345 346 347 -1 348 349 350 351 -1 352 353 354 355 -1 356 357 358 359 -1 360 361 362 363 -1 364 365 366 367 -1 368 369 370 371 -1 372 373 374 375 -1 376 377 378 379 -1 380 381 382 383 -1 384 385 386 387 -1 388 389 390 391 -1 392 393 394 395 -1 396 397 398 399 -1 400 401 402 403 -1 404 405 406 407 -1 408 409 410 411 -1 412 413 414 415 -1 416 417 418 419 -1 420 421 422 423 -1 424 425 426 427 -1 428 429 430 431 -1 432 433 434 435 -1 436 437 438 439 -1 440 441 442 443 -1 444 445 446 447 -1 448 449 450 451 -1 452 453 454 455 -1 456 457 458 459 -1 460 461 462 463 -1 464 465 466 467 -1 468 469 470 471 -1 472 473 474 475 -1 476 477 478 479 -1 480 481 482 483 -1 484 485 486 487 -1 488 489 490 491 -1 492 493 494 495 -1 496 497 498 499 -1 500 501 502 503 -1 504 505 506 507 -1 508 509 510 511 -1 512 513 514 515 -1 516 517 518 519 -1 520 521 522 523 -1 524 525 526 527 -1 528 529 530 531 -1 532 533 534 535 -1 536 537 538 539 -1 540 541 542 543 -1 544 545 546 547 -1 548 549 550 551 -1 552 553 554 555 -1 556 557 558 559 -1 560 561 562 563 -1 564 565 566 567 -1 568 569 570 571 -1 572 573 574 575 -1 576 577 578 579 -1 580 581 582 583 -1 584 585 586 587 -1 588 589 590 591 -1 592 593 594 595 -1 596 597 598 599 -1 600 601 602 603 -1 604 605 606 607 -1 608 609 610 611 -1 612 613 614 615 -1 616 617 618 619 -1 620 621 622 623 -1 624 625 626 627 -1 628 629 630 631 -1 632 633 634 635 -1 636 637 638 639 -1 640 641 642 643 -1 644 645 646 647 -1 648 649 650 651 -1 652 653 654 655 -1 656 657 658 659 -1 660 661 662 663 -1 664 665 666 667 -1 668 669 670 671 -1 672 673 674 675 -1 676 677 678 679 -1 680 681 682 683 -1 684 685 686 687 -1 688 689 690 691 -1 692 693 694 695 -1 696 697 698 699 -1 700 701 702 703 -1 704 705 706 707 -1 708 709 710 711 -1 712 713 714 715 -1 716 717 718 719 -1 720 721 722 723 -1 724 725 726 727 -1 728 729 730 731 -1 732 733 734 735 -1 736 737 738 739 -1 740 741 742 743 -1 744 745 746 747 -1 748 749 750 751 -1 752 753 754 755 -1 756 757 758 759 -1 760 761 762 763 -1 764 765 766 767 -1 768 769 770 771 -1 772 773 774 775 -1 776 777 778 779 -1 780 781 782 783 -1 784 785 786 787 -1 788 789 790 791 -1 792 793 794 795 -1 796 797 798 799 -1 800 801 802 803 -1 804 805 806 807 -1 808 809 810 811 -1 812 813 814 815 -1 816 817 818 819 -1 820 821 822 823 -1 824 825 826 827 -1 828 829 830 831 -1 832 833 834 835 -1 836 837 838 839 -1 840 841 842 843 -1 844 845 846 847 -1 848 849 850 851 -1 852 853 854 855 -1 856 857 858 859 -1 860 861 862 863 -1 864 865 866 867 -1 868 869 870 871 -1 872 873 874 875 -1 876 877 878 879 -1 880 881 882 883 -1 884 885 886 887 -1 888 889 890 891 -1 892 893 894 895 -1 896 897 898 899 -1 900 901 902 903 -1 904 905 906 907 -1 908 909 910 911 -1 912 913 914 915 -1 916 917 918 919 -1 920 921 922 923 -1 924 925 926 927 -1 928 929 930 931 -1 932 933 934 935 -1 936 937 938 939 -1 940 941 942 943 -1 944 945 946 947 -1 948 949 950 951 -1 952 953 954 955 -1 956 957 958 959 -1 960 961 962 963 -1 964 965 966 967 -1 968 969 970 971 -1 972 973 974 975 -1 976 977 978 979 -1 980 981 982 983 -1 984 985 986 987 -1 988 989 990 991 -1 992 993 994 995 -1 996 997 998 999 -1 1000 1001 1002 1003 -1 1004 1005 1006 1007 -1 1008 1009 1010 1011 -1 1012 1013 1014 1015 -1 1016 1017 1018 1019 -1 1020 1021 1022 1023 -1 1024 1025 1026 1027 -1 1028 1029 1030 1031 -1 1032 1033 1034 1035 -1 1036 1037 1038 1039 -1 1040 1041 1042 1043 -1 1044 1045 1046 1047 -1 1048 1049 1050 1051 -1 1052 1053 1054 1055 -1 1056 1057 1058 1059 -1 1060 1061 1062 1063 -1 1064 1065 1066 1067 -1 1068 1069 1070 1071 -1 1072 1073 1074 1075 -1 1076 1077 1078 1079 -1 1080 1081 1082 1083 -1 1084 1085 1086 1087 -1 1088 1089 1090 1091 -1 1092 1093 1094 1095 -1 1096 1097 1098 1099 -1 1100 1101 1102 1103 -1 1104 1105 1106 1107 -1 1108 1109 1110 1111 -1 1112 1113 1114 1115 -1 1116 1117 1118 1119 -1 1120 1121 1122 1123 -1 1124 1125 1126 1127 -1 1128 1129 1130 1131 -1 1132 1133 1134 1135 -1 1136 1137 1138 1139 -1 1140 1141 1142 1143 -1 1144 1145 1146 1147 -1 1148 1149 1150 1151 -1 1152 1153 1154 1155 -1 1156 1157 1158 1159 -1 1160 1161 1162 1163 -1 1164 1165 1166 1167 -1 1168 1169 1170 1171 -1 1172 1173 1174 1175 -1 1176 1177 1178 1179 -1 1180 1181 1182 1183 -1 1184 1185 1186 1187 -1 1188 1189 1190 1191 -1 1192 1193 1194 1195 -1 1196 1197 1198 1199 -1 1200 1201 1202 1203 -1 1204 1205 1206 1207 -1 1208 1209 1210 1211 -1 1212 1213 1214 1215 -1 1216 1217 1218 1219 -1 1220 1221 1222 1223 -1 1224 1225 1226 1227 -1 1228 1229 1230 1231 -1 1232 1233 1234 1235 -1 1236 1237 1238 1239 -1 1240 1241 1242 1243 -1 1244 1245 1246 1247 -1 1248 1249 1250 1251 -1 1252 1253 1254 1255 -1 1256 1257 1258 1259 -1 1260 1261 1262 1263 -1 1264 1265 1266 1267 -1 1268 1269 1270 1271 -1 1272 1273 1274 1275 -1 1276 1277 1278 1279 -1 1280 1281 1282 1283 -1 1284 1285 1286 1287 -1 1288 1289 1290 1291 -1 1292 1293 1294 1295 -1 1296 1297 1298 1299 -1 1300 1301 1302 1303 -1 1304 1305 1306 1307 -1 1308 1309 1310 1311 -1 1312 1313 1314 1315 -1 1316 1317 1318 1319 -1 1320 1321 1322 1323 -1 1324 1325 1326 1327 -1 1328 1329 1330 1331 -1 1332 1333 1334 1335 -1 1336 1337 1338 1339 -1 1340 1341 1342 1343 -1 1344 1345 1346 1347 -1 1348 1349 1350 1351 -1 1352 1353 1354 1355 -1 1356 1357 1358 1359 -1 1360 1361 1362 1363 -1 1364 1365 1366 1367 -1 1368 1369 1370 1371 -1 1372 1373 1374 1375 -1 1376 1377 1378 1379 -1 1380 1381 1382 1383 -1 1384 1385 1386 1387 -1 1388 1389 1390 1391 -1 1392 1393 1394 1395 -1 1396 1397 1398 1399 -1 1400 1401 1402 1403 -1 1404 1405 1406 1407 -1 1408 1409 1410 1411 -1 1412 1413 1414 1415 -1 1416 1417 1418 1419 -1 1420 1421 1422 1423 -1 1424 1425 1426 1427 -1 1428 1429 1430 1431 -1 1432 1433 1434 1435 -1 1436 1437 1438 1439 -1 1440 1441 1442 1443 -1 1444 1445 1446 1447 -1 1448 1449 1450 1451 -1 1452 1453 1454 1455 -1 1456 1457 1458 1459 -1 1460 1461 1462 1463 -1 1464 1465 1466 1467 -1 1468 1469 1470 1471 -1 1472 1473 1474 1475 -1 1476 1477 1478 1479 -1 1480 1481 1482 1483 -1 1484 1485 1486 1487 -1 1488 1489 1490 1491 -1 1492 1493 1494 1495 -1 1496 1497 1498 1499 -1 1500 1501 1502 1503 -1 1504 1505 1506 1507 -1 1508 1509 1510 1511 -1 1512 1513 1514 1515 -1 1516 1517 1518 1519 -1 1520 1521 1522 1523 -1 1524 1525 1526 1527 -1 1528 1529 1530 1531 -1 1532 1533 1534 1535 -1 "
						                coordIndex="385 167 6 104 -1 384 104 6 101 -1 383 107 4 163 -1 382 169 3 106 -1 381 105 2 162 -1 380 108 0 160 -1 379 122 10 148 -1 378 123 20 172 -1 377 120 18 173 -1 376 126 12 150 -1 375 127 21 176 -1 374 117 15 177 -1 373 130 16 118 -1 372 131 22 180 -1 371 157 19 181 -1 370 134 13 151 -1 369 135 23 184 -1 368 119 17 185 -1 367 138 11 113 -1 366 139 24 188 -1 365 116 14 189 -1 364 142 14 116 -1 363 143 25 192 -1 362 155 17 193 -1 361 194 73 145 -1 360 195 74 196 -1 359 107 35 197 -1 358 198 72 144 -1 357 199 75 200 -1 356 191 71 201 -1 355 202 44 164 -1 354 203 76 204 -1 353 190 70 205 -1 352 206 69 141 -1 351 207 77 208 -1 350 164 44 209 -1 349 210 68 140 -1 348 211 78 212 -1 347 187 67 213 -1 346 214 41 161 -1 345 215 79 216 -1 344 186 66 217 -1 343 218 65 137 -1 342 219 80 220 -1 341 167 47 221 -1 340 222 64 136 -1 339 223 81 224 -1 338 183 63 225 -1 337 226 31 103 -1 336 227 82 228 -1 335 182 62 229 -1 334 230 61 133 -1 333 231 83 232 -1 332 109 37 233 -1 331 234 60 132 -1 330 235 84 236 -1 329 179 59 237 -1 328 238 46 166 -1 327 239 85 240 -1 326 178 58 241 -1 325 242 57 129 -1 324 243 86 244 -1 323 165 45 245 -1 322 246 56 128 -1 321 247 87 248 -1 320 175 55 249 -1 319 250 30 102 -1 318 251 88 252 -1 317 174 54 253 -1 316 254 53 125 -1 315 255 89 256 -1 314 168 48 257 -1 313 258 52 124 -1 312 259 90 260 -1 311 171 51 261 -1 310 262 28 100 -1 309 263 91 264 -1 308 170 50 265 -1 307 266 40 112 -1 306 267 92 268 -1 305 156 36 269 -1 304 270 42 114 -1 303 271 93 272 -1 302 153 33 273 -1 301 274 34 154 -1 300 275 94 276 -1 299 121 49 277 -1 298 278 43 115 -1 297 279 95 280 -1 296 155 35 281 -1 295 282 29 149 -1 294 283 96 284 -1 293 152 32 285 -1 292 286 32 152 -1 291 287 97 288 -1 290 119 47 289 -1 287 290 289 97 -1 73 193 290 287 -1 193 17 119 290 -1 190 291 288 70 -1 25 145 291 190 -1 145 73 287 291 -1 142 292 152 14 -1 70 288 292 142 -1 288 97 286 292 -1 283 293 285 96 -1 69 189 293 283 -1 189 14 152 293 -1 186 294 284 66 -1 24 141 294 186 -1 141 69 283 294 -1 138 295 149 11 -1 66 284 295 138 -1 284 96 282 295 -1 279 296 281 95 -1 65 185 296 279 -1 185 17 155 296 -1 182 297 280 62 -1 23 137 297 182 -1 137 65 279 297 -1 134 298 115 13 -1 62 280 298 134 -1 280 95 278 298 -1 275 299 277 94 -1 61 181 299 275 -1 181 19 121 299 -1 178 300 276 58 -1 22 133 300 178 -1 133 61 275 300 -1 130 301 154 16 -1 58 276 301 130 -1 276 94 274 301 -1 271 302 273 93 -1 57 177 302 271 -1 177 15 153 302 -1 174 303 272 54 -1 21 129 303 174 -1 129 57 271 303 -1 126 304 114 12 -1 54 272 304 126 -1 272 93 270 304 -1 267 305 269 92 -1 53 173 305 267 -1 173 18 156 305 -1 170 306 268 50 -1 20 125 306 170 -1 125 53 267 306 -1 122 307 112 10 -1 50 268 307 122 -1 268 92 266 307 -1 263 308 265 91 -1 52 172 308 263 -1 172 20 170 308 -1 111 309 264 39 -1 9 124 309 111 -1 124 52 263 309 -1 159 310 100 1 -1 39 264 310 159 -1 264 91 262 310 -1 259 311 261 90 -1 31 151 311 259 -1 151 13 171 311 -1 99 312 260 27 -1 5 103 312 99 -1 103 31 259 312 -1 147 313 124 9 -1 27 260 313 147 -1 260 90 258 313 -1 255 314 257 89 -1 43 163 314 255 -1 163 4 168 314 -1 171 315 256 51 -1 13 115 315 171 -1 115 43 255 315 -1 123 316 125 20 -1 51 256 316 123 -1 256 89 254 316 -1 251 317 253 88 -1 56 176 317 251 -1 176 21 174 317 -1 121 318 252 49 -1 19 128 318 121 -1 128 56 251 318 -1 169 319 102 3 -1 49 252 319 169 -1 252 88 250 319 -1 247 320 249 87 -1 28 148 320 247 -1 148 10 175 320 -1 109 321 248 37 -1 1 100 321 109 -1 100 28 247 321 -1 157 322 128 19 -1 37 248 322 157 -1 248 87 246 322 -1 243 323 245 86 -1 40 160 323 243 -1 160 0 165 323 -1 175 324 244 55 -1 10 112 324 175 -1 112 40 243 324 -1 127 325 129 21 -1 55 244 325 127 -1 244 86 242 325 -1 239 326 241 85 -1 60 180 326 239 -1 180 22 178 326 -1 146 327 240 26 -1 8 132 327 146 -1 132 60 239 327 -1 98 328 166 7 -1 26 240 328 98 -1 240 85 238 328 -1 235 329 237 84 -1 27 147 329 235 -1 147 9 179 329 -1 158 330 236 38 -1 5 99 330 158 -1 99 27 235 330 -1 110 331 132 8 -1 38 236 331 110 -1 236 84 234 331 -1 231 332 233 83 -1 39 159 332 231 -1 159 1 109 332 -1 179 333 232 59 -1 9 111 333 179 -1 111 39 231 333 -1 131 334 133 22 -1 59 232 334 131 -1 232 83 230 334 -1 227 335 229 82 -1 64 184 335 227 -1 184 23 182 335 -1 110 336 228 38 -1 8 136 336 110 -1 136 64 227 336 -1 158 337 103 5 -1 38 228 337 158 -1 228 82 226 337 -1 223 338 225 81 -1 41 113 338 223 -1 113 11 183 338 -1 98 339 224 26 -1 7 161 339 98 -1 161 41 223 339 -1 146 340 136 8 -1 26 224 340 146 -1 224 81 222 340 -1 219 341 221 80 -1 29 101 341 219 -1 101 6 167 341 -1 183 342 220 63 -1 11 149 342 183 -1 149 29 219 342 -1 135 343 137 23 -1 63 220 343 135 -1 220 80 218 343 -1 215 344 217 79 -1 68 188 344 215 -1 188 24 186 344 -1 118 345 216 46 -1 16 140 345 118 -1 140 68 215 345 -1 166 346 161 7 -1 46 216 346 166 -1 216 79 214 346 -1 211 347 213 78 -1 30 150 347 211 -1 150 12 187 347 -1 106 348 212 34 -1 3 102 348 106 -1 102 30 211 348 -1 154 349 140 16 -1 34 212 349 154 -1 212 78 210 349 -1 207 350 209 77 -1 42 162 350 207 -1 162 2 164 350 -1 187 351 208 67 -1 12 114 351 187 -1 114 42 207 351 -1 139 352 141 24 -1 67 208 352 139 -1 208 77 206 352 -1 203 353 205 76 -1 72 192 353 203 -1 192 25 190 353 -1 153 354 204 33 -1 15 144 354 153 -1 144 72 203 354 -1 105 355 164 2 -1 33 204 355 105 -1 204 76 202 355 -1 199 356 201 75 -1 36 156 356 199 -1 156 18 191 356 -1 165 357 200 45 -1 0 108 357 165 -1 108 36 199 357 -1 117 358 144 15 -1 45 200 358 117 -1 200 75 198 358 -1 195 359 197 74 -1 48 168 359 195 -1 168 4 107 359 -1 191 360 196 71 -1 18 120 360 191 -1 120 48 195 360 -1 143 361 145 25 -1 71 196 361 143 -1 196 74 194 361 -1 194 362 193 73 -1 74 197 362 194 -1 197 35 155 362 -1 198 363 192 72 -1 75 201 363 198 -1 201 71 143 363 -1 202 364 116 44 -1 76 205 364 202 -1 205 70 142 364 -1 206 365 189 69 -1 77 209 365 206 -1 209 44 116 365 -1 210 366 188 68 -1 78 213 366 210 -1 213 67 139 366 -1 214 367 113 41 -1 79 217 367 214 -1 217 66 138 367 -1 218 368 185 65 -1 80 221 368 218 -1 221 47 119 368 -1 222 369 184 64 -1 81 225 369 222 -1 225 63 135 369 -1 226 370 151 31 -1 82 229 370 226 -1 229 62 134 370 -1 230 371 181 61 -1 83 233 371 230 -1 233 37 157 371 -1 234 372 180 60 -1 84 237 372 234 -1 237 59 131 372 -1 238 373 118 46 -1 85 241 373 238 -1 241 58 130 373 -1 242 374 177 57 -1 86 245 374 242 -1 245 45 117 374 -1 246 375 176 56 -1 87 249 375 246 -1 249 55 127 375 -1 250 376 150 30 -1 88 253 376 250 -1 253 54 126 376 -1 254 377 173 53 -1 89 257 377 254 -1 257 48 120 377 -1 258 378 172 52 -1 90 261 378 258 -1 261 51 123 378 -1 262 379 148 28 -1 91 265 379 262 -1 265 50 122 379 -1 266 380 160 40 -1 92 269 380 266 -1 269 36 108 380 -1 270 381 162 42 -1 93 273 381 270 -1 273 33 105 381 -1 274 382 106 34 -1 94 277 382 274 -1 277 49 169 382 -1 278 383 163 43 -1 95 281 383 278 -1 281 35 107 383 -1 282 384 101 29 -1 96 285 384 282 -1 285 32 104 384 -1 286 385 104 32 -1 97 289 385 286 -1 289 47 167 385 -1 "
						                >
							<Coordinate DEF="coords_ME_caja-madera-cubierta-lona"
							            point="0.591132 0.323491 0.778388 0.696129 0.470863 0.141396 0.620373 -0.431393 1.015512 0.696129 -0.452338 0.141396 -0.640667 0.388440 0.909195 -0.691253 0.470863 0.141396 -0.487031 -0.333772 0.745716 -0.691253 -0.452338 0.141396 -0.691253 0.002801 0.141396 -0.000247 0.470863 0.141396 0.696544 0.425413 0.596908 -0.678383 -0.433898 0.581699 0.688434 -0.438102 0.597204 -0.690458 0.462383 0.588031 0.014419 -0.422316 0.962821 0.644443 -0.045664 0.915602 -0.000855 -0.452338 0.141396 -0.656214 0.008798 0.898828 -0.078631 0.322486 0.864324 0.696129 -0.001819 0.141396 0.001180 0.477975 0.598055 0.691745 0.001759 0.585444 0.042129 -0.000110 0.141396 -0.703644 0.000184 0.569443 0.019644 -0.474834 0.616947 -0.030890 -0.029770 0.956224 -0.691253 -0.267270 0.141396 -0.394404 0.470863 0.141396 0.689699 0.449974 0.383218 -0.682573 -0.411975 0.636183 0.704575 -0.464592 0.407864 -0.703943 0.469162 0.370095 -0.319472 -0.339234 0.822917 0.606980 -0.214096 1.014804 0.394071 -0.452338 0.141396 -0.632659 0.202222 0.912371 0.298491 0.336923 0.788946 0.696129 0.269448 0.141396 -0.691253 0.272199 0.141396 0.393798 0.470863 0.141396 0.658003 0.434038 0.744289 -0.691492 -0.443730 0.369096 0.649598 -0.446884 0.801225 -0.669230 0.469775 0.870021 0.356695 -0.446064 0.986731 0.620495 0.186307 0.829574 -0.394538 -0.452338 0.141396 -0.592528 -0.156509 0.809523 -0.386863 0.398560 0.936797 0.696129 -0.268826 0.141396 0.388486 0.480076 0.608171 -0.396857 0.485011 0.602138 0.002177 0.481129 0.390792 -0.009542 0.481661 0.794501 0.721187 -0.263692 0.616032 0.713199 0.279644 0.609253 0.746805 0.005693 0.401808 0.690377 -0.035631 0.795946 -0.030178 -0.305937 0.141396 -0.028881 0.220217 0.141396 -0.387175 -0.000536 0.141396 0.392577 0.000390 0.141396 -0.720722 0.270271 0.593235 -0.721764 -0.292029 0.612032 -0.693814 0.000167 0.380727 -0.685681 -0.034645 0.754891 -0.399753 -0.456085 0.619794 0.413569 -0.470783 0.607705 -0.019668 -0.507381 0.422184 0.008959 -0.471762 0.820745 0.017345 -0.260552 0.977424 -0.078099 0.136620 0.931327 0.396291 -0.071093 0.944860 -0.375962 -0.024018 0.949499 -0.402269 0.196955 0.942228 0.373493 0.166195 0.828802 0.373192 -0.189997 1.003532 0.403171 -0.474179 0.834755 0.401697 -0.501471 0.429036 -0.398107 -0.457012 0.384589 -0.682987 -0.221513 0.741663 -0.748886 -0.268395 0.372900 -0.693829 0.269913 0.379940 0.394465 0.269978 0.141396 -0.375306 0.297571 0.141396 -0.390480 -0.290566 0.141396 0.685399 0.222311 0.774358 0.732995 0.267697 0.401746 0.745090 -0.271798 0.371563 -0.358404 0.459140 0.800612 -0.397601 0.489959 0.371385 0.387989 0.467925 0.381955 0.392860 0.458680 0.749295 0.693657 -0.261718 0.794286 0.394739 -0.288332 0.141396 -0.664497 0.257976 0.835992 -0.350860 -0.453364 0.754768 -0.320733 -0.184261 0.907242 -0.691253 -0.372269 0.141396 -0.562288 0.470863 0.141396 0.695855 0.465064 0.265224 -0.601508 -0.378996 0.685197 0.695855 -0.443503 0.268526 -0.690947 0.465064 0.268040 -0.414537 -0.325915 0.777844 0.620813 -0.342800 1.032472 0.562526 -0.452338 0.141396 -0.634736 0.296197 0.911624 0.431834 0.336755 0.772887 0.696129 0.379629 0.141396 -0.691253 0.136663 0.141396 0.196697 0.470863 0.141396 0.678692 0.431384 0.670989 -0.690436 -0.433859 0.475110 0.672196 -0.440546 0.697272 -0.683164 0.445315 0.739131 0.184149 -0.437211 0.977831 0.646090 0.070747 0.858683 -0.197761 -0.452338 0.141396 -0.634781 -0.074774 0.853489 -0.231463 0.358858 0.927062 0.696129 -0.135435 0.141396 0.559516 0.466423 0.603280 -0.198169 0.477122 0.590081 0.000435 0.465064 0.265224 -0.003179 0.483921 0.704978 0.706611 -0.357362 0.611093 0.690660 0.139791 0.597587 0.695855 0.005121 0.319923 0.700028 -0.038612 0.696679 -0.030515 -0.387876 0.141396 0.008555 0.117760 0.141396 -0.551494 0.000158 0.141396 0.232212 -0.000666 0.141396 -0.723699 0.376148 0.598972 -0.727867 -0.155656 0.594452 -0.690947 0.002010 0.268040 -0.670919 -0.018674 0.660072 -0.549395 -0.457742 0.598871 0.220081 -0.471401 0.612363 -0.009910 -0.443503 0.268526 0.012855 -0.478863 0.716079 0.014569 -0.341710 0.970068 -0.050777 0.059859 0.943111 0.533850 -0.060215 0.935399 -0.209464 -0.029509 0.924342 -0.691253 -0.132022 0.141396 -0.197291 0.470863 0.141396 0.691542 0.431340 0.488653 -0.682322 -0.422725 0.610366 0.692698 -0.440869 0.498267 -0.692644 0.469043 0.476386 -0.153285 -0.383313 0.906551 0.618547 -0.127738 0.974716 0.196925 -0.452338 0.141396 -0.651704 0.103349 0.897356 0.108723 0.329248 0.802155 0.696129 0.133814 0.141396 -0.691253 0.379661 0.141396 0.553280 0.470863 0.141396 0.631954 0.389945 0.763287 -0.690947 -0.443503 0.268040 0.629931 -0.441354 0.920826 -0.655513 0.440364 0.899516 0.502138 -0.446668 0.997657 0.605228 0.256122 0.807242 -0.553477 -0.452338 0.141396 -0.533209 -0.237586 0.772627 -0.532441 0.397143 0.934775 0.696129 -0.377195 0.141396 0.193752 0.485851 0.606104 -0.556312 0.492259 0.596722 0.000619 0.476784 0.494966 -0.038164 0.419090 0.841407 0.711240 -0.131663 0.599654 0.728498 0.360979 0.605850 0.716929 0.007174 0.466225 0.656388 -0.023048 0.873150 0.009750 -0.153198 0.141396 -0.032058 0.353171 0.141396 -0.171991 -0.000932 0.141396 0.570566 -0.000915 0.141396 -0.734102 0.140947 0.594084 -0.710846 -0.363964 0.598925 -0.730106 0.007862 0.488623 -0.673591 -0.012745 0.829223 -0.190044 -0.467823 0.614512 0.566018 -0.469345 0.604027 -0.008109 -0.486464 0.488182 0.021065 -0.458426 0.914328 -0.009559 -0.146537 0.976246 -0.082447 0.228808 0.900184 0.186515 -0.059373 0.937617 -0.528445 -0.002136 0.930283 -0.396224 0.085165 0.938889 -0.399390 0.295586 0.941250 -0.212339 0.184010 0.930551 -0.513435 0.195912 0.933728 0.391074 0.043620 0.880396 0.336013 0.247133 0.800453 0.489888 0.172117 0.820937 0.156069 0.153259 0.857724 0.367631 -0.322044 0.994785 0.386333 -0.134693 0.985855 0.503909 -0.198280 1.006889 0.195583 -0.228853 0.986772 0.211454 -0.459041 0.831182 0.541743 -0.477453 0.819867 0.419499 -0.462594 0.722106 0.379282 -0.466215 0.926962 0.190661 -0.459273 0.420983 0.567381 -0.487453 0.414807 0.396404 -0.443503 0.268526 0.404770 -0.475099 0.506294 -0.556558 -0.465303 0.375394 -0.191910 -0.465162 0.384744 -0.394741 -0.443503 0.268526 -0.397957 -0.458606 0.494475 -0.678204 -0.129032 0.755518 -0.688829 -0.318398 0.683129 -0.711074 -0.257021 0.666591 -0.642519 -0.194052 0.783732 -0.693918 -0.133511 0.377646 -0.726983 -0.353786 0.362138 -0.690947 -0.266670 0.268040 -0.734913 -0.275684 0.507854 -0.724083 0.392636 0.396101 -0.693784 0.134989 0.380163 -0.690947 0.271583 0.268040 -0.722220 0.271625 0.484810 0.395857 0.135459 0.141396 0.394336 0.382055 0.141396 0.183459 0.252914 0.141396 0.557801 0.270119 0.141396 -0.380374 0.151640 0.141396 -0.384451 0.395270 0.141396 -0.550367 0.283051 0.141396 -0.201638 0.264765 0.141396 -0.392305 -0.386440 0.141396 -0.387706 -0.140787 0.141396 -0.550388 -0.292866 0.141396 -0.206247 -0.290237 0.141396 0.690123 0.102471 0.792093 0.672733 0.334859 0.756293 0.698058 0.235453 0.679264 0.661862 0.211294 0.808796 0.739906 0.129982 0.393793 0.727997 0.368859 0.386750 0.695855 0.269269 0.264784 0.727844 0.274193 0.525774 0.733452 -0.375531 0.391520 0.738097 -0.127024 0.355576 0.695855 -0.269024 0.249457 0.723342 -0.270190 0.464393 -0.172419 0.465000 0.814473 -0.534344 0.450717 0.846293 -0.381788 0.471849 0.704933 -0.370136 0.440038 0.900854 -0.196161 0.484055 0.384318 -0.567720 0.492901 0.372755 -0.395770 0.465064 0.265224 -0.395296 0.482442 0.484925 0.555438 0.469145 0.379245 0.194326 0.478080 0.381930 0.391467 0.465064 0.265224 0.389881 0.469036 0.496241 0.539127 0.452146 0.742474 0.190143 0.471882 0.762695 0.393532 0.474066 0.678266 0.347285 0.409093 0.782122 0.676233 -0.358098 0.806216 0.707049 -0.151845 0.798541 0.708943 -0.258301 0.703454 0.678001 -0.237053 0.926314 0.394478 -0.387081 0.141396 0.396028 -0.139513 0.141396 0.186302 -0.289499 0.141396 0.563715 -0.285133 0.141396 -0.696745 0.380399 0.841500 -0.655825 0.125967 0.809500 -0.727128 0.264094 0.723940 -0.654303 0.230711 0.884598 -0.528546 -0.436934 0.688115 -0.174612 -0.448178 0.795443 -0.378838 -0.467253 0.691550 -0.330557 -0.398024 0.796641 -0.315571 -0.255024 0.865616 -0.347699 -0.102195 0.935977 -0.160289 -0.229530 0.947891 -0.448922 -0.163931 0.854080 -0.478298 -0.082325 0.891505 -0.190483 -0.135670 0.936509 -0.157794 -0.305714 0.936302 -0.152982 -0.449441 0.869921 -0.181533 -0.460674 0.701770 -0.538331 -0.447009 0.650744 -0.663376 0.114670 0.863625 -0.725226 0.127908 0.693770 -0.727375 0.360616 0.726942 0.562026 -0.139447 0.141396 0.202756 -0.139977 0.141396 0.191622 -0.387330 0.141396 0.673941 -0.155197 0.871789 0.722353 -0.142346 0.702779 0.692058 -0.358487 0.703939 0.155816 0.413681 0.792385 0.195744 0.491251 0.691600 0.549698 0.469649 0.679004 0.195286 0.473233 0.494185 0.196001 0.465064 0.265224 0.553033 0.465064 0.265224 -0.562908 0.484585 0.484462 -0.563605 0.465064 0.265224 -0.197774 0.465064 0.265224 -0.526021 0.449526 0.913071 -0.520129 0.466090 0.697639 -0.181852 0.462360 0.704521 0.708075 -0.117681 0.478537 0.695855 -0.134996 0.259938 0.695855 -0.377229 0.258994 0.713549 0.354065 0.470457 0.695855 0.373663 0.263142 0.695855 0.134997 0.263098 0.645454 0.300655 0.790138 0.710951 0.366715 0.669037 0.691755 0.143171 0.715888 -0.189101 -0.140641 0.141396 -0.551142 -0.141396 0.141396 -0.552031 -0.378034 0.141396 -0.199401 0.355640 0.141396 -0.556608 0.387076 0.141396 -0.550991 0.152098 0.141396 0.555755 0.380225 0.141396 0.190029 0.371774 0.141396 0.201389 0.126246 0.141396 -0.711707 0.141677 0.490508 -0.690947 0.136376 0.268040 -0.690947 0.381032 0.268040 -0.722636 -0.364010 0.493482 -0.690947 -0.369455 0.268040 -0.690947 -0.132359 0.268040 -0.629148 -0.276077 0.734236 -0.706469 -0.346990 0.645471 -0.696950 -0.132261 0.667899 -0.197950 -0.460945 0.510351 -0.202085 -0.443503 0.268526 -0.555064 -0.443503 0.268526 0.572487 -0.472956 0.508667 0.564136 -0.443503 0.268526 0.193161 -0.443503 0.268526 0.520475 -0.466138 0.926942 0.556511 -0.472599 0.712607 0.205440 -0.462459 0.714961 0.192881 -0.142989 0.980132 0.519828 -0.134121 0.984224 0.503051 -0.331537 1.000713 0.128738 0.223384 0.839402 0.462670 0.251273 0.789796 0.509853 0.050282 0.872226 -0.515942 0.300350 0.931553 -0.218534 0.271638 0.938849 -0.221598 0.072400 0.921596 -0.525621 0.096457 0.935981 0.166816 0.042753 0.893546 0.187328 -0.331896 0.981999 0.195043 -0.457767 0.915333 0.203818 -0.468782 0.516636 -0.555736 -0.451105 0.487686 -0.667793 -0.104809 0.817603 -0.727575 -0.139002 0.500315 -0.712839 0.375435 0.472349 0.559138 0.134904 0.141396 -0.186344 0.152010 0.141396 -0.201775 -0.387016 0.141396 0.674343 0.085385 0.837928 0.732963 0.140581 0.480813 0.707051 -0.362582 0.482072 -0.199860 0.444335 0.885121 -0.198590 0.480479 0.498221 0.555901 0.465616 0.492783 0.483979 0.403417 0.764253 0.660502 -0.348920 0.926690 0.563154 -0.378502 0.141396 -0.649209 0.330566 0.897241 -0.461975 -0.390127 0.730759 -0.421794 -0.242956 0.808378 "
							            />
							<TextureCoordinate point="0.7678 0.6244 0.7552 0.6231 0.7552 0.6145 0.7678 0.6170 0.8429 0.5547 0.8422 0.5636 0.8311 0.5602 0.8311 0.5531 0.8731 0.7285 0.8731 0.7343 0.8645 0.7343 0.8645 0.7272 0.7622 0.5931 0.7622 0.6057 0.7536 0.6057 0.7536 0.5931 0.7622 0.7399 0.7622 0.7470 0.7536 0.7470 0.7536 0.7399 0.9541 0.6211 0.9541 0.6139 0.9666 0.6139 0.9666 0.6211 0.9541 0.6497 0.9541 0.6425 0.9666 0.6425 0.9666 0.6497 0.9038 0.6497 0.9038 0.6425 0.9164 0.6425 0.9164 0.6497 0.9048 0.6174 0.9057 0.6069 0.9201 0.5999 0.9172 0.6145 0.7622 0.7112 0.7622 0.7184 0.7536 0.7184 0.7536 0.7112 0.7965 0.7112 0.7965 0.7184 0.7879 0.7184 0.7879 0.7112 0.7965 0.7399 0.7965 0.7470 0.7879 0.7470 0.7879 0.7399 0.7622 0.5429 0.7622 0.5555 0.7536 0.5555 0.7536 0.5429 0.7965 0.5429 0.7965 0.5555 0.7879 0.5555 0.7879 0.5429 0.7965 0.5931 0.7965 0.6057 0.7879 0.6057 0.7879 0.5931 0.8731 0.6986 0.8731 0.7057 0.8645 0.7057 0.8645 0.6986 0.9075 0.6986 0.9075 0.7057 0.8989 0.7057 0.8989 0.6986 0.9075 0.7262 0.9075 0.7343 0.8989 0.7343 0.9000 0.7271 0.8437 0.5245 0.8437 0.5316 0.8311 0.5316 0.8311 0.5245 0.8939 0.5245 0.8939 0.5316 0.8813 0.5316 0.8813 0.5245 0.8938 0.5536 0.8937 0.5612 0.8809 0.5623 0.8811 0.5541 0.8180 0.6240 0.8055 0.6249 0.8055 0.6181 0.8180 0.6163 0.8180 0.6575 0.8055 0.6575 0.8055 0.6489 0.8180 0.6489 0.7678 0.6575 0.7552 0.6575 0.7552 0.6489 0.7678 0.6489 0.7929 0.6575 0.7803 0.6575 0.7803 0.6489 0.7929 0.6489 0.7929 0.6729 0.7803 0.6746 0.7803 0.6660 0.7929 0.6660 0.7678 0.6746 0.7552 0.6746 0.7552 0.6660 0.7678 0.6660 0.8431 0.6575 0.8306 0.6575 0.8306 0.6489 0.8431 0.6489 0.8431 0.6746 0.8306 0.6746 0.8306 0.6660 0.8431 0.6660 0.8180 0.6729 0.8055 0.6712 0.8055 0.6660 0.8180 0.6660 0.8431 0.6231 0.8306 0.6231 0.8306 0.6145 0.8431 0.6145 0.8431 0.6403 0.8306 0.6403 0.8306 0.6317 0.8431 0.6317 0.8180 0.6403 0.8055 0.6403 0.8055 0.6317 0.8180 0.6317 0.8939 0.5388 0.8939 0.5459 0.8813 0.5459 0.8813 0.5388 0.9190 0.5388 0.9190 0.5459 0.9065 0.5459 0.9065 0.5388 0.9190 0.5531 0.9190 0.5602 0.9065 0.5602 0.9065 0.5531 0.8939 0.5101 0.8939 0.5173 0.8813 0.5173 0.8813 0.5101 0.9190 0.5101 0.9190 0.5173 0.9065 0.5173 0.9065 0.5101 0.9190 0.5245 0.9190 0.5316 0.9065 0.5316 0.9065 0.5245 0.8437 0.5101 0.8437 0.5173 0.8311 0.5173 0.8311 0.5101 0.8688 0.5101 0.8688 0.5173 0.8562 0.5173 0.8562 0.5101 0.8688 0.5245 0.8688 0.5316 0.8562 0.5316 0.8562 0.5245 0.9075 0.7119 0.9075 0.7181 0.9000 0.7187 0.8995 0.7122 0.9246 0.7129 0.9246 0.7200 0.9160 0.7200 0.9160 0.7129 0.9246 0.7272 0.9246 0.7343 0.9160 0.7343 0.9160 0.7272 0.9075 0.6843 0.9075 0.6914 0.8989 0.6914 0.8989 0.6843 0.9246 0.6843 0.9246 0.6914 0.9160 0.6914 0.9160 0.6843 0.9246 0.6986 0.9246 0.7057 0.9160 0.7057 0.9160 0.6986 0.8731 0.6843 0.8731 0.6914 0.8645 0.6914 0.8645 0.6843 0.8903 0.6843 0.8903 0.6914 0.8817 0.6914 0.8817 0.6843 0.8903 0.6986 0.8903 0.7057 0.8817 0.7057 0.8817 0.6986 0.7965 0.5680 0.7965 0.5806 0.7879 0.5806 0.7879 0.5680 0.8137 0.5680 0.8137 0.5806 0.8051 0.5806 0.8051 0.5680 0.8137 0.5931 0.8137 0.6057 0.8051 0.6057 0.8051 0.5931 0.7965 0.5178 0.7965 0.5303 0.7879 0.5303 0.7879 0.5178 0.8137 0.5178 0.8137 0.5303 0.8051 0.5303 0.8051 0.5178 0.8137 0.5429 0.8137 0.5555 0.8051 0.5555 0.8051 0.5429 0.7622 0.5178 0.7622 0.5303 0.7536 0.5303 0.7536 0.5178 0.7793 0.5178 0.7793 0.5303 0.7708 0.5303 0.7708 0.5178 0.7793 0.5429 0.7793 0.5555 0.7708 0.5555 0.7708 0.5429 0.7965 0.7255 0.7965 0.7327 0.7879 0.7327 0.7879 0.7255 0.8137 0.7255 0.8137 0.7327 0.8051 0.7327 0.8051 0.7255 0.8137 0.7399 0.8137 0.7470 0.8051 0.7470 0.8051 0.7399 0.7965 0.6969 0.7965 0.7041 0.7879 0.7041 0.7879 0.6969 0.8137 0.6969 0.8137 0.7041 0.8051 0.7041 0.8051 0.6969 0.8137 0.7112 0.8137 0.7184 0.8051 0.7184 0.8051 0.7112 0.7622 0.6969 0.7622 0.7041 0.7536 0.7041 0.7536 0.6969 0.7793 0.6969 0.7793 0.7041 0.7708 0.7041 0.7708 0.6969 0.7793 0.7112 0.7793 0.7184 0.7708 0.7184 0.7708 0.7112 0.9048 0.6335 0.9060 0.6247 0.9173 0.6249 0.9168 0.6333 0.8787 0.6354 0.8787 0.6282 0.8913 0.6282 0.8913 0.6354 0.8787 0.6211 0.8787 0.6139 0.8913 0.6139 0.8913 0.6211 0.9038 0.6640 0.9038 0.6568 0.9164 0.6568 0.9164 0.6640 0.8787 0.6640 0.8787 0.6568 0.8913 0.6568 0.8913 0.6640 0.8787 0.6497 0.8787 0.6425 0.8913 0.6425 0.8913 0.6497 0.9541 0.6640 0.9541 0.6568 0.9666 0.6568 0.9666 0.6640 0.9290 0.6640 0.9290 0.6568 0.9415 0.6568 0.9415 0.6640 0.9290 0.6497 0.9290 0.6425 0.9415 0.6425 0.9415 0.6497 0.9541 0.6354 0.9541 0.6282 0.9666 0.6282 0.9666 0.6354 0.9291 0.6343 0.9295 0.6264 0.9415 0.6282 0.9415 0.6354 0.9293 0.6177 0.9308 0.6069 0.9415 0.6139 0.9415 0.6211 0.7622 0.7255 0.7622 0.7327 0.7536 0.7327 0.7536 0.7255 0.7793 0.7255 0.7793 0.7327 0.7708 0.7327 0.7708 0.7255 0.7793 0.7399 0.7793 0.7470 0.7708 0.7470 0.7708 0.7399 0.7622 0.5680 0.7622 0.5806 0.7536 0.5806 0.7536 0.5680 0.7793 0.5680 0.7793 0.5806 0.7708 0.5806 0.7708 0.5680 0.7793 0.5931 0.7793 0.6057 0.7708 0.6057 0.7708 0.5931 0.8731 0.7142 0.8714 0.7215 0.8645 0.7200 0.8645 0.7129 0.8895 0.7136 0.8895 0.7225 0.8802 0.7244 0.8805 0.7150 0.8904 0.7294 0.8903 0.7343 0.8817 0.7343 0.8817 0.7299 0.8437 0.5388 0.8437 0.5459 0.8311 0.5459 0.8311 0.5388 0.8688 0.5388 0.8688 0.5459 0.8562 0.5459 0.8562 0.5388 0.8679 0.5553 0.8670 0.5646 0.8532 0.5670 0.8547 0.5564 0.7929 0.6253 0.7803 0.6256 0.7803 0.6196 0.7929 0.6188 0.7929 0.6403 0.7803 0.6403 0.7803 0.6317 0.7929 0.6317 0.7678 0.6403 0.7552 0.6403 0.7552 0.6317 0.7678 0.6317 0.7803 0.6403 0.7678 0.6403 0.7678 0.6317 0.7803 0.6317 0.7803 0.6489 0.7678 0.6489 0.7678 0.6403 0.7803 0.6403 0.7678 0.6489 0.7552 0.6489 0.7552 0.6403 0.7678 0.6403 0.8055 0.6403 0.7929 0.6403 0.7929 0.6317 0.8055 0.6317 0.8055 0.6489 0.7929 0.6489 0.7929 0.6403 0.8055 0.6403 0.7929 0.6489 0.7803 0.6489 0.7803 0.6403 0.7929 0.6403 0.8055 0.6249 0.7929 0.6253 0.7929 0.6188 0.8055 0.6181 0.8055 0.6317 0.7929 0.6317 0.7929 0.6253 0.8055 0.6249 0.7929 0.6317 0.7803 0.6317 0.7803 0.6256 0.7929 0.6253 0.8688 0.5459 0.8679 0.5553 0.8547 0.5564 0.8562 0.5459 0.8813 0.5459 0.8811 0.5541 0.8679 0.5553 0.8688 0.5459 0.8811 0.5541 0.8809 0.5623 0.8670 0.5646 0.8679 0.5553 0.8688 0.5316 0.8688 0.5388 0.8562 0.5388 0.8562 0.5316 0.8813 0.5316 0.8813 0.5388 0.8688 0.5388 0.8688 0.5316 0.8813 0.5388 0.8813 0.5459 0.8688 0.5459 0.8688 0.5388 0.8437 0.5316 0.8437 0.5388 0.8311 0.5388 0.8311 0.5316 0.8562 0.5316 0.8562 0.5388 0.8437 0.5388 0.8437 0.5316 0.8562 0.5388 0.8562 0.5459 0.8437 0.5459 0.8437 0.5388 0.8895 0.7225 0.8904 0.7294 0.8817 0.7299 0.8802 0.7244 0.9000 0.7187 0.9000 0.7271 0.8904 0.7294 0.8895 0.7225 0.9000 0.7271 0.8989 0.7343 0.8903 0.7343 0.8904 0.7294 0.8903 0.7057 0.8895 0.7136 0.8805 0.7150 0.8817 0.7057 0.8989 0.7057 0.8995 0.7122 0.8895 0.7136 0.8903 0.7057 0.8995 0.7122 0.9000 0.7187 0.8895 0.7225 0.8895 0.7136 0.8731 0.7057 0.8731 0.7142 0.8645 0.7129 0.8645 0.7057 0.8817 0.7057 0.8805 0.7150 0.8731 0.7142 0.8731 0.7057 0.8805 0.7150 0.8802 0.7244 0.8714 0.7215 0.8731 0.7142 0.7793 0.5806 0.7793 0.5931 0.7708 0.5931 0.7708 0.5806 0.7879 0.5806 0.7879 0.5931 0.7793 0.5931 0.7793 0.5806 0.7879 0.5931 0.7879 0.6057 0.7793 0.6057 0.7793 0.5931 0.7793 0.5555 0.7793 0.5680 0.7708 0.5680 0.7708 0.5555 0.7879 0.5555 0.7879 0.5680 0.7793 0.5680 0.7793 0.5555 0.7879 0.5680 0.7879 0.5806 0.7793 0.5806 0.7793 0.5680 0.7622 0.5555 0.7622 0.5680 0.7536 0.5680 0.7536 0.5555 0.7708 0.5555 0.7708 0.5680 0.7622 0.5680 0.7622 0.5555 0.7708 0.5680 0.7708 0.5806 0.7622 0.5806 0.7622 0.5680 0.7793 0.7327 0.7793 0.7399 0.7708 0.7399 0.7708 0.7327 0.7879 0.7327 0.7879 0.7399 0.7793 0.7399 0.7793 0.7327 0.7879 0.7399 0.7879 0.7470 0.7793 0.7470 0.7793 0.7399 0.7793 0.7184 0.7793 0.7255 0.7708 0.7255 0.7708 0.7184 0.7879 0.7184 0.7879 0.7255 0.7793 0.7255 0.7793 0.7184 0.7879 0.7255 0.7879 0.7327 0.7793 0.7327 0.7793 0.7255 0.7622 0.7184 0.7622 0.7255 0.7536 0.7255 0.7536 0.7184 0.7708 0.7184 0.7708 0.7255 0.7622 0.7255 0.7622 0.7184 0.7708 0.7255 0.7708 0.7327 0.7622 0.7327 0.7622 0.7255 0.9295 0.6264 0.9293 0.6177 0.9415 0.6211 0.9415 0.6282 0.9173 0.6249 0.9172 0.6145 0.9293 0.6177 0.9295 0.6264 0.9172 0.6145 0.9201 0.5999 0.9308 0.6069 0.9293 0.6177 0.9290 0.6425 0.9291 0.6343 0.9415 0.6354 0.9415 0.6425 0.9164 0.6425 0.9168 0.6333 0.9291 0.6343 0.9290 0.6425 0.9168 0.6333 0.9173 0.6249 0.9295 0.6264 0.9291 0.6343 0.9541 0.6425 0.9541 0.6354 0.9666 0.6354 0.9666 0.6425 0.9415 0.6425 0.9415 0.6354 0.9541 0.6354 0.9541 0.6425 0.9415 0.6354 0.9415 0.6282 0.9541 0.6282 0.9541 0.6354 0.9290 0.6568 0.9290 0.6497 0.9415 0.6497 0.9415 0.6568 0.9164 0.6568 0.9164 0.6497 0.9290 0.6497 0.9290 0.6568 0.9164 0.6497 0.9164 0.6425 0.9290 0.6425 0.9290 0.6497 0.9290 0.6711 0.9290 0.6640 0.9415 0.6640 0.9415 0.6711 0.9164 0.6711 0.9164 0.6640 0.9290 0.6640 0.9290 0.6711 0.9164 0.6640 0.9164 0.6568 0.9290 0.6568 0.9290 0.6640 0.9541 0.6711 0.9541 0.6640 0.9666 0.6640 0.9666 0.6711 0.9415 0.6711 0.9415 0.6640 0.9541 0.6640 0.9541 0.6711 0.9415 0.6640 0.9415 0.6568 0.9541 0.6568 0.9541 0.6640 0.8787 0.6568 0.8787 0.6497 0.8913 0.6497 0.8913 0.6568 0.8662 0.6568 0.8662 0.6497 0.8787 0.6497 0.8787 0.6568 0.8662 0.6497 0.8662 0.6425 0.8787 0.6425 0.8787 0.6497 0.8787 0.6711 0.8787 0.6640 0.8913 0.6640 0.8913 0.6711 0.8662 0.6711 0.8662 0.6640 0.8787 0.6640 0.8787 0.6711 0.8662 0.6640 0.8662 0.6568 0.8787 0.6568 0.8787 0.6640 0.9038 0.6711 0.9038 0.6640 0.9164 0.6640 0.9164 0.6711 0.8913 0.6711 0.8913 0.6640 0.9038 0.6640 0.9038 0.6711 0.8913 0.6640 0.8913 0.6568 0.9038 0.6568 0.9038 0.6640 0.8787 0.6282 0.8787 0.6211 0.8913 0.6211 0.8913 0.6282 0.8662 0.6282 0.8662 0.6211 0.8787 0.6211 0.8787 0.6282 0.8662 0.6211 0.8662 0.6139 0.8787 0.6139 0.8787 0.6211 0.8787 0.6425 0.8787 0.6354 0.8913 0.6354 0.8913 0.6425 0.8662 0.6425 0.8662 0.6354 0.8787 0.6354 0.8787 0.6425 0.8662 0.6354 0.8662 0.6282 0.8787 0.6282 0.8787 0.6354 0.9038 0.6425 0.9048 0.6335 0.9168 0.6333 0.9164 0.6425 0.8913 0.6425 0.8913 0.6354 0.9048 0.6335 0.9038 0.6425 0.8913 0.6354 0.8913 0.6282 0.9060 0.6247 0.9048 0.6335 0.7793 0.7041 0.7793 0.7112 0.7708 0.7112 0.7708 0.7041 0.7879 0.7041 0.7879 0.7112 0.7793 0.7112 0.7793 0.7041 0.7879 0.7112 0.7879 0.7184 0.7793 0.7184 0.7793 0.7112 0.7793 0.6898 0.7793 0.6969 0.7708 0.6969 0.7708 0.6898 0.7879 0.6898 0.7879 0.6969 0.7793 0.6969 0.7793 0.6898 0.7879 0.6969 0.7879 0.7041 0.7793 0.7041 0.7793 0.6969 0.7622 0.6898 0.7622 0.6969 0.7536 0.6969 0.7536 0.6898 0.7708 0.6898 0.7708 0.6969 0.7622 0.6969 0.7622 0.6898 0.7708 0.6969 0.7708 0.7041 0.7622 0.7041 0.7622 0.6969 0.8137 0.7041 0.8137 0.7112 0.8051 0.7112 0.8051 0.7041 0.8223 0.7041 0.8223 0.7112 0.8137 0.7112 0.8137 0.7041 0.8223 0.7112 0.8223 0.7184 0.8137 0.7184 0.8137 0.7112 0.8137 0.6898 0.8137 0.6969 0.8051 0.6969 0.8051 0.6898 0.8223 0.6898 0.8223 0.6969 0.8137 0.6969 0.8137 0.6898 0.8223 0.6969 0.8223 0.7041 0.8137 0.7041 0.8137 0.6969 0.7965 0.6898 0.7965 0.6969 0.7879 0.6969 0.7879 0.6898 0.8051 0.6898 0.8051 0.6969 0.7965 0.6969 0.7965 0.6898 0.8051 0.6969 0.8051 0.7041 0.7965 0.7041 0.7965 0.6969 0.8137 0.7327 0.8137 0.7399 0.8051 0.7399 0.8051 0.7327 0.8223 0.7327 0.8223 0.7399 0.8137 0.7399 0.8137 0.7327 0.8223 0.7399 0.8223 0.7470 0.8137 0.7470 0.8137 0.7399 0.8137 0.7184 0.8137 0.7255 0.8051 0.7255 0.8051 0.7184 0.8223 0.7184 0.8223 0.7255 0.8137 0.7255 0.8137 0.7184 0.8223 0.7255 0.8223 0.7327 0.8137 0.7327 0.8137 0.7255 0.7965 0.7184 0.7965 0.7255 0.7879 0.7255 0.7879 0.7184 0.8051 0.7184 0.8051 0.7255 0.7965 0.7255 0.7965 0.7184 0.8051 0.7255 0.8051 0.7327 0.7965 0.7327 0.7965 0.7255 0.7793 0.5303 0.7793 0.5429 0.7708 0.5429 0.7708 0.5303 0.7879 0.5303 0.7879 0.5429 0.7793 0.5429 0.7793 0.5303 0.7879 0.5429 0.7879 0.5555 0.7793 0.5555 0.7793 0.5429 0.7793 0.5052 0.7793 0.5178 0.7708 0.5178 0.7708 0.5052 0.7879 0.5052 0.7879 0.5178 0.7793 0.5178 0.7793 0.5052 0.7879 0.5178 0.7879 0.5303 0.7793 0.5303 0.7793 0.5178 0.7622 0.5052 0.7622 0.5178 0.7536 0.5178 0.7536 0.5052 0.7708 0.5052 0.7708 0.5178 0.7622 0.5178 0.7622 0.5052 0.7708 0.5178 0.7708 0.5303 0.7622 0.5303 0.7622 0.5178 0.8137 0.5303 0.8137 0.5429 0.8051 0.5429 0.8051 0.5303 0.8223 0.5303 0.8223 0.5429 0.8137 0.5429 0.8137 0.5303 0.8223 0.5429 0.8223 0.5555 0.8137 0.5555 0.8137 0.5429 0.8137 0.5052 0.8137 0.5178 0.8051 0.5178 0.8051 0.5052 0.8223 0.5052 0.8223 0.5178 0.8137 0.5178 0.8137 0.5052 0.8223 0.5178 0.8223 0.5303 0.8137 0.5303 0.8137 0.5178 0.7965 0.5052 0.7965 0.5178 0.7879 0.5178 0.7879 0.5052 0.8051 0.5052 0.8051 0.5178 0.7965 0.5178 0.7965 0.5052 0.8051 0.5178 0.8051 0.5303 0.7965 0.5303 0.7965 0.5178 0.8137 0.5806 0.8137 0.5931 0.8051 0.5931 0.8051 0.5806 0.8223 0.5806 0.8223 0.5931 0.8137 0.5931 0.8137 0.5806 0.8223 0.5931 0.8223 0.6057 0.8137 0.6057 0.8137 0.5931 0.8137 0.5555 0.8137 0.5680 0.8051 0.5680 0.8051 0.5555 0.8223 0.5555 0.8223 0.5680 0.8137 0.5680 0.8137 0.5555 0.8223 0.5680 0.8223 0.5806 0.8137 0.5806 0.8137 0.5680 0.7965 0.5555 0.7965 0.5680 0.7879 0.5680 0.7879 0.5555 0.8051 0.5555 0.8051 0.5680 0.7965 0.5680 0.7965 0.5555 0.8051 0.5680 0.8051 0.5806 0.7965 0.5806 0.7965 0.5680 0.8903 0.6914 0.8903 0.6986 0.8817 0.6986 0.8817 0.6914 0.8989 0.6914 0.8989 0.6986 0.8903 0.6986 0.8903 0.6914 0.8989 0.6986 0.8989 0.7057 0.8903 0.7057 0.8903 0.6986 0.8903 0.6771 0.8903 0.6843 0.8817 0.6843 0.8817 0.6771 0.8989 0.6771 0.8989 0.6843 0.8903 0.6843 0.8903 0.6771 0.8989 0.6843 0.8989 0.6914 0.8903 0.6914 0.8903 0.6843 0.8731 0.6771 0.8731 0.6843 0.8645 0.6843 0.8645 0.6771 0.8817 0.6771 0.8817 0.6843 0.8731 0.6843 0.8731 0.6771 0.8817 0.6843 0.8817 0.6914 0.8731 0.6914 0.8731 0.6843 0.9246 0.6914 0.9246 0.6986 0.9160 0.6986 0.9160 0.6914 0.9332 0.6914 0.9332 0.6986 0.9246 0.6986 0.9246 0.6914 0.9332 0.6986 0.9332 0.7057 0.9246 0.7057 0.9246 0.6986 0.9246 0.6771 0.9246 0.6843 0.9160 0.6843 0.9160 0.6771 0.9332 0.6771 0.9332 0.6843 0.9246 0.6843 0.9246 0.6771 0.9332 0.6843 0.9332 0.6914 0.9246 0.6914 0.9246 0.6843 0.9075 0.6771 0.9075 0.6843 0.8989 0.6843 0.8989 0.6771 0.9160 0.6771 0.9160 0.6843 0.9075 0.6843 0.9075 0.6771 0.9160 0.6843 0.9160 0.6914 0.9075 0.6914 0.9075 0.6843 0.9246 0.7200 0.9246 0.7272 0.9160 0.7272 0.9160 0.7200 0.9332 0.7200 0.9332 0.7272 0.9246 0.7272 0.9246 0.7200 0.9332 0.7272 0.9332 0.7343 0.9246 0.7343 0.9246 0.7272 0.9246 0.7057 0.9246 0.7129 0.9160 0.7129 0.9160 0.7057 0.9332 0.7057 0.9332 0.7129 0.9246 0.7129 0.9246 0.7057 0.9332 0.7129 0.9332 0.7200 0.9246 0.7200 0.9246 0.7129 0.9075 0.7057 0.9075 0.7119 0.8995 0.7122 0.8989 0.7057 0.9160 0.7057 0.9160 0.7129 0.9075 0.7119 0.9075 0.7057 0.9160 0.7129 0.9160 0.7200 0.9075 0.7181 0.9075 0.7119 0.8688 0.5173 0.8688 0.5245 0.8562 0.5245 0.8562 0.5173 0.8813 0.5173 0.8813 0.5245 0.8688 0.5245 0.8688 0.5173 0.8813 0.5245 0.8813 0.5316 0.8688 0.5316 0.8688 0.5245 0.8688 0.5030 0.8688 0.5101 0.8562 0.5101 0.8562 0.5030 0.8813 0.5030 0.8813 0.5101 0.8688 0.5101 0.8688 0.5030 0.8813 0.5101 0.8813 0.5173 0.8688 0.5173 0.8688 0.5101 0.8437 0.5030 0.8437 0.5101 0.8311 0.5101 0.8311 0.5030 0.8562 0.5030 0.8562 0.5101 0.8437 0.5101 0.8437 0.5030 0.8562 0.5101 0.8562 0.5173 0.8437 0.5173 0.8437 0.5101 0.9190 0.5173 0.9190 0.5245 0.9065 0.5245 0.9065 0.5173 0.9316 0.5173 0.9316 0.5245 0.9190 0.5245 0.9190 0.5173 0.9316 0.5245 0.9316 0.5316 0.9190 0.5316 0.9190 0.5245 0.9190 0.5030 0.9190 0.5101 0.9065 0.5101 0.9065 0.5030 0.9316 0.5030 0.9316 0.5101 0.9190 0.5101 0.9190 0.5030 0.9316 0.5101 0.9316 0.5173 0.9190 0.5173 0.9190 0.5101 0.8939 0.5030 0.8939 0.5101 0.8813 0.5101 0.8813 0.5030 0.9065 0.5030 0.9065 0.5101 0.8939 0.5101 0.8939 0.5030 0.9065 0.5101 0.9065 0.5173 0.8939 0.5173 0.8939 0.5101 0.9190 0.5459 0.9190 0.5531 0.9065 0.5531 0.9065 0.5459 0.9316 0.5459 0.9316 0.5531 0.9190 0.5531 0.9190 0.5459 0.9316 0.5531 0.9316 0.5602 0.9190 0.5602 0.9190 0.5531 0.9190 0.5316 0.9190 0.5388 0.9065 0.5388 0.9065 0.5316 0.9316 0.5316 0.9316 0.5388 0.9190 0.5388 0.9190 0.5316 0.9316 0.5388 0.9316 0.5459 0.9190 0.5459 0.9190 0.5388 0.8939 0.5316 0.8939 0.5388 0.8813 0.5388 0.8813 0.5316 0.9065 0.5316 0.9065 0.5388 0.8939 0.5388 0.8939 0.5316 0.9065 0.5388 0.9065 0.5459 0.8939 0.5459 0.8939 0.5388 0.8306 0.6403 0.8180 0.6403 0.8180 0.6317 0.8306 0.6317 0.8306 0.6489 0.8180 0.6489 0.8180 0.6403 0.8306 0.6403 0.8180 0.6489 0.8055 0.6489 0.8055 0.6403 0.8180 0.6403 0.8557 0.6403 0.8431 0.6403 0.8431 0.6317 0.8557 0.6317 0.8557 0.6489 0.8431 0.6489 0.8431 0.6403 0.8557 0.6403 0.8431 0.6489 0.8306 0.6489 0.8306 0.6403 0.8431 0.6403 0.8557 0.6231 0.8431 0.6231 0.8431 0.6145 0.8557 0.6145 0.8557 0.6317 0.8431 0.6317 0.8431 0.6231 0.8557 0.6231 0.8431 0.6317 0.8306 0.6317 0.8306 0.6231 0.8431 0.6231 0.8306 0.6746 0.8180 0.6729 0.8180 0.6660 0.8306 0.6660 0.8306 0.6832 0.8180 0.6798 0.8180 0.6729 0.8306 0.6746 0.8180 0.6798 0.8055 0.6764 0.8055 0.6712 0.8180 0.6729 0.8557 0.6746 0.8431 0.6746 0.8431 0.6660 0.8557 0.6660 0.8557 0.6832 0.8431 0.6832 0.8431 0.6746 0.8557 0.6746 0.8431 0.6832 0.8306 0.6832 0.8306 0.6746 0.8431 0.6746 0.8557 0.6575 0.8431 0.6575 0.8431 0.6489 0.8557 0.6489 0.8557 0.6660 0.8431 0.6660 0.8431 0.6575 0.8557 0.6575 0.8431 0.6660 0.8306 0.6660 0.8306 0.6575 0.8431 0.6575 0.7803 0.6746 0.7678 0.6746 0.7678 0.6660 0.7803 0.6660 0.7803 0.6832 0.7678 0.6832 0.7678 0.6746 0.7803 0.6746 0.7678 0.6832 0.7552 0.6832 0.7552 0.6746 0.7678 0.6746 0.8055 0.6712 0.7929 0.6729 0.7929 0.6660 0.8055 0.6660 0.8055 0.6764 0.7929 0.6798 0.7929 0.6729 0.8055 0.6712 0.7929 0.6798 0.7803 0.6832 0.7803 0.6746 0.7929 0.6729 0.8055 0.6575 0.7929 0.6575 0.7929 0.6489 0.8055 0.6489 0.8055 0.6660 0.7929 0.6660 0.7929 0.6575 0.8055 0.6575 0.7929 0.6660 0.7803 0.6660 0.7803 0.6575 0.7929 0.6575 0.7803 0.6575 0.7678 0.6575 0.7678 0.6489 0.7803 0.6489 0.7803 0.6660 0.7678 0.6660 0.7678 0.6575 0.7803 0.6575 0.7678 0.6660 0.7552 0.6660 0.7552 0.6575 0.7678 0.6575 0.8306 0.6575 0.8180 0.6575 0.8180 0.6489 0.8306 0.6489 0.8306 0.6660 0.8180 0.6660 0.8180 0.6575 0.8306 0.6575 0.8180 0.6660 0.8055 0.6660 0.8055 0.6575 0.8180 0.6575 0.8306 0.6231 0.8180 0.6240 0.8180 0.6163 0.8306 0.6145 0.8306 0.6317 0.8180 0.6317 0.8180 0.6240 0.8306 0.6231 0.8180 0.6317 0.8055 0.6317 0.8055 0.6249 0.8180 0.6240 0.8939 0.5459 0.8938 0.5536 0.8811 0.5541 0.8813 0.5459 0.9065 0.5459 0.9065 0.5531 0.8938 0.5536 0.8939 0.5459 0.9065 0.5531 0.9065 0.5602 0.8937 0.5612 0.8938 0.5536 0.8939 0.5173 0.8939 0.5245 0.8813 0.5245 0.8813 0.5173 0.9065 0.5173 0.9065 0.5245 0.8939 0.5245 0.8939 0.5173 0.9065 0.5245 0.9065 0.5316 0.8939 0.5316 0.8939 0.5245 0.8437 0.5173 0.8437 0.5245 0.8311 0.5245 0.8311 0.5173 0.8562 0.5173 0.8562 0.5245 0.8437 0.5245 0.8437 0.5173 0.8562 0.5245 0.8562 0.5316 0.8437 0.5316 0.8437 0.5245 0.9075 0.7181 0.9075 0.7262 0.9000 0.7271 0.9000 0.7187 0.9160 0.7200 0.9160 0.7272 0.9075 0.7262 0.9075 0.7181 0.9160 0.7272 0.9160 0.7343 0.9075 0.7343 0.9075 0.7262 0.9075 0.6914 0.9075 0.6986 0.8989 0.6986 0.8989 0.6914 0.9160 0.6914 0.9160 0.6986 0.9075 0.6986 0.9075 0.6914 0.9160 0.6986 0.9160 0.7057 0.9075 0.7057 0.9075 0.6986 0.8731 0.6914 0.8731 0.6986 0.8645 0.6986 0.8645 0.6914 0.8817 0.6914 0.8817 0.6986 0.8731 0.6986 0.8731 0.6914 0.8817 0.6986 0.8817 0.7057 0.8731 0.7057 0.8731 0.6986 0.7965 0.5806 0.7965 0.5931 0.7879 0.5931 0.7879 0.5806 0.8051 0.5806 0.8051 0.5931 0.7965 0.5931 0.7965 0.5806 0.8051 0.5931 0.8051 0.6057 0.7965 0.6057 0.7965 0.5931 0.7965 0.5303 0.7965 0.5429 0.7879 0.5429 0.7879 0.5303 0.8051 0.5303 0.8051 0.5429 0.7965 0.5429 0.7965 0.5303 0.8051 0.5429 0.8051 0.5555 0.7965 0.5555 0.7965 0.5429 0.7622 0.5303 0.7622 0.5429 0.7536 0.5429 0.7536 0.5303 0.7708 0.5303 0.7708 0.5429 0.7622 0.5429 0.7622 0.5303 0.7708 0.5429 0.7708 0.5555 0.7622 0.5555 0.7622 0.5429 0.7965 0.7327 0.7965 0.7399 0.7879 0.7399 0.7879 0.7327 0.8051 0.7327 0.8051 0.7399 0.7965 0.7399 0.7965 0.7327 0.8051 0.7399 0.8051 0.7470 0.7965 0.7470 0.7965 0.7399 0.7965 0.7041 0.7965 0.7112 0.7879 0.7112 0.7879 0.7041 0.8051 0.7041 0.8051 0.7112 0.7965 0.7112 0.7965 0.7041 0.8051 0.7112 0.8051 0.7184 0.7965 0.7184 0.7965 0.7112 0.7622 0.7041 0.7622 0.7112 0.7536 0.7112 0.7536 0.7041 0.7708 0.7041 0.7708 0.7112 0.7622 0.7112 0.7622 0.7041 0.7708 0.7112 0.7708 0.7184 0.7622 0.7184 0.7622 0.7112 0.9060 0.6247 0.9048 0.6174 0.9172 0.6145 0.9173 0.6249 0.8913 0.6282 0.8913 0.6211 0.9048 0.6174 0.9060 0.6247 0.8913 0.6211 0.8913 0.6139 0.9057 0.6069 0.9048 0.6174 0.9038 0.6568 0.9038 0.6497 0.9164 0.6497 0.9164 0.6568 0.8913 0.6568 0.8913 0.6497 0.9038 0.6497 0.9038 0.6568 0.8913 0.6497 0.8913 0.6425 0.9038 0.6425 0.9038 0.6497 0.9541 0.6568 0.9541 0.6497 0.9666 0.6497 0.9666 0.6568 0.9415 0.6568 0.9415 0.6497 0.9541 0.6497 0.9541 0.6568 0.9415 0.6497 0.9415 0.6425 0.9541 0.6425 0.9541 0.6497 0.9541 0.6282 0.9541 0.6211 0.9666 0.6211 0.9666 0.6282 0.9415 0.6282 0.9415 0.6211 0.9541 0.6211 0.9541 0.6282 0.9415 0.6211 0.9415 0.6139 0.9541 0.6139 0.9541 0.6211 0.7622 0.7327 0.7622 0.7399 0.7536 0.7399 0.7536 0.7327 0.7708 0.7327 0.7708 0.7399 0.7622 0.7399 0.7622 0.7327 0.7708 0.7399 0.7708 0.7470 0.7622 0.7470 0.7622 0.7399 0.7622 0.5806 0.7622 0.5931 0.7536 0.5931 0.7536 0.5806 0.7708 0.5806 0.7708 0.5931 0.7622 0.5931 0.7622 0.5806 0.7708 0.5931 0.7708 0.6057 0.7622 0.6057 0.7622 0.5931 0.8714 0.7215 0.8731 0.7285 0.8645 0.7272 0.8645 0.7200 0.8802 0.7244 0.8817 0.7299 0.8731 0.7285 0.8714 0.7215 0.8817 0.7299 0.8817 0.7343 0.8731 0.7343 0.8731 0.7285 0.8437 0.5459 0.8429 0.5547 0.8311 0.5531 0.8311 0.5459 0.8562 0.5459 0.8547 0.5564 0.8429 0.5547 0.8437 0.5459 0.8547 0.5564 0.8532 0.5670 0.8422 0.5636 0.8429 0.5547 0.7803 0.6256 0.7678 0.6244 0.7678 0.6170 0.7803 0.6196 0.7803 0.6317 0.7678 0.6317 0.7678 0.6244 0.7803 0.6256 0.7678 0.6317 0.7552 0.6317 0.7552 0.6231 0.7678 0.6244 " />
						</IndexedFaceSet>
					</Shape>
				</Group>
			</Transform>
		</Transform>
		<Transform DEF="caja-recubierta-de-lona_TRANSFORM"
		           translation="1.000000 0.000000 0.000000"
		           scale="1.000000 1.000000 1.000000"
		           rotation="0.000000 0.707107 0.707107 3.141593"
		           >
			<Transform DEF="caja-recubierta-de-lona_ifs_TRANSFORM"
			           translation="0.000000 0.000000 0.000000"
			           scale="1.000000 1.000000 1.000000"
			           rotation="0.000000 1.000000 0.000000 0.000000"
			           >
				<Group DEF="group_ME_caja-recubierta">
					<Shape>
						<Appearance>
							<Material USE="MA_hiper-atlas" />
						</Appearance>
						<IndexedFaceSet solid="false"
						                creaseAngle="4.0000"
						                texCoordIndex="0 1 2 3 -1 4 5 6 7 -1 8 9 10 11 -1 12 13 14 15 -1 16 17 18 19 -1 20 21 22 23 -1 24 25 26 27 -1 28 29 30 31 -1 32 33 34 35 -1 36 37 38 39 -1 40 41 42 43 -1 44 45 46 47 -1 48 49 50 51 -1 52 53 54 55 -1 56 57 58 59 -1 60 61 62 63 -1 64 65 66 67 -1 68 69 70 71 -1 72 73 74 75 -1 76 77 78 79 -1 80 81 82 83 -1 84 85 86 87 -1 88 89 90 91 -1 92 93 94 95 -1 96 97 98 99 -1 100 101 102 103 -1 104 105 106 107 -1 108 109 110 111 -1 112 113 114 115 -1 116 117 118 119 -1 120 121 122 123 -1 124 125 126 127 -1 128 129 130 131 -1 132 133 134 135 -1 136 137 138 139 -1 140 141 142 143 -1 144 145 146 147 -1 148 149 150 151 -1 152 153 154 155 -1 156 157 158 159 -1 160 161 162 163 -1 164 165 166 167 -1 168 169 170 171 -1 172 173 174 175 -1 176 177 178 179 -1 180 181 182 183 -1 184 185 186 187 -1 188 189 190 191 -1 192 193 194 195 -1 196 197 198 199 -1 200 201 202 203 -1 204 205 206 207 -1 208 209 210 211 -1 212 213 214 215 -1 216 217 218 219 220 -1 221 222 223 224 -1 225 226 227 228 -1 229 230 231 232 -1 233 234 235 236 -1 237 238 239 240 241 -1 242 243 244 245 -1 246 247 248 249 -1 250 251 252 253 254 -1 255 256 257 258 -1 259 260 261 262 -1 263 264 265 266 -1 267 268 269 270 -1 271 272 273 274 -1 275 276 277 278 -1 279 280 281 282 -1 283 284 285 286 -1 287 288 289 290 -1 291 292 293 294 -1 295 296 297 298 -1 299 300 301 302 303 -1 304 305 306 307 308 -1 309 310 311 312 -1 313 314 315 316 317 318 -1 319 320 321 322 -1 323 324 325 326 -1 327 328 329 330 -1 331 332 333 334 -1 335 336 337 338 -1 339 340 341 342 -1 343 344 345 346 -1 347 348 349 350 -1 351 352 353 354 -1 355 356 357 358 -1 359 360 361 362 -1 363 364 365 366 -1 367 368 369 370 371 372 -1 373 374 375 376 377 -1 378 379 380 381 -1 382 383 384 385 -1 386 387 388 389 -1 390 391 392 393 -1 394 395 396 397 398 -1 399 400 401 402 -1 403 404 405 406 407 -1 408 409 410 411 -1 412 413 414 415 416 -1 417 418 419 420 -1 421 422 423 424 -1 425 426 427 428 -1 429 430 431 432 -1 433 434 435 436 -1 437 438 439 440 -1 441 442 443 444 -1 445 446 447 448 449 -1 450 451 452 453 -1 454 455 456 457 458 459 -1 460 461 462 463 -1 464 465 466 467 468 -1 469 470 471 472 -1 473 474 475 476 -1 477 478 479 480 -1 481 482 483 484 -1 485 486 487 488 -1 489 490 491 492 -1 493 494 495 496 497 -1 498 499 500 501 -1 502 503 504 505 506 -1 507 508 509 510 -1 511 512 513 514 515 -1 516 517 518 519 -1 520 521 522 523 -1 524 525 526 527 -1 528 529 530 531 -1 532 533 534 535 -1 536 537 538 539 -1 540 541 542 543 544 -1 545 546 547 548 -1 549 550 551 552 553 -1 554 555 556 557 -1 558 559 560 561 562 -1 563 564 565 566 -1 567 568 569 570 -1 571 572 573 574 -1 575 576 577 578 -1 579 580 581 582 -1 583 584 585 586 -1 587 588 589 590 591 -1 592 593 594 595 -1 596 597 598 599 600 -1 601 602 603 604 -1 605 606 607 608 609 -1 610 611 612 613 -1 614 615 616 617 -1 618 619 620 621 -1 622 623 624 625 -1 626 627 628 629 -1 630 631 632 633 -1 634 635 636 637 -1 638 639 640 641 -1 642 643 644 645 646 -1 647 648 649 650 -1 651 652 653 654 -1 655 656 657 658 -1 659 660 661 662 -1 663 664 665 666 667 -1 668 669 670 671 -1 672 673 674 675 -1 676 677 678 679 -1 680 681 682 683 -1 684 685 686 687 688 -1 689 690 691 692 -1 693 694 695 696 -1 697 698 699 700 -1 701 702 703 704 -1 705 706 707 708 709 -1 710 711 712 713 -1 714 715 716 717 -1 718 719 720 721 -1 722 723 724 725 -1 726 727 728 729 730 -1 731 732 733 734 -1 735 736 737 738 -1 739 740 741 742 -1 743 744 745 746 -1 747 748 749 750 -1 751 752 753 754 -1 755 756 757 758 -1 759 760 761 762 -1 763 764 765 766 -1 767 768 769 770 -1 771 772 773 774 -1 775 776 777 778 779 -1 780 781 782 783 784 785 -1 786 787 788 789 -1 790 791 792 793 -1 794 795 796 797 -1 798 799 800 801 -1 802 803 804 805 -1 806 807 808 809 -1 810 811 812 813 -1 814 815 816 817 -1 818 819 820 821 -1 822 823 824 825 -1 826 827 828 829 -1 830 831 832 833 -1 834 835 836 837 -1 838 839 840 841 -1 842 843 844 845 -1 846 847 848 849 -1 850 851 852 853 -1 854 855 856 857 -1 858 859 860 861 -1 862 863 864 865 -1 866 867 868 869 -1 870 871 872 873 -1 874 875 876 877 -1 878 879 880 881 -1 882 883 884 885 -1 886 887 888 889 -1 890 891 892 893 -1 894 895 896 897 -1 898 899 900 901 -1 902 903 904 905 -1 906 907 908 909 -1 910 911 912 913 -1 914 915 916 917 -1 918 919 920 921 922 -1 923 924 925 926 -1 927 928 929 930 -1 931 932 933 934 -1 935 936 937 938 -1 939 940 941 942 943 -1 944 945 946 947 -1 948 949 950 951 -1 952 953 954 955 -1 956 957 958 959 -1 960 961 962 963 -1 964 965 966 967 968 -1 969 970 971 972 -1 973 974 975 976 -1 977 978 979 980 -1 981 982 983 984 -1 985 986 987 988 989 -1 990 991 992 993 -1 994 995 996 997 -1 998 999 1000 1001 -1 1002 1003 1004 1005 -1 1006 1007 1008 1009 -1 1010 1011 1012 1013 1014 -1 1015 1016 1017 1018 -1 1019 1020 1021 1022 -1 1023 1024 1025 1026 -1 1027 1028 1029 1030 -1 1031 1032 1033 1034 1035 -1 1036 1037 1038 1039 -1 1040 1041 1042 1043 -1 1044 1045 1046 1047 -1 1048 1049 1050 1051 -1 1052 1053 1054 1055 -1 1056 1057 1058 1059 1060 -1 1061 1062 1063 1064 -1 1065 1066 1067 1068 -1 1069 1070 1071 1072 -1 1073 1074 1075 1076 -1 1077 1078 1079 1080 1081 -1 1082 1083 1084 1085 -1 1086 1087 1088 1089 -1 1090 1091 1092 1093 -1 1094 1095 1096 1097 -1 1098 1099 1100 1101 -1 1102 1103 1104 1105 1106 -1 1107 1108 1109 1110 -1 1111 1112 1113 1114 -1 1115 1116 1117 1118 -1 1119 1120 1121 1122 -1 1123 1124 1125 1126 1127 -1 1128 1129 1130 1131 -1 1132 1133 1134 1135 -1 1136 1137 1138 1139 -1 1140 1141 1142 1143 -1 1144 1145 1146 1147 -1 1148 1149 1150 1151 1152 -1 1153 1154 1155 1156 -1 1157 1158 1159 1160 -1 1161 1162 1163 1164 -1 1165 1166 1167 1168 -1 1169 1170 1171 1172 -1 1173 1174 1175 1176 -1 1177 1178 1179 1180 -1 1181 1182 1183 1184 -1 1185 1186 1187 1188 -1 1189 1190 1191 1192 -1 1193 1194 1195 1196 -1 1197 1198 1199 1200 -1 1201 1202 1203 1204 -1 1205 1206 1207 1208 -1 1209 1210 1211 1212 -1 1213 1214 1215 1216 -1 1217 1218 1219 1220 -1 1221 1222 1223 1224 1225 -1 1226 1227 1228 1229 -1 1230 1231 1232 1233 -1 1234 1235 1236 1237 -1 1238 1239 1240 1241 -1 1242 1243 1244 1245 -1 1246 1247 1248 1249 -1 1250 1251 1252 1253 -1 1254 1255 1256 1257 -1 1258 1259 1260 1261 -1 1262 1263 1264 1265 -1 1266 1267 1268 1269 -1 1270 1271 1272 1273 1274 -1 1275 1276 1277 1278 -1 1279 1280 1281 1282 -1 1283 1284 1285 1286 -1 1287 1288 1289 1290 -1 1291 1292 1293 1294 1295 -1 1296 1297 1298 1299 -1 1300 1301 1302 1303 -1 1304 1305 1306 1307 -1 1308 1309 1310 1311 -1 1312 1313 1314 1315 -1 1316 1317 1318 1319 -1 1320 1321 1322 1323 -1 1324 1325 1326 1327 -1 1328 1329 1330 1331 -1 1332 1333 1334 1335 1336 -1 1337 1338 1339 1340 -1 1341 1342 1343 1344 -1 1345 1346 1347 1348 -1 1349 1350 1351 1352 -1 1353 1354 1355 1356 -1 1357 1358 1359 1360 -1 1361 1362 1363 1364 -1 1365 1366 1367 1368 -1 1369 1370 1371 1372 -1 1373 1374 1375 1376 -1 1377 1378 1379 1380 -1 1381 1382 1383 1384 -1 1385 1386 1387 1388 -1 1389 1390 1391 1392 -1 1393 1394 1395 1396 -1 1397 1398 1399 1400 -1 1401 1402 1403 1404 -1 1405 1406 1407 1408 1409 -1 1410 1411 1412 1413 -1 1414 1415 1416 1417 -1 1418 1419 1420 1421 -1 1422 1423 1424 1425 -1 1426 1427 1428 1429 -1 1430 1431 1432 1433 -1 1434 1435 1436 1437 -1 1438 1439 1440 1441 -1 1442 1443 1444 1445 -1 1446 1447 1448 1449 -1 1450 1451 1452 1453 -1 1454 1455 1456 1457 1458 -1 1459 1460 1461 1462 -1 1463 1464 1465 1466 -1 1467 1468 1469 1470 -1 1471 1472 1473 1474 -1 1475 1476 1477 1478 1479 -1 1480 1481 1482 1483 -1 1484 1485 1486 1487 -1 1488 1489 1490 1491 -1 1492 1493 1494 1495 -1 1496 1497 1498 1499 -1 1500 1501 1502 1503 -1 1504 1505 1506 1507 -1 1508 1509 1510 1511 -1 1512 1513 1514 1515 -1 1516 1517 1518 1519 1520 -1 1521 1522 1523 1524 -1 1525 1526 1527 1528 -1 1529 1530 1531 1532 -1 1533 1534 1535 1536 -1 1537 1538 1539 1540 -1 1541 1542 1543 1544 -1 1545 1546 1547 1548 -1 1549 1550 1551 1552 -1 1553 1554 1555 1556 -1 1557 1558 1559 1560 -1 1561 1562 1563 1564 -1 1565 1566 1567 1568 -1 1569 1570 1571 1572 -1 1573 1574 1575 1576 -1 1577 1578 1579 1580 -1 1581 1582 1583 1584 -1 1585 1586 1587 1588 -1 1589 1590 1591 1592 1593 -1 1594 1595 1596 1597 -1 1598 1599 1600 1601 -1 1602 1603 1604 1605 -1 1606 1607 1608 1609 -1 1610 1611 1612 1613 -1 1614 1615 1616 1617 -1 1618 1619 1620 1621 -1 1622 1623 1624 1625 -1 1626 1627 1628 1629 -1 1630 1631 1632 1633 -1 1634 1635 1636 1637 -1 1638 1639 1640 1641 1642 -1 1643 1644 1645 1646 -1 1647 1648 1649 1650 -1 1651 1652 1653 1654 -1 1655 1656 1657 1658 -1 1659 1660 1661 1662 1663 -1 1664 1665 1666 1667 -1 1668 1669 1670 1671 -1 1672 1673 1674 1675 -1 1676 1677 1678 1679 -1 1680 1681 1682 1683 -1 1684 1685 1686 1687 -1 1688 1689 1690 1691 -1 1692 1693 1694 1695 -1 1696 1697 1698 1699 -1 1700 1701 1702 1703 1704 -1 1705 1706 1707 1708 -1 1709 1710 1711 1712 -1 1713 1714 1715 1716 -1 1717 1718 1719 1720 -1 1721 1722 1723 1724 -1 1725 1726 1727 1728 -1 1729 1730 1731 1732 -1 1733 1734 1735 1736 -1 1737 1738 1739 1740 -1 1741 1742 1743 1744 -1 1745 1746 1747 1748 -1 1749 1750 1751 1752 -1 1753 1754 1755 1756 -1 1757 1758 1759 1760 -1 1761 1762 1763 1764 -1 1765 1766 1767 1768 -1 1769 1770 1771 1772 -1 1773 1774 1775 1776 1777 -1 1778 1779 1780 1781 -1 1782 1783 1784 1785 -1 1786 1787 1788 1789 -1 1790 1791 1792 1793 -1 1794 1795 1796 1797 -1 1798 1799 1800 1801 -1 1802 1803 1804 1805 -1 1806 1807 1808 1809 -1 1810 1811 1812 1813 -1 1814 1815 1816 1817 -1 1818 1819 1820 1821 -1 1822 1823 1824 1825 1826 -1 1827 1828 1829 1830 -1 1831 1832 1833 1834 -1 1835 1836 1837 1838 -1 1839 1840 1841 1842 -1 1843 1844 1845 1846 1847 -1 1848 1849 1850 1851 -1 1852 1853 1854 1855 -1 1856 1857 1858 1859 -1 1860 1861 1862 1863 -1 1864 1865 1866 1867 -1 1868 1869 1870 1871 -1 1872 1873 1874 1875 -1 1876 1877 1878 1879 -1 1880 1881 1882 1883 -1 1884 1885 1886 1887 1888 -1 1889 1890 1891 1892 -1 1893 1894 1895 1896 -1 1897 1898 1899 1900 -1 1901 1902 1903 1904 -1 1905 1906 1907 1908 -1 1909 1910 1911 1912 -1 1913 1914 1915 1916 -1 1917 1918 1919 1920 -1 1921 1922 1923 1924 -1 1925 1926 1927 1928 -1 1929 1930 1931 1932 -1 1933 1934 1935 1936 -1 1937 1938 1939 1940 -1 1941 1942 1943 1944 -1 1945 1946 1947 1948 -1 1949 1950 1951 1952 -1 1953 1954 1955 1956 -1 1957 1958 1959 1960 1961 -1 1962 1963 1964 1965 -1 1966 1967 1968 1969 -1 1970 1971 1972 1973 -1 1974 1975 1976 1977 -1 1978 1979 1980 1981 -1 1982 1983 1984 1985 -1 1986 1987 1988 1989 -1 1990 1991 1992 1993 -1 1994 1995 1996 1997 -1 1998 1999 2000 2001 -1 2002 2003 2004 2005 -1 2006 2007 2008 2009 2010 -1 2011 2012 2013 2014 -1 2015 2016 2017 2018 -1 2019 2020 2021 2022 -1 2023 2024 2025 2026 -1 2027 2028 2029 2030 2031 -1 2032 2033 2034 2035 -1 2036 2037 2038 2039 -1 2040 2041 2042 2043 -1 2044 2045 2046 2047 -1 2048 2049 2050 2051 -1 2052 2053 2054 2055 -1 2056 2057 2058 2059 -1 2060 2061 2062 2063 -1 2064 2065 2066 2067 -1 2068 2069 2070 2071 -1 2072 2073 2074 2075 -1 2076 2077 2078 2079 -1 2080 2081 2082 2083 -1 2084 2085 2086 2087 -1 2088 2089 2090 2091 -1 2092 2093 2094 2095 -1 2096 2097 2098 2099 -1 2100 2101 2102 2103 -1 2104 2105 2106 2107 -1 2108 2109 2110 2111 -1 2112 2113 2114 2115 -1 2116 2117 2118 2119 -1 2120 2121 2122 2123 -1 2124 2125 2126 2127 -1 2128 2129 2130 2131 -1 2132 2133 2134 2135 -1 2136 2137 2138 2139 -1 2140 2141 2142 2143 -1 2144 2145 2146 2147 -1 2148 2149 2150 2151 -1 2152 2153 2154 2155 -1 2156 2157 2158 2159 -1 2160 2161 2162 2163 -1 2164 2165 2166 2167 -1 2168 2169 2170 2171 -1 2172 2173 2174 2175 -1 2176 2177 2178 2179 -1 2180 2181 2182 2183 -1 2184 2185 2186 2187 -1 2188 2189 2190 2191 -1 2192 2193 2194 2195 -1 2196 2197 2198 2199 -1 2200 2201 2202 2203 -1 2204 2205 2206 2207 -1 2208 2209 2210 2211 -1 2212 2213 2214 2215 -1 2216 2217 2218 2219 -1 2220 2221 2222 2223 -1 2224 2225 2226 2227 -1 2228 2229 2230 2231 -1 2232 2233 2234 2235 -1 2236 2237 2238 2239 -1 2240 2241 2242 2243 -1 2244 2245 2246 2247 -1 2248 2249 2250 2251 -1 2252 2253 2254 2255 -1 2256 2257 2258 2259 -1 2260 2261 2262 2263 -1 2264 2265 2266 2267 -1 2268 2269 2270 2271 -1 2272 2273 2274 2275 -1 2276 2277 2278 2279 -1 2280 2281 2282 2283 -1 2284 2285 2286 2287 -1 2288 2289 2290 2291 2292 -1 2293 2294 2295 2296 -1 2297 2298 2299 2300 -1 2301 2302 2303 2304 -1 2305 2306 2307 2308 -1 2309 2310 2311 2312 -1 2313 2314 2315 2316 -1 2317 2318 2319 2320 -1 2321 2322 2323 2324 -1 2325 2326 2327 2328 -1 2329 2330 2331 2332 -1 2333 2334 2335 2336 -1 2337 2338 2339 2340 -1 2341 2342 2343 2344 -1 2345 2346 2347 2348 -1 2349 2350 2351 2352 -1 2353 2354 2355 2356 -1 2357 2358 2359 2360 -1 2361 2362 2363 2364 -1 2365 2366 2367 2368 -1 2369 2370 2371 2372 -1 2373 2374 2375 2376 2377 2378 -1 2379 2380 2381 2382 -1 2383 2384 2385 2386 -1 2387 2388 2389 2390 -1 2391 2392 2393 2394 -1 2395 2396 2397 2398 -1 2399 2400 2401 2402 -1 2403 2404 2405 2406 -1 2407 2408 2409 2410 -1 2411 2412 2413 2414 -1 2415 2416 2417 2418 -1 2419 2420 2421 2422 -1 2423 2424 2425 2426 -1 2427 2428 2429 2430 -1 2431 2432 2433 2434 -1 2435 2436 2437 2438 -1 2439 2440 2441 2442 -1 2443 2444 2445 2446 -1 2447 2448 2449 2450 -1 2451 2452 2453 2454 -1 2455 2456 2457 2458 -1 2459 2460 2461 2462 -1 2463 2464 2465 2466 -1 2467 2468 2469 2470 -1 2471 2472 2473 2474 -1 2475 2476 2477 2478 -1 2479 2480 2481 2482 -1 2483 2484 2485 -1 2486 2487 2488 2489 2490 -1 2491 2492 2493 2494 -1 2495 2496 2497 2498 2499 2500 -1 2501 2502 2503 2504 -1 2505 2506 2507 2508 2509 -1 2510 2511 2512 2513 2514 -1 2515 2516 2517 2518 2519 -1 2520 2521 2522 2523 -1 2524 2525 2526 2527 2528 -1 2529 2530 2531 2532 2533 -1 2534 2535 2536 2537 2538 2539 -1 2540 2541 2542 2543 -1 2544 2545 2546 2547 2548 2549 -1 2550 2551 2552 2553 -1 2554 2555 2556 2557 2558 -1 2559 2560 2561 2562 -1 2563 2564 2565 2566 2567 -1 2568 2569 2570 2571 2572 -1 2573 2574 2575 2576 -1 2577 2578 2579 2580 2581 2582 -1 2583 2584 2585 2586 -1 2587 2588 2589 2590 2591 2592 -1 2593 2594 2595 2596 -1 2597 2598 2599 2600 -1 2601 2602 2603 2604 2605 -1 2606 2607 2608 2609 2610 -1 2611 2612 2613 2614 -1 2615 2616 2617 2618 2619 -1 2620 2621 2622 2623 2624 -1 2625 2626 2627 2628 2629 2630 -1 2631 2632 2633 2634 -1 2635 2636 2637 2638 2639 2640 -1 2641 2642 2643 2644 -1 2645 2646 2647 2648 2649 -1 2650 2651 2652 2653 -1 2654 2655 2656 2657 2658 -1 2659 2660 2661 2662 2663 -1 2664 2665 2666 2667 -1 2668 2669 2670 2671 2672 -1 2673 2674 2675 2676 -1 2677 2678 2679 2680 2681 2682 -1 2683 2684 2685 2686 -1 2687 2688 2689 2690 -1 2691 2692 2693 2694 2695 -1 2696 2697 2698 2699 2700 -1 2701 2702 2703 2704 -1 2705 2706 2707 2708 2709 -1 2710 2711 2712 2713 2714 -1 2715 2716 2717 2718 2719 2720 -1 2721 2722 2723 2724 -1 2725 2726 2727 2728 2729 2730 -1 2731 2732 2733 2734 -1 2735 2736 2737 2738 2739 -1 2740 2741 2742 2743 -1 2744 2745 2746 2747 2748 -1 2749 2750 2751 2752 2753 -1 2754 2755 2756 2757 -1 2758 2759 2760 2761 2762 -1 2763 2764 2765 2766 -1 2767 2768 2769 2770 2771 2772 -1 2773 2774 2775 2776 -1 2777 2778 2779 2780 -1 2781 2782 2783 2784 2785 -1 2786 2787 2788 2789 2790 -1 2791 2792 2793 2794 -1 2795 2796 2797 2798 2799 -1 2800 2801 2802 2803 2804 -1 2805 2806 2807 2808 2809 2810 -1 2811 2812 2813 2814 -1 2815 2816 2817 2818 2819 2820 -1 2821 2822 2823 2824 -1 2825 2826 2827 2828 2829 -1 2830 2831 2832 2833 -1 2834 2835 2836 2837 2838 -1 2839 2840 2841 2842 2843 -1 2844 2845 2846 2847 -1 2848 2849 2850 2851 2852 -1 2853 2854 2855 2856 -1 2857 2858 2859 2860 2861 2862 -1 2863 2864 2865 2866 -1 2867 2868 2869 2870 -1 2871 2872 2873 2874 2875 -1 2876 2877 2878 2879 2880 -1 2881 2882 2883 2884 -1 2885 2886 2887 2888 2889 -1 2890 2891 2892 2893 2894 -1 2895 2896 2897 2898 2899 2900 -1 2901 2902 2903 2904 -1 2905 2906 2907 2908 2909 2910 -1 2911 2912 2913 2914 -1 2915 2916 2917 2918 2919 -1 2920 2921 2922 2923 -1 2924 2925 2926 2927 2928 -1 2929 2930 2931 2932 2933 -1 2934 2935 2936 2937 -1 2938 2939 2940 2941 2942 -1 2943 2944 2945 2946 -1 2947 2948 2949 2950 2951 2952 -1 2953 2954 2955 2956 -1 2957 2958 2959 2960 2961 -1 2962 2963 2964 2965 -1 2966 2967 2968 2969 -1 2970 2971 2972 2973 -1 2974 2975 2976 2977 -1 2978 2979 2980 2981 2982 -1 2983 2984 2985 2986 -1 2987 2988 2989 2990 2991 2992 -1 2993 2994 2995 2996 -1 2997 2998 2999 3000 3001 -1 3002 3003 3004 3005 -1 3006 3007 3008 3009 -1 3010 3011 3012 3013 -1 3014 3015 3016 3017 -1 3018 3019 3020 3021 3022 -1 3023 3024 3025 3026 -1 3027 3028 3029 3030 3031 3032 -1 3033 3034 3035 3036 -1 3037 3038 3039 3040 3041 -1 3042 3043 3044 3045 -1 3046 3047 3048 3049 -1 3050 3051 3052 3053 -1 3054 3055 3056 3057 -1 3058 3059 3060 3061 3062 -1 3063 3064 3065 3066 -1 3067 3068 3069 3070 3071 3072 -1 3073 3074 3075 3076 -1 3077 3078 3079 3080 3081 -1 3082 3083 3084 3085 -1 3086 3087 3088 3089 -1 3090 3091 3092 3093 -1 3094 3095 3096 3097 -1 3098 3099 3100 3101 3102 -1 3103 3104 3105 3106 -1 3107 3108 3109 3110 3111 3112 -1 3113 3114 3115 3116 -1 3117 3118 3119 3120 3121 -1 3122 3123 3124 3125 -1 3126 3127 3128 3129 -1 3130 3131 3132 3133 -1 3134 3135 3136 3137 -1 3138 3139 3140 3141 -1 3142 3143 3144 3145 -1 3146 3147 3148 3149 -1 3150 3151 3152 3153 -1 3154 3155 3156 3157 -1 3158 3159 3160 3161 -1 3162 3163 3164 3165 -1 3166 3167 3168 3169 -1 3170 3171 3172 3173 -1 "
						                coordIndex="834 193 47 196 -1 833 250 41 272 -1 832 249 6 142 -1 831 273 26 141 -1 829 141 26 275 -1 828 142 6 136 -1 827 276 23 135 -1 825 147 29 277 -1 824 148 4 241 -1 823 278 37 242 -1 821 254 43 279 -1 820 253 3 146 -1 819 280 28 145 -1 817 143 27 281 -1 816 144 2 239 -1 815 282 36 240 -1 813 149 30 283 -1 812 150 0 235 -1 811 284 34 236 -1 808 177 10 211 -1 807 285 22 212 -1 533 803 553 537 -1 801 173 42 290 -1 800 174 18 256 -1 521 799 565 525 -1 796 179 12 215 -1 795 291 24 216 -1 569 791 589 573 -1 789 167 39 296 -1 788 168 15 258 -1 509 787 601 513 -1 784 181 16 170 -1 783 297 40 169 -1 605 779 625 609 -1 777 230 31 302 -1 776 229 19 260 -1 497 775 637 501 -1 772 183 13 217 -1 771 303 25 218 -1 641 767 661 645 -1 765 171 41 308 -1 764 172 17 262 -1 485 763 673 489 -1 760 185 11 160 -1 759 309 35 159 -1 677 755 697 681 -1 753 165 38 314 -1 752 166 14 264 -1 473 751 709 477 -1 750 197 48 200 -1 749 187 44 316 -1 748 188 14 166 -1 747 317 38 165 -1 746 201 49 203 -1 189 268 344 345 745 -1 190 265 362 343 -1 744 320 45 269 -1 742 226 29 323 -1 741 225 17 270 -1 46 271 462 325 324 -1 325 462 265 190 -1 326 325 190 268 -1 116 324 325 326 206 -1 740 327 102 192 -1 739 328 117 329 -1 738 147 69 330 -1 737 331 115 205 -1 736 332 118 333 -1 735 148 70 334 -1 733 336 119 337 -1 732 322 114 338 -1 731 339 101 191 -1 730 340 120 341 -1 729 202 112 342 -1 343 362 315 45 320 -1 344 343 320 112 202 -1 268 190 343 344 -1 345 344 202 49 201 728 -1 727 346 121 347 -1 726 267 100 348 -1 725 349 113 321 -1 724 350 122 351 -1 723 319 111 352 -1 722 353 87 243 -1 721 354 123 355 -1 720 199 109 356 -1 719 357 88 244 -1 718 358 124 359 -1 717 266 99 360 -1 716 361 108 198 -1 362 361 716 197 107 315 -1 265 187 749 361 362 -1 715 363 110 318 -1 714 364 125 365 -1 713 315 107 366 -1 712 751 473 474 -1 709 752 264 476 477 -1 707 244 88 368 -1 706 753 314 707 708 -1 704 243 87 370 -1 700 755 677 678 186 -1 697 756 680 681 -1 694 757 695 696 -1 688 376 81 237 -1 685 378 82 238 -1 682 761 683 684 -1 711 710 751 712 -1 676 763 485 486 -1 673 764 262 488 489 -1 671 250 94 381 -1 670 765 308 671 380 672 -1 668 249 93 383 -1 664 767 641 642 184 -1 661 768 644 645 -1 658 769 659 660 -1 652 389 62 140 -1 649 391 61 139 -1 646 773 647 648 -1 640 775 497 498 -1 637 776 260 500 501 -1 635 151 73 393 -1 634 777 302 635 636 -1 632 152 74 395 -1 628 779 605 606 182 -1 625 780 608 609 -1 622 781 623 624 -1 616 401 91 247 -1 613 403 92 248 -1 610 785 611 612 -1 604 787 509 510 -1 601 788 258 512 513 -1 599 246 90 405 -1 598 789 296 599 600 -1 596 245 89 407 -1 592 791 569 570 180 -1 589 792 572 573 -1 586 793 587 588 -1 580 413 60 138 -1 577 415 59 137 -1 574 797 575 576 -1 568 799 521 522 -1 565 800 256 524 525 -1 563 252 96 417 -1 562 801 290 563 564 -1 560 251 95 419 -1 556 803 533 534 178 -1 553 804 536 537 -1 550 805 551 552 -1 544 425 56 134 -1 541 427 55 133 -1 538 809 539 540 -1 532 429 80 158 -1 529 430 79 157 -1 527 228 72 431 -1 526 813 283 527 528 -1 524 227 71 432 -1 520 433 84 162 -1 517 434 83 161 -1 515 222 66 435 -1 514 817 281 515 516 -1 512 221 65 436 -1 508 437 67 223 -1 505 438 68 224 -1 503 175 97 439 -1 502 821 279 503 504 -1 500 176 98 440 -1 496 441 86 164 -1 493 442 85 163 -1 491 226 70 443 -1 490 825 277 491 492 -1 488 225 69 444 -1 484 445 57 213 -1 481 446 58 214 -1 479 220 64 447 -1 478 829 275 479 480 -1 476 219 63 448 -1 472 449 63 219 -1 471 450 126 451 -1 470 195 105 452 -1 469 453 64 220 -1 468 454 127 455 -1 467 171 93 456 -1 466 457 104 194 -1 465 458 128 459 -1 464 172 94 460 -1 463 461 106 274 -1 462 461 463 187 265 -1 103 193 834 461 462 271 -1 187 463 274 44 -1 458 464 460 128 -1 102 270 464 458 -1 270 17 172 464 -1 271 465 459 103 -1 46 192 465 271 -1 192 102 458 465 -1 193 466 194 47 -1 103 459 466 193 -1 459 128 457 466 -1 454 467 456 127 -1 104 272 467 454 -1 272 41 171 467 -1 195 468 455 105 -1 47 194 468 195 -1 194 104 454 468 -1 273 469 220 26 -1 105 455 469 273 -1 455 127 453 469 -1 450 470 452 126 -1 106 196 470 450 -1 196 47 195 470 -1 266 471 451 99 -1 44 274 471 266 -1 274 106 450 471 -1 188 472 219 14 -1 99 451 472 188 -1 451 126 449 472 -1 712 474 680 756 -1 474 475 761 680 -1 264 14 219 476 -1 473 477 478 830 -1 275 26 220 479 -1 480 481 276 827 482 -1 478 480 482 830 -1 276 481 214 23 -1 475 483 683 761 -1 185 484 213 11 -1 483 484 185 760 683 -1 676 486 644 768 -1 486 487 773 644 -1 262 17 225 488 -1 485 489 490 826 -1 277 29 226 491 -1 492 493 278 823 494 -1 490 492 494 826 -1 278 493 163 37 -1 487 495 647 773 -1 183 496 164 13 -1 495 496 183 772 647 -1 640 498 608 780 -1 498 499 785 608 -1 260 19 176 500 -1 497 501 502 822 -1 279 43 175 503 -1 504 505 280 819 506 -1 502 504 506 822 -1 280 505 224 28 -1 499 507 611 785 -1 181 508 223 16 -1 507 508 181 784 611 -1 604 510 572 792 -1 510 511 797 572 -1 258 15 221 512 -1 509 513 514 818 -1 281 27 222 515 -1 516 517 282 815 518 -1 514 516 518 818 -1 282 517 161 36 -1 511 519 575 797 -1 179 520 162 12 -1 519 520 179 796 575 -1 568 522 536 804 -1 522 523 809 536 -1 256 18 227 524 -1 521 525 526 814 -1 283 30 228 527 -1 528 529 284 811 530 -1 526 528 530 814 -1 284 529 157 34 -1 523 531 539 809 -1 177 532 158 10 -1 531 532 177 808 539 -1 156 534 428 78 -1 9 178 534 156 -1 234 535 286 33 -1 78 428 535 234 -1 533 537 538 810 -1 540 541 285 807 542 -1 538 540 542 810 -1 285 541 133 22 -1 155 543 426 77 -1 33 286 543 155 -1 233 544 134 1 -1 77 426 544 233 -1 62 218 545 423 -1 218 25 287 545 -1 132 546 424 54 -1 5 140 546 132 -1 140 62 423 546 -1 210 547 288 21 -1 54 424 547 210 -1 61 217 548 422 -1 217 13 255 548 -1 25 139 549 287 -1 139 61 422 549 -1 287 549 550 806 545 -1 559 567 551 805 -1 552 553 803 554 -1 550 552 554 806 -1 131 555 421 53 -1 21 288 555 131 -1 209 556 178 9 -1 53 421 556 209 -1 86 242 557 420 -1 242 37 289 557 -1 13 164 558 255 -1 164 86 420 558 -1 255 558 559 805 548 -1 85 241 560 418 -1 241 4 251 560 -1 37 163 561 289 -1 163 85 418 561 -1 289 561 562 802 557 -1 290 42 252 563 -1 564 565 799 566 -1 562 564 566 802 -1 551 567 568 804 -1 176 570 416 98 -1 19 180 570 176 -1 254 571 292 43 -1 98 416 571 254 -1 569 573 574 798 -1 576 577 291 795 578 -1 574 576 578 798 -1 291 577 137 24 -1 175 579 414 97 -1 43 292 579 175 -1 253 580 138 3 -1 97 414 580 253 -1 56 212 581 411 -1 212 22 293 581 -1 152 582 412 74 -1 1 134 582 152 -1 134 56 411 582 -1 230 583 294 31 -1 74 412 583 230 -1 55 211 584 410 -1 211 10 257 584 -1 22 133 585 293 -1 133 55 410 585 -1 293 585 586 794 581 -1 595 603 587 793 -1 588 589 791 590 -1 586 588 590 794 -1 151 591 409 73 -1 31 294 591 151 -1 229 592 180 19 -1 73 409 592 229 -1 80 236 593 408 -1 236 34 295 593 -1 10 158 594 257 -1 158 80 408 594 -1 257 594 595 793 584 -1 79 235 596 406 -1 235 0 245 596 -1 34 157 597 295 -1 157 79 406 597 -1 295 597 598 790 593 -1 296 39 246 599 -1 600 601 787 602 -1 598 600 602 790 -1 587 603 604 792 -1 207 606 404 51 -1 8 182 606 207 -1 129 607 298 20 -1 51 404 607 129 -1 605 609 610 786 -1 612 613 297 783 614 -1 610 612 614 786 -1 297 613 248 40 -1 208 615 402 52 -1 20 298 615 208 -1 130 616 247 7 -1 52 402 616 130 -1 54 210 617 399 -1 210 21 299 617 -1 231 618 400 75 -1 5 132 618 231 -1 132 54 399 618 -1 153 619 300 32 -1 75 400 619 153 -1 53 209 620 398 -1 209 9 259 620 -1 21 131 621 299 -1 131 53 398 621 -1 299 621 622 782 617 -1 631 639 623 781 -1 624 625 779 626 -1 622 624 626 782 -1 232 627 397 76 -1 32 300 627 232 -1 154 628 182 8 -1 76 397 628 154 -1 78 234 629 396 -1 234 33 301 629 -1 9 156 630 259 -1 156 78 396 630 -1 259 630 631 781 620 -1 77 233 632 394 -1 233 1 152 632 -1 33 155 633 301 -1 155 77 394 633 -1 301 633 634 778 629 -1 302 31 151 635 -1 636 637 775 638 -1 634 636 638 778 -1 623 639 640 780 -1 154 642 392 76 -1 8 184 642 154 -1 232 643 304 32 -1 76 392 643 232 -1 641 645 646 774 -1 648 649 303 771 650 -1 646 648 650 774 -1 303 649 139 25 -1 153 651 390 75 -1 32 304 651 153 -1 231 652 140 5 -1 75 390 652 231 -1 81 159 653 387 -1 159 35 305 653 -1 130 654 388 52 -1 7 237 654 130 -1 237 81 387 654 -1 208 655 306 20 -1 52 388 655 208 -1 82 160 656 386 -1 160 11 261 656 -1 35 238 657 305 -1 238 82 386 657 -1 305 657 658 770 653 -1 667 675 659 769 -1 660 661 767 662 -1 658 660 662 770 -1 129 663 385 51 -1 20 306 663 129 -1 207 664 184 8 -1 51 385 664 207 -1 57 135 665 384 -1 135 23 307 665 -1 11 213 666 261 -1 213 57 384 666 -1 261 666 667 769 656 -1 58 136 668 382 -1 136 6 249 668 -1 23 214 669 307 -1 214 58 382 669 -1 307 669 670 766 665 -1 308 41 250 671 -1 672 673 763 674 -1 670 672 674 766 -1 659 675 676 768 -1 170 678 379 92 -1 16 186 678 170 -1 248 679 310 40 -1 92 379 679 248 -1 677 681 682 762 -1 684 685 309 759 686 -1 682 684 686 762 -1 309 685 238 35 -1 169 687 377 91 -1 40 310 687 169 -1 247 688 237 7 -1 91 377 688 247 -1 60 216 689 374 -1 216 24 311 689 -1 146 690 375 68 -1 3 138 690 146 -1 138 60 374 690 -1 224 691 312 28 -1 68 375 691 224 -1 59 215 692 373 -1 215 12 263 692 -1 24 137 693 311 -1 137 59 373 693 -1 311 693 694 758 689 -1 703 711 695 757 -1 696 697 755 698 -1 694 696 698 758 -1 145 699 372 67 -1 28 312 699 145 -1 223 700 186 16 -1 67 372 700 223 -1 84 240 701 371 -1 240 36 313 701 -1 12 162 702 263 -1 162 84 371 702 -1 263 702 703 757 692 -1 83 239 704 369 -1 239 2 243 704 -1 36 161 705 313 -1 161 83 369 705 -1 313 705 706 754 701 -1 314 38 244 707 -1 708 709 751 710 -1 706 708 710 754 -1 695 711 712 756 -1 364 713 366 125 -1 101 269 713 364 -1 269 45 315 713 -1 221 714 365 65 -1 15 191 714 221 -1 191 101 364 714 -1 143 715 318 27 -1 65 365 715 143 -1 365 125 363 715 -1 197 716 198 48 -1 358 717 360 124 -1 108 316 717 358 -1 316 44 266 717 -1 199 718 359 109 -1 48 198 718 199 -1 198 108 358 718 -1 317 719 244 38 -1 109 359 719 317 -1 359 124 357 719 -1 354 720 356 123 -1 110 200 720 354 -1 200 48 199 720 -1 222 721 355 66 -1 27 318 721 222 -1 318 110 354 721 -1 144 722 243 2 -1 66 355 722 144 -1 355 123 353 722 -1 350 723 352 122 -1 72 228 723 350 -1 228 30 319 723 -1 245 724 351 89 -1 0 150 724 245 -1 150 72 350 724 -1 167 725 321 39 -1 89 351 725 167 -1 351 122 349 725 -1 346 726 348 121 -1 71 227 726 346 -1 227 18 267 726 -1 319 727 347 111 -1 30 149 727 319 -1 149 71 346 727 -1 111 347 728 201 -1 347 121 345 728 -1 340 729 342 120 -1 113 203 729 340 -1 203 49 202 729 -1 246 730 341 90 -1 39 321 730 246 -1 321 113 340 730 -1 168 731 191 15 -1 90 341 731 168 -1 341 120 339 731 -1 336 732 338 119 -1 96 252 732 336 -1 252 42 322 732 -1 267 733 337 100 -1 18 174 733 267 -1 174 96 336 733 -1 268 189 734 335 326 -1 100 337 734 189 -1 337 119 335 734 -1 332 735 334 118 -1 95 251 735 332 -1 251 4 148 735 -1 322 736 333 114 -1 42 173 736 322 -1 173 95 332 736 -1 204 737 205 50 -1 114 333 737 204 -1 333 118 331 737 -1 328 738 330 117 -1 115 323 738 328 -1 323 29 147 738 -1 206 739 329 116 -1 50 205 739 206 -1 205 115 328 739 -1 324 740 192 46 -1 116 329 740 324 -1 329 117 327 740 -1 335 743 204 50 206 326 -1 327 741 270 102 -1 117 330 741 327 -1 330 69 225 741 -1 331 742 323 115 -1 118 334 742 331 -1 334 70 226 742 -1 119 338 743 335 -1 338 114 204 743 -1 339 744 269 101 -1 120 342 744 339 -1 342 112 320 744 -1 121 348 745 345 -1 348 100 189 745 -1 349 746 203 113 -1 122 352 746 349 -1 352 111 201 746 -1 353 747 165 87 -1 123 356 747 353 -1 356 109 317 747 -1 357 748 166 88 -1 124 360 748 357 -1 360 99 188 748 -1 361 749 316 108 -1 363 750 200 110 -1 125 366 750 363 -1 366 107 197 750 -1 367 710 711 -1 707 368 752 709 708 -1 368 88 166 752 -1 369 704 370 753 706 705 -1 370 87 165 753 -1 367 711 703 754 710 -1 371 701 754 703 702 -1 698 755 700 372 699 -1 695 756 697 696 -1 373 692 757 694 693 -1 698 699 312 691 758 -1 374 689 758 691 375 690 -1 376 759 159 81 -1 686 759 376 688 377 687 -1 378 760 160 82 -1 683 760 378 685 684 -1 680 761 682 681 -1 686 687 310 679 762 -1 677 762 679 379 678 -1 674 763 676 675 -1 380 671 381 764 673 672 -1 381 94 172 764 -1 382 668 383 765 670 669 -1 383 93 171 765 -1 674 675 667 766 -1 384 665 766 667 666 -1 662 767 664 385 663 -1 659 768 661 660 -1 386 656 769 658 657 -1 662 663 306 655 770 -1 387 653 770 655 388 654 -1 389 771 218 62 -1 650 771 389 652 390 651 -1 391 772 217 61 -1 647 772 391 649 648 -1 644 773 646 645 -1 650 651 304 643 774 -1 641 774 643 392 642 -1 638 775 640 639 -1 635 393 776 637 636 -1 393 73 229 776 -1 394 632 395 777 634 633 -1 395 74 230 777 -1 638 639 631 778 -1 396 629 778 631 630 -1 626 779 628 397 627 -1 623 780 625 624 -1 398 620 781 622 621 -1 626 627 300 619 782 -1 399 617 782 619 400 618 -1 401 783 169 91 -1 614 783 401 616 402 615 -1 403 784 170 92 -1 611 784 403 613 612 -1 608 785 610 609 -1 614 615 298 607 786 -1 605 786 607 404 606 -1 602 787 604 603 -1 599 405 788 601 600 -1 405 90 168 788 -1 406 596 407 789 598 597 -1 407 89 167 789 -1 602 603 595 790 -1 408 593 790 595 594 -1 590 791 592 409 591 -1 587 792 589 588 -1 410 584 793 586 585 -1 590 591 294 583 794 -1 411 581 794 583 412 582 -1 413 795 216 60 -1 578 795 413 580 414 579 -1 415 796 215 59 -1 575 796 415 577 576 -1 572 797 574 573 -1 578 579 292 571 798 -1 569 798 571 416 570 -1 566 799 568 567 -1 563 417 800 565 564 -1 417 96 174 800 -1 418 560 419 801 562 561 -1 419 95 173 801 -1 566 567 559 802 -1 420 557 802 559 558 -1 554 803 556 421 555 -1 551 804 553 552 -1 422 548 805 550 549 -1 554 555 288 547 806 -1 423 545 806 547 424 546 -1 425 807 212 56 -1 542 807 425 544 426 543 -1 427 808 211 55 -1 539 808 427 541 540 -1 536 809 538 537 -1 542 543 286 535 810 -1 533 810 535 428 534 -1 429 811 236 80 -1 530 811 429 532 531 -1 430 812 235 79 -1 527 431 812 430 529 528 -1 431 72 150 812 -1 524 432 813 526 525 -1 432 71 149 813 -1 530 531 523 814 -1 521 814 523 522 -1 433 815 240 84 -1 518 815 433 520 519 -1 434 816 239 83 -1 515 435 816 434 517 516 -1 435 66 144 816 -1 512 436 817 514 513 -1 436 65 143 817 -1 518 519 511 818 -1 509 818 511 510 -1 437 819 145 67 -1 506 819 437 508 507 -1 438 820 146 68 -1 503 439 820 438 505 504 -1 439 97 253 820 -1 500 440 821 502 501 -1 440 98 254 821 -1 506 507 499 822 -1 497 822 499 498 -1 441 823 242 86 -1 494 823 441 496 495 -1 442 824 241 85 -1 491 443 824 442 493 492 -1 443 70 148 824 -1 488 444 825 490 489 -1 444 69 147 825 -1 494 495 487 826 -1 485 826 487 486 -1 445 827 135 57 -1 482 827 445 484 483 -1 446 828 136 58 -1 479 447 828 446 481 480 -1 447 64 142 828 -1 476 448 829 478 477 -1 448 63 141 829 -1 482 483 475 830 -1 473 830 475 474 -1 449 831 141 63 -1 126 452 831 449 -1 452 105 273 831 -1 453 832 142 64 -1 127 456 832 453 -1 456 93 249 832 -1 457 833 272 104 -1 128 460 833 457 -1 460 94 250 833 -1 461 834 196 106 -1 "
						                >
							<Coordinate DEF="coords_ME_caja-recubierta"
							            point="0.365433 0.285306 0.713586 0.368305 0.279050 0.004368 0.361966 -0.290422 0.714517 0.358521 -0.309692 0.026581 -0.353089 0.286899 0.710923 -0.356170 0.311931 0.016744 -0.371492 -0.275632 0.702786 -0.363024 -0.291032 0.026050 -0.386615 -0.001582 -0.006233 0.003171 0.300013 0.018470 0.371025 0.287588 0.344686 -0.361120 -0.289479 0.351591 0.381744 -0.286441 0.338003 -0.360304 0.294938 0.345816 0.002170 -0.290075 0.714309 0.356402 0.001106 0.713931 0.001211 -0.311489 0.020940 -0.354418 0.000208 0.718804 -0.000385 0.299995 0.712280 0.395250 0.001858 0.008526 -0.399254 -0.173664 -0.005708 -0.236179 0.312753 0.005692 0.375168 0.287209 0.154063 -0.374996 -0.285633 0.539102 0.385224 -0.317621 0.144323 -0.355108 0.314819 0.146027 -0.217473 -0.290771 0.717759 0.359560 -0.174395 0.716701 0.202457 -0.309555 0.010943 -0.362019 0.177862 0.713473 0.215829 0.298031 0.710161 0.389923 0.157859 0.004208 -0.383439 0.176557 0.005878 0.208949 0.282801 0.015275 0.374757 0.286802 0.540216 -0.369298 -0.292218 0.156113 0.364221 -0.292724 0.542032 -0.367158 0.298346 0.532911 0.209892 -0.291276 0.717983 0.356977 0.179036 0.717061 -0.213835 -0.293721 0.012501 -0.361186 -0.189448 0.723246 -0.211601 0.303204 0.719100 0.374461 -0.167112 0.009390 -0.005616 -0.200017 0.725280 0.245432 -0.000637 0.722983 -0.215658 -0.000029 0.723603 -0.216282 -0.187206 0.724336 0.241626 -0.175197 0.722605 0.227600 0.177176 0.709901 -0.213477 0.174730 0.722936 -0.392297 -0.087709 -0.004747 -0.370983 -0.244097 0.015882 -0.115687 0.300638 0.010785 -0.299944 0.315865 0.005126 0.377256 0.290396 0.251089 0.369678 0.282172 0.075560 -0.375239 -0.290827 0.446429 -0.364907 -0.281674 0.625651 0.383759 -0.301994 0.241400 0.380418 -0.319040 0.082161 -0.350305 0.307820 0.244322 -0.350104 0.314785 0.077229 -0.108144 -0.288207 0.716610 -0.299482 -0.286302 0.716898 0.356201 -0.086479 0.714262 0.360346 -0.237068 0.718055 0.104054 -0.310129 0.016321 0.289152 -0.309800 0.017330 -0.352578 0.088877 0.716422 -0.362667 0.237288 0.715564 0.107318 0.298431 0.712208 0.295599 0.294137 0.717973 0.391916 0.081992 0.005096 0.373497 0.226652 0.008902 -0.367181 0.245508 0.013273 -0.380977 0.088246 0.000880 0.293100 0.279885 0.015070 0.106048 0.288614 0.015757 0.370070 0.285354 0.633998 0.380474 0.289900 0.442577 -0.362724 -0.294037 0.085934 -0.370456 -0.289910 0.252944 0.356915 -0.294407 0.638076 0.371646 -0.295419 0.444794 -0.358052 0.293863 0.626121 -0.371968 0.304006 0.440859 0.291652 -0.293542 0.719274 0.106407 -0.291990 0.716395 0.362947 0.236063 0.717967 0.356338 0.089724 0.715221 -0.295598 -0.296869 0.015973 -0.105948 -0.302650 0.014370 -0.358126 -0.236613 0.717214 -0.355735 -0.094999 0.718204 -0.288343 0.296530 0.717040 -0.107510 0.298989 0.715735 0.367549 -0.240096 0.021655 0.388740 -0.083409 0.008177 -0.001592 -0.252116 0.720750 0.000131 0.244403 0.718160 0.306618 0.000157 0.719461 -0.293958 0.000304 0.717714 -0.215858 -0.087445 0.723946 -0.294268 -0.185081 0.723390 -0.217027 -0.238001 0.724495 -0.110289 -0.195395 0.723549 0.243415 -0.087899 0.722817 0.117663 -0.194851 0.719793 0.227150 -0.238475 0.720432 0.306361 -0.175293 0.719441 0.216304 0.241857 0.718560 0.241311 0.087788 0.723139 0.292424 0.177430 0.722024 -0.212454 0.242982 0.722644 -0.295056 0.176632 0.719676 -0.214883 0.087270 0.723340 -0.296591 0.089193 0.719253 -0.291041 0.241950 0.719127 -0.107256 0.243716 0.718319 0.298003 0.088812 0.721954 0.108229 0.243154 0.716741 0.293857 0.238735 0.721857 0.299110 -0.237773 0.721342 0.112598 -0.245470 0.719324 0.306983 -0.087423 0.719672 -0.109110 -0.245637 0.720010 -0.297097 -0.237250 0.722849 -0.295279 -0.091205 0.717779 -0.396111 -0.131197 -0.005921 -0.371989 -0.253679 0.017398 -0.175040 0.304580 0.013947 -0.331862 0.317554 0.008220 0.373435 0.290157 0.201410 0.368648 0.279841 0.032551 -0.375712 -0.290209 0.492572 -0.370248 -0.277801 0.667629 0.383425 -0.310881 0.193053 0.369872 -0.314143 0.052889 -0.348339 0.319286 0.192749 -0.351594 0.311510 0.041808 -0.163130 -0.287823 0.717151 -0.340745 -0.286536 0.714345 0.358787 -0.131812 0.713539 0.361811 -0.267669 0.718011 0.158106 -0.306336 0.018409 0.328172 -0.314178 0.019065 -0.355890 0.134427 0.712266 -0.355064 0.265347 0.712041 0.160682 0.297203 0.711776 0.334346 0.291361 0.717137 0.392597 0.123358 0.003764 0.378249 0.254017 0.003113 -0.371767 0.202951 0.004896 -0.385995 0.042514 -0.000697 0.250525 0.283056 0.014666 0.054121 0.292292 0.016981 0.371612 0.281643 0.584858 0.376460 0.283001 0.399491 -0.365233 -0.293552 0.121815 -0.365979 -0.293342 0.300320 0.356782 -0.297718 0.587554 0.368760 -0.285491 0.390037 -0.365889 0.295287 0.580493 -0.368428 0.294912 0.395762 0.258814 -0.295473 0.720072 0.054433 -0.291332 0.715572 0.360962 0.207011 0.721011 0.355103 0.045463 0.716558 -0.252932 -0.297087 0.015511 -0.051228 -0.306658 0.018888 -0.357421 -0.213118 0.717508 -0.354996 -0.047116 0.717933 -0.251650 0.298872 0.719029 -0.053781 0.299214 0.713910 0.369583 -0.199831 0.014791 0.395433 -0.043813 0.003177 0.334320 0.294887 0.348477 -0.000938 0.302798 0.044028 0.377054 -0.260409 0.342982 0.405677 -0.000823 0.037269 0.000783 -0.280027 0.009147 -0.352110 -0.001143 -0.022976 -0.370376 0.269146 0.345668 -0.392842 -0.002655 0.023777 -0.332341 -0.300704 0.357820 -0.003231 -0.322251 0.043620 -0.002868 -0.156981 0.700646 0.000163 -0.275964 0.721128 0.000354 0.212376 0.712077 0.000990 0.044813 0.696012 0.336530 0.000513 0.719104 -0.249995 0.000096 0.725271 -0.215910 -0.131145 0.724114 -0.247937 -0.178129 0.724805 -0.216633 -0.206417 0.724416 -0.162760 -0.193827 0.724754 0.242521 -0.131550 0.722706 0.180712 -0.189822 0.707924 0.234139 -0.207835 0.724445 0.285239 -0.175212 0.723255 0.216965 0.208799 0.717483 0.237100 0.133132 0.710009 0.265141 0.177201 0.719671 -0.214263 0.202377 0.727223 -0.251932 0.175728 0.726310 -0.214189 0.130941 0.723135 -0.390731 -0.044233 -0.004308 -0.406562 -0.186788 0.004611 -0.057197 0.296612 0.010199 -0.257107 0.321365 0.003200 0.372824 0.282631 0.292233 0.372709 0.282727 0.122337 -0.366152 -0.290491 0.406208 -0.369922 -0.280767 0.581510 0.383582 -0.294081 0.289858 0.386293 -0.318528 0.113588 -0.351393 0.298763 0.295614 -0.349404 0.318948 0.111298 -0.053246 -0.291104 0.713868 -0.258903 -0.287197 0.716558 0.356890 -0.043092 0.712622 0.359259 -0.205088 0.716052 0.052542 -0.312096 0.015297 0.250448 -0.304507 0.016828 -0.353706 0.043990 0.717733 -0.361921 0.204213 0.718738 0.053423 0.299097 0.712444 0.253917 0.296498 0.715435 0.394222 0.039759 0.007375 0.384237 0.174828 0.007572 -0.357755 0.284291 0.011548 -0.376716 0.135458 0.002677 0.337101 0.277558 0.011453 0.157976 0.284936 0.014534 0.372250 0.285915 0.679830 0.379528 0.288540 0.492036 -0.363766 -0.292637 0.050056 -0.372859 -0.290907 0.203867 0.359172 -0.299745 0.674941 0.369614 -0.293212 0.490649 -0.349678 0.290926 0.670673 -0.370911 0.305695 0.487638 0.332268 -0.292695 0.715530 0.158695 -0.291898 0.716735 0.363928 0.264760 0.718766 0.357001 0.134013 0.715015 -0.333207 -0.298191 0.014650 -0.158801 -0.299130 0.016515 -0.367792 -0.261419 0.708616 -0.356939 -0.142334 0.719077 -0.326974 0.293630 0.715077 -0.160710 0.301011 0.715556 0.359364 -0.277210 0.023987 0.381952 -0.124605 0.009158 -0.331967 0.311750 0.347699 -0.000570 0.319214 0.676254 0.382218 0.263717 0.345219 0.364909 0.000004 0.676782 -0.000378 0.272812 0.009424 0.355422 -0.001085 0.002427 -0.377035 -0.266388 0.350731 -0.361512 -0.001475 0.681273 0.349815 -0.299356 0.342041 0.002219 -0.302218 0.676965 -0.000198 -0.051160 0.695879 -0.003089 -0.229788 0.718410 -0.000098 0.277188 0.718243 0.000887 0.135400 0.700122 0.287673 -0.000424 0.722646 -0.328151 0.000528 0.721593 -0.215924 -0.043771 0.723866 -0.333297 -0.186575 0.724023 -0.217600 -0.269610 0.724610 -0.057636 -0.201723 0.726235 -0.220821 -0.293411 0.679260 -0.346725 -0.289056 0.540759 -0.361799 0.172114 0.679802 -0.367263 0.275569 0.539335 0.343122 -0.173527 0.002702 0.208514 -0.281785 0.006238 0.360362 -0.177935 0.681016 0.371793 -0.271501 0.540884 0.211758 0.303308 0.674902 0.340242 0.296371 0.543160 0.341845 0.297488 0.154401 0.211141 0.292926 0.043833 -0.329517 0.324354 0.145337 -0.233617 0.322153 0.031974 -0.333508 0.311337 0.539065 -0.207246 0.308030 0.683964 0.386590 -0.281934 0.149456 0.393933 -0.171328 0.036369 0.378201 0.266888 0.150604 0.399055 0.163583 0.034496 0.373847 0.260018 0.543528 0.368185 0.177173 0.680092 -0.214092 -0.270454 0.000458 -0.359195 -0.169435 -0.019525 -0.227984 0.271790 -0.002071 -0.346627 0.178228 -0.013374 0.210877 0.261300 0.011498 0.351816 0.164762 -0.010284 -0.373477 0.274043 0.142596 -0.393361 0.170020 0.031092 -0.384501 -0.264380 0.155123 -0.409601 -0.168096 0.025358 -0.379939 -0.258209 0.541254 -0.370866 -0.187809 0.683068 -0.339245 -0.311038 0.156389 -0.210808 -0.307956 0.043090 0.349411 -0.320555 0.147455 0.209270 -0.315851 0.040425 0.340376 -0.308034 0.544026 0.216407 -0.295499 0.678843 0.244399 -0.044263 0.722900 0.056588 -0.206487 0.724324 0.218727 -0.270311 0.720465 0.340100 -0.174177 0.720875 0.215763 0.274448 0.718512 0.240325 0.043643 0.723164 0.330329 0.177717 0.719336 -0.211875 0.277239 0.722701 -0.333372 0.177347 0.722361 -0.215493 0.043595 0.723542 -0.107329 0.045561 0.695451 -0.107606 0.135429 0.700736 -0.294849 0.043895 0.717740 -0.295654 0.132397 0.721007 -0.252757 0.087605 0.722729 -0.330336 0.088657 0.725116 -0.292037 0.202176 0.726609 -0.290291 0.271558 0.719859 -0.248840 0.241165 0.725663 -0.329729 0.238702 0.720871 -0.107127 0.206349 0.724648 -0.107169 0.277194 0.718171 -0.053568 0.244069 0.718416 -0.160943 0.243363 0.718223 0.303022 0.044489 0.719530 0.295905 0.133112 0.721996 0.333261 0.089197 0.719215 0.271138 0.088060 0.722565 0.120254 0.044310 0.700007 0.112853 0.134683 0.702705 0.108527 0.210794 0.713962 0.107844 0.275826 0.717753 0.162259 0.242497 0.718083 0.054167 0.243780 0.716762 0.293277 0.208998 0.723472 0.294575 0.269377 0.721672 0.332504 0.237293 0.718962 0.255067 0.240290 0.719008 0.295671 -0.269060 0.721092 0.302981 -0.206946 0.719679 0.335753 -0.237167 0.722885 0.261490 -0.238148 0.724725 0.109462 -0.273277 0.720662 0.115132 -0.218845 0.722805 0.169606 -0.242148 0.719595 0.055384 -0.248870 0.719446 0.120716 -0.143410 0.702129 0.122948 -0.047689 0.699674 0.306563 -0.130910 0.719292 0.306642 -0.043597 0.719548 0.337546 -0.087282 0.718401 0.286457 -0.087812 0.722963 0.174825 -0.278478 0.455385 0.109361 -0.301248 0.677711 0.335090 -0.303375 0.632872 0.295320 -0.299391 0.677950 0.345424 -0.307215 0.442815 0.102335 -0.326050 0.042221 0.350597 -0.310833 0.244778 0.339337 -0.320341 0.080731 0.288417 -0.318955 0.044728 -0.337177 -0.306105 0.084785 -0.289622 -0.309285 0.044430 -0.333947 -0.301680 0.256525 -0.106020 -0.314106 0.043049 -0.361662 -0.134530 0.641196 -0.361653 -0.093741 0.683917 -0.371100 -0.261201 0.628341 -0.372234 -0.237582 0.673914 -0.385570 -0.264960 0.445905 -0.400098 -0.086572 0.025700 -0.381076 -0.265383 0.252908 -0.378914 -0.264598 0.081983 -0.387741 -0.230358 0.038086 -0.368790 0.277691 0.073557 -0.376816 0.251233 0.036346 -0.375308 0.273136 0.244050 -0.387256 0.083605 0.026932 0.354604 0.082266 -0.011589 0.298344 0.247886 0.002975 0.344279 0.227895 -0.009747 0.106230 0.267518 0.003797 -0.349356 0.088878 -0.017464 -0.111873 0.275322 0.001425 -0.299420 0.282337 0.000635 -0.338723 0.247677 0.000425 -0.297583 -0.269488 -0.001722 -0.344659 -0.234905 0.003293 -0.106477 -0.266615 0.000619 -0.355074 -0.087021 -0.021482 0.366659 0.088574 0.678058 0.377109 0.263432 0.633630 0.373542 0.237592 0.676401 0.389352 0.264947 0.444198 0.406360 0.081529 0.035421 0.394895 0.268398 0.249798 0.376420 0.251993 0.078521 0.377749 0.228074 0.030004 0.373479 -0.290385 0.083057 0.378439 -0.243881 0.045595 0.375161 -0.273413 0.241133 0.408892 -0.085519 0.035295 -0.105479 0.321270 0.680179 -0.329505 0.309481 0.629334 -0.288761 0.306727 0.677504 -0.332489 0.313428 0.442023 -0.118500 0.305386 0.039210 -0.336428 0.315012 0.246328 -0.331498 0.324007 0.074989 -0.297937 0.321669 0.037998 0.335021 0.289936 0.076235 0.296102 0.286981 0.039436 0.343914 0.291827 0.253339 0.104084 0.293700 0.043800 0.339038 0.298458 0.446436 0.337305 0.293644 0.632621 0.295049 0.299152 0.676588 0.106135 0.317959 0.675197 0.377798 -0.270658 0.442742 0.361708 -0.261406 0.628267 0.366689 -0.239969 0.674777 0.362804 -0.085678 0.677465 0.104864 -0.279182 0.003239 0.290362 -0.281321 0.003826 0.333521 -0.244295 0.006126 0.349101 -0.084574 -0.005167 -0.379738 0.269409 0.442112 -0.362695 0.271202 0.627470 -0.360169 0.237445 0.676809 -0.362174 0.087250 0.681064 -0.337743 -0.294812 0.450344 -0.343748 -0.289145 0.628433 -0.301042 -0.290529 0.672327 -0.108960 -0.296926 0.677401 -0.108705 -0.272846 0.724036 -0.110203 -0.220037 0.716021 -0.055217 -0.249345 0.721336 -0.163354 -0.241297 0.719512 -0.298416 -0.264599 0.720992 -0.297800 -0.209718 0.719359 -0.256672 -0.238317 0.722089 -0.336963 -0.236532 0.722037 -0.296072 -0.136695 0.718845 -0.295076 -0.045338 0.717497 -0.248786 -0.088851 0.724523 -0.331498 -0.091882 0.722603 -0.109955 -0.144054 0.699576 -0.107891 -0.047409 0.694270 -0.056835 -0.149332 0.699281 -0.329554 -0.046629 0.722686 -0.249659 -0.044484 0.724836 -0.249805 -0.133658 0.724453 -0.335898 -0.210858 0.722912 -0.248888 -0.207902 0.722436 -0.257978 -0.267260 0.722259 -0.163236 -0.215429 0.722182 -0.056401 -0.226477 0.717221 -0.054522 -0.274282 0.721370 -0.053602 -0.285034 0.509290 -0.051451 -0.290591 0.417985 -0.158377 -0.278043 0.413918 -0.053331 -0.298902 0.677250 -0.053584 -0.297101 0.590644 -0.168166 -0.295020 0.600496 -0.259914 -0.289523 0.675922 -0.267169 -0.293946 0.589657 -0.342987 -0.291321 0.584622 -0.268723 -0.299021 0.502510 -0.252876 -0.303951 0.414028 -0.339585 -0.299872 0.401672 -0.375743 0.037105 0.495640 -0.381993 0.044941 0.394062 -0.379355 0.126677 0.397730 -0.357955 0.043940 0.680213 -0.373165 0.038622 0.592019 -0.375661 0.124429 0.589020 -0.368722 0.205075 0.676830 -0.374423 0.201689 0.589606 -0.368509 0.269529 0.582855 -0.377330 0.201119 0.495868 -0.378038 0.204174 0.395755 -0.378878 0.270358 0.393845 0.156110 -0.044114 -0.004325 0.054440 -0.046924 0.003440 0.051706 -0.130538 -0.007629 0.352888 -0.042475 -0.005236 0.257794 -0.043646 -0.006252 0.257553 -0.128925 -0.003775 0.338786 -0.206733 0.003222 0.254416 -0.207063 -0.000548 0.250698 -0.282563 0.006055 0.157068 -0.208873 -0.007871 0.051964 -0.208783 -0.007726 0.053090 -0.281180 0.003619 0.369777 -0.046241 0.489146 0.394180 -0.037337 0.394275 0.387961 -0.137051 0.398526 0.363902 -0.043741 0.678438 0.364910 -0.048115 0.589218 0.360016 -0.139102 0.587634 0.364567 -0.206090 0.676817 0.377458 -0.213793 0.580574 0.367022 -0.272387 0.585649 0.386321 -0.210872 0.492093 0.380163 -0.207266 0.397566 0.382680 -0.256502 0.392941 0.049308 0.303804 0.500720 0.049413 0.303121 0.404653 0.156870 0.296096 0.407933 0.052757 0.318624 0.675935 0.050801 0.311958 0.590646 0.154880 0.308006 0.594836 0.253394 0.299567 0.675862 0.251210 0.301042 0.589058 0.339246 0.294543 0.587632 0.251035 0.300281 0.498828 0.253960 0.299405 0.405659 0.339047 0.292321 0.399813 0.047060 0.303438 0.113318 0.052411 0.299125 0.044126 0.157705 0.290554 0.043991 0.050449 0.301122 0.306307 0.044664 0.300288 0.199982 0.157030 0.295450 0.205407 0.259286 0.299205 0.308368 0.263028 0.298313 0.206593 0.335653 0.290825 0.200260 0.255344 0.291236 0.117175 0.250408 0.290417 0.041624 0.336524 0.287480 0.037640 -0.330347 0.325026 0.110170 -0.332611 0.324429 0.040139 -0.264677 0.318214 0.036168 -0.329656 0.313289 0.295052 -0.329579 0.324058 0.195159 -0.263038 0.322145 0.194232 -0.169805 0.316097 0.295193 -0.170575 0.317542 0.194946 -0.054717 0.292247 0.196881 -0.170977 0.313782 0.104500 -0.174473 0.312420 0.035800 -0.058308 0.305275 0.041251 -0.332978 0.311860 0.490945 -0.331480 0.309990 0.393688 -0.245979 0.317038 0.394845 -0.328207 0.307683 0.674352 -0.331405 0.308202 0.584024 -0.251233 0.311906 0.590845 -0.158863 0.315951 0.682660 -0.153107 0.313020 0.593864 -0.052170 0.315285 0.591764 -0.156257 0.305752 0.500969 -0.160172 0.307510 0.395745 -0.051896 0.304666 0.402675 0.406907 -0.047092 0.113835 0.408712 -0.042503 0.037269 0.402246 -0.129243 0.036235 0.398357 -0.047498 0.300349 0.402999 -0.050240 0.202569 0.399992 -0.134835 0.202643 0.382016 -0.213869 0.301599 0.402287 -0.212035 0.199218 0.376524 -0.273181 0.197307 0.397248 -0.210304 0.113319 0.386182 -0.207462 0.041429 0.369297 -0.279264 0.051505 0.382186 0.260300 0.114568 0.379457 0.259695 0.030679 0.390114 0.190549 0.035435 0.393712 0.267354 0.298167 0.389994 0.261096 0.202860 0.395768 0.193943 0.201565 0.402956 0.130518 0.298228 0.407634 0.126880 0.201732 0.397388 0.023038 0.208516 0.407346 0.125124 0.113805 0.404991 0.122984 0.034359 0.409120 0.039966 0.035858 0.384031 0.265699 0.491298 0.381991 0.267950 0.392674 0.397008 0.201796 0.396093 0.375578 0.264492 0.678370 0.375469 0.261655 0.588467 0.387100 0.201549 0.588738 0.366731 0.133246 0.680127 0.377283 0.137888 0.582655 0.358870 0.041709 0.590236 0.397652 0.129873 0.495767 0.398256 0.133958 0.395691 0.397037 0.044892 0.396568 -0.258776 -0.044390 -0.027850 -0.353542 -0.044072 -0.022074 -0.357861 -0.135306 -0.015193 -0.054556 -0.046655 -0.011033 -0.162730 -0.042043 -0.022131 -0.162226 -0.131010 -0.023821 -0.055596 -0.201693 0.000359 -0.160696 -0.205093 -0.002737 -0.161728 -0.272151 0.003408 -0.259491 -0.204527 -0.013611 -0.349339 -0.199492 0.000840 -0.339774 -0.266087 0.007281 -0.269247 0.283206 -0.005537 -0.335786 0.283887 0.001810 -0.343276 0.216494 -0.008513 -0.054168 0.274681 0.004768 -0.168832 0.275335 0.001566 -0.154295 0.199595 -0.008796 -0.052043 0.130706 -0.015527 -0.154940 0.131362 -0.020560 -0.159475 0.041266 -0.023658 -0.261823 0.128852 -0.017685 -0.346960 0.133583 -0.013536 -0.350615 0.043979 -0.021760 0.157006 0.265329 0.003400 0.054664 0.269744 0.002231 0.054837 0.202517 -0.005997 0.340416 0.255883 -0.000273 0.253296 0.258521 0.006782 0.257974 0.199216 -0.002006 0.352941 0.123319 -0.007070 0.258966 0.127461 -0.012392 0.263910 0.041131 -0.003627 0.157248 0.131899 -0.010639 0.052178 0.120687 -0.008623 0.052855 0.040400 -0.008644 -0.382178 0.033621 0.101493 -0.390501 0.040621 0.025273 -0.384729 0.126709 0.027359 -0.391205 0.036117 0.291401 -0.374385 0.034319 0.192881 -0.396568 0.108127 0.187785 -0.377155 0.207046 0.293533 -0.375149 0.209955 0.189427 -0.375788 0.275552 0.193229 -0.367123 0.197659 0.099796 -0.382934 0.192764 0.024650 -0.367646 0.280005 0.039383 -0.381884 -0.265836 0.118282 -0.374181 -0.265392 0.045640 -0.401649 -0.205499 0.023725 -0.381471 -0.265879 0.301893 -0.381065 -0.265597 0.204020 -0.374451 -0.190568 0.203083 -0.391186 -0.127984 0.299077 -0.404610 -0.121505 0.201947 -0.388834 -0.049434 0.196752 -0.401706 -0.122506 0.109584 -0.402574 -0.126751 0.025209 -0.398626 -0.043873 0.024468 -0.383795 -0.263122 0.494064 -0.380893 -0.265003 0.398083 -0.384929 -0.200600 0.398849 -0.373797 -0.260160 0.673363 -0.374637 -0.260136 0.582895 -0.378812 -0.201844 0.589558 -0.366856 -0.138428 0.683185 -0.375367 -0.130225 0.594292 -0.374413 -0.046245 0.591693 -0.385292 -0.126381 0.497324 -0.384239 -0.127120 0.397188 -0.387613 -0.041948 0.397967 -0.058166 -0.324062 0.113226 -0.055689 -0.318503 0.043265 -0.159073 -0.312366 0.044112 -0.058074 -0.299585 0.322359 -0.059341 -0.309235 0.203397 -0.154122 -0.312660 0.209799 -0.251904 -0.304779 0.316592 -0.245496 -0.301145 0.209793 -0.328440 -0.302637 0.206712 -0.246398 -0.302551 0.119247 -0.251432 -0.303826 0.044816 -0.337616 -0.306987 0.049345 0.344826 -0.323997 0.114233 0.333801 -0.318511 0.047470 0.251524 -0.315896 0.041769 0.352719 -0.306324 0.293376 0.347855 -0.313347 0.195275 0.271260 -0.315357 0.200331 0.171808 -0.298373 0.303685 0.162747 -0.299762 0.196959 0.052195 -0.294038 0.200174 0.158297 -0.316958 0.114484 0.157295 -0.319837 0.043206 0.050016 -0.316155 0.043029 0.342861 -0.308444 0.493738 0.350265 -0.302249 0.392278 0.270168 -0.310639 0.396445 0.333877 -0.302490 0.676732 0.336048 -0.304980 0.588909 0.264204 -0.303312 0.590002 0.162502 -0.297732 0.678274 0.171084 -0.302728 0.606589 0.059214 -0.301519 0.590249 0.173408 -0.281608 0.500083 0.174456 -0.308147 0.382244 0.050292 -0.282433 0.416773 0.287036 -0.044121 0.722771 0.337493 -0.043231 0.719416 0.338895 -0.130893 0.722056 0.181610 -0.138877 0.703622 0.056296 -0.226424 0.717528 0.174786 -0.211246 0.727211 0.164143 -0.271790 0.720639 0.268531 -0.209166 0.722751 0.337853 -0.205976 0.719882 0.333990 -0.268424 0.722481 0.255010 0.271930 0.718935 0.333865 0.266734 0.719424 0.331213 0.207492 0.722783 0.053876 0.276505 0.717968 0.161820 0.275143 0.717515 0.162929 0.208534 0.716942 0.263112 0.132916 0.720518 0.331670 0.133415 0.718896 0.334750 0.044941 0.718873 -0.160930 0.277590 0.719337 -0.053638 0.277188 0.718238 -0.053429 0.208763 0.722602 -0.327776 0.269432 0.721084 -0.249717 0.274477 0.722774 -0.252031 0.208464 0.726214 -0.332103 0.132665 0.722516 -0.253144 0.132027 0.723234 -0.250990 0.043768 0.724886 -0.330382 0.044892 0.723484 -0.331522 0.208012 0.721815 -0.161724 0.206178 0.723271 0.276082 0.044044 0.721900 0.054554 0.211566 0.713232 0.255051 0.208517 0.719587 0.258146 -0.269551 0.722325 0.054811 -0.274695 0.720742 0.058415 -0.151551 0.700908 0.285883 -0.131514 0.723156 0.055638 -0.282568 0.501405 0.055813 -0.302816 0.677610 0.255668 -0.297393 0.677562 0.268994 -0.306800 0.496065 0.046455 -0.306757 0.109520 0.063216 -0.277430 0.310005 0.268668 -0.312906 0.297773 0.258352 -0.312330 0.111875 -0.337286 -0.307815 0.121677 -0.336197 -0.303824 0.306971 -0.156298 -0.301448 0.318330 -0.154696 -0.312282 0.117141 -0.376273 -0.046056 0.495899 -0.365227 -0.046432 0.681677 -0.367028 -0.208331 0.681841 -0.385487 -0.199855 0.495696 -0.384295 -0.041054 0.105536 -0.385288 -0.049082 0.294292 -0.378413 -0.191863 0.303311 -0.396860 -0.195731 0.113891 -0.370368 0.275550 0.107933 -0.376209 0.271950 0.294900 -0.374718 0.119058 0.292980 -0.380808 0.107169 0.095860 0.155408 0.039652 0.006149 0.354893 0.041433 -0.008166 0.344522 0.196331 -0.008387 0.158959 0.210985 -0.002489 -0.250885 0.041502 -0.024834 -0.053363 0.042108 -0.016354 -0.052777 0.203761 -0.012543 -0.261848 0.207257 -0.009960 -0.255365 -0.268232 0.002742 -0.057273 -0.274658 0.008476 -0.051383 -0.127042 -0.006859 -0.261107 -0.130311 -0.025296 0.383234 0.049729 0.489462 0.365323 0.044545 0.680423 0.371644 0.206356 0.678713 0.395171 0.203089 0.495044 0.402401 0.044569 0.108529 0.404103 0.043531 0.298575 0.393963 0.203077 0.298516 0.395260 0.193257 0.113300 0.373747 -0.282138 0.109940 0.376777 -0.264506 0.293690 0.398172 -0.129762 0.292895 0.405506 -0.131022 0.113693 -0.052066 0.312039 0.499387 -0.053099 0.319850 0.678137 -0.249747 0.306286 0.680489 -0.252422 0.315678 0.494392 -0.062164 0.302891 0.107709 -0.050788 0.294673 0.302946 -0.258995 0.317392 0.294232 -0.263936 0.325383 0.108089 0.343672 0.291427 0.116848 0.338758 0.299563 0.300962 0.158675 0.294314 0.309196 0.156986 0.292284 0.116195 0.338764 0.293161 0.494113 0.336131 0.293573 0.677178 0.160709 0.314449 0.675756 0.152582 0.299250 0.500915 0.378420 -0.269029 0.491592 0.364922 -0.262891 0.676578 0.360258 -0.130731 0.683313 0.383545 -0.140438 0.490673 0.156630 -0.281467 0.004491 0.333528 -0.280704 0.012792 0.345586 -0.128951 0.000132 0.157629 -0.130441 -0.006246 -0.376079 0.270176 0.489507 -0.366008 0.265971 0.672848 -0.363823 0.130725 0.680070 -0.382812 0.124876 0.496423 -0.342302 -0.300187 0.496645 -0.341711 -0.287590 0.670511 -0.164180 -0.292852 0.677455 -0.164366 -0.275242 0.509072 -0.163096 -0.271684 0.722686 -0.338549 -0.262683 0.724642 -0.332205 -0.139542 0.720753 -0.162258 -0.139711 0.698726 "
							            />
							<TextureCoordinate point="0.6824 0.9730 0.6830 0.9796 0.6765 0.9795 0.6757 0.9733 0.6818 0.9929 0.6814 0.9957 0.6760 0.9961 0.6764 0.9929 0.6677 0.9933 0.6676 0.9970 0.6659 0.9975 0.6649 0.9937 0.6667 0.9734 0.6670 0.9796 0.6645 0.9796 0.6648 0.9734 0.5653 0.7573 0.5652 0.7528 0.5713 0.7528 0.5717 0.7572 0.5854 0.7582 0.5853 0.7533 0.5890 0.7546 0.5888 0.7585 0.5853 0.7780 0.5860 0.7729 0.5892 0.7732 0.5892 0.7784 0.6117 0.9928 0.6113 0.9965 0.6063 0.9966 0.6070 0.9928 0.5962 0.9921 0.5963 0.9966 0.5938 0.9966 0.5929 0.9921 0.5954 0.9711 0.5948 0.9769 0.5922 0.9762 0.5913 0.9710 0.5939 0.8618 0.5897 0.8624 0.5903 0.8576 0.5939 0.8567 0.5943 0.8445 0.5911 0.8449 0.5910 0.8412 0.5946 0.8406 0.6144 0.8432 0.6084 0.8435 0.6089 0.8402 0.6141 0.8399 0.5986 0.7732 0.5952 0.7731 0.5949 0.7682 0.5990 0.7679 0.5996 0.7582 0.5949 0.7576 0.5952 0.7551 0.5997 0.7539 0.6207 0.7574 0.6151 0.7571 0.6149 0.7546 0.6207 0.7545 0.5078 0.8637 0.5033 0.8634 0.5037 0.8572 0.5078 0.8578 0.5075 0.8437 0.5030 0.8438 0.5034 0.8402 0.5072 0.8395 0.5283 0.8433 0.5227 0.8432 0.5231 0.8392 0.5285 0.8387 0.5502 0.8435 0.5448 0.8439 0.5452 0.8397 0.5512 0.8392 0.5710 0.8429 0.5668 0.8430 0.5669 0.8392 0.5705 0.8394 0.5713 0.8765 0.5719 0.8888 0.5619 0.8879 0.5615 0.8767 0.5069 0.9099 0.5024 0.9101 0.5025 0.9055 0.5065 0.9050 0.5074 0.8877 0.5027 0.8877 0.5030 0.8817 0.5076 0.8817 0.5275 0.8761 0.5276 0.8875 0.5172 0.8876 0.5173 0.8760 0.6433 0.7580 0.6376 0.7583 0.6383 0.7553 0.6438 0.7545 0.6644 0.7564 0.6598 0.7566 0.6604 0.7523 0.6639 0.7521 0.6635 0.7832 0.6640 0.7936 0.6529 0.7912 0.6536 0.7827 0.5992 0.8117 0.5942 0.8117 0.5946 0.8085 0.5990 0.8083 0.5989 0.7931 0.5946 0.7932 0.5950 0.7882 0.5993 0.7881 0.6206 0.7829 0.6208 0.7939 0.6091 0.7928 0.6093 0.7826 0.6387 0.8425 0.6321 0.8423 0.6319 0.8385 0.6378 0.8388 0.6611 0.8422 0.6564 0.8423 0.6563 0.8394 0.6607 0.8387 0.6630 0.8678 0.6626 0.8775 0.6522 0.8780 0.6521 0.8686 0.5959 0.8988 0.5909 0.8966 0.5903 0.8946 0.5950 0.8952 0.5940 0.8813 0.5892 0.8812 0.5889 0.8769 0.5935 0.8764 0.6160 0.8702 0.6166 0.8797 0.6043 0.8806 0.6044 0.8709 0.5947 0.9490 0.5950 0.9548 0.5918 0.9549 0.5906 0.9492 0.5940 0.9280 0.5942 0.9319 0.5892 0.9323 0.5885 0.9283 0.6218 0.9266 0.6301 0.9270 0.6314 0.9370 0.6218 0.9368 0.6504 0.9925 0.6510 0.9967 0.6482 0.9973 0.6480 0.9926 0.6319 0.9926 0.6320 0.9969 0.6266 0.9970 0.6267 0.9927 0.6220 0.9715 0.6316 0.9713 0.6317 0.9823 0.6220 0.9825 0.5847 0.7995 0.5843 0.7937 0.5878 0.7944 0.5883 0.8002 0.5850 0.8205 0.5851 0.8167 0.5891 0.8166 0.5886 0.8205 0.5534 0.8218 0.5415 0.8221 0.5407 0.8119 0.5534 0.8116 0.5175 0.7573 0.5172 0.7524 0.5228 0.7526 0.5220 0.7571 0.5403 0.7573 0.5405 0.7527 0.5464 0.7529 0.5464 0.7573 0.5527 0.7764 0.5403 0.7773 0.5399 0.7671 0.5526 0.7671 0.6834 0.9225 0.6834 0.9275 0.6784 0.9276 0.6784 0.9226 0.6811 0.9485 0.6805 0.9553 0.6749 0.9556 0.6743 0.9486 0.6665 0.9487 0.6663 0.9549 0.6645 0.9546 0.6645 0.9487 0.6676 0.9256 0.6674 0.9301 0.6649 0.9310 0.6646 0.9255 0.7219 0.9264 0.7219 0.9308 0.7182 0.9297 0.7183 0.9252 0.7221 0.9554 0.7132 0.9552 0.7133 0.9426 0.7221 0.9431 0.7221 0.9493 0.7030 0.9551 0.6923 0.9551 0.6928 0.9413 0.7031 0.9417 0.7032 0.9237 0.7032 0.9277 0.6982 0.9271 0.6982 0.9223 0.7212 0.9931 0.7208 0.9966 0.7178 0.9968 0.7177 0.9934 0.7027 0.9930 0.7026 0.9957 0.6976 0.9957 0.6977 0.9927 0.6977 0.9799 0.6928 0.9799 0.6926 0.9671 0.7029 0.9672 0.7026 0.9799 0.7029 0.9672 0.6926 0.9671 0.6923 0.9551 0.7030 0.9551 0.7130 0.9674 0.7029 0.9672 0.7030 0.9551 0.7132 0.9552 0.7075 0.9799 0.7026 0.9799 0.7029 0.9672 0.7130 0.9674 0.7125 0.9798 0.7026 0.9839 0.7026 0.9889 0.6977 0.9888 0.6977 0.9838 0.7126 0.9842 0.7126 0.9890 0.7077 0.9891 0.7075 0.9841 0.7126 0.9932 0.7128 0.9962 0.7077 0.9957 0.7076 0.9930 0.7214 0.9841 0.7206 0.9886 0.7176 0.9890 0.7176 0.9840 0.7289 0.9839 0.7285 0.9885 0.7252 0.9885 0.7251 0.9837 0.7282 0.9927 0.7278 0.9959 0.7246 0.9967 0.7247 0.9929 0.7295 0.9616 0.7295 0.9676 0.7257 0.9676 0.7258 0.9616 0.7294 0.9738 0.7293 0.9796 0.7254 0.9796 0.7255 0.9737 0.7034 0.9170 0.7033 0.9206 0.6983 0.9202 0.6984 0.9168 0.7134 0.9175 0.7133 0.9216 0.7083 0.9213 0.7084 0.9173 0.7132 0.9253 0.7133 0.9285 0.7081 0.9277 0.7082 0.9243 0.7031 0.9417 0.6928 0.9413 0.6932 0.9272 0.6982 0.9271 0.7032 0.9277 0.7133 0.9426 0.7031 0.9417 0.7032 0.9277 0.7081 0.9277 0.7133 0.9285 0.7132 0.9552 0.7030 0.9551 0.7031 0.9417 0.7133 0.9426 0.7221 0.9431 0.7133 0.9426 0.7133 0.9285 0.7182 0.9297 0.7219 0.9308 0.7219 0.9369 0.7294 0.9371 0.7295 0.9432 0.7258 0.9432 0.7257 0.9370 0.7295 0.9494 0.7295 0.9555 0.7258 0.9555 0.7258 0.9493 0.7219 0.9177 0.7220 0.9220 0.7184 0.9221 0.7185 0.9177 0.7287 0.9175 0.7289 0.9220 0.7254 0.9220 0.7253 0.9176 0.7291 0.9265 0.7294 0.9310 0.7257 0.9309 0.7255 0.9264 0.6678 0.9170 0.6677 0.9213 0.6649 0.9218 0.6650 0.9171 0.6749 0.9166 0.6748 0.9206 0.6712 0.9210 0.6713 0.9168 0.6745 0.9245 0.6746 0.9285 0.6710 0.9292 0.6712 0.9253 0.6670 0.9363 0.6668 0.9425 0.6646 0.9428 0.6647 0.9369 0.6739 0.9352 0.6730 0.9419 0.6699 0.9422 0.6704 0.9357 0.6720 0.9486 0.6715 0.9553 0.6690 0.9551 0.6694 0.9487 0.6827 0.9346 0.6820 0.9414 0.6758 0.9417 0.6771 0.9347 0.6928 0.9413 0.6820 0.9414 0.6827 0.9346 0.6834 0.9275 0.6883 0.9273 0.6932 0.9272 0.6923 0.9551 0.6805 0.9553 0.6811 0.9485 0.6820 0.9414 0.6928 0.9413 0.6834 0.9165 0.6834 0.9201 0.6784 0.9202 0.6785 0.9163 0.6934 0.9166 0.6933 0.9201 0.6884 0.9201 0.6884 0.9166 0.6933 0.9224 0.6932 0.9272 0.6883 0.9273 0.6883 0.9224 0.5408 0.7865 0.5403 0.7773 0.5527 0.7764 0.5524 0.7867 0.5399 0.7671 0.5403 0.7573 0.5464 0.7573 0.5527 0.7573 0.5526 0.7671 0.5282 0.7572 0.5286 0.7527 0.5346 0.7527 0.5343 0.7572 0.5166 0.7673 0.5175 0.7573 0.5220 0.7571 0.5282 0.7572 0.5272 0.7653 0.5086 0.7575 0.5088 0.7529 0.5134 0.7525 0.5130 0.7573 0.5412 0.8299 0.5415 0.8221 0.5534 0.8218 0.5531 0.8297 0.5472 0.8296 0.5407 0.8119 0.5396 0.7997 0.5530 0.7981 0.5534 0.8116 0.5158 0.8120 0.5161 0.8008 0.5273 0.8002 0.5283 0.8122 0.5851 0.8287 0.5851 0.8247 0.5883 0.8246 0.5884 0.8287 0.5840 0.8109 0.5845 0.8052 0.5889 0.8056 0.5892 0.8112 0.5640 0.8108 0.5642 0.7984 0.5751 0.7985 0.5745 0.8107 0.5270 0.7911 0.5272 0.7775 0.5403 0.7773 0.5408 0.7865 0.6309 0.9601 0.6316 0.9713 0.6220 0.9715 0.6208 0.9598 0.6317 0.9823 0.6319 0.9926 0.6267 0.9927 0.6216 0.9927 0.6220 0.9825 0.6424 0.9927 0.6428 0.9970 0.6374 0.9969 0.6373 0.9929 0.6496 0.9818 0.6504 0.9925 0.6480 0.9926 0.6424 0.9927 0.6418 0.9880 0.6413 0.9824 0.6564 0.9914 0.6566 0.9954 0.6537 0.9967 0.6538 0.9915 0.6306 0.9179 0.6301 0.9270 0.6218 0.9266 0.6209 0.9181 0.6258 0.9178 0.6314 0.9370 0.6315 0.9481 0.6216 0.9480 0.6218 0.9368 0.6481 0.9378 0.6483 0.9488 0.6406 0.9485 0.6397 0.9375 0.5935 0.9203 0.5937 0.9241 0.5890 0.9245 0.5895 0.9205 0.5941 0.9376 0.5944 0.9433 0.5896 0.9434 0.5883 0.9376 0.6133 0.9364 0.6121 0.9484 0.6021 0.9487 0.6016 0.9370 0.6282 0.8792 0.6166 0.8797 0.6160 0.8702 0.6275 0.8692 0.6043 0.8806 0.5940 0.8813 0.5935 0.8764 0.5936 0.8716 0.6044 0.8709 0.5946 0.8905 0.5899 0.8907 0.5897 0.8860 0.5943 0.8858 0.6059 0.8987 0.5959 0.8988 0.5950 0.8952 0.5946 0.8905 0.6053 0.8904 0.5968 0.9056 0.5925 0.9057 0.5923 0.9024 0.5962 0.9023 0.6738 0.8771 0.6626 0.8775 0.6630 0.8678 0.6736 0.8673 0.6737 0.8721 0.6522 0.8780 0.6402 0.8788 0.6398 0.8687 0.6521 0.8686 0.6527 0.8961 0.6412 0.8971 0.6406 0.8888 0.6523 0.8882 0.6707 0.8419 0.6659 0.8420 0.6655 0.8384 0.6697 0.8382 0.6505 0.8423 0.6443 0.8433 0.6440 0.8390 0.6500 0.8389 0.6518 0.8585 0.6390 0.8596 0.6389 0.8509 0.6507 0.8499 0.6315 0.7935 0.6208 0.7939 0.6206 0.7829 0.6318 0.7841 0.6091 0.7928 0.5989 0.7931 0.5993 0.7881 0.5992 0.7831 0.6093 0.7826 0.5990 0.8033 0.5948 0.8033 0.5948 0.7983 0.5992 0.7982 0.6097 0.8112 0.5992 0.8117 0.5990 0.8083 0.5990 0.8033 0.6102 0.8038 0.5993 0.8183 0.5945 0.8183 0.5946 0.8150 0.5995 0.8153 0.6722 0.7931 0.6640 0.7936 0.6635 0.7832 0.6721 0.7838 0.6721 0.7885 0.6529 0.7912 0.6427 0.7933 0.6425 0.7830 0.6536 0.7827 0.6536 0.8107 0.6426 0.8117 0.6427 0.8033 0.6536 0.8030 0.6712 0.7567 0.6675 0.7555 0.6675 0.7521 0.6709 0.7528 0.6542 0.7573 0.6492 0.7572 0.6493 0.7538 0.6548 0.7530 0.6536 0.7733 0.6435 0.7736 0.6422 0.7637 0.6541 0.7647 0.5385 0.8876 0.5276 0.8875 0.5275 0.8761 0.5383 0.8761 0.5172 0.8876 0.5074 0.8877 0.5076 0.8817 0.5077 0.8757 0.5173 0.8760 0.5068 0.8995 0.5028 0.8998 0.5025 0.8938 0.5072 0.8935 0.5171 0.9101 0.5069 0.9099 0.5065 0.9050 0.5068 0.8995 0.5168 0.8990 0.5076 0.9186 0.5028 0.9186 0.5026 0.9143 0.5072 0.9143 0.5795 0.8884 0.5719 0.8888 0.5713 0.8765 0.5792 0.8758 0.5792 0.8819 0.5619 0.8879 0.5501 0.8875 0.5495 0.8760 0.5615 0.8767 0.5622 0.9118 0.5508 0.9114 0.5508 0.9012 0.5621 0.9013 0.5799 0.8438 0.5756 0.8439 0.5758 0.8399 0.5806 0.8401 0.5616 0.8437 0.5556 0.8427 0.5559 0.8389 0.5615 0.8394 0.5609 0.8640 0.5493 0.8638 0.5493 0.8524 0.5608 0.8520 0.5390 0.8433 0.5337 0.8434 0.5341 0.8386 0.5390 0.8389 0.5177 0.8433 0.5126 0.8435 0.5124 0.8397 0.5180 0.8394 0.5077 0.8530 0.5032 0.8529 0.5029 0.8482 0.5076 0.8483 0.5169 0.8642 0.5078 0.8637 0.5078 0.8578 0.5077 0.8530 0.5175 0.8533 0.5077 0.8757 0.5030 0.8756 0.5031 0.8695 0.5078 0.8697 0.6319 0.7589 0.6262 0.7572 0.6260 0.7543 0.6322 0.7553 0.6100 0.7571 0.6051 0.7582 0.6039 0.7544 0.6097 0.7540 0.5995 0.7647 0.5951 0.7647 0.5949 0.7611 0.5998 0.7608 0.6096 0.7725 0.5986 0.7732 0.5990 0.7679 0.5995 0.7647 0.6107 0.7638 0.5992 0.7831 0.5952 0.7832 0.5950 0.7782 0.5993 0.7784 0.6261 0.8426 0.6203 0.8431 0.6202 0.8393 0.6260 0.8388 0.6036 0.8437 0.5992 0.8443 0.5990 0.8407 0.6035 0.8410 0.5942 0.8529 0.5905 0.8538 0.5904 0.8492 0.5946 0.8487 0.6039 0.8612 0.5939 0.8618 0.5939 0.8567 0.5942 0.8529 0.6038 0.8524 0.5936 0.8716 0.5887 0.8717 0.5891 0.8672 0.5938 0.8668 0.5951 0.9603 0.5954 0.9658 0.5913 0.9657 0.5921 0.9606 0.5956 0.9819 0.5954 0.9870 0.5927 0.9869 0.5926 0.9816 0.6032 0.9925 0.6034 0.9973 0.5996 0.9970 0.5994 0.9926 0.6123 0.9822 0.6117 0.9928 0.6070 0.9928 0.6032 0.9925 0.6034 0.9825 0.6216 0.9927 0.6216 0.9970 0.6165 0.9970 0.6166 0.9928 0.5850 0.7888 0.5849 0.7832 0.5892 0.7837 0.5882 0.7882 0.5855 0.7680 0.5856 0.7630 0.5882 0.7633 0.5888 0.7683 0.5761 0.7576 0.5761 0.7530 0.5806 0.7530 0.5808 0.7580 0.5656 0.7661 0.5653 0.7573 0.5717 0.7572 0.5761 0.7576 0.5769 0.7674 0.5527 0.7573 0.5527 0.7530 0.5590 0.7528 0.5590 0.7573 0.6664 0.9611 0.6666 0.9672 0.6647 0.9671 0.6643 0.9609 0.6718 0.9613 0.6726 0.9673 0.6697 0.9672 0.6692 0.9612 0.6732 0.9734 0.6743 0.9795 0.6706 0.9795 0.6702 0.9734 0.6673 0.9842 0.6675 0.9888 0.6650 0.9890 0.6649 0.9843 0.6741 0.9832 0.6738 0.9888 0.6706 0.9887 0.6706 0.9841 0.6736 0.9932 0.6732 0.9957 0.6705 0.9957 0.6706 0.9932 0.6826 0.9835 0.6822 0.9888 0.6766 0.9885 0.6775 0.9832 0.6927 0.9837 0.6925 0.9888 0.6873 0.9888 0.6877 0.9835 0.6923 0.9928 0.6922 0.9957 0.6868 0.9957 0.6872 0.9929 0.6813 0.9613 0.6819 0.9672 0.6755 0.9673 0.6748 0.9614 0.6926 0.9671 0.6819 0.9672 0.6813 0.9613 0.6805 0.9553 0.6923 0.9551 0.6879 0.9798 0.6830 0.9796 0.6824 0.9730 0.6819 0.9672 0.6926 0.9671 0.6928 0.9799 0.6805 0.9553 0.6813 0.9613 0.6748 0.9614 0.6749 0.9556 0.6925 0.9888 0.6923 0.9928 0.6872 0.9929 0.6873 0.9888 0.6977 0.9888 0.6977 0.9927 0.6923 0.9928 0.6925 0.9888 0.6977 0.9927 0.6976 0.9957 0.6922 0.9957 0.6923 0.9928 0.6928 0.9799 0.6927 0.9837 0.6877 0.9835 0.6879 0.9798 0.6977 0.9799 0.6977 0.9838 0.6927 0.9837 0.6928 0.9799 0.6977 0.9838 0.6977 0.9888 0.6925 0.9888 0.6927 0.9837 0.6830 0.9796 0.6826 0.9835 0.6775 0.9832 0.6765 0.9795 0.6879 0.9798 0.6877 0.9835 0.6826 0.9835 0.6830 0.9796 0.6877 0.9835 0.6873 0.9888 0.6822 0.9888 0.6826 0.9835 0.6738 0.9888 0.6736 0.9932 0.6706 0.9932 0.6706 0.9887 0.6766 0.9885 0.6764 0.9929 0.6736 0.9932 0.6738 0.9888 0.6764 0.9929 0.6760 0.9961 0.6732 0.9957 0.6736 0.9932 0.6743 0.9795 0.6741 0.9832 0.6706 0.9841 0.6706 0.9795 0.6765 0.9795 0.6775 0.9832 0.6741 0.9832 0.6743 0.9795 0.6775 0.9832 0.6766 0.9885 0.6738 0.9888 0.6741 0.9832 0.6670 0.9796 0.6673 0.9842 0.6649 0.9843 0.6645 0.9796 0.6706 0.9795 0.6706 0.9841 0.6673 0.9842 0.6670 0.9796 0.6706 0.9841 0.6706 0.9887 0.6675 0.9888 0.6673 0.9842 0.6726 0.9673 0.6732 0.9734 0.6702 0.9734 0.6697 0.9672 0.6755 0.9673 0.6757 0.9733 0.6732 0.9734 0.6726 0.9673 0.6757 0.9733 0.6765 0.9795 0.6743 0.9795 0.6732 0.9734 0.6715 0.9553 0.6718 0.9613 0.6692 0.9612 0.6690 0.9551 0.6749 0.9556 0.6748 0.9614 0.6718 0.9613 0.6715 0.9553 0.6748 0.9614 0.6755 0.9673 0.6726 0.9673 0.6718 0.9613 0.6663 0.9549 0.6664 0.9611 0.6643 0.9609 0.6645 0.9546 0.6690 0.9551 0.6692 0.9612 0.6664 0.9611 0.6663 0.9549 0.6692 0.9612 0.6697 0.9672 0.6666 0.9672 0.6664 0.9611 0.5408 0.7865 0.5524 0.7867 0.5530 0.7981 0.5396 0.7997 0.5524 0.7867 0.5642 0.7868 0.5642 0.7984 0.5530 0.7981 0.5464 0.7573 0.5464 0.7529 0.5527 0.7530 0.5527 0.7573 0.5527 0.7764 0.5526 0.7671 0.5656 0.7661 0.5650 0.7765 0.5717 0.7572 0.5713 0.7528 0.5761 0.7530 0.5761 0.7576 0.5769 0.7674 0.5855 0.7680 0.5860 0.7729 0.5853 0.7780 0.5771 0.7773 0.5656 0.7661 0.5769 0.7674 0.5771 0.7773 0.5650 0.7765 0.5860 0.7729 0.5855 0.7680 0.5888 0.7683 0.5892 0.7732 0.5642 0.7868 0.5752 0.7873 0.5751 0.7985 0.5642 0.7984 0.5843 0.7937 0.5850 0.7888 0.5882 0.7882 0.5878 0.7944 0.5752 0.7873 0.5850 0.7888 0.5843 0.7937 0.5847 0.7995 0.5751 0.7985 0.6309 0.9601 0.6208 0.9598 0.6216 0.9480 0.6315 0.9481 0.6208 0.9598 0.6115 0.9604 0.6121 0.9484 0.6216 0.9480 0.6267 0.9927 0.6266 0.9970 0.6216 0.9970 0.6216 0.9927 0.6220 0.9715 0.6220 0.9825 0.6123 0.9822 0.6119 0.9715 0.6070 0.9928 0.6063 0.9966 0.6034 0.9973 0.6032 0.9925 0.6034 0.9825 0.5956 0.9819 0.5948 0.9769 0.5954 0.9711 0.6032 0.9717 0.6123 0.9822 0.6034 0.9825 0.6032 0.9717 0.6119 0.9715 0.5948 0.9769 0.5956 0.9819 0.5926 0.9816 0.5922 0.9762 0.6115 0.9604 0.6026 0.9603 0.6021 0.9487 0.6121 0.9484 0.5950 0.9548 0.5951 0.9603 0.5921 0.9606 0.5918 0.9549 0.6026 0.9603 0.5951 0.9603 0.5950 0.9548 0.5947 0.9490 0.6021 0.9487 0.6282 0.8792 0.6275 0.8692 0.6398 0.8687 0.6402 0.8788 0.6275 0.8692 0.6272 0.8598 0.6390 0.8596 0.6398 0.8687 0.5935 0.8764 0.5889 0.8769 0.5887 0.8717 0.5936 0.8716 0.6160 0.8702 0.6044 0.8709 0.6039 0.8612 0.6153 0.8604 0.5939 0.8567 0.5903 0.8576 0.5905 0.8538 0.5942 0.8529 0.6038 0.8524 0.6036 0.8437 0.6084 0.8435 0.6144 0.8432 0.6148 0.8516 0.6039 0.8612 0.6038 0.8524 0.6148 0.8516 0.6153 0.8604 0.6084 0.8435 0.6036 0.8437 0.6035 0.8410 0.6089 0.8402 0.6272 0.8598 0.6267 0.8509 0.6389 0.8509 0.6390 0.8596 0.6321 0.8423 0.6261 0.8426 0.6260 0.8388 0.6319 0.8385 0.6267 0.8509 0.6261 0.8426 0.6321 0.8423 0.6387 0.8425 0.6389 0.8509 0.6315 0.7935 0.6318 0.7841 0.6425 0.7830 0.6427 0.7933 0.6318 0.7841 0.6312 0.7726 0.6435 0.7736 0.6425 0.7830 0.5993 0.7881 0.5950 0.7882 0.5952 0.7832 0.5992 0.7831 0.6206 0.7829 0.6093 0.7826 0.6096 0.7725 0.6208 0.7720 0.5990 0.7679 0.5949 0.7682 0.5951 0.7647 0.5995 0.7647 0.6107 0.7638 0.6100 0.7571 0.6151 0.7571 0.6207 0.7574 0.6207 0.7641 0.6096 0.7725 0.6107 0.7638 0.6207 0.7641 0.6208 0.7720 0.6151 0.7571 0.6100 0.7571 0.6097 0.7540 0.6149 0.7546 0.6312 0.7726 0.6314 0.7645 0.6422 0.7637 0.6435 0.7736 0.6376 0.7583 0.6319 0.7589 0.6322 0.7553 0.6383 0.7553 0.6314 0.7645 0.6319 0.7589 0.6376 0.7583 0.6433 0.7580 0.6422 0.7637 0.5385 0.8876 0.5383 0.8761 0.5495 0.8760 0.5501 0.8875 0.5383 0.8761 0.5380 0.8640 0.5493 0.8638 0.5495 0.8760 0.5076 0.8817 0.5030 0.8817 0.5030 0.8756 0.5077 0.8757 0.5275 0.8761 0.5173 0.8760 0.5169 0.8642 0.5275 0.8644 0.5078 0.8578 0.5037 0.8572 0.5032 0.8529 0.5077 0.8530 0.5175 0.8533 0.5177 0.8433 0.5227 0.8432 0.5283 0.8433 0.5277 0.8533 0.5169 0.8642 0.5175 0.8533 0.5277 0.8533 0.5275 0.8644 0.5227 0.8432 0.5177 0.8433 0.5180 0.8394 0.5231 0.8392 0.5380 0.8640 0.5383 0.8530 0.5493 0.8524 0.5493 0.8638 0.5448 0.8439 0.5390 0.8433 0.5390 0.8389 0.5452 0.8397 0.5383 0.8530 0.5390 0.8433 0.5448 0.8439 0.5502 0.8435 0.5493 0.8524 0.5823 0.8756 0.5792 0.8758 0.5792 0.8700 0.5824 0.8697 0.5821 0.8814 0.5792 0.8819 0.5792 0.8758 0.5823 0.8756 0.5826 0.8638 0.5792 0.8639 0.5792 0.8579 0.5826 0.8581 0.5824 0.8697 0.5792 0.8700 0.5792 0.8639 0.5826 0.8638 0.5713 0.8765 0.5615 0.8767 0.5609 0.8640 0.5710 0.8640 0.5608 0.8520 0.5616 0.8437 0.5668 0.8430 0.5710 0.8429 0.5709 0.8529 0.5609 0.8640 0.5608 0.8520 0.5709 0.8529 0.5710 0.8640 0.5668 0.8430 0.5616 0.8437 0.5615 0.8394 0.5669 0.8392 0.5826 0.8534 0.5794 0.8535 0.5797 0.8483 0.5826 0.8486 0.5826 0.8581 0.5792 0.8579 0.5794 0.8535 0.5826 0.8534 0.5830 0.8436 0.5799 0.8438 0.5806 0.8401 0.5838 0.8401 0.5826 0.8486 0.5797 0.8483 0.5799 0.8438 0.5830 0.8436 0.5754 0.9219 0.5716 0.9218 0.5717 0.9195 0.5757 0.9196 0.5716 0.9218 0.5676 0.9225 0.5677 0.9194 0.5717 0.9195 0.5832 0.9196 0.5795 0.9196 0.5798 0.9158 0.5836 0.9160 0.5823 0.9225 0.5794 0.9222 0.5795 0.9196 0.5832 0.9196 0.5794 0.9222 0.5754 0.9219 0.5757 0.9196 0.5795 0.9196 0.5838 0.9111 0.5801 0.9120 0.5805 0.9084 0.5837 0.9085 0.5836 0.9160 0.5798 0.9158 0.5801 0.9120 0.5838 0.9111 0.5564 0.9220 0.5505 0.9224 0.5507 0.9195 0.5563 0.9202 0.5505 0.9224 0.5448 0.9234 0.5447 0.9196 0.5507 0.9195 0.5676 0.9225 0.5624 0.9215 0.5621 0.9194 0.5677 0.9194 0.5624 0.9215 0.5564 0.9220 0.5563 0.9202 0.5621 0.9194 0.5677 0.9194 0.5621 0.9194 0.5622 0.9118 0.5719 0.9118 0.5717 0.9195 0.5393 0.9098 0.5393 0.9000 0.5508 0.9012 0.5508 0.9114 0.5621 0.9013 0.5619 0.8879 0.5719 0.8888 0.5724 0.9012 0.5622 0.9118 0.5621 0.9013 0.5724 0.9012 0.5719 0.9118 0.5828 0.9016 0.5802 0.9016 0.5798 0.8952 0.5831 0.8948 0.5837 0.9085 0.5805 0.9084 0.5802 0.9016 0.5828 0.9016 0.5831 0.8882 0.5795 0.8884 0.5792 0.8819 0.5821 0.8814 0.5831 0.8948 0.5798 0.8952 0.5795 0.8884 0.5831 0.8882 0.5339 0.9242 0.5286 0.9240 0.5283 0.9196 0.5338 0.9196 0.5286 0.9240 0.5234 0.9236 0.5228 0.9195 0.5283 0.9196 0.5448 0.9234 0.5391 0.9242 0.5394 0.9196 0.5447 0.9196 0.5391 0.9242 0.5339 0.9242 0.5338 0.9196 0.5394 0.9196 0.5447 0.9196 0.5394 0.9196 0.5393 0.9098 0.5508 0.9114 0.5507 0.9195 0.5128 0.9225 0.5078 0.9217 0.5076 0.9186 0.5126 0.9189 0.5078 0.9217 0.5032 0.9217 0.5028 0.9186 0.5076 0.9186 0.5234 0.9236 0.5180 0.9234 0.5177 0.9192 0.5228 0.9195 0.5180 0.9234 0.5128 0.9225 0.5126 0.9189 0.5177 0.9192 0.5228 0.9195 0.5177 0.9192 0.5171 0.9101 0.5280 0.9104 0.5283 0.9196 0.5065 0.9050 0.5025 0.9055 0.5028 0.8998 0.5068 0.8995 0.5168 0.8990 0.5172 0.8876 0.5276 0.8875 0.5274 0.8994 0.5171 0.9101 0.5168 0.8990 0.5274 0.8994 0.5280 0.9104 0.5508 0.9012 0.5393 0.9000 0.5385 0.8876 0.5501 0.8875 0.6762 0.7836 0.6721 0.7838 0.6722 0.7790 0.6760 0.7791 0.6756 0.7888 0.6721 0.7885 0.6721 0.7838 0.6762 0.7836 0.6761 0.7744 0.6722 0.7741 0.6724 0.7693 0.6762 0.7695 0.6760 0.7791 0.6722 0.7790 0.6722 0.7741 0.6761 0.7744 0.6635 0.7832 0.6536 0.7827 0.6536 0.7733 0.6636 0.7738 0.6541 0.7647 0.6542 0.7573 0.6598 0.7566 0.6644 0.7564 0.6638 0.7649 0.6536 0.7733 0.6541 0.7647 0.6638 0.7649 0.6636 0.7738 0.6598 0.7566 0.6542 0.7573 0.6548 0.7530 0.6604 0.7523 0.6756 0.7657 0.6720 0.7652 0.6716 0.7609 0.6746 0.7612 0.6762 0.7695 0.6724 0.7693 0.6720 0.7652 0.6756 0.7657 0.6745 0.7569 0.6712 0.7567 0.6709 0.7528 0.6742 0.7532 0.6746 0.7612 0.6716 0.7609 0.6712 0.7567 0.6745 0.7569 0.6680 0.8211 0.6627 0.8212 0.6635 0.8184 0.6677 0.8175 0.6627 0.8212 0.6591 0.8217 0.6595 0.8194 0.6635 0.8184 0.6762 0.8178 0.6731 0.8183 0.6732 0.8147 0.6757 0.8146 0.6761 0.8208 0.6729 0.8209 0.6731 0.8183 0.6762 0.8178 0.6729 0.8209 0.6680 0.8211 0.6677 0.8175 0.6731 0.8183 0.6758 0.8086 0.6725 0.8102 0.6724 0.8070 0.6760 0.8065 0.6757 0.8146 0.6732 0.8147 0.6725 0.8102 0.6758 0.8086 0.6481 0.8223 0.6433 0.8219 0.6428 0.8190 0.6482 0.8191 0.6433 0.8219 0.6373 0.8219 0.6373 0.8188 0.6428 0.8190 0.6591 0.8217 0.6538 0.8222 0.6534 0.8185 0.6595 0.8194 0.6538 0.8222 0.6481 0.8223 0.6482 0.8191 0.6534 0.8185 0.6595 0.8194 0.6534 0.8185 0.6536 0.8107 0.6636 0.8105 0.6635 0.8184 0.6315 0.8114 0.6316 0.8037 0.6427 0.8033 0.6426 0.8117 0.6536 0.8030 0.6529 0.7912 0.6640 0.7936 0.6635 0.8027 0.6536 0.8107 0.6536 0.8030 0.6635 0.8027 0.6636 0.8105 0.6761 0.8026 0.6724 0.8025 0.6723 0.7978 0.6761 0.7979 0.6760 0.8065 0.6724 0.8070 0.6724 0.8025 0.6761 0.8026 0.6758 0.7931 0.6722 0.7931 0.6721 0.7885 0.6756 0.7888 0.6761 0.7979 0.6723 0.7978 0.6722 0.7931 0.6758 0.7931 0.6261 0.8216 0.6204 0.8213 0.6206 0.8187 0.6259 0.8186 0.6204 0.8213 0.6150 0.8212 0.6146 0.8182 0.6206 0.8187 0.6373 0.8219 0.6310 0.8210 0.6318 0.8192 0.6373 0.8188 0.6310 0.8210 0.6261 0.8216 0.6259 0.8186 0.6318 0.8192 0.6373 0.8188 0.6318 0.8192 0.6315 0.8114 0.6426 0.8117 0.6428 0.8190 0.6043 0.8209 0.5990 0.8208 0.5993 0.8183 0.6044 0.8182 0.5990 0.8208 0.5951 0.8207 0.5945 0.8183 0.5993 0.8183 0.6150 0.8212 0.6099 0.8205 0.6095 0.8182 0.6146 0.8182 0.6099 0.8205 0.6043 0.8209 0.6044 0.8182 0.6095 0.8182 0.6146 0.8182 0.6095 0.8182 0.6097 0.8112 0.6202 0.8114 0.6206 0.8187 0.5990 0.8083 0.5946 0.8085 0.5948 0.8033 0.5990 0.8033 0.6102 0.8038 0.6091 0.7928 0.6208 0.7939 0.6203 0.8031 0.6097 0.8112 0.6102 0.8038 0.6203 0.8031 0.6202 0.8114 0.6427 0.8033 0.6316 0.8037 0.6315 0.7935 0.6427 0.7933 0.6783 0.8670 0.6736 0.8673 0.6735 0.8625 0.6781 0.8620 0.6780 0.8718 0.6737 0.8721 0.6736 0.8673 0.6783 0.8670 0.6781 0.8571 0.6736 0.8570 0.6735 0.8533 0.6780 0.8522 0.6781 0.8620 0.6735 0.8625 0.6736 0.8570 0.6781 0.8571 0.6630 0.8678 0.6521 0.8686 0.6518 0.8585 0.6627 0.8582 0.6507 0.8499 0.6505 0.8423 0.6564 0.8423 0.6611 0.8422 0.6620 0.8497 0.6518 0.8585 0.6507 0.8499 0.6620 0.8497 0.6627 0.8582 0.6564 0.8423 0.6505 0.8423 0.6500 0.8389 0.6563 0.8394 0.6789 0.8503 0.6723 0.8493 0.6715 0.8454 0.6746 0.8439 0.6780 0.8522 0.6735 0.8533 0.6723 0.8493 0.6789 0.8503 0.6746 0.8428 0.6707 0.8419 0.6697 0.8382 0.6734 0.8385 0.6746 0.8439 0.6715 0.8454 0.6707 0.8419 0.6746 0.8428 0.6700 0.9084 0.6652 0.9093 0.6663 0.9048 0.6697 0.9046 0.6652 0.9093 0.6627 0.9086 0.6615 0.9039 0.6663 0.9048 0.6765 0.9045 0.6738 0.9045 0.6740 0.9004 0.6775 0.9001 0.6766 0.9077 0.6737 0.9084 0.6738 0.9045 0.6765 0.9045 0.6737 0.9084 0.6700 0.9084 0.6697 0.9046 0.6738 0.9045 0.6777 0.8952 0.6741 0.8967 0.6742 0.8924 0.6789 0.8921 0.6775 0.9001 0.6740 0.9004 0.6741 0.8967 0.6777 0.8952 0.6489 0.9081 0.6423 0.9079 0.6418 0.9054 0.6483 0.9050 0.6423 0.9079 0.6354 0.9089 0.6356 0.9056 0.6418 0.9054 0.6627 0.9086 0.6557 0.9083 0.6548 0.9047 0.6615 0.9039 0.6557 0.9083 0.6489 0.9081 0.6483 0.9050 0.6548 0.9047 0.6615 0.9039 0.6548 0.9047 0.6527 0.8961 0.6649 0.8962 0.6663 0.9048 0.6289 0.8977 0.6287 0.8883 0.6406 0.8888 0.6412 0.8971 0.6523 0.8882 0.6522 0.8780 0.6626 0.8775 0.6644 0.8873 0.6527 0.8961 0.6523 0.8882 0.6644 0.8873 0.6649 0.8962 0.6780 0.8875 0.6741 0.8873 0.6740 0.8822 0.6782 0.8821 0.6789 0.8921 0.6742 0.8924 0.6741 0.8873 0.6780 0.8875 0.6785 0.8768 0.6738 0.8771 0.6737 0.8721 0.6780 0.8718 0.6782 0.8821 0.6740 0.8822 0.6738 0.8771 0.6785 0.8768 0.6237 0.9083 0.6178 0.9081 0.6178 0.9056 0.6235 0.9055 0.6178 0.9081 0.6120 0.9081 0.6117 0.9056 0.6178 0.9056 0.6354 0.9089 0.6296 0.9084 0.6293 0.9054 0.6356 0.9056 0.6296 0.9084 0.6237 0.9083 0.6235 0.9055 0.6293 0.9054 0.6356 0.9056 0.6293 0.9054 0.6289 0.8977 0.6412 0.8971 0.6418 0.9054 0.6024 0.9084 0.5974 0.9084 0.5968 0.9056 0.6016 0.9045 0.5974 0.9084 0.5938 0.9085 0.5925 0.9057 0.5968 0.9056 0.6120 0.9081 0.6073 0.9084 0.6068 0.9055 0.6117 0.9056 0.6073 0.9084 0.6024 0.9084 0.6016 0.9045 0.6068 0.9055 0.6117 0.9056 0.6068 0.9055 0.6059 0.8987 0.6172 0.8994 0.6178 0.9056 0.5950 0.8952 0.5903 0.8946 0.5899 0.8907 0.5946 0.8905 0.6053 0.8904 0.6043 0.8806 0.6166 0.8797 0.6168 0.8903 0.6059 0.8987 0.6053 0.8904 0.6168 0.8903 0.6172 0.8994 0.6406 0.8888 0.6287 0.8883 0.6282 0.8792 0.6402 0.8788 0.6206 0.9151 0.6209 0.9181 0.6160 0.9184 0.6154 0.9154 0.6256 0.9143 0.6258 0.9178 0.6209 0.9181 0.6206 0.9151 0.6100 0.9157 0.6111 0.9186 0.6063 0.9196 0.6053 0.9166 0.6154 0.9154 0.6160 0.9184 0.6111 0.9186 0.6100 0.9157 0.6218 0.9266 0.6218 0.9368 0.6133 0.9364 0.6137 0.9261 0.6016 0.9370 0.5941 0.9376 0.5942 0.9319 0.5940 0.9280 0.6026 0.9271 0.6133 0.9364 0.6016 0.9370 0.6026 0.9271 0.6137 0.9261 0.5942 0.9319 0.5941 0.9376 0.5883 0.9376 0.5892 0.9323 0.6021 0.9163 0.6035 0.9188 0.5969 0.9201 0.5973 0.9173 0.6053 0.9166 0.6063 0.9196 0.6035 0.9188 0.6021 0.9163 0.5928 0.9170 0.5935 0.9203 0.5895 0.9205 0.5897 0.9177 0.5973 0.9173 0.5969 0.9201 0.5935 0.9203 0.5928 0.9170 0.6603 0.9242 0.6602 0.9283 0.6565 0.9280 0.6565 0.9238 0.6602 0.9283 0.6600 0.9322 0.6564 0.9322 0.6565 0.9280 0.6557 0.9163 0.6568 0.9196 0.6525 0.9187 0.6547 0.9158 0.6600 0.9174 0.6601 0.9201 0.6568 0.9196 0.6557 0.9163 0.6601 0.9201 0.6603 0.9242 0.6565 0.9238 0.6568 0.9196 0.6469 0.9151 0.6491 0.9172 0.6448 0.9175 0.6453 0.9138 0.6547 0.9158 0.6525 0.9187 0.6491 0.9172 0.6469 0.9151 0.6598 0.9432 0.6603 0.9486 0.6568 0.9487 0.6568 0.9432 0.6603 0.9486 0.6602 0.9544 0.6569 0.9544 0.6568 0.9487 0.6600 0.9322 0.6598 0.9376 0.6568 0.9377 0.6564 0.9322 0.6598 0.9376 0.6598 0.9432 0.6568 0.9432 0.6568 0.9377 0.6564 0.9322 0.6568 0.9377 0.6481 0.9378 0.6483 0.9274 0.6565 0.9280 0.6493 0.9599 0.6407 0.9599 0.6406 0.9485 0.6483 0.9488 0.6397 0.9375 0.6314 0.9370 0.6301 0.9270 0.6399 0.9273 0.6481 0.9378 0.6397 0.9375 0.6399 0.9273 0.6483 0.9274 0.6404 0.9139 0.6401 0.9176 0.6355 0.9178 0.6354 0.9142 0.6453 0.9138 0.6448 0.9175 0.6401 0.9176 0.6404 0.9139 0.6305 0.9145 0.6306 0.9179 0.6258 0.9178 0.6256 0.9143 0.6354 0.9142 0.6355 0.9178 0.6306 0.9179 0.6305 0.9145 0.6598 0.9654 0.6597 0.9706 0.6564 0.9708 0.6566 0.9653 0.6597 0.9706 0.6591 0.9760 0.6559 0.9762 0.6564 0.9708 0.6602 0.9544 0.6601 0.9607 0.6567 0.9599 0.6569 0.9544 0.6601 0.9607 0.6598 0.9654 0.6566 0.9653 0.6567 0.9599 0.6569 0.9544 0.6567 0.9599 0.6493 0.9599 0.6483 0.9488 0.6568 0.9487 0.6589 0.9859 0.6584 0.9907 0.6564 0.9914 0.6565 0.9862 0.6584 0.9907 0.6582 0.9947 0.6566 0.9954 0.6564 0.9914 0.6591 0.9760 0.6587 0.9808 0.6563 0.9810 0.6559 0.9762 0.6587 0.9808 0.6589 0.9859 0.6565 0.9862 0.6563 0.9810 0.6559 0.9762 0.6563 0.9810 0.6496 0.9818 0.6492 0.9710 0.6564 0.9708 0.6480 0.9926 0.6482 0.9973 0.6428 0.9970 0.6424 0.9927 0.6413 0.9824 0.6317 0.9823 0.6316 0.9713 0.6408 0.9713 0.6496 0.9818 0.6413 0.9824 0.6408 0.9713 0.6492 0.9710 0.6406 0.9485 0.6407 0.9599 0.6309 0.9601 0.6315 0.9481 0.5527 0.8328 0.5531 0.8297 0.5589 0.8297 0.5589 0.8333 0.5467 0.8325 0.5472 0.8296 0.5531 0.8297 0.5527 0.8328 0.5650 0.8330 0.5649 0.8296 0.5707 0.8297 0.5712 0.8334 0.5589 0.8333 0.5589 0.8297 0.5649 0.8296 0.5650 0.8330 0.5534 0.8218 0.5534 0.8116 0.5640 0.8108 0.5642 0.8213 0.5745 0.8107 0.5840 0.8109 0.5851 0.8167 0.5850 0.8205 0.5747 0.8209 0.5640 0.8108 0.5745 0.8107 0.5747 0.8209 0.5642 0.8213 0.5851 0.8167 0.5840 0.8109 0.5892 0.8112 0.5891 0.8166 0.5757 0.8329 0.5754 0.8294 0.5798 0.8293 0.5805 0.8328 0.5712 0.8334 0.5707 0.8297 0.5754 0.8294 0.5757 0.8329 0.5848 0.8327 0.5851 0.8287 0.5884 0.8287 0.5883 0.8314 0.5805 0.8328 0.5798 0.8293 0.5851 0.8287 0.5848 0.8327 0.5034 0.8256 0.5027 0.8220 0.5074 0.8219 0.5081 0.8257 0.5027 0.8220 0.5028 0.8185 0.5069 0.8182 0.5074 0.8219 0.5094 0.8327 0.5087 0.8295 0.5139 0.8298 0.5138 0.8331 0.5059 0.8320 0.5046 0.8289 0.5087 0.8295 0.5094 0.8327 0.5046 0.8289 0.5034 0.8256 0.5081 0.8257 0.5087 0.8295 0.5182 0.8333 0.5181 0.8302 0.5230 0.8303 0.5238 0.8338 0.5138 0.8331 0.5139 0.8298 0.5181 0.8302 0.5182 0.8333 0.5028 0.8073 0.5026 0.8017 0.5064 0.8014 0.5067 0.8070 0.5026 0.8017 0.5026 0.7962 0.5065 0.7957 0.5064 0.8014 0.5028 0.8185 0.5030 0.8129 0.5070 0.8126 0.5069 0.8182 0.5030 0.8129 0.5028 0.8073 0.5067 0.8070 0.5070 0.8126 0.5069 0.8182 0.5070 0.8126 0.5158 0.8120 0.5174 0.8221 0.5074 0.8219 0.5159 0.7894 0.5270 0.7911 0.5273 0.8002 0.5161 0.8008 0.5283 0.8122 0.5407 0.8119 0.5415 0.8221 0.5288 0.8218 0.5158 0.8120 0.5283 0.8122 0.5288 0.8218 0.5174 0.8221 0.5289 0.8332 0.5290 0.8300 0.5352 0.8299 0.5350 0.8333 0.5238 0.8338 0.5230 0.8303 0.5290 0.8300 0.5289 0.8332 0.5409 0.8331 0.5412 0.8299 0.5472 0.8296 0.5467 0.8325 0.5350 0.8333 0.5352 0.8299 0.5412 0.8299 0.5409 0.8331 0.5041 0.7838 0.5042 0.7786 0.5076 0.7783 0.5073 0.7841 0.5042 0.7786 0.5047 0.7728 0.5079 0.7726 0.5076 0.7783 0.5026 0.7962 0.5038 0.7902 0.5066 0.7899 0.5065 0.7957 0.5038 0.7902 0.5041 0.7838 0.5073 0.7841 0.5066 0.7899 0.5065 0.7957 0.5066 0.7899 0.5159 0.7894 0.5161 0.8008 0.5064 0.8014 0.5058 0.7618 0.5057 0.7576 0.5086 0.7575 0.5085 0.7625 0.5057 0.7576 0.5054 0.7529 0.5088 0.7529 0.5086 0.7575 0.5047 0.7728 0.5059 0.7676 0.5084 0.7675 0.5079 0.7726 0.5059 0.7676 0.5058 0.7618 0.5085 0.7625 0.5084 0.7675 0.5079 0.7726 0.5084 0.7675 0.5166 0.7673 0.5160 0.7780 0.5076 0.7783 0.5220 0.7571 0.5228 0.7526 0.5286 0.7527 0.5282 0.7572 0.5272 0.7653 0.5399 0.7671 0.5403 0.7773 0.5272 0.7775 0.5166 0.7673 0.5272 0.7653 0.5272 0.7775 0.5160 0.7780 0.5273 0.8002 0.5270 0.7911 0.5408 0.7865 0.5396 0.7997 0.6933 0.9201 0.6933 0.9224 0.6883 0.9224 0.6884 0.9201 0.6983 0.9202 0.6982 0.9223 0.6933 0.9224 0.6933 0.9201 0.6982 0.9223 0.6982 0.9271 0.6932 0.9272 0.6933 0.9224 0.6934 0.9143 0.6934 0.9166 0.6884 0.9166 0.6885 0.9144 0.6984 0.9144 0.6984 0.9168 0.6934 0.9166 0.6934 0.9143 0.6984 0.9168 0.6983 0.9202 0.6933 0.9201 0.6934 0.9166 0.6833 0.9140 0.6834 0.9165 0.6785 0.9163 0.6785 0.9141 0.6885 0.9144 0.6884 0.9166 0.6834 0.9165 0.6833 0.9140 0.6884 0.9166 0.6884 0.9201 0.6834 0.9201 0.6834 0.9165 0.6834 0.9275 0.6827 0.9346 0.6771 0.9347 0.6784 0.9276 0.6730 0.9419 0.6720 0.9486 0.6694 0.9487 0.6699 0.9422 0.6758 0.9417 0.6743 0.9486 0.6720 0.9486 0.6730 0.9419 0.6743 0.9486 0.6749 0.9556 0.6715 0.9553 0.6720 0.9486 0.6746 0.9285 0.6739 0.9352 0.6704 0.9357 0.6710 0.9292 0.6784 0.9276 0.6771 0.9347 0.6739 0.9352 0.6746 0.9285 0.6771 0.9347 0.6758 0.9417 0.6730 0.9419 0.6739 0.9352 0.6674 0.9301 0.6670 0.9363 0.6647 0.9369 0.6649 0.9310 0.6710 0.9292 0.6704 0.9357 0.6670 0.9363 0.6674 0.9301 0.6704 0.9357 0.6699 0.9422 0.6668 0.9425 0.6670 0.9363 0.6748 0.9206 0.6745 0.9245 0.6712 0.9253 0.6712 0.9210 0.6784 0.9202 0.6784 0.9226 0.6745 0.9245 0.6748 0.9206 0.6784 0.9226 0.6784 0.9276 0.6746 0.9285 0.6745 0.9245 0.6750 0.9141 0.6749 0.9166 0.6713 0.9168 0.6714 0.9140 0.6785 0.9141 0.6785 0.9163 0.6749 0.9166 0.6750 0.9141 0.6785 0.9163 0.6784 0.9202 0.6748 0.9206 0.6749 0.9166 0.6679 0.9138 0.6678 0.9170 0.6650 0.9171 0.6653 0.9138 0.6714 0.9140 0.6713 0.9168 0.6678 0.9170 0.6679 0.9138 0.6713 0.9168 0.6712 0.9210 0.6677 0.9213 0.6678 0.9170 0.7289 0.9220 0.7291 0.9265 0.7255 0.9264 0.7254 0.9220 0.7317 0.9219 0.7320 0.9266 0.7291 0.9265 0.7289 0.9220 0.7320 0.9266 0.7322 0.9310 0.7294 0.9310 0.7291 0.9265 0.7285 0.9141 0.7287 0.9175 0.7253 0.9176 0.7252 0.9141 0.7309 0.9139 0.7315 0.9175 0.7287 0.9175 0.7285 0.9141 0.7315 0.9175 0.7317 0.9219 0.7289 0.9220 0.7287 0.9175 0.7219 0.9143 0.7219 0.9177 0.7185 0.9177 0.7187 0.9147 0.7252 0.9141 0.7253 0.9176 0.7219 0.9177 0.7219 0.9143 0.7253 0.9176 0.7254 0.9220 0.7220 0.9220 0.7219 0.9177 0.7295 0.9432 0.7295 0.9494 0.7258 0.9493 0.7258 0.9432 0.7321 0.9433 0.7321 0.9494 0.7295 0.9494 0.7295 0.9432 0.7321 0.9494 0.7322 0.9556 0.7295 0.9555 0.7295 0.9494 0.7294 0.9310 0.7294 0.9371 0.7257 0.9370 0.7257 0.9309 0.7322 0.9310 0.7320 0.9373 0.7294 0.9371 0.7294 0.9310 0.7320 0.9373 0.7321 0.9433 0.7295 0.9432 0.7294 0.9371 0.7257 0.9309 0.7257 0.9370 0.7219 0.9369 0.7219 0.9308 0.7257 0.9370 0.7258 0.9432 0.7221 0.9431 0.7219 0.9369 0.7133 0.9216 0.7132 0.9253 0.7082 0.9243 0.7083 0.9213 0.7184 0.9221 0.7183 0.9252 0.7132 0.9253 0.7133 0.9216 0.7183 0.9252 0.7182 0.9297 0.7133 0.9285 0.7132 0.9253 0.7135 0.9146 0.7134 0.9175 0.7084 0.9173 0.7085 0.9146 0.7187 0.9147 0.7185 0.9177 0.7134 0.9175 0.7135 0.9146 0.7185 0.9177 0.7184 0.9221 0.7133 0.9216 0.7134 0.9175 0.7035 0.9147 0.7034 0.9170 0.6984 0.9168 0.6984 0.9144 0.7085 0.9146 0.7084 0.9173 0.7034 0.9170 0.7035 0.9147 0.7084 0.9173 0.7083 0.9213 0.7033 0.9206 0.7034 0.9170 0.7295 0.9676 0.7294 0.9738 0.7255 0.9737 0.7257 0.9676 0.7320 0.9677 0.7321 0.9738 0.7294 0.9738 0.7295 0.9676 0.7321 0.9738 0.7322 0.9796 0.7293 0.9796 0.7294 0.9738 0.7295 0.9555 0.7295 0.9616 0.7258 0.9616 0.7258 0.9555 0.7322 0.9556 0.7321 0.9616 0.7295 0.9616 0.7295 0.9555 0.7321 0.9616 0.7320 0.9677 0.7295 0.9676 0.7295 0.9616 0.7132 0.9552 0.7221 0.9554 0.7218 0.9616 0.7215 0.9675 0.7130 0.9674 0.7258 0.9555 0.7258 0.9616 0.7218 0.9616 0.7221 0.9554 0.7258 0.9616 0.7257 0.9676 0.7215 0.9675 0.7218 0.9616 0.7285 0.9885 0.7282 0.9927 0.7247 0.9929 0.7252 0.9885 0.7314 0.9883 0.7310 0.9927 0.7282 0.9927 0.7285 0.9885 0.7310 0.9927 0.7303 0.9957 0.7278 0.9959 0.7282 0.9927 0.7293 0.9796 0.7289 0.9839 0.7251 0.9837 0.7254 0.9796 0.7322 0.9796 0.7317 0.9841 0.7289 0.9839 0.7293 0.9796 0.7317 0.9841 0.7314 0.9883 0.7285 0.9885 0.7289 0.9839 0.7207 0.9797 0.7214 0.9841 0.7176 0.9840 0.7175 0.9796 0.7254 0.9796 0.7251 0.9837 0.7214 0.9841 0.7207 0.9797 0.7251 0.9837 0.7252 0.9885 0.7206 0.9886 0.7214 0.9841 0.7126 0.9890 0.7126 0.9932 0.7076 0.9930 0.7077 0.9891 0.7176 0.9890 0.7177 0.9934 0.7126 0.9932 0.7126 0.9890 0.7177 0.9934 0.7178 0.9968 0.7128 0.9962 0.7126 0.9932 0.7125 0.9798 0.7126 0.9842 0.7075 0.9841 0.7075 0.9799 0.7175 0.9796 0.7176 0.9840 0.7126 0.9842 0.7125 0.9798 0.7176 0.9840 0.7176 0.9890 0.7126 0.9890 0.7126 0.9842 0.7026 0.9799 0.7026 0.9839 0.6977 0.9838 0.6977 0.9799 0.7075 0.9799 0.7075 0.9841 0.7026 0.9839 0.7026 0.9799 0.7075 0.9841 0.7077 0.9891 0.7026 0.9889 0.7026 0.9839 0.7215 0.9675 0.7213 0.9737 0.7207 0.9797 0.7175 0.9796 0.7125 0.9798 0.7130 0.9674 0.7026 0.9889 0.7027 0.9930 0.6977 0.9927 0.6977 0.9888 0.7077 0.9891 0.7076 0.9930 0.7027 0.9930 0.7026 0.9889 0.7076 0.9930 0.7077 0.9957 0.7026 0.9957 0.7027 0.9930 0.7206 0.9886 0.7212 0.9931 0.7177 0.9934 0.7176 0.9890 0.7252 0.9885 0.7247 0.9929 0.7212 0.9931 0.7206 0.9886 0.7247 0.9929 0.7246 0.9967 0.7208 0.9966 0.7212 0.9931 0.7257 0.9676 0.7255 0.9737 0.7213 0.9737 0.7215 0.9675 0.7255 0.9737 0.7254 0.9796 0.7207 0.9797 0.7213 0.9737 0.7033 0.9206 0.7032 0.9237 0.6982 0.9223 0.6983 0.9202 0.7083 0.9213 0.7082 0.9243 0.7032 0.9237 0.7033 0.9206 0.7082 0.9243 0.7081 0.9277 0.7032 0.9277 0.7032 0.9237 0.7258 0.9432 0.7258 0.9493 0.7221 0.9493 0.7221 0.9431 0.7258 0.9493 0.7258 0.9555 0.7221 0.9554 0.7221 0.9493 0.7220 0.9220 0.7219 0.9264 0.7183 0.9252 0.7184 0.9221 0.7254 0.9220 0.7255 0.9264 0.7219 0.9264 0.7220 0.9220 0.7255 0.9264 0.7257 0.9309 0.7219 0.9308 0.7219 0.9264 0.6677 0.9213 0.6676 0.9256 0.6646 0.9255 0.6649 0.9218 0.6712 0.9210 0.6712 0.9253 0.6676 0.9256 0.6677 0.9213 0.6712 0.9253 0.6710 0.9292 0.6674 0.9301 0.6676 0.9256 0.6668 0.9425 0.6665 0.9487 0.6645 0.9487 0.6646 0.9428 0.6699 0.9422 0.6694 0.9487 0.6665 0.9487 0.6668 0.9425 0.6694 0.9487 0.6690 0.9551 0.6663 0.9549 0.6665 0.9487 0.6820 0.9414 0.6811 0.9485 0.6743 0.9486 0.6758 0.9417 0.6834 0.9201 0.6834 0.9225 0.6784 0.9226 0.6784 0.9202 0.6884 0.9201 0.6883 0.9224 0.6834 0.9225 0.6834 0.9201 0.6883 0.9224 0.6883 0.9273 0.6834 0.9275 0.6834 0.9225 0.5272 0.7824 0.5272 0.7775 0.5270 0.7911 0.5282 0.7572 0.5343 0.7572 0.5403 0.7573 0.5399 0.7671 0.5272 0.7653 0.5343 0.7572 0.5346 0.7527 0.5405 0.7527 0.5403 0.7573 0.5085 0.7625 0.5086 0.7575 0.5130 0.7573 0.5175 0.7573 0.5166 0.7673 0.5084 0.7675 0.5130 0.7573 0.5134 0.7525 0.5172 0.7524 0.5175 0.7573 0.5272 0.7824 0.5270 0.7911 0.5159 0.7894 0.5160 0.7780 0.5272 0.7775 0.5073 0.7841 0.5076 0.7783 0.5160 0.7780 0.5159 0.7894 0.5066 0.7899 0.5288 0.8218 0.5415 0.8221 0.5412 0.8299 0.5352 0.8299 0.5290 0.8300 0.5273 0.8002 0.5396 0.7997 0.5407 0.8119 0.5283 0.8122 0.5067 0.8070 0.5064 0.8014 0.5161 0.8008 0.5158 0.8120 0.5070 0.8126 0.5288 0.8218 0.5290 0.8300 0.5230 0.8303 0.5181 0.8302 0.5174 0.8221 0.5081 0.8257 0.5074 0.8219 0.5174 0.8221 0.5181 0.8302 0.5139 0.8298 0.5087 0.8295 0.5851 0.8247 0.5850 0.8205 0.5886 0.8205 0.5883 0.8246 0.5747 0.8209 0.5850 0.8205 0.5851 0.8247 0.5851 0.8287 0.5798 0.8293 0.5754 0.8294 0.5845 0.8052 0.5847 0.7995 0.5883 0.8002 0.5889 0.8056 0.5751 0.7985 0.5847 0.7995 0.5845 0.8052 0.5840 0.8109 0.5745 0.8107 0.5530 0.7981 0.5642 0.7984 0.5640 0.8108 0.5534 0.8116 0.5747 0.8209 0.5754 0.8294 0.5707 0.8297 0.5649 0.8296 0.5642 0.8213 0.5534 0.8218 0.5642 0.8213 0.5649 0.8296 0.5589 0.8297 0.5531 0.8297 0.6408 0.9713 0.6316 0.9713 0.6309 0.9601 0.6407 0.9599 0.6418 0.9880 0.6424 0.9927 0.6373 0.9929 0.6319 0.9926 0.6317 0.9823 0.6413 0.9824 0.6373 0.9929 0.6374 0.9969 0.6320 0.9969 0.6319 0.9926 0.6565 0.9862 0.6564 0.9914 0.6538 0.9915 0.6504 0.9925 0.6496 0.9818 0.6563 0.9810 0.6538 0.9915 0.6537 0.9967 0.6510 0.9967 0.6504 0.9925 0.6408 0.9713 0.6407 0.9599 0.6493 0.9599 0.6492 0.9710 0.6566 0.9653 0.6564 0.9708 0.6492 0.9710 0.6493 0.9599 0.6567 0.9599 0.6399 0.9273 0.6301 0.9270 0.6306 0.9179 0.6355 0.9178 0.6401 0.9176 0.6406 0.9485 0.6315 0.9481 0.6314 0.9370 0.6397 0.9375 0.6568 0.9432 0.6568 0.9487 0.6483 0.9488 0.6481 0.9378 0.6568 0.9377 0.6399 0.9273 0.6401 0.9176 0.6448 0.9175 0.6491 0.9172 0.6483 0.9274 0.6565 0.9238 0.6565 0.9280 0.6483 0.9274 0.6491 0.9172 0.6525 0.9187 0.6568 0.9196 0.5937 0.9241 0.5940 0.9280 0.5885 0.9283 0.5890 0.9245 0.6026 0.9271 0.5940 0.9280 0.5937 0.9241 0.5935 0.9203 0.5969 0.9201 0.6035 0.9188 0.5944 0.9433 0.5947 0.9490 0.5906 0.9492 0.5896 0.9434 0.6021 0.9487 0.5947 0.9490 0.5944 0.9433 0.5941 0.9376 0.6016 0.9370 0.6216 0.9480 0.6121 0.9484 0.6133 0.9364 0.6218 0.9368 0.6026 0.9271 0.6035 0.9188 0.6063 0.9196 0.6111 0.9186 0.6137 0.9261 0.6218 0.9266 0.6137 0.9261 0.6111 0.9186 0.6160 0.9184 0.6209 0.9181 0.6168 0.8903 0.6166 0.8797 0.6282 0.8792 0.6287 0.8883 0.5946 0.8905 0.5943 0.8858 0.5940 0.8813 0.6043 0.8806 0.6053 0.8904 0.5943 0.8858 0.5897 0.8860 0.5892 0.8812 0.5940 0.8813 0.6016 0.9045 0.5968 0.9056 0.5962 0.9023 0.5959 0.8988 0.6059 0.8987 0.6068 0.9055 0.5962 0.9023 0.5923 0.9024 0.5909 0.8966 0.5959 0.8988 0.6168 0.8903 0.6287 0.8883 0.6289 0.8977 0.6172 0.8994 0.6235 0.9055 0.6178 0.9056 0.6172 0.8994 0.6289 0.8977 0.6293 0.9054 0.6644 0.8873 0.6626 0.8775 0.6738 0.8771 0.6740 0.8822 0.6741 0.8873 0.6406 0.8888 0.6402 0.8788 0.6522 0.8780 0.6523 0.8882 0.6483 0.9050 0.6418 0.9054 0.6412 0.8971 0.6527 0.8961 0.6548 0.9047 0.6644 0.8873 0.6741 0.8873 0.6742 0.8924 0.6741 0.8967 0.6649 0.8962 0.6697 0.9046 0.6663 0.9048 0.6649 0.8962 0.6741 0.8967 0.6740 0.9004 0.6738 0.9045 0.6659 0.8420 0.6611 0.8422 0.6607 0.8387 0.6655 0.8384 0.6620 0.8497 0.6611 0.8422 0.6659 0.8420 0.6707 0.8419 0.6715 0.8454 0.6723 0.8493 0.6443 0.8433 0.6387 0.8425 0.6378 0.8388 0.6440 0.8390 0.6389 0.8509 0.6387 0.8425 0.6443 0.8433 0.6505 0.8423 0.6507 0.8499 0.6398 0.8687 0.6390 0.8596 0.6518 0.8585 0.6521 0.8686 0.6620 0.8497 0.6723 0.8493 0.6735 0.8533 0.6736 0.8570 0.6627 0.8582 0.6630 0.8678 0.6627 0.8582 0.6736 0.8570 0.6735 0.8625 0.6736 0.8673 0.6203 0.8031 0.6208 0.7939 0.6315 0.7935 0.6316 0.8037 0.5990 0.8033 0.5992 0.7982 0.5989 0.7931 0.6091 0.7928 0.6102 0.8038 0.5992 0.7982 0.5948 0.7983 0.5946 0.7932 0.5989 0.7931 0.6044 0.8182 0.5993 0.8183 0.5995 0.8153 0.5992 0.8117 0.6097 0.8112 0.6095 0.8182 0.5995 0.8153 0.5946 0.8150 0.5942 0.8117 0.5992 0.8117 0.6203 0.8031 0.6316 0.8037 0.6315 0.8114 0.6202 0.8114 0.6259 0.8186 0.6206 0.8187 0.6202 0.8114 0.6315 0.8114 0.6318 0.8192 0.6635 0.8027 0.6640 0.7936 0.6722 0.7931 0.6723 0.7978 0.6724 0.8025 0.6427 0.8033 0.6427 0.7933 0.6529 0.7912 0.6536 0.8030 0.6482 0.8191 0.6428 0.8190 0.6426 0.8117 0.6536 0.8107 0.6534 0.8185 0.6635 0.8027 0.6724 0.8025 0.6724 0.8070 0.6725 0.8102 0.6636 0.8105 0.6677 0.8175 0.6635 0.8184 0.6636 0.8105 0.6725 0.8102 0.6732 0.8147 0.6731 0.8183 0.6675 0.7555 0.6644 0.7564 0.6639 0.7521 0.6675 0.7521 0.6638 0.7649 0.6644 0.7564 0.6675 0.7555 0.6712 0.7567 0.6716 0.7609 0.6720 0.7652 0.6492 0.7572 0.6433 0.7580 0.6438 0.7545 0.6493 0.7538 0.6422 0.7637 0.6433 0.7580 0.6492 0.7572 0.6542 0.7573 0.6541 0.7647 0.6425 0.7830 0.6435 0.7736 0.6536 0.7733 0.6536 0.7827 0.6638 0.7649 0.6720 0.7652 0.6724 0.7693 0.6722 0.7741 0.6636 0.7738 0.6635 0.7832 0.6636 0.7738 0.6722 0.7741 0.6722 0.7790 0.6721 0.7838 0.5274 0.8994 0.5276 0.8875 0.5385 0.8876 0.5393 0.9000 0.5068 0.8995 0.5072 0.8935 0.5074 0.8877 0.5172 0.8876 0.5168 0.8990 0.5072 0.8935 0.5025 0.8938 0.5027 0.8877 0.5074 0.8877 0.5126 0.9189 0.5076 0.9186 0.5072 0.9143 0.5069 0.9099 0.5171 0.9101 0.5177 0.9192 0.5072 0.9143 0.5026 0.9143 0.5024 0.9101 0.5069 0.9099 0.5274 0.8994 0.5393 0.9000 0.5393 0.9098 0.5280 0.9104 0.5338 0.9196 0.5283 0.9196 0.5280 0.9104 0.5393 0.9098 0.5394 0.9196 0.5724 0.9012 0.5719 0.8888 0.5795 0.8884 0.5798 0.8952 0.5802 0.9016 0.5508 0.9012 0.5501 0.8875 0.5619 0.8879 0.5621 0.9013 0.5563 0.9202 0.5507 0.9195 0.5508 0.9114 0.5622 0.9118 0.5621 0.9194 0.5724 0.9012 0.5802 0.9016 0.5805 0.9084 0.5801 0.9120 0.5719 0.9118 0.5757 0.9196 0.5717 0.9195 0.5719 0.9118 0.5801 0.9120 0.5798 0.9158 0.5795 0.9196 0.5756 0.8439 0.5710 0.8429 0.5705 0.8394 0.5758 0.8399 0.5709 0.8529 0.5710 0.8429 0.5756 0.8439 0.5799 0.8438 0.5797 0.8483 0.5794 0.8535 0.5556 0.8427 0.5502 0.8435 0.5512 0.8392 0.5559 0.8389 0.5493 0.8524 0.5502 0.8435 0.5556 0.8427 0.5616 0.8437 0.5608 0.8520 0.5495 0.8760 0.5493 0.8638 0.5609 0.8640 0.5615 0.8767 0.5709 0.8529 0.5794 0.8535 0.5792 0.8579 0.5792 0.8639 0.5710 0.8640 0.5713 0.8765 0.5710 0.8640 0.5792 0.8639 0.5792 0.8700 0.5792 0.8758 0.5337 0.8434 0.5283 0.8433 0.5285 0.8387 0.5341 0.8386 0.5277 0.8533 0.5283 0.8433 0.5337 0.8434 0.5390 0.8433 0.5383 0.8530 0.5126 0.8435 0.5075 0.8437 0.5072 0.8395 0.5124 0.8397 0.5077 0.8530 0.5076 0.8483 0.5075 0.8437 0.5126 0.8435 0.5177 0.8433 0.5175 0.8533 0.5076 0.8483 0.5029 0.8482 0.5030 0.8438 0.5075 0.8437 0.5077 0.8757 0.5078 0.8697 0.5078 0.8637 0.5169 0.8642 0.5173 0.8760 0.5078 0.8697 0.5031 0.8695 0.5033 0.8634 0.5078 0.8637 0.5277 0.8533 0.5383 0.8530 0.5380 0.8640 0.5275 0.8644 0.5275 0.8761 0.5275 0.8644 0.5380 0.8640 0.5383 0.8761 0.6262 0.7572 0.6207 0.7574 0.6207 0.7545 0.6260 0.7543 0.6207 0.7641 0.6207 0.7574 0.6262 0.7572 0.6319 0.7589 0.6314 0.7645 0.6051 0.7582 0.5996 0.7582 0.5997 0.7539 0.6039 0.7544 0.5995 0.7647 0.5998 0.7608 0.5996 0.7582 0.6051 0.7582 0.6100 0.7571 0.6107 0.7638 0.5998 0.7608 0.5949 0.7611 0.5949 0.7576 0.5996 0.7582 0.5992 0.7831 0.5993 0.7784 0.5986 0.7732 0.6096 0.7725 0.6093 0.7826 0.5993 0.7784 0.5950 0.7782 0.5952 0.7731 0.5986 0.7732 0.6207 0.7641 0.6314 0.7645 0.6312 0.7726 0.6208 0.7720 0.6206 0.7829 0.6208 0.7720 0.6312 0.7726 0.6318 0.7841 0.6203 0.8431 0.6144 0.8432 0.6141 0.8399 0.6202 0.8393 0.6148 0.8516 0.6144 0.8432 0.6203 0.8431 0.6261 0.8426 0.6267 0.8509 0.5992 0.8443 0.5943 0.8445 0.5946 0.8406 0.5990 0.8407 0.5942 0.8529 0.5946 0.8487 0.5943 0.8445 0.5992 0.8443 0.6036 0.8437 0.6038 0.8524 0.5946 0.8487 0.5904 0.8492 0.5911 0.8449 0.5943 0.8445 0.5936 0.8716 0.5938 0.8668 0.5939 0.8618 0.6039 0.8612 0.6044 0.8709 0.5938 0.8668 0.5891 0.8672 0.5897 0.8624 0.5939 0.8618 0.6148 0.8516 0.6267 0.8509 0.6272 0.8598 0.6153 0.8604 0.6160 0.8702 0.6153 0.8604 0.6272 0.8598 0.6275 0.8692 0.5954 0.9658 0.5954 0.9711 0.5913 0.9710 0.5913 0.9657 0.6032 0.9717 0.5954 0.9711 0.5954 0.9658 0.5951 0.9603 0.6026 0.9603 0.5954 0.9870 0.5962 0.9921 0.5929 0.9921 0.5927 0.9869 0.6032 0.9925 0.5994 0.9926 0.5962 0.9921 0.5954 0.9870 0.5956 0.9819 0.6034 0.9825 0.5994 0.9926 0.5996 0.9970 0.5963 0.9966 0.5962 0.9921 0.6216 0.9927 0.6166 0.9928 0.6117 0.9928 0.6123 0.9822 0.6220 0.9825 0.6166 0.9928 0.6165 0.9970 0.6113 0.9965 0.6117 0.9928 0.6032 0.9717 0.6026 0.9603 0.6115 0.9604 0.6119 0.9715 0.6220 0.9715 0.6119 0.9715 0.6115 0.9604 0.6208 0.9598 0.5849 0.7832 0.5853 0.7780 0.5892 0.7784 0.5892 0.7837 0.5771 0.7773 0.5853 0.7780 0.5849 0.7832 0.5850 0.7888 0.5752 0.7873 0.5856 0.7630 0.5854 0.7582 0.5888 0.7585 0.5882 0.7633 0.5761 0.7576 0.5808 0.7580 0.5854 0.7582 0.5856 0.7630 0.5855 0.7680 0.5769 0.7674 0.5808 0.7580 0.5806 0.7530 0.5853 0.7533 0.5854 0.7582 0.5527 0.7573 0.5590 0.7573 0.5653 0.7573 0.5656 0.7661 0.5526 0.7671 0.5590 0.7573 0.5590 0.7528 0.5652 0.7528 0.5653 0.7573 0.5771 0.7773 0.5752 0.7873 0.5642 0.7868 0.5650 0.7765 0.5527 0.7764 0.5650 0.7765 0.5642 0.7868 0.5524 0.7867 0.6666 0.9672 0.6667 0.9734 0.6648 0.9734 0.6647 0.9671 0.6697 0.9672 0.6702 0.9734 0.6667 0.9734 0.6666 0.9672 0.6702 0.9734 0.6706 0.9795 0.6670 0.9796 0.6667 0.9734 0.6675 0.9888 0.6677 0.9933 0.6649 0.9937 0.6650 0.9890 0.6706 0.9887 0.6706 0.9932 0.6677 0.9933 0.6675 0.9888 0.6706 0.9932 0.6705 0.9957 0.6676 0.9970 0.6677 0.9933 0.6822 0.9888 0.6818 0.9929 0.6764 0.9929 0.6766 0.9885 0.6873 0.9888 0.6872 0.9929 0.6818 0.9929 0.6822 0.9888 0.6872 0.9929 0.6868 0.9957 0.6814 0.9957 0.6818 0.9929 0.6819 0.9672 0.6824 0.9730 0.6757 0.9733 0.6755 0.9673 " />
						</IndexedFaceSet>
					</Shape>
				</Group>
			</Transform>
		</Transform>
		<Transform DEF="canaleta-1m_TRANSFORM"
		           translation="0.280000 0.059186 2.700000"
		           scale="1.000000 1.000000 1.000000"
		           rotation="0.000000 0.707107 0.707107 3.141593"
		           >
			<Transform DEF="canaleta-1m_ifs_TRANSFORM"
			           translation="0.000000 0.000000 0.000000"
			           scale="1.000000 1.000000 1.000000"
			           rotation="0.000000 1.000000 0.000000 0.000000"
			           >
				<Group DEF="group_ME_canaleta-1m">
					<Shape>
						<Appearance>
							<Material USE="MA_hiper-atlas" />
						</Appearance>
						<IndexedFaceSet solid="false"
						                texCoordIndex="0 1 2 3 -1 4 5 6 7 -1 8 9 10 11 -1 12 13 14 15 -1 16 17 18 19 -1 20 21 22 23 -1 24 25 26 27 -1 28 29 30 31 -1 "
						                coordIndex="6 5 10 13 -1 1 14 11 4 -1 9 2 7 12 -1 12 7 6 13 -1 14 1 0 15 -1 2 9 8 3 -1 4 11 10 5 -1 8 15 0 3 -1 "
						                >
							<Coordinate DEF="coords_ME_canaleta-1m"
							            point="1.000000 0.050000 0.042281 1.000000 0.042281 0.050000 1.000000 0.042281 -0.050000 1.000000 0.050000 -0.042281 1.000000 -0.042281 0.050000 1.000000 -0.050000 0.042281 1.000000 -0.050000 -0.042281 1.000000 -0.042281 -0.050000 0.000000 0.050000 -0.042281 0.000000 0.042281 -0.050000 0.000000 -0.050000 0.042281 0.000000 -0.042281 0.050000 0.000000 -0.042281 -0.050000 0.000000 -0.050000 -0.042281 0.000000 0.042281 0.050000 0.000000 0.050000 0.042281 "
							            />
							<TextureCoordinate point="0.0681 0.4244 0.0534 0.4244 0.0534 0.2500 0.0681 0.2500 0.0356 0.4244 0.0356 0.2500 0.0503 0.2500 0.0503 0.4244 0.0147 0.2501 0.0147 0.4245 0.0000 0.4245 0.0000 0.2501 0.0712 0.2500 0.0712 0.4244 0.0681 0.4244 0.0681 0.2500 0.0356 0.2500 0.0356 0.4244 0.0325 0.4244 0.0325 0.2500 0.0147 0.4245 0.0147 0.2501 0.0178 0.2500 0.0178 0.4244 0.0503 0.4244 0.0503 0.2500 0.0534 0.2500 0.0534 0.4244 0.0178 0.2500 0.0325 0.2500 0.0325 0.4244 0.0178 0.4244 " />
						</IndexedFaceSet>
					</Shape>
				</Group>
			</Transform>
		</Transform>
		<Transform DEF="canaleta-2m_TRANSFORM"
		           translation="1.000000 0.059186 3.000000"
		           scale="1.000000 1.000000 1.000000"
		           rotation="0.000000 0.707107 0.707107 3.141593"
		           >
			<Transform DEF="canaleta-2m_ifs_TRANSFORM"
			           translation="0.000000 0.000000 0.000000"
			           scale="1.000000 1.000000 1.000000"
			           rotation="0.000000 1.000000 0.000000 0.000000"
			           >
				<Group DEF="group_ME_canaleta-2m">
					<Shape>
						<Appearance>
							<Material USE="MA_hiper-atlas" />
						</Appearance>
						<IndexedFaceSet solid="false"
						                texCoordIndex="0 1 2 3 -1 4 5 6 7 -1 8 9 10 11 -1 12 13 14 15 -1 16 17 18 19 -1 20 21 22 23 -1 24 25 26 27 -1 28 29 30 31 -1 "
						                coordIndex="11 2 7 14 -1 6 5 12 15 -1 1 8 13 4 -1 2 11 10 3 -1 4 13 12 5 -1 14 7 6 15 -1 8 1 0 9 -1 10 9 0 3 -1 "
						                >
							<Coordinate DEF="coords_ME_canaleta-2m"
							            point="2.000000 0.050000 0.042281 2.000000 0.042281 0.050000 2.000000 0.042281 -0.050000 2.000000 0.050000 -0.042281 2.000000 -0.042281 0.050000 2.000000 -0.050000 0.042281 2.000000 -0.050000 -0.042281 2.000000 -0.042281 -0.050000 0.000000 0.042281 0.050000 0.000000 0.050000 0.042281 0.000000 0.050000 -0.042281 0.000000 0.042281 -0.050000 0.000000 -0.050000 0.042281 0.000000 -0.042281 0.050000 0.000000 -0.042281 -0.050000 0.000000 -0.050000 -0.042281 "
							            />
							<TextureCoordinate point="0.0599 0.4230 0.0599 0.2500 0.0727 0.2500 0.0727 0.4230 0.0053 0.2500 0.0182 0.2500 0.0182 0.4230 0.0053 0.4230 0.0364 0.2500 0.0364 0.4230 0.0235 0.4230 0.0235 0.2500 0.0599 0.2500 0.0599 0.4230 0.0545 0.4230 0.0545 0.2500 0.0235 0.2500 0.0235 0.4230 0.0182 0.4230 0.0182 0.2500 0.0000 0.4230 0.0000 0.2501 0.0053 0.2500 0.0053 0.4230 0.0364 0.4230 0.0364 0.2500 0.0417 0.2500 0.0417 0.4230 0.0545 0.4230 0.0417 0.4230 0.0417 0.2500 0.0545 0.2500 " />
						</IndexedFaceSet>
					</Shape>
				</Group>
			</Transform>
		</Transform>
		<Transform DEF="canaleta-cruz_TRANSFORM"
		           translation="0.540100 0.334074 2.700000"
		           scale="1.000000 1.000000 1.000000"
		           rotation="0.000000 0.707107 0.707107 3.141593"
		           >
			<Transform DEF="canaleta-cruz_ifs_TRANSFORM"
			           translation="0.000000 0.000000 0.000000"
			           scale="1.000000 1.000000 1.000000"
			           rotation="0.000000 1.000000 0.000000 0.000000"
			           >
				<Group DEF="group_ME_canaleta-cruz">
					<Shape>
						<Appearance>
							<Material USE="MA_hiper-atlas" />
						</Appearance>
						<IndexedFaceSet solid="false"
						                texCoordIndex="0 1 2 3 -1 4 5 6 7 -1 8 9 10 11 -1 12 13 14 15 -1 16 17 18 19 -1 20 21 22 23 -1 24 25 26 27 -1 28 29 30 31 -1 32 33 34 35 -1 36 37 38 39 -1 40 41 42 43 -1 44 45 46 47 -1 48 49 50 51 -1 52 53 54 55 -1 56 57 58 59 -1 60 61 62 63 -1 64 65 66 67 -1 68 69 70 71 -1 72 73 74 75 -1 76 77 78 79 -1 80 81 82 83 -1 84 85 86 87 -1 88 89 90 91 -1 92 93 94 95 -1 96 97 98 99 -1 100 101 102 103 -1 104 105 106 107 -1 108 109 110 111 -1 112 113 114 115 -1 116 117 118 119 -1 120 121 122 123 -1 124 125 126 127 -1 128 129 130 131 -1 132 133 134 135 -1 "
						                coordIndex="5 23 20 6 -1 45 31 7 21 -1 17 18 0 3 -1 15 18 17 10 -1 12 11 16 21 -1 22 19 14 9 -1 8 13 20 23 -1 17 3 2 16 -1 23 5 4 22 -1 10 17 16 11 -1 0 18 19 1 -1 6 20 21 7 -1 18 15 14 19 -1 8 23 22 9 -1 20 13 12 21 -1 43 19 22 46 -1 28 46 22 4 -1 26 40 16 2 -1 16 40 45 21 -1 29 30 44 47 -1 41 27 24 42 -1 39 34 41 42 -1 36 45 40 35 -1 46 33 38 43 -1 32 47 44 37 -1 41 40 26 27 -1 47 46 28 29 -1 34 35 40 41 -1 24 25 43 42 -1 30 31 45 44 -1 42 43 38 39 -1 32 33 46 47 -1 44 45 36 37 -1 43 25 1 19 -1 "
						                >
							<Coordinate DEF="coords_ME_canaleta-cruz"
							            point="0.250100 0.042281 -0.049973 0.250100 0.050000 -0.042254 0.250100 -0.050000 -0.042254 0.250100 -0.042281 -0.049973 -0.249900 0.050000 -0.042254 -0.249900 0.042281 -0.049973 -0.249900 -0.042281 -0.049973 -0.249900 -0.050000 -0.042254 -0.049900 0.042281 -0.249973 -0.042181 0.050000 -0.249973 0.050100 -0.042281 -0.249973 0.042381 -0.050000 -0.249973 -0.042180 -0.050000 -0.249973 -0.049900 -0.042281 -0.249973 0.042381 0.050000 -0.249973 0.050100 0.042281 -0.249973 0.043488 -0.050000 -0.043151 0.051143 -0.042281 -0.050824 0.050879 0.042281 -0.050675 0.043165 0.050000 -0.042968 -0.050880 -0.042281 -0.050796 -0.043255 -0.050000 -0.043079 -0.042516 0.050000 -0.043448 -0.050278 0.042281 -0.051096 0.250100 0.042281 0.049973 0.250100 0.050000 0.042254 0.250100 -0.050000 0.042254 0.250100 -0.042281 0.049973 -0.249900 0.050000 0.042254 -0.249900 0.042281 0.049973 -0.249900 -0.042281 0.049973 -0.249900 -0.050000 0.042254 -0.049900 0.042281 0.249973 -0.042181 0.050000 0.249973 0.050100 -0.042281 0.249973 0.042381 -0.050000 0.249973 -0.042180 -0.050000 0.249973 -0.049900 -0.042281 0.249973 0.042381 0.050000 0.249973 0.050100 0.042281 0.249973 0.043488 -0.050000 0.043151 0.051143 -0.042281 0.050824 0.050879 0.042281 0.050675 0.043165 0.050000 0.042968 -0.050880 -0.042281 0.050796 -0.043255 -0.050000 0.043079 -0.042516 0.050000 0.043448 -0.050278 0.042281 0.051096 "
							            />
							<TextureCoordinate point="0.0932 0.4039 0.0932 0.3521 0.1152 0.3522 0.1152 0.4039 0.0744 0.2502 0.0742 0.2959 0.0556 0.2959 0.0554 0.2502 0.0492 0.3534 0.0272 0.3535 0.0272 0.3018 0.0492 0.3018 0.0932 0.4546 0.0932 0.4028 0.1152 0.4029 0.1152 0.4546 0.0026 0.3409 0.0213 0.3409 0.0216 0.3866 0.0024 0.3866 0.0743 0.4334 0.0554 0.4335 0.0555 0.3877 0.0742 0.3877 0.0492 0.3017 0.0273 0.3017 0.0273 0.2500 0.0492 0.2501 0.0239 0.2517 0.0237 0.2957 0.0213 0.2957 0.0215 0.2500 0.0770 0.3435 0.0768 0.3877 0.0744 0.3877 0.0746 0.3418 0.0237 0.3408 0.0240 0.3849 0.0216 0.3866 0.0213 0.3409 0.0237 0.3862 0.0238 0.4302 0.0214 0.4319 0.0213 0.3862 0.0531 0.2959 0.0530 0.2519 0.0554 0.2502 0.0556 0.2959 0.0530 0.4318 0.0531 0.3877 0.0555 0.3877 0.0554 0.4335 0.0767 0.3877 0.0767 0.4317 0.0743 0.4334 0.0742 0.3877 0.0000 0.3849 0.0002 0.3408 0.0026 0.3409 0.0024 0.3866 0.1180 0.2932 0.1180 0.2720 0.1392 0.2718 0.1392 0.2933 0.0557 0.3877 0.0554 0.3418 0.0746 0.3418 0.0744 0.3877 0.0026 0.2957 0.0024 0.2500 0.0215 0.2500 0.0213 0.2957 0.1392 0.2500 0.1392 0.2713 0.1178 0.2713 0.1178 0.2500 0.0273 0.2500 0.0492 0.2500 0.0492 0.3016 0.0273 0.3018 0.1152 0.3008 0.1152 0.3525 0.0932 0.3525 0.0932 0.3008 0.0273 0.3535 0.0492 0.3535 0.0492 0.4052 0.0273 0.4052 0.0213 0.2951 0.0216 0.3409 0.0024 0.3409 0.0026 0.2951 0.0554 0.3417 0.0555 0.2960 0.0742 0.2960 0.0743 0.3418 0.1147 0.2500 0.1147 0.3016 0.0927 0.3017 0.0927 0.2500 0.0000 0.2517 0.0024 0.2500 0.0026 0.2957 0.0002 0.2957 0.0530 0.3435 0.0554 0.3418 0.0557 0.3877 0.0533 0.3877 0.0002 0.2951 0.0026 0.2951 0.0024 0.3409 0.0000 0.3392 0.0002 0.3862 0.0026 0.3862 0.0024 0.4319 0.0000 0.4302 0.0767 0.2959 0.0742 0.2959 0.0744 0.2502 0.0768 0.2519 0.0767 0.3401 0.0743 0.3418 0.0742 0.2960 0.0766 0.2960 0.0530 0.2960 0.0555 0.2960 0.0554 0.3417 0.0530 0.3400 0.0240 0.3392 0.0216 0.3409 0.0213 0.2951 0.0238 0.2951 0.0024 0.4319 0.0026 0.3862 0.0213 0.3862 0.0214 0.4319 " />
						</IndexedFaceSet>
					</Shape>
				</Group>
			</Transform>
		</Transform>
		<Transform DEF="canaleta-L_TRANSFORM"
		           translation="0.800000 0.059186 2.700000"
		           scale="1.000000 1.000000 1.000000"
		           rotation="0.000000 0.707107 0.707107 3.141593"
		           >
			<Transform DEF="canaleta-L_ifs_TRANSFORM"
			           translation="0.000000 0.000000 0.000000"
			           scale="1.000000 1.000000 1.000000"
			           rotation="0.000000 1.000000 0.000000 0.000000"
			           >
				<Group DEF="group_ME_canaleta-L">
					<Shape>
						<Appearance>
							<Material USE="MA_hiper-atlas" />
						</Appearance>
						<IndexedFaceSet solid="false"
						                texCoordIndex="0 1 2 3 -1 4 5 6 7 -1 8 9 10 11 -1 12 13 14 15 -1 16 17 18 19 -1 20 21 22 23 -1 24 25 26 27 -1 28 29 30 31 -1 32 33 34 35 -1 36 37 38 39 -1 40 41 42 43 -1 44 45 46 -1 47 48 49 -1 50 51 52 53 -1 54 55 56 57 -1 58 59 60 61 -1 62 63 64 65 -1 66 67 68 69 -1 70 71 72 73 -1 74 75 76 77 -1 78 79 80 81 -1 82 83 84 85 -1 86 87 88 89 -1 90 91 92 93 -1 94 95 96 97 -1 98 99 100 101 -1 102 103 104 105 -1 "
						                coordIndex="3 0 14 9 -1 27 24 20 23 -1 19 2 26 22 -1 1 16 21 25 -1 1 25 30 4 -1 24 27 31 28 -1 6 5 29 33 -1 15 1 4 10 -1 12 11 5 6 -1 7 32 26 2 -1 2 8 13 7 -1 28 29 30 -1 31 32 33 -1 8 2 3 9 -1 10 4 5 11 -1 7 13 12 6 -1 1 15 14 0 -1 25 21 20 24 -1 22 26 27 23 -1 2 19 18 3 -1 16 1 0 17 -1 33 29 28 31 -1 32 7 6 33 -1 4 30 29 5 -1 26 32 31 27 -1 30 25 24 28 -1 18 17 0 3 -1 "
						                >
							<Coordinate DEF="coords_ME_canaleta-L"
							            point="-0.301778 0.050078 0.041818 -0.309446 0.042269 0.049517 -0.310330 0.043468 -0.050462 -0.302545 0.051067 -0.042723 -0.302409 -0.042281 0.049964 -0.302468 -0.050000 0.042281 -0.302468 -0.050000 -0.042281 -0.302479 -0.042280 -0.050034 0.000000 0.042281 -0.050000 0.000000 0.050000 -0.042281 0.000000 -0.042281 0.050000 0.000000 -0.050000 0.042281 0.000000 -0.050000 -0.042281 0.000000 -0.042280 -0.050000 0.000000 0.050000 0.042281 0.000000 0.042281 0.050000 -0.308667 0.352357 0.056290 -0.301089 0.352541 0.048434 -0.302624 0.354519 -0.036091 -0.310482 0.354696 -0.043667 -0.401073 0.352498 0.050247 -0.393215 0.352321 0.057824 -0.395028 0.354660 -0.042133 -0.402607 0.354476 -0.034276 -0.401071 0.050113 0.043171 -0.393212 0.049936 0.050782 -0.395025 0.052185 -0.049175 -0.402605 0.052091 -0.041352 -0.400152 -0.042118 0.042760 -0.392362 -0.049843 0.042690 -0.392363 -0.042214 0.050443 -0.400988 -0.041130 -0.041781 -0.393337 -0.041134 -0.049535 -0.393130 -0.048946 -0.041852 "
							            />
							<TextureCoordinate point="0.0923 0.4057 0.0778 0.4055 0.0778 0.3539 0.0923 0.3539 0.0779 0.2500 0.0924 0.2500 0.0924 0.3018 0.0779 0.3018 0.0359 0.2500 0.0359 0.3057 0.0205 0.3057 0.0205 0.2500 0.0021 0.3057 0.0020 0.2500 0.0174 0.2500 0.0174 0.3057 0.2016 0.3535 0.1832 0.3559 0.1838 0.3375 0.2016 0.3348 0.1658 0.3650 0.1834 0.3647 0.1834 0.3840 0.1658 0.3841 0.1834 0.4051 0.1658 0.4051 0.1658 0.3864 0.1834 0.3863 0.0174 0.3625 0.0174 0.4182 0.0020 0.4182 0.0020 0.3625 0.0539 0.3018 0.0394 0.3018 0.0394 0.2500 0.0539 0.2500 0.1768 0.3566 0.1589 0.3536 0.1583 0.3349 0.1768 0.3377 0.0020 0.3622 0.0022 0.3064 0.0175 0.3064 0.0176 0.3622 0.1816 0.3372 0.1832 0.3354 0.1838 0.3375 0.1567 0.3539 0.1589 0.3536 0.1583 0.3557 0.0022 0.3064 0.0020 0.3622 0.0000 0.3622 0.0002 0.3064 0.0020 0.3625 0.0020 0.4182 0.0000 0.4182 0.0000 0.3625 0.0176 0.3622 0.0175 0.3064 0.0195 0.3064 0.0195 0.3622 0.0174 0.4182 0.0174 0.3625 0.0193 0.3625 0.0193 0.4182 0.0174 0.3057 0.0174 0.2500 0.0193 0.2500 0.0193 0.3057 0.0205 0.2500 0.0205 0.3057 0.0186 0.3057 0.0186 0.2500 0.0359 0.3057 0.0359 0.2500 0.0379 0.2500 0.0379 0.3057 0.0020 0.2500 0.0021 0.3057 0.0001 0.3057 0.0000 0.2500 0.1834 0.3863 0.1658 0.3864 0.1658 0.3841 0.1834 0.3840 0.1589 0.3536 0.1768 0.3566 0.1765 0.3588 0.1583 0.3557 0.2016 0.3348 0.1838 0.3375 0.1832 0.3354 0.2013 0.3327 0.1583 0.3349 0.1589 0.3536 0.1567 0.3539 0.1560 0.3350 0.1838 0.3375 0.1832 0.3559 0.1810 0.3559 0.1816 0.3372 0.0923 0.3537 0.0779 0.3537 0.0779 0.3019 0.0923 0.3018 " />
						</IndexedFaceSet>
					</Shape>
				</Group>
			</Transform>
		</Transform>
		<Transform DEF="canaleta-T_TRANSFORM"
		           translation="-1.259900 0.288009 2.700000"
		           scale="1.000000 1.000000 1.000000"
		           rotation="0.000000 0.707107 0.707107 3.141593"
		           >
			<Transform DEF="canaleta-T_ifs_TRANSFORM"
			           translation="0.000000 0.000000 0.000000"
			           scale="1.000000 1.000000 1.000000"
			           rotation="0.000000 1.000000 0.000000 0.000000"
			           >
				<Group DEF="group_ME_canaleta-T">
					<Shape>
						<Appearance>
							<Material USE="MA_hiper-atlas" />
						</Appearance>
						<IndexedFaceSet solid="false"
						                texCoordIndex="0 1 2 3 -1 4 5 6 7 -1 8 9 10 11 -1 12 13 14 15 -1 16 17 18 19 -1 20 21 22 23 -1 24 25 26 27 -1 28 29 30 31 -1 32 33 34 35 -1 36 37 38 39 -1 40 41 42 43 -1 44 45 46 47 -1 48 49 50 51 -1 52 53 54 55 -1 56 57 58 59 60 61 -1 62 63 64 65 66 67 -1 68 69 70 71 -1 72 73 74 75 -1 76 77 78 79 -1 "
						                coordIndex="5 23 20 6 -1 17 18 0 3 -1 15 18 17 10 -1 12 11 16 21 -1 22 19 14 9 -1 8 13 20 23 -1 17 3 2 16 -1 23 5 4 22 -1 10 17 16 11 -1 0 18 19 1 -1 6 20 21 7 -1 18 15 14 19 -1 8 23 22 9 -1 20 13 12 21 -1 28 25 1 19 22 4 -1 26 31 7 21 16 2 -1 30 27 24 29 -1 29 24 25 28 -1 27 30 31 26 -1 "
						                >
							<Coordinate DEF="coords_ME_canaleta-T"
							            point="0.250100 0.042281 -0.049973 0.250100 0.050000 -0.042254 0.250100 -0.050000 -0.042254 0.250100 -0.042281 -0.049973 -0.249900 0.050000 -0.042254 -0.249900 0.042281 -0.049973 -0.249900 -0.042281 -0.049973 -0.249900 -0.050000 -0.042254 -0.049900 0.042281 -0.249973 -0.042181 0.050000 -0.249973 0.050100 -0.042281 -0.249973 0.042381 -0.050000 -0.249973 -0.042180 -0.050000 -0.249973 -0.049900 -0.042281 -0.249973 0.042381 0.050000 -0.249973 0.050100 0.042281 -0.249973 0.043488 -0.050000 -0.043151 0.051143 -0.042281 -0.050824 0.050879 0.042281 -0.050675 0.043165 0.050000 -0.042968 -0.050880 -0.042281 -0.050796 -0.043255 -0.050000 -0.043079 -0.042516 0.050000 -0.043448 -0.050278 0.042281 -0.051096 0.250100 0.042281 0.049973 0.250100 0.050000 0.042254 0.250100 -0.050000 0.042254 0.250100 -0.042281 0.049973 -0.249900 0.050000 0.042254 -0.249900 0.042281 0.049973 -0.249900 -0.042281 0.049973 -0.249900 -0.050000 0.042254 "
							            />
							<TextureCoordinate point="0.1527 0.3657 0.1527 0.3252 0.1699 0.3253 0.1699 0.3657 0.1867 0.4085 0.1696 0.4086 0.1696 0.3682 0.1867 0.3682 0.1700 0.3656 0.1700 0.3252 0.1871 0.3252 0.1871 0.3656 0.0761 0.3603 0.0932 0.3603 0.0935 0.4023 0.0759 0.4023 0.1153 0.4022 0.0979 0.4023 0.0981 0.3603 0.1152 0.3603 0.2043 0.3656 0.1872 0.3656 0.1872 0.3252 0.2043 0.3252 0.0356 0.2904 0.0358 0.2500 0.0380 0.2500 0.0378 0.2919 0.0137 0.2905 0.0140 0.2500 0.0162 0.2500 0.0159 0.2921 0.0955 0.3603 0.0957 0.4007 0.0935 0.4023 0.0932 0.3603 0.0140 0.3514 0.0138 0.3110 0.0160 0.3094 0.0162 0.3514 0.0358 0.3514 0.0356 0.3110 0.0378 0.3095 0.0380 0.3514 0.0957 0.4007 0.0959 0.3603 0.0981 0.3603 0.0979 0.4023 0.1175 0.3603 0.1175 0.4006 0.1153 0.4022 0.1152 0.3603 0.0737 0.4007 0.0739 0.3603 0.0761 0.3603 0.0759 0.4023 0.0333 0.2500 0.0333 0.3514 0.0162 0.3514 0.0160 0.3094 0.0159 0.2921 0.0162 0.2500 0.0551 0.2500 0.0551 0.3514 0.0380 0.3514 0.0378 0.3095 0.0378 0.2919 0.0380 0.2500 0.0746 0.2500 0.0746 0.3514 0.0574 0.3514 0.0574 0.2500 0.0355 0.2500 0.0355 0.3514 0.0333 0.3514 0.0333 0.2500 0.0573 0.2500 0.0573 0.3514 0.0551 0.3514 0.0551 0.2500 " />
						</IndexedFaceSet>
					</Shape>
				</Group>
			</Transform>
		</Transform>
		<Transform DEF="canasta-madera_TRANSFORM"
		           translation="0.000000 0.000000 1.000000"
		           scale="1.000000 1.000000 1.000000"
		           rotation="0.000000 0.707107 0.707107 3.141593"
		           >
			<Transform DEF="canasta-madera_ifs_TRANSFORM"
			           translation="0.000000 0.000000 0.000000"
			           scale="1.000000 1.000000 1.000000"
			           rotation="0.000000 1.000000 0.000000 0.000000"
			           >
				<Group DEF="group_ME_canasta-madera">
					<Shape>
						<Appearance>
							<Material USE="MA_hiper-atlas" />
						</Appearance>
						<IndexedFaceSet solid="false"
						                texCoordIndex="0 1 2 3 -1 4 5 6 7 -1 8 9 10 11 -1 12 13 14 15 -1 16 17 18 -1 19 20 21 -1 22 23 24 25 -1 26 27 28 -1 29 30 31 -1 32 33 34 35 -1 36 37 38 39 -1 40 41 42 43 -1 44 45 46 47 -1 48 49 50 51 -1 52 53 54 -1 55 56 57 -1 58 59 60 61 -1 62 63 64 -1 65 66 67 -1 68 69 70 71 -1 72 73 74 75 -1 76 77 78 79 -1 80 81 82 83 -1 84 85 86 87 -1 88 89 90 91 -1 92 93 94 95 -1 96 97 98 99 -1 100 101 102 103 -1 104 105 106 107 -1 108 109 110 111 -1 112 113 114 115 -1 116 117 118 119 -1 120 121 122 123 -1 124 125 126 127 -1 128 129 130 131 -1 132 133 134 135 -1 136 137 138 139 -1 140 141 142 143 -1 144 145 146 147 -1 148 149 150 151 -1 152 153 154 155 -1 156 157 158 159 -1 160 161 162 163 -1 164 165 166 167 -1 168 169 170 171 -1 172 173 174 175 -1 176 177 178 179 -1 180 181 182 183 -1 184 185 186 187 -1 188 189 190 191 -1 192 193 194 195 -1 196 197 198 199 -1 200 201 202 203 -1 204 205 206 207 -1 208 209 210 211 -1 212 213 214 215 -1 216 217 218 219 -1 220 221 222 223 -1 224 225 226 227 -1 228 229 230 231 -1 232 233 234 235 -1 236 237 238 239 -1 240 241 242 243 -1 244 245 246 247 -1 248 249 250 251 -1 252 253 254 255 -1 256 257 258 259 -1 260 261 262 263 -1 264 265 266 267 -1 268 269 270 271 -1 272 273 274 275 -1 276 277 278 279 -1 280 281 282 283 -1 284 285 286 287 -1 288 289 290 291 -1 292 293 294 295 -1 296 297 298 299 -1 300 301 302 303 -1 304 305 306 307 -1 308 309 310 311 -1 312 313 314 315 -1 316 317 318 319 -1 320 321 322 323 -1 324 325 326 327 -1 328 329 330 331 -1 332 333 334 335 -1 336 337 338 339 -1 340 341 342 343 -1 344 345 346 347 -1 348 349 350 351 -1 352 353 354 355 -1 356 357 358 359 -1 360 361 362 363 -1 364 365 366 367 -1 368 369 370 371 -1 372 373 374 375 -1 376 377 378 379 -1 380 381 382 383 -1 384 385 386 387 -1 388 389 390 391 -1 392 393 394 395 -1 396 397 398 399 -1 400 401 402 403 -1 404 405 406 407 -1 408 409 410 411 -1 412 413 414 415 -1 416 417 418 419 -1 420 421 422 423 -1 424 425 426 427 -1 428 429 430 431 -1 432 433 434 435 -1 436 437 438 439 -1 440 441 442 443 -1 444 445 446 447 -1 448 449 450 451 -1 452 453 454 455 -1 456 457 458 459 -1 460 461 462 463 -1 464 465 466 467 -1 468 469 470 471 -1 472 473 474 475 -1 476 477 478 479 -1 480 481 482 483 -1 484 485 486 487 -1 488 489 490 491 -1 492 493 494 495 -1 496 497 498 499 -1 500 501 502 503 -1 504 505 506 507 -1 508 509 510 511 -1 512 513 514 515 -1 516 517 518 519 -1 520 521 522 523 -1 524 525 526 527 -1 528 529 530 531 -1 532 533 534 535 -1 536 537 538 539 -1 540 541 542 543 -1 544 545 546 547 -1 548 549 550 551 -1 552 553 554 555 -1 556 557 558 559 -1 560 561 562 563 -1 564 565 566 567 -1 568 569 570 571 -1 572 573 574 575 -1 "
						                coordIndex="0 1 3 2 -1 2 3 7 6 -1 5 4 9 8 -1 8 9 11 10 -1 2 6 0 -1 7 3 1 -1 7 1 0 6 -1 8 10 5 -1 11 9 4 -1 11 4 5 10 -1 12 13 15 14 -1 14 15 19 18 -1 17 16 21 20 -1 20 21 23 22 -1 14 18 12 -1 19 15 13 -1 19 13 12 18 -1 20 22 17 -1 23 21 16 -1 23 16 17 22 -1 24 25 27 26 -1 26 27 31 30 -1 30 31 29 28 -1 28 29 25 24 -1 26 30 28 24 -1 31 27 25 29 -1 32 33 35 34 -1 34 35 39 38 -1 38 39 37 36 -1 36 37 33 32 -1 34 38 36 32 -1 39 35 33 37 -1 40 41 43 42 -1 42 43 47 46 -1 46 47 45 44 -1 44 45 41 40 -1 42 46 44 40 -1 47 43 41 45 -1 48 49 51 50 -1 50 51 55 54 -1 54 55 53 52 -1 52 53 49 48 -1 50 54 52 48 -1 55 51 49 53 -1 56 57 59 58 -1 58 59 63 62 -1 62 63 61 60 -1 60 61 57 56 -1 58 62 60 56 -1 63 59 57 61 -1 64 65 67 66 -1 66 67 71 70 -1 70 71 69 68 -1 68 69 65 64 -1 66 70 68 64 -1 71 67 65 69 -1 72 73 75 74 -1 74 75 79 78 -1 78 79 77 76 -1 76 77 73 72 -1 74 78 76 72 -1 79 75 73 77 -1 80 81 83 82 -1 82 83 87 86 -1 86 87 85 84 -1 84 85 81 80 -1 82 86 84 80 -1 87 83 81 85 -1 88 89 91 90 -1 90 91 95 94 -1 94 95 93 92 -1 92 93 89 88 -1 90 94 92 88 -1 95 91 89 93 -1 96 97 99 98 -1 98 99 103 102 -1 102 103 101 100 -1 100 101 97 96 -1 98 102 100 96 -1 103 99 97 101 -1 104 105 107 106 -1 106 107 111 110 -1 110 111 109 108 -1 108 109 105 104 -1 106 110 108 104 -1 111 107 105 109 -1 112 113 115 114 -1 114 115 119 118 -1 118 119 117 116 -1 116 117 113 112 -1 114 118 116 112 -1 119 115 113 117 -1 120 121 123 122 -1 122 123 127 126 -1 126 127 125 124 -1 124 125 121 120 -1 122 126 124 120 -1 127 123 121 125 -1 128 129 131 130 -1 130 131 135 134 -1 134 135 133 132 -1 132 133 129 128 -1 130 134 132 128 -1 135 131 129 133 -1 136 137 139 138 -1 138 139 143 142 -1 142 143 141 140 -1 140 141 137 136 -1 138 142 140 136 -1 143 139 137 141 -1 144 145 147 146 -1 146 147 151 150 -1 150 151 149 148 -1 148 149 145 144 -1 146 150 148 144 -1 151 147 145 149 -1 152 153 155 154 -1 154 155 159 158 -1 158 159 157 156 -1 156 157 153 152 -1 154 158 156 152 -1 159 155 153 157 -1 160 161 163 162 -1 162 163 167 166 -1 166 167 165 164 -1 164 165 161 160 -1 162 166 164 160 -1 167 163 161 165 -1 168 169 171 170 -1 170 171 175 174 -1 174 175 173 172 -1 172 173 169 168 -1 170 174 172 168 -1 175 171 169 173 -1 176 177 179 178 -1 178 179 183 182 -1 182 183 181 180 -1 180 181 177 176 -1 178 182 180 176 -1 183 179 177 181 -1 184 185 187 186 -1 186 187 191 190 -1 190 191 189 188 -1 188 189 185 184 -1 186 190 188 184 -1 191 187 185 189 -1 "
						                >
							<Coordinate DEF="coords_ME_canasta-madera"
							            point="-0.196314 0.206090 0.010000 -0.196314 0.206090 0.310000 -0.196314 0.246090 0.010000 -0.196314 0.246090 0.310000 0.191466 0.206090 0.310000 0.191466 0.206090 0.010000 -0.156314 0.246090 0.010000 -0.156314 0.246090 0.310000 0.191466 0.246090 0.010000 0.191466 0.246090 0.310000 0.151466 0.246090 0.010000 0.151466 0.246090 0.310000 -0.196314 -0.202392 0.010000 -0.196314 -0.202392 0.310000 -0.196314 -0.242392 0.010000 -0.196314 -0.242392 0.310000 0.191466 -0.202392 0.310000 0.191466 -0.202392 0.010000 -0.156314 -0.242392 0.010000 -0.156314 -0.242392 0.310000 0.191466 -0.242392 0.010000 0.191466 -0.242392 0.310000 0.151466 -0.242392 0.010000 0.151466 -0.242392 0.310000 0.189381 -0.249624 0.007841 0.124130 -0.240054 0.008474 0.189381 -0.249624 -0.003761 0.120573 -0.249624 -0.003761 0.184493 0.244147 0.007033 0.120573 0.252775 0.007841 0.189381 0.252775 -0.003761 0.120573 0.252775 -0.003761 -0.193357 -0.254225 0.008541 -0.193357 -0.254225 0.077349 -0.193357 -0.242623 0.008541 -0.193357 -0.242623 0.077349 0.193357 -0.254225 0.008541 0.193357 -0.254225 0.077349 0.193357 -0.242623 0.008541 0.193357 -0.242623 0.077349 0.189168 -0.254225 0.307487 0.189168 -0.254225 0.246722 0.189168 -0.242623 0.307487 0.189168 -0.242623 0.246722 -0.197547 -0.254225 0.307487 -0.197547 -0.254225 0.246722 -0.197547 -0.242623 0.307487 -0.197547 -0.242623 0.246722 0.190739 -0.242623 0.159368 0.190739 -0.242623 0.228175 0.190739 -0.254225 0.159368 0.190739 -0.254225 0.228175 -0.195976 -0.242623 0.159368 -0.195976 -0.242623 0.228175 -0.195976 -0.254225 0.159368 -0.195976 -0.254225 0.228175 -0.194916 -0.242632 0.153828 -0.194916 -0.242632 0.085020 -0.194916 -0.254234 0.153828 -0.194916 -0.254234 0.085020 0.191799 -0.242632 0.153828 0.191799 -0.242632 0.085020 0.191799 -0.254234 0.153828 0.191799 -0.254234 0.085020 -0.193357 0.245775 0.008541 -0.193357 0.245775 0.077349 -0.193357 0.257377 0.008541 -0.193357 0.257377 0.077349 0.193357 0.245775 0.008541 0.193357 0.245775 0.077349 0.193357 0.257377 0.008541 0.193357 0.257377 0.077349 0.189168 0.245775 0.307487 0.189168 0.245775 0.246722 0.189168 0.257377 0.307487 0.189168 0.257377 0.246722 -0.197547 0.245775 0.307487 -0.197547 0.245775 0.246722 -0.197547 0.257377 0.307487 -0.197547 0.257377 0.246722 0.190739 0.257377 0.159368 0.190739 0.257377 0.228175 0.190739 0.245775 0.159368 0.190739 0.245775 0.228175 -0.195976 0.257377 0.159368 -0.195976 0.257377 0.228175 -0.195976 0.245775 0.159368 -0.195976 0.245775 0.228175 -0.194916 0.257368 0.153828 -0.194916 0.257368 0.085020 -0.194916 0.245766 0.153828 -0.194916 0.245766 0.085020 0.191799 0.257368 0.153828 0.191799 0.257368 0.085020 0.191799 0.245766 0.153828 0.191799 0.245766 0.085020 0.203182 -0.249624 0.012589 0.203816 -0.240054 0.077840 0.191581 -0.249624 0.012589 0.191581 -0.249624 0.081397 0.202375 0.244147 0.017478 0.203182 0.252775 0.081397 0.191581 0.252775 0.012589 0.191581 0.252775 0.081397 0.203182 0.252775 0.231397 0.203182 0.252775 0.162590 0.191581 0.252775 0.231397 0.191581 0.252775 0.162590 0.203182 -0.249624 0.231397 0.203182 -0.249624 0.162589 0.191581 -0.249624 0.231397 0.191581 -0.249624 0.162589 0.191581 0.251728 0.088400 0.191581 0.251728 0.157207 0.203182 0.251728 0.088400 0.203182 0.251728 0.157207 0.191581 -0.250671 0.088400 0.191581 -0.250671 0.157207 0.203182 -0.250671 0.088400 0.203182 -0.250671 0.157207 0.191581 -0.249624 0.311397 0.191581 -0.249624 0.242590 0.203182 -0.248576 0.306160 0.203182 -0.250671 0.248874 0.191581 0.252775 0.311397 0.191581 0.252775 0.242589 0.203687 0.242518 0.306784 0.203182 0.252775 0.242589 -0.196818 -0.249624 0.012589 -0.196184 -0.240054 0.077840 -0.208419 -0.249624 0.012589 -0.208419 -0.249624 0.081397 -0.197625 0.244147 0.017478 -0.196818 0.252775 0.081397 -0.208419 0.252775 0.012589 -0.208419 0.252775 0.081397 -0.196818 0.252775 0.231397 -0.196818 0.252775 0.162590 -0.208419 0.252775 0.231397 -0.208419 0.252775 0.162590 -0.196818 -0.249624 0.231397 -0.196818 -0.249624 0.162589 -0.208419 -0.249624 0.231397 -0.208419 -0.249624 0.162589 -0.208419 0.251728 0.088400 -0.208419 0.251728 0.157207 -0.196818 0.251728 0.088400 -0.196818 0.251728 0.157207 -0.208419 -0.250671 0.088400 -0.208419 -0.250671 0.157207 -0.196818 -0.250671 0.088400 -0.196818 -0.250671 0.157207 -0.208419 -0.249624 0.311397 -0.208419 -0.249624 0.242590 -0.196818 -0.248576 0.306160 -0.196818 -0.250671 0.248874 -0.208419 0.252775 0.311397 -0.208419 0.252775 0.242589 -0.196313 0.242518 0.306784 -0.196818 0.252775 0.242589 -0.029427 0.252775 0.007841 0.039381 0.252775 0.007841 -0.029427 0.252775 -0.003761 0.039381 0.252775 -0.003761 -0.029427 -0.249624 0.007841 0.039381 -0.249624 0.007841 -0.029427 -0.249624 -0.003761 0.039381 -0.249624 -0.003761 0.113571 0.251728 -0.003761 0.044763 0.251728 -0.003761 0.113571 0.251728 0.007841 0.044763 0.251728 0.007841 0.113570 -0.250671 -0.003761 0.044763 -0.250671 -0.003761 0.113570 -0.250671 0.007841 0.044763 -0.250671 0.007841 -0.109427 -0.249624 -0.003761 -0.040619 -0.249624 -0.003761 -0.104190 -0.248576 0.007841 -0.046904 -0.250671 0.007841 -0.109427 0.252775 -0.003761 -0.040619 0.252775 -0.003761 -0.104813 0.242518 0.008346 -0.040619 0.252775 0.007841 -0.189427 0.252775 0.007841 -0.120619 0.252775 0.007841 -0.189427 0.252775 -0.003761 -0.120619 0.252775 -0.003761 -0.189427 -0.249624 0.007841 -0.120619 -0.249624 0.007841 -0.189427 -0.249624 -0.003761 -0.120619 -0.249624 -0.003761 "
							            />
							<TextureCoordinate point="0.3833 0.2245 0.4350 0.2245 0.4350 0.2314 0.3833 0.2314 0.4350 0.2314 0.3833 0.2314 0.3833 0.2245 0.4350 0.2245 0.4350 0.2314 0.3833 0.2314 0.3833 0.2245 0.4350 0.2245 0.3833 0.2245 0.4350 0.2245 0.4350 0.2314 0.3833 0.2314 0.3177 0.2307 0.3220 0.2261 0.3220 0.2353 0.3676 0.2261 0.3719 0.2307 0.3676 0.2353 0.3676 0.2261 0.3676 0.2353 0.3220 0.2353 0.3220 0.2261 0.3177 0.2307 0.3220 0.2261 0.3220 0.2353 0.3676 0.2261 0.3719 0.2307 0.3676 0.2353 0.3676 0.2261 0.3676 0.2353 0.3220 0.2353 0.3220 0.2261 0.4350 0.2314 0.3833 0.2314 0.3833 0.2245 0.4350 0.2245 0.4350 0.2314 0.3833 0.2314 0.3833 0.2245 0.4350 0.2245 0.4350 0.2314 0.3833 0.2314 0.3833 0.2245 0.4350 0.2245 0.3833 0.2245 0.4350 0.2245 0.4350 0.2314 0.3833 0.2314 0.3178 0.2307 0.3220 0.2260 0.3220 0.2353 0.3676 0.2260 0.3719 0.2307 0.3676 0.2353 0.3676 0.2260 0.3676 0.2353 0.3220 0.2353 0.3220 0.2260 0.3177 0.2307 0.3220 0.2261 0.3220 0.2353 0.3676 0.2261 0.3719 0.2307 0.3676 0.2353 0.3676 0.2261 0.3676 0.2353 0.3220 0.2353 0.3220 0.2261 0.3318 0.0039 0.3204 0.0037 0.3204 0.0018 0.3319 0.0020 0.3133 0.0888 0.3014 0.0886 0.3029 0.0017 0.3148 0.0019 0.3302 0.0896 0.3188 0.0894 0.3188 0.0874 0.3303 0.0876 0.3303 0.0876 0.3188 0.0874 0.3204 0.0037 0.3318 0.0039 0.3133 0.0888 0.3148 0.0019 0.3168 0.0019 0.3153 0.0888 0.3029 0.0017 0.3014 0.0886 0.2994 0.0885 0.3009 0.0016 0.4300 0.2050 0.4303 0.1940 0.4322 0.1940 0.4318 0.2050 0.3777 0.2206 0.3777 0.2100 0.4427 0.2100 0.4427 0.2206 0.3664 0.2031 0.3667 0.1921 0.3685 0.1922 0.3682 0.2032 0.3682 0.2032 0.3685 0.1922 0.4303 0.1940 0.4300 0.2050 0.3777 0.2206 0.4427 0.2206 0.4427 0.2224 0.3777 0.2224 0.4427 0.2100 0.3777 0.2100 0.3777 0.2082 0.4427 0.2082 0.4300 0.2050 0.4303 0.1940 0.4322 0.1940 0.4318 0.2050 0.3777 0.2206 0.3777 0.2100 0.4427 0.2100 0.4427 0.2206 0.3664 0.2031 0.3667 0.1921 0.3685 0.1922 0.3682 0.2032 0.3682 0.2032 0.3685 0.1922 0.4303 0.1940 0.4300 0.2050 0.3777 0.2206 0.4427 0.2206 0.4427 0.2224 0.3777 0.2224 0.4427 0.2100 0.3777 0.2100 0.3777 0.2082 0.4427 0.2082 0.4300 0.2050 0.4303 0.1940 0.4322 0.1940 0.4318 0.2050 0.3777 0.2206 0.3777 0.2100 0.4427 0.2100 0.4427 0.2206 0.3664 0.2031 0.3667 0.1921 0.3685 0.1922 0.3682 0.2032 0.3682 0.2032 0.3685 0.1922 0.4303 0.1940 0.4300 0.2050 0.3777 0.2206 0.4427 0.2206 0.4427 0.2224 0.3777 0.2224 0.4427 0.2100 0.3777 0.2100 0.3777 0.2082 0.4427 0.2082 0.4300 0.2050 0.4303 0.1940 0.4322 0.1940 0.4318 0.2050 0.3777 0.2206 0.3777 0.2100 0.4427 0.2100 0.4427 0.2206 0.3664 0.2031 0.3667 0.1921 0.3685 0.1922 0.3682 0.2032 0.3682 0.2032 0.3685 0.1922 0.4303 0.1940 0.4300 0.2050 0.3777 0.2206 0.4427 0.2206 0.4427 0.2224 0.3777 0.2224 0.4427 0.2100 0.3777 0.2100 0.3777 0.2082 0.4427 0.2082 0.4300 0.2050 0.4303 0.1940 0.4322 0.1940 0.4318 0.2050 0.3777 0.2206 0.3777 0.2100 0.4427 0.2100 0.4427 0.2206 0.3664 0.2031 0.3667 0.1921 0.3685 0.1922 0.3682 0.2032 0.3682 0.2032 0.3685 0.1922 0.4303 0.1940 0.4300 0.2050 0.3777 0.2206 0.4427 0.2206 0.4427 0.2224 0.3777 0.2224 0.4427 0.2100 0.3777 0.2100 0.3777 0.2082 0.4427 0.2082 0.4300 0.2050 0.4303 0.1940 0.4322 0.1940 0.4318 0.2050 0.3777 0.2206 0.3777 0.2100 0.4427 0.2100 0.4427 0.2206 0.3664 0.2031 0.3667 0.1921 0.3685 0.1922 0.3682 0.2032 0.3682 0.2032 0.3685 0.1922 0.4303 0.1940 0.4300 0.2050 0.3777 0.2206 0.4427 0.2206 0.4427 0.2224 0.3777 0.2224 0.4427 0.2100 0.3777 0.2100 0.3777 0.2082 0.4427 0.2082 0.4300 0.2050 0.4303 0.1940 0.4322 0.1940 0.4318 0.2050 0.3777 0.2206 0.3777 0.2100 0.4427 0.2100 0.4427 0.2206 0.3664 0.2031 0.3667 0.1921 0.3685 0.1922 0.3682 0.2032 0.3682 0.2032 0.3685 0.1922 0.4303 0.1940 0.4300 0.2050 0.3777 0.2206 0.4427 0.2206 0.4427 0.2224 0.3777 0.2224 0.4427 0.2100 0.3777 0.2100 0.3777 0.2082 0.4427 0.2082 0.4300 0.2050 0.4303 0.1940 0.4322 0.1940 0.4318 0.2050 0.3777 0.2206 0.3777 0.2100 0.4427 0.2100 0.4427 0.2206 0.3664 0.2031 0.3667 0.1921 0.3685 0.1922 0.3682 0.2032 0.3682 0.2032 0.3685 0.1922 0.4303 0.1940 0.4300 0.2050 0.3777 0.2206 0.4427 0.2206 0.4427 0.2224 0.3777 0.2224 0.4427 0.2100 0.3777 0.2100 0.3777 0.2082 0.4427 0.2082 0.3318 0.0039 0.3204 0.0037 0.3204 0.0018 0.3319 0.0020 0.3133 0.0888 0.3014 0.0886 0.3029 0.0017 0.3148 0.0019 0.3302 0.0896 0.3188 0.0894 0.3188 0.0874 0.3303 0.0876 0.3303 0.0876 0.3188 0.0874 0.3204 0.0037 0.3318 0.0039 0.3133 0.0888 0.3148 0.0019 0.3168 0.0019 0.3153 0.0888 0.3029 0.0017 0.3014 0.0886 0.2994 0.0885 0.3009 0.0016 0.3318 0.0039 0.3204 0.0037 0.3204 0.0018 0.3319 0.0020 0.3133 0.0888 0.3014 0.0886 0.3029 0.0017 0.3148 0.0019 0.3302 0.0896 0.3188 0.0894 0.3188 0.0874 0.3303 0.0876 0.3303 0.0876 0.3188 0.0874 0.3204 0.0037 0.3318 0.0039 0.3133 0.0888 0.3148 0.0019 0.3168 0.0019 0.3153 0.0888 0.3029 0.0017 0.3014 0.0886 0.2994 0.0885 0.3009 0.0016 0.3318 0.0039 0.3204 0.0037 0.3204 0.0018 0.3319 0.0020 0.3133 0.0888 0.3014 0.0886 0.3029 0.0017 0.3148 0.0019 0.3302 0.0896 0.3188 0.0894 0.3188 0.0874 0.3303 0.0876 0.3303 0.0876 0.3188 0.0874 0.3204 0.0037 0.3318 0.0039 0.3133 0.0888 0.3148 0.0019 0.3168 0.0019 0.3153 0.0888 0.3029 0.0017 0.3014 0.0886 0.2994 0.0885 0.3009 0.0016 0.3318 0.0039 0.3204 0.0037 0.3204 0.0018 0.3319 0.0020 0.3133 0.0888 0.3014 0.0886 0.3029 0.0017 0.3148 0.0019 0.3302 0.0896 0.3188 0.0894 0.3188 0.0874 0.3303 0.0876 0.3303 0.0876 0.3188 0.0874 0.3204 0.0037 0.3318 0.0039 0.3133 0.0888 0.3148 0.0019 0.3168 0.0019 0.3153 0.0888 0.3029 0.0017 0.3014 0.0886 0.2994 0.0885 0.3009 0.0016 0.3318 0.0039 0.3204 0.0037 0.3204 0.0018 0.3319 0.0020 0.3133 0.0888 0.3014 0.0886 0.3029 0.0017 0.3148 0.0019 0.3302 0.0896 0.3188 0.0894 0.3188 0.0874 0.3303 0.0876 0.3303 0.0876 0.3188 0.0874 0.3204 0.0037 0.3318 0.0039 0.3133 0.0888 0.3148 0.0019 0.3168 0.0019 0.3153 0.0888 0.3029 0.0017 0.3014 0.0886 0.2994 0.0885 0.3009 0.0016 0.3318 0.0039 0.3204 0.0037 0.3204 0.0018 0.3319 0.0020 0.3133 0.0888 0.3014 0.0886 0.3029 0.0017 0.3148 0.0019 0.3302 0.0896 0.3188 0.0894 0.3188 0.0874 0.3303 0.0876 0.3303 0.0876 0.3188 0.0874 0.3204 0.0037 0.3318 0.0039 0.3133 0.0888 0.3148 0.0019 0.3168 0.0019 0.3153 0.0888 0.3029 0.0017 0.3014 0.0886 0.2994 0.0885 0.3009 0.0016 0.3318 0.0039 0.3204 0.0037 0.3204 0.0018 0.3319 0.0020 0.3133 0.0888 0.3014 0.0886 0.3029 0.0017 0.3148 0.0019 0.3302 0.0896 0.3188 0.0894 0.3188 0.0874 0.3303 0.0876 0.3303 0.0876 0.3188 0.0874 0.3204 0.0037 0.3318 0.0039 0.3133 0.0888 0.3148 0.0019 0.3168 0.0019 0.3153 0.0888 0.3029 0.0017 0.3014 0.0886 0.2994 0.0885 0.3009 0.0016 0.3318 0.0039 0.3204 0.0037 0.3204 0.0018 0.3319 0.0020 0.3133 0.0888 0.3014 0.0886 0.3029 0.0017 0.3148 0.0019 0.3302 0.0896 0.3188 0.0894 0.3188 0.0874 0.3303 0.0876 0.3303 0.0876 0.3188 0.0874 0.3204 0.0037 0.3318 0.0039 0.3133 0.0888 0.3148 0.0019 0.3168 0.0019 0.3153 0.0888 0.3029 0.0017 0.3014 0.0886 0.2994 0.0885 0.3009 0.0016 0.3318 0.0039 0.3204 0.0037 0.3204 0.0018 0.3319 0.0020 0.3133 0.0888 0.3014 0.0886 0.3029 0.0017 0.3148 0.0019 0.3302 0.0896 0.3188 0.0894 0.3188 0.0874 0.3303 0.0876 0.3303 0.0876 0.3188 0.0874 0.3204 0.0037 0.3318 0.0039 0.3133 0.0888 0.3148 0.0019 0.3168 0.0019 0.3153 0.0888 0.3029 0.0017 0.3014 0.0886 0.2994 0.0885 0.3009 0.0016 0.3318 0.0039 0.3204 0.0037 0.3204 0.0018 0.3319 0.0020 0.3133 0.0888 0.3014 0.0886 0.3029 0.0017 0.3148 0.0019 0.3302 0.0896 0.3188 0.0894 0.3188 0.0874 0.3303 0.0876 0.3303 0.0876 0.3188 0.0874 0.3204 0.0037 0.3318 0.0039 0.3133 0.0888 0.3148 0.0019 0.3168 0.0019 0.3153 0.0888 0.3029 0.0017 0.3014 0.0886 0.2994 0.0885 0.3009 0.0016 0.3318 0.0039 0.3204 0.0037 0.3204 0.0018 0.3319 0.0020 0.3133 0.0888 0.3014 0.0886 0.3029 0.0017 0.3148 0.0019 0.3302 0.0896 0.3188 0.0894 0.3188 0.0874 0.3303 0.0876 0.3303 0.0876 0.3188 0.0874 0.3204 0.0037 0.3318 0.0039 0.3133 0.0888 0.3148 0.0019 0.3168 0.0019 0.3153 0.0888 0.3029 0.0017 0.3014 0.0886 0.2994 0.0885 0.3009 0.0016 0.3318 0.0039 0.3204 0.0037 0.3204 0.0018 0.3319 0.0020 0.3133 0.0888 0.3014 0.0886 0.3029 0.0017 0.3148 0.0019 0.3302 0.0896 0.3188 0.0894 0.3188 0.0874 0.3303 0.0876 0.3303 0.0876 0.3188 0.0874 0.3204 0.0037 0.3318 0.0039 0.3133 0.0888 0.3148 0.0019 0.3168 0.0019 0.3153 0.0888 0.3029 0.0017 0.3014 0.0886 0.2994 0.0885 0.3009 0.0016 " />
						</IndexedFaceSet>
					</Shape>
				</Group>
			</Transform>
		</Transform>
		<Transform DEF="conector-suelo-esquina_TRANSFORM"
		           translation="0.800000 0.055924 2.700000"
		           scale="1.000000 1.000000 1.000000"
		           rotation="0.000000 0.707107 0.707107 3.141593"
		           >
			<Transform DEF="conector-suelo-esquina_ifs_TRANSFORM"
			           translation="0.000000 0.000000 0.000000"
			           scale="1.000000 1.000000 1.000000"
			           rotation="0.000000 1.000000 0.000000 0.000000"
			           >
				<Group DEF="group_ME_conector-suelo-esquina">
					<Shape>
						<Appearance>
							<Material USE="MA_hiper-atlas" />
						</Appearance>
						<IndexedFaceSet solid="false"
						                texCoordIndex="0 1 2 3 -1 4 5 6 7 -1 8 9 10 11 12 13 14 15 16 -1 17 18 19 20 -1 21 22 23 24 -1 25 26 27 28 29 30 31 32 33 -1 34 35 36 37 -1 38 39 40 41 -1 42 43 44 45 46 47 48 49 50 51 52 -1 53 54 55 56 -1 57 58 59 60 -1 61 62 63 64 65 66 67 68 69 70 71 -1 72 73 74 75 -1 76 77 78 79 -1 80 81 82 83 -1 84 85 86 87 -1 88 89 90 91 -1 92 93 94 95 -1 96 97 98 99 -1 100 101 102 103 -1 104 105 106 107 -1 108 109 110 111 -1 112 113 114 115 -1 116 117 118 119 -1 120 121 122 123 -1 124 125 126 127 -1 128 129 130 131 132 133 134 135 -1 136 137 138 139 -1 140 141 142 143 -1 144 145 146 147 148 149 150 151 -1 152 153 154 155 -1 156 157 158 159 -1 160 161 162 163 164 -1 165 166 167 168 -1 169 170 171 172 -1 173 174 175 176 177 -1 178 179 180 181 -1 182 183 184 185 -1 186 187 188 189 -1 190 191 192 193 -1 194 195 196 197 -1 198 199 200 201 -1 202 203 204 205 -1 206 207 208 209 -1 210 211 212 213 214 215 216 217 218 219 -1 220 221 222 223 -1 224 225 226 227 -1 228 229 230 231 232 233 234 235 236 237 -1 238 239 240 241 242 243 -1 244 245 246 247 248 249 -1 250 251 252 253 254 -1 255 256 257 258 -1 259 260 261 262 263 -1 264 265 266 267 -1 268 269 270 271 -1 272 273 274 275 -1 276 277 278 279 -1 280 281 282 283 -1 284 285 286 287 -1 288 289 290 291 -1 292 293 294 295 -1 296 297 298 299 -1 300 301 302 303 -1 304 305 306 307 -1 308 309 310 311 -1 312 313 314 315 -1 316 317 318 319 -1 320 321 322 323 -1 324 325 326 327 -1 328 329 330 331 -1 332 333 334 335 -1 336 337 338 339 -1 340 341 342 343 -1 344 345 346 347 -1 348 349 350 351 -1 352 353 354 355 -1 356 357 358 359 -1 360 361 362 363 -1 364 365 366 367 -1 368 369 370 371 -1 372 373 374 375 -1 376 377 378 379 -1 380 381 382 383 -1 384 385 386 387 -1 388 389 390 391 -1 392 393 394 395 -1 396 397 398 399 400 401 -1 402 403 404 405 -1 406 407 408 409 -1 410 411 412 413 -1 414 415 416 417 -1 418 419 420 421 -1 422 423 424 425 -1 426 427 428 429 -1 430 431 432 433 -1 434 435 436 437 438 439 -1 440 441 442 443 -1 444 445 446 447 -1 448 449 450 451 -1 452 453 454 455 -1 456 457 458 459 -1 460 461 462 463 -1 464 465 466 467 468 469 470 471 -1 472 473 474 475 -1 476 477 478 479 -1 480 481 482 483 -1 484 485 486 487 -1 488 489 490 491 -1 492 493 494 495 -1 496 497 498 499 -1 500 501 502 503 -1 504 505 506 507 -1 508 509 510 511 512 513 514 515 -1 516 517 518 519 -1 520 521 522 523 -1 524 525 526 527 -1 528 529 530 531 -1 532 533 534 535 -1 536 537 538 539 -1 540 541 542 543 -1 544 545 546 547 548 549 -1 550 551 552 553 554 555 -1 556 557 558 559 -1 560 561 562 563 -1 564 565 566 567 -1 568 569 570 571 -1 "
						                coordIndex="0 6 11 5 -1 1 7 6 0 -1 2 8 175 174 182 184 188 7 1 -1 3 9 8 2 -1 4 10 9 3 -1 5 11 189 185 183 176 177 10 4 -1 6 12 17 11 -1 7 13 12 6 -1 8 14 13 7 188 178 186 181 170 172 175 -1 9 15 14 8 -1 10 16 15 9 -1 11 17 16 10 177 173 171 180 187 179 189 -1 12 18 23 17 -1 13 19 18 12 -1 14 20 19 13 -1 15 21 20 14 -1 16 22 21 15 -1 17 23 22 16 -1 18 24 29 23 -1 19 25 24 18 -1 20 26 25 19 -1 21 27 26 20 -1 22 28 27 21 -1 23 29 28 22 -1 24 30 35 29 -1 25 31 30 24 -1 26 32 71 70 55 63 31 25 -1 27 33 32 26 -1 28 34 33 27 -1 29 35 61 54 72 73 34 28 -1 30 36 41 35 -1 31 37 36 30 -1 32 38 66 67 71 -1 33 39 38 32 -1 34 40 39 33 -1 35 41 78 60 61 -1 36 42 47 41 -1 37 43 42 36 -1 38 44 76 66 -1 39 45 44 38 -1 40 46 45 39 -1 41 47 79 78 -1 42 48 53 47 -1 43 49 48 42 -1 44 50 49 43 80 69 59 57 77 76 -1 45 51 50 44 -1 46 52 51 45 -1 47 53 52 46 75 74 56 58 68 79 -1 53 48 49 50 51 52 -1 5 4 3 2 1 0 -1 63 62 81 37 31 -1 81 80 43 37 -1 73 64 65 40 34 -1 65 75 46 40 -1 86 94 97 89 -1 82 90 95 87 -1 83 91 90 82 -1 87 95 94 86 -1 88 96 93 85 -1 84 92 91 83 -1 89 97 96 88 -1 85 93 92 84 -1 100 103 111 108 -1 104 101 109 112 -1 105 104 112 113 -1 101 100 108 109 -1 102 99 107 110 -1 98 105 113 106 -1 103 102 110 111 -1 99 98 106 107 -1 86 89 103 100 -1 85 84 98 99 -1 97 94 108 111 -1 92 93 107 106 -1 87 86 100 101 -1 94 95 109 108 -1 89 88 102 103 -1 96 97 111 110 -1 83 82 104 105 -1 90 91 113 112 -1 84 83 105 98 -1 91 92 106 113 -1 82 87 101 104 -1 95 90 112 109 -1 88 85 99 102 -1 93 96 110 107 -1 129 114 137 135 133 131 -1 116 117 119 118 -1 132 133 135 134 -1 118 119 121 120 -1 130 131 133 132 -1 120 121 123 122 -1 136 137 114 115 -1 128 129 131 130 -1 122 123 125 124 -1 119 117 127 125 123 121 -1 115 114 129 128 -1 124 125 127 126 -1 134 135 137 136 -1 126 127 117 116 -1 166 167 169 168 -1 140 141 143 142 -1 157 138 169 167 165 163 161 159 -1 142 143 145 144 -1 164 165 167 166 -1 144 145 147 146 -1 162 163 165 164 -1 146 147 149 148 -1 160 161 163 162 -1 148 149 151 150 -1 158 159 161 160 -1 150 151 153 152 -1 143 141 155 153 151 149 147 145 -1 156 157 159 158 -1 152 153 155 154 -1 168 169 138 139 -1 154 155 141 140 -1 139 138 157 156 -1 170 171 173 172 -1 178 179 187 186 -1 172 173 177 176 174 175 -1 184 185 189 179 178 188 -1 182 183 185 184 -1 181 180 171 170 -1 186 187 180 181 -1 174 176 183 182 -1 "
						                >
							<Coordinate DEF="coords_ME_conector-suelo-esquina"
							            point="-0.070784 -0.059128 -0.095000 -0.070784 -0.054128 -0.090000 -0.070784 -0.054128 0.090000 -0.070784 -0.059128 0.095000 -0.070784 -0.064128 0.090000 -0.070784 -0.064128 -0.090000 -0.050889 -0.059128 -0.095000 -0.050889 -0.054128 -0.090000 -0.050889 -0.054128 0.090000 -0.050889 -0.059128 0.095000 -0.050889 -0.064128 0.090000 -0.050889 -0.064128 -0.090000 -0.026391 -0.059128 -0.095000 -0.026391 -0.054128 -0.090000 -0.026391 -0.054128 0.090000 -0.026391 -0.059128 0.095000 -0.026391 -0.064128 0.090000 -0.026391 -0.064128 -0.090000 -0.005600 -0.059128 -0.095000 -0.005600 -0.054128 -0.090000 -0.005600 -0.054128 0.090000 -0.005600 -0.059128 0.095000 -0.005600 -0.064128 0.090000 -0.005600 -0.064128 -0.090000 0.003177 -0.059128 -0.095000 -0.001823 -0.054128 -0.090000 -0.001823 -0.054128 0.090000 0.003177 -0.059128 0.095000 0.008177 -0.064128 0.090000 0.008177 -0.064128 -0.090000 0.003177 -0.043879 -0.095000 -0.001823 -0.043879 -0.090000 -0.001823 -0.043879 0.090000 0.003177 -0.043879 0.095000 0.008177 -0.043879 0.090000 0.008177 -0.043879 -0.090000 0.003177 -0.006066 -0.095000 -0.001823 -0.006066 -0.090000 -0.001823 -0.006066 0.090000 0.003177 -0.006066 0.095000 0.008177 -0.006066 0.090000 0.008177 -0.006066 -0.090000 0.003177 0.042415 -0.095000 -0.001823 0.042415 -0.090000 -0.001823 0.042415 0.090000 0.003177 0.042415 0.095000 0.008177 0.042415 0.090000 0.008177 0.042415 -0.090000 0.003177 0.089664 -0.095000 -0.001823 0.089664 -0.090000 -0.001823 0.089664 0.090000 0.003177 0.089664 0.095000 0.008177 0.089664 0.090000 0.008177 0.089664 -0.090000 0.008258 -0.048815 -0.039878 -0.001904 -0.048815 -0.039878 0.008258 0.052808 0.046056 -0.001904 0.052808 0.046056 0.008258 0.052808 -0.039878 -0.001904 0.052808 -0.039878 0.008258 -0.040970 -0.047722 0.008177 -0.043879 -0.043229 -0.001904 -0.040970 -0.047722 -0.001823 -0.043879 -0.043229 0.008258 -0.040970 0.053900 0.008258 -0.006285 0.053900 -0.001904 -0.006285 0.053900 -0.001904 -0.040970 0.053900 0.008258 0.044963 -0.047722 -0.001904 0.044963 -0.047722 -0.001904 -0.048815 0.046056 -0.001823 -0.043879 0.049407 0.008258 -0.048815 0.046056 0.008177 -0.043879 0.049407 0.008258 0.044963 0.053900 0.008258 0.042982 0.053900 -0.001904 0.042982 0.053900 -0.001904 0.044963 0.053900 0.008258 -0.006285 -0.047722 0.008258 0.042982 -0.047722 -0.001904 0.042982 -0.047722 -0.001904 -0.006285 -0.047722 -0.003488 0.044364 0.053089 -0.003488 0.052084 0.045370 -0.003488 0.052084 -0.039192 -0.003488 0.044364 -0.046911 -0.003488 -0.047916 0.045370 -0.003488 -0.040197 0.053089 -0.003488 -0.040197 -0.046911 -0.003488 -0.047916 -0.039192 0.010488 0.044364 0.053089 0.010488 0.052084 0.045370 0.010488 0.052084 -0.039192 0.010488 0.044364 -0.046911 0.010488 -0.047916 0.045370 0.010488 -0.040197 0.053089 0.010488 -0.040197 -0.046911 0.010488 -0.047916 -0.039192 -0.003488 0.057754 -0.043987 -0.003488 0.049159 -0.052582 -0.003488 -0.053587 0.050165 -0.003488 -0.044992 0.058759 -0.003488 -0.044992 -0.052582 -0.003488 -0.053587 -0.043987 -0.003488 0.049159 0.058759 -0.003488 0.057754 0.050165 0.010488 0.057754 -0.043987 0.010488 0.049159 -0.052582 0.010488 -0.053587 0.050165 0.010488 -0.044992 0.058759 0.010488 -0.044992 -0.052582 0.010488 -0.053587 -0.043987 0.010488 0.049159 0.058759 0.010488 0.057754 0.050165 0.015000 0.074630 -0.070124 0.005000 0.074630 -0.070124 0.005000 0.074630 0.069876 0.015000 0.074630 0.069876 0.005000 0.069630 0.061216 0.015000 0.069630 0.061216 0.005000 0.059630 0.061216 0.015000 0.059630 0.061216 0.005000 0.054630 0.069876 0.015000 0.054630 0.069876 0.005000 0.059630 0.078536 0.015000 0.059630 0.078536 0.005000 0.069630 0.078536 0.015000 0.069630 0.078536 0.005000 0.069630 -0.078784 0.015000 0.069630 -0.078784 0.005000 0.059630 -0.078784 0.015000 0.059630 -0.078784 0.005000 0.054630 -0.070124 0.015000 0.054630 -0.070124 0.005000 0.059630 -0.061464 0.015000 0.059630 -0.061464 0.005000 0.069630 -0.061464 0.015000 0.069630 -0.061464 0.025139 0.069524 -0.070000 0.014861 0.069524 -0.070000 0.014861 0.069524 0.070000 0.025139 0.069524 0.070000 0.014861 0.068019 0.066366 0.025139 0.068019 0.066366 0.014861 0.064385 0.064861 0.025139 0.064385 0.064861 0.014861 0.060751 0.066366 0.025139 0.060751 0.066366 0.014861 0.059246 0.070000 0.025139 0.059246 0.070000 0.014861 0.060751 0.073634 0.025139 0.060751 0.073634 0.014861 0.064385 0.075139 0.025139 0.064385 0.075139 0.014861 0.068019 0.073634 0.025139 0.068019 0.073634 0.014861 0.068019 -0.073634 0.025139 0.068019 -0.073634 0.014861 0.064385 -0.075139 0.025139 0.064385 -0.075139 0.014861 0.060751 -0.073634 0.025139 0.060751 -0.073634 0.014861 0.059246 -0.070000 0.025139 0.059246 -0.070000 0.014861 0.060751 -0.066366 0.025139 0.060751 -0.066366 0.014861 0.064385 -0.064861 0.025139 0.064385 -0.064861 0.014861 0.068019 -0.066366 0.025139 0.068019 -0.066366 -0.041052 -0.054128 -0.001254 -0.041052 -0.064128 -0.001254 -0.046577 -0.054128 0.001034 -0.046577 -0.064128 0.001034 -0.052103 -0.054128 -0.001254 -0.050889 -0.054128 -0.000751 -0.052103 -0.064128 -0.001254 -0.050889 -0.064128 -0.000751 -0.046577 -0.054128 -0.014593 -0.046577 -0.064128 -0.014593 -0.038764 -0.064128 -0.006779 -0.038764 -0.054128 -0.006779 -0.054391 -0.054128 -0.006779 -0.054391 -0.064128 -0.006779 -0.052103 -0.054128 -0.012305 -0.052103 -0.064128 -0.012305 -0.041052 -0.054128 -0.012305 -0.041052 -0.064128 -0.012305 -0.050889 -0.054128 -0.012808 -0.050889 -0.064128 -0.012808 "
							            />
							<TextureCoordinate point="0.2460 0.4715 0.2460 0.4679 0.2472 0.4679 0.2472 0.4715 0.2447 0.4715 0.2447 0.4679 0.2460 0.4679 0.2460 0.4715 0.2125 0.4715 0.2125 0.4679 0.2287 0.4679 0.2288 0.4681 0.2298 0.4686 0.2308 0.4681 0.2309 0.4679 0.2447 0.4679 0.2447 0.4715 0.2113 0.4715 0.2113 0.4679 0.2125 0.4679 0.2125 0.4715 0.2100 0.4715 0.2100 0.4679 0.2113 0.4679 0.2113 0.4715 0.2119 0.4722 0.2119 0.4686 0.2262 0.4686 0.2263 0.4688 0.2273 0.4692 0.2284 0.4688 0.2284 0.4686 0.2452 0.4686 0.2452 0.4722 0.2460 0.4679 0.2460 0.4636 0.2472 0.4636 0.2472 0.4679 0.2447 0.4679 0.2447 0.4636 0.2460 0.4636 0.2460 0.4679 0.2125 0.4679 0.2125 0.4636 0.2447 0.4636 0.2447 0.4679 0.2309 0.4679 0.2312 0.4672 0.2308 0.4662 0.2298 0.4658 0.2288 0.4662 0.2284 0.4672 0.2287 0.4679 0.2113 0.4679 0.2113 0.4636 0.2125 0.4636 0.2125 0.4679 0.2100 0.4679 0.2100 0.4636 0.2113 0.4636 0.2113 0.4679 0.2119 0.4686 0.2119 0.4640 0.2452 0.4640 0.2452 0.4686 0.2284 0.4686 0.2288 0.4678 0.2284 0.4667 0.2273 0.4663 0.2263 0.4667 0.2259 0.4678 0.2262 0.4686 0.2460 0.4636 0.2460 0.4598 0.2472 0.4598 0.2472 0.4636 0.2447 0.4636 0.2447 0.4598 0.2460 0.4598 0.2460 0.4636 0.2125 0.4636 0.2125 0.4598 0.2447 0.4598 0.2447 0.4636 0.2113 0.4636 0.2113 0.4598 0.2125 0.4598 0.2125 0.4636 0.2100 0.4636 0.2100 0.4598 0.2113 0.4598 0.2113 0.4636 0.2119 0.4640 0.2119 0.4602 0.2452 0.4602 0.2452 0.4640 0.2460 0.4598 0.2460 0.4583 0.2472 0.4574 0.2472 0.4598 0.2447 0.4598 0.2447 0.4592 0.2460 0.4583 0.2460 0.4598 0.2125 0.4598 0.2125 0.4592 0.2447 0.4592 0.2447 0.4598 0.2113 0.4598 0.2113 0.4583 0.2125 0.4592 0.2125 0.4598 0.2100 0.4598 0.2100 0.4574 0.2113 0.4583 0.2113 0.4598 0.2119 0.4602 0.2119 0.4576 0.2452 0.4576 0.2452 0.4602 0.2460 0.4561 0.2460 0.4534 0.2472 0.4534 0.2472 0.4570 0.2447 0.4552 0.2447 0.4534 0.2460 0.4534 0.2460 0.4561 0.2125 0.4552 0.2125 0.4534 0.2198 0.4534 0.2205 0.4541 0.2356 0.4541 0.2363 0.4534 0.2447 0.4534 0.2447 0.4552 0.2113 0.4561 0.2113 0.4534 0.2125 0.4534 0.2125 0.4552 0.2100 0.4570 0.2100 0.4534 0.2113 0.4534 0.2113 0.4561 0.2119 0.4576 0.2119 0.4539 0.2206 0.4539 0.2213 0.4546 0.2370 0.4546 0.2377 0.4539 0.2452 0.4539 0.2452 0.4576 0.2460 0.4534 0.2460 0.4466 0.2472 0.4466 0.2472 0.4534 0.2447 0.4534 0.2447 0.4466 0.2460 0.4466 0.2460 0.4534 0.2125 0.4534 0.2125 0.4466 0.2191 0.4466 0.2191 0.4527 0.2198 0.4534 0.2113 0.4534 0.2113 0.4466 0.2125 0.4466 0.2125 0.4534 0.2100 0.4534 0.2100 0.4466 0.2113 0.4466 0.2113 0.4534 0.2119 0.4539 0.2119 0.4469 0.2199 0.4469 0.2199 0.4532 0.2206 0.4539 0.2460 0.4466 0.2460 0.4379 0.2472 0.4379 0.2472 0.4466 0.2447 0.4466 0.2447 0.4379 0.2460 0.4379 0.2460 0.4466 0.2125 0.4466 0.2125 0.4379 0.2191 0.4379 0.2191 0.4466 0.2113 0.4466 0.2113 0.4379 0.2125 0.4379 0.2125 0.4466 0.2100 0.4466 0.2100 0.4379 0.2113 0.4379 0.2113 0.4466 0.2119 0.4469 0.2119 0.4379 0.2199 0.4379 0.2199 0.4469 0.2460 0.4379 0.2460 0.4295 0.2472 0.4295 0.2472 0.4379 0.2447 0.4379 0.2447 0.4295 0.2460 0.4295 0.2460 0.4379 0.2125 0.4379 0.2125 0.4295 0.2447 0.4295 0.2447 0.4379 0.2370 0.4379 0.2370 0.4376 0.2356 0.4362 0.2205 0.4362 0.2191 0.4376 0.2191 0.4379 0.2113 0.4379 0.2113 0.4295 0.2125 0.4295 0.2125 0.4379 0.2100 0.4379 0.2100 0.4295 0.2113 0.4295 0.2113 0.4379 0.2119 0.4379 0.2119 0.4292 0.2452 0.4292 0.2452 0.4379 0.2384 0.4379 0.2384 0.4376 0.2370 0.4361 0.2213 0.4361 0.2199 0.4376 0.2199 0.4379 0.2119 0.4292 0.2110 0.4282 0.2119 0.4273 0.2452 0.4273 0.2462 0.4282 0.2452 0.4292 0.2119 0.4722 0.2452 0.4722 0.2462 0.4732 0.2452 0.4741 0.2119 0.4741 0.2110 0.4732 0.2363 0.4534 0.2370 0.4527 0.2370 0.4466 0.2447 0.4466 0.2447 0.4534 0.2370 0.4466 0.2370 0.4379 0.2447 0.4379 0.2447 0.4466 0.2377 0.4539 0.2384 0.4532 0.2384 0.4469 0.2452 0.4469 0.2452 0.4539 0.2384 0.4469 0.2384 0.4379 0.2452 0.4379 0.2452 0.4469 0.0000 0.2500 0.0000 0.2500 0.0000 0.2500 0.0000 0.2500 0.0000 0.2500 0.0000 0.2500 0.0000 0.2500 0.0000 0.2500 0.0000 0.2500 0.0000 0.2500 0.0000 0.2500 0.0000 0.2500 0.0000 0.2500 0.0000 0.2500 0.0000 0.2500 0.0000 0.2500 0.0000 0.2500 0.0000 0.2500 0.0000 0.2500 0.0000 0.2500 0.0000 0.2500 0.0000 0.2500 0.0000 0.2500 0.0000 0.2500 0.0000 0.2500 0.0000 0.2500 0.0000 0.2500 0.0000 0.2500 0.0000 0.2500 0.0000 0.2500 0.0000 0.2500 0.0000 0.2500 0.0000 0.2500 0.0000 0.2500 0.0000 0.2500 0.0000 0.2500 0.0000 0.2500 0.0000 0.2500 0.0000 0.2500 0.0000 0.2500 0.0000 0.2500 0.0000 0.2500 0.0000 0.2500 0.0000 0.2500 0.0000 0.2500 0.0000 0.2500 0.0000 0.2500 0.0000 0.2500 0.0000 0.2500 0.0000 0.2500 0.0000 0.2500 0.0000 0.2500 0.0000 0.2500 0.0000 0.2500 0.0000 0.2500 0.0000 0.2500 0.0000 0.2500 0.0000 0.2500 0.0000 0.2500 0.0000 0.2500 0.0000 0.2500 0.0000 0.2500 0.0000 0.2500 0.0000 0.2500 0.0000 0.2500 0.0000 0.2500 0.0000 0.2500 0.0000 0.2500 0.0000 0.2500 0.0000 0.2500 0.0000 0.2500 0.0000 0.2500 0.0000 0.2500 0.0000 0.2500 0.0000 0.2500 0.0000 0.2500 0.0000 0.2500 0.0000 0.2500 0.0000 0.2500 0.0000 0.2500 0.0000 0.2500 0.0000 0.2500 0.0000 0.2500 0.0000 0.2500 0.0000 0.2500 0.0000 0.2500 0.0000 0.2500 0.0000 0.2500 0.0000 0.2500 0.0000 0.2500 0.0000 0.2500 0.0000 0.2500 0.0000 0.2500 0.0000 0.2500 0.0000 0.2500 0.0000 0.2500 0.0000 0.2500 0.0000 0.2500 0.0000 0.2500 0.0000 0.2500 0.0000 0.2500 0.0000 0.2500 0.0000 0.2500 0.0000 0.2500 0.0000 0.2500 0.0000 0.2500 0.0000 0.2500 0.0000 0.2500 0.0000 0.2500 0.0000 0.2500 0.0000 0.2500 0.0000 0.2500 0.0000 0.2500 0.0000 0.2500 0.0000 0.2500 0.0000 0.2500 0.0000 0.2500 0.0000 0.2500 0.0000 0.2500 0.0000 0.2500 0.0000 0.2500 0.0000 0.2500 0.0000 0.2500 0.0000 0.2500 0.0000 0.2500 0.0000 0.2500 0.0000 0.2500 0.0000 0.2500 0.0633 0.4372 0.0590 0.4397 0.0547 0.4372 0.0547 0.4322 0.0590 0.4297 0.0633 0.4322 0.0217 0.4586 0.0190 0.4586 0.0190 0.4559 0.0217 0.4559 0.0190 0.4506 0.0163 0.4506 0.0163 0.4479 0.0190 0.4479 0.0217 0.4559 0.0190 0.4559 0.0190 0.4533 0.0217 0.4533 0.0190 0.4533 0.0163 0.4533 0.0163 0.4506 0.0190 0.4506 0.0217 0.4533 0.0190 0.4533 0.0190 0.4506 0.0217 0.4506 0.0190 0.4453 0.0163 0.4453 0.0163 0.4426 0.0190 0.4426 0.0190 0.4559 0.0163 0.4559 0.0163 0.4533 0.0190 0.4533 0.0217 0.4506 0.0190 0.4506 0.0190 0.4479 0.0217 0.4479 0.0799 0.4277 0.0843 0.4252 0.0886 0.4277 0.0886 0.4327 0.0843 0.4352 0.0799 0.4327 0.0190 0.4586 0.0163 0.4586 0.0163 0.4559 0.0190 0.4559 0.0217 0.4479 0.0190 0.4479 0.0190 0.4453 0.0217 0.4453 0.0190 0.4479 0.0163 0.4479 0.0163 0.4453 0.0190 0.4453 0.0217 0.4453 0.0190 0.4453 0.0190 0.4426 0.0217 0.4426 0.0301 0.4479 0.0274 0.4479 0.0274 0.4469 0.0301 0.4469 0.0301 0.4458 0.0329 0.4458 0.0329 0.4469 0.0301 0.4469 0.0784 0.4303 0.0807 0.4280 0.0840 0.4280 0.0863 0.4303 0.0863 0.4336 0.0840 0.4359 0.0807 0.4359 0.0784 0.4336 0.0301 0.4469 0.0329 0.4469 0.0329 0.4479 0.0301 0.4479 0.0301 0.4490 0.0274 0.4490 0.0274 0.4479 0.0301 0.4479 0.0301 0.4479 0.0329 0.4479 0.0329 0.4490 0.0301 0.4490 0.0301 0.4500 0.0274 0.4500 0.0274 0.4490 0.0301 0.4490 0.0301 0.4490 0.0329 0.4490 0.0329 0.4500 0.0301 0.4500 0.0301 0.4511 0.0274 0.4511 0.0274 0.4500 0.0301 0.4500 0.0301 0.4500 0.0329 0.4500 0.0329 0.4511 0.0301 0.4511 0.0301 0.4521 0.0274 0.4521 0.0274 0.4511 0.0301 0.4511 0.0301 0.4511 0.0329 0.4511 0.0329 0.4521 0.0301 0.4521 0.0594 0.4386 0.0570 0.4409 0.0538 0.4409 0.0515 0.4386 0.0515 0.4353 0.0538 0.4330 0.0570 0.4330 0.0594 0.4353 0.0301 0.4532 0.0274 0.4532 0.0274 0.4521 0.0301 0.4521 0.0301 0.4521 0.0329 0.4521 0.0329 0.4532 0.0301 0.4532 0.0301 0.4469 0.0274 0.4469 0.0274 0.4458 0.0301 0.4458 0.0301 0.4532 0.0329 0.4532 0.0329 0.4542 0.0301 0.4542 0.0301 0.4542 0.0274 0.4542 0.0274 0.4532 0.0301 0.4532 0.0314 0.4532 0.0320 0.4532 0.0320 0.4521 0.0314 0.4521 0.0314 0.4479 0.0320 0.4479 0.0320 0.4469 0.0314 0.4469 0.0314 0.4521 0.0320 0.4521 0.0320 0.4513 0.0320 0.4511 0.0314 0.4511 0.0314 0.4513 0.0314 0.4490 0.0320 0.4490 0.0320 0.4487 0.0320 0.4479 0.0314 0.4479 0.0314 0.4487 0.0314 0.4500 0.0320 0.4500 0.0320 0.4490 0.0314 0.4490 0.0314 0.4542 0.0320 0.4542 0.0320 0.4532 0.0314 0.4532 0.0314 0.4469 0.0320 0.4469 0.0320 0.4458 0.0314 0.4458 0.0314 0.4511 0.0320 0.4511 0.0320 0.4500 0.0314 0.4500 " />
						</IndexedFaceSet>
					</Shape>
				</Group>
			</Transform>
		</Transform>
		<Transform DEF="conector-suelo-plano_TRANSFORM"
		           translation="0.540000 0.575156 2.700000"
		           scale="1.000000 1.000000 1.000000"
		           rotation="0.000000 0.707107 0.707107 3.141593"
		           >
			<Transform DEF="conector-suelo-plano_ifs_TRANSFORM"
			           translation="0.000000 0.000000 0.000000"
			           scale="1.000000 1.000000 1.000000"
			           rotation="0.000000 1.000000 0.000000 0.000000"
			           >
				<Group DEF="group_ME_conector-suelo-plano">
					<Shape>
						<Appearance>
							<Material USE="MA_hiper-atlas" />
						</Appearance>
						<IndexedFaceSet solid="false"
						                texCoordIndex="0 1 2 3 -1 4 5 6 7 -1 8 9 10 11 -1 12 13 14 15 -1 16 17 18 19 -1 20 21 22 23 -1 24 25 26 27 -1 28 29 30 31 -1 32 33 34 35 -1 36 37 38 39 -1 40 41 42 43 -1 44 45 46 47 -1 48 49 50 51 -1 52 53 54 55 -1 56 57 58 59 -1 60 61 62 63 -1 64 65 66 67 -1 68 69 70 71 -1 72 73 74 75 -1 76 77 78 79 -1 80 81 82 83 -1 84 85 86 87 -1 88 89 90 91 -1 92 93 94 95 -1 96 97 98 99 -1 100 101 102 103 -1 104 105 106 107 -1 108 109 110 111 -1 112 113 114 115 -1 116 117 118 119 -1 120 121 122 123 -1 124 125 126 127 -1 128 129 130 131 -1 132 133 134 135 -1 136 137 138 139 -1 140 141 142 143 -1 144 145 146 147 -1 148 149 150 151 -1 152 153 154 155 -1 156 157 158 159 -1 160 161 162 163 -1 164 165 166 167 -1 168 169 170 171 -1 172 173 174 175 -1 176 177 178 179 -1 180 181 182 183 -1 184 185 186 187 -1 188 189 190 191 -1 192 193 194 195 -1 196 197 198 199 -1 200 201 202 203 -1 204 205 206 207 -1 208 209 210 211 -1 212 213 214 215 -1 216 217 218 219 -1 220 221 222 223 -1 224 225 226 227 -1 228 229 230 231 -1 232 233 234 235 -1 236 237 238 239 -1 240 241 242 243 -1 244 245 246 247 248 249 250 251 -1 252 253 254 255 256 257 -1 258 259 260 261 262 263 264 265 -1 266 267 268 269 270 271 -1 272 273 274 275 276 277 278 279 -1 280 281 282 283 284 285 -1 286 287 288 289 290 291 292 293 -1 294 295 296 297 298 299 -1 300 301 302 303 -1 304 305 306 307 -1 308 309 310 311 -1 312 313 314 315 -1 316 317 318 319 -1 320 321 322 323 -1 324 325 326 327 -1 328 329 330 331 -1 332 333 334 335 -1 336 337 338 339 -1 340 341 342 343 -1 344 345 346 347 -1 348 349 350 351 -1 352 353 354 355 -1 356 357 358 359 -1 360 361 362 363 -1 364 365 366 367 -1 368 369 370 371 -1 372 373 374 375 -1 376 377 378 379 -1 380 381 382 383 -1 384 385 386 387 -1 388 389 390 391 -1 392 393 394 395 -1 396 397 398 399 -1 400 401 402 403 -1 404 405 406 407 -1 408 409 410 411 -1 412 413 414 415 -1 416 417 418 419 -1 420 421 422 423 -1 424 425 426 427 -1 428 429 430 431 -1 432 433 434 435 -1 436 437 438 439 -1 440 441 442 443 -1 444 445 446 447 -1 448 449 450 451 -1 452 453 454 455 -1 456 457 458 459 -1 460 461 462 463 -1 464 465 466 467 -1 468 469 470 471 -1 472 473 474 475 -1 476 477 478 479 -1 480 481 482 483 -1 484 485 486 487 -1 488 489 490 491 -1 492 493 494 495 -1 496 497 498 499 -1 500 501 502 503 -1 "
						                coordIndex="169 170 163 160 -1 165 121 125 164 -1 170 118 122 163 -1 174 114 112 171 -1 173 174 171 168 -1 2 3 5 4 -1 18 19 21 20 -1 4 5 7 6 -1 16 17 19 18 -1 6 7 9 8 -1 22 23 0 1 -1 14 15 17 16 -1 8 9 11 10 -1 1 0 15 14 -1 10 11 13 12 -1 20 21 23 22 -1 12 13 3 2 -1 52 53 55 54 -1 26 27 29 28 -1 28 29 31 30 -1 50 51 53 52 -1 30 31 33 32 -1 48 49 51 50 -1 32 33 35 34 -1 46 47 49 48 -1 34 35 37 36 -1 44 45 47 46 -1 36 37 39 38 -1 42 43 45 44 -1 38 39 41 40 -1 54 55 24 25 -1 40 41 27 26 -1 25 24 43 42 -1 58 59 61 60 -1 74 75 77 76 -1 60 61 63 62 -1 72 73 75 74 -1 62 63 65 64 -1 78 79 56 57 -1 70 71 73 72 -1 64 65 67 66 -1 57 56 71 70 -1 66 67 69 68 -1 76 77 79 78 -1 68 69 59 58 -1 108 109 111 110 -1 82 83 85 84 -1 84 85 87 86 -1 106 107 109 108 -1 86 87 89 88 -1 104 105 107 106 -1 88 89 91 90 -1 102 103 105 104 -1 90 91 93 92 -1 100 101 103 102 -1 92 93 95 94 -1 98 99 101 100 -1 94 95 97 96 -1 110 111 80 81 -1 96 97 83 82 -1 81 80 99 98 -1 51 49 47 45 43 24 55 53 -1 21 19 17 15 0 23 -1 107 105 103 101 99 80 111 109 -1 77 75 73 71 56 79 -1 29 27 41 39 37 35 33 31 -1 5 3 13 11 9 7 -1 85 83 97 95 93 91 89 87 -1 61 59 69 67 65 63 -1 165 166 175 172 -1 161 162 167 164 -1 132 140 143 135 -1 128 136 141 133 -1 129 137 136 128 -1 133 141 140 132 -1 134 142 139 131 -1 130 138 137 129 -1 135 143 142 134 -1 131 139 138 130 -1 146 149 157 154 -1 150 147 155 158 -1 151 150 158 159 -1 147 146 154 155 -1 148 145 153 156 -1 144 151 159 152 -1 149 148 156 157 -1 145 144 152 153 -1 132 135 149 146 -1 131 130 144 145 -1 143 140 154 157 -1 138 139 153 152 -1 133 132 146 147 -1 140 141 155 154 -1 135 134 148 149 -1 142 143 157 156 -1 129 128 150 151 -1 136 137 159 158 -1 130 129 151 144 -1 137 138 152 159 -1 128 133 147 150 -1 141 136 158 155 -1 134 131 145 148 -1 139 142 156 153 -1 121 165 172 117 -1 169 119 113 168 -1 116 175 166 120 -1 160 163 162 161 -1 166 165 164 167 -1 174 173 172 175 -1 170 169 168 171 -1 125 127 161 164 -1 163 122 126 162 -1 118 170 171 112 -1 162 126 124 167 -1 120 166 167 124 -1 114 174 175 116 -1 117 172 173 115 -1 115 173 168 113 -1 161 127 123 160 -1 160 123 119 169 -1 "
						                >
							<Coordinate DEF="coords_ME_conector-suelo-plano"
							            point="0.073291 0.075605 0.029033 0.073291 0.075605 0.019033 -0.066709 0.075605 0.019033 -0.066709 0.075605 0.029033 -0.058049 0.070605 0.019033 -0.058049 0.070605 0.029033 -0.058049 0.060605 0.019033 -0.058049 0.060605 0.029033 -0.066709 0.055605 0.019033 -0.066709 0.055605 0.029033 -0.075370 0.060605 0.019033 -0.075370 0.060605 0.029033 -0.075370 0.070605 0.019033 -0.075370 0.070605 0.029033 0.081951 0.070605 0.019033 0.081951 0.070605 0.029033 0.081951 0.060605 0.019033 0.081951 0.060605 0.029033 0.073291 0.055605 0.019033 0.073291 0.055605 0.029033 0.064630 0.060605 0.019033 0.064630 0.060605 0.029033 0.064630 0.070605 0.019033 0.064630 0.070605 0.029033 0.073167 0.070498 0.039172 0.073167 0.070498 0.028894 -0.066833 0.070498 0.028894 -0.066833 0.070498 0.039172 -0.063199 0.068993 0.028894 -0.063199 0.068993 0.039172 -0.061694 0.065359 0.028894 -0.061694 0.065359 0.039172 -0.063199 0.061725 0.028894 -0.063199 0.061725 0.039172 -0.066833 0.060220 0.028894 -0.066833 0.060220 0.039172 -0.070467 0.061725 0.028894 -0.070467 0.061725 0.039172 -0.071972 0.065359 0.028894 -0.071972 0.065359 0.039172 -0.070467 0.068993 0.028894 -0.070467 0.068993 0.039172 0.076801 0.068993 0.028894 0.076801 0.068993 0.039172 0.078306 0.065359 0.028894 0.078306 0.065359 0.039172 0.076801 0.061725 0.028894 0.076801 0.061725 0.039172 0.073167 0.060220 0.028894 0.073167 0.060220 0.039172 0.069533 0.061725 0.028894 0.069533 0.061725 0.039172 0.068028 0.065359 0.028894 0.068028 0.065359 0.039172 0.069533 0.068993 0.028894 0.069533 0.068993 0.039172 0.073291 -0.058395 0.029033 0.073291 -0.058395 0.019033 -0.066709 -0.058395 0.019033 -0.066709 -0.058395 0.029033 -0.058049 -0.063395 0.019033 -0.058049 -0.063395 0.029033 -0.058049 -0.073395 0.019033 -0.058049 -0.073395 0.029033 -0.066709 -0.078395 0.019033 -0.066709 -0.078395 0.029033 -0.075370 -0.073395 0.019033 -0.075370 -0.073395 0.029033 -0.075370 -0.063395 0.019033 -0.075370 -0.063395 0.029033 0.081951 -0.063395 0.019033 0.081951 -0.063395 0.029033 0.081951 -0.073395 0.019033 0.081951 -0.073395 0.029033 0.073291 -0.078395 0.019033 0.073291 -0.078395 0.029033 0.064630 -0.073395 0.019033 0.064630 -0.073395 0.029033 0.064630 -0.063395 0.019033 0.064630 -0.063395 0.029033 0.073167 -0.063502 0.039172 0.073167 -0.063502 0.028894 -0.066833 -0.063502 0.028894 -0.066833 -0.063502 0.039172 -0.063199 -0.065007 0.028894 -0.063199 -0.065007 0.039172 -0.061694 -0.068641 0.028894 -0.061694 -0.068641 0.039172 -0.063199 -0.072275 0.028894 -0.063199 -0.072275 0.039172 -0.066833 -0.073780 0.028894 -0.066833 -0.073780 0.039172 -0.070467 -0.072275 0.028894 -0.070467 -0.072275 0.039172 -0.071972 -0.068641 0.028894 -0.071972 -0.068641 0.039172 -0.070467 -0.065007 0.028894 -0.070467 -0.065007 0.039172 0.076801 -0.065007 0.028894 0.076801 -0.065007 0.039172 0.078306 -0.068641 0.028894 0.078306 -0.068641 0.039172 0.076801 -0.072275 0.028894 0.076801 -0.072275 0.039172 0.073167 -0.073780 0.028894 0.073167 -0.073780 0.039172 0.069533 -0.072275 0.028894 0.069533 -0.072275 0.039172 0.068028 -0.068641 0.028894 0.068028 -0.068641 0.039172 0.069533 -0.065007 0.028894 0.069533 -0.065007 0.039172 0.058196 -0.045055 0.018082 0.058196 -0.045055 -0.001918 0.058196 0.049096 0.018082 0.058196 0.049096 -0.001918 0.049601 0.057691 0.018082 0.049601 0.057691 -0.001918 0.049601 -0.053650 0.018082 0.049601 -0.053650 -0.001918 -0.044550 0.057691 0.018082 -0.044550 0.057691 -0.001918 -0.044550 -0.053650 0.018082 -0.044550 -0.053650 -0.001918 -0.053145 0.049096 0.018082 -0.053145 0.049096 -0.001918 -0.053145 -0.045055 0.018082 -0.053145 -0.045055 -0.001918 0.052526 0.044301 0.026346 0.044806 0.052021 0.026346 -0.039755 0.052021 0.026346 -0.047474 0.044301 0.026346 0.044806 -0.047979 0.026346 0.052526 -0.040260 0.026346 -0.047474 -0.040260 0.026346 -0.039755 -0.047979 0.026346 0.052526 0.044301 -0.002605 0.044806 0.052021 -0.002605 -0.039755 0.052021 -0.002605 -0.047474 0.044301 -0.002605 0.044806 -0.047979 -0.002605 0.052526 -0.040260 -0.002605 -0.047474 -0.040260 -0.002605 -0.039755 -0.047979 -0.002605 -0.044550 0.057691 0.026346 -0.053145 0.049096 0.026346 0.049601 -0.053650 0.026346 0.058196 -0.045055 0.026346 -0.053145 -0.045055 0.026346 -0.044550 -0.053650 0.026346 0.058196 0.049096 0.026346 0.049601 0.057691 0.026346 -0.044550 0.057691 -0.002605 -0.053145 0.049096 -0.002605 0.049601 -0.053650 -0.002605 0.058196 -0.045055 -0.002605 -0.053145 -0.045055 -0.002605 -0.044550 -0.053650 -0.002605 0.058196 0.049096 -0.002605 0.049601 0.057691 -0.002605 -0.089555 -0.097980 -0.001918 -0.097474 -0.090060 -0.001918 -0.097474 -0.090060 0.018082 -0.089555 -0.097980 0.018082 -0.097474 0.094101 -0.001918 -0.089555 0.102021 -0.001918 -0.089555 0.102021 0.018082 -0.097474 0.094101 0.018082 0.102526 -0.090060 -0.001918 0.094606 -0.097980 -0.001918 0.094606 -0.097980 0.018082 0.102526 -0.090060 0.018082 0.094606 0.102021 -0.001918 0.102526 0.094101 -0.001918 0.102526 0.094101 0.018082 0.094606 0.102021 0.018082 "
							            />
							<TextureCoordinate point="0.0455 0.4672 0.0422 0.4661 0.0423 0.4346 0.0462 0.4347 0.0086 0.4333 0.0165 0.4410 0.0150 0.4425 0.0073 0.4346 0.0422 0.4661 0.0345 0.4589 0.0347 0.4430 0.0423 0.4346 0.0093 0.4684 0.0168 0.4604 0.0331 0.4604 0.0412 0.4678 0.0084 0.4719 0.0093 0.4684 0.0412 0.4678 0.0412 0.4718 0.1192 0.4285 0.1232 0.4285 0.1232 0.4324 0.1192 0.4324 0.1312 0.4404 0.1272 0.4404 0.1272 0.4364 0.1312 0.4364 0.1192 0.4324 0.1232 0.4324 0.1232 0.4364 0.1192 0.4364 0.1312 0.4443 0.1272 0.4443 0.1272 0.4404 0.1312 0.4404 0.1192 0.4364 0.1232 0.4364 0.1232 0.4404 0.1192 0.4404 0.1312 0.4324 0.1272 0.4324 0.1272 0.4285 0.1312 0.4285 0.1312 0.4483 0.1272 0.4483 0.1272 0.4443 0.1312 0.4443 0.1192 0.4404 0.1232 0.4404 0.1232 0.4443 0.1192 0.4443 0.1312 0.4522 0.1272 0.4522 0.1272 0.4483 0.1312 0.4483 0.1192 0.4443 0.1232 0.4443 0.1232 0.4483 0.1192 0.4483 0.1312 0.4364 0.1272 0.4364 0.1272 0.4324 0.1312 0.4324 0.1192 0.4483 0.1232 0.4483 0.1232 0.4522 0.1192 0.4522 0.1413 0.4384 0.1354 0.4384 0.1354 0.4362 0.1413 0.4362 0.1413 0.4517 0.1354 0.4517 0.1354 0.4495 0.1413 0.4495 0.1413 0.4495 0.1354 0.4495 0.1354 0.4473 0.1413 0.4473 0.1413 0.4406 0.1354 0.4406 0.1354 0.4384 0.1413 0.4384 0.1413 0.4473 0.1354 0.4473 0.1354 0.4451 0.1413 0.4451 0.1413 0.4428 0.1354 0.4428 0.1354 0.4406 0.1413 0.4406 0.1413 0.4451 0.1354 0.4451 0.1354 0.4428 0.1413 0.4428 0.1413 0.4451 0.1354 0.4451 0.1354 0.4428 0.1413 0.4428 0.1413 0.4428 0.1354 0.4428 0.1354 0.4406 0.1413 0.4406 0.1413 0.4473 0.1354 0.4473 0.1354 0.4451 0.1413 0.4451 0.1413 0.4406 0.1354 0.4406 0.1354 0.4384 0.1413 0.4384 0.1413 0.4495 0.1354 0.4495 0.1354 0.4473 0.1413 0.4473 0.1413 0.4384 0.1354 0.4384 0.1354 0.4362 0.1413 0.4362 0.1413 0.4362 0.1354 0.4362 0.1354 0.4339 0.1413 0.4339 0.1413 0.4362 0.1354 0.4362 0.1354 0.4339 0.1413 0.4339 0.1413 0.4517 0.1354 0.4517 0.1354 0.4495 0.1413 0.4495 0.1152 0.4285 0.1191 0.4285 0.1191 0.4324 0.1152 0.4324 0.1272 0.4404 0.1232 0.4404 0.1232 0.4364 0.1272 0.4364 0.1152 0.4324 0.1191 0.4324 0.1191 0.4364 0.1152 0.4364 0.1272 0.4443 0.1232 0.4443 0.1232 0.4404 0.1272 0.4404 0.1152 0.4364 0.1191 0.4364 0.1191 0.4404 0.1152 0.4404 0.1272 0.4324 0.1232 0.4324 0.1232 0.4285 0.1272 0.4285 0.1272 0.4483 0.1232 0.4483 0.1232 0.4443 0.1272 0.4443 0.1152 0.4404 0.1191 0.4404 0.1191 0.4443 0.1152 0.4443 0.1272 0.4522 0.1232 0.4522 0.1232 0.4483 0.1272 0.4483 0.1152 0.4443 0.1191 0.4443 0.1191 0.4483 0.1152 0.4483 0.1272 0.4364 0.1232 0.4364 0.1232 0.4324 0.1272 0.4324 0.1152 0.4483 0.1191 0.4483 0.1191 0.4522 0.1152 0.4522 0.1354 0.4473 0.1413 0.4473 0.1413 0.4495 0.1354 0.4495 0.1413 0.4517 0.1354 0.4517 0.1354 0.4495 0.1413 0.4495 0.1413 0.4495 0.1354 0.4495 0.1354 0.4473 0.1413 0.4473 0.1354 0.4451 0.1413 0.4451 0.1413 0.4473 0.1354 0.4473 0.1413 0.4473 0.1354 0.4473 0.1354 0.4451 0.1413 0.4451 0.1354 0.4428 0.1413 0.4428 0.1413 0.4451 0.1354 0.4451 0.1413 0.4451 0.1354 0.4451 0.1354 0.4428 0.1413 0.4428 0.1354 0.4406 0.1413 0.4406 0.1413 0.4428 0.1354 0.4428 0.1413 0.4428 0.1354 0.4428 0.1354 0.4406 0.1413 0.4406 0.1354 0.4384 0.1413 0.4384 0.1413 0.4406 0.1354 0.4406 0.1413 0.4406 0.1354 0.4406 0.1354 0.4384 0.1413 0.4384 0.1354 0.4362 0.1413 0.4362 0.1413 0.4384 0.1354 0.4384 0.1413 0.4384 0.1354 0.4384 0.1354 0.4362 0.1413 0.4362 0.1354 0.4495 0.1413 0.4495 0.1413 0.4517 0.1354 0.4517 0.1413 0.4362 0.1354 0.4362 0.1354 0.4339 0.1413 0.4339 0.1354 0.4339 0.1413 0.4339 0.1413 0.4362 0.1354 0.4362 0.1933 0.2844 0.1933 0.2821 0.1949 0.2806 0.1971 0.2806 0.1987 0.2821 0.1987 0.2844 0.1971 0.2859 0.1949 0.2859 0.2031 0.2890 0.1982 0.2919 0.1933 0.2890 0.1933 0.2834 0.1982 0.2806 0.2031 0.2834 0.1933 0.2844 0.1933 0.2821 0.1949 0.2806 0.1971 0.2806 0.1987 0.2821 0.1987 0.2844 0.1971 0.2859 0.1949 0.2859 0.2031 0.2834 0.2031 0.2890 0.1982 0.2919 0.1933 0.2890 0.1933 0.2834 0.1982 0.2806 0.1949 0.2859 0.1933 0.2844 0.1933 0.2821 0.1949 0.2806 0.1971 0.2806 0.1987 0.2821 0.1987 0.2844 0.1971 0.2859 0.1982 0.2806 0.2031 0.2834 0.2031 0.2890 0.1982 0.2919 0.1933 0.2890 0.1933 0.2834 0.1949 0.2859 0.1933 0.2844 0.1933 0.2821 0.1949 0.2806 0.1971 0.2806 0.1987 0.2821 0.1987 0.2844 0.1971 0.2859 0.2031 0.2834 0.2031 0.2890 0.1982 0.2919 0.1933 0.2890 0.1933 0.2834 0.1982 0.2806 0.0045 0.4346 0.0078 0.4357 0.0074 0.4674 0.0034 0.4673 0.0414 0.4303 0.0405 0.4337 0.0088 0.4341 0.0088 0.4301 0.0285 0.3527 0.0229 0.3526 0.0247 0.3389 0.0281 0.3391 0.0279 0.3713 0.0223 0.3712 0.0228 0.3547 0.0283 0.3546 0.0279 0.3732 0.0222 0.3734 0.0223 0.3712 0.0279 0.3713 0.0283 0.3546 0.0228 0.3547 0.0229 0.3526 0.0285 0.3527 0.0283 0.4091 0.0231 0.4091 0.0222 0.3924 0.0280 0.3920 0.0281 0.3900 0.0222 0.3902 0.0222 0.3734 0.0279 0.3732 0.0278 0.4109 0.0235 0.4109 0.0231 0.4091 0.0283 0.4091 0.0280 0.3920 0.0222 0.3924 0.0222 0.3902 0.0281 0.3900 0.0173 0.3522 0.0190 0.3375 0.0240 0.3381 0.0219 0.3528 0.0162 0.3710 0.0171 0.3543 0.0217 0.3543 0.0212 0.3715 0.0161 0.3733 0.0162 0.3710 0.0212 0.3715 0.0210 0.3730 0.0171 0.3543 0.0173 0.3522 0.0219 0.3528 0.0217 0.3543 0.0173 0.4105 0.0159 0.3926 0.0210 0.3921 0.0219 0.4096 0.0158 0.3903 0.0161 0.3733 0.0210 0.3730 0.0210 0.3905 0.0178 0.4125 0.0173 0.4105 0.0219 0.4096 0.0225 0.4113 0.0159 0.3926 0.0158 0.3903 0.0210 0.3905 0.0210 0.3921 0.0285 0.3527 0.0281 0.3391 0.0290 0.3384 0.0294 0.3530 0.0280 0.3920 0.0281 0.3900 0.0291 0.3903 0.0291 0.3916 0.0247 0.3389 0.0229 0.3526 0.0219 0.3528 0.0240 0.3381 0.0222 0.3902 0.0222 0.3924 0.0210 0.3921 0.0210 0.3905 0.0283 0.3546 0.0285 0.3527 0.0294 0.3530 0.0294 0.3542 0.0229 0.3526 0.0228 0.3547 0.0217 0.3543 0.0219 0.3528 0.0278 0.4109 0.0283 0.4091 0.0294 0.4098 0.0287 0.4113 0.0231 0.4091 0.0235 0.4109 0.0225 0.4113 0.0219 0.4096 0.0279 0.3732 0.0279 0.3713 0.0290 0.3717 0.0289 0.3729 0.0223 0.3712 0.0222 0.3734 0.0210 0.3730 0.0212 0.3715 0.0281 0.3900 0.0279 0.3732 0.0289 0.3729 0.0291 0.3903 0.0222 0.3734 0.0222 0.3902 0.0210 0.3905 0.0210 0.3730 0.0279 0.3713 0.0283 0.3546 0.0294 0.3542 0.0290 0.3717 0.0228 0.3547 0.0223 0.3712 0.0212 0.3715 0.0217 0.3543 0.0283 0.4091 0.0280 0.3920 0.0291 0.3916 0.0294 0.4098 0.0222 0.3924 0.0231 0.4091 0.0219 0.4096 0.0210 0.3921 0.0165 0.4410 0.0086 0.4333 0.0409 0.4333 0.0330 0.4410 0.0409 0.4683 0.0330 0.4605 0.0345 0.4590 0.0423 0.4669 0.0153 0.4589 0.0074 0.4674 0.0078 0.4357 0.0155 0.4429 0.0434 0.4310 0.0423 0.4346 0.0405 0.4337 0.0414 0.4303 0.0078 0.4357 0.0045 0.4346 0.0053 0.4326 0.0088 0.4341 0.0093 0.4684 0.0084 0.4719 0.0062 0.4712 0.0074 0.4674 0.0422 0.4661 0.0455 0.4672 0.0447 0.4692 0.0412 0.4678 0.0150 0.4425 0.0150 0.4590 0.0073 0.4669 0.0073 0.4346 0.0423 0.4346 0.0347 0.4430 0.0331 0.4415 0.0405 0.4337 0.0345 0.4589 0.0422 0.4661 0.0412 0.4678 0.0331 0.4604 0.0405 0.4337 0.0331 0.4415 0.0169 0.4414 0.0088 0.4341 0.0155 0.4429 0.0078 0.4357 0.0088 0.4341 0.0169 0.4414 0.0168 0.4604 0.0093 0.4684 0.0074 0.4674 0.0153 0.4589 0.0330 0.4410 0.0409 0.4333 0.0423 0.4346 0.0345 0.4425 0.0345 0.4425 0.0423 0.4346 0.0423 0.4669 0.0345 0.4590 0.0073 0.4669 0.0150 0.4590 0.0165 0.4605 0.0086 0.4683 0.0086 0.4683 0.0165 0.4605 0.0330 0.4605 0.0409 0.4683 " />
						</IndexedFaceSet>
					</Shape>
				</Group>
			</Transform>
		</Transform>
		<Transform DEF="escalera-aluminio-de-pared_TRANSFORM"
		           translation="-1.300000 0.050992 0.004689"
		           scale="1.000000 1.000000 1.000000"
		           rotation="0.281085 -0.678598 -0.678598 2.593564"
		           >
			<Transform DEF="escalera-aluminio-de-pared_ifs_TRANSFORM"
			           translation="-0.000000 -0.000000 0.000000"
			           scale="1.000000 1.000000 1.000000"
			           rotation="0.000000 1.000000 0.000000 0.000000"
			           >
				<Group DEF="group_ME_escalera-aluminio">
					<Shape>
						<Appearance>
							<Material USE="MA_hiper-atlas" />
						</Appearance>
						<IndexedFaceSet solid="false"
						                texCoordIndex="0 1 2 3 4 5 6 7 8 9 10 11 12 13 14 15 16 17 18 19 -1 20 21 22 23 -1 24 25 26 27 -1 28 29 30 31 -1 32 33 34 35 -1 36 37 38 39 -1 40 41 42 43 44 45 46 47 48 49 50 51 52 53 54 55 56 57 58 59 60 61 -1 62 63 64 65 66 67 68 69 70 71 72 73 74 75 76 77 78 79 -1 80 81 82 83 -1 84 85 86 87 88 89 90 91 92 93 94 95 96 97 98 99 -1 100 101 102 103 -1 104 105 106 107 -1 108 109 110 111 -1 112 113 114 115 -1 116 117 118 119 -1 120 121 122 123 -1 124 125 126 127 -1 128 129 130 131 -1 132 133 134 135 -1 136 137 138 139 -1 140 141 142 143 -1 144 145 146 147 -1 148 149 150 151 -1 152 153 154 155 -1 156 157 158 159 -1 160 161 162 163 -1 164 165 166 167 -1 168 169 170 171 -1 172 173 174 175 -1 176 177 178 179 -1 180 181 182 183 -1 184 185 186 187 -1 188 189 190 191 -1 192 193 194 195 -1 196 197 198 199 -1 200 201 202 203 -1 204 205 206 207 -1 208 209 210 211 -1 212 213 214 215 -1 216 217 218 219 -1 220 221 222 223 -1 224 225 226 227 -1 228 229 230 231 -1 232 233 234 235 -1 236 237 238 239 -1 240 241 242 243 -1 244 245 246 247 248 249 250 251 252 253 254 255 256 257 258 259 -1 260 261 262 263 264 265 266 267 268 269 270 271 272 273 274 275 276 277 278 279 -1 280 281 282 283 284 285 286 287 288 289 290 291 292 293 294 295 296 297 -1 298 299 300 301 302 303 304 305 306 307 308 309 310 311 312 313 -1 314 315 316 317 -1 318 319 320 321 -1 322 323 324 325 -1 326 327 328 329 -1 330 331 332 333 -1 334 335 336 337 -1 338 339 340 341 -1 342 343 344 345 -1 346 347 348 349 -1 350 351 352 353 -1 354 355 356 357 -1 358 359 360 361 -1 362 363 364 365 366 367 368 369 370 371 372 373 374 375 376 377 378 379 380 381 382 383 -1 384 385 386 387 388 389 390 391 392 393 394 395 396 397 398 399 400 401 402 403 -1 404 405 406 407 -1 408 409 410 411 -1 412 413 414 415 416 417 418 419 420 421 422 423 424 425 426 427 -1 428 429 430 431 432 433 434 435 436 437 438 439 440 441 442 443 444 445 446 -1 447 448 449 450 -1 451 452 453 454 -1 455 456 457 458 -1 459 460 461 462 -1 463 464 465 466 467 468 469 470 471 472 473 474 475 476 477 478 479 480 481 482 -1 483 484 485 486 -1 487 488 489 490 -1 491 492 493 494 495 496 497 498 499 500 501 502 503 504 505 506 507 508 -1 509 510 511 512 -1 513 514 515 516 -1 517 518 519 520 -1 521 522 523 524 -1 525 526 527 528 -1 529 530 531 532 -1 533 534 535 536 -1 537 538 539 540 -1 541 542 543 544 -1 545 546 547 548 -1 549 550 551 552 -1 553 554 555 556 -1 557 558 559 560 -1 561 562 563 564 -1 565 566 567 568 569 570 571 572 573 574 575 576 577 578 579 580 581 582 583 584 -1 585 586 587 588 -1 589 590 591 592 -1 593 594 595 596 -1 597 598 599 600 -1 601 602 603 604 605 606 607 608 609 610 611 612 613 614 615 616 617 618 619 620 621 622 -1 623 624 625 626 -1 627 628 629 630 -1 631 632 633 634 -1 635 636 637 638 -1 639 640 641 642 -1 643 644 645 646 -1 647 648 649 650 651 652 653 654 655 656 657 658 659 660 661 662 -1 663 664 665 666 -1 667 668 669 670 -1 671 672 673 674 -1 675 676 677 678 -1 679 680 681 682 -1 683 684 685 686 -1 687 688 689 690 -1 691 692 693 694 -1 695 696 697 698 -1 699 700 701 702 -1 703 704 705 706 707 708 709 710 711 712 713 714 715 716 717 718 719 720 721 722 -1 723 724 725 726 -1 727 728 729 730 -1 731 732 733 734 -1 735 736 737 738 -1 739 740 741 742 -1 743 744 745 746 -1 747 748 749 750 -1 751 752 753 754 -1 755 756 757 758 -1 759 760 761 762 -1 763 764 765 766 767 768 769 770 771 772 773 774 775 776 777 778 779 780 781 782 -1 783 784 785 786 -1 787 788 789 790 -1 791 792 793 794 -1 795 796 797 798 -1 799 800 801 802 -1 803 804 805 806 -1 807 808 809 810 811 812 813 814 815 816 817 818 819 820 821 822 823 824 -1 825 826 827 828 -1 829 830 831 832 -1 833 834 835 836 -1 837 838 839 840 -1 841 842 843 844 -1 845 846 847 848 -1 849 850 851 852 853 854 855 856 857 858 859 860 861 862 863 864 -1 865 866 867 868 -1 869 870 871 872 -1 873 874 875 876 -1 877 878 879 880 -1 881 882 883 884 -1 885 886 887 888 -1 889 890 891 892 -1 893 894 895 896 -1 897 898 899 900 -1 901 902 903 904 -1 905 906 907 908 -1 909 910 911 912 -1 913 914 915 916 -1 917 918 919 920 -1 921 922 923 924 -1 925 926 927 928 -1 929 930 931 932 -1 933 934 935 936 -1 937 938 939 940 941 -1 942 943 944 945 -1 946 947 948 949 -1 950 951 952 953 -1 954 955 956 957 958 959 960 961 962 963 964 965 966 967 968 969 970 971 972 973 974 975 -1 976 977 978 979 -1 980 981 982 983 -1 984 985 986 987 -1 988 989 990 991 -1 992 993 994 995 -1 996 997 998 999 -1 1000 1001 1002 1003 -1 1004 1005 1006 1007 -1 1008 1009 1010 1011 -1 1012 1013 1014 1015 -1 1016 1017 1018 1019 -1 1020 1021 1022 1023 -1 1024 1025 1026 1027 -1 1028 1029 1030 1031 -1 1032 1033 1034 1035 -1 1036 1037 1038 1039 -1 1040 1041 1042 1043 -1 1044 1045 1046 1047 -1 1048 1049 1050 1051 -1 1052 1053 1054 1055 -1 1056 1057 1058 1059 -1 1060 1061 1062 1063 -1 1064 1065 1066 1067 -1 1068 1069 1070 1071 -1 1072 1073 1074 1075 -1 1076 1077 1078 1079 -1 1080 1081 1082 1083 -1 1084 1085 1086 1087 -1 1088 1089 1090 1091 -1 1092 1093 1094 1095 -1 1096 1097 1098 1099 -1 1100 1101 1102 1103 -1 1104 1105 1106 1107 -1 1108 1109 1110 1111 -1 1112 1113 1114 1115 -1 1116 1117 1118 1119 -1 1120 1121 1122 1123 -1 1124 1125 1126 1127 -1 1128 1129 1130 1131 -1 1132 1133 1134 1135 -1 1136 1137 1138 1139 1140 1141 1142 1143 1144 1145 1146 1147 1148 1149 1150 1151 1152 1153 -1 1154 1155 1156 1157 -1 1158 1159 1160 1161 -1 1162 1163 1164 1165 -1 1166 1167 1168 1169 -1 1170 1171 1172 1173 -1 1174 1175 1176 1177 -1 1178 1179 1180 1181 -1 1182 1183 1184 1185 -1 1186 1187 1188 1189 -1 1190 1191 1192 1193 -1 1194 1195 1196 1197 -1 1198 1199 1200 1201 -1 1202 1203 1204 1205 -1 1206 1207 1208 1209 -1 1210 1211 1212 1213 -1 1214 1215 1216 1217 -1 1218 1219 1220 1221 1222 1223 1224 1225 1226 1227 1228 1229 1230 1231 1232 1233 -1 1234 1235 1236 1237 -1 1238 1239 1240 1241 -1 1242 1243 1244 1245 -1 1246 1247 1248 1249 -1 1250 1251 1252 1253 -1 1254 1255 1256 1257 -1 1258 1259 1260 1261 1262 1263 1264 1265 -1 1266 1267 1268 1269 -1 1270 1271 1272 1273 -1 1274 1275 1276 1277 -1 1278 1279 1280 1281 -1 1282 1283 1284 1285 -1 1286 1287 1288 1289 -1 1290 1291 1292 1293 1294 1295 1296 1297 -1 1298 1299 1300 1301 -1 1302 1303 1304 1305 -1 1306 1307 1308 1309 1310 1311 1312 1313 -1 1314 1315 1316 1317 -1 1318 1319 1320 1321 -1 1322 1323 1324 1325 -1 1326 1327 1328 1329 -1 1330 1331 1332 1333 -1 1334 1335 1336 1337 -1 1338 1339 1340 1341 1342 1343 1344 1345 -1 1346 1347 1348 1349 -1 1350 1351 1352 1353 -1 1354 1355 1356 1357 1358 1359 1360 1361 -1 1362 1363 1364 1365 -1 1366 1367 1368 1369 -1 1370 1371 1372 1373 -1 1374 1375 1376 1377 -1 1378 1379 1380 1381 -1 1382 1383 1384 1385 -1 1386 1387 1388 1389 1390 1391 1392 1393 -1 1394 1395 1396 1397 -1 1398 1399 1400 1401 -1 1402 1403 1404 1405 1406 1407 1408 1409 -1 1410 1411 1412 1413 -1 1414 1415 1416 1417 -1 1418 1419 1420 1421 -1 1422 1423 1424 1425 -1 1426 1427 1428 1429 -1 1430 1431 1432 1433 -1 1434 1435 1436 1437 1438 1439 1440 1441 -1 1442 1443 1444 1445 -1 1446 1447 1448 1449 -1 1450 1451 1452 1453 1454 1455 1456 1457 -1 1458 1459 1460 1461 -1 1462 1463 1464 1465 -1 1466 1467 1468 1469 -1 1470 1471 1472 1473 -1 1474 1475 1476 1477 -1 1478 1479 1480 1481 -1 1482 1483 1484 1485 1486 1487 1488 1489 -1 1490 1491 1492 1493 -1 1494 1495 1496 1497 -1 1498 1499 1500 1501 1502 1503 1504 1505 -1 1506 1507 1508 1509 -1 1510 1511 1512 1513 -1 1514 1515 1516 1517 -1 1518 1519 1520 1521 -1 1522 1523 1524 1525 -1 1526 1527 1528 1529 -1 1530 1531 1532 1533 1534 1535 1536 1537 -1 1538 1539 1540 1541 -1 1542 1543 1544 1545 -1 1546 1547 1548 1549 1550 1551 1552 1553 -1 1554 1555 1556 1557 -1 1558 1559 1560 1561 -1 1562 1563 1564 1565 -1 1566 1567 1568 1569 -1 1570 1571 1572 1573 -1 1574 1575 1576 1577 -1 1578 1579 1580 1581 1582 1583 1584 1585 -1 1586 1587 1588 1589 -1 1590 1591 1592 1593 -1 1594 1595 1596 1597 1598 1599 1600 1601 -1 1602 1603 1604 1605 -1 1606 1607 1608 1609 -1 1610 1611 1612 1613 -1 1614 1615 1616 1617 -1 1618 1619 1620 1621 -1 1622 1623 1624 1625 -1 1626 1627 1628 1629 1630 1631 1632 1633 -1 1634 1635 1636 1637 -1 1638 1639 1640 1641 -1 1642 1643 1644 1645 1646 1647 1648 1649 -1 1650 1651 1652 1653 -1 1654 1655 1656 1657 -1 1658 1659 1660 1661 -1 1662 1663 1664 1665 -1 1666 1667 1668 1669 -1 1670 1671 1672 1673 -1 1674 1675 1676 1677 1678 1679 1680 1681 -1 "
						                coordIndex="74 1 4 81 85 89 101 113 105 109 121 125 129 141 133 157 137 145 165 161 -1 22 19 33 43 -1 61 34 18 49 -1 64 3 24 78 -1 45 31 13 16 -1 27 37 7 10 -1 77 78 174 162 166 146 138 158 135 142 130 126 122 111 107 115 103 91 87 39 41 40 -1 63 60 163 175 171 151 159 134 154 118 110 106 98 94 82 27 29 28 -1 70 12 30 76 -1 52 275 283 271 291 303 311 315 331 343 347 335 355 367 22 59 -1 63 28 9 55 -1 42 21 23 44 -1 44 23 22 43 -1 36 6 8 38 -1 38 8 7 37 -1 30 12 14 32 -1 32 14 13 31 -1 15 46 47 17 -1 17 47 45 16 -1 24 3 5 26 -1 26 5 4 25 -1 65 15 17 66 -1 66 17 16 68 -1 49 18 20 50 -1 50 20 19 52 -1 55 9 11 56 -1 56 11 10 58 -1 9 28 29 11 -1 11 29 27 10 -1 18 34 35 20 -1 20 35 33 19 -1 0 40 41 2 -1 2 41 39 1 -1 71 0 2 72 -1 72 2 1 74 -1 4 1 39 25 -1 23 57 59 22 -1 57 56 58 59 -1 21 54 57 23 -1 54 55 56 57 -1 8 51 53 7 -1 51 50 52 53 -1 6 48 51 8 -1 48 49 50 51 -1 42 62 54 21 -1 62 63 55 54 -1 7 84 80 92 96 104 108 116 152 132 156 148 168 172 58 10 -1 53 52 59 262 278 266 250 246 242 229 238 234 221 209 216 201 213 197 185 177 -1 33 361 365 353 333 345 341 329 313 309 301 289 269 281 62 42 44 43 -1 62 61 279 263 259 255 243 231 226 206 218 203 195 191 183 63 -1 36 60 48 6 -1 60 61 49 48 -1 14 73 75 13 -1 73 72 74 75 -1 12 70 73 14 -1 70 71 72 73 -1 5 67 69 4 -1 67 66 68 69 -1 3 64 67 5 -1 64 65 66 67 -1 0 71 77 40 -1 71 70 76 77 -1 45 366 362 350 358 338 346 342 326 322 318 306 310 302 298 286 294 274 76 30 32 31 -1 76 79 264 280 268 252 248 244 232 239 235 222 210 219 202 214 198 186 178 77 -1 15 65 79 46 -1 65 64 78 79 -1 13 364 368 356 336 348 344 332 316 312 304 292 272 284 68 16 -1 75 74 69 180 176 184 196 212 228 208 220 233 237 230 241 245 249 265 277 -1 104 106 114 112 -1 107 105 113 115 -1 220 222 235 233 -1 223 221 234 236 -1 68 284 276 296 288 300 304 312 308 320 324 328 344 348 340 360 352 364 13 75 -1 109 111 122 121 -1 110 108 120 123 -1 277 261 258 254 241 230 225 205 217 228 212 200 193 188 180 69 68 75 -1 133 135 155 153 -1 134 132 152 154 -1 261 264 260 258 -1 263 262 257 259 -1 340 338 358 360 -1 337 339 359 357 -1 299 297 285 287 -1 298 300 288 286 -1 368 366 354 356 -1 365 367 355 353 -1 312 310 306 308 -1 309 311 307 305 -1 304 302 290 292 -1 301 303 291 289 -1 58 172 160 164 144 136 156 132 140 128 124 120 108 104 112 100 88 84 7 53 -1 216 218 206 204 -1 219 217 205 207 -1 367 365 361 363 -1 366 368 364 362 -1 62 281 273 293 285 297 301 309 305 317 321 325 341 345 337 357 349 361 33 35 34 61 -1 121 122 126 125 -1 123 120 124 127 -1 85 87 91 89 -1 86 84 88 90 -1 360 358 350 352 -1 357 359 351 349 -1 77 178 182 190 194 202 219 207 227 232 244 256 260 264 79 78 -1 344 342 330 332 -1 341 343 331 329 -1 153 155 119 117 -1 154 152 116 118 -1 112 114 102 100 -1 115 113 101 103 -1 311 309 313 315 -1 310 312 316 314 -1 308 306 318 320 -1 305 307 319 317 -1 63 183 179 187 199 215 203 218 211 223 236 240 231 243 247 251 267 279 61 60 -1 241 244 248 245 -1 243 242 246 247 -1 238 240 236 234 -1 239 237 233 235 -1 208 210 222 220 -1 211 209 221 223 -1 296 294 286 288 -1 293 295 287 285 -1 200 202 194 193 -1 203 201 192 195 -1 22 367 363 351 359 339 347 343 327 323 319 307 311 303 299 287 295 275 52 19 -1 140 143 131 128 -1 142 141 129 130 -1 125 126 130 129 -1 127 124 128 131 -1 172 175 163 160 -1 174 173 161 162 -1 39 87 83 95 99 107 111 119 155 135 158 150 170 174 78 24 26 25 -1 105 107 99 97 -1 106 104 96 98 -1 225 227 207 205 -1 226 224 204 206 -1 97 99 95 93 -1 98 96 92 94 -1 177 181 189 192 201 216 204 224 229 242 253 257 262 59 58 53 -1 80 82 94 92 -1 83 81 93 95 -1 176 178 186 184 -1 179 177 185 187 -1 173 174 170 169 -1 175 172 168 171 -1 229 231 240 238 -1 232 230 237 239 -1 137 138 146 145 -1 139 136 144 147 -1 180 182 178 176 -1 183 181 177 179 -1 276 274 294 296 -1 273 275 295 293 -1 242 243 255 253 -1 244 241 254 256 -1 356 354 334 336 -1 353 355 335 333 -1 217 219 210 208 228 -1 218 216 209 211 -1 160 163 167 164 -1 162 161 165 166 -1 27 82 86 90 102 114 106 110 123 127 131 143 134 159 139 147 167 163 60 36 38 37 -1 213 215 199 197 -1 214 212 196 198 -1 132 134 143 140 -1 135 133 141 142 -1 347 345 333 335 -1 346 348 336 334 -1 292 290 270 272 -1 289 291 271 269 -1 348 346 338 340 -1 345 347 339 337 -1 320 318 322 324 -1 317 319 323 321 -1 332 330 314 316 -1 329 331 315 313 -1 145 146 166 165 -1 147 144 164 167 -1 245 248 252 249 -1 247 246 250 251 -1 201 203 215 213 -1 202 200 212 214 -1 284 282 274 276 -1 281 283 275 273 -1 363 361 349 351 -1 362 364 352 350 -1 343 341 325 327 -1 342 344 328 326 -1 169 170 150 149 -1 171 168 148 151 -1 283 281 269 271 -1 282 284 272 270 -1 156 159 151 148 -1 158 157 149 150 -1 258 260 256 254 -1 259 257 253 255 -1 184 186 198 196 -1 187 185 197 199 -1 262 263 279 278 -1 264 261 277 280 -1 108 110 118 116 -1 111 109 117 119 -1 76 274 282 270 290 302 310 314 330 342 346 334 354 366 45 47 46 79 -1 327 325 321 323 -1 326 328 324 322 -1 278 279 267 266 -1 280 277 265 268 -1 157 158 138 137 -1 159 156 136 139 -1 303 301 297 299 -1 302 304 300 298 -1 89 91 103 101 -1 90 88 100 102 -1 249 252 268 265 -1 251 250 266 267 -1 230 232 227 225 -1 231 229 224 226 -1 193 194 190 188 -1 195 192 189 191 -1 161 173 169 149 157 133 153 117 109 105 97 93 81 4 69 74 -1 181 183 191 189 -1 182 180 188 190 -1 81 83 87 85 -1 82 80 84 86 -1 369 378 381 374 -1 379 372 375 384 -1 375 376 373 374 381 382 383 384 -1 383 382 377 380 -1 371 370 373 376 -1 369 374 373 370 -1 375 372 371 376 -1 379 384 383 380 -1 381 378 377 382 -1 379 380 377 378 369 370 371 372 -1 385 394 397 390 -1 395 388 391 400 -1 391 392 389 390 397 398 399 400 -1 399 398 393 396 -1 387 386 389 392 -1 385 390 389 386 -1 391 388 387 392 -1 395 400 399 396 -1 397 394 393 398 -1 395 396 393 394 385 386 387 388 -1 401 410 413 406 -1 411 404 407 416 -1 407 408 405 406 413 414 415 416 -1 415 414 409 412 -1 403 402 405 408 -1 401 406 405 402 -1 407 404 403 408 -1 411 416 415 412 -1 413 410 409 414 -1 411 412 409 410 401 402 403 404 -1 417 426 429 422 -1 427 420 423 432 -1 423 424 421 422 429 430 431 432 -1 431 430 425 428 -1 419 418 421 424 -1 417 422 421 418 -1 423 420 419 424 -1 427 432 431 428 -1 429 426 425 430 -1 427 428 425 426 417 418 419 420 -1 433 442 445 438 -1 443 436 439 448 -1 439 440 437 438 445 446 447 448 -1 447 446 441 444 -1 435 434 437 440 -1 433 438 437 434 -1 439 436 435 440 -1 443 448 447 444 -1 445 442 441 446 -1 443 444 441 442 433 434 435 436 -1 449 458 461 454 -1 459 452 455 464 -1 455 456 453 454 461 462 463 464 -1 463 462 457 460 -1 451 450 453 456 -1 449 454 453 450 -1 455 452 451 456 -1 459 464 463 460 -1 461 458 457 462 -1 459 460 457 458 449 450 451 452 -1 465 474 477 470 -1 475 468 471 480 -1 471 472 469 470 477 478 479 480 -1 479 478 473 476 -1 467 466 469 472 -1 465 470 469 466 -1 471 468 467 472 -1 475 480 479 476 -1 477 474 473 478 -1 475 476 473 474 465 466 467 468 -1 481 490 493 486 -1 491 484 487 496 -1 487 488 485 486 493 494 495 496 -1 495 494 489 492 -1 483 482 485 488 -1 481 486 485 482 -1 487 484 483 488 -1 491 496 495 492 -1 493 490 489 494 -1 491 492 489 490 481 482 483 484 -1 497 506 509 502 -1 507 500 503 512 -1 503 504 501 502 509 510 511 512 -1 511 510 505 508 -1 499 498 501 504 -1 497 502 501 498 -1 503 500 499 504 -1 507 512 511 508 -1 509 506 505 510 -1 507 508 505 506 497 498 499 500 -1 "
						                >
							<Coordinate DEF="coords_ME_escalera-aluminio"
							            point="-0.007059 0.174731 0.033031 -0.000000 0.181790 0.025971 -0.002068 0.179723 0.030963 -0.007059 0.174731 -0.033031 -0.000000 0.181790 -0.025971 -0.002068 0.179723 -0.030963 -0.007059 -0.166225 0.033031 -0.000000 -0.173284 0.025971 -0.002068 -0.171216 0.030963 -0.007059 -0.166225 -0.033031 -0.000000 -0.173284 -0.025971 -0.002068 -0.171216 -0.030963 -2.592941 0.174731 0.033031 -2.600000 0.181790 0.025971 -2.597933 0.179723 0.030963 -2.592941 0.174731 -0.033031 -2.600000 0.181790 -0.025971 -2.597933 0.179723 -0.030963 -2.592941 -0.166225 0.033031 -2.600000 -0.173284 0.025971 -2.597933 -0.171216 0.030963 -2.592941 -0.166225 -0.033031 -2.600000 -0.173284 -0.025971 -2.597933 -0.171216 -0.030963 -0.007059 0.144243 -0.033031 -0.000000 0.144243 -0.025971 -0.002068 0.144243 -0.030963 -0.000000 -0.144243 -0.025971 -0.007059 -0.144243 -0.033031 -0.002068 -0.144243 -0.030963 -2.592941 0.144243 0.033031 -2.600000 0.144243 0.025971 -2.597933 0.144243 0.030963 -2.600000 -0.144243 0.025971 -2.592941 -0.144243 0.033031 -2.597933 -0.144243 0.030963 -0.007059 -0.144243 0.033031 -0.000000 -0.144243 0.025971 -0.002068 -0.144243 0.030963 -0.000000 0.144243 0.025971 -0.007059 0.144243 0.033031 -0.002068 0.144243 0.030963 -2.592941 -0.144243 -0.033031 -2.600000 -0.144243 -0.025971 -2.597933 -0.144243 -0.030963 -2.600000 0.144243 -0.025971 -2.592941 0.144243 -0.033031 -2.597933 0.144243 -0.030963 -0.869020 -0.166225 0.033031 -1.730980 -0.166225 0.033031 -1.732644 -0.171216 0.030963 -0.867356 -0.171216 0.030963 -1.733334 -0.173284 0.025971 -0.866667 -0.173284 0.025971 -1.730980 -0.166225 -0.033031 -0.869020 -0.166225 -0.033031 -0.867356 -0.171216 -0.030963 -1.732644 -0.171216 -0.030963 -0.866667 -0.173284 -0.025971 -1.733334 -0.173284 -0.025971 -0.869020 -0.144243 0.033031 -1.730980 -0.144243 0.033031 -1.730980 -0.144243 -0.033031 -0.869020 -0.144243 -0.033031 -0.869020 0.174731 -0.033031 -1.730980 0.174731 -0.033031 -1.732644 0.179723 -0.030963 -0.867356 0.179723 -0.030963 -1.733334 0.181790 -0.025971 -0.866667 0.181790 -0.025971 -1.730980 0.174731 0.033031 -0.869020 0.174731 0.033031 -0.867356 0.179723 0.030963 -1.732644 0.179723 0.030963 -0.866667 0.181790 0.025971 -1.733334 0.181790 0.025971 -1.730980 0.144243 0.033031 -0.869020 0.144243 0.033031 -0.869020 0.144243 -0.033031 -1.730980 0.144243 -0.033031 -0.121055 -0.173284 -0.013135 -0.121055 0.181790 -0.013135 -0.121055 -0.144243 -0.013135 -0.121055 0.144243 -0.013135 -0.121055 -0.173284 0.013135 -0.121055 0.181790 0.013135 -0.121055 -0.144243 0.013135 -0.121055 0.144243 0.013135 -0.125920 -0.173284 0.018000 -0.125920 0.181790 0.018000 -0.125920 -0.144243 0.018000 -0.125920 0.144243 0.018000 -0.125920 -0.173284 -0.018000 -0.125920 0.181790 -0.018000 -0.125920 -0.144243 -0.018000 -0.125920 0.144243 -0.018000 -0.144868 -0.173284 -0.018000 -0.144868 0.181790 -0.018000 -0.144868 -0.144243 -0.018000 -0.144868 0.144243 -0.018000 -0.144868 -0.173284 0.018000 -0.144868 0.181790 0.018000 -0.144868 -0.144243 0.018000 -0.144868 0.144243 0.018000 -0.149733 -0.173284 -0.013135 -0.149733 0.181790 -0.013135 -0.149733 -0.144243 -0.013135 -0.149733 0.144243 -0.013135 -0.407840 -0.173284 -0.013135 -0.407840 0.181790 -0.013135 -0.407840 -0.144243 -0.013135 -0.407840 0.144243 -0.013135 -0.149733 -0.173284 0.013135 -0.149733 0.181790 0.013135 -0.149733 -0.144243 0.013135 -0.149733 0.144243 0.013135 -0.412705 -0.173284 -0.018000 -0.412705 0.181790 -0.018000 -0.412705 -0.144243 -0.018000 -0.412705 0.144243 -0.018000 -0.407840 -0.173284 0.013135 -0.407840 0.181790 0.013135 -0.407840 0.144243 0.013135 -0.407840 -0.144243 0.013135 -0.412705 -0.173284 0.018000 -0.412705 0.181790 0.018000 -0.412705 0.144243 0.018000 -0.412705 -0.144243 0.018000 -0.431653 -0.173284 0.018000 -0.431653 0.181790 0.018000 -0.431653 0.144243 0.018000 -0.431653 -0.144243 0.018000 -0.436518 -0.173284 -0.013135 -0.436518 0.181790 -0.013135 -0.436518 -0.144243 -0.013135 -0.436518 0.144243 -0.013135 -0.694625 -0.173284 0.013135 -0.694625 0.181790 0.013135 -0.694625 0.144243 0.013135 -0.694625 -0.144243 0.013135 -0.436518 -0.173284 0.013135 -0.436518 0.181790 0.013135 -0.436518 0.144243 0.013135 -0.436518 -0.144243 0.013135 -0.699491 -0.173284 0.018000 -0.699491 0.181790 0.018000 -0.699491 0.144243 0.018000 -0.699491 -0.144243 0.018000 -0.699491 -0.173284 -0.018000 -0.699491 0.181790 -0.018000 -0.699491 0.144243 -0.018000 -0.699491 -0.144243 -0.018000 -0.431653 -0.173284 -0.018000 -0.431653 0.181790 -0.018000 -0.431653 -0.144243 -0.018000 -0.431653 0.144243 -0.018000 -0.694625 -0.173284 -0.013135 -0.694625 0.181790 -0.013135 -0.694625 0.144243 -0.013135 -0.694625 -0.144243 -0.013135 -0.723304 -0.173284 0.013135 -0.723304 0.181790 0.013135 -0.723304 0.144243 0.013135 -0.723304 -0.144243 0.013135 -0.718438 -0.173284 0.018000 -0.718438 0.181790 0.018000 -0.718438 0.144243 0.018000 -0.718438 -0.144243 0.018000 -0.718438 -0.173284 -0.018000 -0.718438 0.181790 -0.018000 -0.718438 0.144243 -0.018000 -0.718438 -0.144243 -0.018000 -0.723304 -0.173284 -0.013135 -0.723304 0.181790 -0.013135 -0.723304 0.144243 -0.013135 -0.723304 -0.144243 -0.013135 -0.981410 0.181790 0.013135 -0.981410 -0.173284 0.013135 -0.981410 0.144243 0.013135 -0.981410 -0.144243 0.013135 -0.981410 0.181790 -0.013135 -0.981410 -0.173284 -0.013135 -0.981410 0.144243 -0.013135 -0.981410 -0.144243 -0.013135 -0.986276 0.181790 0.018000 -0.986276 -0.173284 0.018000 -0.986276 0.144243 0.018000 -0.986276 -0.144243 0.018000 -0.986276 0.181790 -0.018000 -0.986276 -0.173284 -0.018000 -0.986276 0.144243 -0.018000 -0.986276 -0.144243 -0.018000 -1.005223 -0.173284 -0.018000 -1.005223 0.181790 -0.018000 -1.005223 0.144243 -0.018000 -1.005223 -0.144243 -0.018000 -1.005223 0.181790 0.018000 -1.005223 -0.173284 0.018000 -1.005223 0.144243 0.018000 -1.005223 -0.144243 0.018000 -1.010089 0.181790 -0.013135 -1.010089 -0.173284 -0.013135 -1.010089 0.144243 -0.013135 -1.010089 -0.144243 -0.013135 -1.273061 -0.173284 -0.018000 -1.273061 0.181790 -0.018000 -1.273061 -0.144243 -0.018000 -1.273061 0.144243 -0.018000 -1.268195 0.181790 0.013135 -1.268195 -0.173284 0.013135 -1.268195 0.144243 0.013135 -1.268195 -0.144243 0.013135 -1.010089 0.181790 0.013135 -1.010089 -0.173284 0.013135 -1.010089 0.144243 0.013135 -1.010089 -0.144243 0.013135 -1.268195 -0.173284 -0.013135 -1.268195 0.181790 -0.013135 -1.268195 -0.144243 -0.013135 -1.268195 0.144243 -0.013135 -1.273061 0.181790 0.018000 -1.273061 -0.173284 0.018000 -1.273061 0.144243 0.018000 -1.273061 -0.144243 0.018000 -1.292008 -0.173284 -0.018000 -1.292008 0.181790 -0.018000 -1.292008 -0.144243 -0.018000 -1.292008 0.144243 -0.018000 -1.268195 0.181790 0.001906 -1.296874 -0.173284 -0.013135 -1.296874 0.181790 -0.013135 -1.296874 -0.144243 -0.013135 -1.296874 0.144243 -0.013135 -1.292008 0.181790 0.018000 -1.292008 -0.173284 0.018000 -1.292008 0.144243 0.018000 -1.292008 -0.144243 0.018000 -1.296874 0.181790 0.013135 -1.296874 -0.173284 0.013135 -1.296874 0.144243 0.013135 -1.296874 -0.144243 0.013135 -1.554980 0.181790 -0.013135 -1.554980 -0.173284 -0.013135 -1.554980 -0.144243 -0.013135 -1.554980 0.144243 -0.013135 -1.554980 0.181790 0.013135 -1.554980 -0.173284 0.013135 -1.554980 -0.144243 0.013135 -1.554980 0.144243 0.013135 -1.559846 0.181790 0.018000 -1.559846 -0.173284 0.018000 -1.559846 -0.144243 0.018000 -1.559846 0.144243 0.018000 -1.559846 -0.173284 -0.018000 -1.559846 0.181790 -0.018000 -1.559846 -0.144243 -0.018000 -1.559846 0.144243 -0.018000 -1.578794 -0.173284 -0.018000 -1.578793 0.181790 -0.018000 -1.578794 -0.144243 -0.018000 -1.578794 0.144243 -0.018000 -1.583659 0.181790 -0.013135 -1.583659 -0.173284 -0.013135 -1.583659 -0.144243 -0.013135 -1.583659 0.144243 -0.013135 -1.578793 0.181790 0.018000 -1.578794 -0.173284 0.018000 -1.578794 -0.144243 0.018000 -1.578794 0.144243 0.018000 -1.846631 -0.144243 -0.018000 -1.846631 0.144243 -0.018000 -1.846631 -0.173284 -0.018000 -1.846631 0.181790 -0.018000 -1.841765 -0.144243 0.013135 -1.841765 0.144243 0.013135 -1.841765 -0.173284 0.013135 -1.841765 0.181790 0.013135 -1.583659 0.181790 0.013135 -1.583659 -0.173284 0.013135 -1.583659 -0.144243 0.013135 -1.583659 0.144243 0.013135 -1.841765 -0.144243 -0.013135 -1.841765 0.144243 -0.013135 -1.841765 -0.173284 -0.013135 -1.841765 0.181790 -0.013135 -1.865579 -0.144243 0.018000 -1.865578 0.144243 0.018000 -1.865579 -0.173284 0.018000 -1.865579 0.181790 0.018000 -1.865579 -0.144243 -0.018000 -1.865578 0.144243 -0.018000 -1.865579 -0.173284 -0.018000 -1.865579 0.181790 -0.018000 -1.846631 -0.144243 0.018000 -1.846631 0.144243 0.018000 -1.846631 -0.173284 0.018000 -1.846631 0.181790 0.018000 -1.870444 -0.144243 0.013135 -1.870444 0.144243 0.013135 -1.870444 -0.173284 0.013135 -1.870444 0.181790 0.013135 -1.870444 -0.144243 -0.013135 -1.870444 0.144243 -0.013135 -1.870444 -0.173284 -0.013135 -1.870444 0.181790 -0.013135 -2.128551 -0.144243 0.013135 -2.128551 0.144243 0.013135 -2.128551 -0.173284 0.013135 -2.128551 0.181790 0.013135 -2.128551 -0.144243 -0.013135 -2.128551 0.144243 -0.013135 -2.128551 -0.173284 -0.013135 -2.128551 0.181790 -0.013135 -2.133416 -0.144243 -0.018000 -2.133416 0.144243 -0.018000 -2.133416 -0.173284 -0.018000 -2.133416 0.181790 -0.018000 -2.133416 -0.144243 0.018000 -2.133416 0.144243 0.018000 -2.133416 -0.173284 0.018000 -2.133416 0.181790 0.018000 -2.152364 -0.144243 0.018000 -2.152364 0.144243 0.018000 -2.152364 -0.173284 0.018000 -2.152364 0.181790 0.018000 -2.157229 -0.144243 0.013135 -2.157229 0.144243 0.013135 -2.157229 -0.173284 0.013135 -2.157229 0.181790 0.013135 -2.152364 -0.144243 -0.018000 -2.152364 0.144243 -0.018000 -2.152364 -0.173284 -0.018000 -2.152364 0.181790 -0.018000 -2.420201 -0.144243 -0.018000 -2.420201 0.144243 -0.018000 -2.420201 -0.173284 -0.018000 -2.420201 0.181790 -0.018000 -2.415336 -0.144243 0.013135 -2.415336 0.144243 0.013135 -2.415336 -0.173284 0.013135 -2.415336 0.181790 0.013135 -2.157229 -0.144243 -0.013135 -2.157229 0.144243 -0.013135 -2.157229 -0.173284 -0.013135 -2.157229 0.181790 -0.013135 -2.415336 -0.144243 -0.013135 -2.415336 0.144243 -0.013135 -2.415336 -0.173284 -0.013135 -2.415336 0.181790 -0.013135 -2.439149 -0.144243 0.018000 -2.439148 0.144243 0.018000 -2.439149 -0.173284 0.018000 -2.439149 0.181790 0.018000 -2.439149 -0.144243 -0.018000 -2.439149 0.144243 -0.018000 -2.439149 -0.173284 -0.018000 -2.439149 0.181790 -0.018000 -2.420201 -0.144243 0.018000 -2.420201 0.144243 0.018000 -2.420201 -0.173284 0.018000 -2.420201 0.181790 0.018000 -2.444014 -0.144243 0.013135 -2.444014 0.144243 0.013135 -2.444014 -0.173284 0.013135 -2.444014 0.181790 0.013135 -2.444014 -0.144243 -0.013135 -2.444014 0.144243 -0.013135 -2.444014 -0.173284 -0.013135 -2.444014 0.181790 -0.013135 -2.420201 0.159829 0.018000 -2.415336 0.159829 0.013135 -2.415336 0.159829 -0.013135 -2.420201 0.159829 -0.018000 -2.415336 -0.152589 0.013135 -2.420201 -0.152589 0.018000 -2.420201 -0.152589 -0.018000 -2.415336 -0.152589 -0.013135 -2.444014 0.159829 0.013135 -2.439149 0.159829 0.018000 -2.439149 0.159829 -0.018000 -2.444014 0.159829 -0.013135 -2.439149 -0.152589 0.018000 -2.444014 -0.152589 0.013135 -2.444014 -0.152589 -0.013135 -2.439149 -0.152589 -0.018000 -2.133416 0.159829 0.018000 -2.128551 0.159829 0.013135 -2.128551 0.159829 -0.013135 -2.133416 0.159829 -0.018000 -2.128551 -0.152589 0.013135 -2.133416 -0.152589 0.018000 -2.133416 -0.152589 -0.018000 -2.128551 -0.152589 -0.013135 -2.157229 0.159829 0.013135 -2.152364 0.159829 0.018000 -2.152364 0.159829 -0.018000 -2.157229 0.159829 -0.013135 -2.152364 -0.152589 0.018000 -2.157229 -0.152589 0.013135 -2.157229 -0.152589 -0.013135 -2.152364 -0.152589 -0.018000 -1.846631 0.159829 0.018000 -1.841765 0.159829 0.013135 -1.841765 0.159829 -0.013135 -1.846631 0.159829 -0.018000 -1.841765 -0.152589 0.013135 -1.846631 -0.152589 0.018000 -1.846631 -0.152589 -0.018000 -1.841765 -0.152589 -0.013135 -1.870444 0.159829 0.013135 -1.865579 0.159829 0.018000 -1.865579 0.159829 -0.018000 -1.870444 0.159829 -0.013135 -1.865579 -0.152589 0.018000 -1.870444 -0.152589 0.013135 -1.870444 -0.152589 -0.013135 -1.865579 -0.152589 -0.018000 -1.559846 0.159829 0.018000 -1.554980 0.159829 0.013135 -1.554980 0.159829 -0.013135 -1.559846 0.159829 -0.018000 -1.554980 -0.152589 0.013135 -1.559846 -0.152589 0.018000 -1.559846 -0.152589 -0.018000 -1.554980 -0.152589 -0.013135 -1.583659 0.159829 0.013135 -1.578794 0.159829 0.018000 -1.578794 0.159829 -0.018000 -1.583659 0.159829 -0.013135 -1.578794 -0.152589 0.018000 -1.583659 -0.152589 0.013135 -1.583659 -0.152589 -0.013135 -1.578794 -0.152589 -0.018000 -1.273061 0.159829 0.018000 -1.268195 0.159829 0.013135 -1.268195 0.159829 -0.013135 -1.273061 0.159829 -0.018000 -1.268195 -0.152589 0.013135 -1.273061 -0.152589 0.018000 -1.273061 -0.152589 -0.018000 -1.268195 -0.152589 -0.013135 -1.296874 0.159829 0.013135 -1.292008 0.159829 0.018000 -1.292008 0.159829 -0.018000 -1.296874 0.159829 -0.013135 -1.292008 -0.152589 0.018000 -1.296874 -0.152589 0.013135 -1.296874 -0.152589 -0.013135 -1.292008 -0.152589 -0.018000 -0.986276 0.159829 0.018000 -0.981410 0.159829 0.013135 -0.981410 0.159829 -0.013135 -0.986276 0.159829 -0.018000 -0.981410 -0.152589 0.013135 -0.986276 -0.152589 0.018000 -0.986276 -0.152589 -0.018000 -0.981410 -0.152589 -0.013135 -1.010089 0.159829 0.013135 -1.005223 0.159829 0.018000 -1.005223 0.159829 -0.018000 -1.010089 0.159829 -0.013135 -1.005223 -0.152589 0.018000 -1.010089 -0.152589 0.013135 -1.010089 -0.152589 -0.013135 -1.005223 -0.152589 -0.018000 -0.699491 0.159829 0.018000 -0.694625 0.159829 0.013135 -0.694625 0.159829 -0.013135 -0.699491 0.159829 -0.018000 -0.694625 -0.152589 0.013135 -0.699491 -0.152589 0.018000 -0.699491 -0.152589 -0.018000 -0.694625 -0.152589 -0.013135 -0.723304 0.159829 0.013135 -0.718438 0.159829 0.018000 -0.718438 0.159829 -0.018000 -0.723304 0.159829 -0.013135 -0.718438 -0.152589 0.018000 -0.723304 -0.152589 0.013135 -0.723304 -0.152589 -0.013135 -0.718438 -0.152589 -0.018000 -0.412705 0.159829 0.018000 -0.407840 0.159829 0.013135 -0.407840 0.159829 -0.013135 -0.412705 0.159829 -0.018000 -0.407840 -0.152589 0.013135 -0.412705 -0.152589 0.018000 -0.412705 -0.152589 -0.018000 -0.407840 -0.152589 -0.013135 -0.436518 0.159829 0.013135 -0.431653 0.159829 0.018000 -0.431653 0.159829 -0.018000 -0.436518 0.159829 -0.013135 -0.431653 -0.152589 0.018000 -0.436518 -0.152589 0.013135 -0.436518 -0.152589 -0.013135 -0.431653 -0.152589 -0.018000 -0.125920 0.159829 0.018000 -0.121055 0.159829 0.013135 -0.121055 0.159829 -0.013135 -0.125920 0.159829 -0.018000 -0.121055 -0.152589 0.013135 -0.125920 -0.152589 0.018000 -0.125920 -0.152589 -0.018000 -0.121055 -0.152589 -0.013135 -0.149733 0.159829 0.013135 -0.144868 0.159829 0.018000 -0.144868 0.159829 -0.018000 -0.149733 0.159829 -0.013135 -0.144868 -0.152589 0.018000 -0.149733 -0.152589 0.013135 -0.149733 -0.152589 -0.013135 -0.144868 -0.152589 -0.018000 "
							            />
							<TextureCoordinate point="0.2500 0.4160 0.4348 0.4160 0.4348 0.4249 0.4090 0.4227 0.4090 0.4182 0.4080 0.4174 0.4039 0.4174 0.4029 0.4182 0.4029 0.4227 0.3479 0.4227 0.3479 0.4182 0.3468 0.4174 0.3428 0.4174 0.3417 0.4182 0.3417 0.4227 0.2867 0.4227 0.2867 0.4182 0.2857 0.4174 0.2816 0.4174 0.2806 0.4182 0.4350 0.4247 0.4350 0.4150 0.4428 0.4147 0.4428 0.4255 0.2520 0.4095 0.4326 0.4095 0.4328 0.4116 0.2520 0.4116 0.2500 0.4280 0.4327 0.4280 0.4327 0.4312 0.2500 0.4312 0.4395 0.3271 0.4395 0.3386 0.4318 0.3383 0.4318 0.3272 0.4396 0.3262 0.4396 0.3377 0.4326 0.3372 0.4326 0.3276 0.2500 0.4101 0.2500 0.3979 0.2811 0.4016 0.2810 0.4064 0.2820 0.4073 0.2860 0.4073 0.2871 0.4064 0.2872 0.4016 0.3423 0.4016 0.3420 0.4064 0.3429 0.4073 0.3470 0.4073 0.3481 0.4064 0.3485 0.4016 0.4036 0.4016 0.4029 0.4064 0.4039 0.4073 0.4079 0.4073 0.4090 0.4064 0.4348 0.4093 0.4348 0.4101 0.4327 0.4101 0.2500 0.3556 0.2500 0.3442 0.2802 0.3477 0.2803 0.3522 0.2814 0.3530 0.2853 0.3530 0.2863 0.3522 0.3400 0.3522 0.3411 0.3530 0.3451 0.3530 0.3460 0.3522 0.3998 0.3522 0.4009 0.3530 0.4049 0.3530 0.4058 0.3522 0.4326 0.3541 0.4311 0.3551 0.4300 0.3556 0.2500 0.3411 0.4285 0.3411 0.4285 0.3431 0.2500 0.3431 0.2520 0.4150 0.2807 0.4174 0.2807 0.4223 0.2817 0.4232 0.2857 0.4232 0.2868 0.4223 0.3413 0.4223 0.3423 0.4232 0.3463 0.4232 0.3473 0.4223 0.4019 0.4223 0.4029 0.4232 0.4069 0.4232 0.4079 0.4223 0.4350 0.4247 0.2520 0.4247 0.2500 0.3189 0.4281 0.3189 0.4281 0.3225 0.2500 0.3225 0.4330 0.4317 0.4328 0.4282 0.4350 0.4263 0.4350 0.4316 0.4406 0.4268 0.4350 0.4263 0.4350 0.4247 0.4428 0.4255 0.4281 0.3442 0.4281 0.3397 0.4326 0.3378 0.4326 0.3440 0.4396 0.3390 0.4326 0.3378 0.4326 0.3372 0.4396 0.3377 0.4285 0.3431 0.4285 0.3411 0.4318 0.3393 0.4318 0.3458 0.4395 0.3399 0.4318 0.3393 0.4318 0.3383 0.4395 0.3386 0.4285 0.3246 0.4285 0.3197 0.4318 0.3197 0.4318 0.3264 0.4318 0.3264 0.4395 0.3259 0.4395 0.3271 0.4318 0.3272 0.4327 0.4312 0.4327 0.4280 0.4348 0.4262 0.4348 0.4310 0.4403 0.4268 0.4348 0.4262 0.4348 0.4249 0.4426 0.4248 0.2500 0.3246 0.4285 0.3246 0.4318 0.3264 0.2500 0.3264 0.2500 0.3264 0.4318 0.3264 0.4318 0.3272 0.2500 0.3272 0.2520 0.4116 0.4328 0.4116 0.4350 0.4134 0.2520 0.4134 0.2520 0.4134 0.4350 0.4134 0.4350 0.4150 0.2520 0.4150 0.2500 0.3225 0.4281 0.3225 0.4326 0.3244 0.2500 0.3244 0.2500 0.3244 0.4326 0.3244 0.4326 0.3276 0.2500 0.3276 0.4281 0.3225 0.4281 0.3189 0.4326 0.3189 0.4326 0.3244 0.4326 0.3244 0.4396 0.3250 0.4396 0.3262 0.4326 0.3276 0.4328 0.4116 0.4326 0.4095 0.4350 0.4097 0.4350 0.4134 0.4350 0.4134 0.4406 0.4135 0.4428 0.4147 0.4350 0.4150 0.4327 0.4130 0.4327 0.4101 0.4348 0.4101 0.4348 0.4147 0.4348 0.4147 0.4403 0.4142 0.4426 0.4161 0.4348 0.4160 0.2500 0.4130 0.4327 0.4130 0.4348 0.4147 0.2500 0.4147 0.2500 0.4147 0.4348 0.4147 0.4348 0.4160 0.2500 0.4160 0.4348 0.4249 0.4348 0.4160 0.4426 0.4161 0.4426 0.4248 0.4350 0.4263 0.2520 0.4263 0.2520 0.4247 0.4350 0.4247 0.4348 0.2789 0.2500 0.2789 0.2500 0.2766 0.4348 0.2766 0.4328 0.4282 0.2520 0.4282 0.2520 0.4263 0.4350 0.4263 0.4348 0.2812 0.2500 0.2812 0.2500 0.2789 0.4348 0.2789 0.4326 0.3378 0.2500 0.3378 0.2500 0.3372 0.4326 0.3372 0.2500 0.2664 0.4348 0.2664 0.4348 0.2687 0.2500 0.2687 0.4281 0.3397 0.2500 0.3397 0.2500 0.3378 0.4326 0.3378 0.2500 0.2641 0.4348 0.2641 0.4348 0.2664 0.2500 0.2664 0.4330 0.4317 0.2520 0.4317 0.2520 0.4282 0.4328 0.4282 0.4348 0.2852 0.2500 0.2852 0.2500 0.2812 0.4348 0.2812 0.4326 0.3372 0.4071 0.3348 0.4071 0.3300 0.4061 0.3291 0.4021 0.3291 0.4010 0.3300 0.3467 0.3300 0.3456 0.3291 0.3416 0.3291 0.3406 0.3300 0.2862 0.3300 0.2852 0.3291 0.2812 0.3291 0.2802 0.3300 0.2500 0.3276 0.4326 0.3276 0.2500 0.2687 0.4348 0.2687 0.4348 0.2766 0.4083 0.2747 0.4083 0.2706 0.4073 0.2699 0.4033 0.2699 0.4022 0.2706 0.4022 0.2747 0.3472 0.2747 0.3472 0.2706 0.3461 0.2699 0.3421 0.2699 0.3411 0.2706 0.3411 0.2747 0.2860 0.2747 0.2860 0.2706 0.2850 0.2699 0.2809 0.2699 0.2799 0.2706 0.4350 0.4088 0.4078 0.4060 0.4085 0.4013 0.4076 0.4004 0.4036 0.4004 0.4024 0.4013 0.3479 0.4013 0.3469 0.4004 0.3429 0.4004 0.3418 0.4013 0.2873 0.4013 0.2863 0.4004 0.2823 0.4004 0.2812 0.4013 0.2520 0.3978 0.4348 0.3978 0.4349 0.3983 0.4350 0.3993 0.4348 0.2500 0.4348 0.2601 0.4087 0.2570 0.4087 0.2530 0.4076 0.2523 0.4036 0.2523 0.4025 0.2530 0.3472 0.2530 0.3461 0.2523 0.3421 0.2523 0.3410 0.2530 0.2857 0.2530 0.2846 0.2523 0.2806 0.2523 0.2795 0.2530 0.2500 0.2500 0.4281 0.3442 0.2500 0.3442 0.2500 0.3397 0.4281 0.3397 0.2500 0.2601 0.4348 0.2601 0.4348 0.2641 0.2500 0.2641 0.4318 0.3393 0.2500 0.3393 0.2500 0.3383 0.4318 0.3383 0.4349 0.3752 0.2501 0.3752 0.2501 0.3729 0.4349 0.3729 0.4285 0.3411 0.2500 0.3411 0.2500 0.3393 0.4318 0.3393 0.4349 0.3775 0.2501 0.3775 0.2501 0.3752 0.4349 0.3752 0.4348 0.4262 0.2500 0.4265 0.2500 0.4249 0.4348 0.4249 0.2501 0.3626 0.4349 0.3626 0.4349 0.3649 0.2501 0.3649 0.4327 0.4280 0.2500 0.4280 0.2500 0.4265 0.4348 0.4262 0.2501 0.3603 0.4349 0.3603 0.4349 0.3626 0.2501 0.3626 0.4327 0.4130 0.2500 0.4130 0.2500 0.4101 0.4327 0.4101 0.2501 0.3775 0.4349 0.3775 0.4349 0.3815 0.2501 0.3815 0.4318 0.3546 0.4037 0.3522 0.4031 0.3470 0.4020 0.3460 0.3981 0.3460 0.3972 0.3470 0.3977 0.3522 0.3439 0.3522 0.3436 0.3470 0.3425 0.3460 0.3386 0.3460 0.3376 0.3470 0.3379 0.3522 0.2841 0.3522 0.2840 0.3470 0.2830 0.3460 0.2790 0.3460 0.2780 0.3470 0.2500 0.3431 0.4285 0.3431 0.4318 0.3458 0.4318 0.3465 0.4349 0.3815 0.4349 0.3915 0.4126 0.3885 0.4126 0.3845 0.4116 0.3837 0.4075 0.3837 0.4065 0.3845 0.4065 0.3885 0.3511 0.3885 0.3511 0.3845 0.3501 0.3837 0.3460 0.3837 0.3450 0.3845 0.3450 0.3885 0.2896 0.3885 0.2896 0.3845 0.2886 0.3837 0.2845 0.3837 0.2835 0.3845 0.2501 0.3815 0.4285 0.3246 0.2500 0.3246 0.2500 0.3197 0.4285 0.3197 0.4349 0.3603 0.2501 0.3603 0.2501 0.3563 0.4349 0.3563 0.4318 0.3383 0.4041 0.3356 0.4041 0.3300 0.4031 0.3289 0.3991 0.3289 0.3981 0.3300 0.3440 0.3300 0.3429 0.3289 0.3390 0.3289 0.3379 0.3300 0.2838 0.3300 0.2828 0.3289 0.2788 0.3289 0.2778 0.3300 0.2500 0.3272 0.4318 0.3272 0.4349 0.3729 0.2501 0.3729 0.2501 0.3649 0.2839 0.3669 0.2839 0.3709 0.2849 0.3716 0.2889 0.3716 0.2900 0.3709 0.3450 0.3692 0.3450 0.3709 0.3461 0.3716 0.3501 0.3716 0.3511 0.3709 0.3511 0.3669 0.4062 0.3669 0.4062 0.3709 0.4072 0.3716 0.4113 0.3716 0.4123 0.3709 0.2505 0.5000 0.2556 0.5000 0.2556 0.4954 0.2505 0.4954 0.3056 0.5000 0.3121 0.5000 0.3121 0.4954 0.3056 0.4954 0.3121 0.4909 0.3056 0.4909 0.3056 0.4942 0.3121 0.4942 0.2556 0.4909 0.2505 0.4909 0.2505 0.4942 0.2556 0.4942 0.2500 0.3272 0.2778 0.3300 0.2778 0.3356 0.2788 0.3366 0.2828 0.3366 0.2838 0.3356 0.2838 0.3300 0.3379 0.3300 0.3379 0.3356 0.3390 0.3366 0.3429 0.3366 0.3440 0.3356 0.3440 0.3300 0.3981 0.3300 0.3981 0.3356 0.3991 0.3366 0.4031 0.3366 0.4041 0.3356 0.4318 0.3383 0.2500 0.3383 0.3121 0.4852 0.3056 0.4852 0.3056 0.4897 0.3121 0.4897 0.2556 0.4852 0.2505 0.4852 0.2505 0.4897 0.2556 0.4897 0.4123 0.3709 0.4123 0.3669 0.4113 0.3661 0.4072 0.3661 0.4062 0.3669 0.3511 0.3669 0.3501 0.3661 0.3461 0.3661 0.3450 0.3669 0.3450 0.3692 0.2900 0.3709 0.2900 0.3669 0.2889 0.3661 0.2849 0.3661 0.2839 0.3669 0.2501 0.3649 0.4349 0.3649 0.4349 0.3729 0.3121 0.4795 0.3056 0.4795 0.3056 0.4807 0.3121 0.4807 0.2556 0.4795 0.2505 0.4795 0.2505 0.4807 0.2556 0.4807 0.2504 0.5000 0.2569 0.5000 0.2569 0.4988 0.2504 0.4988 0.3069 0.5000 0.3119 0.5000 0.3119 0.4988 0.3069 0.4988 0.2503 0.4897 0.2568 0.4897 0.2568 0.4885 0.2503 0.4885 0.3068 0.4897 0.3119 0.4897 0.3119 0.4885 0.3068 0.4885 0.3119 0.4841 0.3068 0.4841 0.3068 0.4853 0.3119 0.4853 0.2568 0.4841 0.2503 0.4841 0.2503 0.4853 0.2568 0.4853 0.2503 0.5000 0.2568 0.5000 0.2568 0.4988 0.2503 0.4988 0.3068 0.5000 0.3119 0.5000 0.3119 0.4988 0.3068 0.4988 0.3121 0.4852 0.3056 0.4852 0.3056 0.4897 0.3121 0.4897 0.2556 0.4852 0.2505 0.4852 0.2505 0.4897 0.2556 0.4897 0.2503 0.5000 0.2568 0.5000 0.2568 0.4988 0.2503 0.4988 0.3068 0.5000 0.3119 0.5000 0.3119 0.4988 0.3068 0.4988 0.2500 0.3276 0.2802 0.3300 0.2802 0.3348 0.2812 0.3357 0.2852 0.3357 0.2862 0.3348 0.2862 0.3300 0.3406 0.3300 0.3406 0.3348 0.3416 0.3357 0.3456 0.3357 0.3467 0.3348 0.3467 0.3300 0.4010 0.3300 0.4010 0.3348 0.4021 0.3357 0.4061 0.3357 0.4071 0.3348 0.4326 0.3372 0.2500 0.3372 0.2505 0.4852 0.2556 0.4852 0.2556 0.4840 0.2505 0.4840 0.3056 0.4852 0.3121 0.4852 0.3121 0.4840 0.3056 0.4840 0.3119 0.4795 0.3068 0.4795 0.3068 0.4841 0.3119 0.4841 0.2568 0.4795 0.2503 0.4795 0.2503 0.4841 0.2568 0.4841 0.2520 0.3978 0.2812 0.4013 0.2811 0.4059 0.2821 0.4068 0.2861 0.4068 0.2871 0.4059 0.2873 0.4013 0.3418 0.4013 0.3414 0.4059 0.3424 0.4068 0.3464 0.4068 0.3475 0.4059 0.3479 0.4013 0.4024 0.4013 0.4017 0.4060 0.4026 0.4068 0.4066 0.4068 0.4078 0.4060 0.4350 0.4088 0.4350 0.4097 0.4326 0.4095 0.2520 0.4095 0.3121 0.4897 0.3056 0.4897 0.3056 0.4909 0.3121 0.4909 0.2556 0.4897 0.2505 0.4897 0.2505 0.4909 0.2556 0.4909 0.3121 0.4897 0.3056 0.4897 0.3056 0.4909 0.3121 0.4909 0.2556 0.4897 0.2505 0.4897 0.2505 0.4909 0.2556 0.4909 0.2503 0.4885 0.2568 0.4885 0.2568 0.4853 0.2503 0.4853 0.3068 0.4885 0.3119 0.4885 0.3119 0.4853 0.3068 0.4853 0.2501 0.3815 0.2835 0.3845 0.2835 0.3885 0.2845 0.3892 0.2886 0.3892 0.2896 0.3885 0.3450 0.3885 0.3460 0.3892 0.3501 0.3892 0.3511 0.3885 0.4065 0.3885 0.4075 0.3892 0.4116 0.3892 0.4126 0.3885 0.4349 0.3915 0.2501 0.3915 0.3121 0.4795 0.3056 0.4795 0.3056 0.4807 0.3121 0.4807 0.2556 0.4795 0.2505 0.4795 0.2505 0.4807 0.2556 0.4807 0.3121 0.4807 0.3056 0.4807 0.3056 0.4840 0.3121 0.4840 0.2556 0.4807 0.2505 0.4807 0.2505 0.4840 0.2556 0.4840 0.2505 0.4954 0.2556 0.4954 0.2556 0.4942 0.2505 0.4942 0.3056 0.4954 0.3121 0.4954 0.3121 0.4942 0.3056 0.4942 0.2505 0.4852 0.2556 0.4852 0.2556 0.4840 0.2505 0.4840 0.3056 0.4852 0.3121 0.4852 0.3121 0.4840 0.3056 0.4840 0.3121 0.4897 0.3056 0.4897 0.3056 0.4909 0.3121 0.4909 0.2556 0.4897 0.2505 0.4897 0.2505 0.4909 0.2556 0.4909 0.2500 0.2500 0.2795 0.2530 0.2795 0.2570 0.2806 0.2578 0.2846 0.2578 0.2857 0.2570 0.2857 0.2530 0.3410 0.2530 0.3410 0.2570 0.3421 0.2578 0.3461 0.2578 0.3472 0.2570 0.3472 0.2530 0.4025 0.2530 0.4025 0.2570 0.4036 0.2578 0.4076 0.2578 0.4087 0.2570 0.4348 0.2601 0.2500 0.2601 0.2504 0.4943 0.2569 0.4943 0.2569 0.4898 0.2504 0.4898 0.3069 0.4943 0.3119 0.4943 0.3119 0.4898 0.3069 0.4898 0.2505 0.4954 0.2556 0.4954 0.2556 0.4942 0.2505 0.4942 0.3056 0.4954 0.3121 0.4954 0.3121 0.4942 0.3056 0.4942 0.3121 0.4897 0.3056 0.4897 0.3056 0.4909 0.3121 0.4909 0.2556 0.4897 0.2505 0.4897 0.2505 0.4909 0.2556 0.4909 0.2503 0.4885 0.2568 0.4885 0.2568 0.4853 0.2503 0.4853 0.3068 0.4885 0.3119 0.4885 0.3119 0.4853 0.3068 0.4853 0.3121 0.4795 0.3056 0.4795 0.3056 0.4807 0.3121 0.4807 0.2556 0.4795 0.2505 0.4795 0.2505 0.4807 0.2556 0.4807 0.4350 0.4247 0.4079 0.4223 0.4079 0.4174 0.4069 0.4165 0.4029 0.4165 0.4019 0.4174 0.4019 0.4223 0.3473 0.4223 0.3473 0.4174 0.3463 0.4165 0.3423 0.4165 0.3413 0.4174 0.3413 0.4223 0.2868 0.4223 0.2868 0.4174 0.2857 0.4165 0.2817 0.4165 0.2807 0.4174 0.2520 0.4150 0.4350 0.4150 0.2505 0.4954 0.2556 0.4954 0.2556 0.4942 0.2505 0.4942 0.3056 0.4954 0.3121 0.4954 0.3121 0.4942 0.3056 0.4942 0.3121 0.4909 0.3056 0.4909 0.3056 0.4942 0.3121 0.4942 0.2556 0.4909 0.2505 0.4909 0.2505 0.4942 0.2556 0.4942 0.3119 0.4795 0.3068 0.4795 0.3068 0.4841 0.3119 0.4841 0.2568 0.4795 0.2503 0.4795 0.2503 0.4841 0.2568 0.4841 0.4348 0.4093 0.4090 0.4064 0.4097 0.4016 0.4088 0.4007 0.4047 0.4007 0.4036 0.4016 0.3485 0.4016 0.3475 0.4007 0.3434 0.4007 0.3423 0.4016 0.2872 0.4016 0.2862 0.4007 0.2822 0.4007 0.2811 0.4016 0.2500 0.3979 0.4346 0.3979 0.4348 0.3987 0.4348 0.3996 0.3121 0.4795 0.3056 0.4795 0.3056 0.4807 0.3121 0.4807 0.2556 0.4795 0.2505 0.4795 0.2505 0.4807 0.2556 0.4807 0.3121 0.4807 0.3056 0.4807 0.3056 0.4840 0.3121 0.4840 0.2556 0.4807 0.2505 0.4807 0.2505 0.4840 0.2556 0.4840 0.3121 0.4807 0.3056 0.4807 0.3056 0.4840 0.3121 0.4840 0.2556 0.4807 0.2505 0.4807 0.2505 0.4840 0.2556 0.4840 0.2799 0.2706 0.2799 0.2747 0.2809 0.2754 0.2850 0.2754 0.2860 0.2747 0.3411 0.2747 0.3421 0.2754 0.3461 0.2754 0.3472 0.2747 0.4022 0.2747 0.4033 0.2754 0.4073 0.2754 0.4083 0.2747 0.4348 0.2766 0.2500 0.2766 0.2500 0.2687 0.2505 0.4852 0.2556 0.4852 0.2556 0.4840 0.2505 0.4840 0.3056 0.4852 0.3121 0.4852 0.3121 0.4840 0.3056 0.4840 0.3121 0.4897 0.3056 0.4897 0.3056 0.4909 0.3121 0.4909 0.2556 0.4897 0.2505 0.4897 0.2505 0.4909 0.2556 0.4909 0.2503 0.5000 0.2568 0.5000 0.2568 0.4988 0.2503 0.4988 0.3068 0.5000 0.3119 0.5000 0.3119 0.4988 0.3068 0.4988 0.2505 0.5000 0.2556 0.5000 0.2556 0.4954 0.2505 0.4954 0.3056 0.5000 0.3121 0.5000 0.3121 0.4954 0.3056 0.4954 0.2503 0.4897 0.2568 0.4897 0.2568 0.4885 0.2503 0.4885 0.3068 0.4897 0.3119 0.4897 0.3119 0.4885 0.3068 0.4885 0.3121 0.4852 0.3056 0.4852 0.3056 0.4897 0.3121 0.4897 0.2556 0.4852 0.2505 0.4852 0.2505 0.4897 0.2556 0.4897 0.2503 0.4897 0.2568 0.4897 0.2568 0.4885 0.2503 0.4885 0.3068 0.4897 0.3119 0.4897 0.3119 0.4885 0.3068 0.4885 0.3119 0.4943 0.3069 0.4943 0.3069 0.4955 0.3119 0.4955 0.2569 0.4943 0.2504 0.4943 0.2504 0.4955 0.2569 0.4955 0.2503 0.4988 0.2568 0.4988 0.2568 0.4955 0.2503 0.4955 0.3068 0.4988 0.3119 0.4988 0.3119 0.4955 0.3068 0.4955 0.3121 0.4852 0.3056 0.4852 0.3056 0.4897 0.3121 0.4897 0.3121 0.4878 0.2556 0.4852 0.2505 0.4852 0.2505 0.4897 0.2556 0.4897 0.3119 0.4841 0.3068 0.4841 0.3068 0.4853 0.3119 0.4853 0.2568 0.4841 0.2503 0.4841 0.2503 0.4853 0.2568 0.4853 0.4326 0.3541 0.4058 0.3522 0.4051 0.3476 0.4040 0.3468 0.4000 0.3468 0.3992 0.3477 0.3998 0.3522 0.3460 0.3522 0.3456 0.3477 0.3445 0.3468 0.3406 0.3468 0.3397 0.3477 0.3400 0.3522 0.2863 0.3522 0.2862 0.3477 0.2851 0.3468 0.2812 0.3468 0.2802 0.3477 0.2500 0.3442 0.4281 0.3442 0.4326 0.3440 0.4326 0.3449 0.2505 0.4954 0.2556 0.4954 0.2556 0.4942 0.2505 0.4942 0.3056 0.4954 0.3121 0.4954 0.3121 0.4942 0.3056 0.4942 0.2505 0.5000 0.2556 0.5000 0.2556 0.4954 0.2505 0.4954 0.3056 0.5000 0.3121 0.5000 0.3121 0.4954 0.3056 0.4954 0.3119 0.4943 0.3068 0.4943 0.3068 0.4955 0.3119 0.4955 0.2568 0.4943 0.2503 0.4943 0.2503 0.4955 0.2568 0.4955 0.2503 0.4988 0.2568 0.4988 0.2568 0.4955 0.2503 0.4955 0.3068 0.4988 0.3119 0.4988 0.3119 0.4955 0.3068 0.4955 0.2503 0.4943 0.2568 0.4943 0.2568 0.4897 0.2503 0.4897 0.3068 0.4943 0.3119 0.4943 0.3119 0.4897 0.3068 0.4897 0.3121 0.4909 0.3056 0.4909 0.3056 0.4942 0.3121 0.4942 0.2556 0.4909 0.2505 0.4909 0.2505 0.4942 0.2556 0.4942 0.3121 0.4807 0.3056 0.4807 0.3056 0.4840 0.3121 0.4840 0.2556 0.4807 0.2505 0.4807 0.2505 0.4840 0.2556 0.4840 0.2503 0.4885 0.2568 0.4885 0.2568 0.4853 0.2503 0.4853 0.3068 0.4885 0.3119 0.4885 0.3119 0.4853 0.3068 0.4853 0.2504 0.4898 0.2569 0.4898 0.2569 0.4886 0.2504 0.4886 0.3069 0.4898 0.3119 0.4898 0.3119 0.4886 0.3069 0.4886 0.2505 0.5000 0.2556 0.5000 0.2556 0.4954 0.2505 0.4954 0.3056 0.5000 0.3121 0.5000 0.3121 0.4954 0.3056 0.4954 0.2503 0.4943 0.2568 0.4943 0.2568 0.4897 0.2503 0.4897 0.3068 0.4943 0.3119 0.4943 0.3119 0.4897 0.3068 0.4897 0.3119 0.4841 0.3068 0.4841 0.3068 0.4853 0.3119 0.4853 0.2568 0.4841 0.2503 0.4841 0.2503 0.4853 0.2568 0.4853 0.2505 0.5000 0.2556 0.5000 0.2556 0.4954 0.2505 0.4954 0.3056 0.5000 0.3121 0.5000 0.3121 0.4954 0.3056 0.4954 0.2503 0.4988 0.2568 0.4988 0.2568 0.4955 0.2503 0.4955 0.3068 0.4988 0.3119 0.4988 0.3119 0.4955 0.3068 0.4955 0.3119 0.4943 0.3068 0.4943 0.3068 0.4955 0.3119 0.4955 0.2568 0.4943 0.2503 0.4943 0.2503 0.4955 0.2568 0.4955 0.3119 0.4943 0.3068 0.4943 0.3068 0.4955 0.3119 0.4955 0.2568 0.4943 0.2503 0.4943 0.2503 0.4955 0.2568 0.4955 0.2504 0.4988 0.2569 0.4988 0.2569 0.4955 0.2504 0.4955 0.3069 0.4988 0.3119 0.4988 0.3119 0.4955 0.3069 0.4955 0.3121 0.4909 0.3056 0.4909 0.3056 0.4942 0.3121 0.4942 0.2556 0.4909 0.2505 0.4909 0.2505 0.4942 0.2556 0.4942 0.3119 0.4795 0.3069 0.4795 0.3069 0.4841 0.3119 0.4841 0.2569 0.4795 0.2504 0.4795 0.2504 0.4841 0.2569 0.4841 0.2505 0.4852 0.2556 0.4852 0.2556 0.4840 0.2505 0.4840 0.3056 0.4852 0.3121 0.4852 0.3121 0.4840 0.3056 0.4840 0.2500 0.3431 0.2780 0.3470 0.2781 0.3522 0.2792 0.3531 0.2831 0.3531 0.2841 0.3522 0.3379 0.3522 0.3390 0.3531 0.3429 0.3531 0.3439 0.3522 0.3977 0.3522 0.3988 0.3531 0.4028 0.3531 0.4037 0.3522 0.4318 0.3546 0.4312 0.3554 0.4302 0.3561 0.2500 0.3561 0.2505 0.4954 0.2556 0.4954 0.2556 0.4942 0.2505 0.4942 0.3056 0.4954 0.3121 0.4954 0.3121 0.4942 0.3056 0.4942 0.3119 0.4841 0.3069 0.4841 0.3069 0.4853 0.3119 0.4853 0.2569 0.4841 0.2504 0.4841 0.2504 0.4853 0.2569 0.4853 0.2503 0.4943 0.2568 0.4943 0.2568 0.4897 0.2503 0.4897 0.3068 0.4943 0.3119 0.4943 0.3119 0.4897 0.3068 0.4897 0.3119 0.4795 0.3068 0.4795 0.3068 0.4841 0.3119 0.4841 0.2568 0.4795 0.2503 0.4795 0.2503 0.4841 0.2568 0.4841 0.3121 0.4909 0.3056 0.4909 0.3056 0.4942 0.3121 0.4942 0.2556 0.4909 0.2505 0.4909 0.2505 0.4942 0.2556 0.4942 0.2504 0.4886 0.2569 0.4886 0.2569 0.4853 0.2504 0.4853 0.3069 0.4886 0.3119 0.4886 0.3119 0.4853 0.3069 0.4853 0.3121 0.4795 0.3056 0.4795 0.3056 0.4807 0.3121 0.4807 0.2556 0.4795 0.2505 0.4795 0.2505 0.4807 0.2556 0.4807 0.3121 0.4807 0.3056 0.4807 0.3056 0.4840 0.3121 0.4840 0.2556 0.4807 0.2505 0.4807 0.2505 0.4840 0.2556 0.4840 0.2806 0.4182 0.2806 0.4227 0.2816 0.4235 0.2857 0.4235 0.2867 0.4227 0.3417 0.4227 0.3428 0.4235 0.3468 0.4235 0.3479 0.4227 0.4029 0.4227 0.4039 0.4235 0.4080 0.4235 0.4090 0.4227 0.4348 0.4249 0.2500 0.4249 0.2500 0.4160 0.2505 0.4852 0.2556 0.4852 0.2556 0.4840 0.2505 0.4840 0.3056 0.4852 0.3121 0.4852 0.3121 0.4840 0.3056 0.4840 0.3121 0.4852 0.3056 0.4852 0.3056 0.4897 0.3121 0.4897 0.2556 0.4852 0.2505 0.4852 0.2505 0.4897 0.2556 0.4897 0.2500 0.4885 0.2500 0.4853 0.3124 0.4853 0.3124 0.4885 0.2500 0.4988 0.2500 0.4955 0.3124 0.4955 0.3124 0.4988 0.4514 0.3093 0.4497 0.3110 0.4406 0.3110 0.4389 0.3093 0.4389 0.3027 0.4406 0.3011 0.4497 0.3011 0.4514 0.3027 0.3124 0.4795 0.3124 0.4841 0.2500 0.4841 0.2500 0.4795 0.2500 0.4943 0.2500 0.4897 0.3124 0.4897 0.3124 0.4943 0.2500 0.4885 0.3124 0.4885 0.3124 0.4897 0.2500 0.4897 0.3124 0.4955 0.2500 0.4955 0.2500 0.4943 0.3124 0.4943 0.2500 0.4988 0.3124 0.4988 0.3124 0.5000 0.2500 0.5000 0.3124 0.4853 0.2500 0.4853 0.2500 0.4841 0.3124 0.4841 0.4389 0.3027 0.4406 0.3011 0.4497 0.3011 0.4514 0.3027 0.4514 0.3093 0.4497 0.3110 0.4406 0.3110 0.4389 0.3093 0.3124 0.4909 0.3124 0.4942 0.2500 0.4942 0.2500 0.4909 0.3124 0.4807 0.3124 0.4840 0.2500 0.4840 0.2500 0.4807 0.4514 0.3093 0.4497 0.3110 0.4406 0.3110 0.4389 0.3093 0.4389 0.3027 0.4406 0.3011 0.4497 0.3011 0.4514 0.3027 0.2500 0.5000 0.2500 0.4954 0.3124 0.4954 0.3124 0.5000 0.3124 0.4852 0.3124 0.4897 0.2500 0.4897 0.2500 0.4852 0.3124 0.4909 0.2500 0.4909 0.2500 0.4897 0.3124 0.4897 0.2500 0.4840 0.3124 0.4840 0.3124 0.4852 0.2500 0.4852 0.3124 0.4807 0.2500 0.4807 0.2500 0.4795 0.3124 0.4795 0.2500 0.4942 0.3124 0.4942 0.3124 0.4954 0.2500 0.4954 0.4516 0.3540 0.4532 0.3557 0.4532 0.3648 0.4516 0.3665 0.4450 0.3665 0.4433 0.3648 0.4433 0.3557 0.4450 0.3540 0.2500 0.4885 0.2500 0.4853 0.3124 0.4853 0.3124 0.4885 0.2500 0.4988 0.2500 0.4955 0.3124 0.4955 0.3124 0.4988 0.4514 0.3093 0.4497 0.3110 0.4406 0.3110 0.4389 0.3093 0.4389 0.3027 0.4406 0.3011 0.4497 0.3011 0.4514 0.3027 0.3124 0.4795 0.3124 0.4841 0.2500 0.4841 0.2500 0.4795 0.2500 0.4943 0.2500 0.4897 0.3124 0.4897 0.3124 0.4943 0.2500 0.4885 0.3124 0.4885 0.3124 0.4897 0.2500 0.4897 0.3124 0.4955 0.2500 0.4955 0.2500 0.4943 0.3124 0.4943 0.2500 0.4988 0.3124 0.4988 0.3124 0.5000 0.2500 0.5000 0.3124 0.4853 0.2500 0.4853 0.2500 0.4841 0.3124 0.4841 0.4516 0.3540 0.4532 0.3557 0.4532 0.3648 0.4516 0.3665 0.4450 0.3665 0.4433 0.3648 0.4433 0.3557 0.4450 0.3540 0.2500 0.4886 0.2500 0.4853 0.3125 0.4853 0.3125 0.4886 0.2500 0.4988 0.2500 0.4955 0.3125 0.4955 0.3125 0.4988 0.4514 0.3093 0.4497 0.3110 0.4406 0.3110 0.4389 0.3093 0.4389 0.3027 0.4406 0.3011 0.4497 0.3011 0.4514 0.3027 0.3125 0.4795 0.3125 0.4841 0.2500 0.4841 0.2500 0.4795 0.2500 0.4943 0.2500 0.4898 0.3125 0.4898 0.3125 0.4943 0.2500 0.4886 0.3125 0.4886 0.3125 0.4898 0.2500 0.4898 0.3125 0.4955 0.2500 0.4955 0.2500 0.4943 0.3125 0.4943 0.2500 0.4988 0.3125 0.4988 0.3125 0.5000 0.2500 0.5000 0.3125 0.4853 0.2500 0.4853 0.2500 0.4841 0.3125 0.4841 0.4389 0.3027 0.4406 0.3011 0.4497 0.3011 0.4514 0.3027 0.4514 0.3093 0.4497 0.3110 0.4406 0.3110 0.4389 0.3093 0.3124 0.4909 0.3124 0.4942 0.2500 0.4942 0.2500 0.4909 0.3124 0.4807 0.3124 0.4840 0.2500 0.4840 0.2500 0.4807 0.4514 0.3093 0.4497 0.3110 0.4406 0.3110 0.4389 0.3093 0.4389 0.3027 0.4406 0.3011 0.4497 0.3011 0.4514 0.3027 0.2500 0.5000 0.2500 0.4954 0.3124 0.4954 0.3124 0.5000 0.3124 0.4852 0.3124 0.4897 0.2500 0.4897 0.2500 0.4852 0.3124 0.4909 0.2500 0.4909 0.2500 0.4897 0.3124 0.4897 0.2500 0.4840 0.3124 0.4840 0.3124 0.4852 0.2500 0.4852 0.3124 0.4807 0.2500 0.4807 0.2500 0.4795 0.3124 0.4795 0.2500 0.4942 0.3124 0.4942 0.3124 0.4954 0.2500 0.4954 0.4516 0.3540 0.4532 0.3557 0.4532 0.3648 0.4516 0.3665 0.4450 0.3665 0.4433 0.3648 0.4433 0.3557 0.4450 0.3540 0.3124 0.4909 0.3124 0.4942 0.2500 0.4942 0.2500 0.4909 0.3124 0.4807 0.3124 0.4840 0.2500 0.4840 0.2500 0.4807 0.4514 0.3093 0.4497 0.3110 0.4406 0.3110 0.4389 0.3093 0.4389 0.3027 0.4406 0.3011 0.4497 0.3011 0.4514 0.3027 0.2500 0.5000 0.2500 0.4954 0.3124 0.4954 0.3124 0.5000 0.3124 0.4852 0.3124 0.4897 0.2500 0.4897 0.2500 0.4852 0.3124 0.4909 0.2500 0.4909 0.2500 0.4897 0.3124 0.4897 0.2500 0.4840 0.3124 0.4840 0.3124 0.4852 0.2500 0.4852 0.3124 0.4807 0.2500 0.4807 0.2500 0.4795 0.3124 0.4795 0.2500 0.4942 0.3124 0.4942 0.3124 0.4954 0.2500 0.4954 0.4516 0.3540 0.4532 0.3557 0.4532 0.3648 0.4516 0.3665 0.4450 0.3665 0.4433 0.3648 0.4433 0.3557 0.4450 0.3540 0.2500 0.4885 0.2500 0.4853 0.3124 0.4853 0.3124 0.4885 0.2500 0.4988 0.2500 0.4955 0.3124 0.4955 0.3124 0.4988 0.4514 0.3093 0.4497 0.3110 0.4406 0.3110 0.4389 0.3093 0.4389 0.3027 0.4406 0.3011 0.4497 0.3011 0.4514 0.3027 0.3124 0.4795 0.3124 0.4841 0.2500 0.4841 0.2500 0.4795 0.2500 0.4943 0.2500 0.4897 0.3124 0.4897 0.3124 0.4943 0.2500 0.4885 0.3124 0.4885 0.3124 0.4897 0.2500 0.4897 0.3124 0.4955 0.2500 0.4955 0.2500 0.4943 0.3124 0.4943 0.2500 0.4988 0.3124 0.4988 0.3124 0.5000 0.2500 0.5000 0.3124 0.4853 0.2500 0.4853 0.2500 0.4841 0.3124 0.4841 0.4516 0.3540 0.4532 0.3557 0.4532 0.3648 0.4516 0.3665 0.4450 0.3665 0.4433 0.3648 0.4433 0.3557 0.4450 0.3540 0.3124 0.4909 0.3124 0.4942 0.2500 0.4942 0.2500 0.4909 0.3124 0.4807 0.3124 0.4840 0.2500 0.4840 0.2500 0.4807 0.4514 0.3093 0.4497 0.3110 0.4406 0.3110 0.4389 0.3093 0.4389 0.3027 0.4406 0.3011 0.4497 0.3011 0.4514 0.3027 0.2500 0.5000 0.2500 0.4954 0.3124 0.4954 0.3124 0.5000 0.3124 0.4852 0.3124 0.4897 0.2500 0.4897 0.2500 0.4852 0.3124 0.4909 0.2500 0.4909 0.2500 0.4897 0.3124 0.4897 0.2500 0.4840 0.3124 0.4840 0.3124 0.4852 0.2500 0.4852 0.3124 0.4807 0.2500 0.4807 0.2500 0.4795 0.3124 0.4795 0.2500 0.4942 0.3124 0.4942 0.3124 0.4954 0.2500 0.4954 0.4516 0.3540 0.4532 0.3557 0.4532 0.3648 0.4516 0.3665 0.4450 0.3665 0.4433 0.3648 0.4433 0.3557 0.4450 0.3540 0.3124 0.4909 0.3124 0.4942 0.2500 0.4942 0.2500 0.4909 0.3124 0.4807 0.3124 0.4840 0.2500 0.4840 0.2500 0.4807 0.4514 0.3093 0.4497 0.3110 0.4406 0.3110 0.4389 0.3093 0.4389 0.3027 0.4406 0.3011 0.4497 0.3011 0.4514 0.3027 0.2500 0.5000 0.2500 0.4954 0.3124 0.4954 0.3124 0.5000 0.3124 0.4852 0.3124 0.4897 0.2500 0.4897 0.2500 0.4852 0.3124 0.4909 0.2500 0.4909 0.2500 0.4897 0.3124 0.4897 0.2500 0.4840 0.3124 0.4840 0.3124 0.4852 0.2500 0.4852 0.3124 0.4807 0.2500 0.4807 0.2500 0.4795 0.3124 0.4795 0.2500 0.4942 0.3124 0.4942 0.3124 0.4954 0.2500 0.4954 0.4516 0.3540 0.4532 0.3557 0.4532 0.3648 0.4516 0.3665 0.4450 0.3665 0.4433 0.3648 0.4433 0.3557 0.4450 0.3540 " />
						</IndexedFaceSet>
					</Shape>
				</Group>
			</Transform>
		</Transform>
		<Transform DEF="escalera-hierro-oxidado_TRANSFORM"
		           translation="0.999937 0.000000 1.012634"
		           scale="1.000000 1.000000 1.000000"
		           rotation="0.577350 0.577350 0.577350 2.094395"
		           >
			<Transform DEF="escalera-hierro-oxidado_ifs_TRANSFORM"
			           translation="0.000000 -0.000000 0.000000"
			           scale="1.000000 1.000000 1.000000"
			           rotation="-0.000000 0.000000 0.000000 0.000000"
			           >
				<Group DEF="group_ME_escalera-hierro">
					<Shape>
						<Appearance>
							<Material USE="MA_hiper-atlas" />
						</Appearance>
						<IndexedFaceSet solid="false"
						                creaseAngle="4.0000"
						                texCoordIndex="0 1 2 3 -1 4 5 6 7 -1 8 9 10 11 -1 12 13 14 15 -1 16 17 18 19 -1 20 21 22 23 -1 24 25 26 27 -1 28 29 30 31 -1 32 33 34 35 -1 36 37 38 39 -1 40 41 42 43 -1 44 45 46 47 -1 48 49 50 51 -1 52 53 54 55 -1 56 57 58 59 -1 60 61 62 63 -1 64 65 66 67 -1 68 69 70 71 -1 72 73 74 75 -1 76 77 78 79 -1 80 81 82 83 -1 84 85 86 87 -1 88 89 90 91 -1 92 93 94 95 -1 96 97 98 99 -1 100 101 102 103 -1 104 105 106 107 -1 108 109 110 111 -1 112 113 114 115 -1 116 117 118 119 -1 120 121 122 123 -1 124 125 126 127 -1 128 129 130 131 -1 132 133 134 135 -1 136 137 138 139 -1 140 141 142 143 -1 144 145 146 147 -1 148 149 150 151 -1 152 153 154 155 -1 156 157 158 159 -1 160 161 162 163 -1 164 165 166 167 -1 168 169 170 171 -1 172 173 174 175 -1 176 177 178 179 -1 180 181 182 183 -1 184 185 186 187 -1 188 189 190 191 -1 192 193 194 195 -1 196 197 198 199 -1 200 201 202 203 -1 204 205 206 207 -1 208 209 210 211 -1 212 213 214 215 -1 216 217 218 219 -1 220 221 222 223 -1 224 225 226 227 -1 228 229 230 231 -1 232 233 234 235 -1 236 237 238 239 -1 240 241 242 243 -1 244 245 246 247 -1 248 249 250 251 -1 252 253 254 255 -1 256 257 258 259 -1 260 261 262 263 -1 264 265 266 267 -1 268 269 270 271 -1 272 273 274 275 -1 276 277 278 279 -1 280 281 282 283 -1 284 285 286 287 -1 288 289 290 291 -1 292 293 294 295 -1 296 297 298 299 -1 300 301 302 303 -1 304 305 306 307 -1 308 309 310 311 -1 312 313 314 315 -1 316 317 318 319 -1 320 321 322 323 -1 324 325 326 327 -1 328 329 330 331 -1 332 333 334 335 -1 336 337 338 339 -1 340 341 342 343 -1 344 345 346 347 -1 348 349 350 351 -1 352 353 354 355 -1 356 357 358 359 -1 360 361 362 363 -1 364 365 366 367 -1 368 369 370 371 -1 372 373 374 375 -1 376 377 378 379 -1 380 381 382 383 -1 384 385 386 387 -1 388 389 390 391 -1 392 393 394 395 -1 396 397 398 399 -1 400 401 402 403 -1 404 405 406 407 -1 408 409 410 411 -1 412 413 414 415 -1 416 417 418 419 -1 420 421 422 423 -1 424 425 426 427 -1 428 429 430 431 -1 432 433 434 435 -1 436 437 438 439 -1 440 441 442 443 -1 444 445 446 447 -1 448 449 450 451 -1 452 453 454 455 -1 456 457 458 459 -1 460 461 462 463 -1 464 465 466 467 -1 468 469 470 471 -1 472 473 474 475 -1 476 477 478 479 -1 480 481 482 483 -1 484 485 486 487 -1 488 489 490 491 -1 492 493 494 495 -1 496 497 498 499 -1 500 501 502 503 -1 504 505 506 507 -1 508 509 510 511 -1 512 513 514 515 -1 516 517 518 519 -1 520 521 522 523 -1 524 525 526 527 -1 528 529 530 531 -1 532 533 534 535 -1 536 537 538 539 -1 540 541 542 543 -1 544 545 546 547 -1 548 549 550 551 -1 552 553 554 555 -1 556 557 558 559 -1 560 561 562 563 -1 564 565 566 567 -1 568 569 570 571 -1 572 573 574 575 -1 576 577 578 579 -1 580 581 582 583 -1 584 585 586 587 -1 588 589 590 591 -1 592 593 594 595 -1 596 597 598 599 -1 600 601 602 603 -1 604 605 606 607 -1 608 609 610 611 -1 612 613 614 615 -1 616 617 618 619 -1 620 621 622 623 -1 624 625 626 627 -1 628 629 630 631 -1 632 633 634 635 -1 636 637 638 639 -1 640 641 642 643 -1 644 645 646 647 -1 648 649 650 651 -1 652 653 654 655 -1 656 657 658 659 -1 660 661 662 663 -1 664 665 666 667 -1 668 669 670 671 -1 672 673 674 675 -1 676 677 678 679 -1 680 681 682 683 -1 684 685 686 687 -1 688 689 690 691 -1 692 693 694 695 -1 696 697 698 699 -1 700 701 702 703 -1 704 705 706 707 -1 708 709 710 711 -1 712 713 714 715 -1 716 717 718 719 -1 720 721 722 723 -1 724 725 726 727 -1 728 729 730 731 -1 732 733 734 735 -1 736 737 738 739 -1 740 741 742 743 -1 744 745 746 747 -1 748 749 750 751 -1 752 753 754 755 -1 756 757 758 759 -1 760 761 762 763 -1 764 765 766 767 -1 768 769 770 771 -1 772 773 774 775 -1 776 777 778 779 -1 780 781 782 783 -1 784 785 786 787 -1 788 789 790 791 -1 792 793 794 795 -1 796 797 798 799 -1 800 801 802 803 -1 804 805 806 807 -1 808 809 810 811 -1 812 813 814 815 -1 816 817 818 819 -1 820 821 822 823 -1 824 825 826 827 -1 828 829 830 831 -1 832 833 834 835 -1 836 837 838 839 -1 840 841 842 843 -1 844 845 846 847 -1 848 849 850 851 -1 852 853 854 855 -1 856 857 858 859 -1 860 861 862 863 -1 864 865 866 867 -1 868 869 870 871 -1 872 873 874 875 -1 876 877 878 879 -1 880 881 882 883 -1 884 885 886 887 -1 888 889 890 891 -1 892 893 894 895 -1 896 897 898 899 -1 900 901 902 903 -1 904 905 906 907 -1 908 909 910 911 -1 912 913 914 915 -1 916 917 918 919 -1 920 921 922 923 -1 924 925 926 927 -1 928 929 930 931 -1 932 933 934 935 -1 936 937 938 939 -1 940 941 942 943 -1 944 945 946 947 -1 948 949 950 951 -1 952 953 954 955 -1 956 957 958 959 -1 960 961 962 963 -1 964 965 966 967 -1 968 969 970 971 -1 972 973 974 975 -1 976 977 978 979 -1 980 981 982 983 -1 984 985 986 987 -1 988 989 990 991 -1 992 993 994 995 -1 996 997 998 999 -1 1000 1001 1002 1003 -1 1004 1005 1006 1007 -1 1008 1009 1010 1011 -1 1012 1013 1014 1015 -1 1016 1017 1018 1019 -1 1020 1021 1022 1023 -1 1024 1025 1026 1027 -1 1028 1029 1030 1031 -1 1032 1033 1034 1035 -1 1036 1037 1038 1039 -1 1040 1041 1042 1043 -1 1044 1045 1046 1047 -1 1048 1049 1050 1051 -1 1052 1053 1054 1055 -1 1056 1057 1058 1059 -1 1060 1061 1062 1063 -1 1064 1065 1066 1067 -1 1068 1069 1070 1071 -1 1072 1073 1074 1075 -1 1076 1077 1078 1079 -1 1080 1081 1082 1083 -1 1084 1085 1086 1087 -1 1088 1089 1090 1091 -1 1092 1093 1094 1095 -1 1096 1097 1098 1099 -1 1100 1101 1102 1103 -1 1104 1105 1106 1107 -1 1108 1109 1110 1111 -1 1112 1113 1114 1115 -1 1116 1117 1118 1119 -1 1120 1121 1122 1123 -1 1124 1125 1126 1127 -1 1128 1129 1130 1131 -1 1132 1133 1134 1135 -1 1136 1137 1138 1139 -1 1140 1141 1142 1143 -1 1144 1145 1146 1147 -1 1148 1149 1150 1151 -1 1152 1153 1154 1155 -1 1156 1157 1158 1159 -1 1160 1161 1162 1163 -1 1164 1165 1166 1167 -1 1168 1169 1170 1171 -1 1172 1173 1174 1175 -1 1176 1177 1178 1179 -1 1180 1181 1182 1183 -1 1184 1185 1186 1187 -1 1188 1189 1190 1191 -1 1192 1193 1194 1195 -1 1196 1197 1198 1199 -1 1200 1201 1202 1203 -1 1204 1205 1206 1207 -1 1208 1209 1210 1211 -1 1212 1213 1214 1215 -1 1216 1217 1218 1219 -1 1220 1221 1222 1223 -1 1224 1225 1226 1227 -1 1228 1229 1230 1231 -1 1232 1233 1234 1235 -1 1236 1237 1238 1239 -1 1240 1241 1242 1243 -1 1244 1245 1246 1247 -1 1248 1249 1250 1251 -1 1252 1253 1254 1255 -1 1256 1257 1258 1259 -1 1260 1261 1262 1263 -1 1264 1265 1266 1267 -1 1268 1269 1270 1271 -1 1272 1273 1274 1275 -1 1276 1277 1278 1279 -1 1280 1281 1282 1283 -1 1284 1285 1286 1287 -1 "
						                coordIndex="1 7 6 0 -1 2 8 7 1 -1 3 9 8 2 -1 4 10 9 3 -1 5 11 10 4 -1 12 17 11 6 -1 7 13 12 6 -1 8 14 13 7 -1 9 15 14 8 -1 10 16 15 9 -1 11 17 16 10 -1 18 23 17 12 -1 13 19 18 12 -1 14 20 19 13 -1 15 21 20 14 -1 16 22 21 15 -1 17 23 22 16 -1 24 29 23 18 -1 19 25 24 18 -1 20 26 25 19 -1 21 27 26 20 -1 22 28 27 21 -1 23 29 28 22 -1 30 35 29 24 -1 25 31 30 24 -1 26 32 31 25 -1 27 33 32 26 -1 28 34 33 27 -1 29 35 34 28 -1 36 41 35 30 -1 31 37 36 30 -1 32 38 37 31 -1 33 39 38 32 -1 34 40 39 33 -1 35 41 40 34 -1 42 47 41 36 -1 37 43 42 36 -1 38 44 43 37 -1 39 45 44 38 -1 40 46 45 39 -1 41 47 46 40 -1 48 53 47 42 -1 43 49 48 42 -1 44 50 49 43 -1 45 51 50 44 -1 46 52 51 45 -1 47 53 52 46 -1 54 59 53 48 -1 49 55 54 48 -1 50 56 55 49 -1 51 57 56 50 -1 52 58 57 51 -1 53 59 58 52 -1 60 65 59 54 -1 55 61 60 54 -1 56 62 61 55 -1 57 63 62 56 -1 58 64 63 57 -1 59 65 64 58 -1 66 71 65 60 -1 61 67 66 60 -1 62 68 67 61 -1 63 69 68 62 -1 64 70 69 63 -1 65 71 70 64 -1 72 77 71 66 -1 67 73 72 66 -1 68 74 73 67 -1 69 75 74 68 -1 70 76 75 69 -1 71 77 76 70 -1 204 209 203 198 -1 79 85 84 78 -1 80 86 85 79 -1 81 87 86 80 -1 82 88 87 81 -1 83 89 88 82 -1 90 95 89 84 -1 85 91 90 84 -1 86 92 91 85 -1 87 93 92 86 -1 88 94 93 87 -1 89 95 94 88 -1 96 101 95 90 -1 91 97 96 90 -1 92 98 97 91 -1 93 99 98 92 -1 94 100 99 93 -1 95 101 100 94 -1 102 107 101 96 -1 97 103 102 96 -1 98 104 103 97 -1 99 105 104 98 -1 100 106 105 99 -1 101 107 106 100 -1 108 113 107 102 -1 103 109 108 102 -1 104 110 109 103 -1 105 111 110 104 -1 106 112 111 105 -1 107 113 112 106 -1 114 119 113 108 -1 109 115 114 108 -1 110 116 115 109 -1 111 117 116 110 -1 112 118 117 111 -1 113 119 118 112 -1 120 125 119 114 -1 115 121 120 114 -1 116 122 121 115 -1 117 123 122 116 -1 118 124 123 117 -1 119 125 124 118 -1 126 131 125 120 -1 121 127 126 120 -1 122 128 127 121 -1 123 129 128 122 -1 124 130 129 123 -1 125 131 130 124 -1 132 137 131 126 -1 127 133 132 126 -1 128 134 133 127 -1 129 135 134 128 -1 130 136 135 129 -1 131 137 136 130 -1 6 11 5 0 -1 139 145 144 138 -1 140 146 145 139 -1 141 147 146 140 -1 142 148 147 141 -1 143 149 148 142 -1 150 155 149 144 -1 145 151 150 144 -1 146 152 151 145 -1 147 153 152 146 -1 148 154 153 147 -1 149 155 154 148 -1 156 161 155 150 -1 151 157 156 150 -1 152 158 157 151 -1 153 159 158 152 -1 154 160 159 153 -1 155 161 160 154 -1 162 167 161 156 -1 157 163 162 156 -1 158 164 163 157 -1 159 165 164 158 -1 160 166 165 159 -1 161 167 166 160 -1 168 173 167 162 -1 163 169 168 162 -1 164 170 169 163 -1 165 171 170 164 -1 166 172 171 165 -1 167 173 172 166 -1 174 179 173 168 -1 169 175 174 168 -1 170 176 175 169 -1 171 177 176 170 -1 172 178 177 171 -1 173 179 178 172 -1 180 185 179 174 -1 175 181 180 174 -1 176 182 181 175 -1 177 183 182 176 -1 178 184 183 177 -1 179 185 184 178 -1 186 191 185 180 -1 181 187 186 180 -1 182 188 187 181 -1 183 189 188 182 -1 184 190 189 183 -1 185 191 190 184 -1 192 197 191 186 -1 187 193 192 186 -1 188 194 193 187 -1 189 195 194 188 -1 190 196 195 189 -1 191 197 196 190 -1 84 89 83 78 -1 199 205 204 198 -1 200 206 205 199 -1 201 207 206 200 -1 202 208 207 201 -1 203 209 208 202 -1 210 215 209 204 -1 205 211 210 204 -1 206 212 211 205 -1 207 213 212 206 -1 208 214 213 207 -1 209 215 214 208 -1 216 221 215 210 -1 211 217 216 210 -1 212 218 217 211 -1 213 219 218 212 -1 214 220 219 213 -1 215 221 220 214 -1 222 227 221 216 -1 217 223 222 216 -1 218 224 223 217 -1 219 225 224 218 -1 220 226 225 219 -1 221 227 226 220 -1 228 233 227 222 -1 223 229 228 222 -1 224 230 229 223 -1 225 231 230 224 -1 226 232 231 225 -1 227 233 232 226 -1 234 239 233 228 -1 229 235 234 228 -1 230 236 235 229 -1 231 237 236 230 -1 232 238 237 231 -1 233 239 238 232 -1 240 245 239 234 -1 235 241 240 234 -1 236 242 241 235 -1 237 243 242 236 -1 238 244 243 237 -1 239 245 244 238 -1 246 251 245 240 -1 241 247 246 240 -1 242 248 247 241 -1 243 249 248 242 -1 244 250 249 243 -1 245 251 250 244 -1 252 257 251 246 -1 247 253 252 246 -1 248 254 253 247 -1 249 255 254 248 -1 250 256 255 249 -1 251 257 256 250 -1 258 263 257 252 -1 253 259 258 252 -1 254 260 259 253 -1 255 261 260 254 -1 256 262 261 255 -1 257 263 262 256 -1 264 269 263 258 -1 259 265 264 258 -1 260 266 265 259 -1 261 267 266 260 -1 262 268 267 261 -1 263 269 268 262 -1 270 275 269 264 -1 265 271 270 264 -1 266 272 271 265 -1 267 273 272 266 -1 268 274 273 267 -1 269 275 274 268 -1 144 149 143 138 -1 276 280 282 278 -1 279 278 282 283 -1 283 282 280 281 -1 281 277 279 283 -1 277 276 278 279 -1 281 280 276 277 -1 284 288 290 286 -1 287 286 290 291 -1 291 290 288 289 -1 289 285 287 291 -1 285 284 286 287 -1 289 288 284 285 -1 292 296 298 294 -1 295 294 298 299 -1 299 298 296 297 -1 297 293 295 299 -1 293 292 294 295 -1 297 296 292 293 -1 300 304 306 302 -1 303 302 306 307 -1 307 306 304 305 -1 305 301 303 307 -1 301 300 302 303 -1 305 304 300 301 -1 308 312 314 310 -1 311 310 314 315 -1 315 314 312 313 -1 313 309 311 315 -1 309 308 310 311 -1 313 312 308 309 -1 316 317 319 318 -1 318 319 321 320 -1 320 321 323 322 -1 322 323 325 324 -1 324 325 327 326 -1 326 327 329 328 -1 328 329 331 330 -1 330 331 317 316 -1 332 333 335 334 -1 334 335 337 336 -1 336 337 339 338 -1 338 339 341 340 -1 340 341 343 342 -1 342 343 345 344 -1 344 345 347 346 -1 346 347 333 332 -1 348 349 351 350 -1 350 351 353 352 -1 352 353 355 354 -1 354 355 357 356 -1 356 357 359 358 -1 358 359 361 360 -1 360 361 363 362 -1 362 363 349 348 -1 364 365 367 366 -1 366 367 369 368 -1 368 369 371 370 -1 370 371 373 372 -1 372 373 375 374 -1 374 375 377 376 -1 376 377 379 378 -1 378 379 365 364 -1 380 381 383 382 -1 382 383 385 384 -1 384 385 387 386 -1 386 387 389 388 -1 388 389 391 390 -1 390 391 393 392 -1 392 393 395 394 -1 394 395 381 380 -1 "
						                >
							<Coordinate DEF="coords_ME_escalera-hierro"
							            point="-0.007356 -0.506509 -0.234297 -0.003141 -0.518879 -0.226934 0.003657 -0.530040 -0.234297 0.006241 -0.528831 -0.249024 0.002026 -0.516461 -0.256387 -0.004772 -0.505300 -0.249024 0.034625 -0.486865 -0.225310 0.038827 -0.499242 -0.217950 0.045627 -0.510402 -0.225312 0.048225 -0.509186 -0.240035 0.044024 -0.496809 -0.247396 0.037224 -0.485649 -0.240033 0.061554 -0.474293 -0.219490 0.065719 -0.486687 -0.212137 0.072523 -0.497845 -0.219499 0.075163 -0.496610 -0.234213 0.070999 -0.484216 -0.241565 0.064194 -0.473058 -0.234204 0.085079 -0.463368 -0.214293 0.089201 -0.475781 -0.206950 0.096010 -0.486937 -0.214311 0.098698 -0.485679 -0.229015 0.094576 -0.473266 -0.236358 0.087766 -0.462110 -0.228997 0.117335 -0.448434 -0.207095 0.122236 -0.460480 -0.199620 0.128560 -0.471865 -0.207063 0.129982 -0.471204 -0.221981 0.125081 -0.459158 -0.229456 0.118757 -0.447773 -0.222013 0.324464 -0.345802 -0.205008 0.330155 -0.357464 -0.197483 0.335984 -0.369089 -0.204957 0.336122 -0.369054 -0.219957 0.330431 -0.357392 -0.227482 0.324603 -0.345766 -0.220007 0.742541 -0.139337 -0.200486 0.748211 -0.151009 -0.192961 0.754022 -0.162643 -0.200435 0.754164 -0.162606 -0.215435 0.748495 -0.150934 -0.222960 0.742683 -0.139299 -0.215485 1.169993 0.070704 -0.195963 1.175611 0.059008 -0.188439 1.181360 0.047343 -0.195914 1.181490 0.047374 -0.210913 1.175871 0.059071 -0.218438 1.170122 0.070736 -0.210962 1.406299 0.184439 -0.193896 1.410304 0.172090 -0.186383 1.414367 0.159743 -0.193869 1.414425 0.159745 -0.208869 1.410420 0.172095 -0.216383 1.406358 0.184442 -0.208896 1.489144 0.199845 -0.193932 1.491488 0.187075 -0.186421 1.493821 0.174289 -0.193910 1.493809 0.174274 -0.208910 1.491464 0.187045 -0.216421 1.489132 0.199830 -0.208932 1.544898 0.209966 -0.194016 1.547193 0.197186 -0.186505 1.549468 0.184390 -0.193994 1.549449 0.184374 -0.208994 1.547154 0.197153 -0.216505 1.544878 0.209949 -0.209016 1.601020 0.219836 -0.194100 1.603258 0.207046 -0.186589 1.605484 0.194241 -0.194077 1.605472 0.194226 -0.209077 1.603234 0.207016 -0.216589 1.601008 0.219821 -0.209100 1.683276 0.234060 -0.194138 1.685485 0.221265 -0.186627 1.687696 0.208458 -0.194116 1.687698 0.208445 -0.209116 1.685489 0.221240 -0.216627 1.683279 0.234047 -0.209138 0.001015 0.526570 -0.224664 -0.003467 0.518868 -0.220126 -0.003925 0.509968 -0.224664 0.000100 0.508771 -0.233740 0.004583 0.516472 -0.238277 0.005040 0.525372 -0.233740 0.033900 0.516735 -0.208817 0.029585 0.508985 -0.204200 0.029198 0.500066 -0.208704 0.033126 0.498896 -0.217825 0.037441 0.506646 -0.222443 0.037828 0.515566 -0.217938 0.061942 0.509467 -0.196163 0.058002 0.501620 -0.191376 0.057812 0.492650 -0.195792 0.061561 0.491526 -0.204994 0.065500 0.499373 -0.209781 0.065690 0.508343 -0.205365 0.110864 0.499023 -0.175637 0.107912 0.490945 -0.170535 0.106857 0.482177 -0.175227 0.108754 0.481487 -0.185021 0.111706 0.489565 -0.190123 0.112761 0.498333 -0.185431 0.402621 0.425792 -0.171718 0.400472 0.417520 -0.166526 0.398403 0.408997 -0.171331 0.398483 0.408747 -0.181327 0.400631 0.417019 -0.186519 0.402700 0.425542 -0.181714 0.899613 0.301253 -0.164078 0.897462 0.292981 -0.158887 0.895420 0.284452 -0.163691 0.895529 0.284195 -0.173687 0.897679 0.292467 -0.178879 0.899721 0.300996 -0.174074 1.203154 0.226043 -0.158268 1.200534 0.217904 -0.153083 1.197938 0.209531 -0.157895 1.197962 0.209297 -0.167892 1.200582 0.217437 -0.173077 1.203177 0.225810 -0.168265 1.250282 0.207564 -0.158255 1.245328 0.200587 -0.153082 1.240257 0.193445 -0.157907 1.240140 0.193281 -0.167905 1.245095 0.200259 -0.173078 1.250166 0.207401 -0.168253 1.282601 0.169896 -0.158255 1.275571 0.165014 -0.153082 1.268377 0.160018 -0.157907 1.268212 0.159903 -0.167905 1.275241 0.164785 -0.173078 1.282436 0.169781 -0.168253 1.324132 0.095655 -0.158255 1.316648 0.091503 -0.153082 1.308989 0.087254 -0.157907 1.308813 0.087157 -0.167905 1.316297 0.091308 -0.173078 1.323956 0.095557 -0.168253 0.001015 0.526570 0.224664 -0.003467 0.518868 0.220126 -0.003925 0.509968 0.224664 0.000101 0.508771 0.233740 0.004583 0.516472 0.238277 0.005040 0.525372 0.233740 0.033900 0.516735 0.208817 0.029585 0.508985 0.204200 0.029198 0.500066 0.208704 0.033126 0.498896 0.217825 0.037441 0.506646 0.222443 0.037828 0.515566 0.217938 0.061942 0.509467 0.196163 0.058003 0.501620 0.191376 0.057812 0.492650 0.195792 0.061561 0.491526 0.204994 0.065500 0.499373 0.209781 0.065690 0.508343 0.205365 0.110864 0.499023 0.175637 0.107912 0.490945 0.170535 0.106857 0.482177 0.175227 0.108754 0.481487 0.185021 0.111706 0.489565 0.190123 0.112761 0.498333 0.185431 0.402621 0.425792 0.171718 0.400472 0.417520 0.166526 0.398403 0.408997 0.171331 0.398483 0.408747 0.181327 0.400631 0.417019 0.186519 0.402700 0.425542 0.181714 0.899613 0.301253 0.164078 0.897462 0.292982 0.158887 0.895420 0.284452 0.163691 0.895529 0.284195 0.173687 0.897679 0.292467 0.178879 0.899721 0.300996 0.174074 1.203154 0.226043 0.158268 1.200534 0.217904 0.153083 1.197938 0.209531 0.157895 1.197962 0.209297 0.167892 1.200582 0.217437 0.173077 1.203177 0.225810 0.168265 1.250282 0.207565 0.158255 1.245328 0.200587 0.153082 1.240257 0.193445 0.157907 1.240140 0.193281 0.167905 1.245095 0.200259 0.173078 1.250166 0.207401 0.168253 1.282601 0.169896 0.158255 1.275571 0.165014 0.153082 1.268377 0.160018 0.157907 1.268212 0.159903 0.167905 1.275241 0.164785 0.173078 1.282436 0.169781 0.168253 1.324132 0.095655 0.158255 1.316648 0.091503 0.153082 1.308989 0.087254 0.157907 1.308813 0.087157 0.167905 1.316297 0.091308 0.173078 1.323956 0.095558 0.168253 -0.007356 -0.506509 0.234297 -0.003141 -0.518879 0.226934 0.003657 -0.530040 0.234297 0.006241 -0.528831 0.249024 0.002026 -0.516461 0.256387 -0.004772 -0.505300 0.249024 0.034625 -0.486865 0.225310 0.038827 -0.499242 0.217950 0.045627 -0.510402 0.225312 0.048225 -0.509186 0.240035 0.044024 -0.496809 0.247396 0.037224 -0.485649 0.240033 0.061554 -0.474293 0.219490 0.065719 -0.486687 0.212137 0.072523 -0.497845 0.219499 0.075163 -0.496609 0.234213 0.070999 -0.484216 0.241565 0.064194 -0.473058 0.234204 0.085079 -0.463368 0.214293 0.089201 -0.475781 0.206950 0.096010 -0.486937 0.214311 0.098698 -0.485679 0.229015 0.094576 -0.473266 0.236358 0.087766 -0.462110 0.228997 0.117335 -0.448434 0.207095 0.122236 -0.460480 0.199620 0.128560 -0.471864 0.207063 0.129982 -0.471203 0.221981 0.125081 -0.459158 0.229456 0.118757 -0.447773 0.222013 0.324464 -0.345802 0.205008 0.330155 -0.357464 0.197483 0.335984 -0.369089 0.204957 0.336122 -0.369054 0.219957 0.330431 -0.357392 0.227482 0.324603 -0.345766 0.220007 0.742541 -0.139337 0.200486 0.748211 -0.151009 0.192961 0.754022 -0.162643 0.200435 0.754164 -0.162606 0.215435 0.748495 -0.150934 0.222959 0.742683 -0.139299 0.215485 1.169993 0.070705 0.195963 1.175611 0.059008 0.188439 1.181360 0.047343 0.195914 1.181490 0.047374 0.210913 1.175871 0.059071 0.218438 1.170122 0.070736 0.210962 1.406299 0.184439 0.193896 1.410304 0.172090 0.186383 1.414367 0.159743 0.193869 1.414425 0.159746 0.208869 1.410420 0.172095 0.216383 1.406358 0.184442 0.208896 1.489144 0.199846 0.193932 1.491488 0.187075 0.186421 1.493821 0.174289 0.193910 1.493809 0.174274 0.208910 1.491464 0.187045 0.216421 1.489132 0.199830 0.208932 1.544898 0.209966 0.194016 1.547193 0.197186 0.186505 1.549468 0.184390 0.193994 1.549449 0.184374 0.208994 1.547154 0.197153 0.216505 1.544878 0.209949 0.209016 1.601020 0.219836 0.194100 1.603258 0.207046 0.186589 1.605484 0.194242 0.194077 1.605472 0.194226 0.209077 1.603234 0.207016 0.216589 1.601008 0.219821 0.209100 1.683276 0.234060 0.194138 1.685485 0.221265 0.186627 1.687696 0.208458 0.194115 1.687698 0.208445 0.209115 1.685489 0.221240 0.216627 1.683279 0.234047 0.209138 0.213143 -0.381118 -0.200273 0.191956 -0.381118 -0.200273 0.213143 -0.480484 -0.200273 0.191956 -0.480484 -0.200273 0.213143 -0.381118 0.200398 0.191955 -0.381118 0.200398 0.213143 -0.480484 0.200398 0.191955 -0.480484 0.200398 0.453143 -0.358558 0.200398 0.431955 -0.358558 0.200398 0.453143 -0.259193 0.200398 0.431955 -0.259193 0.200398 0.453143 -0.358558 -0.200273 0.431956 -0.358558 -0.200273 0.453143 -0.259193 -0.200273 0.431956 -0.259193 -0.200273 0.693143 -0.141118 -0.200273 0.671956 -0.141118 -0.200273 0.693143 -0.240484 -0.200273 0.671956 -0.240484 -0.200273 0.693143 -0.141118 0.200398 0.671955 -0.141118 0.200398 0.693143 -0.240484 0.200398 0.671955 -0.240484 0.200398 0.943143 -0.118558 0.200398 0.921955 -0.118558 0.200398 0.943143 -0.019193 0.200398 0.921955 -0.019193 0.200398 0.943143 -0.118558 -0.200272 0.921956 -0.118558 -0.200273 0.943143 -0.019193 -0.200272 0.921956 -0.019193 -0.200272 1.161955 0.011442 -0.200272 1.183143 0.011442 -0.200272 1.161956 0.110807 -0.200272 1.183143 0.110807 -0.200272 1.161955 0.011442 0.200398 1.183143 0.011442 0.200398 1.161955 0.110807 0.200398 1.183143 0.110807 0.200398 0.387374 -0.319265 0.203351 0.387375 -0.319264 -0.203225 0.380303 -0.322193 0.203351 0.380303 -0.322193 -0.203225 0.377374 -0.329265 0.203351 0.377374 -0.329265 -0.203225 0.380303 -0.336336 0.203351 0.380303 -0.336336 -0.203225 0.387375 -0.339265 0.203351 0.387375 -0.339265 -0.203225 0.394446 -0.336336 0.203351 0.394446 -0.336336 -0.203225 0.397375 -0.329265 0.203351 0.397375 -0.329265 -0.203225 0.394446 -0.322193 0.203351 0.394446 -0.322193 -0.203225 0.167374 0.487366 0.170063 0.167375 0.487366 -0.169937 0.160303 0.484437 0.170063 0.160303 0.484437 -0.169937 0.157374 0.477366 0.170063 0.157375 0.477366 -0.169937 0.160303 0.470295 0.170063 0.160303 0.470295 -0.169937 0.167374 0.467366 0.170063 0.167375 0.467366 -0.169937 0.174446 0.470295 0.170063 0.174446 0.470295 -0.169937 0.177375 0.477366 0.170063 0.177375 0.477366 -0.169937 0.174446 0.484437 0.170063 0.174446 0.484437 -0.169937 0.427375 0.420736 0.170063 0.427375 0.420736 -0.169937 0.420303 0.417807 0.170063 0.420303 0.417807 -0.169937 0.417374 0.410735 0.170063 0.417374 0.410735 -0.169937 0.420303 0.403664 0.170063 0.420303 0.403664 -0.169937 0.427375 0.400735 0.170063 0.427375 0.400735 -0.169937 0.434446 0.403664 0.170063 0.434446 0.403664 -0.169937 0.437375 0.410735 0.170063 0.437375 0.410735 -0.169937 0.434446 0.417807 0.170063 0.434446 0.417807 -0.169937 0.697374 0.353033 0.170063 0.697375 0.353033 -0.169937 0.690303 0.350104 0.170063 0.690303 0.350104 -0.169937 0.687374 0.343033 0.170063 0.687374 0.343033 -0.169937 0.690303 0.335962 0.170063 0.690303 0.335962 -0.169937 0.697374 0.333033 0.170063 0.697375 0.333033 -0.169937 0.704446 0.335962 0.170063 0.704446 0.335962 -0.169937 0.707375 0.343033 0.170063 0.707375 0.343033 -0.169937 0.704446 0.350104 0.170063 0.704446 0.350104 -0.169937 1.207375 0.227366 0.170063 1.207375 0.227366 -0.169937 1.200303 0.224437 0.170063 1.200304 0.224437 -0.169937 1.197374 0.217366 0.170063 1.197375 0.217366 -0.169937 1.200303 0.210295 0.170063 1.200304 0.210295 -0.169937 1.207375 0.207366 0.170063 1.207375 0.207366 -0.169937 1.214446 0.210295 0.170063 1.214446 0.210295 -0.169937 1.217375 0.217366 0.170063 1.217375 0.217366 -0.169937 1.214446 0.224437 0.170063 1.214446 0.224437 -0.169937 "
							            />
							<TextureCoordinate point="0.0491 0.1714 0.0492 0.1624 0.0524 0.1624 0.0524 0.1714 0.0652 0.1714 0.0652 0.1624 0.0685 0.1624 0.0684 0.1714 0.0620 0.1714 0.0620 0.1624 0.0652 0.1624 0.0652 0.1714 0.0588 0.1714 0.0588 0.1624 0.0620 0.1624 0.0620 0.1714 0.0556 0.1714 0.0556 0.1624 0.0588 0.1624 0.0588 0.1714 0.0524 0.1566 0.0556 0.1566 0.0556 0.1624 0.0524 0.1624 0.0492 0.1624 0.0491 0.1566 0.0524 0.1566 0.0524 0.1624 0.0652 0.1624 0.0653 0.1566 0.0685 0.1567 0.0685 0.1624 0.0620 0.1624 0.0621 0.1566 0.0653 0.1566 0.0652 0.1624 0.0588 0.1624 0.0588 0.1566 0.0621 0.1566 0.0620 0.1624 0.0556 0.1624 0.0556 0.1566 0.0588 0.1566 0.0588 0.1624 0.0523 0.1515 0.0555 0.1515 0.0556 0.1566 0.0524 0.1566 0.0491 0.1566 0.0490 0.1516 0.0523 0.1515 0.0524 0.1566 0.0653 0.1566 0.0654 0.1516 0.0687 0.1516 0.0685 0.1567 0.0621 0.1566 0.0621 0.1515 0.0654 0.1516 0.0653 0.1566 0.0588 0.1566 0.0588 0.1515 0.0621 0.1515 0.0621 0.1566 0.0556 0.1566 0.0555 0.1515 0.0588 0.1515 0.0588 0.1566 0.0519 0.1445 0.0554 0.1444 0.0555 0.1515 0.0523 0.1515 0.0490 0.1516 0.0486 0.1445 0.0519 0.1445 0.0523 0.1515 0.0654 0.1516 0.0657 0.1445 0.0690 0.1445 0.0687 0.1516 0.0621 0.1515 0.0623 0.1444 0.0657 0.1445 0.0654 0.1516 0.0588 0.1515 0.0589 0.1444 0.0623 0.1444 0.0621 0.1515 0.0555 0.1515 0.0554 0.1444 0.0589 0.1444 0.0588 0.1515 0.0522 0.0981 0.0555 0.0981 0.0554 0.1444 0.0519 0.1445 0.0486 0.1445 0.0488 0.0981 0.0522 0.0981 0.0519 0.1445 0.0657 0.1445 0.0655 0.0981 0.0689 0.0981 0.0690 0.1445 0.0623 0.1444 0.0621 0.0981 0.0655 0.0981 0.0657 0.1445 0.0589 0.1444 0.0588 0.0981 0.0621 0.0981 0.0623 0.1444 0.0554 0.1444 0.0555 0.0981 0.0588 0.0981 0.0589 0.1444 0.0521 0.0055 0.0555 0.0055 0.0555 0.0981 0.0522 0.0981 0.0488 0.0981 0.0488 0.0055 0.0521 0.0055 0.0522 0.0981 0.0655 0.0981 0.0655 0.0055 0.0689 0.0055 0.0689 0.0981 0.0621 0.0981 0.0622 0.0055 0.0655 0.0055 0.0655 0.0981 0.0588 0.0981 0.0588 0.0055 0.0622 0.0055 0.0621 0.0981 0.0555 0.0981 0.0555 0.0055 0.0588 0.0055 0.0588 0.0981 0.0422 0.1015 0.0387 0.1015 0.0389 0.0061 0.0422 0.0061 0.0455 0.0061 0.0455 0.1015 0.0422 0.1015 0.0422 0.0061 0.0288 0.0061 0.0288 0.1015 0.0255 0.1015 0.0255 0.0061 0.0322 0.0061 0.0321 0.1015 0.0288 0.1015 0.0288 0.0061 0.0355 0.0061 0.0354 0.1015 0.0321 0.1015 0.0322 0.0061 0.0389 0.0061 0.0387 0.1015 0.0354 0.1015 0.0355 0.0061 0.0422 0.1542 0.0389 0.1542 0.0387 0.1015 0.0422 0.1015 0.0455 0.1015 0.0455 0.1542 0.0422 0.1542 0.0422 0.1015 0.0288 0.1015 0.0287 0.1542 0.0253 0.1543 0.0255 0.1015 0.0321 0.1015 0.0322 0.1542 0.0287 0.1542 0.0288 0.1015 0.0354 0.1015 0.0356 0.1542 0.0322 0.1542 0.0321 0.1015 0.0387 0.1015 0.0389 0.1542 0.0356 0.1542 0.0354 0.1015 0.0422 0.1709 0.0388 0.1709 0.0389 0.1542 0.0422 0.1542 0.0455 0.1542 0.0455 0.1709 0.0422 0.1709 0.0422 0.1542 0.0287 0.1542 0.0288 0.1709 0.0256 0.1709 0.0253 0.1543 0.0322 0.1542 0.0321 0.1709 0.0288 0.1709 0.0287 0.1542 0.0356 0.1542 0.0354 0.1709 0.0321 0.1709 0.0322 0.1542 0.0389 0.1542 0.0388 0.1709 0.0354 0.1709 0.0356 0.1542 0.0421 0.1822 0.0388 0.1822 0.0388 0.1709 0.0422 0.1709 0.0455 0.1709 0.0455 0.1822 0.0421 0.1822 0.0422 0.1709 0.0288 0.1709 0.0288 0.1821 0.0255 0.1821 0.0256 0.1709 0.0321 0.1709 0.0321 0.1821 0.0288 0.1821 0.0288 0.1709 0.0354 0.1709 0.0355 0.1822 0.0321 0.1821 0.0321 0.1709 0.0388 0.1709 0.0388 0.1822 0.0355 0.1822 0.0354 0.1709 0.0421 0.1935 0.0387 0.1935 0.0388 0.1822 0.0421 0.1822 0.0455 0.1822 0.0454 0.1936 0.0421 0.1935 0.0421 0.1822 0.0288 0.1821 0.0288 0.1935 0.0254 0.1935 0.0255 0.1821 0.0321 0.1821 0.0321 0.1935 0.0288 0.1935 0.0288 0.1821 0.0355 0.1822 0.0354 0.1935 0.0321 0.1935 0.0321 0.1821 0.0388 0.1822 0.0387 0.1935 0.0354 0.1935 0.0355 0.1822 0.0419 0.2102 0.0386 0.2102 0.0387 0.1935 0.0421 0.1935 0.0454 0.1936 0.0453 0.2102 0.0419 0.2102 0.0421 0.1935 0.0288 0.1935 0.0286 0.2101 0.0253 0.2101 0.0254 0.1935 0.0321 0.1935 0.0320 0.2101 0.0286 0.2101 0.0288 0.1935 0.0354 0.1935 0.0353 0.2102 0.0320 0.2101 0.0321 0.1935 0.0387 0.1935 0.0386 0.2102 0.0353 0.2102 0.0354 0.1935 0.0524 0.1624 0.0556 0.1624 0.0556 0.1714 0.0524 0.1714 0.1141 0.1486 0.1140 0.1431 0.1175 0.1431 0.1176 0.1486 0.1317 0.1486 0.1317 0.1431 0.1353 0.1431 0.1352 0.1486 0.1282 0.1486 0.1282 0.1431 0.1317 0.1431 0.1317 0.1486 0.1246 0.1486 0.1247 0.1431 0.1282 0.1431 0.1282 0.1486 0.1211 0.1486 0.1211 0.1431 0.1247 0.1431 0.1246 0.1486 0.1175 0.1385 0.1211 0.1385 0.1211 0.1431 0.1175 0.1431 0.1140 0.1431 0.1138 0.1385 0.1175 0.1385 0.1175 0.1431 0.1317 0.1431 0.1318 0.1385 0.1354 0.1385 0.1353 0.1431 0.1282 0.1431 0.1282 0.1385 0.1318 0.1385 0.1317 0.1431 0.1247 0.1431 0.1247 0.1385 0.1282 0.1385 0.1282 0.1431 0.1211 0.1431 0.1211 0.1385 0.1247 0.1385 0.1247 0.1431 0.1169 0.1304 0.1207 0.1304 0.1211 0.1385 0.1175 0.1385 0.1138 0.1385 0.1132 0.1304 0.1169 0.1304 0.1175 0.1385 0.1318 0.1385 0.1324 0.1304 0.1361 0.1304 0.1354 0.1385 0.1282 0.1385 0.1286 0.1304 0.1324 0.1304 0.1318 0.1385 0.1247 0.1385 0.1246 0.1304 0.1286 0.1304 0.1282 0.1385 0.1211 0.1385 0.1207 0.1304 0.1246 0.1304 0.1247 0.1385 0.1173 0.0835 0.1210 0.0835 0.1207 0.1304 0.1169 0.1304 0.1132 0.1304 0.1135 0.0835 0.1173 0.0835 0.1169 0.1304 0.1324 0.1304 0.1321 0.0835 0.1360 0.0835 0.1361 0.1304 0.1286 0.1304 0.1284 0.0835 0.1321 0.0835 0.1324 0.1304 0.1246 0.1304 0.1247 0.0835 0.1284 0.0835 0.1286 0.1304 0.1207 0.1304 0.1210 0.0835 0.1247 0.0835 0.1246 0.1304 0.1174 0.0053 0.1211 0.0053 0.1210 0.0835 0.1173 0.0835 0.1135 0.0835 0.1136 0.0053 0.1174 0.0053 0.1173 0.0835 0.1321 0.0835 0.1324 0.0053 0.1361 0.0053 0.1360 0.0835 0.1284 0.0835 0.1286 0.0053 0.1324 0.0053 0.1321 0.0835 0.1247 0.0835 0.1249 0.0053 0.1286 0.0053 0.1284 0.0835 0.1210 0.0835 0.1211 0.0053 0.1249 0.0053 0.1247 0.0835 0.1746 0.0970 0.1713 0.0970 0.1715 0.0050 0.1748 0.0050 0.1780 0.0050 0.1778 0.0970 0.1746 0.0970 0.1748 0.0050 0.1620 0.0050 0.1618 0.0970 0.1586 0.0969 0.1589 0.0050 0.1652 0.0050 0.1650 0.0970 0.1618 0.0970 0.1620 0.0050 0.1683 0.0050 0.1681 0.0970 0.1650 0.0970 0.1652 0.0050 0.1715 0.0050 0.1713 0.0970 0.1681 0.0970 0.1683 0.0050 0.1746 0.1113 0.1715 0.1113 0.1713 0.0970 0.1746 0.0970 0.1778 0.0970 0.1777 0.1113 0.1746 0.1113 0.1746 0.0970 0.1618 0.0970 0.1615 0.1114 0.1581 0.1114 0.1586 0.0969 0.1650 0.0970 0.1650 0.1113 0.1615 0.1114 0.1618 0.0970 0.1681 0.0970 0.1684 0.1113 0.1650 0.1113 0.1650 0.0970 0.1713 0.0970 0.1715 0.1113 0.1684 0.1113 0.1681 0.0970 0.1746 0.1252 0.1714 0.1252 0.1715 0.1113 0.1746 0.1113 0.1777 0.1113 0.1777 0.1251 0.1746 0.1252 0.1746 0.1113 0.1615 0.1114 0.1619 0.1253 0.1587 0.1253 0.1581 0.1114 0.1650 0.1113 0.1651 0.1252 0.1619 0.1253 0.1615 0.1114 0.1684 0.1113 0.1682 0.1252 0.1651 0.1252 0.1650 0.1113 0.1715 0.1113 0.1714 0.1252 0.1682 0.1252 0.1684 0.1113 0.1748 0.1497 0.1715 0.1497 0.1714 0.1252 0.1746 0.1252 0.1777 0.1251 0.1780 0.1497 0.1748 0.1497 0.1746 0.1252 0.1619 0.1253 0.1622 0.1498 0.1591 0.1498 0.1587 0.1253 0.1651 0.1252 0.1653 0.1497 0.1622 0.1498 0.1619 0.1253 0.1682 0.1252 0.1684 0.1497 0.1653 0.1497 0.1651 0.1252 0.1714 0.1252 0.1715 0.1497 0.1684 0.1497 0.1682 0.1252 0.0524 0.1624 0.0556 0.1624 0.0556 0.1714 0.0524 0.1714 0.0937 0.1442 0.0936 0.1392 0.0971 0.1392 0.0972 0.1442 0.1113 0.1442 0.1113 0.1392 0.1149 0.1392 0.1148 0.1442 0.1077 0.1442 0.1078 0.1392 0.1113 0.1392 0.1113 0.1442 0.1042 0.1442 0.1043 0.1392 0.1078 0.1392 0.1077 0.1442 0.1007 0.1442 0.1007 0.1392 0.1043 0.1392 0.1042 0.1442 0.0971 0.1349 0.1007 0.1349 0.1007 0.1392 0.0971 0.1392 0.0936 0.1392 0.0934 0.1350 0.0971 0.1349 0.0971 0.1392 0.1113 0.1392 0.1113 0.1349 0.1150 0.1350 0.1149 0.1392 0.1078 0.1392 0.1078 0.1349 0.1113 0.1349 0.1113 0.1392 0.1043 0.1392 0.1042 0.1349 0.1078 0.1349 0.1078 0.1392 0.1007 0.1392 0.1007 0.1349 0.1042 0.1349 0.1043 0.1392 0.0965 0.1275 0.1003 0.1275 0.1007 0.1349 0.0971 0.1349 0.0934 0.1350 0.0927 0.1275 0.0965 0.1275 0.0971 0.1349 0.1113 0.1349 0.1120 0.1275 0.1157 0.1275 0.1150 0.1350 0.1078 0.1349 0.1082 0.1275 0.1120 0.1275 0.1113 0.1349 0.1042 0.1349 0.1042 0.1275 0.1082 0.1275 0.1078 0.1349 0.1007 0.1349 0.1003 0.1275 0.1042 0.1275 0.1042 0.1349 0.0969 0.0844 0.1006 0.0844 0.1003 0.1275 0.0965 0.1275 0.0927 0.1275 0.0931 0.0844 0.0969 0.0844 0.0965 0.1275 0.1120 0.1275 0.1117 0.0844 0.1156 0.0844 0.1157 0.1275 0.1082 0.1275 0.1080 0.0844 0.1117 0.0844 0.1120 0.1275 0.1042 0.1275 0.1043 0.0844 0.1080 0.0844 0.1082 0.1275 0.1003 0.1275 0.1006 0.0844 0.1043 0.0844 0.1042 0.1275 0.0970 0.0125 0.1007 0.0125 0.1006 0.0844 0.0969 0.0844 0.0931 0.0844 0.0932 0.0125 0.0970 0.0125 0.0969 0.0844 0.1117 0.0844 0.1120 0.0125 0.1157 0.0125 0.1156 0.0844 0.1080 0.0844 0.1082 0.0125 0.1120 0.0125 0.1117 0.0844 0.1043 0.0844 0.1045 0.0125 0.1082 0.0125 0.1080 0.0844 0.1006 0.0844 0.1007 0.0125 0.1045 0.0125 0.1043 0.0844 0.1522 0.0950 0.1485 0.0950 0.1486 0.0057 0.1524 0.0057 0.1560 0.0057 0.1559 0.0950 0.1522 0.0950 0.1524 0.0057 0.1378 0.0056 0.1375 0.0950 0.1338 0.0950 0.1342 0.0056 0.1414 0.0056 0.1411 0.0951 0.1375 0.0950 0.1378 0.0056 0.1450 0.0056 0.1448 0.0950 0.1411 0.0951 0.1414 0.0056 0.1486 0.0057 0.1485 0.0950 0.1448 0.0950 0.1450 0.0056 0.1522 0.1089 0.1487 0.1090 0.1485 0.0950 0.1522 0.0950 0.1559 0.0950 0.1558 0.1089 0.1522 0.1089 0.1522 0.0950 0.1375 0.0950 0.1372 0.1090 0.1333 0.1090 0.1338 0.0950 0.1411 0.0951 0.1412 0.1090 0.1372 0.1090 0.1375 0.0950 0.1448 0.0950 0.1450 0.1090 0.1412 0.1090 0.1411 0.0951 0.1485 0.0950 0.1487 0.1090 0.1450 0.1090 0.1448 0.0950 0.1522 0.1224 0.1485 0.1224 0.1487 0.1090 0.1522 0.1089 0.1558 0.1089 0.1558 0.1224 0.1522 0.1224 0.1522 0.1089 0.1372 0.1090 0.1376 0.1225 0.1340 0.1226 0.1333 0.1090 0.1412 0.1090 0.1413 0.1225 0.1376 0.1225 0.1372 0.1090 0.1450 0.1090 0.1449 0.1224 0.1413 0.1225 0.1412 0.1090 0.1487 0.1090 0.1485 0.1224 0.1449 0.1224 0.1450 0.1090 0.1524 0.1463 0.1487 0.1463 0.1485 0.1224 0.1522 0.1224 0.1558 0.1224 0.1560 0.1462 0.1524 0.1463 0.1522 0.1224 0.1376 0.1225 0.1380 0.1463 0.1344 0.1463 0.1340 0.1226 0.1413 0.1225 0.1415 0.1463 0.1380 0.1463 0.1376 0.1225 0.1449 0.1224 0.1451 0.1463 0.1415 0.1463 0.1413 0.1225 0.1485 0.1224 0.1487 0.1463 0.1451 0.1463 0.1449 0.1224 0.1175 0.1431 0.1211 0.1431 0.1211 0.1486 0.1176 0.1486 0.0491 0.1714 0.0492 0.1624 0.0524 0.1624 0.0524 0.1714 0.0652 0.1714 0.0652 0.1624 0.0685 0.1624 0.0684 0.1714 0.0620 0.1714 0.0620 0.1624 0.0652 0.1624 0.0652 0.1714 0.0588 0.1714 0.0588 0.1624 0.0620 0.1624 0.0620 0.1714 0.0556 0.1714 0.0556 0.1624 0.0588 0.1624 0.0588 0.1714 0.0524 0.1566 0.0556 0.1566 0.0556 0.1624 0.0524 0.1624 0.0492 0.1624 0.0491 0.1566 0.0524 0.1566 0.0524 0.1624 0.0652 0.1624 0.0653 0.1566 0.0685 0.1567 0.0685 0.1624 0.0620 0.1624 0.0621 0.1566 0.0653 0.1566 0.0652 0.1624 0.0588 0.1624 0.0588 0.1566 0.0621 0.1566 0.0620 0.1624 0.0556 0.1624 0.0556 0.1566 0.0588 0.1566 0.0588 0.1624 0.0523 0.1515 0.0555 0.1515 0.0556 0.1566 0.0524 0.1566 0.0491 0.1566 0.0490 0.1516 0.0523 0.1515 0.0524 0.1566 0.0653 0.1566 0.0654 0.1516 0.0687 0.1516 0.0685 0.1567 0.0621 0.1566 0.0621 0.1515 0.0654 0.1516 0.0653 0.1566 0.0588 0.1566 0.0588 0.1515 0.0621 0.1515 0.0621 0.1566 0.0556 0.1566 0.0555 0.1515 0.0588 0.1515 0.0588 0.1566 0.0519 0.1445 0.0554 0.1444 0.0555 0.1515 0.0523 0.1515 0.0490 0.1516 0.0486 0.1445 0.0519 0.1445 0.0523 0.1515 0.0654 0.1516 0.0657 0.1445 0.0690 0.1445 0.0687 0.1516 0.0621 0.1515 0.0623 0.1444 0.0657 0.1445 0.0654 0.1516 0.0588 0.1515 0.0589 0.1444 0.0623 0.1444 0.0621 0.1515 0.0555 0.1515 0.0554 0.1444 0.0589 0.1444 0.0588 0.1515 0.0522 0.0981 0.0555 0.0981 0.0554 0.1444 0.0519 0.1445 0.0486 0.1445 0.0488 0.0980 0.0522 0.0981 0.0519 0.1445 0.0657 0.1445 0.0655 0.0981 0.0689 0.0981 0.0690 0.1445 0.0623 0.1444 0.0621 0.0981 0.0655 0.0981 0.0657 0.1445 0.0589 0.1444 0.0588 0.0981 0.0621 0.0981 0.0623 0.1444 0.0554 0.1444 0.0555 0.0981 0.0588 0.0981 0.0589 0.1444 0.0521 0.0055 0.0555 0.0055 0.0555 0.0981 0.0522 0.0981 0.0488 0.0980 0.0488 0.0055 0.0521 0.0055 0.0522 0.0981 0.0655 0.0981 0.0655 0.0055 0.0689 0.0055 0.0689 0.0981 0.0621 0.0981 0.0622 0.0055 0.0655 0.0055 0.0655 0.0981 0.0588 0.0981 0.0588 0.0055 0.0622 0.0055 0.0621 0.0981 0.0555 0.0981 0.0555 0.0055 0.0588 0.0055 0.0588 0.0981 0.0178 0.1015 0.0144 0.1015 0.0145 0.0062 0.0178 0.0062 0.0212 0.0062 0.0211 0.1015 0.0178 0.1015 0.0178 0.0062 0.0045 0.0062 0.0044 0.1015 0.0011 0.1015 0.0011 0.0062 0.0078 0.0062 0.0077 0.1015 0.0044 0.1015 0.0045 0.0062 0.0111 0.0062 0.0110 0.1015 0.0077 0.1015 0.0078 0.0062 0.0145 0.0062 0.0144 0.1015 0.0110 0.1015 0.0111 0.0062 0.0178 0.1542 0.0145 0.1543 0.0144 0.1015 0.0178 0.1015 0.0211 0.1015 0.0212 0.1543 0.0178 0.1542 0.0178 0.1015 0.0044 0.1015 0.0043 0.1543 0.0009 0.1543 0.0011 0.1015 0.0077 0.1015 0.0078 0.1543 0.0043 0.1543 0.0044 0.1015 0.0110 0.1015 0.0112 0.1543 0.0078 0.1543 0.0077 0.1015 0.0144 0.1015 0.0145 0.1543 0.0112 0.1543 0.0110 0.1015 0.0178 0.1709 0.0144 0.1709 0.0145 0.1543 0.0178 0.1542 0.0212 0.1543 0.0212 0.1709 0.0178 0.1709 0.0178 0.1542 0.0043 0.1543 0.0045 0.1709 0.0012 0.1709 0.0009 0.1543 0.0078 0.1543 0.0078 0.1709 0.0045 0.1709 0.0043 0.1543 0.0112 0.1543 0.0111 0.1709 0.0078 0.1709 0.0078 0.1543 0.0145 0.1543 0.0144 0.1709 0.0111 0.1709 0.0112 0.1543 0.0178 0.1822 0.0144 0.1822 0.0144 0.1709 0.0178 0.1709 0.0212 0.1709 0.0211 0.1822 0.0178 0.1822 0.0178 0.1709 0.0045 0.1709 0.0044 0.1822 0.0011 0.1822 0.0012 0.1709 0.0078 0.1709 0.0078 0.1822 0.0044 0.1822 0.0045 0.1709 0.0111 0.1709 0.0111 0.1822 0.0078 0.1822 0.0078 0.1709 0.0144 0.1709 0.0144 0.1822 0.0111 0.1822 0.0111 0.1709 0.0177 0.1936 0.0144 0.1936 0.0144 0.1822 0.0178 0.1822 0.0211 0.1822 0.0210 0.1936 0.0177 0.1936 0.0178 0.1822 0.0044 0.1822 0.0044 0.1935 0.0011 0.1935 0.0011 0.1822 0.0078 0.1822 0.0077 0.1935 0.0044 0.1935 0.0044 0.1822 0.0111 0.1822 0.0110 0.1936 0.0077 0.1935 0.0078 0.1822 0.0144 0.1822 0.0144 0.1936 0.0110 0.1936 0.0111 0.1822 0.0176 0.2102 0.0142 0.2102 0.0144 0.1936 0.0177 0.1936 0.0210 0.1936 0.0209 0.2102 0.0176 0.2102 0.0177 0.1936 0.0044 0.1935 0.0043 0.2102 0.0009 0.2101 0.0011 0.1935 0.0077 0.1935 0.0076 0.2102 0.0043 0.2102 0.0044 0.1935 0.0110 0.1936 0.0109 0.2102 0.0076 0.2102 0.0077 0.1935 0.0144 0.1936 0.0142 0.2102 0.0109 0.2102 0.0110 0.1936 0.0971 0.1392 0.1007 0.1392 0.1007 0.1442 0.0972 0.1442 0.2168 0.2478 0.2183 0.1728 0.2358 0.1730 0.2344 0.2481 0.2381 0.2481 0.2344 0.2481 0.2358 0.1730 0.2396 0.1731 0.1960 0.0922 0.1960 0.0886 0.2144 0.0886 0.2144 0.0922 0.2144 0.0922 0.2144 0.1606 0.1960 0.1606 0.1960 0.0922 0.2144 0.1606 0.2144 0.1642 0.1960 0.1642 0.1960 0.1606 0.2145 0.1727 0.2183 0.1728 0.2168 0.2478 0.2131 0.2477 0.2168 0.2478 0.2183 0.1728 0.2358 0.1730 0.2344 0.2481 0.2381 0.2481 0.2344 0.2481 0.2358 0.1730 0.2396 0.1731 0.1960 0.0922 0.1960 0.0886 0.2144 0.0886 0.2144 0.0922 0.2144 0.0922 0.2144 0.1606 0.1960 0.1606 0.1960 0.0922 0.2144 0.1606 0.2144 0.1642 0.1960 0.1642 0.1960 0.1606 0.2145 0.1727 0.2183 0.1728 0.2168 0.2478 0.2131 0.2477 0.2168 0.2478 0.2183 0.1728 0.2358 0.1730 0.2344 0.2481 0.2381 0.2481 0.2344 0.2481 0.2358 0.1730 0.2396 0.1731 0.1960 0.0922 0.1960 0.0886 0.2144 0.0886 0.2144 0.0922 0.2144 0.0922 0.2144 0.1606 0.1960 0.1606 0.1960 0.0922 0.2144 0.1606 0.2144 0.1642 0.1960 0.1642 0.1960 0.1606 0.2145 0.1727 0.2183 0.1728 0.2168 0.2478 0.2131 0.2477 0.2168 0.2478 0.2183 0.1728 0.2358 0.1730 0.2344 0.2481 0.2381 0.2481 0.2344 0.2481 0.2358 0.1730 0.2396 0.1731 0.1960 0.0922 0.1960 0.0886 0.2144 0.0886 0.2144 0.0922 0.2144 0.0922 0.2144 0.1606 0.1960 0.1606 0.1960 0.0922 0.2144 0.1606 0.2144 0.1642 0.1960 0.1642 0.1960 0.1606 0.2145 0.1727 0.2183 0.1728 0.2168 0.2478 0.2131 0.2477 0.2168 0.2478 0.2183 0.1728 0.2358 0.1730 0.2344 0.2481 0.2381 0.2481 0.2344 0.2481 0.2358 0.1730 0.2396 0.1731 0.1960 0.0922 0.1960 0.0886 0.2144 0.0886 0.2144 0.0922 0.2144 0.0922 0.2144 0.1606 0.1960 0.1606 0.1960 0.0922 0.2144 0.1606 0.2144 0.1642 0.1960 0.1642 0.1960 0.1606 0.2145 0.1727 0.2183 0.1728 0.2168 0.2478 0.2131 0.2477 0.1916 0.0023 0.1916 0.0786 0.1902 0.0786 0.1902 0.0023 0.1902 0.0023 0.1902 0.0786 0.1888 0.0786 0.1888 0.0023 0.1888 0.0023 0.1888 0.0786 0.1873 0.0786 0.1873 0.0023 0.1873 0.0023 0.1873 0.0786 0.1859 0.0786 0.1859 0.0023 0.1859 0.0023 0.1859 0.0786 0.1845 0.0786 0.1845 0.0023 0.1845 0.0023 0.1845 0.0786 0.1830 0.0786 0.1830 0.0023 0.1830 0.0023 0.1830 0.0786 0.1816 0.0786 0.1816 0.0023 0.1816 0.0023 0.1816 0.0786 0.1801 0.0786 0.1801 0.0023 0.1859 0.0023 0.1859 0.0661 0.1845 0.0661 0.1845 0.0023 0.1845 0.0023 0.1845 0.0661 0.1830 0.0661 0.1830 0.0023 0.1830 0.0023 0.1830 0.0661 0.1816 0.0661 0.1816 0.0023 0.1816 0.0023 0.1816 0.0661 0.1801 0.0661 0.1801 0.0023 0.1916 0.0023 0.1916 0.0661 0.1902 0.0661 0.1902 0.0023 0.1902 0.0023 0.1902 0.0661 0.1888 0.0661 0.1888 0.0023 0.1888 0.0023 0.1888 0.0661 0.1873 0.0661 0.1873 0.0023 0.1873 0.0023 0.1873 0.0661 0.1859 0.0661 0.1859 0.0023 0.1859 0.1862 0.1859 0.2500 0.1845 0.2500 0.1845 0.1862 0.1845 0.1862 0.1845 0.2500 0.1830 0.2500 0.1830 0.1862 0.1830 0.1862 0.1830 0.2500 0.1816 0.2500 0.1816 0.1862 0.1816 0.1862 0.1816 0.2500 0.1801 0.2500 0.1801 0.1862 0.1916 0.1862 0.1916 0.2500 0.1902 0.2500 0.1902 0.1862 0.1902 0.1862 0.1902 0.2500 0.1888 0.2500 0.1888 0.1862 0.1888 0.1862 0.1888 0.2500 0.1873 0.2500 0.1873 0.1862 0.1873 0.1862 0.1873 0.2500 0.1859 0.2500 0.1859 0.1862 0.1859 0.0805 0.1859 0.1442 0.1845 0.1442 0.1845 0.0805 0.1845 0.0805 0.1845 0.1442 0.1830 0.1442 0.1830 0.0805 0.1830 0.0805 0.1830 0.1442 0.1816 0.1442 0.1816 0.0805 0.1816 0.0805 0.1816 0.1442 0.1801 0.1442 0.1801 0.0805 0.1916 0.0805 0.1916 0.1442 0.1902 0.1442 0.1902 0.0805 0.1902 0.0805 0.1902 0.1442 0.1888 0.1442 0.1888 0.0805 0.1888 0.0805 0.1888 0.1442 0.1873 0.1442 0.1873 0.0805 0.1873 0.0805 0.1873 0.1442 0.1859 0.1442 0.1859 0.0805 0.1859 0.0905 0.1859 0.1543 0.1845 0.1543 0.1845 0.0905 0.1845 0.0905 0.1845 0.1543 0.1830 0.1543 0.1830 0.0905 0.1830 0.0905 0.1830 0.1543 0.1816 0.1543 0.1816 0.0905 0.1816 0.0905 0.1816 0.1543 0.1801 0.1543 0.1801 0.0905 0.1916 0.0905 0.1916 0.1543 0.1902 0.1543 0.1902 0.0905 0.1902 0.0905 0.1902 0.1543 0.1888 0.1543 0.1888 0.0905 0.1888 0.0905 0.1888 0.1543 0.1873 0.1543 0.1873 0.0905 0.1873 0.0905 0.1873 0.1543 0.1859 0.1543 0.1859 0.0905 " />
						</IndexedFaceSet>
					</Shape>
				</Group>
			</Transform>
		</Transform>
		<Transform DEF="junta-canaleta_TRANSFORM"
		           translation="0.288500 0.217933 2.702084"
		           scale="1.000000 1.000000 1.000000"
		           rotation="0.000000 0.707107 0.707107 3.141593"
		           >
			<Transform DEF="junta-canaleta_ifs_TRANSFORM"
			           translation="0.000000 0.000000 0.000000"
			           scale="1.000000 1.000000 1.000000"
			           rotation="0.000000 1.000000 0.000000 0.000000"
			           >
				<Group DEF="group_ME_junta-canaleta">
					<Shape>
						<Appearance>
							<Material USE="MA_hiper-atlas" />
						</Appearance>
						<IndexedFaceSet solid="false"
						                texCoordIndex="0 1 2 3 -1 4 5 6 7 -1 8 9 10 11 -1 12 13 14 15 -1 16 17 18 19 -1 20 21 22 23 -1 24 25 26 27 -1 28 29 30 31 -1 32 33 34 35 -1 36 37 38 39 -1 40 41 42 43 -1 44 45 46 47 -1 48 49 50 51 -1 52 53 54 55 -1 56 57 58 59 -1 60 61 62 63 -1 64 65 66 67 -1 68 69 70 71 -1 72 73 74 75 -1 76 77 78 79 -1 80 81 82 83 -1 84 85 86 87 -1 88 89 90 91 -1 92 93 94 95 -1 96 97 98 99 -1 100 101 102 103 -1 104 105 106 107 -1 108 109 110 111 -1 112 113 114 115 -1 116 117 118 119 -1 120 121 122 123 -1 124 125 126 127 -1 "
						                coordIndex="4 12 15 7 -1 0 8 13 5 -1 1 9 8 0 -1 5 13 12 4 -1 6 14 11 3 -1 2 10 9 1 -1 7 15 14 6 -1 3 11 10 2 -1 18 21 29 26 -1 22 19 27 30 -1 23 22 30 31 -1 19 18 26 27 -1 20 17 25 28 -1 16 23 31 24 -1 21 20 28 29 -1 17 16 24 25 -1 4 7 21 18 -1 3 2 16 17 -1 15 12 26 29 -1 10 11 25 24 -1 5 4 18 19 -1 12 13 27 26 -1 7 6 20 21 -1 14 15 29 28 -1 1 0 22 23 -1 8 9 31 30 -1 2 1 23 16 -1 9 10 24 31 -1 0 5 19 22 -1 13 8 30 27 -1 6 3 17 20 -1 11 14 28 25 -1 "
						                >
							<Coordinate DEF="coords_ME_junta-canaleta"
							            point="-0.006987 0.042281 0.050000 -0.006987 0.050000 0.042281 -0.006987 0.050000 -0.042281 -0.006987 0.042281 -0.050000 -0.006987 -0.050000 0.042281 -0.006987 -0.042281 0.050000 -0.006987 -0.042281 -0.050000 -0.006987 -0.050000 -0.042281 0.006988 0.042281 0.050000 0.006988 0.050000 0.042281 0.006988 0.050000 -0.042281 0.006988 0.042281 -0.050000 0.006988 -0.050000 0.042281 0.006988 -0.042281 0.050000 0.006988 -0.042281 -0.050000 0.006988 -0.050000 -0.042281 -0.006987 0.055670 -0.047076 -0.006987 0.047076 -0.055671 -0.006987 -0.055671 0.047076 -0.006987 -0.047076 0.055671 -0.006987 -0.047076 -0.055671 -0.006987 -0.055671 -0.047076 -0.006987 0.047076 0.055671 -0.006987 0.055670 0.047076 0.006988 0.055670 -0.047076 0.006988 0.047076 -0.055671 0.006988 -0.055671 0.047076 0.006988 -0.047076 0.055671 0.006988 -0.047076 -0.055671 0.006988 -0.055671 -0.047076 0.006988 0.047076 0.055671 0.006988 0.055670 0.047076 "
							            />
							<TextureCoordinate point="0.1635 0.3312 0.1659 0.3312 0.1647 0.3471 0.1620 0.3468 0.1621 0.3865 0.1647 0.3862 0.1660 0.4017 0.1640 0.4019 0.1621 0.3843 0.1647 0.3842 0.1647 0.3862 0.1621 0.3865 0.1641 0.3295 0.1657 0.3297 0.1659 0.3312 0.1635 0.3312 0.1618 0.3491 0.1644 0.3491 0.1641 0.3662 0.1616 0.3662 0.1614 0.3684 0.1641 0.3682 0.1647 0.3842 0.1621 0.3843 0.1620 0.3468 0.1647 0.3471 0.1644 0.3491 0.1618 0.3491 0.1616 0.3662 0.1641 0.3662 0.1641 0.3682 0.1614 0.3684 0.1625 0.3306 0.1609 0.3470 0.1585 0.3467 0.1601 0.3303 0.1609 0.3862 0.1629 0.4029 0.1605 0.4032 0.1588 0.3865 0.1609 0.3846 0.1609 0.3862 0.1588 0.3865 0.1587 0.3846 0.1630 0.3289 0.1625 0.3306 0.1601 0.3303 0.1607 0.3282 0.1606 0.3486 0.1603 0.3665 0.1579 0.3665 0.1582 0.3487 0.1604 0.3681 0.1609 0.3846 0.1587 0.3846 0.1580 0.3684 0.1609 0.3470 0.1606 0.3486 0.1582 0.3487 0.1585 0.3467 0.1603 0.3665 0.1604 0.3681 0.1580 0.3684 0.1579 0.3665 0.1635 0.3312 0.1620 0.3468 0.1609 0.3470 0.1625 0.3306 0.1616 0.3662 0.1614 0.3684 0.1604 0.3681 0.1603 0.3665 0.1647 0.3471 0.1659 0.3312 0.1670 0.3308 0.1656 0.3475 0.1641 0.3682 0.1641 0.3662 0.1652 0.3667 0.1651 0.3679 0.1641 0.3295 0.1635 0.3312 0.1625 0.3306 0.1630 0.3289 0.1659 0.3312 0.1657 0.3297 0.1666 0.3293 0.1670 0.3308 0.1620 0.3468 0.1618 0.3491 0.1606 0.3486 0.1609 0.3470 0.1644 0.3491 0.1647 0.3471 0.1656 0.3475 0.1656 0.3487 0.1621 0.3843 0.1621 0.3865 0.1609 0.3862 0.1609 0.3846 0.1647 0.3862 0.1647 0.3842 0.1657 0.3845 0.1658 0.3857 0.1614 0.3684 0.1621 0.3843 0.1609 0.3846 0.1604 0.3681 0.1647 0.3842 0.1641 0.3682 0.1651 0.3679 0.1657 0.3845 0.1621 0.3865 0.1640 0.4019 0.1629 0.4029 0.1609 0.3862 0.1660 0.4017 0.1647 0.3862 0.1658 0.3857 0.1670 0.4024 0.1618 0.3491 0.1616 0.3662 0.1603 0.3665 0.1606 0.3486 0.1641 0.3662 0.1644 0.3491 0.1656 0.3487 0.1652 0.3667 " />
						</IndexedFaceSet>
					</Shape>
				</Group>
			</Transform>
		</Transform>
		<Transform DEF="Closet_001_TRANSFORM"
		           translation="1.900000 -0.001786 1.301673"
		           scale="1.000000 1.000000 1.000000"
		           rotation="-0.577350 -0.577350 -0.577350 2.094395"
		           >
			<Transform DEF="Closet_001_ifs_TRANSFORM"
			           translation="-0.000000 -0.000000 0.000000"
			           scale="1.000000 1.000000 1.000000"
			           rotation="0.000000 1.000000 0.000000 0.000000"
			           >
				<Group DEF="group_ME_Cube_009">
					<Shape>
						<Appearance>
							<Material USE="MA_hiper-atlas" />
						</Appearance>
						<IndexedFaceSet solid="false"
						                texCoordIndex="0 1 2 3 4 -1 5 6 7 8 -1 9 10 11 12 -1 13 14 15 16 -1 17 18 19 20 -1 21 22 23 24 -1 25 26 27 28 -1 29 30 31 32 -1 33 34 35 36 -1 37 38 39 40 -1 41 42 43 44 -1 45 46 47 48 -1 49 50 51 52 -1 53 54 55 56 -1 57 58 59 60 61 62 63 64 65 66 67 68 69 -1 70 71 72 73 -1 74 75 76 77 -1 78 79 80 81 -1 82 83 84 85 -1 86 87 88 89 -1 90 91 92 93 -1 94 95 96 97 -1 98 99 100 101 -1 102 103 104 105 -1 106 107 108 109 110 111 -1 112 113 114 115 116 117 -1 118 119 120 121 122 123 -1 124 125 126 127 -1 128 129 130 131 -1 132 133 134 135 -1 136 137 138 139 -1 140 141 142 143 -1 "
						                coordIndex="0 4 6 9 2 -1 23 6 4 25 -1 22 0 2 24 -1 25 4 0 22 -1 7 8 17 14 -1 8 3 11 12 -1 27 10 13 28 -1 24 2 10 27 -1 2 9 13 10 -1 26 8 12 28 -1 30 16 15 29 -1 9 6 15 16 -1 23 7 14 29 -1 26 9 16 30 -1 1 38 36 5 33 32 7 43 44 45 3 42 40 -1 1 19 39 38 -1 3 20 41 42 -1 5 18 34 33 -1 8 26 30 17 -1 6 23 29 15 -1 17 30 29 14 -1 9 26 28 13 -1 3 24 27 11 -1 11 27 28 12 -1 5 25 22 1 38 36 -1 1 22 24 3 42 40 -1 7 23 25 5 33 32 -1 40 35 19 1 -1 32 31 21 7 -1 36 37 18 5 -1 47 43 7 21 -1 20 3 45 46 -1 "
						                >
							<Coordinate DEF="coords_ME_Cube_009"
							            point="0.339417 0.252890 1.750328 0.339417 0.252890 0.053244 0.339417 -0.256235 1.750328 0.339417 -0.256235 0.053244 -0.339417 0.252890 1.750328 -0.339417 0.252890 0.053244 -0.339417 -0.256235 1.750328 -0.339417 -0.256235 0.053244 -0.000000 -0.256235 0.053244 -0.000000 -0.256235 1.750328 0.322446 -0.256235 1.712417 0.322446 -0.256235 0.091155 0.016971 -0.256235 0.091155 0.016971 -0.256235 1.712417 -0.322446 -0.256235 0.091155 -0.322446 -0.256235 1.712417 -0.016971 -0.256235 1.712417 -0.016971 -0.256235 0.091155 -0.339417 0.252890 0.000000 0.339417 0.252890 0.000000 0.339417 -0.256235 0.000000 -0.339417 -0.256235 0.000000 0.339417 0.252890 0.901786 -0.339417 -0.256235 0.901786 0.339417 -0.256235 0.901786 -0.339417 0.252890 0.901786 -0.000000 -0.256235 0.901786 0.322446 -0.256235 0.901786 0.016971 -0.256235 0.901786 -0.322446 -0.256235 0.901786 -0.016971 -0.256235 0.901786 -0.339417 -0.172739 0.000000 -0.339417 -0.128954 0.053244 -0.339417 0.125609 0.053244 -0.339417 0.176085 0.000000 0.339417 0.176085 0.000000 -0.254563 0.252890 0.053244 -0.294336 0.252890 0.000000 0.254563 0.252890 0.053244 0.289656 0.252890 0.000000 0.339417 0.125609 0.053244 0.339417 -0.172739 0.000000 0.339417 -0.128954 0.053244 -0.254563 -0.256235 0.053244 -0.000000 -0.256235 0.053244 0.254563 -0.256235 0.053244 0.289656 -0.256235 0.000000 -0.294336 -0.256235 0.000000 "
							            />
							<TextureCoordinate point="0.9763 0.2243 0.9161 0.2219 0.9179 0.1767 0.9480 0.1779 0.9781 0.1791 0.9054 0.0969 0.9032 0.1724 0.8579 0.1711 0.8601 0.0956 0.9067 0.0926 0.9073 0.0146 0.9542 0.0150 0.9535 0.0930 0.8191 0.0935 0.8219 0.1764 0.7571 0.1766 0.7555 0.0949 0.9798 0.0000 0.9798 0.0523 0.9740 0.0497 0.9740 0.0026 0.9866 -0.0000 0.9866 0.0523 0.9807 0.0497 0.9807 0.0026 0.8307 0.2074 0.7510 0.2071 0.7506 0.1785 0.8304 0.1790 0.9315 0.0916 0.9315 0.1623 0.9292 0.1592 0.9291 0.0928 0.9942 0.0523 0.9942 0.0000 1.0000 0.0026 1.0000 0.0497 0.9291 0.0916 0.9292 0.0210 0.9315 0.0241 0.9315 0.0905 0.8248 0.0907 0.8256 0.0108 0.8545 0.0093 0.8536 0.0910 0.9873 0.0523 0.9873 -0.0000 0.9931 0.0026 0.9931 0.0497 0.9315 0.0916 0.9315 0.1623 0.9292 0.1592 0.9291 0.0928 0.9291 0.0916 0.9291 0.1623 0.9268 0.1592 0.9268 0.0928 0.9553 0.1677 0.9553 0.1599 0.9553 0.1130 0.9553 0.1052 0.9665 0.1052 0.9888 0.1052 1.0000 0.1052 1.0000 0.1130 1.0000 0.1364 1.0000 0.1599 1.0000 0.1677 0.9888 0.1677 0.9665 0.1677 0.8653 0.2210 0.8653 0.2148 0.8711 0.2148 0.8752 0.2210 0.8603 0.2273 0.8603 0.2210 0.8701 0.2210 0.8752 0.2273 0.8653 0.2273 0.8653 0.2335 0.8563 0.2335 0.8504 0.2273 0.9292 0.0210 0.9291 0.0916 0.9268 0.0928 0.9268 0.0264 0.9315 0.0210 0.9315 0.0916 0.9291 0.0928 0.9291 0.0264 0.8241 0.1706 0.8248 0.0907 0.8536 0.0910 0.8527 0.1726 0.9291 0.1623 0.9291 0.0916 0.9315 0.0905 0.9315 0.1569 0.9315 0.0210 0.9315 0.0916 0.9291 0.0928 0.9291 0.0264 0.9105 0.2077 0.8307 0.2074 0.8304 0.1790 0.9102 0.1796 0.8163 0.0107 0.8191 0.0935 0.7555 0.0949 0.7539 0.0132 0.7617 0.0129 0.8085 0.0110 0.9060 0.1707 0.9067 0.0926 0.9535 0.0930 0.9528 0.1711 0.9411 0.1710 0.9177 0.1708 0.9076 0.0213 0.9054 0.0969 0.8601 0.0956 0.8622 0.0200 0.8736 0.0203 0.8962 0.0210 0.8504 0.2210 0.8563 0.2148 0.8653 0.2148 0.8653 0.2210 0.8752 0.2085 0.8701 0.2148 0.8603 0.2148 0.8603 0.2085 0.8752 0.2273 0.8706 0.2335 0.8653 0.2335 0.8653 0.2273 0.8550 0.2148 0.8504 0.2085 0.8603 0.2085 0.8603 0.2148 0.8603 0.2210 0.8603 0.2273 0.8504 0.2273 0.8545 0.2210 " />
						</IndexedFaceSet>
					</Shape>
				</Group>
			</Transform>
		</Transform>
		<Transform DEF="Gabinete_001_TRANSFORM"
		           translation="2.000257 0.000000 2.305000"
		           scale="1.000000 1.000000 1.000000"
		           rotation="-0.577350 -0.577350 -0.577350 2.094395"
		           >
			<Transform DEF="Gabinete_001_ifs_TRANSFORM"
			           translation="0.000000 -0.000000 0.000000"
			           scale="1.000000 1.000000 1.000000"
			           rotation="0.000000 1.000000 0.000000 0.000000"
			           >
				<Group DEF="group_ME_Gabinete_001">
					<Shape>
						<Appearance>
							<Material USE="MA_hiper-atlas" />
						</Appearance>
						<IndexedFaceSet solid="false"
						                texCoordIndex="0 1 2 3 -1 4 5 6 7 8 -1 9 10 11 12 -1 13 14 15 16 -1 17 18 19 20 -1 21 22 23 24 -1 25 26 27 28 -1 29 30 31 32 -1 33 34 35 36 -1 37 38 39 40 -1 41 42 43 44 -1 45 46 47 48 -1 49 50 51 52 53 -1 54 55 56 57 -1 58 59 60 61 -1 62 63 64 65 -1 66 67 68 69 -1 70 71 72 73 -1 74 75 76 77 -1 78 79 80 81 -1 82 83 84 85 -1 86 87 88 89 -1 90 91 92 93 -1 94 95 96 97 -1 98 99 100 101 -1 102 103 104 105 -1 106 107 108 109 -1 "
						                coordIndex="15 20 4 18 -1 19 15 8 9 17 -1 16 0 2 17 -1 5 13 11 1 -1 5 1 3 6 -1 11 7 9 12 -1 14 8 10 13 -1 13 10 7 11 -1 12 9 8 14 -1 6 14 13 5 -1 1 11 12 3 -1 3 12 14 6 -1 0 4 20 21 2 -1 18 4 0 16 -1 7 16 17 9 -1 8 15 18 10 -1 18 16 7 10 -1 15 19 29 26 -1 21 19 25 23 -1 24 22 23 25 -1 2 21 23 22 -1 19 17 24 25 -1 17 2 22 24 -1 29 28 27 26 -1 19 21 28 29 -1 20 15 26 27 -1 21 20 27 28 -1 "
						                >
							<Coordinate DEF="coords_ME_Gabinete_001"
							            point="0.516389 0.115000 0.980000 0.500902 0.105000 0.000000 0.516389 -0.125000 0.980000 0.500902 -0.105000 0.000000 -0.515875 0.115000 0.980000 -0.500902 0.105000 0.000000 -0.500902 -0.105000 0.000000 0.516389 0.115000 0.138743 -0.515875 -0.125000 0.138743 0.516389 -0.125000 0.138743 -0.515875 0.115000 0.138743 0.500902 0.105000 0.129616 0.500902 -0.105000 0.129616 -0.500902 0.105000 0.129616 -0.500902 -0.105000 0.129616 -0.515875 -0.125000 0.245313 0.516389 0.115000 0.245313 0.516389 -0.125000 0.245313 -0.515875 0.115000 0.245313 0.000257 -0.125000 0.245313 -0.515875 -0.125000 0.980000 0.000257 -0.125000 0.980000 0.481641 -0.135730 0.953160 0.017122 -0.135730 0.953160 0.481641 -0.135730 0.263211 0.017122 -0.135730 0.263211 -0.476655 -0.135730 0.263211 -0.476655 -0.135730 0.953160 -0.012136 -0.135730 0.953160 -0.012136 -0.135730 0.263211 "
							            />
							<TextureCoordinate point="0.7097 0.0805 0.7097 0.0089 0.7332 0.0089 0.7332 0.0805 0.7322 0.1823 0.7322 0.1245 0.7441 0.1245 0.7441 0.2400 0.7322 0.2400 0.5677 0.2109 0.5677 0.1205 0.5972 0.1205 0.5972 0.2109 0.6265 0.1235 0.6408 0.1235 0.6408 0.2339 0.6265 0.2339 0.5280 0.1280 0.5280 0.2400 0.5045 0.2400 0.5045 0.1280 0.5689 0.2262 0.5677 0.2240 0.5972 0.2240 0.5948 0.2262 0.7117 0.0926 0.7097 0.0909 0.7332 0.0909 0.7322 0.0926 0.6408 0.1235 0.6428 0.1214 0.6428 0.2356 0.6408 0.2339 0.6191 0.1176 0.6215 0.1156 0.6215 0.2439 0.6191 0.2420 0.7117 0.1053 0.7117 0.0926 0.7322 0.0926 0.7322 0.1053 0.5689 0.2422 0.5689 0.2262 0.5948 0.2262 0.5948 0.2422 0.6046 0.1176 0.6191 0.1176 0.6191 0.2420 0.6046 0.2420 0.5344 0.2430 0.5344 0.1276 0.5613 0.1276 0.5613 0.1853 0.5613 0.2430 0.6336 0.0134 0.6336 0.1064 0.5029 0.1064 0.5029 0.0134 0.5677 0.2240 0.5677 0.2109 0.5972 0.2109 0.5972 0.2240 0.7097 0.0909 0.7097 0.0805 0.7332 0.0805 0.7332 0.0909 0.6336 0.0134 0.5029 0.0134 0.5029 -0.0001 0.6336 -0.0001 0.7024 0.0936 0.6423 0.0936 0.6437 0.0911 0.6978 0.0911 0.7206 0.1197 0.7206 0.2084 0.7182 0.2062 0.7182 0.1229 0.6621 0.2062 0.6621 0.1229 0.7182 0.1229 0.7182 0.2062 0.6579 0.1194 0.7202 0.1194 0.7182 0.1229 0.6621 0.1229 0.7202 0.2087 0.6579 0.2087 0.6621 0.2062 0.7182 0.2062 0.6577 0.2084 0.6577 0.1197 0.6621 0.1229 0.6621 0.2062 0.6437 0.0911 0.6437 0.0108 0.6978 0.0108 0.6978 0.0911 0.6418 0.0932 0.6418 0.0077 0.6437 0.0108 0.6437 0.0911 0.7026 0.0077 0.7026 0.0932 0.6978 0.0911 0.6978 0.0108 0.6423 0.0074 0.7024 0.0074 0.6978 0.0108 0.6437 0.0108 " />
						</IndexedFaceSet>
					</Shape>
				</Group>
			</Transform>
		</Transform>
		<Transform DEF="Industrial-Pallet_001_TRANSFORM"
		           translation="-1.300647 0.000481 2.010640"
		           scale="0.600000 0.600000 0.600000"
		           rotation="0.000000 0.707107 0.707107 3.141593"
		           >
			<Transform DEF="Industrial-Pallet_001_ifs_TRANSFORM"
			           translation="0.000000 0.000000 -0.000000"
			           scale="1.000000 1.000000 1.000000"
			           rotation="0.000000 1.000000 0.000000 0.000000"
			           >
				<Group DEF="group_ME_Cube_008">
					<Shape>
						<Appearance>
							<Material USE="MA_hiper-atlas" />
						</Appearance>
						<IndexedFaceSet solid="false"
						                texCoordIndex="0 1 2 3 -1 4 5 6 7 -1 8 9 10 11 -1 12 13 14 15 -1 16 17 18 19 -1 20 21 22 23 -1 24 25 26 27 -1 28 29 30 31 -1 32 33 34 35 -1 36 37 38 39 -1 40 41 42 43 -1 44 45 46 47 -1 48 49 50 51 -1 52 53 54 55 -1 56 57 58 59 -1 60 61 62 63 -1 64 65 66 67 -1 68 69 70 71 -1 72 73 74 75 -1 76 77 78 79 -1 80 81 82 83 -1 84 85 86 87 -1 88 89 90 91 -1 92 93 94 95 -1 96 97 98 99 -1 100 101 102 103 -1 104 105 106 107 -1 108 109 110 111 -1 112 113 114 115 -1 116 117 118 119 -1 120 121 122 123 -1 124 125 126 127 -1 128 129 130 131 -1 132 133 134 135 -1 136 137 138 139 -1 140 141 142 143 -1 144 145 146 147 -1 148 149 150 151 -1 152 153 154 155 -1 156 157 158 159 -1 160 161 162 163 -1 164 165 166 167 -1 168 169 170 171 -1 172 173 174 175 -1 176 177 178 179 -1 180 181 182 183 -1 184 185 186 187 -1 188 189 190 191 -1 192 193 194 195 -1 196 197 198 199 -1 200 201 202 203 -1 204 205 206 207 -1 208 209 210 211 -1 212 213 214 215 -1 216 217 218 219 -1 220 221 222 223 -1 224 225 226 227 -1 228 229 230 231 -1 232 233 234 235 -1 236 237 238 239 -1 240 241 242 243 -1 244 245 246 247 -1 248 249 250 251 -1 252 253 254 255 -1 256 257 258 259 -1 260 261 262 263 -1 264 265 266 267 -1 268 269 270 271 -1 272 273 274 275 -1 276 277 278 279 -1 280 281 282 283 -1 284 285 286 287 -1 288 289 290 291 -1 292 293 294 295 -1 296 297 298 299 -1 300 301 302 303 -1 304 305 306 307 -1 308 309 310 311 -1 312 313 314 315 -1 316 317 318 319 -1 320 321 322 323 -1 324 325 326 327 -1 328 329 330 331 -1 332 333 334 335 -1 336 337 338 339 -1 340 341 342 343 -1 344 345 346 347 -1 348 349 350 351 -1 352 353 354 355 -1 356 357 358 359 -1 360 361 362 363 -1 364 365 366 367 -1 368 369 370 371 -1 372 373 374 375 -1 376 377 378 379 -1 380 381 382 383 -1 384 385 386 387 -1 388 389 390 391 -1 392 393 394 395 -1 396 397 398 399 -1 400 401 402 403 -1 404 405 406 407 -1 "
						                coordIndex="0 4 6 2 -1 3 2 6 7 -1 7 6 4 5 -1 5 1 3 7 -1 1 0 2 3 -1 5 4 0 1 -1 8 12 14 10 -1 11 10 14 15 -1 15 14 12 13 -1 13 9 11 15 -1 9 8 10 11 -1 13 12 8 9 -1 16 20 22 18 -1 19 18 22 23 -1 23 22 20 21 -1 21 17 19 23 -1 17 16 18 19 -1 21 20 16 17 -1 24 28 30 26 -1 27 26 30 31 -1 31 30 28 29 -1 29 25 27 31 -1 25 24 26 27 -1 29 28 24 25 -1 32 36 38 34 -1 35 34 38 39 -1 39 38 36 37 -1 37 33 35 39 -1 33 32 34 35 -1 37 36 32 33 -1 40 44 46 42 -1 43 42 46 47 -1 47 46 44 45 -1 45 41 43 47 -1 41 40 42 43 -1 45 44 40 41 -1 48 52 54 50 -1 51 50 54 55 -1 55 54 52 53 -1 53 49 51 55 -1 49 48 50 51 -1 53 52 48 49 -1 56 60 62 58 -1 59 58 62 63 -1 63 62 60 61 -1 61 57 59 63 -1 57 56 58 59 -1 61 60 56 57 -1 64 68 70 66 -1 67 66 70 71 -1 71 70 68 69 -1 69 65 67 71 -1 65 64 66 67 -1 69 68 64 65 -1 72 76 78 74 -1 75 74 78 79 -1 79 78 76 77 -1 77 73 75 79 -1 73 72 74 75 -1 77 76 72 73 -1 80 84 86 82 -1 83 82 86 87 -1 87 86 84 85 -1 85 81 83 87 -1 81 80 82 83 -1 85 84 80 81 -1 88 89 91 90 -1 90 91 95 94 -1 94 95 93 92 -1 92 93 89 88 -1 96 97 99 98 -1 98 99 103 102 -1 102 103 101 100 -1 100 101 97 96 -1 104 105 107 106 -1 106 107 111 110 -1 110 111 109 108 -1 108 109 105 104 -1 112 113 115 114 -1 114 115 119 118 -1 118 119 117 116 -1 116 117 113 112 -1 120 121 123 122 -1 122 123 127 126 -1 126 127 125 124 -1 124 125 121 120 -1 128 129 131 130 -1 130 131 135 134 -1 134 135 133 132 -1 132 133 129 128 -1 136 137 139 138 -1 138 139 143 142 -1 142 143 141 140 -1 140 141 137 136 -1 144 145 147 146 -1 146 147 151 150 -1 150 151 149 148 -1 148 149 145 144 -1 152 153 155 154 -1 154 155 159 158 -1 158 159 157 156 -1 156 157 153 152 -1 "
						                >
							<Coordinate DEF="coords_ME_Cube_008"
							            point="0.956332 0.627415 0.046279 0.955642 0.619778 -0.002525 0.960385 0.521324 0.044627 0.960937 0.516573 0.000689 -0.926243 0.617382 0.046364 -0.927707 0.609808 0.001563 -0.928223 0.513210 0.045858 -0.925551 0.508534 0.006803 0.940753 0.062394 0.026797 0.927962 0.046328 -0.001450 0.943298 -0.040702 0.012567 0.942052 -0.038346 -0.001356 -0.946187 0.046023 0.028026 -0.942643 0.048410 -0.002232 -0.946055 -0.059631 0.029886 -0.942546 -0.049553 0.009549 0.930104 -0.496229 0.025213 0.930293 -0.501143 0.001936 0.931624 -0.599245 0.019032 0.930594 -0.599483 0.003656 -0.955730 -0.523746 0.045846 -0.955647 -0.530025 -0.008356 -0.961509 -0.628910 0.046295 -0.953385 -0.630880 -0.008277 0.924166 -0.507130 0.196300 0.927549 -0.497019 0.149482 0.926288 -0.615378 0.190990 0.924119 -0.625438 0.162391 -0.961515 -0.521766 0.186691 -0.954306 -0.498301 0.152864 -0.958324 -0.628678 0.187216 -0.962242 -0.632674 0.152699 0.939097 -0.234003 0.192855 0.939470 -0.213619 0.146384 0.940661 -0.337649 0.191678 0.934148 -0.350206 0.150665 -0.948435 -0.252915 0.188191 -0.945730 -0.215131 0.152298 -0.947401 -0.355357 0.190802 -0.949577 -0.354874 0.151922 0.944964 0.054069 0.194679 0.945175 0.069286 0.152104 0.945658 -0.050094 0.190224 0.942222 -0.072722 0.151447 -0.942684 0.029929 0.190596 -0.939113 0.068110 0.152351 -0.941396 -0.069436 0.195169 -0.942113 -0.071503 0.151630 0.950249 0.332763 0.187887 0.950675 0.352479 0.151969 0.952330 0.224871 0.193517 0.948430 0.212364 0.152614 -0.938873 0.321801 0.195043 -0.931535 0.351589 0.151203 -0.940925 0.211615 0.193073 -0.935351 0.211398 0.152552 0.958340 0.625901 0.187228 0.954046 0.626837 0.150659 0.955915 0.514152 0.185859 0.952611 0.495915 0.151817 -0.926695 0.612360 0.196182 -0.924218 0.621234 0.149742 -0.923982 0.511137 0.197970 -0.927952 0.494370 0.151233 0.926248 -0.615830 0.171420 0.919440 -0.620661 0.150172 0.807203 -0.617960 0.171532 0.833255 -0.612562 0.126624 0.947384 0.627408 0.171710 0.947283 0.631022 0.126696 0.807410 0.627994 0.171634 0.840011 0.626663 0.125841 -0.830117 -0.630654 0.171775 -0.845616 -0.623189 0.127004 -0.962606 -0.624332 0.171072 -0.962815 -0.624422 0.126860 -0.830163 0.620721 0.171538 -0.830197 0.620279 0.126892 -0.926603 0.618326 0.171156 -0.923963 0.620401 0.124358 0.082036 -0.625083 0.171618 0.045024 -0.622103 0.126708 -0.057961 -0.623033 0.171577 -0.057693 -0.619718 0.127258 0.082019 0.633790 0.171825 0.077228 0.625272 0.127079 -0.057994 0.633159 0.171803 -0.039299 0.625620 0.126762 0.827699 0.518510 0.013796 0.846920 0.503882 0.144321 0.828330 0.622520 0.010276 0.827595 0.626272 0.161238 0.952630 0.516845 0.012148 0.952912 0.503594 0.145217 0.952878 0.626605 0.020392 0.952882 0.626935 0.145200 -0.046779 -0.049663 0.019399 -0.042221 -0.059069 0.147306 -0.045899 0.057875 0.024796 -0.038229 0.065441 0.147249 0.078663 -0.048945 0.019783 0.062902 -0.058729 0.146613 0.078812 0.057127 0.019321 0.065893 0.065875 0.145975 -0.046164 0.514707 0.016217 -0.032728 0.503679 0.146619 -0.038427 0.624837 0.020494 -0.039173 0.627670 0.137338 0.078734 0.515084 0.016637 0.071666 0.503720 0.146775 0.078231 0.620603 0.021913 0.074997 0.621773 0.145830 -0.083521 -0.616305 0.012870 -0.074928 -0.623465 0.143789 -0.083522 -0.511694 0.016090 -0.066807 -0.512745 0.144432 0.041857 -0.616984 0.019296 0.029911 -0.628080 0.145130 0.040924 -0.509106 0.016535 0.040789 -0.512884 0.141119 0.827874 -0.042167 0.018934 0.838313 -0.059390 0.147382 0.827963 0.064549 0.020297 0.828179 0.063702 0.142514 0.943299 -0.040702 0.012567 0.942039 -0.058079 0.146445 0.940753 0.062394 0.026797 0.945274 0.065898 0.145039 0.836365 -0.616039 0.021955 0.836935 -0.620343 0.142772 0.791268 -0.504710 0.024885 0.801320 -0.527992 0.142112 0.942998 -0.577171 0.026524 0.943667 -0.575740 0.143058 0.898000 -0.479680 0.027539 0.909373 -0.465134 0.146918 -0.945852 -0.059154 0.020405 -0.943050 -0.058855 0.141977 -0.944814 0.046085 0.025154 -0.939244 0.065449 0.145148 -0.824316 -0.058033 0.016067 -0.830608 -0.058098 0.139148 -0.824252 0.048478 0.018443 -0.833246 0.066321 0.143430 -0.924232 0.509065 0.019544 -0.928042 0.503548 0.147506 -0.926522 0.616122 0.022418 -0.924249 0.621237 0.149266 -0.804921 0.510631 0.019515 -0.811725 0.513268 0.145416 -0.804531 0.615239 0.018425 -0.810311 0.620029 0.140218 -0.960763 -0.627949 0.019157 -0.961599 -0.632819 0.143520 -0.953068 -0.523396 0.020111 -0.954655 -0.512167 0.143625 -0.842847 -0.632372 0.020278 -0.845814 -0.629764 0.139247 -0.842060 -0.525136 0.017039 -0.848935 -0.511241 0.142973 "
							            />
							<TextureCoordinate point="0.6397 0.2579 0.6397 0.4377 0.6301 0.4377 0.6301 0.2579 0.6260 0.2579 0.6301 0.2579 0.6301 0.4377 0.6260 0.4377 0.6260 0.4377 0.6260 0.4433 0.6165 0.4433 0.6165 0.4377 0.6165 0.4377 0.6165 0.2579 0.6260 0.2579 0.6260 0.4377 0.6165 0.2579 0.6165 0.2523 0.6260 0.2523 0.6260 0.2579 0.6165 0.4377 0.6124 0.4377 0.6124 0.2579 0.6165 0.2579 0.6429 0.4324 0.6429 0.2526 0.6516 0.2526 0.6516 0.4324 0.6553 0.4324 0.6516 0.4324 0.6516 0.2526 0.6553 0.2526 0.6553 0.2526 0.6553 0.2470 0.6641 0.2470 0.6641 0.2526 0.6641 0.2526 0.6641 0.4324 0.6553 0.4324 0.6553 0.2526 0.6641 0.4324 0.6641 0.4380 0.6553 0.4380 0.6553 0.4324 0.6641 0.2526 0.6678 0.2526 0.6678 0.4324 0.6641 0.4324 0.6963 0.2586 0.6963 0.4384 0.6861 0.4384 0.6861 0.2586 0.6817 0.2586 0.6861 0.2586 0.6861 0.4384 0.6817 0.4384 0.6817 0.4384 0.6817 0.4440 0.6714 0.4440 0.6714 0.4384 0.6714 0.4384 0.6714 0.2586 0.6817 0.2586 0.6817 0.4384 0.6714 0.2586 0.6714 0.2530 0.6817 0.2530 0.6817 0.2586 0.6714 0.4384 0.6670 0.4384 0.6670 0.2586 0.6714 0.2586 0.5031 0.2659 0.5031 0.4301 0.5124 0.4301 0.5124 0.2659 0.5164 0.2659 0.5124 0.2659 0.5124 0.4301 0.5164 0.4301 0.5164 0.4301 0.5164 0.4352 0.5258 0.4352 0.5258 0.4301 0.5258 0.4301 0.5258 0.2659 0.5164 0.2659 0.5164 0.4301 0.5258 0.2659 0.5258 0.2608 0.5164 0.2608 0.5164 0.2659 0.5258 0.4301 0.5298 0.4301 0.5298 0.2659 0.5258 0.2659 0.5525 0.4245 0.5525 0.2802 0.5443 0.2802 0.5443 0.4245 0.5408 0.4245 0.5443 0.4245 0.5443 0.2802 0.5408 0.2802 0.5408 0.2802 0.5408 0.2757 0.5326 0.2757 0.5326 0.2802 0.5326 0.2802 0.5326 0.4245 0.5408 0.4245 0.5408 0.2802 0.5326 0.4245 0.5326 0.4290 0.5408 0.4290 0.5408 0.4245 0.5326 0.2802 0.5290 0.2802 0.5290 0.4245 0.5326 0.4245 0.5277 0.4468 0.6719 0.4468 0.6719 0.4550 0.5277 0.4550 0.5277 0.4586 0.5277 0.4550 0.6719 0.4550 0.6719 0.4586 0.6719 0.4586 0.6763 0.4586 0.6763 0.4668 0.6719 0.4668 0.6719 0.4668 0.5277 0.4668 0.5277 0.4586 0.6719 0.4586 0.5277 0.4668 0.5232 0.4668 0.5232 0.4586 0.5277 0.4586 0.6719 0.4668 0.6719 0.4703 0.5277 0.4703 0.5277 0.4668 0.5811 0.2704 0.5819 0.4236 0.5732 0.4236 0.5724 0.2704 0.5686 0.2705 0.5724 0.2704 0.5732 0.4236 0.5695 0.4236 0.5695 0.4236 0.5695 0.4284 0.5608 0.4284 0.5607 0.4237 0.5607 0.4237 0.5599 0.2705 0.5686 0.2705 0.5695 0.4236 0.5599 0.2705 0.5599 0.2657 0.5686 0.2657 0.5686 0.2705 0.5607 0.4237 0.5570 0.4237 0.5561 0.2705 0.5599 0.2705 0.6095 0.2711 0.6095 0.4236 0.6008 0.4236 0.6008 0.2711 0.5971 0.2711 0.6008 0.2711 0.6008 0.4236 0.5971 0.4236 0.5971 0.4236 0.5971 0.4284 0.5884 0.4284 0.5884 0.4236 0.5884 0.4236 0.5884 0.2711 0.5971 0.2711 0.5971 0.4236 0.5884 0.2711 0.5884 0.2664 0.5971 0.2664 0.5971 0.2711 0.5884 0.4236 0.5847 0.4236 0.5847 0.2711 0.5884 0.2711 0.6963 0.2586 0.6963 0.4384 0.6861 0.4384 0.6861 0.2586 0.6817 0.2586 0.6861 0.2586 0.6861 0.4384 0.6817 0.4384 0.6817 0.4384 0.6817 0.4440 0.6714 0.4440 0.6714 0.4384 0.6714 0.4384 0.6714 0.2586 0.6817 0.2586 0.6817 0.4384 0.6714 0.2586 0.6714 0.2530 0.6817 0.2530 0.6817 0.2586 0.6714 0.4384 0.6670 0.4384 0.6670 0.2586 0.6714 0.2586 0.6397 0.2678 0.6397 0.4254 0.6304 0.4254 0.6304 0.2678 0.6264 0.2678 0.6304 0.2678 0.6304 0.4254 0.6264 0.4254 0.6264 0.4254 0.6264 0.4303 0.6172 0.4303 0.6172 0.4254 0.6172 0.4254 0.6172 0.2678 0.6264 0.2678 0.6264 0.4254 0.6172 0.2678 0.6172 0.2629 0.6264 0.2629 0.6264 0.2678 0.6172 0.4254 0.6132 0.4254 0.6132 0.2678 0.6172 0.2678 0.5866 0.4254 0.5866 0.2659 0.5957 0.2659 0.5957 0.4254 0.5996 0.4254 0.5957 0.4254 0.5957 0.2659 0.5996 0.2659 0.5996 0.2659 0.5996 0.2610 0.6087 0.2610 0.6087 0.2659 0.6087 0.2659 0.6087 0.4254 0.5996 0.4254 0.5996 0.2659 0.6087 0.4254 0.6087 0.4304 0.5996 0.4304 0.5996 0.4254 0.6087 0.2659 0.6126 0.2659 0.6126 0.4254 0.6087 0.4254 0.6960 0.2844 0.6944 0.2729 0.7052 0.2711 0.7052 0.2844 0.7286 0.2529 0.7286 0.2661 0.7176 0.2647 0.7176 0.2537 0.7237 0.3836 0.7347 0.3836 0.7347 0.3944 0.7230 0.3933 0.7193 0.3371 0.7075 0.3370 0.7077 0.3276 0.7193 0.3261 0.7230 0.3227 0.7343 0.3219 0.7343 0.3328 0.7235 0.3321 0.7220 0.2966 0.7112 0.2964 0.7110 0.2873 0.7220 0.2856 0.7234 0.3349 0.7346 0.3343 0.7346 0.3452 0.7234 0.3443 0.7188 0.3495 0.7076 0.3481 0.7075 0.3389 0.7188 0.3384 0.7175 0.4048 0.7060 0.4053 0.7073 0.3944 0.7175 0.3951 0.7380 0.4942 0.7281 0.4915 0.7301 0.4816 0.7407 0.4843 0.7363 0.4007 0.7472 0.4007 0.7472 0.4111 0.7358 0.4100 0.7182 0.4173 0.7067 0.4167 0.7067 0.4075 0.7182 0.4063 0.7186 0.4511 0.7302 0.4506 0.7302 0.4604 0.7188 0.4603 0.7220 0.2966 0.7235 0.2853 0.7330 0.2856 0.7330 0.2966 0.7484 0.4323 0.7445 0.4425 0.7348 0.4396 0.7393 0.4295 0.7345 0.4068 0.7233 0.4064 0.7230 0.3971 0.7345 0.3958 0.7074 0.2650 0.7060 0.2537 0.7168 0.2542 0.7168 0.2649 0.7295 0.4672 0.7277 0.4778 0.7175 0.4764 0.7196 0.4662 0.7282 0.2547 0.7386 0.2545 0.7386 0.2654 0.7269 0.2637 0.7499 0.4789 0.7380 0.4781 0.7384 0.4690 0.7499 0.4687 0.7391 0.4676 0.7383 0.4782 0.7297 0.4771 0.7286 0.4666 0.7060 0.2720 0.7165 0.2726 0.7165 0.2836 0.7060 0.2817 0.7081 0.4743 0.7096 0.4638 0.7194 0.4664 0.7173 0.4764 0.7240 0.4352 0.7275 0.4256 0.7370 0.4292 0.7332 0.4391 0.7319 0.2863 0.7426 0.2866 0.7426 0.2975 0.7320 0.2955 0.7181 0.3509 0.7181 0.3616 0.7088 0.3619 0.7075 0.3508 0.7176 0.2826 0.7160 0.2716 0.7270 0.2720 0.7270 0.2828 0.6959 0.4615 0.6967 0.4507 0.7066 0.4507 0.7066 0.4613 0.7230 0.3724 0.7343 0.3721 0.7343 0.3824 0.7231 0.3818 0.7380 0.2728 0.7380 0.2840 0.7280 0.2834 0.7273 0.2727 0.7096 0.4609 0.7094 0.4502 0.7188 0.4499 0.7188 0.4610 0.7067 0.3944 0.7070 0.3833 0.7172 0.3828 0.7172 0.3941 0.7238 0.3466 0.7347 0.3462 0.7347 0.3568 0.7239 0.3558 0.7402 0.4503 0.7402 0.4612 0.7309 0.4610 0.7305 0.4499 0.7189 0.4906 0.7206 0.4796 0.7306 0.4826 0.7281 0.4928 0.7018 0.2968 0.7020 0.2863 0.7121 0.2858 0.7121 0.2968 " />
						</IndexedFaceSet>
					</Shape>
				</Group>
			</Transform>
		</Transform>
		<Transform DEF="Pallet_001_TRANSFORM"
		           translation="-0.097920 -0.002585 2.000000"
		           scale="1.000000 1.000000 1.000000"
		           rotation="0.000000 0.707107 0.707107 3.141593"
		           >
			<Transform DEF="Pallet_001_ifs_TRANSFORM"
			           translation="0.000000 0.000000 0.000000"
			           scale="1.000000 1.000000 1.000000"
			           rotation="0.000000 1.000000 0.000000 0.000000"
			           >
				<Group DEF="group_ME_Cubo_001">
					<Shape>
						<Appearance>
							<Material USE="MA_hiper-atlas" />
						</Appearance>
						<IndexedFaceSet solid="false"
						                texCoordIndex="0 1 2 3 -1 4 5 6 7 -1 8 9 10 11 -1 12 13 14 15 -1 16 17 18 19 -1 20 21 22 23 -1 24 25 26 27 -1 28 29 30 31 -1 32 33 34 35 -1 36 37 38 39 -1 40 41 42 43 -1 44 45 46 47 -1 48 49 50 51 -1 52 53 54 55 -1 56 57 58 59 -1 60 61 62 63 -1 64 65 66 67 -1 68 69 70 71 -1 72 73 74 75 -1 76 77 78 79 -1 80 81 82 83 -1 84 85 86 87 -1 88 89 90 91 -1 92 93 94 95 -1 96 97 98 99 -1 100 101 102 103 -1 104 105 106 107 -1 108 109 110 111 -1 112 113 114 115 -1 116 117 118 119 -1 120 121 122 123 -1 124 125 126 127 -1 128 129 130 131 -1 132 133 134 135 -1 136 137 138 139 -1 140 141 142 143 -1 144 145 146 147 -1 148 149 150 151 -1 152 153 154 155 -1 156 157 158 159 -1 160 161 162 163 -1 164 165 166 167 -1 168 169 170 171 -1 172 173 174 175 -1 176 177 178 179 -1 180 181 182 183 -1 184 185 186 187 -1 188 189 190 191 -1 192 193 194 195 -1 196 197 198 199 -1 200 201 202 203 -1 204 205 206 207 -1 208 209 210 211 -1 212 213 214 215 -1 216 217 218 219 -1 220 221 222 223 -1 224 225 226 227 -1 228 229 230 231 -1 232 233 234 235 -1 236 237 238 239 -1 240 241 242 243 -1 244 245 246 247 -1 248 249 250 251 -1 252 253 254 255 -1 256 257 258 259 -1 260 261 262 263 -1 264 265 266 267 -1 268 269 270 271 -1 272 273 274 275 -1 276 277 278 279 -1 280 281 282 283 -1 284 285 286 287 -1 288 289 290 291 -1 292 293 294 295 -1 296 297 298 299 -1 300 301 302 303 -1 304 305 306 307 -1 308 309 310 311 -1 "
						                coordIndex="0 1 3 2 -1 2 3 7 6 -1 6 7 5 4 -1 4 5 1 0 -1 2 6 4 0 -1 7 3 1 5 -1 16 17 11 10 -1 10 11 15 14 -1 18 19 13 12 -1 12 13 9 8 -1 23 20 29 30 -1 22 23 30 31 -1 14 15 19 18 -1 8 9 17 16 -1 16 18 21 20 -1 18 12 22 21 -1 12 8 23 22 -1 8 16 20 23 -1 10 14 25 24 -1 14 18 26 25 -1 18 16 27 26 -1 16 10 24 27 -1 29 28 31 30 -1 33 32 35 34 -1 25 26 35 32 -1 24 25 32 33 -1 21 22 31 28 -1 26 27 34 35 -1 20 21 28 29 -1 27 24 33 34 -1 44 45 39 38 -1 38 39 43 42 -1 46 47 41 40 -1 40 41 37 36 -1 51 48 57 58 -1 50 51 58 59 -1 42 43 47 46 -1 36 37 45 44 -1 44 46 49 48 -1 46 40 50 49 -1 40 36 51 50 -1 36 44 48 51 -1 38 42 53 52 -1 42 46 54 53 -1 46 44 55 54 -1 44 38 52 55 -1 57 56 59 58 -1 61 60 63 62 -1 53 54 63 60 -1 52 53 60 61 -1 49 50 59 56 -1 54 55 62 63 -1 48 49 56 57 -1 55 52 61 62 -1 72 73 67 66 -1 66 67 71 70 -1 74 75 69 68 -1 68 69 65 64 -1 79 76 85 86 -1 78 79 86 87 -1 70 71 75 74 -1 64 65 73 72 -1 72 74 77 76 -1 74 68 78 77 -1 68 64 79 78 -1 64 72 76 79 -1 66 70 81 80 -1 70 74 82 81 -1 74 72 83 82 -1 72 66 80 83 -1 85 84 87 86 -1 89 88 91 90 -1 81 82 91 88 -1 80 81 88 89 -1 77 78 87 84 -1 82 83 90 91 -1 76 77 84 85 -1 83 80 89 90 -1 "
						                >
							<Coordinate DEF="coords_ME_Cubo_001"
							            point="-0.520526 -0.381623 0.097765 -0.520526 -0.381623 0.117270 -0.520526 0.381623 0.097765 -0.520526 0.381623 0.117270 0.524685 -0.381623 0.097765 0.524685 -0.381623 0.117270 0.524685 0.381623 0.097765 0.524685 0.381623 0.117270 -0.040446 -0.376557 0.000000 -0.040446 -0.376557 0.100000 -0.040446 0.376557 0.000000 -0.040446 0.376557 0.100000 0.040447 -0.376557 0.000000 0.040447 -0.376557 0.100000 0.040447 0.376557 0.000000 0.040447 0.376557 0.100000 -0.040446 0.000000 0.000000 -0.040446 0.000000 0.100000 0.040447 0.000000 0.000000 0.040447 0.000000 0.100000 -0.023040 -0.017406 0.000000 0.023040 -0.017406 0.000000 0.023040 -0.335193 0.000000 -0.023040 -0.335193 0.000000 -0.023040 0.333197 0.000000 0.023040 0.333197 0.000000 0.023040 0.017406 0.000000 -0.023040 0.017406 0.000000 0.023040 -0.017406 0.088178 -0.023040 -0.017406 0.088178 -0.023040 -0.335193 0.088178 0.023040 -0.335193 0.088178 0.023040 0.333197 0.088178 -0.023040 0.333197 0.088178 -0.023040 0.017406 0.088178 0.023040 0.017406 0.088178 -0.520446 -0.376557 0.000000 -0.520446 -0.376557 0.100000 -0.520446 0.376557 0.000000 -0.520446 0.376557 0.100000 -0.439553 -0.376557 0.000000 -0.439553 -0.376557 0.100000 -0.439553 0.376557 0.000000 -0.439553 0.376557 0.100000 -0.520446 0.000000 0.000000 -0.520446 0.000000 0.100000 -0.439553 0.000000 0.000000 -0.439553 0.000000 0.100000 -0.503040 -0.017406 0.000000 -0.456960 -0.017406 0.000000 -0.456960 -0.335193 0.000000 -0.503040 -0.335193 0.000000 -0.503040 0.333197 0.000000 -0.456960 0.333197 0.000000 -0.456960 0.017406 0.000000 -0.503040 0.017406 0.000000 -0.456960 -0.017406 0.088178 -0.503040 -0.017406 0.088178 -0.503040 -0.335193 0.088178 -0.456960 -0.335193 0.088178 -0.456960 0.333197 0.088178 -0.503040 0.333197 0.088178 -0.503040 0.017406 0.088178 -0.456960 0.017406 0.088178 0.439554 -0.376557 0.000000 0.439554 -0.376557 0.100000 0.439554 0.376557 0.000000 0.439554 0.376557 0.100000 0.520447 -0.376557 0.000000 0.520447 -0.376557 0.100000 0.520447 0.376557 0.000000 0.520447 0.376557 0.100000 0.439554 0.000000 0.000000 0.439554 0.000000 0.100000 0.520447 0.000000 0.000000 0.520447 0.000000 0.100000 0.456960 -0.017406 0.000000 0.503040 -0.017406 0.000000 0.503040 -0.335193 0.000000 0.456960 -0.335193 0.000000 0.456960 0.333197 0.000000 0.503040 0.333197 0.000000 0.503040 0.017406 0.000000 0.456960 0.017406 0.000000 0.503040 -0.017406 0.088178 0.456960 -0.017406 0.088178 0.456960 -0.335193 0.088178 0.503040 -0.335193 0.088178 0.503040 0.333197 0.088178 0.456960 0.333197 0.088178 0.456960 0.017406 0.088178 0.503040 0.017406 0.088178 "
							            />
							<TextureCoordinate point="0.8375 0.2528 0.8375 0.2549 0.7542 0.2549 0.7542 0.2528 0.7521 0.2549 0.7542 0.2549 0.7542 0.3690 0.7521 0.3690 0.7542 0.3711 0.7542 0.3690 0.8375 0.3690 0.8375 0.3711 0.8396 0.3690 0.8375 0.3690 0.8375 0.2549 0.8396 0.2549 0.7527 0.3759 0.8667 0.3759 0.8667 0.4591 0.7527 0.4591 0.7542 0.3690 0.7542 0.2549 0.8375 0.2549 0.8375 0.3690 0.9342 0.3362 0.9342 0.3253 0.9753 0.3253 0.9753 0.3362 0.9849 0.3458 0.9958 0.3458 0.9958 0.3547 0.9849 0.3547 0.9392 0.2760 0.9501 0.2760 0.9501 0.3171 0.9392 0.3171 0.9296 0.3267 0.9296 0.3376 0.9207 0.3376 0.9207 0.3267 0.9130 0.3126 0.9130 0.2779 0.9226 0.2779 0.9226 0.3126 0.9277 0.3222 0.9226 0.3222 0.9226 0.3126 0.9277 0.3126 0.9753 0.3643 0.9753 0.3752 0.9342 0.3752 0.9342 0.3643 0.9111 0.3171 0.9002 0.3171 0.9002 0.2760 0.9111 0.2760 0.9207 0.2664 0.9296 0.2664 0.9277 0.2683 0.9226 0.2683 0.9392 0.2760 0.9392 0.3171 0.9373 0.3126 0.9373 0.2779 0.9296 0.3267 0.9207 0.3267 0.9226 0.3222 0.9277 0.3222 0.9111 0.3171 0.9111 0.2760 0.9130 0.2779 0.9130 0.3126 0.9849 0.3458 0.9849 0.3547 0.9802 0.3528 0.9802 0.3477 0.9753 0.3643 0.9342 0.3643 0.9361 0.3624 0.9706 0.3624 0.9246 0.3547 0.9246 0.3458 0.9265 0.3477 0.9265 0.3528 0.9342 0.3362 0.9753 0.3362 0.9706 0.3381 0.9361 0.3381 0.9226 0.2779 0.9277 0.2779 0.9277 0.3126 0.9226 0.3126 0.9706 0.3477 0.9706 0.3528 0.9361 0.3528 0.9361 0.3477 0.9706 0.3624 0.9361 0.3624 0.9361 0.3528 0.9706 0.3528 0.9802 0.3477 0.9802 0.3528 0.9706 0.3528 0.9706 0.3477 0.9373 0.2779 0.9373 0.3126 0.9277 0.3126 0.9277 0.2779 0.9265 0.3528 0.9265 0.3477 0.9361 0.3477 0.9361 0.3528 0.9226 0.2683 0.9277 0.2683 0.9277 0.2779 0.9226 0.2779 0.9361 0.3381 0.9706 0.3381 0.9706 0.3477 0.9361 0.3477 0.8743 0.4556 0.8743 0.4447 0.9154 0.4447 0.9154 0.4556 0.9251 0.4653 0.9360 0.4653 0.9360 0.4741 0.9251 0.4741 0.9138 0.3619 0.9247 0.3619 0.9247 0.4030 0.9138 0.4030 0.9042 0.4127 0.9042 0.4236 0.8953 0.4236 0.8953 0.4127 0.8876 0.3985 0.8876 0.3638 0.8972 0.3638 0.8972 0.3985 0.9023 0.4081 0.8972 0.4081 0.8972 0.3985 0.9023 0.3985 0.9154 0.4837 0.9154 0.4946 0.8743 0.4946 0.8743 0.4837 0.8857 0.4030 0.8748 0.4030 0.8748 0.3619 0.8857 0.3619 0.8953 0.3523 0.9042 0.3523 0.9023 0.3542 0.8972 0.3542 0.9138 0.3619 0.9138 0.4030 0.9119 0.3985 0.9119 0.3638 0.9042 0.4127 0.8953 0.4127 0.8972 0.4081 0.9023 0.4081 0.8857 0.4030 0.8857 0.3619 0.8876 0.3638 0.8876 0.3985 0.9251 0.4653 0.9251 0.4741 0.9203 0.4722 0.9203 0.4672 0.9154 0.4837 0.8743 0.4837 0.8762 0.4818 0.9107 0.4818 0.8647 0.4741 0.8647 0.4653 0.8666 0.4672 0.8666 0.4722 0.8743 0.4556 0.9154 0.4556 0.9107 0.4575 0.8762 0.4575 0.8972 0.3638 0.9023 0.3638 0.9023 0.3985 0.8972 0.3985 0.9107 0.4672 0.9107 0.4722 0.8762 0.4722 0.8762 0.4672 0.9107 0.4818 0.8762 0.4818 0.8762 0.4722 0.9107 0.4722 0.9203 0.4672 0.9203 0.4722 0.9107 0.4722 0.9107 0.4672 0.9119 0.3638 0.9119 0.3985 0.9023 0.3985 0.9023 0.3638 0.8666 0.4722 0.8666 0.4672 0.8762 0.4672 0.8762 0.4722 0.8972 0.3542 0.9023 0.3542 0.9023 0.3638 0.8972 0.3638 0.8762 0.4575 0.9107 0.4575 0.9107 0.4672 0.8762 0.4672 0.9241 0.4207 0.9241 0.4098 0.9652 0.4098 0.9652 0.4207 0.9749 0.4303 0.9858 0.4303 0.9858 0.4391 0.9749 0.4391 0.8852 0.2633 0.8961 0.2633 0.8961 0.3044 0.8852 0.3044 0.8756 0.3140 0.8756 0.3249 0.8667 0.3249 0.8667 0.3140 0.8590 0.2999 0.8590 0.2652 0.8686 0.2652 0.8686 0.2999 0.8737 0.3095 0.8686 0.3095 0.8686 0.2999 0.8737 0.2999 0.9652 0.4488 0.9652 0.4597 0.9241 0.4597 0.9241 0.4488 0.8571 0.3044 0.8462 0.3044 0.8462 0.2633 0.8571 0.2633 0.8667 0.2537 0.8756 0.2537 0.8737 0.2556 0.8686 0.2556 0.8852 0.2633 0.8852 0.3044 0.8833 0.2999 0.8833 0.2652 0.8756 0.3140 0.8667 0.3140 0.8686 0.3095 0.8737 0.3095 0.8571 0.3044 0.8571 0.2633 0.8590 0.2652 0.8590 0.2999 0.9749 0.4303 0.9749 0.4391 0.9701 0.4372 0.9701 0.4322 0.9652 0.4488 0.9241 0.4488 0.9260 0.4469 0.9605 0.4469 0.9145 0.4391 0.9145 0.4303 0.9164 0.4322 0.9164 0.4372 0.9241 0.4207 0.9652 0.4207 0.9605 0.4226 0.9260 0.4226 0.8686 0.2652 0.8737 0.2652 0.8737 0.2999 0.8686 0.2999 0.9605 0.4322 0.9605 0.4372 0.9260 0.4372 0.9260 0.4322 0.9605 0.4469 0.9260 0.4469 0.9260 0.4372 0.9605 0.4372 0.9701 0.4322 0.9701 0.4372 0.9605 0.4372 0.9605 0.4322 0.8833 0.2652 0.8833 0.2999 0.8737 0.2999 0.8737 0.2652 0.9164 0.4372 0.9164 0.4322 0.9260 0.4322 0.9260 0.4372 0.8686 0.2556 0.8737 0.2556 0.8737 0.2652 0.8686 0.2652 0.9260 0.4226 0.9605 0.4226 0.9605 0.4322 0.9260 0.4322 " />
						</IndexedFaceSet>
					</Shape>
				</Group>
			</Transform>
		</Transform>
	</Scene>
</X3D>