# Blender v2.83.5 OBJ File: 'warehouse.blend'
# www.blender.org
mtllib warehouse.mtl
o orbit_cam_route_Círculo_NURBS
v -14.142136 11.000000 14.142136
v -15.521321 11.000000 12.618405
v -16.702526 11.000000 11.038604
v -17.666765 11.000000 9.482562
v -18.419502 11.000000 8.006586
v -18.982214 11.000000 6.643051
v -19.384333 11.000000 5.404408
v -19.657230 11.000000 4.288654
v -19.830566 11.000000 3.284404
v -19.930634 11.000000 2.374683
v -19.979921 11.000000 1.539299
v -19.997524 11.000000 0.755919
v -20.000000 11.000000 0.000008
v -19.997528 11.000000 -0.755903
v -19.979921 11.000000 -1.539284
v -19.930637 11.000000 -2.374671
v -19.830568 11.000000 -3.284393
v -19.657230 11.000000 -4.288645
v -19.384338 11.000000 -5.404401
v -18.982216 11.000000 -6.643048
v -18.419498 11.000000 -8.006585
v -17.666763 11.000000 -9.482566
v -16.702518 11.000000 -11.038612
v -15.521311 11.000000 -12.618418
v -14.142119 11.000000 -14.142153
v -12.618383 11.000000 -15.521342
v -11.038576 11.000000 -16.702543
v -9.482531 11.000000 -17.666782
v -8.006553 11.000000 -18.419516
v -6.643018 11.000000 -18.982225
v -5.404374 11.000000 -19.384344
v -4.288621 11.000000 -19.657234
v -3.284370 11.000000 -19.830570
v -2.374650 11.000000 -19.930634
v -1.539266 11.000000 -19.979923
v -0.755886 11.000000 -19.997526
v 0.000026 11.000000 -20.000000
v 0.755939 11.000000 -19.997530
v 1.539321 11.000000 -19.979919
v 2.374710 11.000000 -19.930632
v 3.284437 11.000000 -19.830563
v 4.288692 11.000000 -19.657219
v 5.404456 11.000000 -19.384323
v 6.643108 11.000000 -18.982195
v 8.006650 11.000000 -18.419472
v 9.482636 11.000000 -17.666723
v 11.038686 11.000000 -16.702469
v 12.618489 11.000000 -15.521251
v 14.142220 11.000000 -14.142052
v 15.521399 11.000000 -12.618309
v 16.702593 11.000000 -11.038504
v 17.666821 11.000000 -9.482461
v 18.419546 11.000000 -8.006488
v 18.982248 11.000000 -6.642958
v 19.384359 11.000000 -5.404320
v 19.657244 11.000000 -4.288572
v 19.830576 11.000000 -3.284327
v 19.930639 11.000000 -2.374610
v 19.979923 11.000000 -1.539229
v 19.997530 11.000000 -0.755851
v 20.000000 11.000000 0.000060
v 19.997526 11.000000 0.755969
v 19.979918 11.000000 1.539349
v 19.930630 11.000000 2.374735
v 19.830561 11.000000 3.284458
v 19.657215 11.000000 4.288712
v 19.384315 11.000000 5.404468
v 18.982191 11.000000 6.643115
v 18.419472 11.000000 8.006650
v 17.666727 11.000000 9.482626
v 16.702482 11.000000 11.038667
v 15.521273 11.000000 12.618463
v 14.142086 11.000000 14.142186
v 12.618354 11.000000 15.521361
v 11.038559 11.000000 16.702557
v 9.482522 11.000000 17.666788
v 8.006553 11.000000 18.419516
v 6.643025 11.000000 18.982225
v 5.404387 11.000000 19.384338
v 4.288639 11.000000 19.657230
v 3.284393 11.000000 19.830568
v 2.374675 11.000000 19.930632
v 1.539294 11.000000 19.979919
v 0.755917 11.000000 19.997530
v 0.000008 11.000000 20.000000
v -0.755899 11.000000 19.997528
v -1.539275 11.000000 19.979921
v -2.374655 11.000000 19.930634
v -3.284370 11.000000 19.830570
v -4.288615 11.000000 19.657238
v -5.404361 11.000000 19.384346
v -6.642996 11.000000 18.982235
v -8.006520 11.000000 18.419533
v -9.482488 11.000000 17.666807
v -11.038524 11.000000 16.702579
v -12.618318 11.000000 15.521390
l 1 2
l 2 3
l 3 4
l 4 5
l 5 6
l 6 7
l 7 8
l 8 9
l 9 10
l 10 11
l 11 12
l 12 13
l 13 14
l 14 15
l 15 16
l 16 17
l 17 18
l 18 19
l 19 20
l 20 21
l 21 22
l 22 23
l 23 24
l 24 25
l 25 26
l 26 27
l 27 28
l 28 29
l 29 30
l 30 31
l 31 32
l 32 33
l 33 34
l 34 35
l 35 36
l 36 37
l 37 38
l 38 39
l 39 40
l 40 41
l 41 42
l 42 43
l 43 44
l 44 45
l 45 46
l 46 47
l 47 48
l 48 49
l 49 50
l 50 51
l 51 52
l 52 53
l 53 54
l 54 55
l 55 56
l 56 57
l 57 58
l 58 59
l 59 60
l 60 61
l 61 62
l 62 63
l 63 64
l 64 65
l 65 66
l 66 67
l 67 68
l 68 69
l 69 70
l 70 71
l 71 72
l 72 73
l 73 74
l 74 75
l 75 76
l 76 77
l 77 78
l 78 79
l 79 80
l 80 81
l 81 82
l 82 83
l 83 84
l 84 85
l 85 86
l 86 87
l 87 88
l 88 89
l 89 90
l 90 91
l 91 92
l 92 93
l 93 94
l 94 95
l 95 96
l 96 1
o Caja-2:1_Cube.006
v -1.867561 1.477486 -0.426166
v -1.869867 1.292692 -0.429084
v -1.870677 1.475270 -0.166878
v -1.870452 1.291991 -0.171492
v -2.123464 1.476840 -0.428689
v -2.128831 1.295666 -0.427472
v -2.126269 1.476465 -0.171767
v -2.130134 1.294345 -0.170916
vt 0.179355 0.855464
vt 0.216048 0.857387
vt 0.214156 0.894228
vt 0.177487 0.892648
vt 0.231352 0.960791
vt 0.229746 0.977249
vt 0.206785 0.975133
vt 0.208018 0.958749
vt 0.019653 0.983485
vt 0.019752 0.967961
vt 0.041648 0.967961
vt 0.041517 0.983407
vt 0.041146 0.850042
vt 0.005200 0.848053
vt 0.007481 0.812318
vt 0.043517 0.814456
vt 0.049837 0.961917
vt 0.050274 0.941449
vt 0.078993 0.941856
vt 0.078367 0.962153
vt 0.175960 0.969014
vt 0.177001 0.950757
vt 0.202813 0.951394
vt 0.202070 0.970027
vn 0.0010 1.0000 0.0050
vn -0.0084 -0.0102 0.9999
vn -0.9996 0.0254 -0.0079
vn -0.0103 -0.9999 -0.0040
vn 1.0000 -0.0058 0.0071
vn 0.0018 0.0046 -1.0000
usemtl hiper-atlas
s off
f 97/1/1 101/2/1 103/3/1 99/4/1
f 100/5/2 99/6/2 103/7/2 104/8/2
f 104/9/3 103/10/3 101/11/3 102/12/3
f 102/13/4 98/14/4 100/15/4 104/16/4
f 98/17/5 97/18/5 99/19/5 100/20/5
f 102/21/6 101/22/6 97/23/6 98/24/6
o Caja-Blanca_Cube.005
v -1.879796 1.470603 -0.698213
v -1.877450 1.295009 -0.696070
v -1.877439 1.469037 -0.501210
v -1.880206 1.294893 -0.500011
v -2.117533 1.470995 -0.697894
v -2.118939 1.296187 -0.700225
v -2.119327 1.472404 -0.499966
v -2.121953 1.294516 -0.504334
vt 0.104180 0.971883
vt 0.106643 0.941569
vt 0.131902 0.943355
vt 0.129278 0.974192
vt 0.061804 0.911883
vt 0.064547 0.933083
vt 0.035094 0.936834
vt 0.032311 0.915171
vt 0.026902 0.946968
vt 0.028569 0.965590
vt 0.007808 0.966790
vt 0.006374 0.948479
vt 0.193971 0.899221
vt 0.193420 0.928860
vt 0.169357 0.928488
vt 0.169929 0.898818
vt 0.246836 0.875743
vt 0.225288 0.876023
vt 0.225465 0.851849
vt 0.246836 0.851684
vt 0.136366 0.939476
vt 0.133907 0.960501
vt 0.105297 0.957341
vt 0.107309 0.936172
vn 0.0078 1.0000 0.0004
vn -0.0064 -0.0089 0.9999
vn -0.9999 0.0117 -0.0122
vn -0.0016 -1.0000 -0.0046
vn 1.0000 -0.0012 0.0010
vn 0.0080 0.0006 -1.0000
usemtl hiper-atlas
s off
f 105/25/7 109/26/7 111/27/7 107/28/7
f 108/29/8 107/30/8 111/31/8 112/32/8
f 112/33/9 111/34/9 109/35/9 110/36/9
f 110/37/10 106/38/10 108/39/10 112/40/10
f 106/41/11 105/42/11 107/43/11 108/44/11
f 110/45/12 109/46/12 105/47/12 106/48/12
o Caja-cuadrada-mediana_Cube.002
v -1.808625 2.892424 0.112274
v -1.816513 2.510237 0.110111
v -1.806086 2.887101 0.491042
v -1.810689 2.505972 0.484961
v -2.188979 2.890706 0.110169
v -2.191250 2.511174 0.109609
v -2.185133 2.890528 0.486938
v -2.190216 2.510546 0.492202
vt 0.230033 0.811597
vt 0.227249 0.850910
vt 0.187936 0.848126
vt 0.190720 0.808813
vt 0.131022 0.809067
vt 0.175200 0.809407
vt 0.174860 0.853585
vt 0.130682 0.853244
vt 0.059577 0.757519
vt 0.052818 0.805004
vt 0.005333 0.798245
vt 0.012092 0.750760
vt 0.075416 0.805265
vt 0.074447 0.752654
vt 0.127058 0.751686
vt 0.128027 0.804297
vt 0.133333 0.806712
vt 0.133333 0.756320
vt 0.183724 0.756320
vt 0.183724 0.806712
vt 0.195392 0.753677
vt 0.245354 0.750141
vt 0.248890 0.800102
vt 0.198929 0.803639
vn 0.0022 1.0000 0.0073
vn 0.0041 -0.0011 1.0000
vn -0.9999 0.0097 0.0064
vn -0.0074 -1.0000 -0.0064
vn 0.9998 -0.0162 -0.0113
vn 0.0034 0.0035 -1.0000
usemtl hiper-atlas
s off
f 113/49/13 117/50/13 119/51/13 115/52/13
f 116/53/14 115/54/14 119/55/14 120/56/14
f 120/57/15 119/58/15 117/59/15 118/60/15
f 118/61/16 114/62/16 116/63/16 120/64/16
f 114/65/17 113/66/17 115/67/17 116/68/17
f 118/69/18 117/70/18 113/71/18 114/72/18
o caja-cuadrada_Cube.001
v -1.920933 1.869788 -0.720710
v -1.923305 1.704857 -0.718353
v -1.922280 1.870757 -0.558268
v -1.915015 1.704663 -0.563060
v -2.078014 1.871567 -0.719706
v -2.079132 1.702792 -0.718547
v -2.079287 1.869987 -0.560507
v -2.080226 1.701937 -0.561787
v -2.084308 1.703536 -0.640220
v -2.000359 1.704929 -0.722722
v -1.923420 1.789119 -0.718909
v -2.079790 1.789070 -0.560862
v -1.921123 1.788723 -0.559432
v -2.078532 1.789069 -0.719311
v -1.999272 1.870199 -0.560393
v -1.919544 1.870619 -0.639896
v -2.000270 1.704533 -0.557294
v -2.079703 1.871895 -0.639946
v -2.000300 1.870989 -0.721206
v -1.918600 1.703239 -0.639735
v -2.000324 1.788905 -0.724127
v -1.917503 1.788976 -0.639873
v -2.000349 1.701056 -0.640260
v -2.084206 1.788884 -0.640098
v -2.000359 1.788884 -0.556979
v -2.000299 1.873752 -0.639961
vt 0.218409 0.989813
vt 0.209883 0.988935
vt 0.210761 0.980409
vt 0.219287 0.981287
vt 0.016751 0.930291
vt 0.016751 0.919806
vt 0.027236 0.919806
vt 0.027236 0.930291
vt 0.148736 0.981441
vt 0.158314 0.981441
vt 0.158314 0.991020
vt 0.148736 0.991020
vt 0.091397 0.948287
vt 0.094513 0.957093
vt 0.085707 0.960209
vt 0.082591 0.951402
vt 0.090754 0.987121
vt 0.090754 0.977135
vt 0.100740 0.977135
vt 0.100740 0.987121
vt 0.227514 0.942608
vt 0.238580 0.943123
vt 0.238064 0.954189
vt 0.226998 0.953674
vt 0.216448 0.942092
vt 0.215932 0.953158
vt 0.216964 0.931026
vt 0.228030 0.931542
vt 0.239096 0.932057
vt 0.090754 0.997107
vt 0.100740 0.997107
vt 0.080768 0.997107
vt 0.080768 0.987121
vt 0.080768 0.977135
vt 0.246324 0.963941
vt 0.238010 0.964300
vt 0.237651 0.955986
vt 0.245965 0.955628
vt 0.246682 0.972255
vt 0.238368 0.972614
vt 0.100204 0.945171
vt 0.103319 0.953977
vt 0.139158 0.981441
vt 0.139158 0.991020
vt 0.139158 0.971863
vt 0.148736 0.971863
vt 0.158314 0.971863
vt 0.016751 0.940776
vt 0.027236 0.940776
vt 0.006266 0.940776
vt 0.006266 0.930291
vt 0.006266 0.919806
vt 0.190063 0.946690
vt 0.190918 0.935071
vt 0.202537 0.935927
vt 0.201681 0.947545
vt 0.139489 0.946691
vt 0.139489 0.935869
vt 0.150310 0.935869
vt 0.150310 0.946691
vt 0.217531 0.998339
vt 0.209006 0.997461
vn -0.0130 0.9993 0.0344
vn -0.0251 0.0191 0.9995
vn -0.9985 0.0302 -0.0463
vn 0.0148 -0.9994 0.0303
vn 0.9990 0.0192 0.0392
vn 0.0366 0.0063 -0.9993
vn 0.0622 -0.0116 -0.9980
vn -0.0570 -0.0125 -0.9983
vn -0.0404 0.0155 -0.9991
vn 0.9996 0.0295 0.0000
vn 0.9977 -0.0060 -0.0673
vn 0.9990 -0.0033 -0.0456
vn 0.0004 -0.9999 0.0116
vn -0.0026 -0.9998 -0.0195
vn 0.0143 -0.9993 -0.0345
vn -0.9976 0.0038 -0.0687
vn -0.9985 0.0028 0.0538
vn -0.9991 0.0304 0.0308
vn -0.0524 -0.0071 0.9986
vn 0.0499 -0.0215 0.9985
vn 0.0021 0.0138 0.9999
vn 0.0160 0.9996 0.0214
vn 0.0271 0.9994 -0.0224
vn -0.0083 0.9998 -0.0193
usemtl hiper-atlas
s off
f 146/73/19 138/74/19 127/75/19 135/76/19
f 145/77/20 135/78/20 127/79/20 132/80/20
f 144/81/21 138/82/21 125/83/21 134/84/21
f 143/85/22 140/86/22 124/87/22 137/88/22
f 142/89/23 136/90/23 123/91/23 133/92/23
f 141/93/24 139/94/24 121/95/24 131/96/24
f 130/97/25 141/93/25 131/96/25 122/98/25
f 126/99/26 134/100/26 141/93/26 130/97/26
f 134/100/27 125/101/27 139/94/27 141/93/27
f 140/102/28 142/89/28 133/92/28 124/103/28
f 122/104/29 131/105/29 142/89/29 140/102/29
f 131/105/30 121/106/30 136/90/30 142/89/30
f 129/107/31 143/108/31 137/109/31 128/110/31
f 126/111/32 130/112/32 143/108/32 129/107/32
f 130/113/33 122/114/33 140/86/33 143/85/33
f 129/115/34 144/81/34 134/84/34 126/116/34
f 128/117/35 132/118/35 144/81/35 129/115/35
f 132/118/36 127/119/36 138/82/36 144/81/36
f 137/120/37 145/77/37 132/80/37 128/121/37
f 124/122/38 133/123/38 145/77/38 137/120/38
f 133/123/39 123/124/39 135/78/39 145/77/39
f 136/125/40 146/126/40 135/127/40 123/128/40
f 121/129/41 139/130/41 146/131/41 136/132/41
f 139/133/42 125/134/42 138/74/42 146/73/42
o caja2:1_Cube.003
v -1.823195 0.656062 0.027195
v -1.823389 0.451886 0.028134
v -1.824600 0.658410 0.318367
v -1.826491 0.452407 0.318098
v -2.175789 0.658390 0.024081
v -2.176989 0.454976 0.025698
v -2.176579 0.657910 0.320995
v -2.178615 0.453463 0.317122
vt 0.074083 0.810459
vt 0.120187 0.810175
vt 0.120187 0.848998
vt 0.074167 0.848531
vt 0.051295 0.853457
vt 0.051476 0.882289
vt 0.002214 0.882077
vt 0.002013 0.853457
vt 0.160834 0.886932
vt 0.160765 0.914825
vt 0.120275 0.914024
vt 0.121089 0.886289
vt 0.116512 0.891039
vt 0.068948 0.890976
vt 0.069149 0.851972
vt 0.116512 0.851840
vt 0.242872 0.897770
vt 0.242952 0.926268
vt 0.202310 0.926524
vt 0.202397 0.897770
vt 0.119421 0.883910
vt 0.119400 0.856140
vt 0.167537 0.856140
vt 0.167695 0.884013
vn 0.0026 1.0000 -0.0032
vn 0.0023 -0.0101 0.9999
vn -1.0000 0.0080 -0.0041
vn -0.0059 -1.0000 -0.0018
vn 1.0000 -0.0051 0.0078
vn 0.0078 -0.0063 -0.9999
usemtl hiper-atlas
s off
f 147/135/43 151/136/43 153/137/43 149/138/43
f 150/139/44 149/140/44 153/141/44 154/142/44
f 154/143/45 153/144/45 151/145/45 152/146/45
f 152/147/46 148/148/46 150/149/46 154/150/46
f 148/151/47 147/152/47 149/153/47 150/154/47
f 152/155/48 151/156/48 147/157/48 148/158/48
o caja3:1_Cube.004
v -1.898941 1.768436 0.722187
v -1.899016 1.679894 0.724416
v -2.114852 1.768187 0.721197
v -2.115321 1.680010 0.722069
v -1.895775 1.767489 0.367604
v -1.897704 1.679124 0.366656
v -2.115108 1.767399 0.367906
v -2.113329 1.678971 0.368368
vt 0.054536 0.909099
vt 0.018876 0.909443
vt 0.018890 0.887385
vt 0.054421 0.887385
vt 0.151778 0.920856
vt 0.151703 0.931635
vt 0.108520 0.931667
vt 0.108544 0.920856
vt 0.162639 0.956186
vt 0.160704 0.966436
vt 0.135386 0.961137
vt 0.137747 0.950984
vt 0.069242 0.894852
vt 0.107316 0.894852
vt 0.107151 0.917873
vt 0.069509 0.917799
vt 0.103511 0.927812
vt 0.102291 0.940229
vt 0.072026 0.937199
vt 0.073183 0.924830
vt 0.202343 0.935383
vt 0.201709 0.947696
vt 0.152280 0.945805
vt 0.152474 0.933451
vn -0.0008 1.0000 -0.0025
vn -1.0000 -0.0074 -0.0024
vn -0.0046 0.0028 -1.0000
vn 0.0001 -1.0000 0.0025
vn -0.0077 0.0176 0.9998
vn 0.9999 -0.0113 0.0063
usemtl hiper-atlas
s off
f 155/159/49 159/160/49 161/161/49 157/162/49
f 158/163/50 157/164/50 161/165/50 162/166/50
f 162/167/51 161/168/51 159/169/51 160/170/51
f 160/171/52 156/172/52 158/173/52 162/174/52
f 156/175/53 155/176/53 157/177/53 158/178/53
f 160/179/54 159/180/54 155/181/54 156/182/54
o estante-madera
v -1.881525 0.000000 -0.765431
v -2.177712 0.000000 -0.765431
v -1.881525 -0.000000 0.765431
v -2.177712 -0.000000 0.765431
v -1.881525 2.510466 -0.765431
v -2.177712 2.510466 -0.765431
v -1.881525 2.510466 0.765432
v -2.177712 2.510466 0.765432
v -1.881525 2.510466 0.000000
v -1.881525 0.000000 -0.000000
v -1.881525 1.255233 -0.765431
v -1.881525 1.255233 0.765432
v -1.881525 1.255233 0.000000
v -1.881525 1.660465 0.765432
v -1.881525 1.660465 -0.765431
v -1.881525 1.660465 0.000000
v -1.881525 2.085466 0.765432
v -1.881525 2.085466 -0.765431
v -1.881525 2.085466 0.000000
v -1.881525 0.854241 0.000000
v -1.881525 0.854241 -0.765431
v -1.881525 0.854241 0.765432
v -1.881525 0.427121 -0.765431
v -1.881525 0.427120 0.000000
v -1.881525 0.427120 0.765431
v -1.881525 0.020216 -0.745215
v -1.881525 0.406905 -0.745215
v -1.881525 0.406905 -0.020216
v -1.881525 0.020216 -0.020216
v -1.881525 0.020216 0.020216
v -1.881525 0.406905 0.020216
v -1.881525 0.406904 0.745216
v -1.881525 0.020216 0.745215
v -1.881525 1.275449 -0.020216
v -1.881525 1.275449 -0.745215
v -1.881525 1.640249 -0.745215
v -1.881525 1.640249 -0.020216
v -1.881525 1.275449 0.745216
v -1.881525 1.275449 0.020216
v -1.881525 1.640249 0.020216
v -1.881525 1.640249 0.745216
v -1.881525 1.680681 0.745216
v -1.881525 1.680681 0.020216
v -1.881525 2.065250 0.020216
v -1.881525 2.065250 0.745216
v -1.881525 1.680681 -0.020216
v -1.881525 1.680681 -0.745215
v -1.881525 2.065250 -0.745215
v -1.881525 2.065250 -0.020216
v -1.881525 2.105681 0.745216
v -1.881525 2.105682 0.020216
v -1.881525 2.490250 0.020216
v -1.881525 2.490250 0.745216
v -1.881525 2.105682 -0.020216
v -1.881525 2.105682 -0.745215
v -1.881525 2.490251 -0.745215
v -1.881525 2.490250 -0.020216
v -1.881525 0.874457 -0.020216
v -1.881525 0.874457 -0.745215
v -1.881525 1.235017 -0.745215
v -1.881525 1.235017 -0.020216
v -1.881525 0.874457 0.745216
v -1.881525 0.874457 0.020216
v -1.881525 1.235017 0.020216
v -1.881525 1.235017 0.745216
v -1.881525 0.447336 -0.020216
v -1.881525 0.447336 -0.745215
v -1.881525 0.834025 -0.745215
v -1.881525 0.834025 -0.020216
v -1.881525 0.447336 0.745216
v -1.881525 0.447336 0.020216
v -1.881525 0.834025 0.020216
v -1.881525 0.834025 0.745216
v -2.124092 0.406905 -0.745215
v -2.124092 0.020216 -0.745215
v -2.124092 0.020216 -0.020216
v -2.124092 0.406905 -0.020216
v -2.124092 0.020216 0.020216
v -2.124092 0.406905 0.020216
v -2.124092 0.020216 0.745215
v -2.124092 0.406905 0.745216
v -2.124092 1.275449 -0.020216
v -2.124092 1.275449 -0.745215
v -2.124092 1.640249 -0.020216
v -2.124092 1.640249 -0.745215
v -2.124092 1.275449 0.745216
v -2.124092 1.275449 0.020216
v -2.124092 1.640249 0.745216
v -2.124092 1.640249 0.020216
v -2.124092 1.680681 0.745216
v -2.124092 1.680681 0.020216
v -2.124092 2.065250 0.745216
v -2.124092 2.065250 0.020216
v -2.124092 1.680681 -0.020216
v -2.124092 1.680681 -0.745215
v -2.124092 2.065250 -0.020216
v -2.124092 2.065250 -0.745215
v -2.124092 2.105681 0.745216
v -2.124092 2.105682 0.020216
v -2.124092 2.490250 0.745216
v -2.124092 2.490250 0.020216
v -2.124092 2.105682 -0.020216
v -2.124092 2.105682 -0.745215
v -2.124092 2.490250 -0.020216
v -2.124092 2.490251 -0.745215
v -2.124092 0.874457 -0.020216
v -2.124092 0.874457 -0.745215
v -2.124092 1.235017 -0.020216
v -2.124092 1.235017 -0.745215
v -2.124092 0.874457 0.745216
v -2.124092 0.874457 0.020216
v -2.124092 1.235017 0.745216
v -2.124092 1.235017 0.020216
v -2.124092 0.447336 -0.020216
v -2.124092 0.447336 -0.745215
v -2.124092 0.834025 -0.020216
v -2.124092 0.834025 -0.745215
v -2.124092 0.447336 0.745216
v -2.124092 0.447336 0.020216
v -2.124092 0.834025 0.745216
v -2.124092 0.834025 0.020216
vt 0.426557 0.889130
vt 0.447406 0.889130
vt 0.447406 0.902280
vt 0.426557 0.902280
vt 0.351853 0.768862
vt 0.367910 0.768862
vt 0.367910 0.797876
vt 0.367910 0.821031
vt 0.367910 0.842770
vt 0.367910 0.864739
vt 0.367910 0.887779
vt 0.367910 0.910819
vt 0.351853 0.910819
vt 0.351853 0.926876
vt 0.310358 0.926876
vt 0.268862 0.926876
vt 0.268862 0.910819
vt 0.268862 0.768862
vt 0.268862 0.752805
vt 0.310358 0.752805
vt 0.351853 0.752805
vt 0.252805 0.910819
vt 0.252805 0.887779
vt 0.252805 0.864739
vt 0.252805 0.842770
vt 0.252805 0.821031
vt 0.252805 0.797876
vt 0.252805 0.768862
vt 0.397335 0.822633
vt 0.418299 0.822633
vt 0.418299 0.835783
vt 0.397335 0.835783
vt 0.469324 0.953558
vt 0.469324 0.914254
vt 0.482474 0.914254
vt 0.482474 0.953558
vt 0.251096 0.986850
vt 0.290400 0.986850
vt 0.290400 1.000000
vt 0.251096 1.000000
vt 0.470308 0.909924
vt 0.470308 0.870620
vt 0.483458 0.870620
vt 0.483458 0.909924
vt 0.483597 0.790508
vt 0.483597 0.829812
vt 0.470447 0.829812
vt 0.470447 0.790508
vt 0.471257 0.790400
vt 0.471257 0.751096
vt 0.484407 0.751096
vt 0.484407 0.790400
vt 0.446875 0.751096
vt 0.467723 0.751096
vt 0.467723 0.764246
vt 0.446875 0.764246
vt 0.393982 0.819280
vt 0.373019 0.819280
vt 0.373019 0.806130
vt 0.393982 0.806130
vt 0.498904 0.751096
vt 0.498904 0.790400
vt 0.485754 0.790400
vt 0.485754 0.751096
vt 0.467723 0.816700
vt 0.446875 0.816700
vt 0.446875 0.803550
vt 0.467723 0.803550
vt 0.373019 0.753676
vt 0.393982 0.753676
vt 0.393982 0.766826
vt 0.373019 0.766826
vt 0.419395 0.889333
vt 0.396239 0.889333
vt 0.397335 0.888237
vt 0.418299 0.888237
vt 0.470161 0.791496
vt 0.470161 0.750000
vt 0.396239 0.821537
vt 0.419395 0.821537
vt 0.500000 0.750000
vt 0.500000 0.791496
vt 0.397646 0.750119
vt 0.420801 0.750119
vt 0.419705 0.751215
vt 0.398742 0.751215
vt 0.407722 0.976539
vt 0.366227 0.976539
vt 0.367323 0.975443
vt 0.406627 0.975443
vt 0.420801 0.817915
vt 0.397646 0.817915
vt 0.398742 0.816819
vt 0.419705 0.816819
vt 0.375086 0.893994
vt 0.416582 0.893994
vt 0.415486 0.895090
vt 0.376182 0.895090
vt 0.250000 0.985754
vt 0.291496 0.985754
vt 0.422120 0.818517
vt 0.444088 0.818517
vt 0.442992 0.819613
vt 0.423216 0.819613
vt 0.283947 0.968337
vt 0.325442 0.968337
vt 0.324346 0.969433
vt 0.285042 0.969433
vt 0.444088 0.886313
vt 0.422120 0.886313
vt 0.423216 0.885217
vt 0.442992 0.885217
vt 0.499881 0.870105
vt 0.499881 0.911601
vt 0.498785 0.910505
vt 0.498785 0.871201
vt 0.467440 0.886928
vt 0.445471 0.886928
vt 0.446567 0.885832
vt 0.466344 0.885832
vt 0.483919 0.829316
vt 0.483919 0.870811
vt 0.482823 0.869715
vt 0.482823 0.830411
vt 0.445471 0.819132
vt 0.467440 0.819132
vt 0.466344 0.820228
vt 0.446567 0.820228
vt 0.289201 0.953122
vt 0.330697 0.953122
vt 0.329601 0.954218
vt 0.290297 0.954218
vt 0.372961 0.818824
vt 0.396001 0.818825
vt 0.394905 0.819920
vt 0.374057 0.819920
vt 0.329484 0.983190
vt 0.370980 0.983190
vt 0.369884 0.984286
vt 0.330580 0.984286
vt 0.396001 0.886620
vt 0.372961 0.886620
vt 0.374057 0.885524
vt 0.394905 0.885524
vt 0.265140 0.910625
vt 0.265140 0.952121
vt 0.264045 0.951025
vt 0.264045 0.911721
vt 0.445779 0.750000
vt 0.468819 0.750000
vt 0.468228 0.954654
vt 0.468228 0.913158
vt 0.468819 0.817796
vt 0.445779 0.817796
vt 0.464197 0.885090
vt 0.464197 0.926585
vt 0.463101 0.925490
vt 0.463102 0.886186
vt 0.355084 0.934199
vt 0.355084 0.911158
vt 0.356180 0.912254
vt 0.356180 0.933103
vt 0.495589 0.953979
vt 0.495589 0.995475
vt 0.494493 0.994379
vt 0.494493 0.955075
vt 0.422880 0.911158
vt 0.422880 0.934199
vt 0.421784 0.933103
vt 0.421784 0.912254
vt 0.484693 0.789412
vt 0.484693 0.830908
vt 0.448501 0.955830
vt 0.425461 0.955830
vt 0.426557 0.954734
vt 0.447406 0.954734
vt 0.484607 0.871422
vt 0.484607 0.829926
vt 0.485703 0.831022
vt 0.485703 0.870326
vt 0.425461 0.888034
vt 0.448501 0.888034
vt 0.406884 0.958914
vt 0.448380 0.958914
vt 0.447284 0.960010
vt 0.407980 0.960010
vt 0.345137 0.957046
vt 0.345137 0.935307
vt 0.346233 0.936403
vt 0.346233 0.955950
vt 0.436529 0.976761
vt 0.478025 0.976761
vt 0.476929 0.977857
vt 0.437625 0.977857
vt 0.412933 0.935307
vt 0.412933 0.957046
vt 0.411837 0.955950
vt 0.411837 0.936403
vt 0.500000 0.788931
vt 0.500000 0.830427
vt 0.498904 0.829331
vt 0.498904 0.790027
vt 0.272423 0.950471
vt 0.272424 0.928732
vt 0.273519 0.929828
vt 0.273519 0.949375
vt 0.366487 0.983450
vt 0.324992 0.983450
vt 0.326087 0.982354
vt 0.365391 0.982354
vt 0.340219 0.928732
vt 0.340219 0.950471
vt 0.339123 0.949375
vt 0.339123 0.929828
vt 0.250000 0.953419
vt 0.291496 0.953419
vt 0.290400 0.954515
vt 0.251096 0.954515
vt 0.395078 0.820376
vt 0.371923 0.820376
vt 0.469212 0.911020
vt 0.469212 0.869524
vt 0.371923 0.752580
vt 0.395078 0.752580
vt 0.466454 0.924629
vt 0.466454 0.966124
vt 0.465358 0.965028
vt 0.465359 0.925725
vt 0.422104 0.750000
vt 0.445259 0.750000
vt 0.444163 0.751096
vt 0.423200 0.751096
vt 0.411492 0.996433
vt 0.369996 0.996433
vt 0.371092 0.995337
vt 0.410396 0.995337
vt 0.445259 0.817796
vt 0.422104 0.817796
vt 0.423200 0.816700
vt 0.444163 0.816700
vt 0.418299 0.875087
vt 0.397335 0.875087
vt 0.398742 0.764365
vt 0.419705 0.764365
vt 0.419705 0.803669
vt 0.398742 0.803669
vt 0.423216 0.872067
vt 0.423216 0.832763
vt 0.442992 0.832763
vt 0.442992 0.872067
vt 0.466344 0.833378
vt 0.466344 0.872682
vt 0.446567 0.872682
vt 0.446567 0.833378
vt 0.374057 0.872374
vt 0.374057 0.833071
vt 0.394905 0.833071
vt 0.394905 0.872374
vt 0.408634 0.933103
vt 0.369330 0.933103
vt 0.369330 0.912254
vt 0.408634 0.912254
vt 0.447406 0.941584
vt 0.426557 0.941584
vt 0.398687 0.955950
vt 0.359383 0.955950
vt 0.359383 0.936403
vt 0.398687 0.936403
vt 0.325973 0.949375
vt 0.286670 0.949375
vt 0.286670 0.929828
vt 0.325973 0.929828
vt 0.423200 0.803550
vt 0.423200 0.764246
vt 0.444163 0.764246
vt 0.444163 0.803550
vt 0.485754 0.829331
vt 0.485754 0.790027
vt 0.329601 0.967368
vt 0.290297 0.967368
vt 0.498853 0.831022
vt 0.498853 0.870326
vt 0.324346 0.982583
vt 0.285042 0.982583
vt 0.452208 0.965028
vt 0.452208 0.925724
vt 0.449951 0.925490
vt 0.449951 0.886186
vt 0.326088 0.969204
vt 0.365391 0.969204
vt 0.369884 0.997436
vt 0.330580 0.997436
vt 0.415486 0.908240
vt 0.376182 0.908240
vt 0.367323 0.962293
vt 0.406627 0.962293
vt 0.447284 0.973160
vt 0.407980 0.973160
vt 0.371092 0.982187
vt 0.410396 0.982187
vt 0.485635 0.910505
vt 0.485635 0.871201
vt 0.481343 0.994379
vt 0.481343 0.955075
vt 0.290400 0.967665
vt 0.251096 0.967665
vt 0.250894 0.951025
vt 0.250894 0.911721
vt 0.476929 0.991007
vt 0.437625 0.991007
vt 0.469672 0.869715
vt 0.469673 0.830411
vn -0.0000 0.0000 -1.0000
vn 0.0000 -0.0000 1.0000
vn 0.0000 1.0000 0.0000
vn -1.0000 -0.0000 0.0000
vn 0.0000 -1.0000 -0.0000
vn 1.0000 0.0000 0.0000
usemtl hiper-atlas
s off
f 219/183/55 216/184/55 264/185/55 266/186/55
f 166/187/56 165/188/56 187/189/56 184/190/56 174/191/56 176/192/56 179/193/56 169/194/56 170/195/56
f 170/195/57 169/196/57 171/197/57 167/198/57 168/199/57
f 168/199/58 164/200/58 166/187/58 170/195/58
f 164/200/59 163/201/59 172/202/59 165/203/59 166/187/59
f 168/199/55 167/204/55 180/205/55 177/206/55 173/207/55 183/208/55 185/209/55 163/210/55 164/200/55
f 190/211/55 191/212/55 238/213/55 239/214/55
f 210/215/59 211/216/59 258/217/59 259/218/59
f 196/219/57 197/220/57 245/221/57 244/222/57
f 230/223/59 231/224/59 278/225/59 279/226/59
f 216/227/57 217/228/57 265/229/57 264/230/57
f 189/231/59 190/232/59 239/233/59 236/234/59
f 209/235/56 210/236/56 259/237/56 257/238/56
f 229/239/56 230/240/56 279/241/56 277/242/56
f 191/243/57 188/244/57 237/245/57 238/246/57
f 211/247/55 208/248/55 256/249/55 258/250/55
f 231/251/55 228/252/55 276/253/55 278/254/55
f 163/255/60 185/256/60 189/257/60 188/258/60
f 185/259/60 186/260/60 190/232/60 189/231/60
f 186/261/60 172/262/60 191/212/60 190/211/60
f 172/263/60 163/264/60 188/244/60 191/243/60
f 172/265/60 186/266/60 193/267/60 192/268/60
f 186/269/60 187/270/60 194/271/60 193/272/60
f 187/273/60 165/274/60 195/275/60 194/276/60
f 165/277/60 172/278/60 192/279/60 195/280/60
f 175/281/60 173/282/60 197/220/60 196/219/60
f 173/283/60 177/284/60 198/285/60 197/286/60
f 177/287/60 178/288/60 199/289/60 198/290/60
f 178/291/60 175/292/60 196/293/60 199/294/60
f 174/295/60 175/296/60 201/297/60 200/298/60
f 175/299/60 178/300/60 202/301/60 201/302/60
f 178/303/60 176/304/60 203/305/60 202/306/60
f 176/307/60 174/308/60 200/309/60 203/310/60
f 176/311/60 178/312/60 205/313/60 204/314/60
f 178/315/60 181/316/60 206/317/60 205/318/60
f 181/319/60 179/320/60 207/321/60 206/322/60
f 179/323/60 176/324/60 204/325/60 207/326/60
f 178/327/60 177/328/60 209/329/60 208/330/60
f 177/331/60 180/332/60 210/236/60 209/235/60
f 180/333/60 181/334/60 211/216/60 210/215/60
f 181/335/60 178/336/60 208/248/60 211/247/60
f 179/337/60 181/338/60 213/339/60 212/340/60
f 181/341/60 171/342/60 214/343/60 213/344/60
f 171/345/60 169/346/60 215/347/60 214/348/60
f 169/349/60 179/350/60 212/351/60 215/352/60
f 181/353/60 180/354/60 217/228/60 216/227/60
f 180/355/60 167/356/60 218/357/60 217/358/60
f 167/359/60 171/360/60 219/361/60 218/362/60
f 171/363/60 181/364/60 216/184/60 219/183/60
f 182/365/60 183/366/60 221/367/60 220/368/60
f 183/369/60 173/370/60 222/371/60 221/372/60
f 173/373/60 175/374/60 223/375/60 222/376/60
f 175/377/60 182/378/60 220/379/60 223/380/60
f 184/381/60 182/382/60 225/383/60 224/384/60
f 182/385/60 175/386/60 226/387/60 225/388/60
f 175/389/60 174/390/60 227/391/60 226/392/60
f 174/393/60 184/394/60 224/395/60 227/396/60
f 186/397/60 185/398/60 229/399/60 228/400/60
f 185/401/60 183/402/60 230/240/60 229/239/60
f 183/403/60 182/404/60 231/224/60 230/223/60
f 182/405/60 186/406/60 228/252/60 231/251/60
f 187/407/60 186/408/60 233/409/60 232/410/60
f 186/411/60 182/412/60 234/413/60 233/414/60
f 182/415/60 184/416/60 235/417/60 234/418/60
f 184/419/60 187/420/60 232/421/60 235/422/60
f 237/423/60 236/424/60 239/214/60 238/213/60
f 240/425/60 241/426/60 243/427/60 242/428/60
f 244/429/60 245/430/60 247/431/60 246/432/60
f 248/433/60 249/434/60 251/435/60 250/436/60
f 252/437/60 253/438/60 255/439/60 254/440/60
f 256/249/60 257/238/60 259/237/60 258/250/60
f 260/441/60 261/442/60 263/443/60 262/444/60
f 264/185/60 265/445/60 267/446/60 266/186/60
f 268/447/60 269/448/60 271/449/60 270/450/60
f 272/451/60 273/452/60 275/453/60 274/454/60
f 276/253/60 277/242/60 279/241/60 278/254/60
f 280/455/60 281/456/60 283/457/60 282/458/60
f 199/294/55 196/293/55 244/429/55 246/432/55
f 217/358/56 218/357/56 267/446/56 265/445/56
f 197/286/56 198/285/56 247/431/56 245/430/56
f 224/384/57 225/383/57 273/459/57 272/460/57
f 204/314/57 205/313/57 253/461/57 252/462/57
f 218/362/59 219/361/59 266/463/59 267/464/59
f 198/290/59 199/289/59 246/465/59 247/466/59
f 227/396/55 224/395/55 272/451/55 274/454/55
f 207/326/55 204/325/55 252/437/55 254/440/55
f 225/388/56 226/387/56 275/453/56 273/452/56
f 205/318/56 206/317/56 255/439/56 253/438/56
f 232/410/57 233/409/57 281/467/57 280/468/57
f 212/340/57 213/339/57 261/469/57 260/470/57
f 226/392/59 227/391/59 274/471/59 275/472/59
f 192/268/56 193/267/56 241/426/56 240/425/56
f 206/322/59 207/321/59 254/473/59 255/474/59
f 235/422/55 232/421/55 280/455/55 282/458/55
f 215/352/55 212/351/55 260/441/55 262/444/55
f 195/280/57 192/279/57 240/475/57 242/476/57
f 233/414/56 234/413/56 283/457/56 281/456/56
f 213/344/56 214/343/56 263/443/56 261/442/56
f 193/272/59 194/271/59 243/477/59 241/478/59
f 220/368/57 221/367/57 269/479/57 268/480/57
f 234/418/59 235/417/59 282/481/59 283/482/59
f 200/298/57 201/297/57 249/483/57 248/484/57
f 214/348/59 215/347/59 262/485/59 263/486/59
f 194/276/55 195/275/55 242/428/55 243/427/55
f 223/380/55 220/379/55 268/447/55 270/450/55
f 203/310/55 200/309/55 248/433/55 250/436/55
f 221/372/56 222/371/56 271/449/56 269/448/56
f 201/302/56 202/301/56 251/435/56 249/434/56
f 228/400/57 229/399/57 277/487/57 276/488/57
f 208/330/57 209/329/57 257/489/57 256/490/57
f 222/376/59 223/375/59 270/491/59 271/492/59
f 188/258/56 189/257/56 236/424/56 237/423/56
f 202/306/59 203/305/59 250/493/59 251/494/59
o estanteria-lateral
v -0.283486 -0.004000 1.617988
v -0.283486 2.596000 1.617988
v -0.294481 -0.004000 1.614863
v -0.294481 2.596000 1.614863
v -0.295237 -0.004000 1.614206
v -0.295237 2.596000 1.614206
v -0.295503 -0.004000 1.613487
v -0.295503 2.596000 1.613487
v -0.295514 -0.004000 1.611876
v -0.295514 2.596000 1.611876
v -0.294800 -0.004000 1.567175
v -0.294800 2.596000 1.567175
v -0.294230 -0.004000 1.564635
v -0.294230 2.596000 1.564635
v -0.293482 -0.004000 1.563737
v -0.293482 2.596000 1.563737
v -0.291448 -0.004000 1.563771
v -0.291448 2.596000 1.563771
v -0.224988 -0.004000 1.564379
v -0.224988 2.596000 1.564379
v -0.222964 -0.004000 1.564413
v -0.222964 2.596000 1.564413
v -0.222193 -0.004000 1.565400
v -0.222193 2.596000 1.565400
v -0.221543 -0.004000 1.568087
v -0.221543 2.596000 1.568087
v -0.219556 -0.004000 1.616182
v -0.219556 2.596000 1.616182
v -0.220006 -0.004000 1.616844
v -0.220006 2.596000 1.616844
v -0.221178 -0.004000 1.617400
v -0.221178 2.596000 1.617400
v -0.238922 -0.004000 1.619141
v -0.238922 2.596000 1.619141
v -0.238879 -0.004000 1.619144
v -0.238879 2.596000 1.619144
v -0.283486 1.296000 1.617988
v -0.294481 1.296000 1.614863
v -0.295237 1.296000 1.614206
v -0.295503 1.296000 1.613487
v -0.295514 1.296000 1.611876
v -0.294800 1.296000 1.567175
v -0.294230 1.296000 1.564635
v -0.293482 1.296000 1.563737
v -0.291448 1.296000 1.563771
v -0.224988 1.296000 1.564379
v -0.222964 1.296000 1.564413
v -0.222193 1.296000 1.565400
v -0.221543 1.296000 1.568087
v -0.219556 1.296000 1.616182
v -0.220006 1.296000 1.616844
v -0.221178 1.296000 1.617400
v -0.238922 1.296000 1.619141
v -0.238879 1.296000 1.619144
v -0.283486 -0.004000 2.400329
v -0.283486 2.596000 2.400329
v -0.283260 -0.004000 2.400360
v -0.283260 2.596000 2.400360
v -0.294481 -0.004000 2.403455
v -0.294481 2.596000 2.403455
v -0.295237 -0.004000 2.404111
v -0.295237 2.596000 2.404111
v -0.295503 -0.004000 2.404830
v -0.295503 2.596000 2.404830
v -0.295514 -0.004000 2.406441
v -0.295514 2.596000 2.406441
v -0.294800 -0.004000 2.451142
v -0.294800 2.596000 2.451142
v -0.294230 -0.004000 2.453682
v -0.294230 2.596000 2.453682
v -0.293482 -0.004000 2.454580
v -0.293482 2.596000 2.454580
v -0.291448 -0.004000 2.454546
v -0.291448 2.596000 2.454546
v -0.229112 -0.004000 2.453985
v -0.229112 2.596000 2.453985
v -0.224988 -0.004000 2.453938
v -0.224988 2.596000 2.453938
v -0.222193 -0.004000 2.452917
v -0.222193 2.596000 2.452917
v -0.221543 -0.004000 2.450230
v -0.221543 2.596000 2.450230
v -0.219528 -0.004000 2.403755
v -0.219528 2.596000 2.403755
v -0.219556 -0.004000 2.402135
v -0.219556 2.596000 2.402135
v -0.220006 -0.004000 2.401473
v -0.220006 2.596000 2.401473
v -0.221178 -0.004000 2.400918
v -0.221178 2.596000 2.400918
v -0.238922 -0.004000 2.399177
v -0.238922 2.596000 2.399177
v -0.238879 -0.004000 2.399173
v -0.238879 2.596000 2.399173
v -0.283486 1.296000 2.400329
v -0.283260 1.296000 2.400360
v -0.294481 1.296000 2.403455
v -0.295237 1.296000 2.404111
v -0.295503 1.296000 2.404830
v -0.295514 1.296000 2.406441
v -0.294800 1.296000 2.451142
v -0.294230 1.296000 2.453682
v -0.293482 1.296000 2.454580
v -0.291448 1.296000 2.454546
v -0.229112 1.296000 2.453985
v -0.224988 1.296000 2.453938
v -0.222193 1.296000 2.452917
v -0.221543 1.296000 2.450230
v -0.219528 1.296000 2.403755
v -0.219556 1.296000 2.402135
v -0.220006 1.296000 2.401473
v -0.221178 1.296000 2.400918
v -0.238922 1.296000 2.399177
v -0.238879 1.296000 2.399173
v -0.287700 2.552427 2.414001
v -0.287700 2.582888 2.414001
v -0.287700 2.552427 1.591739
v -0.287700 2.582888 1.591739
v -0.232300 2.552427 2.414001
v -0.232300 2.582888 2.414001
v -0.232300 2.552427 1.591739
v -0.232300 2.582888 1.591739
v -0.287700 2.082427 2.414001
v -0.287700 2.112888 2.414001
v -0.287700 2.082427 1.591739
v -0.287700 2.112888 1.591739
v -0.232300 2.082427 2.414001
v -0.232300 2.112888 2.414001
v -0.232300 2.082427 1.591739
v -0.232300 2.112888 1.591739
v -0.287700 1.982427 2.414001
v -0.287700 2.012888 2.414001
v -0.287700 1.382427 1.591739
v -0.287700 1.412888 1.591739
v -0.232300 1.982427 2.414001
v -0.232300 2.012888 2.414001
v -0.232300 1.382427 1.591739
v -0.232300 1.412888 1.591739
v -0.287700 0.702427 2.414001
v -0.287700 0.732888 2.414001
v -0.287700 1.262427 1.591739
v -0.287700 1.292888 1.591739
v -0.232300 0.702427 2.414001
v -0.232300 0.732888 2.414001
v -0.232300 1.262427 1.591739
v -0.232300 1.292888 1.591739
v -0.287700 0.612427 2.414001
v -0.287700 0.642888 2.414001
v -0.287700 0.036282 1.591739
v -0.287700 0.066744 1.591739
v -0.232300 0.612427 2.414001
v -0.232300 0.642888 2.414001
v -0.232300 0.036282 1.591739
v -0.232300 0.066744 1.591739
vt 0.005118 0.634655
vt 0.006978 0.634655
vt 0.006978 0.685794
vt 0.005118 0.685794
vt 0.012220 0.685794
vt 0.010360 0.685794
vt 0.010360 0.634655
vt 0.012220 0.634655
vt 0.164844 0.638669
vt 0.166753 0.638669
vt 0.166753 0.691165
vt 0.164844 0.691165
vt 0.172134 0.691165
vt 0.170225 0.691165
vt 0.170225 0.638669
vt 0.172134 0.638669
vt 0.219791 0.580972
vt 0.221546 0.579658
vt 0.221547 0.651744
vt 0.219791 0.653058
vt 0.227291 0.653058
vt 0.225535 0.651744
vt 0.225535 0.579658
vt 0.227291 0.580972
vt 0.201246 0.589378
vt 0.202860 0.590492
vt 0.202860 0.653962
vt 0.201246 0.652848
vt 0.208040 0.652848
vt 0.206427 0.653962
vt 0.206426 0.590492
vt 0.208040 0.589378
vt 0.220167 0.590336
vt 0.221662 0.589289
vt 0.221662 0.649450
vt 0.220167 0.650496
vt 0.226474 0.650496
vt 0.224980 0.649450
vt 0.224980 0.589289
vt 0.226474 0.590336
vt 0.048369 0.500014
vt 0.048988 0.500031
vt 0.048988 0.614558
vt 0.048369 0.614541
vt 0.049607 0.500065
vt 0.049607 0.614592
vt 0.050226 0.500098
vt 0.050226 0.614625
vt 0.050845 0.500131
vt 0.050845 0.614658
vt 0.052065 0.500131
vt 0.052065 0.614658
vt 0.052684 0.500162
vt 0.052684 0.614689
vt 0.053303 0.500195
vt 0.053303 0.614722
vt 0.053922 0.500226
vt 0.053922 0.614753
vt 0.053796 0.500226
vt 0.059811 0.500226
vt 0.059811 0.614754
vt 0.053796 0.614753
vt 0.059970 0.500226
vt 0.060492 0.500258
vt 0.060492 0.614785
vt 0.059970 0.614754
vt 0.061013 0.500291
vt 0.061013 0.614818
vt 0.061535 0.500322
vt 0.061535 0.614849
vt 0.062642 0.500322
vt 0.062642 0.614849
vt 0.063163 0.500355
vt 0.063163 0.614883
vt 0.063685 0.500388
vt 0.063684 0.614916
vt 0.064206 0.500396
vt 0.064206 0.614923
vt 0.064728 0.500430
vt 0.064728 0.614940
vt 0.064203 0.500382
vt 0.064724 0.500417
vt 0.064724 0.614927
vt 0.064203 0.614909
vt 0.063681 0.500374
vt 0.063681 0.614902
vt 0.063159 0.500341
vt 0.063159 0.614869
vt 0.062638 0.500308
vt 0.062638 0.614835
vt 0.061531 0.500308
vt 0.061531 0.614835
vt 0.061010 0.500277
vt 0.061010 0.614804
vt 0.060488 0.500244
vt 0.060488 0.614771
vt 0.059967 0.500212
vt 0.059967 0.614740
vt 0.053781 0.500212
vt 0.059797 0.500212
vt 0.059797 0.614740
vt 0.053781 0.614740
vt 0.053298 0.500181
vt 0.053917 0.500212
vt 0.053917 0.614740
vt 0.053298 0.614708
vt 0.052679 0.500148
vt 0.052679 0.614675
vt 0.052060 0.500117
vt 0.052060 0.614644
vt 0.050840 0.500117
vt 0.050841 0.614644
vt 0.050222 0.500084
vt 0.050222 0.614611
vt 0.049603 0.500051
vt 0.049603 0.614578
vt 0.048984 0.500017
vt 0.048984 0.614544
vt 0.048365 0.500000
vt 0.048365 0.614527
vt 0.064223 0.613330
vt 0.063826 0.613296
vt 0.063826 0.500857
vt 0.064223 0.500875
vt 0.063430 0.613280
vt 0.063430 0.500841
vt 0.063033 0.613247
vt 0.063033 0.500808
vt 0.062636 0.613214
vt 0.062636 0.500775
vt 0.062240 0.613182
vt 0.062240 0.500743
vt 0.061458 0.613182
vt 0.061458 0.500743
vt 0.061062 0.613152
vt 0.061061 0.500713
vt 0.060665 0.613119
vt 0.060665 0.500680
vt 0.060268 0.613088
vt 0.060268 0.500649
vt 0.060085 0.613088
vt 0.053188 0.613088
vt 0.053187 0.500649
vt 0.060084 0.500649
vt 0.053170 0.613210
vt 0.052757 0.613182
vt 0.052757 0.500743
vt 0.053170 0.500771
vt 0.052343 0.613152
vt 0.051929 0.613122
vt 0.051929 0.500683
vt 0.052343 0.500713
vt 0.051081 0.613122
vt 0.051081 0.500683
vt 0.050667 0.613091
vt 0.050667 0.500651
vt 0.050253 0.613058
vt 0.050253 0.500618
vt 0.049840 0.613025
vt 0.049840 0.500586
vt 0.049426 0.613018
vt 0.049426 0.500578
vt 0.049012 0.612984
vt 0.049012 0.500561
vt 0.145595 0.591587
vt 0.145170 0.591559
vt 0.145170 0.501180
vt 0.145594 0.501194
vt 0.149010 0.591719
vt 0.148586 0.591695
vt 0.148586 0.501302
vt 0.149010 0.501326
vt 0.146019 0.591593
vt 0.146019 0.501200
vt 0.146443 0.591619
vt 0.146443 0.501226
vt 0.146867 0.591645
vt 0.146867 0.501253
vt 0.147292 0.591671
vt 0.147292 0.501278
vt 0.148162 0.591671
vt 0.148162 0.501278
vt 0.149434 0.591741
vt 0.149434 0.501349
vt 0.156243 0.591588
vt 0.149471 0.591588
vt 0.149471 0.501195
vt 0.156243 0.501195
vt 0.156620 0.591689
vt 0.156294 0.591664
vt 0.156294 0.501272
vt 0.156620 0.501297
vt 0.156947 0.591716
vt 0.156947 0.501323
vt 0.157274 0.591740
vt 0.157274 0.501348
vt 0.157918 0.591740
vt 0.157918 0.501348
vt 0.158244 0.591766
vt 0.158244 0.501373
vt 0.158571 0.591792
vt 0.158571 0.501400
vt 0.158898 0.591818
vt 0.158898 0.501426
vt 0.159224 0.591832
vt 0.159224 0.501440
vt 0.159551 0.591859
vt 0.159551 0.501453
vn -1.0000 0.0000 0.0000
vn 1.0000 0.0000 0.0000
vn 0.0000 1.0000 0.0000
vn 0.0000 0.8078 -0.5895
vn 0.0000 0.8265 0.5629
vn 0.0000 0.8190 -0.5738
vn -0.2734 0.0000 0.9619
vn -0.4759 0.0000 0.8795
vn -0.4758 0.0000 0.8795
vn -0.8227 0.0000 0.5685
vn -0.9838 0.0000 0.1794
vn -0.9838 0.0000 0.1793
vn -1.0000 0.0000 -0.0044
vn -0.9930 0.0000 -0.1181
vn -0.8971 0.0000 -0.4418
vn -0.4166 0.0000 -0.9091
vn 0.0130 0.0000 -0.9999
vn 0.0131 0.0000 -0.9999
vn 0.4461 0.0000 -0.8950
vn 0.9003 0.0000 -0.4352
vn 0.9903 0.0000 -0.1390
vn 0.9617 0.0000 0.2741
vn 0.6505 0.0000 0.7595
vn 0.2669 0.0000 0.9637
vn 0.9999 0.0000 -0.0093
vn 0.9999 0.0000 -0.0083
vn 0.0790 0.0000 -0.9969
vn 0.0811 0.0000 -0.9967
vn 0.9999 0.0000 -0.0104
vn 0.0769 0.0000 -0.9970
vn 0.1369 0.0000 -0.9906
vn 0.9978 0.0000 -0.0658
vn 0.4724 0.0000 0.8814
vn 0.8227 0.0000 0.5685
vn 0.9838 0.0000 0.1793
vn 1.0000 0.0000 -0.0044
vn 0.9930 0.0000 -0.1181
vn 0.8971 0.0000 -0.4418
vn 0.4166 0.0000 -0.9091
vn -0.0130 0.0000 -0.9999
vn -0.0101 0.0000 -0.9999
vn -0.1798 0.0000 -0.9837
vn -0.7458 0.0000 -0.6661
vn -0.9901 0.0000 -0.1400
vn -0.9999 0.0000 -0.0130
vn -0.9532 0.0000 0.3022
vn -0.6505 0.0000 0.7595
vn -0.2668 0.0000 0.9637
vn -1.0000 0.0000 -0.0061
vn -0.0854 0.0000 -0.9963
vn 0.8971 0.0000 -0.4417
usemtl hiper-atlas
s off
f 398/495/61 399/496/61 401/497/61 400/498/61
f 404/499/62 405/500/62 403/501/62 402/502/62
f 405/500/63 401/497/63 399/496/63 403/501/63
f 406/503/61 407/504/61 409/505/61 408/506/61
f 412/507/62 413/508/62 411/509/62 410/510/62
f 413/508/63 409/505/63 407/504/63 411/509/63
f 414/511/61 415/512/61 417/513/61 416/514/61
f 420/515/62 421/516/62 419/517/62 418/518/62
f 421/516/64 417/513/64 415/512/64 419/517/64
f 422/519/61 423/520/61 425/521/61 424/522/61
f 428/523/62 429/524/62 427/525/62 426/526/62
f 429/524/65 425/521/65 423/520/65 427/525/65
f 430/527/61 431/528/61 433/529/61 432/530/61
f 436/531/62 437/532/62 435/533/62 434/534/62
f 437/532/66 433/529/66 431/528/66 435/533/66
s 1
f 320/535/67 321/536/68 286/537/69 284/538/67
f 321/536/68 322/539/70 288/540/70 286/537/69
f 322/539/70 323/541/71 290/542/72 288/540/70
f 323/541/71 324/543/73 292/544/73 290/542/72
f 324/543/73 325/545/74 294/546/74 292/544/73
f 325/545/74 326/547/75 296/548/75 294/546/74
f 326/547/75 327/549/76 298/550/76 296/548/75
f 327/549/76 328/551/77 300/552/77 298/550/76
f 328/553/77 329/554/78 302/555/78 300/556/77
f 329/557/78 330/558/79 304/559/79 302/560/78
f 330/558/79 331/561/80 306/562/80 304/559/79
f 331/561/80 332/563/81 308/564/81 306/562/80
f 332/563/81 333/565/82 310/566/82 308/564/81
f 333/565/82 334/567/83 312/568/83 310/566/82
f 334/567/83 335/569/84 314/570/84 312/568/83
f 335/569/84 336/571/85 316/572/86 314/570/84
f 336/571/85 337/573/87 318/574/88 316/572/86
f 317/575/89 319/576/90 337/577/87 336/578/85
f 315/579/84 317/575/89 336/578/85 335/580/84
f 313/581/83 315/579/84 335/580/84 334/582/83
f 311/583/82 313/581/83 334/582/83 333/584/82
f 309/585/81 311/583/82 333/584/82 332/586/81
f 307/587/80 309/585/81 332/586/81 331/588/80
f 305/589/79 307/587/80 331/588/80 330/590/79
f 303/591/78 305/589/79 330/590/79 329/592/78
f 301/593/77 303/594/78 329/595/78 328/596/77
f 299/597/76 301/598/77 328/599/77 327/600/76
f 297/601/75 299/597/76 327/600/76 326/602/75
f 295/603/74 297/601/75 326/602/75 325/604/74
f 293/605/73 295/603/74 325/604/74 324/606/73
f 291/607/71 293/605/73 324/606/73 323/608/71
f 289/609/70 291/607/71 323/608/71 322/610/70
f 287/611/68 289/609/70 322/610/70 321/612/68
f 285/613/67 287/611/68 321/612/68 320/614/67
f 378/615/91 379/616/92 340/617/92 338/618/91
f 379/616/92 380/619/93 342/620/93 340/617/92
f 380/619/93 381/621/94 344/622/94 342/620/93
f 381/621/94 382/623/95 346/624/95 344/622/94
f 382/623/95 383/625/96 348/626/96 346/624/95
f 383/625/96 384/627/97 350/628/97 348/626/96
f 384/627/97 385/629/98 352/630/98 350/628/97
f 385/629/98 386/631/99 354/632/99 352/630/98
f 386/631/99 387/633/100 356/634/100 354/632/99
f 387/635/100 388/636/101 358/637/101 356/638/100
f 388/639/101 389/640/102 360/641/102 358/642/101
f 390/643/103 391/644/104 364/645/104 362/646/103
f 391/644/104 392/647/105 366/648/105 364/645/104
f 392/647/105 393/649/106 368/650/106 366/648/105
f 393/649/106 394/651/107 370/652/107 368/650/106
f 394/651/107 395/653/108 372/654/108 370/652/107
f 395/653/108 396/655/109 374/656/109 372/654/108
f 389/640/102 390/643/103 362/646/103 360/641/102
f 396/655/109 397/657/110 376/658/110 374/656/109
f 375/659/109 377/660/110 397/661/110 396/662/109
f 361/663/102 363/664/103 390/665/103 389/666/102
f 373/667/108 375/659/109 396/662/109 395/668/108
f 371/669/107 373/667/108 395/668/108 394/670/107
f 369/671/106 371/669/107 394/670/107 393/672/106
f 367/673/105 369/671/106 393/672/106 392/674/105
f 365/675/104 367/673/105 392/674/105 391/676/104
f 363/664/103 365/675/104 391/676/104 390/665/103
f 359/677/101 361/663/102 389/666/102 388/678/101
f 357/679/100 359/680/101 388/681/101 387/682/100
f 355/683/99 357/684/100 387/685/100 386/686/99
f 353/687/111 355/683/99 386/686/99 385/688/98
f 351/689/97 353/687/111 385/688/98 384/690/97
f 349/691/96 351/689/97 384/690/97 383/692/96
f 347/693/95 349/691/96 383/692/96 382/694/95
f 345/695/94 347/693/95 382/694/95 381/696/94
f 343/697/93 345/695/94 381/696/94 380/698/93
f 341/699/92 343/697/93 380/698/93 379/700/92
f 339/701/91 341/699/92 379/700/92 378/702/91
o estanteria-lateral.001
v -1.716514 -0.004000 1.617988
v -1.716514 2.596000 1.617988
v -1.705519 -0.004000 1.614863
v -1.705519 2.596000 1.614863
v -1.704763 -0.004000 1.614206
v -1.704763 2.596000 1.614206
v -1.704497 -0.004000 1.613487
v -1.704497 2.596000 1.613487
v -1.704486 -0.004000 1.611876
v -1.704486 2.596000 1.611876
v -1.705200 -0.004000 1.567175
v -1.705200 2.596000 1.567175
v -1.705770 -0.004000 1.564635
v -1.705770 2.596000 1.564635
v -1.706518 -0.004000 1.563737
v -1.706518 2.596000 1.563737
v -1.708552 -0.004000 1.563771
v -1.708552 2.596000 1.563771
v -1.775012 -0.004000 1.564379
v -1.775012 2.596000 1.564379
v -1.777036 -0.004000 1.564413
v -1.777036 2.596000 1.564413
v -1.777807 -0.004000 1.565400
v -1.777807 2.596000 1.565400
v -1.778457 -0.004000 1.568087
v -1.778457 2.596000 1.568087
v -1.780444 -0.004000 1.616182
v -1.780444 2.596000 1.616182
v -1.779994 -0.004000 1.616844
v -1.779994 2.596000 1.616844
v -1.778822 -0.004000 1.617400
v -1.778822 2.596000 1.617400
v -1.761078 -0.004000 1.619141
v -1.761078 2.596000 1.619141
v -1.761121 -0.004000 1.619144
v -1.761121 2.596000 1.619144
v -1.716514 1.296000 1.617988
v -1.705519 1.296000 1.614863
v -1.704763 1.296000 1.614206
v -1.704497 1.296000 1.613487
v -1.704486 1.296000 1.611876
v -1.705200 1.296000 1.567175
v -1.705770 1.296000 1.564635
v -1.706518 1.296000 1.563737
v -1.708552 1.296000 1.563771
v -1.775012 1.296000 1.564379
v -1.777036 1.296000 1.564413
v -1.777807 1.296000 1.565400
v -1.778457 1.296000 1.568087
v -1.780444 1.296000 1.616182
v -1.779994 1.296000 1.616844
v -1.778822 1.296000 1.617400
v -1.761078 1.296000 1.619141
v -1.761121 1.296000 1.619144
v -1.716514 -0.004000 2.400329
v -1.716514 2.596000 2.400329
v -1.716740 -0.004000 2.400360
v -1.716740 2.596000 2.400360
v -1.705519 -0.004000 2.403455
v -1.705519 2.596000 2.403455
v -1.704763 -0.004000 2.404111
v -1.704763 2.596000 2.404111
v -1.704497 -0.004000 2.404830
v -1.704497 2.596000 2.404830
v -1.704486 -0.004000 2.406441
v -1.704486 2.596000 2.406441
v -1.705200 -0.004000 2.451142
v -1.705200 2.596000 2.451142
v -1.705770 -0.004000 2.453682
v -1.705770 2.596000 2.453682
v -1.706518 -0.004000 2.454580
v -1.706518 2.596000 2.454580
v -1.708552 -0.004000 2.454546
v -1.708552 2.596000 2.454546
v -1.770888 -0.004000 2.453985
v -1.770888 2.596000 2.453985
v -1.775012 -0.004000 2.453938
v -1.775012 2.596000 2.453938
v -1.777807 -0.004000 2.452917
v -1.777807 2.596000 2.452917
v -1.778457 -0.004000 2.450230
v -1.778457 2.596000 2.450230
v -1.780472 -0.004000 2.403755
v -1.780472 2.596000 2.403755
v -1.780444 -0.004000 2.402135
v -1.780444 2.596000 2.402135
v -1.779994 -0.004000 2.401473
v -1.779994 2.596000 2.401473
v -1.778822 -0.004000 2.400918
v -1.778822 2.596000 2.400918
v -1.761078 -0.004000 2.399177
v -1.761078 2.596000 2.399177
v -1.761121 -0.004000 2.399173
v -1.761121 2.596000 2.399173
v -1.716514 1.296000 2.400329
v -1.716740 1.296000 2.400360
v -1.705519 1.296000 2.403455
v -1.704763 1.296000 2.404111
v -1.704497 1.296000 2.404830
v -1.704486 1.296000 2.406441
v -1.705200 1.296000 2.451142
v -1.705770 1.296000 2.453682
v -1.706518 1.296000 2.454580
v -1.708552 1.296000 2.454546
v -1.770888 1.296000 2.453985
v -1.775012 1.296000 2.453938
v -1.777807 1.296000 2.452917
v -1.778457 1.296000 2.450230
v -1.780472 1.296000 2.403755
v -1.780444 1.296000 2.402135
v -1.779994 1.296000 2.401473
v -1.778822 1.296000 2.400918
v -1.761078 1.296000 2.399177
v -1.761121 1.296000 2.399173
v -1.712300 2.552427 2.414001
v -1.712300 2.582888 2.414001
v -1.712300 2.552427 1.591739
v -1.712300 2.582888 1.591739
v -1.767700 2.552427 2.414001
v -1.767700 2.582888 2.414001
v -1.767700 2.552427 1.591739
v -1.767700 2.582888 1.591739
v -1.712300 2.082427 2.414001
v -1.712300 2.112888 2.414001
v -1.712300 2.082427 1.591739
v -1.712300 2.112888 1.591739
v -1.767700 2.082427 2.414001
v -1.767700 2.112888 2.414001
v -1.767700 2.082427 1.591739
v -1.767700 2.112888 1.591739
v -1.712300 1.982427 2.414001
v -1.712300 2.012888 2.414001
v -1.712300 1.382427 1.591739
v -1.712300 1.412888 1.591739
v -1.767700 1.982427 2.414001
v -1.767700 2.012888 2.414001
v -1.767700 1.382427 1.591739
v -1.767700 1.412888 1.591739
v -1.712300 0.702427 2.414001
v -1.712300 0.732888 2.414001
v -1.712300 1.262427 1.591739
v -1.712300 1.292888 1.591739
v -1.767700 0.702427 2.414001
v -1.767700 0.732888 2.414001
v -1.767700 1.262427 1.591739
v -1.767700 1.292888 1.591739
v -1.712300 0.612427 2.414001
v -1.712300 0.642888 2.414001
v -1.712300 0.036282 1.591739
v -1.712300 0.066744 1.591739
v -1.767700 0.612427 2.414001
v -1.767700 0.642888 2.414001
v -1.767700 0.036282 1.591739
v -1.767700 0.066744 1.591739
vt 0.005118 0.634655
vt 0.005118 0.685794
vt 0.006978 0.685794
vt 0.006978 0.634655
vt 0.012220 0.685794
vt 0.012220 0.634655
vt 0.010360 0.634655
vt 0.010360 0.685794
vt 0.164844 0.638669
vt 0.164844 0.691165
vt 0.166753 0.691165
vt 0.166753 0.638669
vt 0.172134 0.691165
vt 0.172134 0.638669
vt 0.170225 0.638669
vt 0.170225 0.691165
vt 0.219791 0.580972
vt 0.219791 0.653058
vt 0.221547 0.651744
vt 0.221546 0.579658
vt 0.227291 0.653058
vt 0.227291 0.580972
vt 0.225535 0.579658
vt 0.225535 0.651744
vt 0.201246 0.589378
vt 0.201246 0.652848
vt 0.202860 0.653962
vt 0.202860 0.590492
vt 0.208040 0.652848
vt 0.208040 0.589378
vt 0.206426 0.590492
vt 0.206427 0.653962
vt 0.220167 0.590336
vt 0.220167 0.650496
vt 0.221662 0.649450
vt 0.221662 0.589289
vt 0.226474 0.650496
vt 0.226474 0.590336
vt 0.224980 0.589289
vt 0.224980 0.649450
vt 0.048369 0.500014
vt 0.048369 0.614541
vt 0.048988 0.614558
vt 0.048988 0.500031
vt 0.049607 0.614592
vt 0.049607 0.500065
vt 0.050226 0.614625
vt 0.050226 0.500098
vt 0.050845 0.614658
vt 0.050845 0.500131
vt 0.052065 0.614658
vt 0.052065 0.500131
vt 0.052684 0.614689
vt 0.052684 0.500162
vt 0.053303 0.614722
vt 0.053303 0.500195
vt 0.053922 0.614753
vt 0.053922 0.500226
vt 0.053796 0.500226
vt 0.053796 0.614753
vt 0.059811 0.614754
vt 0.059811 0.500226
vt 0.059970 0.500226
vt 0.059970 0.614754
vt 0.060492 0.614785
vt 0.060492 0.500258
vt 0.061013 0.614818
vt 0.061013 0.500291
vt 0.061535 0.614849
vt 0.061535 0.500322
vt 0.062642 0.614849
vt 0.062642 0.500322
vt 0.063163 0.614883
vt 0.063163 0.500355
vt 0.063684 0.614916
vt 0.063685 0.500388
vt 0.064206 0.614923
vt 0.064206 0.500396
vt 0.064728 0.614940
vt 0.064728 0.500430
vt 0.064203 0.500382
vt 0.064203 0.614909
vt 0.064724 0.614927
vt 0.064724 0.500417
vt 0.063681 0.500374
vt 0.063681 0.614902
vt 0.063159 0.500341
vt 0.063159 0.614869
vt 0.062638 0.500308
vt 0.062638 0.614835
vt 0.061531 0.500308
vt 0.061531 0.614835
vt 0.061010 0.500277
vt 0.061010 0.614804
vt 0.060488 0.500244
vt 0.060488 0.614771
vt 0.059967 0.500212
vt 0.059967 0.614740
vt 0.053781 0.500212
vt 0.053781 0.614740
vt 0.059797 0.614740
vt 0.059797 0.500212
vt 0.053298 0.500181
vt 0.053298 0.614708
vt 0.053917 0.614740
vt 0.053917 0.500212
vt 0.052679 0.500148
vt 0.052679 0.614675
vt 0.052060 0.500117
vt 0.052060 0.614644
vt 0.050840 0.500117
vt 0.050841 0.614644
vt 0.050222 0.500084
vt 0.050222 0.614611
vt 0.049603 0.500051
vt 0.049603 0.614578
vt 0.048984 0.500017
vt 0.048984 0.614544
vt 0.048365 0.500000
vt 0.048365 0.614527
vt 0.064223 0.613330
vt 0.064223 0.500875
vt 0.063826 0.500857
vt 0.063826 0.613296
vt 0.063430 0.500841
vt 0.063430 0.613280
vt 0.063033 0.500808
vt 0.063033 0.613247
vt 0.062636 0.500775
vt 0.062636 0.613214
vt 0.062240 0.500743
vt 0.062240 0.613182
vt 0.061458 0.500743
vt 0.061458 0.613182
vt 0.061061 0.500713
vt 0.061062 0.613152
vt 0.060665 0.500680
vt 0.060665 0.613119
vt 0.060268 0.500649
vt 0.060268 0.613088
vt 0.060085 0.613088
vt 0.060084 0.500649
vt 0.053187 0.500649
vt 0.053188 0.613088
vt 0.053170 0.613210
vt 0.053170 0.500771
vt 0.052757 0.500743
vt 0.052757 0.613182
vt 0.052343 0.613152
vt 0.052343 0.500713
vt 0.051929 0.500683
vt 0.051929 0.613122
vt 0.051081 0.500683
vt 0.051081 0.613122
vt 0.050667 0.500651
vt 0.050667 0.613091
vt 0.050253 0.500618
vt 0.050253 0.613058
vt 0.049840 0.500586
vt 0.049840 0.613025
vt 0.049426 0.500578
vt 0.049426 0.613018
vt 0.049012 0.500561
vt 0.049012 0.612984
vt 0.145595 0.591587
vt 0.145594 0.501194
vt 0.145170 0.501180
vt 0.145170 0.591559
vt 0.149010 0.591719
vt 0.149010 0.501326
vt 0.148586 0.501302
vt 0.148586 0.591695
vt 0.146019 0.591593
vt 0.146019 0.501200
vt 0.146443 0.591619
vt 0.146443 0.501226
vt 0.146867 0.591645
vt 0.146867 0.501253
vt 0.147292 0.591671
vt 0.147292 0.501278
vt 0.148162 0.591671
vt 0.148162 0.501278
vt 0.149434 0.591741
vt 0.149434 0.501349
vt 0.156243 0.591588
vt 0.156243 0.501195
vt 0.149471 0.501195
vt 0.149471 0.591588
vt 0.156620 0.591689
vt 0.156620 0.501297
vt 0.156294 0.501272
vt 0.156294 0.591664
vt 0.156947 0.591716
vt 0.156947 0.501323
vt 0.157274 0.591740
vt 0.157274 0.501348
vt 0.157918 0.591740
vt 0.157918 0.501348
vt 0.158244 0.591766
vt 0.158244 0.501373
vt 0.158571 0.591792
vt 0.158571 0.501400
vt 0.158898 0.591818
vt 0.158898 0.501426
vt 0.159224 0.591832
vt 0.159224 0.501440
vt 0.159551 0.591859
vt 0.159551 0.501453
vn 1.0000 0.0000 0.0000
vn -1.0000 0.0000 0.0000
vn 0.0000 1.0000 0.0000
vn 0.0000 0.8078 -0.5895
vn 0.0000 0.8265 0.5629
vn 0.0000 0.8190 -0.5738
vn 0.2734 0.0000 0.9619
vn 0.4758 0.0000 0.8795
vn 0.4759 0.0000 0.8795
vn 0.8227 0.0000 0.5685
vn 0.9838 0.0000 0.1794
vn 1.0000 0.0000 -0.0044
vn 0.9930 0.0000 -0.1181
vn 0.8971 0.0000 -0.4418
vn 0.4166 0.0000 -0.9091
vn -0.0130 0.0000 -0.9999
vn -0.0131 0.0000 -0.9999
vn -0.4461 0.0000 -0.8950
vn -0.9003 0.0000 -0.4352
vn -0.9903 0.0000 -0.1390
vn -0.9617 0.0000 0.2741
vn -0.6505 0.0000 0.7595
vn -0.2669 0.0000 0.9637
vn -0.9999 0.0000 -0.0083
vn -0.9999 0.0000 -0.0093
vn -0.0811 0.0000 -0.9967
vn -0.0790 0.0000 -0.9969
vn -0.9999 0.0000 -0.0104
vn -0.0769 0.0000 -0.9970
vn -0.1369 0.0000 -0.9906
vn -0.9978 0.0000 -0.0658
vn -0.4724 0.0000 0.8814
vn -0.8227 0.0000 0.5685
vn -0.9838 0.0000 0.1794
vn -1.0000 0.0000 -0.0044
vn -0.9930 0.0000 -0.1181
vn -0.8971 0.0000 -0.4418
vn -0.8971 0.0000 -0.4417
vn -0.4166 0.0000 -0.9091
vn 0.0130 0.0000 -0.9999
vn 0.0101 0.0000 -0.9999
vn 0.1798 0.0000 -0.9837
vn 0.7458 0.0000 -0.6661
vn 0.9901 0.0000 -0.1400
vn 0.9999 0.0000 -0.0130
vn 0.9532 0.0000 0.3022
vn 0.6505 0.0000 0.7595
vn 0.2668 0.0000 0.9637
vn 1.0000 0.0000 -0.0061
vn 0.0854 0.0000 -0.9963
vn -0.8972 0.0000 -0.4417
usemtl hiper-atlas
s off
f 552/703/112 554/704/112 555/705/112 553/706/112
f 558/707/113 556/708/113 557/709/113 559/710/113
f 559/710/114 557/709/114 553/706/114 555/705/114
f 560/711/112 562/712/112 563/713/112 561/714/112
f 566/715/113 564/716/113 565/717/113 567/718/113
f 567/718/114 565/717/114 561/714/114 563/713/114
f 568/719/112 570/720/112 571/721/112 569/722/112
f 574/723/113 572/724/113 573/725/113 575/726/113
f 575/726/115 573/725/115 569/722/115 571/721/115
f 576/727/112 578/728/112 579/729/112 577/730/112
f 582/731/113 580/732/113 581/733/113 583/734/113
f 583/734/116 581/733/116 577/730/116 579/729/116
f 584/735/112 586/736/112 587/737/112 585/738/112
f 590/739/113 588/740/113 589/741/113 591/742/113
f 591/742/117 589/741/117 585/738/117 587/737/117
s 1
f 474/743/118 438/744/118 440/745/119 475/746/120
f 475/746/120 440/745/119 442/747/121 476/748/121
f 476/748/121 442/747/121 444/749/122 477/750/122
f 477/750/122 444/749/122 446/751/123 478/752/123
f 478/752/123 446/751/123 448/753/124 479/754/124
f 479/754/124 448/753/124 450/755/125 480/756/125
f 480/756/125 450/755/125 452/757/126 481/758/126
f 481/758/126 452/757/126 454/759/127 482/760/127
f 482/761/127 454/762/127 456/763/128 483/764/128
f 483/765/128 456/766/128 458/767/129 484/768/129
f 484/768/129 458/767/129 460/769/130 485/770/130
f 485/770/130 460/769/130 462/771/131 486/772/131
f 486/772/131 462/771/131 464/773/132 487/774/132
f 487/774/132 464/773/132 466/775/133 488/776/133
f 488/776/133 466/775/133 468/777/134 489/778/134
f 489/778/134 468/777/134 470/779/135 490/780/136
f 490/780/136 470/779/135 472/781/137 491/782/138
f 471/783/139 490/784/136 491/785/138 473/786/140
f 469/787/134 489/788/134 490/784/136 471/783/139
f 467/789/133 488/790/133 489/788/134 469/787/134
f 465/791/132 487/792/132 488/790/133 467/789/133
f 463/793/131 486/794/131 487/792/132 465/791/132
f 461/795/130 485/796/130 486/794/131 463/793/131
f 459/797/129 484/798/129 485/796/130 461/795/130
f 457/799/128 483/800/128 484/798/129 459/797/129
f 455/801/127 482/802/127 483/803/128 457/804/128
f 453/805/126 481/806/126 482/807/127 455/808/127
f 451/809/125 480/810/125 481/806/126 453/805/126
f 449/811/124 479/812/124 480/810/125 451/809/125
f 447/813/123 478/814/123 479/812/124 449/811/124
f 445/815/122 477/816/122 478/814/123 447/813/123
f 443/817/121 476/818/121 477/816/122 445/815/122
f 441/819/120 475/820/120 476/818/121 443/817/121
f 439/821/118 474/822/118 475/820/120 441/819/120
f 532/823/141 492/824/141 494/825/142 533/826/142
f 533/826/142 494/825/142 496/827/143 534/828/143
f 534/828/143 496/827/143 498/829/144 535/830/144
f 535/830/144 498/829/144 500/831/145 536/832/145
f 536/832/145 500/831/145 502/833/146 537/834/146
f 537/834/146 502/833/146 504/835/147 538/836/147
f 538/836/147 504/835/147 506/837/148 539/838/149
f 539/838/149 506/837/148 508/839/150 540/840/150
f 540/840/150 508/839/150 510/841/151 541/842/151
f 541/843/151 510/844/151 512/845/152 542/846/152
f 542/847/152 512/848/152 514/849/153 543/850/153
f 544/851/154 516/852/154 518/853/155 545/854/155
f 545/854/155 518/853/155 520/855/156 546/856/156
f 546/856/156 520/855/156 522/857/157 547/858/157
f 547/858/157 522/857/157 524/859/158 548/860/158
f 548/860/158 524/859/158 526/861/159 549/862/159
f 549/862/159 526/861/159 528/863/160 550/864/160
f 543/850/153 514/849/153 516/852/154 544/851/154
f 550/864/160 528/863/160 530/865/161 551/866/161
f 529/867/160 550/868/160 551/869/161 531/870/161
f 515/871/153 543/872/153 544/873/154 517/874/154
f 527/875/159 549/876/159 550/868/160 529/867/160
f 525/877/158 548/878/158 549/876/159 527/875/159
f 523/879/157 547/880/157 548/878/158 525/877/158
f 521/881/156 546/882/156 547/880/157 523/879/157
f 519/883/155 545/884/155 546/882/156 521/881/156
f 517/874/154 544/873/154 545/884/155 519/883/155
f 513/885/152 542/886/152 543/872/153 515/871/153
f 511/887/151 541/888/151 542/889/152 513/890/152
f 509/891/150 540/892/150 541/893/151 511/894/151
f 507/895/162 539/896/149 540/892/150 509/891/150
f 505/897/147 538/898/147 539/896/149 507/895/162
f 503/899/146 537/900/146 538/898/147 505/897/147
f 501/901/145 536/902/145 537/900/146 503/899/146
f 499/903/144 535/904/144 536/902/145 501/901/145
f 497/905/143 534/906/143 535/904/144 499/903/144
f 495/907/142 533/908/142 534/906/143 497/905/143
f 493/909/141 532/910/141 533/908/142 495/907/142
o estanteria-metal
v 2.000000 1.800000 1.637398
v 2.000000 0.000000 1.637398
v 2.000000 1.800000 2.362602
v 2.000000 0.000000 2.362602
v 0.000000 1.800000 1.637398
v 0.000000 0.000000 1.637398
v 0.000000 1.800000 2.362602
v 0.000000 0.000000 2.362602
v 2.000000 1.422000 1.637398
v 2.000000 1.017499 1.637398
v 2.000000 0.612998 1.637398
v 2.000000 0.217397 1.637398
v 0.000000 0.217397 2.362602
v 0.000000 0.612998 2.362602
v 0.000000 1.017499 2.362602
v 0.000000 1.422000 2.362602
v 2.000000 1.422000 2.362602
v 2.000000 1.017499 2.362602
v 2.000000 0.612998 2.362602
v 2.000000 0.217397 2.362602
v 0.000000 1.422000 1.637398
v 0.000000 1.017499 1.637398
v 0.000000 0.612998 1.637398
v 0.000000 0.217397 1.637398
v 1.000000 0.000000 1.637398
v 1.000000 1.800000 2.362602
v 1.000000 0.000000 2.362602
v 1.000000 1.800000 1.637398
v 1.000000 0.217397 1.637398
v 1.000000 0.612998 1.637398
v 1.000000 1.017499 1.637398
v 1.000000 1.422000 1.637398
v 1.000000 0.217397 2.362602
v 1.000000 0.612998 2.362602
v 1.000000 1.017499 2.362602
v 1.000000 1.422000 2.362602
v 1.000000 1.800000 1.683904
v 0.046506 1.800000 1.683904
v 0.046506 1.800000 2.316096
v 1.000000 1.800000 2.316096
v 0.953494 1.468506 2.362602
v 0.953494 1.753494 2.362602
v 0.046506 1.753494 2.362602
v 0.046506 1.468506 2.362602
v 0.000000 1.468506 2.316096
v 0.000000 1.753494 2.316096
v 0.000000 1.753494 1.683904
v 0.000000 1.468506 1.683904
v 2.000000 1.468506 1.683904
v 2.000000 1.753494 1.683904
v 2.000000 1.753494 2.316096
v 2.000000 1.468506 2.316096
v 1.046506 1.468506 1.637398
v 1.046506 1.753494 1.637398
v 1.953494 1.753494 1.637398
v 1.953494 1.468506 1.637398
v 1.046506 0.001257 1.637398
v 1.046506 0.170891 1.637398
v 1.953494 0.170891 1.637398
v 1.953494 0.001257 1.637398
v 1.046506 0.263903 1.637398
v 1.046506 0.566492 1.637398
v 1.953494 0.566492 1.637398
v 1.953494 0.263903 1.637398
v 1.046506 0.659504 1.637398
v 1.046506 0.970993 1.637398
v 1.953494 0.970993 1.637398
v 1.953494 0.659504 1.637398
v 1.046506 1.064005 1.637398
v 1.046506 1.375494 1.637398
v 1.953494 1.375494 1.637398
v 1.953494 1.064005 1.637398
v 2.000000 0.001257 1.683904
v 2.000000 0.170891 1.683904
v 2.000000 0.170891 2.316096
v 2.000000 0.001257 2.316096
v 2.000000 0.263903 1.683904
v 2.000000 0.566492 1.683904
v 2.000000 0.566492 2.316096
v 2.000000 0.263903 2.316096
v 2.000000 0.659504 1.683904
v 2.000000 0.970993 1.683904
v 2.000000 0.970993 2.316096
v 2.000000 0.659504 2.316096
v 2.000000 1.064005 1.683904
v 2.000000 1.375494 1.683904
v 2.000000 1.375494 2.316096
v 2.000000 1.064005 2.316096
v 0.000000 0.001257 2.316096
v 0.000000 0.170891 2.316096
v 0.000000 0.170891 1.683904
v 0.000000 0.001257 1.683904
v 0.000000 0.263903 2.316096
v 0.000000 0.566492 2.316096
v 0.000000 0.566492 1.683904
v 0.000000 0.263903 1.683904
v 0.000000 0.659504 2.316096
v 0.000000 0.970993 2.316096
v 0.000000 0.970993 1.683904
v 0.000000 0.659504 1.683904
v 0.000000 1.064005 2.316096
v 0.000000 1.375494 2.316096
v 0.000000 1.375494 1.683904
v 0.000000 1.064005 1.683904
v 0.953494 0.001257 2.362602
v 0.953494 0.170891 2.362602
v 0.046506 0.170891 2.362602
v 0.046506 0.001257 2.362602
v 0.953494 0.263903 2.362602
v 0.953494 0.566492 2.362602
v 0.046506 0.566492 2.362602
v 0.046506 0.263903 2.362602
v 0.953494 0.659504 2.362602
v 0.953494 0.970993 2.362602
v 0.046506 0.970993 2.362602
v 0.046506 0.659504 2.362602
v 0.953494 1.064005 2.362602
v 0.953494 1.375494 2.362602
v 0.046506 1.375494 2.362602
v 0.046506 1.064005 2.362602
v 1.953494 1.064005 2.362602
v 1.953494 1.375494 2.362602
v 1.046506 1.375494 2.362602
v 1.046506 1.064005 2.362602
v 1.953494 0.659504 2.362602
v 1.953494 0.970993 2.362602
v 1.046506 0.970993 2.362602
v 1.046506 0.659504 2.362602
v 1.953494 0.263903 2.362602
v 1.953494 0.566492 2.362602
v 1.046506 0.566492 2.362602
v 1.046506 0.263903 2.362602
v 1.953494 0.001257 2.362602
v 1.953494 0.170891 2.362602
v 1.046506 0.170891 2.362602
v 1.046506 0.001257 2.362602
v 0.046506 1.064005 1.637398
v 0.046506 1.375494 1.637398
v 0.953494 1.375494 1.637398
v 0.953494 1.064005 1.637398
v 0.046506 0.659504 1.637398
v 0.046506 0.970993 1.637398
v 0.953494 0.970993 1.637398
v 0.953494 0.659504 1.637398
v 0.046506 0.263903 1.637398
v 0.046506 0.566492 1.637398
v 0.953494 0.566492 1.637398
v 0.953494 0.263903 1.637398
v 0.046506 0.001257 1.637398
v 0.046506 0.170891 1.637398
v 0.953494 0.170891 1.637398
v 0.953494 0.001257 1.637398
v 0.046506 1.468506 1.637398
v 0.046506 1.753494 1.637398
v 0.953494 1.753494 1.637398
v 0.953494 1.468506 1.637398
v 1.953494 1.468506 2.362602
v 1.953494 1.753494 2.362602
v 1.046506 1.753494 2.362602
v 1.046506 1.468506 2.362602
v 1.953494 1.800000 1.683904
v 1.953494 1.800000 2.316096
vt 0.448996 0.746511
vt 0.448996 0.652041
vt 0.453389 0.656434
vt 0.453389 0.746511
vt 0.438315 0.597412
vt 0.438315 0.507334
vt 0.444092 0.513111
vt 0.444092 0.591636
vt 0.448996 0.746511
vt 0.448996 0.652041
vt 0.453389 0.652041
vt 0.453389 0.742118
vt 0.444649 0.599214
vt 0.444649 0.646166
vt 0.438873 0.640389
vt 0.438873 0.604991
vt 0.444602 0.742118
vt 0.444602 0.656434
vt 0.444649 0.646166
vt 0.444649 0.599214
vt 0.450426 0.604991
vt 0.450426 0.640389
vt 0.457761 0.601978
vt 0.457761 0.501965
vt 0.462413 0.506616
vt 0.462413 0.597327
vt 0.438873 0.640389
vt 0.438873 0.604991
vt 0.432539 0.591636
vt 0.432539 0.513111
vt 0.444649 0.646166
vt 0.444649 0.599214
vt 0.450426 0.604991
vt 0.450426 0.640389
vt 0.438315 0.597412
vt 0.438315 0.507334
vt 0.444092 0.513111
vt 0.444092 0.591636
vt 0.444474 0.599390
vt 0.444474 0.646342
vt 0.438697 0.640565
vt 0.438697 0.605166
vt 0.438315 0.597412
vt 0.438315 0.507334
vt 0.444092 0.513111
vt 0.444092 0.591636
vt 0.444649 0.646166
vt 0.444649 0.599214
vt 0.450426 0.604991
vt 0.450426 0.640389
vt 0.438315 0.507334
vt 0.438315 0.597412
vt 0.432539 0.591636
vt 0.432539 0.513111
vt 0.444649 0.599214
vt 0.444649 0.646166
vt 0.438873 0.640389
vt 0.438873 0.604991
vt 0.448996 0.652041
vt 0.448996 0.746511
vt 0.444602 0.742118
vt 0.444602 0.656434
vt 0.450250 0.605166
vt 0.450250 0.640565
vt 0.457761 0.501965
vt 0.457761 0.601978
vt 0.453110 0.597327
vt 0.453110 0.506616
vt 0.255777 0.722997
vt 0.255777 0.750000
vt 0.250000 0.744223
vt 0.250000 0.723153
vt 0.457761 0.601978
vt 0.457761 0.501965
vt 0.462413 0.506616
vt 0.462413 0.597327
vt 0.255777 0.750000
vt 0.255777 0.722997
vt 0.261553 0.723153
vt 0.261553 0.744223
vt 0.444649 0.648352
vt 0.444649 0.599214
vt 0.450426 0.604991
vt 0.450426 0.642575
vt 0.457761 0.601978
vt 0.457761 0.501965
vt 0.462413 0.506616
vt 0.462413 0.597327
vt 0.444649 0.599214
vt 0.444649 0.648352
vt 0.438873 0.642575
vt 0.438873 0.604991
vt 0.453110 0.597327
vt 0.453110 0.506616
vt 0.444649 0.649457
vt 0.438873 0.643681
vt 0.438873 0.604991
vt 0.457761 0.501965
vt 0.457761 0.601978
vt 0.453110 0.597327
vt 0.453110 0.506616
vt 0.444649 0.649457
vt 0.450426 0.604991
vt 0.450426 0.643681
vt 0.453110 0.597327
vt 0.453110 0.506616
vt 0.444649 0.599214
vt 0.444649 0.649457
vt 0.438873 0.643681
vt 0.438873 0.604991
vt 0.462413 0.506616
vt 0.462413 0.597327
vt 0.444649 0.649457
vt 0.444649 0.599214
vt 0.450426 0.604991
vt 0.450426 0.643681
vt 0.462413 0.506616
vt 0.462413 0.597327
vt 0.250000 0.744223
vt 0.250000 0.723153
vt 0.438315 0.507334
vt 0.438315 0.597412
vt 0.432539 0.591636
vt 0.432539 0.513111
vt 0.255777 0.750000
vt 0.255777 0.722997
vt 0.261553 0.723153
vt 0.261553 0.744223
vt 0.450426 0.604991
vt 0.450426 0.642575
vt 0.438315 0.597412
vt 0.438315 0.507334
vt 0.444092 0.513111
vt 0.444092 0.591636
vt 0.444649 0.648352
vt 0.444649 0.599214
vt 0.450426 0.604991
vt 0.450426 0.642575
vt 0.444092 0.513111
vt 0.444092 0.591636
vt 0.438873 0.643681
vt 0.438873 0.604991
vt 0.438315 0.597412
vt 0.438315 0.507334
vt 0.444092 0.513111
vt 0.444092 0.591636
vt 0.444649 0.649457
vt 0.444649 0.599214
vt 0.450426 0.604991
vt 0.450426 0.643681
vt 0.432539 0.591636
vt 0.432539 0.513111
vt 0.438873 0.643681
vt 0.438873 0.604991
vt 0.444092 0.513111
vt 0.444092 0.591636
vt 0.444649 0.649457
vt 0.444649 0.599214
vt 0.450426 0.604991
vt 0.450426 0.643681
vt 0.432539 0.591636
vt 0.432539 0.513111
vt 0.255777 0.722997
vt 0.255777 0.750000
vt 0.250000 0.744223
vt 0.250000 0.723153
vt 0.438315 0.507334
vt 0.438315 0.597412
vt 0.432539 0.591636
vt 0.432539 0.513111
vt 0.255777 0.750000
vt 0.255777 0.722997
vt 0.261553 0.723153
vt 0.261553 0.744223
vt 0.444649 0.599214
vt 0.444649 0.648352
vt 0.438873 0.642575
vt 0.438873 0.604991
vt 0.438315 0.507334
vt 0.438315 0.597412
vt 0.432539 0.591636
vt 0.432539 0.513111
vt 0.444649 0.648352
vt 0.444649 0.599214
vt 0.450426 0.604991
vt 0.450426 0.642575
vt 0.444092 0.513111
vt 0.444092 0.591636
vt 0.444649 0.649457
vt 0.444649 0.599214
vt 0.450426 0.604991
vt 0.450426 0.643681
vt 0.438315 0.507334
vt 0.438315 0.597412
vt 0.432539 0.591636
vt 0.432539 0.513110
vt 0.444649 0.649457
vt 0.444649 0.599214
vt 0.450426 0.604991
vt 0.450426 0.643681
vt 0.444092 0.513111
vt 0.444092 0.591636
vt 0.444649 0.649457
vt 0.438873 0.643681
vt 0.438873 0.604991
vt 0.432539 0.591636
vt 0.432539 0.513111
vt 0.444649 0.649457
vt 0.444649 0.599214
vt 0.450426 0.604991
vt 0.450426 0.643681
vt 0.444092 0.513110
vt 0.444092 0.591636
vt 0.255777 0.722997
vt 0.255777 0.750000
vt 0.250000 0.744223
vt 0.250000 0.723153
vt 0.457761 0.501965
vt 0.457761 0.601978
vt 0.453110 0.597327
vt 0.453110 0.506616
vt 0.261553 0.723153
vt 0.261553 0.744223
vt 0.444649 0.599214
vt 0.444649 0.648352
vt 0.438873 0.642575
vt 0.438873 0.604991
vt 0.457761 0.601978
vt 0.457761 0.501965
vt 0.462413 0.506616
vt 0.462413 0.597327
vt 0.450426 0.604991
vt 0.450426 0.642575
vt 0.462413 0.506616
vt 0.462413 0.597327
vt 0.444649 0.599214
vt 0.444649 0.649458
vt 0.438873 0.643681
vt 0.438873 0.604991
vt 0.457761 0.601979
vt 0.457761 0.501965
vt 0.462413 0.506616
vt 0.462413 0.597327
vt 0.438873 0.643681
vt 0.438873 0.604991
vt 0.453110 0.597327
vt 0.453110 0.506616
vt 0.444649 0.599214
vt 0.444649 0.649457
vt 0.438873 0.643681
vt 0.438873 0.604991
vt 0.453110 0.597327
vt 0.453110 0.506616
vt 0.450426 0.604991
vt 0.450426 0.643681
vt 0.453110 0.597327
vt 0.453110 0.506616
vt 0.438873 0.643681
vt 0.438873 0.604991
vt 0.457903 0.502106
vt 0.457903 0.602120
vt 0.453252 0.597469
vt 0.453252 0.506757
vt 0.450426 0.604991
vt 0.450426 0.643681
vt 0.457762 0.501965
vt 0.457761 0.601978
vt 0.453110 0.597327
vt 0.453110 0.506616
vt 0.438873 0.643681
vt 0.438873 0.604991
vt 0.462413 0.506616
vt 0.462413 0.597327
vt 0.450426 0.604991
vt 0.450426 0.643681
vt 0.457761 0.501965
vt 0.462413 0.506616
vt 0.462413 0.597327
vt 0.438873 0.642575
vt 0.438873 0.604991
vt 0.453110 0.597327
vt 0.453110 0.506616
vt 0.450426 0.604991
vt 0.450426 0.642575
vt 0.457761 0.601978
vt 0.453110 0.597327
vt 0.453110 0.506616
vt 0.250000 0.744223
vt 0.250000 0.723153
vt 0.462413 0.506616
vt 0.462413 0.597327
vt 0.261553 0.723153
vt 0.261553 0.744223
vt 0.438873 0.643681
vt 0.438873 0.604991
vt 0.457761 0.601978
vt 0.457761 0.501965
vt 0.462413 0.506616
vt 0.462413 0.597327
vt 0.450426 0.604991
vt 0.450426 0.643681
vt 0.457761 0.601978
vt 0.457761 0.501965
vt 0.462413 0.506616
vt 0.462413 0.597327
vt 0.438873 0.643681
vt 0.438873 0.604991
vt 0.453110 0.597327
vt 0.453110 0.506616
vt 0.450426 0.604991
vt 0.450426 0.643681
vt 0.457761 0.501965
vt 0.457761 0.601978
vt 0.453110 0.597327
vt 0.453110 0.506616
vt 0.438873 0.642575
vt 0.438873 0.604991
vt 0.462413 0.506616
vt 0.462413 0.597327
vt 0.438873 0.642575
vt 0.438873 0.604991
vt 0.457761 0.501965
vt 0.462413 0.506616
vt 0.462413 0.597327
vt 0.250000 0.744223
vt 0.250000 0.723153
vt 0.453110 0.597327
vt 0.453110 0.506616
vt 0.261553 0.723153
vt 0.261553 0.744223
vt 0.438873 0.640389
vt 0.438873 0.604991
vt 0.444602 0.742117
vt 0.444602 0.656434
vt 0.450426 0.604991
vt 0.450426 0.640389
vt 0.453110 0.597327
vt 0.453110 0.506616
vt 0.438873 0.640389
vt 0.438873 0.604991
vt 0.448996 0.652041
vt 0.448996 0.746511
vt 0.444602 0.742117
vt 0.444602 0.656434
vt 0.450426 0.604991
vt 0.450426 0.640389
vt 0.462554 0.506757
vt 0.462554 0.597469
vt 0.453389 0.652041
vt 0.453389 0.742118
vt 0.453389 0.656434
vt 0.453389 0.746511
vt 0.432539 0.591636
vt 0.432539 0.513111
vn 0.0000 1.0000 0.0000
vn 0.0000 0.0000 1.0000
vn -1.0000 0.0000 0.0000
vn 1.0000 0.0000 0.0000
vn -0.0000 0.0000 -1.0000
usemtl hiper-atlas
s off
f 619/911/163 596/912/163 629/913/163 628/914/163
f 596/915/163 598/916/163 630/917/163 629/918/163
f 598/919/163 617/920/163 631/921/163 630/922/163
f 627/923/164 617/924/164 633/925/164 632/926/164
f 617/920/164 598/919/164 634/927/164 633/928/164
f 598/929/164 607/930/164 635/931/164 634/932/164
f 607/933/164 627/934/164 632/935/164 635/936/164
f 607/930/165 598/929/165 637/937/165 636/938/165
f 598/916/165 596/915/165 638/939/165 637/940/165
f 596/941/165 612/942/165 639/943/165 638/944/165
f 612/945/165 607/946/165 636/947/165 639/948/165
f 600/949/166 592/950/166 641/951/166 640/952/166
f 592/953/166 594/954/166 642/955/166 641/956/166
f 594/957/166 608/958/166 643/959/166 642/960/166
f 608/961/166 600/962/166 640/963/166 643/964/166
f 623/965/167 619/966/167 645/967/167 644/968/167
f 619/969/167 592/970/167 646/971/167 645/972/167
f 592/950/167 600/949/167 647/973/167 646/974/167
f 600/975/167 623/976/167 644/977/167 647/978/167
f 616/979/167 620/980/167 649/981/167 648/982/167
f 620/983/167 603/984/167 650/985/167 649/986/167
f 603/987/167 593/988/167 651/989/167 650/990/167
f 620/991/167 621/992/167 653/993/167 652/994/167
f 621/995/167 602/996/167 654/997/167 653/998/167
f 602/999/167 603/1000/167 655/1001/167 654/1002/167
f 603/984/167 620/983/167 652/1003/167 655/1004/167
f 621/992/167 622/1005/167 657/1006/167 656/1007/167
f 622/1008/167 601/1009/167 658/1010/167 657/1011/167
f 601/1012/167 602/999/167 659/1013/167 658/1014/167
f 602/996/167 621/995/167 656/1015/167 659/1016/167
f 622/1017/167 623/1018/167 661/1019/167 660/1020/167
f 623/976/167 600/975/167 662/1021/167 661/1022/167
f 600/1023/167 601/1024/167 663/1025/167 662/1026/167
f 601/1009/167 622/1008/167 660/1027/167 663/1028/167
f 593/988/166 603/987/166 665/1029/166 664/1030/166
f 603/1031/166 611/1032/166 666/1033/166 665/1034/166
f 611/1035/166 595/1036/166 667/1037/166 666/1038/166
f 603/1000/166 602/999/166 669/1039/166 668/1040/166
f 602/1041/166 610/1042/166 670/1043/166 669/1044/166
f 610/1045/166 611/1046/166 671/1047/166 670/1048/166
f 611/1032/166 603/1031/166 668/1049/166 671/1050/166
f 602/999/166 601/1012/166 673/1051/166 672/1052/166
f 601/1053/166 609/1054/166 674/1055/166 673/1056/166
f 609/1057/166 610/1058/166 675/1059/166 674/1060/166
f 610/1042/166 602/1041/166 672/1061/166 675/1062/166
f 601/1024/166 600/1023/166 677/1063/166 676/1064/166
f 600/962/166 608/961/166 678/1065/166 677/1066/166
f 608/1067/166 609/1068/166 679/1069/166 678/1070/166
f 609/1054/166 601/1053/166 676/1071/166 679/1072/166
f 599/1073/165 604/1074/165 681/1075/165 680/1076/165
f 604/1077/165 615/1078/165 682/1079/165 681/1080/165
f 615/1081/165 597/1082/165 683/1083/165 682/1084/165
f 604/1085/165 605/1086/165 685/1087/165 684/1088/165
f 605/1089/165 614/1090/165 686/1091/165 685/1092/165
f 614/1093/165 615/1094/165 687/1095/165 686/1096/165
f 615/1078/165 604/1077/165 684/1097/165 687/1098/165
f 605/1099/165 606/1100/165 689/1101/165 688/1102/165
f 606/1103/165 613/1104/165 690/1105/165 689/1106/165
f 613/1107/165 614/1108/165 691/1109/165 690/1110/165
f 614/1090/165 605/1089/165 688/1111/165 691/1112/165
f 606/1100/165 607/1113/165 693/1114/165 692/1115/165
f 607/946/165 612/945/165 694/1116/165 693/1117/165
f 612/1118/165 613/1119/165 695/1120/165 694/1121/165
f 613/1104/165 606/1103/165 692/1122/165 695/1123/165
f 618/1124/164 624/1125/164 697/1126/164 696/1127/164
f 624/1128/164 604/1129/164 698/1130/164 697/1131/164
f 604/1074/164 599/1073/164 699/1132/164 698/1133/164
f 624/1134/164 625/1135/164 701/1136/164 700/1137/164
f 625/1138/164 605/1139/164 702/1140/164 701/1141/164
f 605/1086/164 604/1085/164 703/1142/164 702/1143/164
f 604/1129/164 624/1128/164 700/1144/164 703/1145/164
f 625/1146/164 626/1147/164 705/1148/164 704/1149/164
f 626/1150/164 606/1151/164 706/1152/164 705/1153/164
f 606/1100/164 605/1099/164 707/1154/164 706/1155/164
f 605/1139/164 625/1138/164 704/1156/164 707/1157/164
f 626/1158/164 627/1159/164 709/1160/164 708/1161/164
f 627/934/164 607/933/164 710/1162/164 709/1163/164
f 607/1113/164 606/1100/164 711/1164/164 710/1165/164
f 606/1151/164 626/1150/164 708/1166/164 711/1167/164
f 609/1068/164 608/1067/164 713/1168/164 712/1169/164
f 608/1170/164 627/1171/164 714/1172/164 713/1173/164
f 627/1159/164 626/1158/164 715/1174/164 714/1175/164
f 626/1176/164 609/1177/164 712/1178/164 715/1179/164
f 610/1058/164 609/1057/164 717/1180/164 716/1181/164
f 609/1177/164 626/1176/164 718/1182/164 717/1183/164
f 626/1147/164 625/1146/164 719/1184/164 718/1185/164
f 625/1138/164 610/1186/164 716/1187/164 719/1188/164
f 611/1046/164 610/1045/164 721/1189/164 720/1190/164
f 610/1186/164 625/1138/164 722/1191/164 721/1192/164
f 625/1135/164 624/1134/164 723/1193/164 722/1194/164
f 624/1128/164 611/1195/164 720/1196/164 723/1197/164
f 595/1036/164 611/1035/164 725/1198/164 724/1199/164
f 611/1195/164 624/1128/164 726/1200/164 725/1201/164
f 624/1125/164 618/1124/164 727/1202/164 726/1203/164
f 613/1119/167 612/1118/167 729/1204/167 728/1205/167
f 612/1206/167 623/1207/167 730/1208/167 729/1209/167
f 623/1018/167 622/1017/167 731/1210/167 730/1211/167
f 622/1212/167 613/1213/167 728/1214/167 731/1215/167
f 614/1108/167 613/1107/167 733/1216/167 732/1217/167
f 613/1213/167 622/1212/167 734/1218/167 733/1219/167
f 622/1005/167 621/992/167 735/1220/167 734/1221/167
f 621/1222/167 614/1223/167 732/1224/167 735/1225/167
f 615/1094/167 614/1093/167 737/1226/167 736/1227/167
f 614/1223/167 621/1222/167 738/1228/167 737/1229/167
f 621/992/167 620/991/167 739/1230/167 738/1231/167
f 620/983/167 615/1232/167 736/1233/167 739/1234/167
f 597/1082/167 615/1081/167 741/1235/167 740/1236/167
f 615/1232/167 620/983/167 742/1237/167 741/1238/167
f 620/980/167 616/979/167 743/1239/167 742/1240/167
f 612/942/167 596/941/167 745/1241/167 744/1242/167
f 596/912/167 619/911/167 746/1243/167 745/1244/167
f 619/966/167 623/965/167 747/1245/167 746/1246/167
f 623/1207/167 612/1206/167 744/1247/167 747/1248/167
f 608/958/164 594/957/164 749/1249/164 748/1250/164
f 594/1251/164 617/1252/164 750/1253/164 749/1254/164
f 617/924/164 627/923/164 751/1255/164 750/1256/164
f 627/1171/164 608/1170/164 748/1257/164 751/1258/164
f 592/970/163 619/969/163 628/1259/163 752/1260/163
f 617/1252/163 594/1251/163 753/1261/163 631/1262/163
f 594/954/163 592/953/163 752/1263/163 753/1264/163
o estanteria-travesaños
v -1.705787 2.357130 1.605600
v -0.295787 2.357130 1.605600
v -1.705787 2.357130 1.545600
v -0.295787 2.357130 1.545600
v -1.705787 2.257130 1.605600
v -0.295787 2.257130 1.605600
v -1.705787 2.257130 1.545600
v -0.295787 2.257130 1.545600
v -1.705787 2.337130 1.605600
v -1.705787 2.335337 1.591289
v -1.705787 2.278922 1.591289
v -1.705787 2.277130 1.605600
v -0.295787 2.277130 1.605600
v -0.295787 2.278922 1.591289
v -0.295787 2.335338 1.591289
v -0.295787 2.337130 1.605600
v -1.705787 2.277130 1.545600
v -1.705787 2.278922 1.559910
v -1.705787 2.335337 1.559910
v -1.705787 2.337130 1.545600
v -0.295787 2.337130 1.545600
v -0.295787 2.335338 1.559910
v -0.295787 2.278922 1.559910
v -0.295787 2.277130 1.545600
v -1.000787 2.357130 1.605600
v -1.000787 2.357130 1.545600
v -1.000787 2.257130 1.545600
v -1.000787 2.257130 1.605600
v -1.000787 2.277130 1.605600
v -1.000787 2.278922 1.591289
v -1.000787 2.335338 1.591289
v -1.000787 2.337130 1.605600
v -1.000787 2.337130 1.545600
v -1.000787 2.335338 1.559910
v -1.000787 2.278922 1.559910
v -1.000787 2.277130 1.545600
v -0.309475 2.137125 1.610949
v -0.309475 2.397125 1.610949
v -0.308020 2.137125 1.597744
v -0.308020 2.397125 1.597744
v -0.305803 2.137125 1.577867
v -0.305803 2.397125 1.577867
v -0.304475 2.137125 1.562992
v -0.304475 2.397125 1.562992
v -0.303663 2.137125 1.556803
v -0.303663 2.397125 1.556803
v -0.303212 2.137125 1.555876
v -0.303212 2.397125 1.555876
v -0.302613 2.137125 1.555152
v -0.302613 2.397125 1.555152
v -0.301843 2.137125 1.554607
v -0.301843 2.397125 1.554607
v -0.300879 2.137125 1.554218
v -0.300879 2.397125 1.554218
v -0.299697 2.137125 1.553962
v -0.299697 2.397125 1.553962
v -0.294601 2.137125 1.553765
v -0.294601 2.397125 1.553765
v -0.285918 2.137125 1.554705
v -0.285918 2.397125 1.554705
v -0.276826 2.137125 1.556323
v -0.276826 2.397125 1.556323
v -0.267165 2.137125 1.557182
v -0.267165 2.397125 1.557182
v -1.690525 2.137125 1.610949
v -1.690525 2.397125 1.610949
v -1.691980 2.137125 1.597744
v -1.691980 2.397125 1.597744
v -1.694197 2.137125 1.577867
v -1.694197 2.397125 1.577867
v -1.695525 2.137125 1.562992
v -1.695525 2.397125 1.562992
v -1.696008 2.137125 1.557955
v -1.696008 2.397125 1.557955
v -1.696337 2.137125 1.556803
v -1.696337 2.397125 1.556803
v -1.696788 2.137125 1.555876
v -1.696788 2.397125 1.555876
v -1.697387 2.137125 1.555152
v -1.697387 2.397125 1.555152
v -1.698157 2.137125 1.554607
v -1.698157 2.397125 1.554607
v -1.699121 2.137125 1.554218
v -1.699121 2.397125 1.554218
v -1.705399 2.137125 1.553765
v -1.705399 2.397125 1.553765
v -1.714082 2.137125 1.554705
v -1.714082 2.397125 1.554705
v -1.723174 2.137125 1.556323
v -1.723174 2.397125 1.556323
v -1.732835 2.137125 1.557182
v -1.732835 2.397125 1.557182
vt 0.151064 0.652458
vt 0.151064 0.701089
vt 0.146925 0.701089
vt 0.146925 0.652458
vt 0.230265 0.665954
vt 0.230265 0.697403
vt 0.228991 0.697403
vt 0.228991 0.665954
vt 0.151064 0.652458
vt 0.151064 0.701089
vt 0.146925 0.701089
vt 0.146925 0.652458
vt 0.230265 0.665954
vt 0.230265 0.697403
vt 0.228991 0.697403
vt 0.228991 0.665954
vt 0.235699 0.665954
vt 0.235699 0.697403
vt 0.234780 0.697403
vt 0.234780 0.665954
vt 0.236974 0.665954
vt 0.236973 0.697403
vt 0.231185 0.697403
vt 0.231185 0.665954
vt 0.236973 0.665954
vt 0.236973 0.697403
vt 0.235699 0.697403
vt 0.235699 0.665954
vt 0.234780 0.697403
vt 0.234780 0.665954
vt 0.231184 0.697403
vt 0.231185 0.665954
vt 0.231185 0.697394
vt 0.231185 0.665945
vt 0.230265 0.665945
vt 0.230265 0.697394
vt 0.234780 0.697394
vt 0.234780 0.665945
vt 0.235699 0.697394
vt 0.235699 0.665945
vt 0.236973 0.697394
vt 0.236973 0.665945
vt 0.231197 0.697403
vt 0.230278 0.697403
vt 0.234793 0.697403
vt 0.236986 0.697403
vt 0.235712 0.697403
vt 0.229004 0.697403
vt 0.151064 0.652458
vt 0.151064 0.701089
vt 0.146925 0.701089
vt 0.146925 0.652458
vt 0.228991 0.665945
vt 0.228991 0.697394
vt 0.151064 0.652458
vt 0.151064 0.701089
vt 0.146925 0.701089
vt 0.146925 0.652458
vt 0.000000 0.500000
vt 0.000000 0.500000
vt 0.000000 0.500000
vt 0.000000 0.500000
vt 0.000000 0.500000
vt 0.000000 0.500000
vt 0.000000 0.500000
vt 0.000000 0.500000
vt 0.000000 0.500000
vt 0.000000 0.500000
vt 0.000000 0.500000
vt 0.000000 0.500000
vt 0.000000 0.500000
vt 0.000000 0.500000
vt 0.000000 0.500000
vt 0.000000 0.500000
vt 0.000000 0.500000
vt 0.000000 0.500000
vt 0.000000 0.500000
vt 0.000000 0.500000
vt 0.000000 0.500000
vt 0.000000 0.500000
vt 0.000000 0.500000
vt 0.000000 0.500000
vt 0.000000 0.500000
vt 0.000000 0.500000
vt 0.000000 0.500000
vt 0.000000 0.500000
vt 0.000000 0.500000
vt 0.000000 0.500000
vt 0.000000 0.500000
vt 0.000000 0.500000
vt 0.000000 0.500000
vt 0.000000 0.500000
vt 0.000000 0.500000
vt 0.000000 0.500000
vt 0.000000 0.500000
vt 0.000000 0.500000
vt 0.000000 0.500000
vt 0.000000 0.500000
vt 0.000000 0.500000
vt 0.000000 0.500000
vt 0.000000 0.500000
vt 0.000000 0.500000
vt 0.000000 0.500000
vt 0.000000 0.500000
vt 0.000000 0.500000
vt 0.000000 0.500000
vt 0.000000 0.500000
vt 0.000000 0.500000
vt 0.000000 0.500000
vt 0.000000 0.500000
vt 0.000000 0.500000
vt 0.000000 0.500000
vt 0.000000 0.500000
vt 0.000000 0.500000
vn 0.0000 1.0000 0.0000
vn -0.0000 0.0000 -1.0000
vn 0.0000 -1.0000 0.0000
vn 0.0000 0.0000 1.0000
vn -0.0000 0.9923 0.1242
vn 0.0000 -0.9922 0.1243
vn 0.0000 -0.9922 -0.1243
vn -0.0000 0.9923 -0.1242
vn -0.9950 0.0000 -0.0999
vn -0.9940 0.0000 -0.1095
vn -0.9577 0.0000 -0.2878
vn -0.1255 0.0000 -0.9921
vn 0.0345 0.0000 -0.9994
vn -0.8407 0.0000 -0.5414
vn -0.6803 0.0000 -0.7329
vn -0.4793 0.0000 -0.8777
vn -0.2937 0.0000 -0.9559
vn 0.1415 0.0000 -0.9899
vn 0.1320 0.0000 -0.9912
vn 0.0885 0.0000 -0.9961
vn -0.9939 0.0000 -0.1102
vn -0.9950 0.0000 0.0999
vn -0.9957 0.0000 0.0922
vn -0.9826 0.0000 0.1856
vn -0.9940 0.0000 0.1095
vn -0.9939 0.0000 0.1102
vn 0.0179 0.0000 0.9998
vn 0.1415 0.0000 0.9899
vn -0.9339 0.0000 0.3575
vn -0.8407 0.0000 0.5414
vn -0.6803 0.0000 0.7329
vn -0.4793 0.0000 0.8777
vn -0.2257 0.0000 0.9742
vn 0.1320 0.0000 0.9912
vn 0.0885 0.0000 0.9961
usemtl hiper-atlas
s off
f 778/1265/168 755/1266/168 757/1267/168 779/1268/168
f 789/1269/169 777/1270/169 761/1271/169 780/1272/169
f 780/1273/170 761/1274/170 759/1275/170 781/1276/170
f 785/1277/171 769/1278/171 755/1279/171 778/1280/171
f 782/1281/172 766/1282/172 767/1283/172 783/1284/172
f 781/1285/171 759/1286/171 766/1282/171 782/1281/171
f 783/1284/171 767/1283/171 768/1287/171 784/1288/171
f 784/1288/173 768/1287/173 769/1278/173 785/1277/173
f 779/1289/169 757/1290/169 774/1291/169 786/1292/169
f 786/1292/174 774/1291/174 775/1293/174 787/1294/174
f 787/1294/169 775/1293/169 776/1295/169 788/1296/169
f 788/1296/175 776/1295/175 777/1270/175 789/1269/175
f 771/1297/175 788/1298/175 789/1299/175 770/1300/175
f 772/1301/169 787/1302/169 788/1298/169 771/1297/169
f 773/1303/174 786/1304/174 787/1302/174 772/1301/174
f 756/1305/169 779/1306/169 786/1304/169 773/1303/169
f 763/1307/173 784/1288/173 785/1277/173 762/1308/173
f 764/1309/171 783/1284/171 784/1288/171 763/1307/171
f 758/1310/171 781/1285/171 782/1281/171 765/1311/171
f 765/1311/172 782/1281/172 783/1284/172 764/1309/172
f 762/1308/171 785/1277/171 778/1280/171 754/1312/171
f 760/1313/170 780/1314/170 781/1315/170 758/1316/170
f 770/1300/169 789/1299/169 780/1317/169 760/1318/169
f 754/1319/168 778/1320/168 779/1321/168 756/1322/168
s 1
f 795/1323/176 797/1324/177 796/1325/177 794/1326/176
f 797/1324/177 799/1327/178 798/1328/178 796/1325/177
f 809/1329/179 811/1330/180 810/1331/180 808/1332/179
f 799/1327/178 801/1333/181 800/1334/181 798/1328/178
f 801/1333/181 803/1335/182 802/1336/182 800/1334/181
f 803/1335/182 805/1337/183 804/1338/183 802/1336/182
f 805/1337/183 807/1339/184 806/1340/184 804/1338/183
f 807/1339/184 809/1329/179 808/1332/179 806/1340/184
f 811/1330/180 813/1341/185 812/1342/185 810/1331/180
f 813/1341/185 815/1343/186 814/1344/186 812/1342/185
f 815/1343/186 817/1345/187 816/1346/187 814/1344/186
f 791/1347/177 793/1348/188 792/1349/188 790/1350/177
f 793/1348/188 795/1323/176 794/1326/176 792/1349/188
f 823/1351/189 825/1352/190 824/1353/190 822/1354/189
f 825/1352/190 827/1355/191 826/1356/191 824/1353/190
f 819/1357/192 821/1358/193 820/1359/193 818/1360/192
f 839/1361/194 841/1362/195 840/1363/195 838/1364/194
f 827/1355/191 829/1365/196 828/1366/196 826/1356/191
f 829/1365/196 831/1367/197 830/1368/197 828/1366/196
f 831/1367/197 833/1369/198 832/1370/198 830/1368/197
f 833/1369/198 835/1371/199 834/1372/199 832/1370/198
f 835/1371/199 837/1373/200 836/1374/200 834/1372/199
f 841/1362/195 843/1375/201 842/1376/201 840/1363/195
f 843/1375/201 845/1377/202 844/1378/202 842/1376/201
f 837/1373/200 839/1361/194 838/1364/194 836/1374/200
f 821/1358/193 823/1351/189 822/1354/189 820/1359/193
o estanteria-travesaños.001
v -1.705787 1.317130 1.605600
v -0.295787 1.317130 1.605600
v -1.705787 1.317130 1.545600
v -0.295787 1.317130 1.545600
v -1.705787 1.217130 1.605600
v -0.295787 1.217130 1.605600
v -1.705787 1.217130 1.545600
v -0.295787 1.217130 1.545600
v -1.705787 1.297130 1.605600
v -1.705787 1.295338 1.591289
v -1.705787 1.238922 1.591289
v -1.705787 1.237130 1.605600
v -0.295787 1.237130 1.605600
v -0.295787 1.238922 1.591289
v -0.295787 1.295338 1.591289
v -0.295787 1.297130 1.605600
v -1.705787 1.237130 1.545600
v -1.705787 1.238922 1.559910
v -1.705787 1.295338 1.559910
v -1.705787 1.297130 1.545600
v -0.295787 1.297130 1.545600
v -0.295787 1.295338 1.559910
v -0.295787 1.238922 1.559910
v -0.295787 1.237130 1.545600
v -1.000787 1.317130 1.605600
v -1.000787 1.317130 1.545600
v -1.000787 1.217130 1.545600
v -1.000787 1.217130 1.605600
v -1.000787 1.237130 1.605600
v -1.000787 1.238922 1.591289
v -1.000787 1.295338 1.591289
v -1.000787 1.297130 1.605600
v -1.000787 1.297130 1.545600
v -1.000787 1.295338 1.559910
v -1.000787 1.238922 1.559910
v -1.000787 1.237130 1.545600
v -0.309475 1.097125 1.610949
v -0.309475 1.357125 1.610949
v -0.308020 1.097125 1.597744
v -0.308020 1.357125 1.597744
v -0.305803 1.097125 1.577867
v -0.305803 1.357125 1.577867
v -0.304475 1.097125 1.562992
v -0.304475 1.357125 1.562992
v -0.303663 1.097125 1.556803
v -0.303663 1.357125 1.556803
v -0.303212 1.097125 1.555876
v -0.303212 1.357125 1.555876
v -0.302613 1.097125 1.555152
v -0.302613 1.357125 1.555152
v -0.301843 1.097125 1.554607
v -0.301843 1.357125 1.554607
v -0.300879 1.097125 1.554218
v -0.300879 1.357125 1.554218
v -0.299697 1.097125 1.553962
v -0.299697 1.357125 1.553962
v -0.294601 1.097125 1.553765
v -0.294601 1.357125 1.553765
v -0.285918 1.097125 1.554705
v -0.285918 1.357125 1.554705
v -0.276826 1.097125 1.556323
v -0.276826 1.357125 1.556323
v -0.267165 1.097125 1.557182
v -0.267165 1.357125 1.557182
v -1.690525 1.097125 1.610949
v -1.690525 1.357125 1.610949
v -1.691980 1.097125 1.597744
v -1.691980 1.357125 1.597744
v -1.694197 1.097125 1.577867
v -1.694197 1.357125 1.577867
v -1.695525 1.097125 1.562992
v -1.695525 1.357125 1.562992
v -1.696008 1.097125 1.557955
v -1.696008 1.357125 1.557955
v -1.696337 1.097125 1.556803
v -1.696337 1.357125 1.556803
v -1.696788 1.097125 1.555876
v -1.696788 1.357125 1.555876
v -1.697387 1.097125 1.555152
v -1.697387 1.357125 1.555152
v -1.698157 1.097125 1.554607
v -1.698157 1.357125 1.554607
v -1.699121 1.097125 1.554218
v -1.699121 1.357125 1.554218
v -1.705399 1.097125 1.553765
v -1.705399 1.357125 1.553765
v -1.714082 1.097125 1.554705
v -1.714082 1.357125 1.554705
v -1.723174 1.097125 1.556323
v -1.723174 1.357125 1.556323
v -1.732835 1.097125 1.557182
v -1.732835 1.357125 1.557182
vt 0.151064 0.652458
vt 0.151064 0.701089
vt 0.146925 0.701089
vt 0.146925 0.652458
vt 0.230265 0.665954
vt 0.230265 0.697403
vt 0.228991 0.697403
vt 0.228991 0.665954
vt 0.151064 0.652458
vt 0.151064 0.701089
vt 0.146925 0.701089
vt 0.146925 0.652458
vt 0.230265 0.665954
vt 0.230265 0.697403
vt 0.228991 0.697403
vt 0.228991 0.665954
vt 0.235699 0.665954
vt 0.235699 0.697403
vt 0.234780 0.697403
vt 0.234780 0.665954
vt 0.236974 0.665954
vt 0.236973 0.697403
vt 0.231185 0.697403
vt 0.231185 0.665954
vt 0.236973 0.665954
vt 0.236973 0.697403
vt 0.235699 0.697403
vt 0.235699 0.665954
vt 0.234780 0.697403
vt 0.234780 0.665954
vt 0.231184 0.697403
vt 0.231185 0.665954
vt 0.231185 0.697394
vt 0.231185 0.665945
vt 0.230265 0.665945
vt 0.230265 0.697394
vt 0.234780 0.697394
vt 0.234780 0.665945
vt 0.235699 0.697394
vt 0.235699 0.665945
vt 0.236973 0.697394
vt 0.236973 0.665945
vt 0.231197 0.697403
vt 0.230278 0.697403
vt 0.234793 0.697403
vt 0.236986 0.697403
vt 0.235712 0.697403
vt 0.229004 0.697403
vt 0.151064 0.652458
vt 0.151064 0.701089
vt 0.146925 0.701089
vt 0.146925 0.652458
vt 0.228991 0.665945
vt 0.228991 0.697394
vt 0.151064 0.652458
vt 0.151064 0.701089
vt 0.146925 0.701089
vt 0.146925 0.652458
vt 0.000000 0.500000
vt 0.000000 0.500000
vt 0.000000 0.500000
vt 0.000000 0.500000
vt 0.000000 0.500000
vt 0.000000 0.500000
vt 0.000000 0.500000
vt 0.000000 0.500000
vt 0.000000 0.500000
vt 0.000000 0.500000
vt 0.000000 0.500000
vt 0.000000 0.500000
vt 0.000000 0.500000
vt 0.000000 0.500000
vt 0.000000 0.500000
vt 0.000000 0.500000
vt 0.000000 0.500000
vt 0.000000 0.500000
vt 0.000000 0.500000
vt 0.000000 0.500000
vt 0.000000 0.500000
vt 0.000000 0.500000
vt 0.000000 0.500000
vt 0.000000 0.500000
vt 0.000000 0.500000
vt 0.000000 0.500000
vt 0.000000 0.500000
vt 0.000000 0.500000
vt 0.000000 0.500000
vt 0.000000 0.500000
vt 0.000000 0.500000
vt 0.000000 0.500000
vt 0.000000 0.500000
vt 0.000000 0.500000
vt 0.000000 0.500000
vt 0.000000 0.500000
vt 0.000000 0.500000
vt 0.000000 0.500000
vt 0.000000 0.500000
vt 0.000000 0.500000
vt 0.000000 0.500000
vt 0.000000 0.500000
vt 0.000000 0.500000
vt 0.000000 0.500000
vt 0.000000 0.500000
vt 0.000000 0.500000
vt 0.000000 0.500000
vt 0.000000 0.500000
vt 0.000000 0.500000
vt 0.000000 0.500000
vt 0.000000 0.500000
vt 0.000000 0.500000
vt 0.000000 0.500000
vt 0.000000 0.500000
vt 0.000000 0.500000
vt 0.000000 0.500000
vn -0.0000 1.0000 0.0000
vn -0.0000 0.0000 -1.0000
vn 0.0000 -1.0000 0.0000
vn 0.0000 0.0000 1.0000
vn -0.0000 0.9923 0.1242
vn 0.0000 -0.9922 0.1243
vn 0.0000 -0.9922 -0.1243
vn -0.0000 0.9923 -0.1242
vn -0.9950 0.0000 -0.0999
vn -0.9940 0.0000 -0.1095
vn -0.9577 0.0000 -0.2878
vn -0.1254 0.0000 -0.9921
vn 0.0345 0.0000 -0.9994
vn -0.8407 0.0000 -0.5414
vn -0.6803 0.0000 -0.7329
vn -0.4793 0.0000 -0.8776
vn -0.2937 0.0000 -0.9559
vn 0.1415 0.0000 -0.9899
vn 0.1320 0.0000 -0.9912
vn 0.0885 0.0000 -0.9961
vn -0.9939 0.0000 -0.1102
vn -0.9950 0.0000 0.0999
vn -0.9957 0.0000 0.0922
vn -0.9826 0.0000 0.1856
vn -0.9940 0.0000 0.1095
vn -0.9939 0.0000 0.1102
vn 0.0179 0.0000 0.9998
vn 0.1415 0.0000 0.9899
vn -0.9339 0.0000 0.3575
vn -0.8407 0.0000 0.5414
vn -0.6803 0.0000 0.7329
vn -0.4793 0.0000 0.8776
vn -0.2257 0.0000 0.9742
vn 0.1320 0.0000 0.9912
vn 0.0885 0.0000 0.9961
usemtl hiper-atlas
s off
f 870/1379/203 847/1380/203 849/1381/203 871/1382/203
f 881/1383/204 869/1384/204 853/1385/204 872/1386/204
f 872/1387/205 853/1388/205 851/1389/205 873/1390/205
f 877/1391/206 861/1392/206 847/1393/206 870/1394/206
f 874/1395/207 858/1396/207 859/1397/207 875/1398/207
f 873/1399/206 851/1400/206 858/1396/206 874/1395/206
f 875/1398/206 859/1397/206 860/1401/206 876/1402/206
f 876/1402/208 860/1401/208 861/1392/208 877/1391/208
f 871/1403/204 849/1404/204 866/1405/204 878/1406/204
f 878/1406/209 866/1405/209 867/1407/209 879/1408/209
f 879/1408/204 867/1407/204 868/1409/204 880/1410/204
f 880/1410/210 868/1409/210 869/1384/210 881/1383/210
f 863/1411/210 880/1412/210 881/1413/210 862/1414/210
f 864/1415/204 879/1416/204 880/1412/204 863/1411/204
f 865/1417/209 878/1418/209 879/1416/209 864/1415/209
f 848/1419/204 871/1420/204 878/1418/204 865/1417/204
f 855/1421/208 876/1402/208 877/1391/208 854/1422/208
f 856/1423/206 875/1398/206 876/1402/206 855/1421/206
f 850/1424/206 873/1399/206 874/1395/206 857/1425/206
f 857/1425/207 874/1395/207 875/1398/207 856/1423/207
f 854/1422/206 877/1391/206 870/1394/206 846/1426/206
f 852/1427/205 872/1428/205 873/1429/205 850/1430/205
f 862/1414/204 881/1413/204 872/1431/204 852/1432/204
f 846/1433/203 870/1434/203 871/1435/203 848/1436/203
s 1
f 887/1437/211 889/1438/212 888/1439/212 886/1440/211
f 889/1438/212 891/1441/213 890/1442/213 888/1439/212
f 901/1443/214 903/1444/215 902/1445/215 900/1446/214
f 891/1441/213 893/1447/216 892/1448/216 890/1442/213
f 893/1447/216 895/1449/217 894/1450/217 892/1448/216
f 895/1449/217 897/1451/218 896/1452/218 894/1450/217
f 897/1451/218 899/1453/219 898/1454/219 896/1452/218
f 899/1453/219 901/1443/214 900/1446/214 898/1454/219
f 903/1444/215 905/1455/220 904/1456/220 902/1445/215
f 905/1455/220 907/1457/221 906/1458/221 904/1456/220
f 907/1457/221 909/1459/222 908/1460/222 906/1458/221
f 883/1461/212 885/1462/223 884/1463/223 882/1464/212
f 885/1462/223 887/1437/211 886/1440/211 884/1463/223
f 915/1465/224 917/1466/225 916/1467/225 914/1468/224
f 917/1466/225 919/1469/226 918/1470/226 916/1467/225
f 911/1471/227 913/1472/228 912/1473/228 910/1474/227
f 931/1475/229 933/1476/230 932/1477/230 930/1478/229
f 919/1469/226 921/1479/231 920/1480/231 918/1470/226
f 921/1479/231 923/1481/232 922/1482/232 920/1480/231
f 923/1481/232 925/1483/233 924/1484/233 922/1482/232
f 925/1483/233 927/1485/234 926/1486/234 924/1484/233
f 927/1485/234 929/1487/235 928/1488/235 926/1486/234
f 933/1476/230 935/1489/236 934/1490/236 932/1477/230
f 935/1489/236 937/1491/237 936/1492/237 934/1490/236
f 929/1487/235 931/1475/229 930/1478/229 928/1488/235
f 913/1472/228 915/1465/224 914/1468/224 912/1473/228
o estanteria-travesaños.002
v -1.705787 0.387130 1.605600
v -0.295787 0.387130 1.605600
v -1.705787 0.387130 1.545600
v -0.295787 0.387130 1.545600
v -1.705787 0.287130 1.605600
v -0.295787 0.287130 1.605600
v -1.705787 0.287130 1.545600
v -0.295787 0.287130 1.545600
v -1.705787 0.367130 1.605600
v -1.705787 0.365337 1.591289
v -1.705787 0.308922 1.591289
v -1.705787 0.307130 1.605600
v -0.295787 0.307130 1.605600
v -0.295787 0.308922 1.591289
v -0.295787 0.365338 1.591289
v -0.295787 0.367130 1.605600
v -1.705787 0.307130 1.545600
v -1.705787 0.308922 1.559910
v -1.705787 0.365337 1.559910
v -1.705787 0.367130 1.545600
v -0.295787 0.367130 1.545600
v -0.295787 0.365338 1.559910
v -0.295787 0.308922 1.559910
v -0.295787 0.307130 1.545600
v -1.000787 0.387130 1.605600
v -1.000787 0.387130 1.545600
v -1.000787 0.287130 1.545600
v -1.000787 0.287130 1.605600
v -1.000787 0.307130 1.605600
v -1.000787 0.308922 1.591289
v -1.000787 0.365338 1.591289
v -1.000787 0.367130 1.605600
v -1.000787 0.367130 1.545600
v -1.000787 0.365338 1.559910
v -1.000787 0.308922 1.559910
v -1.000787 0.307130 1.545600
v -0.309475 0.167125 1.610949
v -0.309475 0.427125 1.610949
v -0.308020 0.167125 1.597744
v -0.308020 0.427125 1.597744
v -0.305803 0.167125 1.577867
v -0.305803 0.427125 1.577867
v -0.304475 0.167125 1.562992
v -0.304475 0.427125 1.562992
v -0.303663 0.167125 1.556803
v -0.303663 0.427125 1.556803
v -0.303212 0.167125 1.555876
v -0.303212 0.427125 1.555876
v -0.302613 0.167125 1.555152
v -0.302613 0.427125 1.555152
v -0.301843 0.167125 1.554607
v -0.301843 0.427125 1.554607
v -0.300879 0.167125 1.554218
v -0.300879 0.427125 1.554218
v -0.299697 0.167125 1.553962
v -0.299697 0.427125 1.553962
v -0.294601 0.167125 1.553765
v -0.294601 0.427125 1.553765
v -0.285918 0.167125 1.554705
v -0.285918 0.427125 1.554705
v -0.276826 0.167125 1.556323
v -0.276826 0.427125 1.556323
v -0.267165 0.167125 1.557182
v -0.267165 0.427125 1.557182
v -1.690525 0.167125 1.610949
v -1.690525 0.427125 1.610949
v -1.691980 0.167125 1.597744
v -1.691980 0.427125 1.597744
v -1.694197 0.167125 1.577867
v -1.694197 0.427125 1.577867
v -1.695525 0.167125 1.562992
v -1.695525 0.427125 1.562992
v -1.696008 0.167125 1.557955
v -1.696008 0.427125 1.557955
v -1.696337 0.167125 1.556803
v -1.696337 0.427125 1.556803
v -1.696788 0.167125 1.555876
v -1.696788 0.427125 1.555876
v -1.697387 0.167125 1.555152
v -1.697387 0.427125 1.555152
v -1.698157 0.167125 1.554607
v -1.698157 0.427125 1.554607
v -1.699121 0.167125 1.554218
v -1.699121 0.427125 1.554218
v -1.705399 0.167125 1.553765
v -1.705399 0.427125 1.553765
v -1.714082 0.167125 1.554705
v -1.714082 0.427125 1.554705
v -1.723174 0.167125 1.556323
v -1.723174 0.427125 1.556323
v -1.732835 0.167125 1.557182
v -1.732835 0.427125 1.557182
vt 0.151064 0.652458
vt 0.151064 0.701089
vt 0.146925 0.701089
vt 0.146925 0.652458
vt 0.230265 0.665954
vt 0.230265 0.697403
vt 0.228991 0.697403
vt 0.228991 0.665954
vt 0.151064 0.652458
vt 0.151064 0.701089
vt 0.146925 0.701089
vt 0.146925 0.652458
vt 0.230265 0.665954
vt 0.230265 0.697403
vt 0.228991 0.697403
vt 0.228991 0.665954
vt 0.235699 0.665954
vt 0.235699 0.697403
vt 0.234780 0.697403
vt 0.234780 0.665954
vt 0.236974 0.665954
vt 0.236973 0.697403
vt 0.231185 0.697403
vt 0.231185 0.665954
vt 0.236973 0.665954
vt 0.236973 0.697403
vt 0.235699 0.697403
vt 0.235699 0.665954
vt 0.234780 0.697403
vt 0.234780 0.665954
vt 0.231184 0.697403
vt 0.231185 0.665954
vt 0.231185 0.697394
vt 0.231185 0.665945
vt 0.230265 0.665945
vt 0.230265 0.697394
vt 0.234780 0.697394
vt 0.234780 0.665945
vt 0.235699 0.697394
vt 0.235699 0.665945
vt 0.236973 0.697394
vt 0.236973 0.665945
vt 0.231197 0.697403
vt 0.230278 0.697403
vt 0.234793 0.697403
vt 0.236986 0.697403
vt 0.235712 0.697403
vt 0.229004 0.697403
vt 0.151064 0.652458
vt 0.151064 0.701089
vt 0.146925 0.701089
vt 0.146925 0.652458
vt 0.228991 0.665945
vt 0.228991 0.697394
vt 0.151064 0.652458
vt 0.151064 0.701089
vt 0.146925 0.701089
vt 0.146925 0.652458
vt 0.000000 0.500000
vt 0.000000 0.500000
vt 0.000000 0.500000
vt 0.000000 0.500000
vt 0.000000 0.500000
vt 0.000000 0.500000
vt 0.000000 0.500000
vt 0.000000 0.500000
vt 0.000000 0.500000
vt 0.000000 0.500000
vt 0.000000 0.500000
vt 0.000000 0.500000
vt 0.000000 0.500000
vt 0.000000 0.500000
vt 0.000000 0.500000
vt 0.000000 0.500000
vt 0.000000 0.500000
vt 0.000000 0.500000
vt 0.000000 0.500000
vt 0.000000 0.500000
vt 0.000000 0.500000
vt 0.000000 0.500000
vt 0.000000 0.500000
vt 0.000000 0.500000
vt 0.000000 0.500000
vt 0.000000 0.500000
vt 0.000000 0.500000
vt 0.000000 0.500000
vt 0.000000 0.500000
vt 0.000000 0.500000
vt 0.000000 0.500000
vt 0.000000 0.500000
vt 0.000000 0.500000
vt 0.000000 0.500000
vt 0.000000 0.500000
vt 0.000000 0.500000
vt 0.000000 0.500000
vt 0.000000 0.500000
vt 0.000000 0.500000
vt 0.000000 0.500000
vt 0.000000 0.500000
vt 0.000000 0.500000
vt 0.000000 0.500000
vt 0.000000 0.500000
vt 0.000000 0.500000
vt 0.000000 0.500000
vt 0.000000 0.500000
vt 0.000000 0.500000
vt 0.000000 0.500000
vt 0.000000 0.500000
vt 0.000000 0.500000
vt 0.000000 0.500000
vt 0.000000 0.500000
vt 0.000000 0.500000
vt 0.000000 0.500000
vt 0.000000 0.500000
vn -0.0000 1.0000 0.0000
vn -0.0000 0.0000 -1.0000
vn 0.0000 -1.0000 0.0000
vn 0.0000 0.0000 1.0000
vn -0.0000 0.9923 0.1242
vn 0.0000 -0.9922 0.1243
vn 0.0000 -0.9922 -0.1243
vn -0.0000 0.9923 -0.1242
vn -0.9950 0.0000 -0.0999
vn -0.9940 0.0000 -0.1095
vn -0.9577 0.0000 -0.2878
vn -0.1254 0.0000 -0.9921
vn 0.0345 0.0000 -0.9994
vn -0.8407 0.0000 -0.5414
vn -0.6803 0.0000 -0.7329
vn -0.4793 0.0000 -0.8776
vn -0.2937 0.0000 -0.9559
vn 0.1415 0.0000 -0.9899
vn 0.1320 0.0000 -0.9912
vn 0.0885 0.0000 -0.9961
vn -0.9939 0.0000 -0.1102
vn -0.9950 0.0000 0.0999
vn -0.9957 0.0000 0.0922
vn -0.9826 0.0000 0.1856
vn -0.9940 0.0000 0.1095
vn -0.9939 0.0000 0.1102
vn 0.0179 0.0000 0.9998
vn 0.1415 0.0000 0.9899
vn -0.9339 0.0000 0.3575
vn -0.8407 0.0000 0.5414
vn -0.6803 0.0000 0.7329
vn -0.4793 0.0000 0.8776
vn -0.2257 0.0000 0.9742
vn 0.1320 0.0000 0.9912
vn 0.0885 0.0000 0.9961
usemtl hiper-atlas
s off
f 962/1493/238 939/1494/238 941/1495/238 963/1496/238
f 973/1497/239 961/1498/239 945/1499/239 964/1500/239
f 964/1501/240 945/1502/240 943/1503/240 965/1504/240
f 969/1505/241 953/1506/241 939/1507/241 962/1508/241
f 966/1509/242 950/1510/242 951/1511/242 967/1512/242
f 965/1513/241 943/1514/241 950/1510/241 966/1509/241
f 967/1512/241 951/1511/241 952/1515/241 968/1516/241
f 968/1516/243 952/1515/243 953/1506/243 969/1505/243
f 963/1517/239 941/1518/239 958/1519/239 970/1520/239
f 970/1520/244 958/1519/244 959/1521/244 971/1522/244
f 971/1522/239 959/1521/239 960/1523/239 972/1524/239
f 972/1524/245 960/1523/245 961/1498/245 973/1497/245
f 955/1525/245 972/1526/245 973/1527/245 954/1528/245
f 956/1529/239 971/1530/239 972/1526/239 955/1525/239
f 957/1531/244 970/1532/244 971/1530/244 956/1529/244
f 940/1533/239 963/1534/239 970/1532/239 957/1531/239
f 947/1535/243 968/1516/243 969/1505/243 946/1536/243
f 948/1537/241 967/1512/241 968/1516/241 947/1535/241
f 942/1538/241 965/1513/241 966/1509/241 949/1539/241
f 949/1539/242 966/1509/242 967/1512/242 948/1537/242
f 946/1536/241 969/1505/241 962/1508/241 938/1540/241
f 944/1541/240 964/1542/240 965/1543/240 942/1544/240
f 954/1528/239 973/1527/239 964/1545/239 944/1546/239
f 938/1547/238 962/1548/238 963/1549/238 940/1550/238
s 1
f 979/1551/246 981/1552/247 980/1553/247 978/1554/246
f 981/1552/247 983/1555/248 982/1556/248 980/1553/247
f 993/1557/249 995/1558/250 994/1559/250 992/1560/249
f 983/1555/248 985/1561/251 984/1562/251 982/1556/248
f 985/1561/251 987/1563/252 986/1564/252 984/1562/251
f 987/1563/252 989/1565/253 988/1566/253 986/1564/252
f 989/1565/253 991/1567/254 990/1568/254 988/1566/253
f 991/1567/254 993/1557/249 992/1560/249 990/1568/254
f 995/1558/250 997/1569/255 996/1570/255 994/1559/250
f 997/1569/255 999/1571/256 998/1572/256 996/1570/255
f 999/1571/256 1001/1573/257 1000/1574/257 998/1572/256
f 975/1575/247 977/1576/258 976/1577/258 974/1578/247
f 977/1576/258 979/1551/246 978/1554/246 976/1577/258
f 1007/1579/259 1009/1580/260 1008/1581/260 1006/1582/259
f 1009/1580/260 1011/1583/261 1010/1584/261 1008/1581/260
f 1003/1585/262 1005/1586/263 1004/1587/263 1002/1588/262
f 1023/1589/264 1025/1590/265 1024/1591/265 1022/1592/264
f 1011/1583/261 1013/1593/266 1012/1594/266 1010/1584/261
f 1013/1593/266 1015/1595/267 1014/1596/267 1012/1594/266
f 1015/1595/267 1017/1597/268 1016/1598/268 1014/1596/267
f 1017/1597/268 1019/1599/269 1018/1600/269 1016/1598/268
f 1019/1599/269 1021/1601/270 1020/1602/270 1018/1600/269
f 1025/1590/265 1027/1603/271 1026/1604/271 1024/1591/265
f 1027/1603/271 1029/1605/272 1028/1606/272 1026/1604/271
f 1021/1601/270 1023/1589/264 1022/1592/264 1020/1602/270
f 1005/1586/263 1007/1579/259 1006/1582/259 1004/1587/263
o estanteria-travesaños.003
v -1.705787 2.357130 2.405600
v -0.295787 2.357130 2.405600
v -1.705787 2.357130 2.465600
v -0.295787 2.357130 2.465600
v -1.705787 2.257130 2.405600
v -0.295787 2.257130 2.405600
v -1.705787 2.257130 2.465600
v -0.295787 2.257130 2.465600
v -1.705787 2.337130 2.405600
v -1.705787 2.335337 2.419910
v -1.705787 2.278922 2.419910
v -1.705787 2.277130 2.405600
v -0.295787 2.277130 2.405600
v -0.295787 2.278922 2.419910
v -0.295787 2.335338 2.419910
v -0.295787 2.337130 2.405600
v -1.705787 2.277130 2.465600
v -1.705787 2.278922 2.451289
v -1.705787 2.335337 2.451289
v -1.705787 2.337130 2.465600
v -0.295787 2.337130 2.465600
v -0.295787 2.335338 2.451289
v -0.295787 2.278922 2.451289
v -0.295787 2.277130 2.465600
v -1.000787 2.357130 2.405600
v -1.000787 2.357130 2.465600
v -1.000787 2.257130 2.465600
v -1.000787 2.257130 2.405600
v -1.000787 2.277130 2.405600
v -1.000787 2.278922 2.419910
v -1.000787 2.335338 2.419910
v -1.000787 2.337130 2.405600
v -1.000787 2.337130 2.465600
v -1.000787 2.335338 2.451289
v -1.000787 2.278922 2.451289
v -1.000787 2.277130 2.465600
v -0.309475 2.137125 2.400250
v -0.309475 2.397125 2.400250
v -0.308020 2.137125 2.413455
v -0.308020 2.397125 2.413455
v -0.305803 2.137125 2.433332
v -0.305803 2.397125 2.433332
v -0.304475 2.137125 2.448207
v -0.304475 2.397125 2.448207
v -0.303663 2.137125 2.454396
v -0.303663 2.397125 2.454396
v -0.303212 2.137125 2.455323
v -0.303212 2.397125 2.455323
v -0.302613 2.137125 2.456048
v -0.302613 2.397125 2.456048
v -0.301843 2.137125 2.456593
v -0.301843 2.397125 2.456593
v -0.300879 2.137125 2.456982
v -0.300879 2.397125 2.456982
v -0.299697 2.137125 2.457237
v -0.299697 2.397125 2.457237
v -0.294601 2.137125 2.457435
v -0.294601 2.397125 2.457435
v -0.285918 2.137125 2.456494
v -0.285918 2.397125 2.456494
v -0.276826 2.137125 2.454876
v -0.276826 2.397125 2.454876
v -0.267165 2.137125 2.454017
v -0.267165 2.397125 2.454017
v -1.690525 2.137125 2.400251
v -1.690525 2.397125 2.400251
v -1.691980 2.137125 2.413455
v -1.691980 2.397125 2.413455
v -1.694197 2.137125 2.433333
v -1.694197 2.397125 2.433333
v -1.695525 2.137125 2.448208
v -1.695525 2.397125 2.448208
v -1.696008 2.137125 2.453245
v -1.696008 2.397125 2.453245
v -1.696337 2.137125 2.454397
v -1.696337 2.397125 2.454397
v -1.696788 2.137125 2.455324
v -1.696788 2.397125 2.455324
v -1.697387 2.137125 2.456048
v -1.697387 2.397125 2.456048
v -1.698157 2.137125 2.456593
v -1.698157 2.397125 2.456593
v -1.699121 2.137125 2.456982
v -1.699121 2.397125 2.456982
v -1.705399 2.137125 2.457435
v -1.705399 2.397125 2.457435
v -1.714082 2.137125 2.456495
v -1.714082 2.397125 2.456495
v -1.723174 2.137125 2.454876
v -1.723174 2.397125 2.454876
v -1.732835 2.137125 2.454018
v -1.732835 2.397125 2.454018
vt 0.151064 0.652458
vt 0.146925 0.652458
vt 0.146925 0.701089
vt 0.151064 0.701089
vt 0.230265 0.665954
vt 0.228991 0.665954
vt 0.228991 0.697403
vt 0.230265 0.697403
vt 0.151064 0.652458
vt 0.146925 0.652458
vt 0.146925 0.701089
vt 0.151064 0.701089
vt 0.230265 0.665954
vt 0.228991 0.665954
vt 0.228991 0.697403
vt 0.230265 0.697403
vt 0.235699 0.665954
vt 0.234780 0.665954
vt 0.234780 0.697403
vt 0.235699 0.697403
vt 0.236974 0.665954
vt 0.236973 0.697403
vt 0.231185 0.665954
vt 0.231185 0.697403
vt 0.236973 0.665954
vt 0.235699 0.665954
vt 0.235699 0.697403
vt 0.236973 0.697403
vt 0.234780 0.665954
vt 0.234780 0.697403
vt 0.231185 0.665954
vt 0.231184 0.697403
vt 0.231185 0.697394
vt 0.230265 0.697394
vt 0.230265 0.665945
vt 0.231185 0.665945
vt 0.234780 0.697394
vt 0.234780 0.665945
vt 0.235699 0.697394
vt 0.235699 0.665945
vt 0.236973 0.697394
vt 0.236973 0.665945
vt 0.231197 0.697403
vt 0.230278 0.697403
vt 0.234793 0.697403
vt 0.236986 0.697403
vt 0.235712 0.697403
vt 0.229004 0.697403
vt 0.151064 0.652458
vt 0.146925 0.652458
vt 0.146925 0.701089
vt 0.151064 0.701089
vt 0.228991 0.697394
vt 0.228991 0.665945
vt 0.151064 0.652458
vt 0.146925 0.652458
vt 0.146925 0.701089
vt 0.151064 0.701089
vt 0.000000 0.500000
vt 0.000000 0.500000
vt 0.000000 0.500000
vt 0.000000 0.500000
vt 0.000000 0.500000
vt 0.000000 0.500000
vt 0.000000 0.500000
vt 0.000000 0.500000
vt 0.000000 0.500000
vt 0.000000 0.500000
vt 0.000000 0.500000
vt 0.000000 0.500000
vt 0.000000 0.500000
vt 0.000000 0.500000
vt 0.000000 0.500000
vt 0.000000 0.500000
vt 0.000000 0.500000
vt 0.000000 0.500000
vt 0.000000 0.500000
vt 0.000000 0.500000
vt 0.000000 0.500000
vt 0.000000 0.500000
vt 0.000000 0.500000
vt 0.000000 0.500000
vt 0.000000 0.500000
vt 0.000000 0.500000
vt 0.000000 0.500000
vt 0.000000 0.500000
vt 0.000000 0.500000
vt 0.000000 0.500000
vt 0.000000 0.500000
vt 0.000000 0.500000
vt 0.000000 0.500000
vt 0.000000 0.500000
vt 0.000000 0.500000
vt 0.000000 0.500000
vt 0.000000 0.500000
vt 0.000000 0.500000
vt 0.000000 0.500000
vt 0.000000 0.500000
vt 0.000000 0.500000
vt 0.000000 0.500000
vt 0.000000 0.500000
vt 0.000000 0.500000
vt 0.000000 0.500000
vt 0.000000 0.500000
vt 0.000000 0.500000
vt 0.000000 0.500000
vt 0.000000 0.500000
vt 0.000000 0.500000
vt 0.000000 0.500000
vt 0.000000 0.500000
vt 0.000000 0.500000
vt 0.000000 0.500000
vt 0.000000 0.500000
vt 0.000000 0.500000
vn 0.0000 1.0000 0.0000
vn 0.0000 0.0000 1.0000
vn 0.0000 -1.0000 0.0000
vn 0.0000 0.0000 -1.0000
vn -0.0000 0.9923 -0.1242
vn 0.0000 -0.9922 -0.1243
vn 0.0000 -0.9922 0.1243
vn -0.0000 0.9923 0.1242
vn -0.9950 0.0000 0.0999
vn -0.9940 0.0000 0.1095
vn -0.9577 0.0000 0.2878
vn -0.1255 0.0000 0.9921
vn 0.0345 0.0000 0.9994
vn -0.8407 0.0000 0.5414
vn -0.6803 0.0000 0.7329
vn -0.4794 0.0000 0.8776
vn -0.2937 0.0000 0.9559
vn 0.1415 0.0000 0.9899
vn 0.1320 0.0000 0.9912
vn 0.0885 0.0000 0.9961
vn -0.9939 0.0000 0.1102
vn -0.9950 0.0000 -0.0999
vn -0.9957 0.0000 -0.0922
vn -0.9826 0.0000 -0.1856
vn -0.9940 0.0000 -0.1095
vn -0.9939 0.0000 -0.1102
vn 0.0179 0.0000 -0.9998
vn 0.1415 0.0000 -0.9899
vn -0.9339 0.0000 -0.3575
vn -0.8407 0.0000 -0.5414
vn -0.6803 0.0000 -0.7329
vn -0.4793 0.0000 -0.8777
vn -0.2257 0.0000 -0.9742
vn 0.1320 0.0000 -0.9912
vn 0.0885 0.0000 -0.9961
usemtl hiper-atlas
s off
f 1054/1607/273 1055/1608/273 1033/1609/273 1031/1610/273
f 1065/1611/274 1056/1612/274 1037/1613/274 1053/1614/274
f 1056/1615/275 1057/1616/275 1035/1617/275 1037/1618/275
f 1061/1619/276 1054/1620/276 1031/1621/276 1045/1622/276
f 1058/1623/277 1059/1624/277 1043/1625/277 1042/1626/277
f 1057/1627/276 1058/1623/276 1042/1626/276 1035/1628/276
f 1059/1624/276 1060/1629/276 1044/1630/276 1043/1625/276
f 1060/1629/278 1061/1619/278 1045/1622/278 1044/1630/278
f 1055/1631/274 1062/1632/274 1050/1633/274 1033/1634/274
f 1062/1632/279 1063/1635/279 1051/1636/279 1050/1633/279
f 1063/1635/274 1064/1637/274 1052/1638/274 1051/1636/274
f 1064/1637/280 1065/1611/280 1053/1614/280 1052/1638/280
f 1047/1639/280 1046/1640/280 1065/1641/280 1064/1642/280
f 1048/1643/274 1047/1639/274 1064/1642/274 1063/1644/274
f 1049/1645/279 1048/1643/279 1063/1644/279 1062/1646/279
f 1032/1647/274 1049/1645/274 1062/1646/274 1055/1648/274
f 1039/1649/278 1038/1650/278 1061/1619/278 1060/1629/278
f 1040/1651/276 1039/1649/276 1060/1629/276 1059/1624/276
f 1034/1652/276 1041/1653/276 1058/1623/276 1057/1627/276
f 1041/1653/277 1040/1651/277 1059/1624/277 1058/1623/277
f 1038/1650/276 1030/1654/276 1054/1620/276 1061/1619/276
f 1036/1655/275 1034/1656/275 1057/1657/275 1056/1658/275
f 1046/1640/274 1036/1659/274 1056/1660/274 1065/1641/274
f 1030/1661/273 1032/1662/273 1055/1663/273 1054/1664/273
s 1
f 1071/1665/281 1070/1666/281 1072/1667/282 1073/1668/282
f 1073/1668/282 1072/1667/282 1074/1669/283 1075/1670/283
f 1085/1671/284 1084/1672/284 1086/1673/285 1087/1674/285
f 1075/1670/283 1074/1669/283 1076/1675/286 1077/1676/286
f 1077/1676/286 1076/1675/286 1078/1677/287 1079/1678/287
f 1079/1678/287 1078/1677/287 1080/1679/288 1081/1680/288
f 1081/1680/288 1080/1679/288 1082/1681/289 1083/1682/289
f 1083/1682/289 1082/1681/289 1084/1672/284 1085/1671/284
f 1087/1674/285 1086/1673/285 1088/1683/290 1089/1684/290
f 1089/1684/290 1088/1683/290 1090/1685/291 1091/1686/291
f 1091/1686/291 1090/1685/291 1092/1687/292 1093/1688/292
f 1067/1689/282 1066/1690/282 1068/1691/293 1069/1692/293
f 1069/1692/293 1068/1691/293 1070/1666/281 1071/1665/281
f 1099/1693/294 1098/1694/294 1100/1695/295 1101/1696/295
f 1101/1696/295 1100/1695/295 1102/1697/296 1103/1698/296
f 1095/1699/297 1094/1700/297 1096/1701/298 1097/1702/298
f 1115/1703/299 1114/1704/299 1116/1705/300 1117/1706/300
f 1103/1698/296 1102/1697/296 1104/1707/301 1105/1708/301
f 1105/1708/301 1104/1707/301 1106/1709/302 1107/1710/302
f 1107/1710/302 1106/1709/302 1108/1711/303 1109/1712/303
f 1109/1712/303 1108/1711/303 1110/1713/304 1111/1714/304
f 1111/1714/304 1110/1713/304 1112/1715/305 1113/1716/305
f 1117/1706/300 1116/1705/300 1118/1717/306 1119/1718/306
f 1119/1718/306 1118/1717/306 1120/1719/307 1121/1720/307
f 1113/1716/305 1112/1715/305 1114/1704/299 1115/1703/299
f 1097/1702/298 1096/1701/298 1098/1694/294 1099/1693/294
o estanteria-travesaños.004
v -1.705787 1.317130 2.405600
v -0.295787 1.317130 2.405600
v -1.705787 1.317130 2.465600
v -0.295787 1.317130 2.465600
v -1.705787 1.217130 2.405600
v -0.295787 1.217130 2.405600
v -1.705787 1.217130 2.465600
v -0.295787 1.217130 2.465600
v -1.705787 1.297130 2.405600
v -1.705787 1.295338 2.419910
v -1.705787 1.238922 2.419910
v -1.705787 1.237130 2.405600
v -0.295787 1.237130 2.405600
v -0.295787 1.238922 2.419910
v -0.295787 1.295338 2.419910
v -0.295787 1.297130 2.405600
v -1.705787 1.237130 2.465600
v -1.705787 1.238922 2.451289
v -1.705787 1.295338 2.451289
v -1.705787 1.297130 2.465600
v -0.295787 1.297130 2.465600
v -0.295787 1.295338 2.451289
v -0.295787 1.238922 2.451289
v -0.295787 1.237130 2.465600
v -1.000787 1.317130 2.405600
v -1.000787 1.317130 2.465600
v -1.000787 1.217130 2.465600
v -1.000787 1.217130 2.405600
v -1.000787 1.237130 2.405600
v -1.000787 1.238922 2.419910
v -1.000787 1.295338 2.419910
v -1.000787 1.297130 2.405600
v -1.000787 1.297130 2.465600
v -1.000787 1.295338 2.451289
v -1.000787 1.238922 2.451289
v -1.000787 1.237130 2.465600
v -0.309475 1.097125 2.400250
v -0.309475 1.357125 2.400250
v -0.308020 1.097125 2.413455
v -0.308020 1.357125 2.413455
v -0.305803 1.097125 2.433332
v -0.305803 1.357125 2.433332
v -0.304475 1.097125 2.448207
v -0.304475 1.357125 2.448207
v -0.303663 1.097125 2.454396
v -0.303663 1.357125 2.454396
v -0.303212 1.097125 2.455323
v -0.303212 1.357125 2.455323
v -0.302613 1.097125 2.456048
v -0.302613 1.357125 2.456048
v -0.301843 1.097125 2.456593
v -0.301843 1.357125 2.456593
v -0.300879 1.097125 2.456982
v -0.300879 1.357125 2.456982
v -0.299697 1.097125 2.457237
v -0.299697 1.357125 2.457237
v -0.294601 1.097125 2.457435
v -0.294601 1.357125 2.457435
v -0.285918 1.097125 2.456494
v -0.285918 1.357125 2.456494
v -0.276826 1.097125 2.454876
v -0.276826 1.357125 2.454876
v -0.267165 1.097125 2.454017
v -0.267165 1.357125 2.454017
v -1.690525 1.097125 2.400251
v -1.690525 1.357125 2.400251
v -1.691980 1.097125 2.413455
v -1.691980 1.357125 2.413455
v -1.694197 1.097125 2.433333
v -1.694197 1.357125 2.433333
v -1.695525 1.097125 2.448208
v -1.695525 1.357125 2.448208
v -1.696008 1.097125 2.453245
v -1.696008 1.357125 2.453245
v -1.696337 1.097125 2.454397
v -1.696337 1.357125 2.454397
v -1.696788 1.097125 2.455324
v -1.696788 1.357125 2.455324
v -1.697387 1.097125 2.456048
v -1.697387 1.357125 2.456048
v -1.698157 1.097125 2.456593
v -1.698157 1.357125 2.456593
v -1.699121 1.097125 2.456982
v -1.699121 1.357125 2.456982
v -1.705399 1.097125 2.457435
v -1.705399 1.357125 2.457435
v -1.714082 1.097125 2.456495
v -1.714082 1.357125 2.456495
v -1.723174 1.097125 2.454876
v -1.723174 1.357125 2.454876
v -1.732835 1.097125 2.454018
v -1.732835 1.357125 2.454018
vt 0.151064 0.652458
vt 0.146925 0.652458
vt 0.146925 0.701089
vt 0.151064 0.701089
vt 0.230265 0.665954
vt 0.228991 0.665954
vt 0.228991 0.697403
vt 0.230265 0.697403
vt 0.151064 0.652458
vt 0.146925 0.652458
vt 0.146925 0.701089
vt 0.151064 0.701089
vt 0.230265 0.665954
vt 0.228991 0.665954
vt 0.228991 0.697403
vt 0.230265 0.697403
vt 0.235699 0.665954
vt 0.234780 0.665954
vt 0.234780 0.697403
vt 0.235699 0.697403
vt 0.236974 0.665954
vt 0.236973 0.697403
vt 0.231185 0.665954
vt 0.231185 0.697403
vt 0.236973 0.665954
vt 0.235699 0.665954
vt 0.235699 0.697403
vt 0.236973 0.697403
vt 0.234780 0.665954
vt 0.234780 0.697403
vt 0.231185 0.665954
vt 0.231184 0.697403
vt 0.231185 0.697394
vt 0.230265 0.697394
vt 0.230265 0.665945
vt 0.231185 0.665945
vt 0.234780 0.697394
vt 0.234780 0.665945
vt 0.235699 0.697394
vt 0.235699 0.665945
vt 0.236973 0.697394
vt 0.236973 0.665945
vt 0.231197 0.697403
vt 0.230278 0.697403
vt 0.234793 0.697403
vt 0.236986 0.697403
vt 0.235712 0.697403
vt 0.229004 0.697403
vt 0.151064 0.652458
vt 0.146925 0.652458
vt 0.146925 0.701089
vt 0.151064 0.701089
vt 0.228991 0.697394
vt 0.228991 0.665945
vt 0.151064 0.652458
vt 0.146925 0.652458
vt 0.146925 0.701089
vt 0.151064 0.701089
vt 0.000000 0.500000
vt 0.000000 0.500000
vt 0.000000 0.500000
vt 0.000000 0.500000
vt 0.000000 0.500000
vt 0.000000 0.500000
vt 0.000000 0.500000
vt 0.000000 0.500000
vt 0.000000 0.500000
vt 0.000000 0.500000
vt 0.000000 0.500000
vt 0.000000 0.500000
vt 0.000000 0.500000
vt 0.000000 0.500000
vt 0.000000 0.500000
vt 0.000000 0.500000
vt 0.000000 0.500000
vt 0.000000 0.500000
vt 0.000000 0.500000
vt 0.000000 0.500000
vt 0.000000 0.500000
vt 0.000000 0.500000
vt 0.000000 0.500000
vt 0.000000 0.500000
vt 0.000000 0.500000
vt 0.000000 0.500000
vt 0.000000 0.500000
vt 0.000000 0.500000
vt 0.000000 0.500000
vt 0.000000 0.500000
vt 0.000000 0.500000
vt 0.000000 0.500000
vt 0.000000 0.500000
vt 0.000000 0.500000
vt 0.000000 0.500000
vt 0.000000 0.500000
vt 0.000000 0.500000
vt 0.000000 0.500000
vt 0.000000 0.500000
vt 0.000000 0.500000
vt 0.000000 0.500000
vt 0.000000 0.500000
vt 0.000000 0.500000
vt 0.000000 0.500000
vt 0.000000 0.500000
vt 0.000000 0.500000
vt 0.000000 0.500000
vt 0.000000 0.500000
vt 0.000000 0.500000
vt 0.000000 0.500000
vt 0.000000 0.500000
vt 0.000000 0.500000
vt 0.000000 0.500000
vt 0.000000 0.500000
vt 0.000000 0.500000
vt 0.000000 0.500000
vn -0.0000 1.0000 0.0000
vn 0.0000 0.0000 1.0000
vn 0.0000 -1.0000 0.0000
vn 0.0000 0.0000 -1.0000
vn -0.0000 0.9923 -0.1242
vn 0.0000 -0.9922 -0.1243
vn 0.0000 -0.9922 0.1243
vn -0.0000 0.9923 0.1242
vn -0.9950 0.0000 0.0999
vn -0.9940 0.0000 0.1095
vn -0.9577 0.0000 0.2878
vn -0.1255 0.0000 0.9921
vn 0.0345 0.0000 0.9994
vn -0.8407 0.0000 0.5414
vn -0.6803 0.0000 0.7329
vn -0.4794 0.0000 0.8776
vn -0.2938 0.0000 0.9558
vn 0.1415 0.0000 0.9899
vn 0.1320 0.0000 0.9912
vn 0.0885 0.0000 0.9961
vn -0.9939 0.0000 0.1102
vn -0.9950 0.0000 -0.0999
vn -0.9957 0.0000 -0.0922
vn -0.9826 0.0000 -0.1856
vn -0.9940 0.0000 -0.1095
vn -0.9939 0.0000 -0.1102
vn 0.0179 0.0000 -0.9998
vn 0.1415 0.0000 -0.9899
vn -0.9339 0.0000 -0.3575
vn -0.8407 0.0000 -0.5414
vn -0.6803 0.0000 -0.7329
vn -0.4793 0.0000 -0.8777
vn -0.2257 0.0000 -0.9742
vn 0.1320 0.0000 -0.9912
vn 0.0885 0.0000 -0.9961
usemtl hiper-atlas
s off
f 1146/1721/308 1147/1722/308 1125/1723/308 1123/1724/308
f 1157/1725/309 1148/1726/309 1129/1727/309 1145/1728/309
f 1148/1729/310 1149/1730/310 1127/1731/310 1129/1732/310
f 1153/1733/311 1146/1734/311 1123/1735/311 1137/1736/311
f 1150/1737/312 1151/1738/312 1135/1739/312 1134/1740/312
f 1149/1741/311 1150/1737/311 1134/1740/311 1127/1742/311
f 1151/1738/311 1152/1743/311 1136/1744/311 1135/1739/311
f 1152/1743/313 1153/1733/313 1137/1736/313 1136/1744/313
f 1147/1745/309 1154/1746/309 1142/1747/309 1125/1748/309
f 1154/1746/314 1155/1749/314 1143/1750/314 1142/1747/314
f 1155/1749/309 1156/1751/309 1144/1752/309 1143/1750/309
f 1156/1751/315 1157/1725/315 1145/1728/315 1144/1752/315
f 1139/1753/315 1138/1754/315 1157/1755/315 1156/1756/315
f 1140/1757/309 1139/1753/309 1156/1756/309 1155/1758/309
f 1141/1759/314 1140/1757/314 1155/1758/314 1154/1760/314
f 1124/1761/309 1141/1759/309 1154/1760/309 1147/1762/309
f 1131/1763/313 1130/1764/313 1153/1733/313 1152/1743/313
f 1132/1765/311 1131/1763/311 1152/1743/311 1151/1738/311
f 1126/1766/311 1133/1767/311 1150/1737/311 1149/1741/311
f 1133/1767/312 1132/1765/312 1151/1738/312 1150/1737/312
f 1130/1764/311 1122/1768/311 1146/1734/311 1153/1733/311
f 1128/1769/310 1126/1770/310 1149/1771/310 1148/1772/310
f 1138/1754/309 1128/1773/309 1148/1774/309 1157/1755/309
f 1122/1775/308 1124/1776/308 1147/1777/308 1146/1778/308
s 1
f 1163/1779/316 1162/1780/316 1164/1781/317 1165/1782/317
f 1165/1782/317 1164/1781/317 1166/1783/318 1167/1784/318
f 1177/1785/319 1176/1786/319 1178/1787/320 1179/1788/320
f 1167/1784/318 1166/1783/318 1168/1789/321 1169/1790/321
f 1169/1790/321 1168/1789/321 1170/1791/322 1171/1792/322
f 1171/1792/322 1170/1791/322 1172/1793/323 1173/1794/323
f 1173/1794/323 1172/1793/323 1174/1795/324 1175/1796/324
f 1175/1796/324 1174/1795/324 1176/1786/319 1177/1785/319
f 1179/1788/320 1178/1787/320 1180/1797/325 1181/1798/325
f 1181/1798/325 1180/1797/325 1182/1799/326 1183/1800/326
f 1183/1800/326 1182/1799/326 1184/1801/327 1185/1802/327
f 1159/1803/317 1158/1804/317 1160/1805/328 1161/1806/328
f 1161/1806/328 1160/1805/328 1162/1780/316 1163/1779/316
f 1191/1807/329 1190/1808/329 1192/1809/330 1193/1810/330
f 1193/1810/330 1192/1809/330 1194/1811/331 1195/1812/331
f 1187/1813/332 1186/1814/332 1188/1815/333 1189/1816/333
f 1207/1817/334 1206/1818/334 1208/1819/335 1209/1820/335
f 1195/1812/331 1194/1811/331 1196/1821/336 1197/1822/336
f 1197/1822/336 1196/1821/336 1198/1823/337 1199/1824/337
f 1199/1824/337 1198/1823/337 1200/1825/338 1201/1826/338
f 1201/1826/338 1200/1825/338 1202/1827/339 1203/1828/339
f 1203/1828/339 1202/1827/339 1204/1829/340 1205/1830/340
f 1209/1820/335 1208/1819/335 1210/1831/341 1211/1832/341
f 1211/1832/341 1210/1831/341 1212/1833/342 1213/1834/342
f 1205/1830/340 1204/1829/340 1206/1818/334 1207/1817/334
f 1189/1816/333 1188/1815/333 1190/1808/329 1191/1807/329
o estanteria-travesaños.005
v -1.705787 0.387130 2.405600
v -0.295787 0.387130 2.405600
v -1.705787 0.387130 2.465600
v -0.295787 0.387130 2.465600
v -1.705787 0.287130 2.405600
v -0.295787 0.287130 2.405600
v -1.705787 0.287130 2.465600
v -0.295787 0.287130 2.465600
v -1.705787 0.367130 2.405600
v -1.705787 0.365337 2.419910
v -1.705787 0.308922 2.419910
v -1.705787 0.307130 2.405600
v -0.295787 0.307130 2.405600
v -0.295787 0.308922 2.419910
v -0.295787 0.365338 2.419910
v -0.295787 0.367130 2.405600
v -1.705787 0.307130 2.465600
v -1.705787 0.308922 2.451289
v -1.705787 0.365337 2.451289
v -1.705787 0.367130 2.465600
v -0.295787 0.367130 2.465600
v -0.295787 0.365338 2.451289
v -0.295787 0.308922 2.451289
v -0.295787 0.307130 2.465600
v -1.000787 0.387130 2.405600
v -1.000787 0.387130 2.465600
v -1.000787 0.287130 2.465600
v -1.000787 0.287130 2.405600
v -1.000787 0.307130 2.405600
v -1.000787 0.308922 2.419910
v -1.000787 0.365338 2.419910
v -1.000787 0.367130 2.405600
v -1.000787 0.367130 2.465600
v -1.000787 0.365338 2.451289
v -1.000787 0.308922 2.451289
v -1.000787 0.307130 2.465600
v -0.309475 0.167125 2.400250
v -0.309475 0.427125 2.400250
v -0.308020 0.167125 2.413455
v -0.308020 0.427125 2.413455
v -0.305803 0.167125 2.433332
v -0.305803 0.427125 2.433332
v -0.304475 0.167125 2.448207
v -0.304475 0.427125 2.448207
v -0.303663 0.167125 2.454396
v -0.303663 0.427125 2.454396
v -0.303212 0.167125 2.455323
v -0.303212 0.427125 2.455323
v -0.302613 0.167125 2.456048
v -0.302613 0.427125 2.456048
v -0.301843 0.167125 2.456593
v -0.301843 0.427125 2.456593
v -0.300879 0.167125 2.456982
v -0.300879 0.427125 2.456982
v -0.299697 0.167125 2.457237
v -0.299697 0.427125 2.457237
v -0.294601 0.167125 2.457435
v -0.294601 0.427125 2.457435
v -0.285918 0.167125 2.456494
v -0.285918 0.427125 2.456494
v -0.276826 0.167125 2.454876
v -0.276826 0.427125 2.454876
v -0.267165 0.167125 2.454017
v -0.267165 0.427125 2.454017
v -1.690525 0.167125 2.400251
v -1.690525 0.427125 2.400251
v -1.691980 0.167125 2.413455
v -1.691980 0.427125 2.413455
v -1.694197 0.167125 2.433333
v -1.694197 0.427125 2.433333
v -1.695525 0.167125 2.448208
v -1.695525 0.427125 2.448208
v -1.696008 0.167125 2.453245
v -1.696008 0.427125 2.453245
v -1.696337 0.167125 2.454397
v -1.696337 0.427125 2.454397
v -1.696788 0.167125 2.455324
v -1.696788 0.427125 2.455324
v -1.697387 0.167125 2.456048
v -1.697387 0.427125 2.456048
v -1.698157 0.167125 2.456593
v -1.698157 0.427125 2.456593
v -1.699121 0.167125 2.456982
v -1.699121 0.427125 2.456982
v -1.705399 0.167125 2.457435
v -1.705399 0.427125 2.457435
v -1.714082 0.167125 2.456495
v -1.714082 0.427125 2.456495
v -1.723174 0.167125 2.454876
v -1.723174 0.427125 2.454876
v -1.732835 0.167125 2.454018
v -1.732835 0.427125 2.454018
vt 0.151064 0.652458
vt 0.146925 0.652458
vt 0.146925 0.701089
vt 0.151064 0.701089
vt 0.230265 0.665954
vt 0.228991 0.665954
vt 0.228991 0.697403
vt 0.230265 0.697403
vt 0.151064 0.652458
vt 0.146925 0.652458
vt 0.146925 0.701089
vt 0.151064 0.701089
vt 0.230265 0.665954
vt 0.228991 0.665954
vt 0.228991 0.697403
vt 0.230265 0.697403
vt 0.235699 0.665954
vt 0.234780 0.665954
vt 0.234780 0.697403
vt 0.235699 0.697403
vt 0.236974 0.665954
vt 0.236973 0.697403
vt 0.231185 0.665954
vt 0.231185 0.697403
vt 0.236973 0.665954
vt 0.235699 0.665954
vt 0.235699 0.697403
vt 0.236973 0.697403
vt 0.234780 0.665954
vt 0.234780 0.697403
vt 0.231185 0.665954
vt 0.231184 0.697403
vt 0.231185 0.697394
vt 0.230265 0.697394
vt 0.230265 0.665945
vt 0.231185 0.665945
vt 0.234780 0.697394
vt 0.234780 0.665945
vt 0.235699 0.697394
vt 0.235699 0.665945
vt 0.236973 0.697394
vt 0.236973 0.665945
vt 0.231197 0.697403
vt 0.230278 0.697403
vt 0.234793 0.697403
vt 0.236986 0.697403
vt 0.235712 0.697403
vt 0.229004 0.697403
vt 0.151064 0.652458
vt 0.146925 0.652458
vt 0.146925 0.701089
vt 0.151064 0.701089
vt 0.228991 0.697394
vt 0.228991 0.665945
vt 0.151064 0.652458
vt 0.146925 0.652458
vt 0.146925 0.701089
vt 0.151064 0.701089
vt 0.000000 0.500000
vt 0.000000 0.500000
vt 0.000000 0.500000
vt 0.000000 0.500000
vt 0.000000 0.500000
vt 0.000000 0.500000
vt 0.000000 0.500000
vt 0.000000 0.500000
vt 0.000000 0.500000
vt 0.000000 0.500000
vt 0.000000 0.500000
vt 0.000000 0.500000
vt 0.000000 0.500000
vt 0.000000 0.500000
vt 0.000000 0.500000
vt 0.000000 0.500000
vt 0.000000 0.500000
vt 0.000000 0.500000
vt 0.000000 0.500000
vt 0.000000 0.500000
vt 0.000000 0.500000
vt 0.000000 0.500000
vt 0.000000 0.500000
vt 0.000000 0.500000
vt 0.000000 0.500000
vt 0.000000 0.500000
vt 0.000000 0.500000
vt 0.000000 0.500000
vt 0.000000 0.500000
vt 0.000000 0.500000
vt 0.000000 0.500000
vt 0.000000 0.500000
vt 0.000000 0.500000
vt 0.000000 0.500000
vt 0.000000 0.500000
vt 0.000000 0.500000
vt 0.000000 0.500000
vt 0.000000 0.500000
vt 0.000000 0.500000
vt 0.000000 0.500000
vt 0.000000 0.500000
vt 0.000000 0.500000
vt 0.000000 0.500000
vt 0.000000 0.500000
vt 0.000000 0.500000
vt 0.000000 0.500000
vt 0.000000 0.500000
vt 0.000000 0.500000
vt 0.000000 0.500000
vt 0.000000 0.500000
vt 0.000000 0.500000
vt 0.000000 0.500000
vt 0.000000 0.500000
vt 0.000000 0.500000
vt 0.000000 0.500000
vt 0.000000 0.500000
vn -0.0000 1.0000 0.0000
vn 0.0000 0.0000 1.0000
vn 0.0000 -1.0000 0.0000
vn 0.0000 0.0000 -1.0000
vn -0.0000 0.9923 -0.1242
vn 0.0000 -0.9922 -0.1243
vn 0.0000 -0.9922 0.1243
vn -0.0000 0.9923 0.1242
vn -0.9950 0.0000 0.0999
vn -0.9940 0.0000 0.1095
vn -0.9577 0.0000 0.2878
vn -0.1255 0.0000 0.9921
vn 0.0345 0.0000 0.9994
vn -0.8407 0.0000 0.5414
vn -0.6803 0.0000 0.7329
vn -0.4794 0.0000 0.8776
vn -0.2938 0.0000 0.9558
vn 0.1415 0.0000 0.9899
vn 0.1320 0.0000 0.9912
vn 0.0885 0.0000 0.9961
vn -0.9939 0.0000 0.1102
vn -0.9950 0.0000 -0.0999
vn -0.9957 0.0000 -0.0922
vn -0.9826 0.0000 -0.1856
vn -0.9940 0.0000 -0.1095
vn -0.9939 0.0000 -0.1102
vn 0.0179 0.0000 -0.9998
vn 0.1415 0.0000 -0.9899
vn -0.9339 0.0000 -0.3575
vn -0.8407 0.0000 -0.5414
vn -0.6803 0.0000 -0.7329
vn -0.4793 0.0000 -0.8777
vn -0.2257 0.0000 -0.9742
vn 0.1320 0.0000 -0.9912
vn 0.0885 0.0000 -0.9961
usemtl hiper-atlas
s off
f 1238/1835/343 1239/1836/343 1217/1837/343 1215/1838/343
f 1249/1839/344 1240/1840/344 1221/1841/344 1237/1842/344
f 1240/1843/345 1241/1844/345 1219/1845/345 1221/1846/345
f 1245/1847/346 1238/1848/346 1215/1849/346 1229/1850/346
f 1242/1851/347 1243/1852/347 1227/1853/347 1226/1854/347
f 1241/1855/346 1242/1851/346 1226/1854/346 1219/1856/346
f 1243/1852/346 1244/1857/346 1228/1858/346 1227/1853/346
f 1244/1857/348 1245/1847/348 1229/1850/348 1228/1858/348
f 1239/1859/344 1246/1860/344 1234/1861/344 1217/1862/344
f 1246/1860/349 1247/1863/349 1235/1864/349 1234/1861/349
f 1247/1863/344 1248/1865/344 1236/1866/344 1235/1864/344
f 1248/1865/350 1249/1839/350 1237/1842/350 1236/1866/350
f 1231/1867/350 1230/1868/350 1249/1869/350 1248/1870/350
f 1232/1871/344 1231/1867/344 1248/1870/344 1247/1872/344
f 1233/1873/349 1232/1871/349 1247/1872/349 1246/1874/349
f 1216/1875/344 1233/1873/344 1246/1874/344 1239/1876/344
f 1223/1877/348 1222/1878/348 1245/1847/348 1244/1857/348
f 1224/1879/346 1223/1877/346 1244/1857/346 1243/1852/346
f 1218/1880/346 1225/1881/346 1242/1851/346 1241/1855/346
f 1225/1881/347 1224/1879/347 1243/1852/347 1242/1851/347
f 1222/1878/346 1214/1882/346 1238/1848/346 1245/1847/346
f 1220/1883/345 1218/1884/345 1241/1885/345 1240/1886/345
f 1230/1868/344 1220/1887/344 1240/1888/344 1249/1869/344
f 1214/1889/343 1216/1890/343 1239/1891/343 1238/1892/343
s 1
f 1255/1893/351 1254/1894/351 1256/1895/352 1257/1896/352
f 1257/1896/352 1256/1895/352 1258/1897/353 1259/1898/353
f 1269/1899/354 1268/1900/354 1270/1901/355 1271/1902/355
f 1259/1898/353 1258/1897/353 1260/1903/356 1261/1904/356
f 1261/1904/356 1260/1903/356 1262/1905/357 1263/1906/357
f 1263/1906/357 1262/1905/357 1264/1907/358 1265/1908/358
f 1265/1908/358 1264/1907/358 1266/1909/359 1267/1910/359
f 1267/1910/359 1266/1909/359 1268/1900/354 1269/1899/354
f 1271/1902/355 1270/1901/355 1272/1911/360 1273/1912/360
f 1273/1912/360 1272/1911/360 1274/1913/361 1275/1914/361
f 1275/1914/361 1274/1913/361 1276/1915/362 1277/1916/362
f 1251/1917/352 1250/1918/352 1252/1919/363 1253/1920/363
f 1253/1920/363 1252/1919/363 1254/1894/351 1255/1893/351
f 1283/1921/364 1282/1922/364 1284/1923/365 1285/1924/365
f 1285/1924/365 1284/1923/365 1286/1925/366 1287/1926/366
f 1279/1927/367 1278/1928/367 1280/1929/368 1281/1930/368
f 1299/1931/369 1298/1932/369 1300/1933/370 1301/1934/370
f 1287/1926/366 1286/1925/366 1288/1935/371 1289/1936/371
f 1289/1936/371 1288/1935/371 1290/1937/372 1291/1938/372
f 1291/1938/372 1290/1937/372 1292/1939/373 1293/1940/373
f 1293/1940/373 1292/1939/373 1294/1941/374 1295/1942/374
f 1295/1942/374 1294/1941/374 1296/1943/375 1297/1944/375
f 1301/1934/370 1300/1933/370 1302/1945/376 1303/1946/376
f 1303/1946/376 1302/1945/376 1304/1947/377 1305/1948/377
f 1297/1944/375 1296/1943/375 1298/1932/369 1299/1931/369
f 1281/1930/368 1280/1929/368 1282/1922/364 1283/1921/364
o Caja-cubierta-lona_caja-cubierta-lona
v 0.370859 0.714641 -0.333151
v 0.392894 0.034294 -0.333660
v 0.374347 0.701916 0.273899
v 0.417779 0.036225 0.321496
v -0.350368 0.706151 -0.321048
v -0.378743 0.029837 -0.337091
v -0.346938 0.712839 0.254925
v -0.382410 0.006372 0.255900
v -0.415557 0.012647 -0.004589
v 0.004032 -0.000960 -0.340645
v 0.386367 0.352287 -0.336132
v -0.346226 0.403276 0.268144
v 0.385823 0.320863 0.272843
v -0.351595 0.386764 -0.335317
v -0.004644 0.707997 0.265524
v 0.373278 0.715286 -0.009006
v 0.003113 0.019658 0.269927
v -0.346388 0.713674 -0.011070
v 0.001646 0.709701 -0.342965
v 0.414081 0.012551 -0.009910
v 0.002832 0.349733 -0.354482
v 0.438384 0.382091 -0.006841
v -0.000333 -0.003974 -0.010093
v -0.379710 0.365846 0.005169
v 0.003145 0.378920 0.278346
v -0.000609 0.698890 -0.010426
v -0.415899 0.012238 0.183983
v -0.242522 0.008304 -0.348491
v 0.385278 0.169279 -0.336633
v -0.343998 0.529755 0.266124
v 0.437923 0.101972 0.315787
v -0.358041 0.143454 -0.357080
v -0.233843 0.716389 0.261022
v 0.382154 0.713334 0.184446
v 0.263623 0.027478 0.338715
v -0.348107 0.709542 -0.209295
v 0.233370 0.715592 -0.343231
v 0.411522 0.012056 -0.185071
v -0.408082 0.023355 -0.192439
v 0.227060 0.011131 -0.340905
v 0.386242 0.550582 -0.339331
v -0.340155 0.157152 0.277379
v 0.389573 0.561356 0.261297
v -0.349498 0.531928 -0.330310
v 0.235473 0.708079 0.268808
v 0.371018 0.715668 -0.202025
v -0.255333 0.020417 0.310168
v -0.345979 0.713750 0.187970
v -0.229010 0.708745 -0.333580
v 0.408875 0.012230 0.185924
v 0.230606 0.364052 -0.352777
v -0.229945 0.366174 -0.343753
v -0.009468 0.160356 -0.334193
v -0.003399 0.562127 -0.353424
v 0.414028 0.349641 0.170128
v 0.427323 0.356236 -0.193062
v 0.439376 0.171796 0.003768
v 0.381903 0.536129 -0.000151
v 0.001280 -0.006738 0.191893
v -0.000718 -0.003066 -0.211405
v -0.234633 -0.002468 -0.010663
v 0.234618 -0.003674 -0.009986
v -0.368032 0.374864 -0.220900
v -0.369686 0.386409 0.172099
v -0.413236 0.157935 -0.035623
v -0.359331 0.559082 0.002376
v -0.229614 0.372550 0.280557
v 0.239059 0.336284 0.282804
v -0.024707 0.139732 0.281049
v -0.002987 0.581594 0.269798
v 0.000383 0.718239 0.198321
v 0.000126 0.709628 -0.214480
v 0.236696 0.699276 -0.010253
v -0.242267 0.708022 -0.012469
v -0.238995 0.712459 -0.214708
v 0.234636 0.707922 -0.214895
v 0.235521 0.719238 0.195585
v 0.216347 0.565061 0.266499
v 0.218547 0.149643 0.282052
v -0.285762 0.150628 0.316924
v -0.364508 0.540708 0.172990
v -0.386823 0.168999 0.199710
v -0.414531 0.151424 -0.218591
v 0.234545 -0.002886 -0.210315
v -0.235121 -0.002317 -0.208656
v -0.235520 -0.001203 0.189277
v 0.415147 0.550836 -0.210093
v 0.440111 0.166615 -0.196080
v 0.440501 0.166932 0.190712
v -0.232278 0.573123 -0.346278
v -0.217088 0.153844 -0.353627
v 0.226591 0.162988 -0.357026
v 0.225624 0.554047 -0.352740
v 0.414103 0.558358 0.183252
v 0.235161 -0.005855 0.187321
v -0.367086 0.544628 -0.195205
v -0.248401 0.552237 0.275696
v -0.235059 0.716535 0.195299
v -0.404839 0.007384 0.223674
v -0.316968 0.011156 -0.336797
v 0.388073 0.097604 -0.329321
v -0.341974 0.628735 0.259634
v 0.432624 0.065553 0.328616
v -0.373610 0.079717 -0.347267
v -0.298546 0.716759 0.261880
v 0.382267 0.714864 0.233165
v 0.343478 0.012396 0.342523
v -0.349933 0.708463 -0.273395
v 0.311550 0.718646 -0.341710
v 0.384755 0.016769 -0.269917
v -0.407499 0.015257 -0.098918
v 0.117299 -0.005238 -0.333238
v 0.397754 0.454114 -0.338897
v -0.340046 0.281763 0.275199
v 0.395046 0.442427 0.261114
v -0.354657 0.458595 -0.335214
v 0.116728 0.706474 0.266440
v 0.374107 0.713989 -0.106971
v -0.128622 0.021405 0.270009
v -0.344556 0.714611 0.089440
v -0.113916 0.710780 -0.337953
v 0.413048 0.012370 0.086986
v 0.313427 0.365351 -0.351034
v -0.116366 0.358385 -0.346933
v -0.001094 0.073620 -0.339254
v -0.000410 0.455529 -0.353671
v 0.410243 0.336991 0.224097
v 0.430061 0.367214 -0.100834
v 0.419633 0.078483 -0.018271
v 0.420352 0.440990 -0.019117
v 0.000953 -0.002925 0.236935
v -0.000332 -0.003407 -0.110008
v -0.334409 -0.001036 -0.008486
v 0.117132 -0.003883 -0.010013
v -0.365271 0.379628 -0.284493
v -0.373207 0.373602 0.095918
v -0.414501 0.075869 -0.018911
v -0.363456 0.461205 0.002954
v -0.289953 0.382385 0.272611
v 0.121923 0.376690 0.275804
v -0.010094 0.075672 0.283533
v -0.002267 0.477235 0.274409
v -0.001936 0.723439 0.238266
v -0.000289 0.701671 -0.112347
v 0.314674 0.718457 -0.009950
v -0.124168 0.699132 -0.014663
v -0.417269 0.017445 0.087957
v -0.119394 -0.001426 -0.340465
v 0.380831 0.260027 -0.343352
v -0.348986 0.465987 0.271124
v 0.390208 0.216640 0.282311
v -0.337096 0.258788 -0.353287
v -0.119053 0.711889 0.263776
v 0.377242 0.713858 0.085123
v 0.137154 0.021680 0.272612
v -0.345106 0.713212 -0.109079
v 0.117594 0.712615 -0.342740
v 0.409083 0.023294 -0.091022
v -0.411219 0.007923 -0.273026
v 0.320514 0.013738 -0.339229
v 0.375446 0.640677 -0.341046
v -0.363526 0.073883 0.276341
v 0.386322 0.645133 0.263478
v -0.347131 0.628624 -0.325012
v 0.312661 0.704079 0.272785
v 0.370585 0.716921 -0.270505
v -0.325158 0.008903 0.276436
v -0.345551 0.714305 0.227702
v -0.295886 0.711895 -0.324023
v 0.412743 0.023819 0.260024
v 0.115970 0.357601 -0.353583
v -0.312478 0.378542 -0.343555
v 0.003827 0.257942 -0.341752
v -0.000480 0.642656 -0.358580
v 0.427614 0.351272 0.074088
v 0.405247 0.358802 -0.272797
v 0.436362 0.269727 -0.008052
v 0.378947 0.635981 -0.005800
v 0.000160 -0.002876 0.090342
v 0.001571 -0.002635 -0.282916
v -0.117794 -0.002983 -0.010190
v 0.333007 -0.002805 -0.009759
v -0.368720 0.368594 -0.109982
v -0.365260 0.394356 0.227511
v -0.392415 0.259059 -0.025778
v -0.351863 0.642198 -0.001591
v -0.113184 0.372359 0.281578
v 0.319928 0.324448 0.283136
v 0.007852 0.272453 0.266425
v -0.003266 0.647987 0.278333
v 0.000361 0.702533 0.094694
v 0.000880 0.717387 -0.286525
v 0.118002 0.697961 -0.010232
v -0.302181 0.715332 -0.011279
v -0.239038 0.712775 -0.111689
v -0.233022 0.715888 -0.280060
v -0.118511 0.709203 -0.214599
v -0.300270 0.717654 -0.210936
v 0.236962 0.701014 -0.112519
v 0.234208 0.720507 -0.286665
v 0.313363 0.719008 -0.208262
v 0.117417 0.710412 -0.214597
v 0.235349 0.720885 0.239470
v 0.238256 0.703341 0.092576
v 0.318035 0.719261 0.192221
v 0.117804 0.719112 0.198418
v 0.107594 0.573138 0.271014
v 0.312562 0.563455 0.269684
v 0.226917 0.455007 0.259203
v 0.226501 0.643734 0.274842
v 0.107565 0.150673 0.281356
v 0.339309 0.118039 0.298159
v 0.252751 0.063270 0.311753
v 0.230815 0.252436 0.278950
v -0.316307 0.153024 0.296141
v -0.155630 0.146062 0.284156
v -0.274618 0.078377 0.315003
v -0.263042 0.259858 0.283751
v -0.354657 0.551304 0.083910
v -0.360474 0.537195 0.228026
v -0.374390 0.463766 0.178476
v -0.359637 0.627294 0.189427
v -0.401032 0.162914 0.078375
v -0.369637 0.163725 0.240823
v -0.404854 0.065853 0.186495
v -0.370940 0.267104 0.175918
v -0.383236 0.143865 -0.282671
v -0.424462 0.157342 -0.126295
v -0.414775 0.086458 -0.204900
v -0.388353 0.258972 -0.222554
v 0.234754 -0.004815 -0.110929
v 0.234331 -0.004973 -0.283039
v 0.117051 -0.003367 -0.210298
v 0.332024 -0.002164 -0.202628
v -0.234781 -0.003068 -0.110076
v -0.239799 -0.002133 -0.288007
v -0.330673 -0.001130 -0.202193
v -0.117794 -0.002827 -0.209272
v -0.248509 0.000820 0.257165
v -0.235079 -0.001548 0.089132
v -0.334953 -0.002022 0.189163
v -0.116879 -0.002700 0.189586
v 0.409856 0.534006 -0.118873
v 0.408264 0.551652 -0.279156
v 0.421449 0.456639 -0.196837
v 0.395442 0.625296 -0.217953
v 0.432826 0.163717 -0.110468
v 0.402383 0.163723 -0.276751
v 0.433704 0.083867 -0.193656
v 0.438901 0.262195 -0.200657
v 0.442172 0.137793 0.256259
v 0.434088 0.170839 0.097439
v 0.433209 0.081911 0.189174
v 0.437791 0.250425 0.173853
v -0.116543 0.574227 -0.353981
v -0.294659 0.557652 -0.341486
v -0.240801 0.475569 -0.340256
v -0.226804 0.648437 -0.340919
v -0.117366 0.159268 -0.349975
v -0.297905 0.151706 -0.355692
v -0.233607 0.077332 -0.356531
v -0.236893 0.264500 -0.346083
v 0.321029 0.169404 -0.348679
v 0.104579 0.162663 -0.340012
v 0.232411 0.079737 -0.355270
v 0.219219 0.260969 -0.346678
v 0.320639 0.554747 -0.347987
v 0.113834 0.559312 -0.355358
v 0.233241 0.461641 -0.354117
v 0.227876 0.641688 -0.349283
v 0.403752 0.555674 0.225041
v 0.387128 0.548201 0.099546
v 0.419026 0.456009 0.177512
v 0.396456 0.638233 0.197018
v 0.255076 0.003121 0.257200
v 0.234776 -0.004564 0.089536
v 0.118847 -0.003113 0.190150
v 0.329866 -0.005636 0.188867
v -0.360055 0.538890 -0.270491
v -0.362516 0.570827 -0.099689
v -0.376006 0.461218 -0.210851
v -0.350996 0.635402 -0.197503
v -0.311994 0.541592 0.277157
v -0.123767 0.566985 0.276979
v -0.236285 0.464124 0.275532
v -0.240888 0.638483 0.260380
v -0.234388 0.721045 0.234839
v -0.239912 0.709518 0.091092
v -0.117236 0.716413 0.196966
v -0.299515 0.717622 0.190914
v -0.301558 0.717363 0.089431
v -0.117597 0.704817 0.094555
v -0.118171 0.721837 0.237048
v -0.122057 0.644594 0.267568
v -0.109964 0.477991 0.264715
v -0.298069 0.465426 0.280183
v -0.348727 0.638586 -0.104380
v -0.372580 0.456716 -0.109170
v -0.372361 0.459993 -0.277642
v 0.331698 -0.005453 0.088148
v 0.117543 -0.004616 0.089911
v 0.122266 0.006624 0.247989
v 0.398906 0.617428 0.089896
v 0.421411 0.457472 0.088704
v 0.413800 0.449825 0.229942
v 0.115786 0.642722 -0.359796
v 0.120187 0.459130 -0.353754
v 0.318801 0.457037 -0.348077
v 0.115086 0.260924 -0.336163
v 0.112330 0.076330 -0.338661
v 0.323361 0.089874 -0.335748
v -0.304235 0.261299 -0.346006
v -0.311256 0.082219 -0.349518
v -0.121548 0.075249 -0.347639
v -0.298802 0.638724 -0.341053
v -0.302176 0.466180 -0.345043
v -0.121348 0.462398 -0.343916
v 0.438619 0.265345 0.088973
v 0.428197 0.083049 0.094812
v 0.434669 0.073523 0.258085
v 0.408837 0.261163 -0.274227
v 0.402723 0.091341 -0.264138
v 0.440655 0.082568 -0.102087
v 0.392978 0.642700 -0.275579
v 0.405044 0.451385 -0.289516
v 0.427737 0.456982 -0.104536
v -0.117114 -0.003856 0.089542
v -0.334438 -0.000274 0.089390
v -0.333057 -0.000828 0.241528
v -0.118212 0.000630 -0.284732
v -0.325237 0.000510 -0.280684
v -0.333329 -0.002179 -0.104381
v 0.327004 -0.002661 -0.275968
v 0.118703 -0.002204 -0.282463
v 0.117275 -0.003766 -0.111027
v -0.381964 0.256121 -0.096876
v -0.427251 0.080124 -0.112364
v -0.402589 0.080516 -0.285012
v -0.365027 0.276655 0.233500
v -0.386617 0.065125 0.231427
v -0.423637 0.080957 0.087352
v -0.353074 0.637143 0.217797
v -0.369958 0.465373 0.228683
v -0.377337 0.463989 0.089827
v -0.135756 0.260857 0.287550
v -0.141329 0.079284 0.278617
v -0.320012 0.073153 0.295755
v 0.327428 0.238168 0.282280
v 0.335594 0.072655 0.318645
v 0.135405 0.086139 0.277814
v 0.313672 0.643917 0.275218
v 0.318467 0.446770 0.265707
v 0.107561 0.461118 0.252702
v 0.117237 0.700626 0.093154
v 0.318291 0.718868 0.089955
v 0.315160 0.721390 0.238308
v 0.117426 0.719043 -0.286532
v 0.311975 0.721636 -0.279825
v 0.314255 0.718348 -0.109175
v -0.299504 0.715401 -0.276860
v -0.116568 0.716375 -0.284275
v -0.120632 0.704239 -0.113010
v -0.302735 0.718262 -0.112399
v 0.118073 0.700557 -0.112743
v 0.116595 0.722693 0.238836
v 0.111691 0.645352 0.279347
v 0.102578 0.246116 0.278341
v -0.309063 0.270791 0.302838
v -0.349447 0.636829 0.084308
v -0.369465 0.262478 0.082012
v -0.355388 0.268514 -0.284726
v 0.332603 -0.006613 -0.105671
v -0.117754 -0.003266 -0.109690
v -0.128607 0.001031 0.242117
v 0.388247 0.639980 -0.109142
v 0.415997 0.268125 -0.102124
v 0.407386 0.237757 0.235124
v -0.116010 0.646668 -0.356090
v -0.117105 0.258833 -0.351496
v 0.312039 0.261553 -0.351844
v 0.317388 0.640827 -0.343349
v 0.396708 0.639556 0.233405
v 0.337522 -0.001236 0.265191
v -0.361556 0.631839 -0.271469
v -0.296568 0.635868 0.269733
v -0.299287 0.719326 0.231621
vt 0.906549 0.993152
vt 0.911609 0.992690
vt 0.911796 0.995659
vt 0.906514 0.996458
vt 0.760602 0.762684
vt 0.751826 0.762381
vt 0.752230 0.757097
vt 0.761334 0.757653
vt 0.929564 0.858200
vt 0.921190 0.857973
vt 0.921462 0.852809
vt 0.929855 0.852205
vt 0.840964 0.834814
vt 0.841540 0.843368
vt 0.834776 0.844315
vt 0.832520 0.835841
vt 0.979748 0.815434
vt 0.988057 0.815394
vt 0.986843 0.819967
vt 0.980523 0.818849
vt 0.907608 0.856660
vt 0.906892 0.848196
vt 0.913411 0.848540
vt 0.913931 0.856626
vt 0.907418 0.897956
vt 0.907451 0.886654
vt 0.915566 0.887981
vt 0.914967 0.898047
vt 0.860711 0.898716
vt 0.860676 0.887853
vt 0.873683 0.888681
vt 0.873923 0.898761
vt 0.860564 0.856524
vt 0.860624 0.849298
vt 0.873209 0.849366
vt 0.873058 0.856851
vt 0.935727 0.816906
vt 0.946676 0.815046
vt 0.945160 0.821128
vt 0.933768 0.822585
vt 0.938742 0.779051
vt 0.949483 0.779235
vt 0.951067 0.789470
vt 0.938908 0.789383
vt 0.979575 0.778154
vt 0.987794 0.778341
vt 0.988016 0.789016
vt 0.979376 0.789455
vt 0.842349 0.783965
vt 0.843264 0.798046
vt 0.838947 0.798370
vt 0.838583 0.784061
vt 0.880728 0.784487
vt 0.880978 0.797264
vt 0.870107 0.797448
vt 0.869898 0.784666
vt 0.881159 0.833414
vt 0.879732 0.842319
vt 0.870865 0.842713
vt 0.870738 0.833731
vt 0.969104 0.855995
vt 0.956946 0.856563
vt 0.956076 0.850858
vt 0.969969 0.848246
vt 0.969710 0.897046
vt 0.957632 0.898372
vt 0.958662 0.888428
vt 0.970464 0.885099
vt 0.928828 0.896825
vt 0.920364 0.897346
vt 0.920520 0.886436
vt 0.928308 0.887485
vt 0.800495 0.761598
vt 0.788144 0.763448
vt 0.785685 0.757313
vt 0.798932 0.757407
vt 0.802655 0.806677
vt 0.788348 0.808565
vt 0.788199 0.795591
vt 0.799841 0.796265
vt 0.758943 0.806833
vt 0.752196 0.807274
vt 0.752242 0.794168
vt 0.758861 0.794450
vt 0.861339 0.994284
vt 0.874195 0.994144
vt 0.874520 0.997541
vt 0.861329 0.997766
vt 0.860923 0.955980
vt 0.873771 0.955919
vt 0.873880 0.966990
vt 0.861020 0.967097
vt 0.906709 0.955674
vt 0.911351 0.956011
vt 0.911537 0.966683
vt 0.906716 0.966688
vt 0.886849 0.955754
vt 0.899756 0.955801
vt 0.900143 0.966603
vt 0.887282 0.966444
vt 0.886300 0.937070
vt 0.898987 0.937470
vt 0.899671 0.944593
vt 0.886554 0.944694
vt 0.906228 0.937792
vt 0.911779 0.938103
vt 0.911645 0.945092
vt 0.906362 0.944967
vt 0.839446 0.956530
vt 0.848039 0.956133
vt 0.848180 0.967193
vt 0.839481 0.967316
vt 0.839631 0.937921
vt 0.848103 0.937087
vt 0.848158 0.945010
vt 0.839505 0.945733
vt 0.860816 0.936989
vt 0.873507 0.936899
vt 0.873648 0.944784
vt 0.860892 0.944868
vt 0.839780 0.994283
vt 0.848417 0.994423
vt 0.848396 0.997906
vt 0.840004 0.998460
vt 0.839220 0.978173
vt 0.848061 0.978328
vt 0.848385 0.989636
vt 0.839410 0.989296
vt 0.861175 0.978297
vt 0.873845 0.978404
vt 0.873917 0.989774
vt 0.861179 0.989882
vt 0.778960 0.806911
vt 0.766795 0.806537
vt 0.766105 0.794546
vt 0.777442 0.794840
vt 0.780106 0.829733
vt 0.767401 0.828810
vt 0.767471 0.818354
vt 0.779415 0.819738
vt 0.758646 0.828728
vt 0.752128 0.828485
vt 0.751842 0.820111
vt 0.758862 0.819269
vt 0.820350 0.810417
vt 0.813170 0.807313
vt 0.814376 0.792772
vt 0.821346 0.794389
vt 0.821712 0.833545
vt 0.816179 0.833431
vt 0.813177 0.819691
vt 0.823270 0.824203
vt 0.802911 0.831416
vt 0.793534 0.830220
vt 0.792501 0.821410
vt 0.801703 0.820740
vt 0.821412 0.759926
vt 0.812743 0.760546
vt 0.812205 0.757222
vt 0.821322 0.754746
vt 0.821081 0.780093
vt 0.813783 0.778490
vt 0.813409 0.764365
vt 0.820893 0.765279
vt 0.801286 0.780534
vt 0.789103 0.782881
vt 0.789167 0.770131
vt 0.801473 0.766760
vt 0.947832 0.897678
vt 0.938130 0.896822
vt 0.937381 0.887954
vt 0.948082 0.888112
vt 0.947457 0.912596
vt 0.939644 0.912571
vt 0.939328 0.906555
vt 0.947722 0.907195
vt 0.928736 0.911397
vt 0.920291 0.912341
vt 0.920417 0.908043
vt 0.929905 0.908272
vt 0.990266 0.897360
vt 0.981059 0.896501
vt 0.981747 0.883976
vt 0.990722 0.885840
vt 0.991505 0.913644
vt 0.980541 0.914786
vt 0.980197 0.909873
vt 0.991688 0.908328
vt 0.968100 0.913672
vt 0.955154 0.912748
vt 0.956141 0.906690
vt 0.969243 0.907297
vt 0.990094 0.856936
vt 0.982936 0.856637
vt 0.982721 0.848130
vt 0.989819 0.849486
vt 0.990196 0.875683
vt 0.982054 0.874142
vt 0.982616 0.864317
vt 0.989601 0.865708
vt 0.970594 0.877283
vt 0.958281 0.875781
vt 0.957672 0.863569
vt 0.970643 0.863578
vt 0.881305 0.810054
vt 0.881516 0.822812
vt 0.870549 0.823012
vt 0.870317 0.810233
vt 0.899976 0.809923
vt 0.900124 0.822473
vt 0.892267 0.822597
vt 0.892103 0.809859
vt 0.899453 0.832349
vt 0.899159 0.838901
vt 0.889997 0.841937
vt 0.891642 0.833148
vt 0.879754 0.761033
vt 0.880559 0.771746
vt 0.869736 0.771945
vt 0.869316 0.761088
vt 0.899016 0.761595
vt 0.899927 0.770897
vt 0.891293 0.771531
vt 0.890434 0.761106
vt 0.899771 0.784122
vt 0.899796 0.797154
vt 0.892009 0.797037
vt 0.891562 0.784302
vt 0.842156 0.761712
vt 0.840577 0.770895
vt 0.834425 0.770205
vt 0.838236 0.762583
vt 0.858662 0.761265
vt 0.858870 0.772078
vt 0.847970 0.772208
vt 0.847819 0.761417
vt 0.859041 0.784929
vt 0.859182 0.797688
vt 0.848156 0.798005
vt 0.848136 0.785146
vt 0.959237 0.778717
vt 0.967795 0.777130
vt 0.968712 0.790157
vt 0.957715 0.788048
vt 0.958785 0.758338
vt 0.969634 0.759767
vt 0.969452 0.767219
vt 0.959217 0.768652
vt 0.979618 0.760028
vt 0.988057 0.760493
vt 0.987979 0.767969
vt 0.977775 0.766318
vt 0.918653 0.778685
vt 0.927404 0.778106
vt 0.928177 0.790583
vt 0.917752 0.787964
vt 0.919353 0.760676
vt 0.927302 0.759287
vt 0.927764 0.768834
vt 0.918982 0.769082
vt 0.937905 0.759810
vt 0.948597 0.760009
vt 0.948193 0.769114
vt 0.937914 0.768367
vt 0.916973 0.818380
vt 0.923984 0.818346
vt 0.919929 0.824734
vt 0.915877 0.826028
vt 0.918243 0.800493
vt 0.927949 0.800892
vt 0.927460 0.811272
vt 0.918028 0.810881
vt 0.938367 0.800003
vt 0.947849 0.798360
vt 0.947933 0.809004
vt 0.936703 0.809324
vt 0.860032 0.876542
vt 0.860520 0.864356
vt 0.872801 0.865605
vt 0.873225 0.877183
vt 0.840340 0.876241
vt 0.841101 0.866270
vt 0.847920 0.864541
vt 0.847026 0.875187
vt 0.840651 0.857480
vt 0.840736 0.849343
vt 0.848080 0.849688
vt 0.848432 0.856302
vt 0.860417 0.918721
vt 0.860766 0.909567
vt 0.872583 0.909376
vt 0.873562 0.918795
vt 0.839716 0.918240
vt 0.841087 0.910602
vt 0.849910 0.910259
vt 0.848202 0.918595
vt 0.840319 0.898615
vt 0.839239 0.885821
vt 0.848283 0.887102
vt 0.847639 0.898200
vt 0.909035 0.916658
vt 0.908549 0.907952
vt 0.915642 0.907941
vt 0.916096 0.915776
vt 0.885908 0.918385
vt 0.884968 0.909000
vt 0.898313 0.908793
vt 0.899017 0.917758
vt 0.885968 0.898339
vt 0.885984 0.887708
vt 0.898438 0.886889
vt 0.897300 0.898134
vt 0.907949 0.876668
vt 0.908029 0.866039
vt 0.915229 0.866410
vt 0.916597 0.876884
vt 0.886330 0.876667
vt 0.885530 0.865792
vt 0.897683 0.866227
vt 0.898615 0.876269
vt 0.885625 0.856747
vt 0.885818 0.848962
vt 0.898395 0.848606
vt 0.897836 0.856677
vt 0.959088 0.815154
vt 0.970618 0.814637
vt 0.971390 0.818873
vt 0.958420 0.819125
vt 0.959439 0.799742
vt 0.969752 0.800672
vt 0.970771 0.809982
vt 0.959641 0.809418
vt 0.977262 0.799969
vt 0.987923 0.799268
vt 0.987876 0.810099
vt 0.979583 0.811503
vt 0.842060 0.811305
vt 0.841496 0.825849
vt 0.832260 0.827009
vt 0.838936 0.812981
vt 0.859435 0.810472
vt 0.859726 0.823232
vt 0.849095 0.823497
vt 0.848491 0.810816
vt 0.860078 0.833753
vt 0.860367 0.842770
vt 0.849640 0.842521
vt 0.849174 0.833755
vt 0.948264 0.857560
vt 0.939634 0.858212
vt 0.940329 0.851603
vt 0.948303 0.851071
vt 0.948640 0.875819
vt 0.936183 0.876842
vt 0.939061 0.866441
vt 0.948170 0.864756
vt 0.928676 0.876324
vt 0.920577 0.875794
vt 0.921040 0.864922
vt 0.929058 0.866255
vt 0.778983 0.762665
vt 0.770786 0.761171
vt 0.772024 0.757516
vt 0.778920 0.757087
vt 0.777499 0.783138
vt 0.767848 0.781458
vt 0.769585 0.768011
vt 0.779149 0.769366
vt 0.759390 0.781564
vt 0.752086 0.781782
vt 0.751748 0.769382
vt 0.760139 0.768742
vt 0.886834 0.993939
vt 0.899493 0.993575
vt 0.899469 0.996468
vt 0.886967 0.997044
vt 0.886654 0.978322
vt 0.899960 0.977870
vt 0.899531 0.989241
vt 0.886702 0.989531
vt 0.906720 0.977661
vt 0.911409 0.977632
vt 0.911631 0.988364
vt 0.906552 0.988717
vt 0.886541 0.927278
vt 0.898479 0.925334
vt 0.874194 0.926903
vt 0.908664 0.924947
vt 0.916597 0.922708
vt 0.834537 0.911572
vt 0.836667 0.898975
vt 0.834871 0.884900
vt 0.839144 0.926110
vt 0.847345 0.926155
vt 0.832400 0.924154
vt 0.832918 0.918612
vt 0.860771 0.927091
vt 0.834995 0.869065
vt 0.835132 0.858526
vt 0.834792 0.850072
vt 0.834540 0.877070
vt 0.910340 0.799493
vt 0.909979 0.810293
vt 0.910446 0.788882
vt 0.911059 0.818395
vt 0.912313 0.825145
vt 0.927930 0.752483
vt 0.937860 0.751676
vt 0.947963 0.752764
vt 0.910923 0.759844
vt 0.910791 0.769594
vt 0.913128 0.752910
vt 0.920070 0.753323
vt 0.911524 0.779948
vt 0.969775 0.752820
vt 0.979661 0.752658
vt 0.987727 0.753663
vt 0.959180 0.752881
vt 0.858654 0.752047
vt 0.848212 0.752484
vt 0.868724 0.752149
vt 0.843909 0.753842
vt 0.840456 0.756359
vt 0.906594 0.770473
vt 0.905828 0.783897
vt 0.906082 0.797304
vt 0.898093 0.752220
vt 0.889185 0.752279
vt 0.905593 0.755397
vt 0.905245 0.762391
vt 0.878994 0.752761
vt 0.906594 0.821663
vt 0.906469 0.831781
vt 0.906275 0.839921
vt 0.905511 0.809639
vt 0.997448 0.877158
vt 0.996499 0.867009
vt 0.997642 0.887450
vt 0.998038 0.858199
vt 0.995311 0.850475
vt 0.980871 0.919970
vt 0.967324 0.918953
vt 0.954086 0.917647
vt 0.998038 0.912440
vt 0.997672 0.907967
vt 0.997747 0.916677
vt 0.990213 0.919067
vt 0.997109 0.897532
vt 0.940267 0.917130
vt 0.929527 0.916124
vt 0.920415 0.915293
vt 0.947235 0.917682
vt 0.827443 0.781530
vt 0.827226 0.767081
vt 0.827594 0.795823
vt 0.828611 0.758608
vt 0.828801 0.751956
vt 0.817468 0.844471
vt 0.804932 0.838375
vt 0.793613 0.837459
vt 0.828801 0.834992
vt 0.827990 0.826177
vt 0.825034 0.842904
vt 0.821679 0.844327
vt 0.827470 0.810386
vt 0.767479 0.837211
vt 0.758419 0.836694
vt 0.752226 0.835164
vt 0.780351 0.838089
vt 0.832778 0.977731
vt 0.832391 0.988554
vt 0.833099 0.967482
vt 0.832472 0.993853
vt 0.833276 0.998538
vt 0.848142 0.930899
vt 0.860759 0.930829
vt 0.873393 0.930696
vt 0.833227 0.938973
vt 0.833209 0.946442
vt 0.833138 0.932139
vt 0.839613 0.931166
vt 0.832913 0.956810
vt 0.898529 0.931590
vt 0.905821 0.932641
vt 0.911796 0.932903
vt 0.885985 0.931193
vn -0.0524 0.9984 0.0223
vn -0.7006 0.7084 0.0856
vn -0.6327 0.5274 0.5670
vn -0.0695 0.6840 0.7262
vn -0.0660 0.0812 0.9945
vn -0.6925 0.0752 0.7175
vn -0.9961 0.0626 -0.0626
vn -0.7241 0.6882 -0.0452
vn -0.6266 0.5492 -0.5529
vn -0.7210 0.0640 -0.6900
vn 0.1096 -0.9828 0.1488
vn 0.6698 -0.7404 0.0555
vn 0.6170 -0.5037 0.6047
vn 0.0799 -0.5454 0.8343
vn 0.9740 0.1267 0.1878
vn 0.6539 0.7372 0.1700
vn 0.4776 0.4577 0.7499
vn 0.6630 0.0444 0.7473
vn 0.0717 0.0479 -0.9963
vn 0.0624 0.7059 -0.7055
vn 0.5583 0.6091 -0.5632
vn 0.6305 0.1261 -0.7659
vn 0.0764 0.0031 -0.9971
vn 0.0866 0.0002 -0.9962
vn 0.6645 -0.0122 -0.7472
vn 0.6184 -0.0060 -0.7858
vn 0.0190 -0.0081 -0.9998
vn -0.0325 0.0098 -0.9994
vn -0.0044 -0.0479 -0.9988
vn 0.0363 -0.0674 -0.9970
vn -0.0562 0.1085 -0.9925
vn -0.0389 0.7468 -0.6638
vn -0.0170 0.7416 -0.6706
vn -0.0149 0.0936 -0.9955
vn 0.9152 0.1885 0.3562
vn 0.9448 0.0263 0.3267
vn 0.5605 0.0576 0.8261
vn 0.4784 0.2514 0.8414
vn 0.9997 0.0221 -0.0062
vn 0.9994 0.0177 -0.0304
vn 0.9972 0.0745 -0.0018
vn 0.9984 0.0178 -0.0540
vn 0.9824 0.1726 0.0710
vn 0.6723 0.7400 0.0194
vn 0.6720 0.7403 -0.0181
vn 0.9958 0.0908 -0.0025
vn 0.0160 -0.9565 0.2911
vn 0.0056 -0.9438 0.3305
vn 0.0011 -0.5467 0.8373
vn 0.0890 -0.5664 0.8193
vn -0.0031 -1.0000 -0.0017
vn -0.0026 -1.0000 -0.0031
vn -0.0032 -1.0000 -0.0005
vn -0.0050 -1.0000 0.0011
vn 0.1343 -0.9909 -0.0012
vn 0.6993 -0.7146 0.0160
vn 0.7138 -0.7002 -0.0104
vn 0.1204 -0.9926 -0.0128
vn -0.9467 0.0787 -0.3121
vn -0.9755 -0.0437 -0.2154
vn -0.6709 -0.0211 -0.7412
vn -0.5309 0.0905 -0.8426
vn -0.9886 0.1206 0.0896
vn -0.9994 0.0025 0.0345
vn -0.9980 0.0615 0.0084
vn -0.9834 0.1779 0.0343
vn -0.9965 0.0821 -0.0169
vn -0.6906 0.7230 -0.0133
vn -0.7105 0.7036 -0.0015
vn -0.9961 0.0867 0.0141
vn -0.2319 0.1003 0.9675
vn -0.0849 0.0574 0.9947
vn -0.6128 -0.0137 0.7901
vn -0.6728 0.0648 0.7369
vn -0.0341 0.0239 0.9991
vn 0.0039 0.1001 0.9950
vn 0.0350 0.0494 0.9981
vn 0.0155 0.0057 0.9998
vn 0.0063 0.0312 0.9995
vn 0.0015 0.5840 0.8117
vn -0.0141 0.5864 0.8098
vn -0.0221 0.0583 0.9980
vn 0.0016 0.9789 0.2043
vn -0.0013 0.9836 0.1805
vn 0.0028 0.9985 0.0541
vn 0.0074 0.9985 0.0540
vn 0.0106 0.9999 -0.0025
vn -0.0010 1.0000 -0.0038
vn -0.0105 0.9999 0.0062
vn -0.7195 0.6944 -0.0013
vn 0.0251 0.9997 0.0045
vn 0.0355 0.9984 0.0444
vn 0.0779 0.9966 0.0280
vn 0.0897 0.9959 0.0091
vn 0.0390 0.9992 0.0038
vn -0.0030 0.9999 -0.0142
vn 0.0112 0.9994 -0.0320
vn 0.0461 0.9986 0.0266
vn 0.0165 0.9976 0.0676
vn -0.0582 0.9973 -0.0448
vn -0.7335 0.6793 0.0229
vn -0.0431 0.9990 -0.0096
vn -0.0714 0.9973 0.0128
vn -0.1033 0.9939 0.0379
vn -0.1169 0.9931 -0.0049
vn -0.0799 0.9968 -0.0033
vn 0.0081 0.9999 0.0071
vn -0.0303 0.9993 0.0193
vn -0.0622 0.9936 0.0946
vn -0.0358 0.9983 0.0454
vn -0.0111 0.9999 0.0088
vn -0.0096 0.9999 -0.0073
vn -0.0013 0.9957 0.0920
vn 0.0011 0.9942 0.1070
vn 0.0436 0.9809 0.1895
vn 0.0025 0.9792 0.2026
vn -0.0028 0.5823 0.8130
vn 0.0403 0.5439 0.8381
vn -0.0376 0.9990 -0.0236
vn -0.0866 0.9935 -0.0731
vn -0.0266 0.9958 -0.0874
vn 0.0197 0.9990 -0.0408
vn -0.0038 0.9953 -0.0968
vn 0.0073 0.9957 -0.0922
vn -0.0017 0.9911 -0.1332
vn -0.0010 0.9924 -0.1232
vn 0.0475 0.0512 0.9975
vn 0.0237 -0.1023 0.9944
vn 0.0100 -0.0543 0.9985
vn 0.0389 0.0342 0.9986
vn 0.0311 0.0565 0.9979
vn 0.0344 -0.0500 0.9981
vn -0.0126 -0.0935 0.9955
vn -0.0266 0.0572 0.9980
vn 0.0423 -0.0302 0.9986
vn -0.0004 0.0065 1.0000
vn -0.1213 0.0357 0.9919
vn -0.0332 0.0497 0.9982
vn 0.0172 0.0162 0.9997
vn 0.0013 -0.0971 0.9952
vn -0.0416 0.3507 0.9355
vn -0.0714 0.2587 0.9633
vn -0.0743 0.1183 0.9902
vn -0.1769 0.2748 0.9451
vn -0.0091 0.0695 0.9975
vn 0.0372 0.0711 0.9968
vn -0.0229 0.0815 0.9964
vn -0.0337 0.0201 0.9992
vn -0.4258 -0.1027 0.8990
vn -0.4141 0.0419 0.9092
vn -0.7031 0.0681 0.7078
vn -0.6503 0.0228 0.7593
vn 0.1303 -0.0602 0.9896
vn 0.1235 0.0291 0.9919
vn -0.0547 0.0441 0.9975
vn -0.1009 -0.0840 0.9913
vn 0.0645 0.0380 0.9972
vn 0.0248 0.0520 0.9983
vn 0.0261 0.0662 0.9974
vn 0.0613 0.1003 0.9930
vn -0.9959 0.0884 -0.0202
vn -0.9925 0.1173 -0.0339
vn -0.9945 0.1026 0.0187
vn -0.9964 0.0839 -0.0104
vn -0.9643 0.0296 0.2632
vn -0.9645 0.0960 0.2460
vn -0.9930 0.1167 0.0145
vn -0.9976 0.0495 0.0491
vn -0.9846 0.0714 0.1595
vn -0.6988 0.7153 0.0027
vn -0.9959 0.0874 0.0225
vn -0.9941 0.0922 0.0572
vn -0.9740 0.2083 0.0885
vn -0.9804 0.1838 0.0701
vn -0.9997 -0.0011 0.0238
vn -0.8856 0.1532 0.4385
vn -0.8900 0.1081 0.4428
vn -0.9628 0.1682 0.2114
vn -0.9590 0.1456 0.2428
vn -0.9376 0.0432 0.3450
vn -0.9607 -0.0305 0.2757
vn -0.9978 -0.0302 0.0588
vn -0.9912 0.0965 0.0904
vn -0.9499 0.0919 -0.2987
vn -0.9181 0.1834 -0.3514
vn -0.5303 0.0917 -0.8428
vn -0.5690 -0.0057 -0.8223
vn -0.9969 -0.0789 -0.0070
vn -0.9855 0.1694 -0.0098
vn -0.9602 0.1629 -0.2268
vn -0.9904 -0.0184 -0.1365
vn -0.9742 0.2237 -0.0284
vn -0.9974 0.0701 -0.0175
vn -0.9972 0.0097 -0.0743
vn -0.9643 0.1843 -0.1899
vn -0.0025 -1.0000 -0.0034
vn -0.0037 -1.0000 -0.0040
vn -0.0020 -1.0000 0.0010
vn -0.0027 -1.0000 -0.0011
vn 0.0075 -0.9995 -0.0295
vn 0.0246 -0.9949 -0.0974
vn 0.0000 -1.0000 -0.0045
vn -0.0035 -1.0000 -0.0051
vn 0.1541 -0.9781 -0.1397
vn 0.6690 -0.7122 -0.2126
vn 0.6859 -0.7198 -0.1064
vn 0.1345 -0.9907 -0.0192
vn -0.1251 -0.9920 -0.0170
vn -0.0072 -1.0000 -0.0006
vn -0.0099 -0.9999 0.0055
vn -0.1033 -0.9946 0.0064
vn -0.1121 -0.9871 -0.1144
vn -0.0239 -0.9970 -0.0734
vn -0.0065 -0.9999 -0.0128
vn -0.1214 -0.9926 0.0067
vn -0.0102 -0.9995 -0.0291
vn -0.0106 -0.9999 -0.0056
vn -0.0048 -0.9999 -0.0114
vn -0.0024 -0.9999 -0.0150
vn -0.0606 -0.9911 0.1186
vn 0.0276 -0.9723 0.2321
vn 0.0156 -0.5383 0.8426
vn -0.2318 -0.7031 0.6722
vn -0.0988 -0.9951 -0.0016
vn -0.0110 -0.9999 0.0023
vn -0.0028 -0.9998 0.0194
vn -0.0818 -0.9966 -0.0083
vn -0.0102 -0.9999 -0.0011
vn -0.0030 -1.0000 -0.0056
vn 0.0035 -0.9990 0.0450
vn -0.0166 -0.9994 0.0293
vn 0.9854 0.1646 0.0436
vn 0.9764 0.1924 0.0975
vn 0.9810 0.1922 0.0245
vn 0.9722 0.2297 0.0449
vn 0.9770 -0.0038 -0.2132
vn 0.9772 0.1032 -0.1854
vn 0.9889 0.1454 -0.0295
vn 0.9936 0.0537 -0.0988
vn 0.9720 0.2056 -0.1140
vn 0.6389 0.7684 -0.0370
vn 0.6357 0.7717 0.0179
vn 0.9732 0.2297 0.0081
vn 0.9824 -0.1834 0.0350
vn 0.9991 0.0283 0.0302
vn 0.9993 -0.0331 -0.0167
vn 0.9863 -0.1624 0.0291
vn 0.9522 -0.1139 -0.2835
vn 0.9386 -0.0324 -0.3435
vn 0.9863 -0.0011 -0.1648
vn 0.9635 -0.1785 -0.1993
vn 0.9375 0.0119 -0.3478
vn 0.9622 0.0068 -0.2722
vn 0.9930 0.0291 -0.1145
vn 0.9914 0.0348 -0.1262
vn 0.9672 -0.2533 -0.0188
vn 0.9732 0.1443 0.1791
vn 0.7041 0.2079 0.6790
vn 0.6702 0.0184 0.7419
vn 0.9866 -0.1609 -0.0278
vn 0.9980 -0.0583 -0.0241
vn 0.9963 0.0476 0.0711
vn 0.9794 -0.1986 -0.0374
vn 0.9971 0.0649 0.0391
vn 0.9932 0.0899 0.0736
vn 0.9890 0.0625 0.1338
vn 0.9806 0.1219 0.1536
vn -0.0472 -0.0173 -0.9987
vn -0.0514 -0.0343 -0.9981
vn -0.0200 -0.0394 -0.9990
vn -0.0301 -0.0074 -0.9995
vn -0.0913 0.0193 -0.9956
vn -0.1271 0.0244 -0.9916
vn -0.0497 -0.0047 -0.9987
vn -0.0105 -0.0137 -0.9998
vn -0.1453 0.0951 -0.9848
vn -0.1153 0.7517 -0.6493
vn -0.0533 0.7189 -0.6931
vn -0.0771 0.1148 -0.9904
vn 0.0661 -0.0330 -0.9973
vn 0.0666 -0.0022 -0.9978
vn 0.0523 -0.0093 -0.9986
vn 0.0358 -0.0060 -0.9993
vn -0.0479 -0.1140 -0.9923
vn 0.0172 0.0060 -0.9998
vn 0.0109 0.0209 -0.9997
vn -0.0085 -0.0657 -0.9978
vn 0.0220 0.0593 -0.9980
vn -0.0398 0.0317 -0.9987
vn -0.0094 0.0247 -0.9996
vn -0.0076 0.0421 -0.9991
vn 0.1237 -0.0539 -0.9908
vn 0.1187 -0.0523 -0.9915
vn 0.6513 -0.0601 -0.7564
vn 0.6991 -0.0547 -0.7129
vn -0.0552 -0.0410 -0.9976
vn -0.0670 0.0102 -0.9977
vn -0.0219 -0.0006 -0.9998
vn 0.0159 -0.0803 -0.9966
vn -0.0334 -0.0535 -0.9980
vn -0.0005 -0.0685 -0.9977
vn -0.0024 -0.0326 -0.9995
vn -0.0435 -0.0077 -0.9990
vn 0.0967 0.0019 -0.9953
vn 0.0824 0.0211 -0.9964
vn 0.6403 0.0664 -0.7652
vn 0.6882 -0.0084 -0.7255
vn 0.0019 -0.0031 -1.0000
vn 0.0114 -0.0183 -0.9998
vn 0.0455 0.0118 -0.9989
vn 0.0306 0.0022 -0.9995
vn 0.0199 0.0820 -0.9964
vn -0.0007 0.7363 -0.6766
vn 0.0144 0.7098 -0.7042
vn 0.0505 0.0632 -0.9967
vn 0.9559 0.0167 0.2933
vn 0.9594 0.0797 0.2705
vn 0.5985 0.0136 0.8010
vn 0.5821 0.0339 0.8124
vn 0.9817 0.1893 -0.0222
vn 0.9825 0.1368 -0.1265
vn 0.9940 0.1093 0.0002
vn 0.9971 0.0612 0.0457
vn 0.9920 0.0701 -0.1044
vn 0.6706 0.7405 -0.0449
vn 0.6765 0.7360 -0.0247
vn 0.9890 0.1480 -0.0003
vn -0.0101 -0.9463 0.3231
vn -0.0712 -0.9741 0.2147
vn -0.2065 -0.3677 0.9067
vn -0.1382 -0.5784 0.8039
vn -0.0023 -1.0000 -0.0042
vn -0.0035 -0.9999 -0.0081
vn -0.0179 -0.9979 0.0616
vn 0.0049 -0.9977 0.0675
vn 0.1042 -0.9945 -0.0081
vn 0.7099 -0.7042 -0.0142
vn 0.6618 -0.7495 0.0172
vn 0.1098 -0.9929 0.0450
vn -0.9861 0.0328 -0.1627
vn -0.9875 0.0891 -0.1295
vn -0.7017 0.0755 -0.7084
vn -0.6883 0.0390 -0.7243
vn -0.9990 0.0383 0.0216
vn -0.9919 0.1250 0.0240
vn -0.9929 0.1188 -0.0011
vn -0.9994 0.0234 -0.0253
vn -0.9941 0.1083 0.0035
vn -0.9941 0.1031 0.0332
vn -0.0843 -0.0099 0.9964
vn -0.1215 0.0698 0.9901
vn -0.6488 0.0874 0.7559
vn -0.6129 0.0026 0.7901
vn 0.0084 0.0245 0.9997
vn -0.0070 0.0168 0.9998
vn 0.0348 0.0571 0.9977
vn 0.0232 0.0134 0.9996
vn -0.0393 0.0757 0.9963
vn -0.0246 0.6010 0.7989
vn 0.0104 0.6529 0.7573
vn 0.0177 0.0847 0.9962
vn -0.0001 0.9935 0.1137
vn -0.0012 0.9988 0.0486
vn 0.0226 0.9969 -0.0757
vn 0.0688 0.9966 -0.0453
vn 0.0222 0.9963 -0.0829
vn 0.0026 0.9928 -0.1195
vn 0.0179 0.9997 -0.0167
vn -0.0229 0.9991 -0.0348
vn -0.0056 -0.7458 -0.6661
vn 0.0296 -0.6555 -0.7546
vn 0.0145 -0.7085 -0.7055
vn 0.1661 -0.6291 -0.7594
vn 0.6614 -0.3969 -0.6364
vn -0.1189 -0.7067 -0.6974
vn -0.0478 -0.6787 -0.7328
vn -0.5144 -0.4588 -0.7245
vn 0.0194 -0.7345 -0.6783
vn -0.7817 -0.6234 0.0164
vn -0.8124 -0.5654 0.1424
vn -0.7407 -0.6717 -0.0092
vn -0.7606 -0.5634 0.3225
vn -0.5560 -0.5859 0.5895
vn -0.7458 -0.6391 -0.1880
vn -0.7675 -0.6399 -0.0373
vn -0.7141 -0.6992 -0.0325
usemtl hiper-atlas
s 1
f 1691/1949/378 1473/1950/379 1312/1951/380 1410/1952/381
f 1690/1953/382 1410/1954/381 1312/1955/380 1407/1956/383
f 1689/1957/384 1413/1958/385 1310/1959/386 1469/1960/387
f 1688/1961/388 1475/1962/389 1309/1963/390 1412/1964/391
f 1687/1965/392 1411/1966/393 1308/1967/394 1468/1968/395
f 1686/1969/396 1414/1970/397 1306/1971/398 1466/1972/399
f 1685/1973/400 1428/1974/401 1316/1975/402 1454/1976/403
f 1684/1977/404 1429/1978/405 1326/1979/406 1478/1980/407
f 1683/1981/408 1426/1982/409 1324/1983/410 1479/1984/411
f 1682/1985/412 1432/1986/413 1318/1987/414 1456/1988/415
f 1681/1989/416 1433/1990/417 1327/1991/418 1482/1992/419
f 1680/1993/420 1423/1994/421 1321/1995/422 1483/1996/423
f 1679/1997/424 1436/1998/425 1322/1999/426 1424/2000/427
f 1678/2001/428 1437/2002/429 1328/2003/430 1486/2004/431
f 1677/2005/432 1463/2006/433 1325/2007/434 1487/2008/435
f 1676/2009/436 1440/2010/437 1319/2011/438 1457/2012/439
f 1675/2013/440 1441/2014/441 1329/2015/442 1490/2016/443
f 1674/2017/444 1425/2018/445 1323/2019/446 1491/2020/447
f 1673/2021/448 1444/2022/449 1317/2023/450 1419/2024/451
f 1672/2025/452 1445/2026/453 1330/2027/454 1494/2028/455
f 1671/2029/456 1422/2030/457 1320/2031/458 1495/2032/459
f 1670/2033/460 1448/2034/461 1320/2035/458 1422/2036/457
f 1669/2037/462 1449/2038/463 1331/2039/464 1498/2040/465
f 1668/2041/466 1461/2042/467 1323/2043/446 1499/2044/468
f 1667/2045/469 1500/2046/470 1379/2047/471 1451/2048/472
f 1666/2049/473 1501/2050/474 1380/2051/475 1502/2052/476
f 1665/2053/477 1413/2054/385 1341/2055/478 1503/2056/479
f 1664/2057/480 1504/2058/481 1378/2059/482 1450/2060/483
f 1663/2061/484 1505/2062/485 1381/2063/486 1506/2064/487
f 1662/2065/488 1497/2066/489 1377/2067/490 1507/2068/491
f 1661/2069/492 1508/2070/493 1350/2071/494 1470/2072/495
f 1660/2073/496 1509/2074/497 1382/2075/498 1510/2076/499
f 1659/2077/500 1496/2078/501 1376/2079/502 1511/2080/503
f 1658/2081/504 1512/2082/505 1375/2083/506 1447/2084/507
f 1657/2085/508 1513/2086/509 1383/2087/510 1514/2088/511
f 1656/2089/512 1470/2090/495 1350/2091/494 1515/2092/513
f 1655/2093/514 1516/2094/515 1374/2095/516 1446/2096/517
f 1654/2097/518 1517/2098/519 1384/2099/520 1518/2100/521
f 1653/2101/522 1493/2102/523 1373/2103/524 1519/2104/525
f 1652/2105/526 1520/2106/527 1347/2107/528 1467/2108/529
f 1651/2109/530 1521/2110/531 1385/2111/532 1522/2112/533
f 1650/2113/534 1492/2114/535 1372/2115/536 1523/2116/537
f 1649/2117/538 1524/2118/539 1371/2119/540 1443/2120/541
f 1648/2121/542 1525/2122/543 1386/2123/544 1526/2124/545
f 1647/2125/546 1473/2126/379 1353/2127/547 1527/2128/548
f 1646/2129/549 1528/2130/550 1370/2131/551 1442/2132/552
f 1645/2133/553 1529/2134/554 1387/2135/555 1530/2136/556
f 1644/2137/557 1489/2138/558 1369/2139/559 1531/2140/560
f 1643/2141/561 1532/2142/562 1337/2143/563 1409/2144/564
f 1642/2145/565 1533/2146/566 1388/2147/567 1534/2148/568
f 1641/2149/569 1488/2150/570 1368/2151/571 1535/2152/572
f 1640/2153/573 1536/2154/574 1367/2155/575 1439/2156/576
f 1639/2157/577 1537/2158/578 1389/2159/579 1538/2160/580
f 1638/2161/581 1415/2162/582 1343/2163/583 1539/2164/584
f 1637/2165/585 1540/2166/586 1366/2167/587 1438/2168/588
f 1636/2169/589 1541/2170/590 1390/2171/591 1542/2172/592
f 1635/2173/593 1485/2174/594 1365/2175/595 1543/2176/596
f 1634/2177/597 1544/2178/598 1352/2179/599 1472/2180/600
f 1633/2181/601 1545/2182/602 1391/2183/603 1546/2184/604
f 1632/2185/605 1484/2186/606 1364/2187/607 1547/2188/608
f 1631/2189/609 1548/2190/610 1363/2191/611 1435/2192/612
f 1630/2193/613 1549/2194/614 1392/2195/615 1550/2196/616
f 1629/2197/617 1471/2198/618 1351/2199/619 1551/2200/620
f 1628/2201/621 1552/2202/622 1362/2203/623 1434/2204/624
f 1627/2205/625 1553/2206/626 1393/2207/627 1554/2208/628
f 1626/2209/629 1481/2210/630 1361/2211/631 1555/2212/632
f 1625/2213/633 1556/2214/634 1336/2215/635 1408/2216/636
f 1624/2217/637 1557/2218/638 1394/2219/639 1558/2220/640
f 1623/2221/641 1480/2222/642 1360/2223/643 1559/2224/644
f 1622/2225/645 1560/2226/646 1359/2227/647 1431/2228/648
f 1621/2229/649 1561/2230/650 1395/2231/651 1562/2232/652
f 1620/2233/653 1474/2234/654 1354/2235/655 1563/2236/656
f 1619/2237/657 1564/2238/658 1358/2239/659 1430/2240/660
f 1618/2241/661 1565/2242/662 1396/2243/663 1566/2244/664
f 1617/2245/665 1477/2246/666 1357/2247/667 1567/2248/668
f 1616/2249/669 1568/2250/670 1334/2251/671 1406/2252/672
f 1615/2253/673 1569/2254/674 1397/2255/675 1570/2256/676
f 1614/2257/677 1476/2258/678 1356/2259/679 1571/2260/680
f 1613/2261/681 1572/2262/682 1346/2263/683 1418/2264/684
f 1612/2265/685 1573/2266/686 1398/2267/687 1574/2268/688
f 1611/2269/689 1462/2270/690 1342/2271/691 1575/2272/692
f 1610/2273/693 1576/2274/694 1348/2275/695 1420/2276/696
f 1609/2277/697 1577/2278/698 1399/2279/699 1578/2280/700
f 1608/2281/701 1459/2282/702 1339/2283/703 1579/2284/704
f 1607/2285/705 1580/2286/706 1340/2287/707 1460/2288/708
f 1606/2289/709 1581/2290/710 1400/2291/711 1582/2292/712
f 1605/2293/713 1427/2294/714 1355/2295/715 1583/2296/716
f 1604/2297/717 1584/2298/718 1349/2299/719 1421/2300/720
f 1603/2301/721 1585/2302/722 1401/2303/723 1586/2304/724
f 1602/2305/725 1461/2306/467 1341/2307/478 1587/2308/726
f 1601/2309/727 1588/2310/728 1335/2311/729 1455/2312/730
f 1600/2313/731 1589/2314/732 1402/2315/733 1590/2316/734
f 1599/2317/735 1458/2318/736 1338/2319/737 1591/2320/738
f 1598/2321/739 1592/2322/740 1338/2323/737 1458/2324/736
f 1597/2325/741 1593/2326/742 1403/2327/743 1594/2328/744
f 1596/2329/745 1425/2330/445 1353/2331/547 1595/2332/746
f 1593/2326/742 1596/2329/745 1595/2332/746 1403/2327/743
f 1379/2047/471 1499/2044/468 1596/2329/745 1593/2326/742
f 1499/2044/468 1323/2043/446 1425/2330/445 1596/2329/745
f 1496/2078/501 1597/2325/741 1594/2328/744 1376/2079/502
f 1331/2039/464 1451/2048/472 1597/2325/741 1496/2078/501
f 1451/2048/472 1379/2047/471 1593/2326/742 1597/2325/741
f 1448/2034/461 1598/2321/739 1458/2324/736 1320/2035/458
f 1376/2079/502 1594/2328/744 1598/2321/739 1448/2034/461
f 1594/2328/744 1403/2327/743 1592/2322/740 1598/2321/739
f 1589/2314/732 1599/2317/735 1591/2320/738 1402/2315/733
f 1375/2083/506 1495/2032/459 1599/2317/735 1589/2314/732
f 1495/2032/459 1320/2031/458 1458/2318/736 1599/2317/735
f 1492/2114/535 1600/2313/731 1590/2316/734 1372/2115/536
f 1330/2027/454 1447/2084/507 1600/2313/731 1492/2114/535
f 1447/2084/507 1375/2083/506 1589/2314/732 1600/2313/731
f 1444/2022/449 1601/2309/727 1455/2312/730 1317/2023/450
f 1372/2115/536 1590/2316/734 1601/2309/727 1444/2022/449
f 1590/2316/734 1402/2315/733 1588/2310/728 1601/2309/727
f 1585/2302/722 1602/2305/725 1587/2308/726 1401/2303/723
f 1371/2119/540 1491/2020/447 1602/2305/725 1585/2302/722
f 1491/2020/447 1323/2019/446 1461/2306/467 1602/2305/725
f 1488/2150/570 1603/2301/721 1586/2304/724 1368/2151/571
f 1329/2015/442 1443/2120/541 1603/2301/721 1488/2150/570
f 1443/2120/541 1371/2119/540 1585/2302/722 1603/2301/721
f 1440/2010/437 1604/2297/717 1421/2300/720 1319/2011/438
f 1368/2151/571 1586/2304/724 1604/2297/717 1440/2010/437
f 1586/2304/724 1401/2303/723 1584/2298/718 1604/2297/717
f 1581/2290/710 1605/2293/713 1583/2296/716 1400/2291/711
f 1367/2155/575 1487/2008/435 1605/2293/713 1581/2290/710
f 1487/2008/435 1325/2007/434 1427/2294/714 1605/2293/713
f 1484/2186/606 1606/2289/709 1582/2292/712 1364/2187/607
f 1328/2003/430 1439/2156/576 1606/2289/709 1484/2186/606
f 1439/2156/576 1367/2155/575 1581/2290/710 1606/2289/709
f 1436/1998/425 1607/2285/705 1460/2288/708 1322/1999/426
f 1364/2187/607 1582/2292/712 1607/2285/705 1436/1998/425
f 1582/2292/712 1400/2291/711 1580/2286/706 1607/2285/705
f 1577/2278/698 1608/2281/701 1579/2284/704 1399/2279/699
f 1363/2191/611 1483/1996/423 1608/2281/701 1577/2278/698
f 1483/1996/423 1321/1995/422 1459/2282/702 1608/2281/701
f 1480/2222/642 1609/2277/697 1578/2280/700 1360/2223/643
f 1327/1991/418 1435/2192/612 1609/2277/697 1480/2222/642
f 1435/2192/612 1363/2191/611 1577/2278/698 1609/2277/697
f 1432/1986/413 1610/2273/693 1420/2276/696 1318/1987/414
f 1360/2223/643 1578/2280/700 1610/2273/693 1432/1986/413
f 1578/2280/700 1399/2279/699 1576/2274/694 1610/2273/693
f 1573/2266/686 1611/2269/689 1575/2272/692 1398/2267/687
f 1359/2227/647 1479/1984/411 1611/2269/689 1573/2266/686
f 1479/1984/411 1324/1983/410 1462/2270/690 1611/2269/689
f 1476/2258/678 1612/2265/685 1574/2268/688 1356/2259/679
f 1326/1979/406 1431/2228/648 1612/2265/685 1476/2258/678
f 1431/2228/648 1359/2227/647 1573/2266/686 1612/2265/685
f 1428/1974/401 1613/2261/681 1418/2264/684 1316/1975/402
f 1356/2259/679 1574/2268/688 1613/2261/681 1428/1974/401
f 1574/2268/688 1398/2267/687 1572/2262/682 1613/2261/681
f 1569/2254/674 1614/2257/677 1571/2260/680 1397/2255/675
f 1358/2239/659 1478/1980/407 1614/2257/677 1569/2254/674
f 1478/1980/407 1326/1979/406 1476/2258/678 1614/2257/677
f 1417/2333/747 1615/2253/673 1570/2256/676 1345/2334/748
f 1315/2335/749 1430/2240/660 1615/2253/673 1417/2333/747
f 1430/2240/660 1358/2239/659 1569/2254/674 1615/2253/673
f 1465/2336/750 1616/2249/669 1406/2252/672 1307/2337/751
f 1345/2334/748 1570/2256/676 1616/2249/669 1465/2336/750
f 1570/2256/676 1397/2255/675 1568/2250/670 1616/2249/669
f 1565/2242/662 1617/2245/665 1567/2248/668 1396/2243/663
f 1337/2338/563 1457/2339/439 1617/2245/665 1565/2242/662
f 1457/2339/439 1319/2340/438 1477/2246/666 1617/2245/665
f 1405/2341/752 1618/2241/661 1566/2244/664 1333/2342/753
f 1311/2343/754 1409/2344/564 1618/2241/661 1405/2341/752
f 1409/2344/564 1337/2338/563 1565/2242/662 1618/2241/661
f 1453/2345/755 1619/2237/657 1430/2240/660 1315/2335/749
f 1333/2342/753 1566/2244/664 1619/2237/657 1453/2345/755
f 1566/2244/664 1396/2243/663 1564/2238/658 1619/2237/657
f 1561/2230/650 1620/2233/653 1563/2236/656 1395/2231/651
f 1349/2346/719 1469/2347/387 1620/2233/653 1561/2230/650
f 1469/2347/387 1310/2348/386 1474/2234/654 1620/2233/653
f 1477/2246/666 1621/2229/649 1562/2232/652 1357/2247/667
f 1319/2340/438 1421/2349/720 1621/2229/649 1477/2246/666
f 1421/2349/720 1349/2346/719 1561/2230/650 1621/2229/649
f 1429/1978/405 1622/2225/645 1431/2228/648 1326/1979/406
f 1357/2247/667 1562/2232/652 1622/2225/645 1429/1978/405
f 1562/2232/652 1395/2231/651 1560/2226/646 1622/2225/645
f 1557/2218/638 1623/2221/641 1559/2224/644 1394/2219/639
f 1362/2203/623 1482/1992/419 1623/2221/641 1557/2218/638
f 1482/1992/419 1327/1991/418 1480/2222/642 1623/2221/641
f 1427/2350/714 1624/2217/637 1558/2220/640 1355/2351/715
f 1325/2352/434 1434/2204/624 1624/2217/637 1427/2350/714
f 1434/2204/624 1362/2203/623 1557/2218/638 1624/2217/637
f 1475/2353/389 1625/2213/633 1408/2216/636 1309/2354/390
f 1355/2351/715 1558/2220/640 1625/2213/633 1475/2353/389
f 1558/2220/640 1394/2219/639 1556/2214/634 1625/2213/633
f 1553/2206/626 1626/2209/629 1555/2212/632 1393/2207/627
f 1334/2355/671 1454/2356/403 1626/2209/629 1553/2206/626
f 1454/2356/403 1316/2357/402 1481/2210/630 1626/2209/629
f 1415/2358/582 1627/2205/625 1554/2208/628 1343/2359/583
f 1307/2360/751 1406/2361/672 1627/2205/625 1415/2358/582
f 1406/2361/672 1334/2355/671 1553/2206/626 1627/2205/625
f 1463/2362/433 1628/2201/621 1434/2204/624 1325/2352/434
f 1343/2359/583 1554/2208/628 1628/2201/621 1463/2362/433
f 1554/2208/628 1393/2207/627 1552/2202/622 1628/2201/621
f 1549/2194/614 1629/2197/617 1551/2200/620 1392/2195/615
f 1346/2363/683 1466/2364/399 1629/2197/617 1549/2194/614
f 1466/2364/399 1306/2365/398 1471/2198/618 1629/2197/617
f 1481/2210/630 1630/2193/613 1550/2196/616 1361/2211/631
f 1316/2357/402 1418/2366/684 1630/2193/613 1481/2210/630
f 1418/2366/684 1346/2363/683 1549/2194/614 1630/2193/613
f 1433/1990/417 1631/2189/609 1435/2192/612 1327/1991/418
f 1361/2211/631 1550/2196/616 1631/2189/609 1433/1990/417
f 1550/2196/616 1392/2195/615 1548/2190/610 1631/2189/609
f 1545/2182/602 1632/2185/605 1547/2188/608 1391/2183/603
f 1366/2167/587 1486/2004/431 1632/2185/605 1545/2182/602
f 1486/2004/431 1328/2003/430 1484/2186/606 1632/2185/605
f 1452/2367/756 1633/2181/601 1546/2184/604 1332/2368/757
f 1314/2369/758 1438/2168/588 1633/2181/601 1452/2367/756
f 1438/2168/588 1366/2167/587 1545/2182/602 1633/2181/601
f 1404/2370/759 1634/2177/597 1472/2180/600 1313/2371/760
f 1332/2368/757 1546/2184/604 1634/2177/597 1404/2370/759
f 1546/2184/604 1391/2183/603 1544/2178/598 1634/2177/597
f 1541/2170/590 1635/2173/593 1543/2176/596 1390/2171/591
f 1333/2372/753 1453/2373/755 1635/2173/593 1541/2170/590
f 1453/2373/755 1315/2374/749 1485/2174/594 1635/2173/593
f 1464/2375/761 1636/2169/589 1542/2172/592 1344/2376/762
f 1311/2377/754 1405/2378/752 1636/2169/589 1464/2375/761
f 1405/2378/752 1333/2372/753 1541/2170/590 1636/2169/589
f 1416/2379/763 1637/2165/585 1438/2168/588 1314/2369/758
f 1344/2376/762 1542/2172/592 1637/2165/585 1416/2379/763
f 1542/2172/592 1390/2171/591 1540/2166/586 1637/2165/585
f 1537/2158/578 1638/2161/581 1539/2164/584 1389/2159/579
f 1345/2380/748 1465/2381/750 1638/2161/581 1537/2158/578
f 1465/2381/750 1307/2382/751 1415/2162/582 1638/2161/581
f 1485/2174/594 1639/2157/577 1538/2160/580 1365/2175/595
f 1315/2374/749 1417/2383/747 1639/2157/577 1485/2174/594
f 1417/2383/747 1345/2380/748 1537/2158/578 1639/2157/577
f 1437/2002/429 1640/2153/573 1439/2156/576 1328/2003/430
f 1365/2175/595 1538/2160/580 1640/2153/573 1437/2002/429
f 1538/2160/580 1389/2159/579 1536/2154/574 1640/2153/573
f 1533/2146/566 1641/2149/569 1535/2152/572 1388/2147/567
f 1370/2131/551 1490/2016/443 1641/2149/569 1533/2146/566
f 1490/2016/443 1329/2015/442 1488/2150/570 1641/2149/569
f 1416/2384/763 1642/2145/565 1534/2148/568 1344/2385/762
f 1314/2386/758 1442/2132/552 1642/2145/565 1416/2384/763
f 1442/2132/552 1370/2131/551 1533/2146/566 1642/2145/565
f 1464/2387/761 1643/2141/561 1409/2144/564 1311/2388/754
f 1344/2385/762 1534/2148/568 1643/2141/561 1464/2387/761
f 1534/2148/568 1388/2147/567 1532/2142/562 1643/2141/561
f 1529/2134/554 1644/2137/557 1531/2140/560 1387/2135/555
f 1347/2389/528 1419/2390/451 1644/2137/557 1529/2134/554
f 1419/2390/451 1317/2391/450 1489/2138/558 1644/2137/557
f 1404/2392/759 1645/2133/553 1530/2136/556 1332/2393/757
f 1313/2394/760 1467/2395/529 1645/2133/553 1404/2392/759
f 1467/2395/529 1347/2389/528 1529/2134/554 1645/2133/553
f 1452/2396/756 1646/2129/549 1442/2132/552 1314/2386/758
f 1332/2393/757 1530/2136/556 1646/2129/549 1452/2396/756
f 1530/2136/556 1387/2135/555 1528/2130/550 1646/2129/549
f 1525/2122/543 1647/2125/546 1527/2128/548 1386/2123/544
f 1335/2397/729 1407/2398/383 1647/2125/546 1525/2122/543
f 1407/2398/383 1312/2399/380 1473/2126/379 1647/2125/546
f 1489/2138/558 1648/2121/542 1526/2124/545 1369/2139/559
f 1317/2391/450 1455/2400/730 1648/2121/542 1489/2138/558
f 1455/2400/730 1335/2397/729 1525/2122/543 1648/2121/542
f 1441/2014/441 1649/2117/538 1443/2120/541 1329/2015/442
f 1369/2139/559 1526/2124/545 1649/2117/538 1441/2014/441
f 1526/2124/545 1386/2123/544 1524/2118/539 1649/2117/538
f 1521/2110/531 1650/2113/534 1523/2116/537 1385/2111/532
f 1374/2095/516 1494/2028/455 1650/2113/534 1521/2110/531
f 1494/2028/455 1330/2027/454 1492/2114/535 1650/2113/534
f 1424/2401/427 1651/2109/530 1522/2112/533 1352/2402/599
f 1322/2403/426 1446/2096/517 1651/2109/530 1424/2401/427
f 1446/2096/517 1374/2095/516 1521/2110/531 1651/2109/530
f 1472/2404/600 1652/2105/526 1467/2108/529 1313/2405/760
f 1352/2402/599 1522/2112/533 1652/2105/526 1472/2404/600
f 1522/2112/533 1385/2111/532 1520/2106/527 1652/2105/526
f 1517/2098/519 1653/2101/522 1519/2104/525 1384/2099/520
f 1336/2406/635 1456/2407/415 1653/2101/522 1517/2098/519
f 1456/2407/415 1318/2408/414 1493/2102/523 1653/2101/522
f 1412/2409/391 1654/2097/518 1518/2100/521 1340/2410/707
f 1309/2411/390 1408/2412/636 1654/2097/518 1412/2409/391
f 1408/2412/636 1336/2406/635 1517/2098/519 1654/2097/518
f 1460/2413/708 1655/2093/514 1446/2096/517 1322/2403/426
f 1340/2410/707 1518/2100/521 1655/2093/514 1460/2413/708
f 1518/2100/521 1384/2099/520 1516/2094/515 1655/2093/514
f 1513/2086/509 1656/2089/512 1515/2092/513 1383/2087/510
f 1348/2414/695 1468/2415/395 1656/2089/512 1513/2086/509
f 1468/2415/395 1308/2416/394 1470/2090/495 1656/2089/512
f 1493/2102/523 1657/2085/508 1514/2088/511 1373/2103/524
f 1318/2408/414 1420/2417/696 1657/2085/508 1493/2102/523
f 1420/2417/696 1348/2414/695 1513/2086/509 1657/2085/508
f 1445/2026/453 1658/2081/504 1447/2084/507 1330/2027/454
f 1373/2103/524 1514/2088/511 1658/2081/504 1445/2026/453
f 1514/2088/511 1383/2087/510 1512/2082/505 1658/2081/504
f 1509/2074/497 1659/2077/500 1511/2080/503 1382/2075/498
f 1378/2059/482 1498/2040/465 1659/2077/500 1509/2074/497
f 1498/2040/465 1331/2039/464 1496/2078/501 1659/2077/500
f 1459/2418/702 1660/2073/496 1510/2076/499 1339/2419/703
f 1321/2420/422 1450/2060/483 1660/2073/496 1459/2418/702
f 1450/2060/483 1378/2059/482 1509/2074/497 1660/2073/496
f 1411/2421/393 1661/2069/492 1470/2072/495 1308/2422/394
f 1339/2419/703 1510/2076/499 1661/2069/492 1411/2421/393
f 1510/2076/499 1382/2075/498 1508/2070/493 1661/2069/492
f 1505/2062/485 1662/2065/488 1507/2068/491 1381/2063/486
f 1342/2423/691 1462/2424/690 1662/2065/488 1505/2062/485
f 1462/2424/690 1324/2425/410 1497/2066/489 1662/2065/488
f 1471/2426/618 1663/2061/484 1506/2064/487 1351/2427/619
f 1306/2428/398 1414/2429/397 1663/2061/484 1471/2426/618
f 1414/2429/397 1342/2423/691 1505/2062/485 1663/2061/484
f 1423/2430/421 1664/2057/480 1450/2060/483 1321/2420/422
f 1351/2427/619 1506/2064/487 1664/2057/480 1423/2430/421
f 1506/2064/487 1381/2063/486 1504/2058/481 1664/2057/480
f 1501/2050/474 1665/2053/477 1503/2056/479 1380/2051/475
f 1354/2431/655 1474/2432/654 1665/2053/477 1501/2050/474
f 1474/2432/654 1310/2433/386 1413/2054/385 1665/2053/477
f 1497/2066/489 1666/2049/473 1502/2052/476 1377/2067/490
f 1324/2425/410 1426/2434/409 1666/2049/473 1497/2066/489
f 1426/2434/409 1354/2431/655 1501/2050/474 1666/2049/473
f 1449/2038/463 1667/2045/469 1451/2048/472 1331/2039/464
f 1377/2067/490 1502/2052/476 1667/2045/469 1449/2038/463
f 1502/2052/476 1380/2051/475 1500/2046/470 1667/2045/469
f 1500/2046/470 1668/2041/466 1499/2044/468 1379/2047/471
f 1380/2051/475 1503/2056/479 1668/2041/466 1500/2046/470
f 1503/2056/479 1341/2055/478 1461/2042/467 1668/2041/466
f 1504/2058/481 1669/2037/462 1498/2040/465 1378/2059/482
f 1381/2063/486 1507/2068/491 1669/2037/462 1504/2058/481
f 1507/2068/491 1377/2067/490 1449/2038/463 1669/2037/462
f 1508/2070/493 1670/2033/460 1422/2036/457 1350/2071/494
f 1382/2075/498 1511/2080/503 1670/2033/460 1508/2070/493
f 1511/2080/503 1376/2079/502 1448/2034/461 1670/2033/460
f 1512/2082/505 1671/2029/456 1495/2032/459 1375/2083/506
f 1383/2087/510 1515/2092/513 1671/2029/456 1512/2082/505
f 1515/2092/513 1350/2091/494 1422/2030/457 1671/2029/456
f 1516/2094/515 1672/2025/452 1494/2028/455 1374/2095/516
f 1384/2099/520 1519/2104/525 1672/2025/452 1516/2094/515
f 1519/2104/525 1373/2103/524 1445/2026/453 1672/2025/452
f 1520/2106/527 1673/2021/448 1419/2024/451 1347/2107/528
f 1385/2111/532 1523/2116/537 1673/2021/448 1520/2106/527
f 1523/2116/537 1372/2115/536 1444/2022/449 1673/2021/448
f 1524/2118/539 1674/2017/444 1491/2020/447 1371/2119/540
f 1386/2123/544 1527/2128/548 1674/2017/444 1524/2118/539
f 1527/2128/548 1353/2127/547 1425/2018/445 1674/2017/444
f 1528/2130/550 1675/2013/440 1490/2016/443 1370/2131/551
f 1387/2135/555 1531/2140/560 1675/2013/440 1528/2130/550
f 1531/2140/560 1369/2139/559 1441/2014/441 1675/2013/440
f 1532/2142/562 1676/2009/436 1457/2012/439 1337/2143/563
f 1388/2147/567 1535/2152/572 1676/2009/436 1532/2142/562
f 1535/2152/572 1368/2151/571 1440/2010/437 1676/2009/436
f 1536/2154/574 1677/2005/432 1487/2008/435 1367/2155/575
f 1389/2159/579 1539/2164/584 1677/2005/432 1536/2154/574
f 1539/2164/584 1343/2163/583 1463/2006/433 1677/2005/432
f 1540/2166/586 1678/2001/428 1486/2004/431 1366/2167/587
f 1390/2171/591 1543/2176/596 1678/2001/428 1540/2166/586
f 1543/2176/596 1365/2175/595 1437/2002/429 1678/2001/428
f 1544/2178/598 1679/1997/424 1424/2000/427 1352/2179/599
f 1391/2183/603 1547/2188/608 1679/1997/424 1544/2178/598
f 1547/2188/608 1364/2187/607 1436/1998/425 1679/1997/424
f 1548/2190/610 1680/1993/420 1483/1996/423 1363/2191/611
f 1392/2195/615 1551/2200/620 1680/1993/420 1548/2190/610
f 1551/2200/620 1351/2199/619 1423/1994/421 1680/1993/420
f 1552/2202/622 1681/1989/416 1482/1992/419 1362/2203/623
f 1393/2207/627 1555/2212/632 1681/1989/416 1552/2202/622
f 1555/2212/632 1361/2211/631 1433/1990/417 1681/1989/416
f 1556/2214/634 1682/1985/412 1456/1988/415 1336/2215/635
f 1394/2219/639 1559/2224/644 1682/1985/412 1556/2214/634
f 1559/2224/644 1360/2223/643 1432/1986/413 1682/1985/412
f 1560/2226/646 1683/1981/408 1479/1984/411 1359/2227/647
f 1395/2231/651 1563/2236/656 1683/1981/408 1560/2226/646
f 1563/2236/656 1354/2235/655 1426/1982/409 1683/1981/408
f 1564/2238/658 1684/1977/404 1478/1980/407 1358/2239/659
f 1396/2243/663 1567/2248/668 1684/1977/404 1564/2238/658
f 1567/2248/668 1357/2247/667 1429/1978/405 1684/1977/404
f 1568/2250/670 1685/1973/400 1454/1976/403 1334/2251/671
f 1397/2255/675 1571/2260/680 1685/1973/400 1568/2250/670
f 1571/2260/680 1356/2259/679 1428/1974/401 1685/1973/400
f 1572/2262/682 1686/1969/396 1466/1972/399 1346/2263/683
f 1398/2267/687 1575/2272/692 1686/1969/396 1572/2262/682
f 1575/2272/692 1342/2271/691 1414/1970/397 1686/1969/396
f 1576/2274/694 1687/1965/392 1468/1968/395 1348/2275/695
f 1399/2279/699 1579/2284/704 1687/1965/392 1576/2274/694
f 1579/2284/704 1339/2283/703 1411/1966/393 1687/1965/392
f 1580/2286/706 1688/1961/388 1412/1964/391 1340/2287/707
f 1400/2291/711 1583/2296/716 1688/1961/388 1580/2286/706
f 1583/2296/716 1355/2295/715 1475/1962/389 1688/1961/388
f 1584/2298/718 1689/1957/384 1469/1960/387 1349/2299/719
f 1401/2303/723 1587/2308/726 1689/1957/384 1584/2298/718
f 1587/2308/726 1341/2307/478 1413/1958/385 1689/1957/384
f 1588/2310/728 1690/1953/382 1407/1956/383 1335/2311/729
f 1402/2315/733 1591/2320/738 1690/1953/382 1588/2310/728
f 1591/2320/738 1338/2319/737 1410/1954/381 1690/1953/382
f 1592/2322/740 1691/1949/378 1410/1952/381 1338/2323/737
f 1403/2327/743 1595/2332/746 1691/1949/378 1592/2322/740
f 1595/2332/746 1353/2331/547 1473/1950/379 1691/1949/378
o caja-cubierta-lona_caja-cubierta-lona.001
v -0.611922 0.723317 0.713277
v -0.563722 0.004066 0.741774
v -0.603305 0.691273 1.303069
v -0.429269 0.002353 1.359701
v -1.352320 0.706358 0.719116
v -1.536717 0.003972 0.730517
v -1.354238 0.703996 1.309064
v -1.431506 0.004591 1.262722
v -1.576698 0.004026 1.043857
v -1.001028 0.002691 0.642340
v -0.579144 0.350745 0.742863
v -1.369551 0.336178 1.300360
v -0.526161 0.228793 1.300239
v -1.366936 0.397703 0.727980
v -1.003557 0.709509 1.326840
v -0.606172 0.700271 1.019034
v -0.999047 -0.002418 1.352702
v -1.369271 0.682011 0.994676
v -0.996831 0.716099 0.699632
v -0.460395 0.006134 0.964473
v -1.009566 0.385481 0.688935
v -0.543994 0.326639 0.997214
v -1.000689 -0.003022 1.000013
v -1.419220 0.357927 0.990884
v -0.999258 0.362366 1.337062
v -1.000388 0.703180 1.014832
v -1.536844 0.006155 1.094939
v -1.311771 0.015388 0.629115
v -0.568896 0.139062 0.754737
v -1.378910 0.545626 1.295586
v -0.495972 0.122883 1.369257
v -1.446128 0.066891 0.702318
v -1.317967 0.726430 1.329482
v -0.609257 0.699774 1.195163
v -0.689465 0.000203 1.351743
v -1.358476 0.694997 0.813621
v -0.684923 0.735182 0.695753
v -0.420536 0.007201 0.857911
v -1.528589 0.001887 0.770564
v -0.696882 0.004788 0.660177
v -0.592512 0.555278 0.730429
v -1.403334 0.137076 1.279087
v -0.589703 0.570671 1.282006
v -1.370278 0.551643 0.734929
v -0.688137 0.706770 1.315946
v -0.600032 0.698667 0.800517
v -1.301484 -0.001130 1.332665
v -1.363162 0.687272 1.188472
v -1.305145 0.712521 0.708983
v -0.460282 0.005122 1.223602
v -0.695602 0.340447 0.689839
v -1.300828 0.362280 0.704211
v -1.016962 0.155056 0.682240
v -0.991532 0.577482 0.681295
v -0.542477 0.310951 1.195129
v -0.557819 0.320689 0.826068
v -0.518620 0.173809 1.006158
v -0.563504 0.517164 0.964772
v -1.000551 -0.004455 1.203074
v -1.000006 -0.002462 0.796072
v -1.316910 -0.000142 1.000051
v -0.685039 -0.001811 0.999670
v -1.437202 0.261569 0.855252
v -1.423399 0.307094 1.156127
v -1.578042 0.028133 1.049882
v -1.435915 0.494087 1.111466
v -1.311785 0.374990 1.329525
v -0.660655 0.364538 1.336122
v -1.006189 0.168325 1.336004
v -0.999039 0.567139 1.345159
v -1.000318 0.712802 1.211788
v -1.002799 0.731352 0.784455
v -0.681131 0.726527 1.001913
v -1.309849 0.725277 1.000413
v -1.313961 0.723702 0.797885
v -0.676688 0.723168 0.792366
v -0.678542 0.719519 1.201406
v -0.692442 0.564476 1.329301
v -0.682599 0.155864 1.339470
v -1.304189 0.154733 1.331365
v -1.422749 0.539281 1.168018
v -1.452109 0.136152 1.158655
v -1.447406 0.161521 0.787425
v -0.684592 -0.001263 0.795475
v -1.315395 -0.001168 0.796567
v -1.315638 -0.004660 1.202866
v -0.576772 0.564358 0.814673
v -0.534032 0.147059 0.823444
v -0.510037 0.160248 1.203216
v -1.297569 0.579591 0.698869
v -1.317465 0.168017 0.672329
v -0.689315 0.159521 0.674312
v -0.681614 0.579720 0.695786
v -0.574419 0.559227 1.202303
v -0.685208 -0.002261 1.203117
v -1.388431 0.565000 0.829155
v -1.305107 0.560367 1.330063
v -1.311454 0.727642 1.205873
v -1.468880 0.013495 1.184421
v -1.427029 0.009266 0.668892
v -0.567353 0.067047 0.748928
v -1.367430 0.627759 1.301543
v -0.465180 0.045112 1.371333
v -1.511077 0.013941 0.723496
v -1.338032 0.722928 1.325710
v -0.611274 0.699429 1.251741
v -0.548505 0.003452 1.336578
v -1.352084 0.702294 0.762690
v -0.637912 0.733440 0.695691
v -0.471317 0.009996 0.839312
v -1.499952 0.008107 0.884207
v -0.846557 0.002759 0.645265
v -0.590122 0.455177 0.735521
v -1.384405 0.236840 1.291026
v -0.597517 0.386491 1.303012
v -1.371578 0.475533 0.730868
v -0.845924 0.707051 1.322114
v -0.601018 0.696054 0.908166
v -1.151221 -0.002728 1.348835
v -1.367769 0.684368 1.092520
v -1.151396 0.712954 0.703070
v -0.481234 0.008042 1.104145
v -0.624583 0.347868 0.699348
v -1.156001 0.375345 0.693235
v -1.008569 0.072168 0.680733
v -0.999531 0.487721 0.702065
v -0.532623 0.270410 1.247682
v -0.549302 0.324932 0.911848
v -0.529750 0.094282 0.985568
v -0.568724 0.423693 0.982616
v -0.999694 -0.005101 1.286736
v -1.000516 -0.001995 0.898250
v -1.455351 -0.003225 1.015042
v -0.842912 -0.001617 0.999932
v -1.386455 0.327716 0.795481
v -1.417840 0.356501 1.076472
v -1.579034 0.004068 1.046734
v -1.428153 0.424783 1.057699
v -1.349166 0.356436 1.319393
v -0.829580 0.381794 1.334517
v -1.006449 0.075581 1.330321
v -0.997966 0.464363 1.339818
v -1.001192 0.721060 1.277760
v -1.002122 0.708393 0.897552
v -0.633404 0.725213 1.010868
v -1.159621 0.713630 1.010231
v -1.565727 0.002373 1.062351
v -1.156766 0.006296 0.636769
v -0.573887 0.245491 0.754023
v -1.378634 0.444181 1.299701
v -0.509569 0.177200 1.340613
v -1.393996 0.202481 0.737749
v -1.161034 0.717499 1.327576
v -0.605926 0.697782 1.105492
v -0.843153 0.000829 1.356859
v -1.364635 0.690287 0.905237
v -0.841657 0.726639 0.699704
v -0.437257 0.003242 0.903724
v -1.534742 0.003395 0.744920
v -0.623884 0.004036 0.692238
v -0.600153 0.644024 0.727063
v -1.414813 0.061075 1.273669
v -0.594599 0.635203 1.290342
v -1.361720 0.634223 0.727110
v -0.633840 0.705094 1.315051
v -0.604352 0.710877 0.753345
v -1.377883 -0.001124 1.310070
v -1.357476 0.693037 1.253228
v -1.339148 0.714527 0.712076
v -0.441500 0.004114 1.303502
v -0.849771 0.363229 0.689845
v -1.342857 0.378635 0.712028
v -1.018565 0.270268 0.689805
v -0.995109 0.651833 0.683694
v -0.546268 0.317965 1.097686
v -0.568606 0.332181 0.777948
v -0.527014 0.246495 1.002204
v -0.597244 0.625044 0.995883
v -1.000590 -0.003491 1.101541
v -1.000546 -0.002936 0.709923
v -1.158303 -0.003092 0.999863
v -0.561437 -0.001246 0.987042
v -1.424904 0.310314 0.918076
v -1.398419 0.321914 1.229031
v -1.438689 0.177524 1.018989
v -1.380149 0.594170 1.043918
v -1.156923 0.368310 1.335232
v -0.603167 0.297376 1.315303
v -1.003114 0.264860 1.338259
v -1.000837 0.646486 1.344327
v -1.000500 0.701832 1.113049
v -0.999738 0.738982 0.734951
v -0.839384 0.712508 1.008566
v -1.345920 0.710116 0.997443
v -1.310728 0.723586 0.898337
v -1.309776 0.725306 0.744704
v -1.157230 0.725275 0.790309
v -1.341031 0.717331 0.806563
v -0.677266 0.724235 0.898638
v -0.685277 0.735320 0.725061
v -0.628747 0.722561 0.796526
v -0.843331 0.723955 0.784535
v -0.683962 0.717397 1.268586
v -0.678422 0.720672 1.102733
v -0.633780 0.716884 1.198537
v -0.839413 0.710961 1.208502
v -0.843918 0.566835 1.336425
v -0.629771 0.567594 1.319453
v -0.671938 0.463778 1.324926
v -0.691386 0.642045 1.326326
v -0.845335 0.161375 1.327387
v -0.593173 0.143592 1.326516
v -0.686883 0.071044 1.335983
v -0.669194 0.262183 1.340096
v -1.364070 0.147701 1.316396
v -1.159418 0.163759 1.332000
v -1.303747 0.072413 1.328181
v -1.313992 0.266651 1.325531
v -1.430856 0.517791 1.136509
v -1.399712 0.548724 1.229487
v -1.412886 0.434013 1.155574
v -1.397287 0.594785 1.199193
v -1.536132 0.033963 1.077708
v -1.429507 0.137458 1.220429
v -1.468680 0.053001 1.128311
v -1.438759 0.222722 1.160262
v -1.448778 0.113202 0.745108
v -1.480265 0.023334 0.914514
v -1.478858 0.029746 0.779204
v -1.445249 0.209591 0.825951
v -0.684844 -0.001710 0.897586
v -0.687765 -0.001301 0.717591
v -0.842448 -0.002314 0.795904
v -0.543152 0.002714 0.822031
v -1.313938 -0.001647 0.896704
v -1.314278 -0.001108 0.706415
v -1.433880 -0.001130 0.788835
v -1.157720 -0.002307 0.796387
v -1.310398 -0.004975 1.277940
v -1.316004 -0.004272 1.101394
v -1.433746 -0.003101 1.156759
v -1.162777 0.000170 1.207511
v -0.568477 0.544835 0.892111
v -0.583207 0.560797 0.768550
v -0.581107 0.437479 0.830027
v -0.578452 0.635262 0.807500
v -0.524731 0.156703 0.913552
v -0.547139 0.144397 0.788602
v -0.459255 0.012106 0.843625
v -0.544352 0.233972 0.821970
v -0.493236 0.143062 1.292607
v -0.514053 0.167849 1.107409
v -0.501605 0.064829 1.218057
v -0.516596 0.236163 1.199996
v -1.145124 0.580583 0.705027
v -1.343009 0.566164 0.709937
v -1.301686 0.475295 0.707527
v -1.302482 0.650023 0.699496
v -1.165820 0.161731 0.680223
v -1.382894 0.114808 0.693399
v -1.322475 0.085698 0.677382
v -1.311151 0.263388 0.683523
v -0.619505 0.150460 0.699057
v -0.843324 0.158958 0.689791
v -0.692758 0.073879 0.672336
v -0.691459 0.251976 0.678168
v -0.628143 0.568233 0.706912
v -0.837784 0.577225 0.691111
v -0.691016 0.462795 0.698573
v -0.685069 0.664063 0.692720
v -0.577528 0.564314 1.244882
v -0.575982 0.540730 1.086863
v -0.569209 0.439351 1.199139
v -0.579854 0.622855 1.205901
v -0.686050 -0.003113 1.286928
v -0.684834 -0.001626 1.101068
v -0.842908 -0.003664 1.203098
v -0.560865 -0.001429 1.210071
v -1.383106 0.557786 0.776155
v -1.397872 0.512437 0.955362
v -1.388209 0.422199 0.842255
v -1.381942 0.625645 0.813517
v -1.351339 0.554334 1.319776
v -1.152940 0.563188 1.342655
v -1.309208 0.473297 1.325248
v -1.310217 0.651874 1.329920
v -1.314951 0.731675 1.276759
v -1.314814 0.721616 1.103535
v -1.157236 0.718558 1.209390
v -1.346232 0.716089 1.197199
v -1.346358 0.712980 1.096080
v -1.158971 0.710450 1.107560
v -1.158796 0.727029 1.277007
v -1.156148 0.649396 1.341954
v -1.157802 0.465359 1.332874
v -1.352744 0.454968 1.319160
v -1.375275 0.615480 0.939239
v -1.393199 0.436027 0.946849
v -1.390313 0.445739 0.780712
v -0.561255 -0.001356 1.098657
v -0.842910 -0.002640 1.101515
v -0.842981 -0.004391 1.286896
v -0.601010 0.624860 1.095699
v -0.564611 0.426464 1.086093
v -0.577563 0.434463 1.234992
v -0.839965 0.658586 0.689865
v -0.846794 0.472248 0.690262
v -0.627601 0.457441 0.706811
v -0.847326 0.263876 0.685890
v -0.843564 0.068704 0.692625
v -0.621612 0.069483 0.695704
v -1.354110 0.247722 0.699519
v -1.423089 0.045315 0.671494
v -1.164812 0.087852 0.682907
v -1.339008 0.643789 0.709683
v -1.342964 0.473554 0.711185
v -1.151378 0.476888 0.688422
v -0.523003 0.239818 1.101621
v -0.521274 0.076042 1.108715
v -0.476822 0.063146 1.303246
v -0.553269 0.241001 0.784868
v -0.537890 0.067060 0.801234
v -0.453526 0.007655 0.919560
v -0.587909 0.641311 0.762639
v -0.585020 0.445431 0.767320
v -0.569185 0.432605 0.900699
v -1.153972 -0.003426 1.098075
v -1.444927 -0.003028 1.085900
v -1.405893 -0.003693 1.235958
v -1.157325 -0.002106 0.707993
v -1.431525 0.004219 0.727503
v -1.445318 -0.002634 0.901858
v -0.580406 0.001666 0.753950
v -0.844133 -0.001522 0.713746
v -0.842635 -0.002415 0.897831
v -1.421930 0.205865 0.928222
v -1.495792 0.011057 0.896470
v -1.507394 0.015456 0.739177
v -1.416753 0.230407 1.225387
v -1.446839 0.062956 1.197120
v -1.548577 0.030219 1.076512
v -1.391134 0.621413 1.244875
v -1.400576 0.433776 1.233883
v -1.425933 0.433505 1.103118
v -1.158126 0.265278 1.337276
v -1.159782 0.070333 1.328695
v -1.370283 0.066525 1.312131
v -0.598179 0.221091 1.323518
v -0.572551 0.067537 1.319007
v -0.838176 0.074785 1.325943
v -0.632227 0.638792 1.317414
v -0.612115 0.436145 1.315682
v -0.838499 0.466359 1.331553
v -0.838273 0.704880 1.107771
v -0.633636 0.718601 1.104262
v -0.633194 0.715349 1.261789
v -0.841658 0.743621 0.735406
v -0.633142 0.720801 0.743962
v -0.631312 0.723702 0.903565
v -1.340636 0.719800 0.752823
v -1.154851 0.732228 0.739987
v -1.159713 0.710606 0.899897
v -1.343768 0.713491 0.901839
v -0.838767 0.699859 0.897832
v -0.842732 0.718480 1.273820
v -0.845788 0.644629 1.340545
v -0.833264 0.263656 1.330387
v -1.357554 0.252057 1.320934
v -1.378344 0.606065 1.115242
v -1.439950 0.202842 1.099968
v -1.414355 0.218893 0.777274
v -0.550470 -0.001116 0.904508
v -1.158280 -0.002421 0.898300
v -1.155097 -0.005857 1.282360
v -0.586304 0.625013 0.900878
v -0.536121 0.241405 0.913959
v -0.509712 0.208208 1.270642
v -1.147810 0.653094 0.691218
v -1.156402 0.269162 0.686790
v -0.623423 0.249109 0.700623
v -0.634394 0.654486 0.702515
v -0.580748 0.634022 1.250392
v -0.552260 -0.002619 1.292835
v -1.376147 0.634560 0.770912
v -1.347946 0.640918 1.322093
v -1.342981 0.718410 1.265433
vt 0.562460 0.636022
vt 0.561139 0.632964
vt 0.567033 0.634072
vt 0.568797 0.636678
vt 0.591364 0.625888
vt 0.582790 0.626692
vt 0.584816 0.624307
vt 0.592802 0.622973
vt 0.670364 0.576872
vt 0.669204 0.584659
vt 0.664422 0.585067
vt 0.665350 0.577094
vt 0.510588 0.612246
vt 0.509862 0.623900
vt 0.504020 0.625400
vt 0.505980 0.612820
vt 0.740298 0.672367
vt 0.747525 0.672276
vt 0.746816 0.677582
vt 0.740984 0.676556
vt 0.651407 0.602543
vt 0.659718 0.602258
vt 0.658500 0.605476
vt 0.650118 0.606906
vt 0.608799 0.602614
vt 0.619128 0.602534
vt 0.619407 0.609080
vt 0.608416 0.610243
vt 0.612467 0.546302
vt 0.623689 0.546716
vt 0.624240 0.562174
vt 0.612162 0.560859
vt 0.652860 0.548862
vt 0.659221 0.548651
vt 0.659054 0.564743
vt 0.652169 0.564718
vt 0.694929 0.676825
vt 0.701765 0.674314
vt 0.697585 0.679894
vt 0.692163 0.684159
vt 0.697292 0.639123
vt 0.706362 0.638698
vt 0.706740 0.647746
vt 0.698110 0.648652
vt 0.737879 0.636715
vt 0.745325 0.637183
vt 0.746323 0.648466
vt 0.738485 0.646466
vt 0.509298 0.549035
vt 0.509469 0.565337
vt 0.502553 0.565671
vt 0.502341 0.549712
vt 0.549579 0.547158
vt 0.550210 0.563707
vt 0.539535 0.564092
vt 0.538925 0.547557
vt 0.551330 0.611010
vt 0.551773 0.622902
vt 0.545325 0.620693
vt 0.542610 0.610149
vt 0.671450 0.530884
vt 0.672567 0.543231
vt 0.664910 0.550997
vt 0.666544 0.529423
vt 0.706422 0.529462
vt 0.703970 0.546224
vt 0.694680 0.546389
vt 0.698020 0.527230
vt 0.707831 0.573932
vt 0.705513 0.582494
vt 0.694797 0.582302
vt 0.700150 0.572660
vt 0.632036 0.625964
vt 0.621123 0.626391
vt 0.623304 0.623496
vt 0.633659 0.621815
vt 0.629514 0.680938
vt 0.616998 0.680979
vt 0.619544 0.663169
vt 0.629790 0.663018
vt 0.589481 0.678256
vt 0.582693 0.678095
vt 0.583007 0.661639
vt 0.589813 0.662123
vt 0.563482 0.688841
vt 0.563895 0.672163
vt 0.569205 0.671942
vt 0.568701 0.688535
vt 0.523960 0.689309
vt 0.523868 0.672222
vt 0.536187 0.672356
vt 0.535566 0.689253
vt 0.524116 0.636069
vt 0.524472 0.632784
vt 0.533887 0.631776
vt 0.534208 0.635632
vt 0.524039 0.655659
vt 0.523781 0.639716
vt 0.534539 0.639757
vt 0.535639 0.655601
vt 0.507079 0.656199
vt 0.507661 0.639996
vt 0.513200 0.639495
vt 0.512425 0.655940
vt 0.508492 0.636771
vt 0.509466 0.634585
vt 0.514821 0.633570
vt 0.514075 0.636550
vt 0.524596 0.711173
vt 0.524044 0.706332
vt 0.534872 0.705867
vt 0.535820 0.710841
vt 0.507662 0.711190
vt 0.505473 0.705486
vt 0.512758 0.706447
vt 0.513265 0.711538
vt 0.506429 0.688992
vt 0.506512 0.672506
vt 0.511758 0.672166
vt 0.511950 0.688848
vt 0.562155 0.710758
vt 0.562876 0.705492
vt 0.567968 0.705126
vt 0.567808 0.710843
vt 0.545641 0.710906
vt 0.545462 0.706166
vt 0.555840 0.706087
vt 0.555584 0.710804
vt 0.545982 0.689303
vt 0.546485 0.672313
vt 0.556902 0.672286
vt 0.556570 0.689186
vt 0.608119 0.679760
vt 0.597592 0.678790
vt 0.598079 0.662567
vt 0.608843 0.663005
vt 0.610329 0.703966
vt 0.596535 0.701318
vt 0.597184 0.694684
vt 0.607726 0.697386
vt 0.589070 0.700740
vt 0.582143 0.700249
vt 0.582172 0.694578
vt 0.589041 0.694452
vt 0.649396 0.680734
vt 0.640332 0.679860
vt 0.639926 0.662921
vt 0.649673 0.663105
vt 0.650260 0.708636
vt 0.642145 0.706987
vt 0.640733 0.697222
vt 0.649783 0.696713
vt 0.633535 0.706640
vt 0.625048 0.705900
vt 0.618278 0.698923
vt 0.629243 0.698472
vt 0.651371 0.624766
vt 0.642871 0.625364
vt 0.644089 0.619753
vt 0.652028 0.618624
vt 0.650557 0.647034
vt 0.640772 0.646873
vt 0.642016 0.631785
vt 0.650636 0.631942
vt 0.630138 0.646775
vt 0.619356 0.646624
vt 0.619062 0.630399
vt 0.630394 0.630453
vt 0.706766 0.554548
vt 0.710109 0.563280
vt 0.707447 0.560920
vt 0.701925 0.553627
vt 0.721045 0.554674
vt 0.720223 0.566963
vt 0.713415 0.565558
vt 0.712536 0.554496
vt 0.721783 0.574747
vt 0.723082 0.583139
vt 0.715973 0.582568
vt 0.716896 0.571892
vt 0.701878 0.509950
vt 0.702713 0.510871
vt 0.698581 0.509661
vt 0.698291 0.508097
vt 0.716911 0.514428
vt 0.719474 0.522475
vt 0.712382 0.522061
vt 0.709995 0.513321
vt 0.720123 0.532505
vt 0.720871 0.542554
vt 0.712549 0.540730
vt 0.712803 0.531453
vt 0.671298 0.505941
vt 0.669785 0.518223
vt 0.665314 0.513125
vt 0.669762 0.505169
vt 0.686306 0.509220
vt 0.687428 0.511318
vt 0.673881 0.524017
vt 0.675085 0.509568
vt 0.688404 0.530058
vt 0.686864 0.540932
vt 0.680269 0.535292
vt 0.677548 0.529511
vt 0.550885 0.580269
vt 0.551544 0.596840
vt 0.540818 0.597215
vt 0.540170 0.580645
vt 0.570193 0.579367
vt 0.570430 0.595780
vt 0.562267 0.596449
vt 0.561579 0.579879
vt 0.567093 0.607222
vt 0.558682 0.619230
vt 0.556625 0.624542
vt 0.560093 0.611511
vt 0.548090 0.517059
vt 0.549137 0.530821
vt 0.538278 0.530911
vt 0.536168 0.516421
vt 0.566469 0.517832
vt 0.569089 0.530063
vt 0.559637 0.530280
vt 0.559998 0.517815
vt 0.569540 0.546509
vt 0.569958 0.562951
vt 0.560928 0.563353
vt 0.560269 0.546816
vt 0.513118 0.522549
vt 0.509129 0.532742
vt 0.503415 0.533899
vt 0.505462 0.525798
vt 0.528750 0.517779
vt 0.527632 0.531412
vt 0.516983 0.531871
vt 0.521319 0.519236
vt 0.528640 0.548405
vt 0.528886 0.564506
vt 0.518237 0.564912
vt 0.517131 0.547920
vt 0.717856 0.637209
vt 0.729453 0.636103
vt 0.726817 0.643637
vt 0.717187 0.645799
vt 0.719098 0.623287
vt 0.730921 0.623353
vt 0.731342 0.628109
vt 0.718316 0.629755
vt 0.739086 0.622615
vt 0.746284 0.621327
vt 0.745192 0.626197
vt 0.738476 0.627218
vt 0.668913 0.641506
vt 0.687746 0.639300
vt 0.690385 0.649449
vt 0.681938 0.647951
vt 0.678312 0.624683
vt 0.687090 0.624803
vt 0.686770 0.629057
vt 0.667519 0.631681
vt 0.697548 0.625227
vt 0.707245 0.624485
vt 0.705898 0.629640
vt 0.696556 0.629242
vt 0.679734 0.680907
vt 0.688128 0.679382
vt 0.686597 0.687346
vt 0.678087 0.688103
vt 0.680981 0.660571
vt 0.690309 0.660067
vt 0.689824 0.669994
vt 0.680082 0.671798
vt 0.697831 0.659148
vt 0.706361 0.658367
vt 0.705969 0.668660
vt 0.697704 0.669440
vt 0.634316 0.547667
vt 0.645191 0.548830
vt 0.644465 0.564893
vt 0.634986 0.563559
vt 0.635002 0.527489
vt 0.644638 0.528063
vt 0.645804 0.532986
vt 0.634922 0.531826
vt 0.652668 0.528835
vt 0.660018 0.529109
vt 0.659692 0.532657
vt 0.653132 0.532790
vt 0.593294 0.544920
vt 0.601123 0.544993
vt 0.600004 0.560697
vt 0.591243 0.561378
vt 0.588674 0.517380
vt 0.596724 0.521134
vt 0.602142 0.528924
vt 0.593301 0.528006
vt 0.610998 0.524949
vt 0.624989 0.526793
vt 0.622974 0.531261
vt 0.612253 0.529926
vt 0.589946 0.602461
vt 0.598443 0.602821
vt 0.597300 0.610692
vt 0.589766 0.610430
vt 0.590625 0.578607
vt 0.599961 0.578916
vt 0.599470 0.595091
vt 0.590428 0.594518
vt 0.610968 0.578835
vt 0.621415 0.578901
vt 0.618487 0.595041
vt 0.609131 0.595108
vt 0.630619 0.602734
vt 0.642311 0.602998
vt 0.640815 0.607424
vt 0.630322 0.607703
vt 0.632883 0.579561
vt 0.643895 0.580885
vt 0.643694 0.597296
vt 0.631387 0.595991
vt 0.652429 0.580902
vt 0.659614 0.580948
vt 0.660018 0.597353
vt 0.652565 0.597150
vt 0.719660 0.672472
vt 0.733274 0.672342
vt 0.734290 0.676301
vt 0.715475 0.680376
vt 0.717884 0.656652
vt 0.729910 0.656181
vt 0.732427 0.667999
vt 0.719854 0.668558
vt 0.738991 0.656655
vt 0.746505 0.657286
vt 0.747195 0.666446
vt 0.738931 0.668018
vt 0.510074 0.581764
vt 0.510682 0.598214
vt 0.503869 0.598109
vt 0.502721 0.582026
vt 0.529513 0.581044
vt 0.530176 0.597626
vt 0.519472 0.597978
vt 0.518859 0.581443
vt 0.530899 0.610578
vt 0.530622 0.619040
vt 0.518175 0.621652
vt 0.519221 0.611039
vt 0.671296 0.556215
vt 0.670872 0.568497
vt 0.666110 0.567966
vt 0.665514 0.559588
vt 0.689489 0.555059
vt 0.690568 0.563384
vt 0.676720 0.569211
vt 0.678016 0.553511
vt 0.688736 0.574963
vt 0.684951 0.583234
vt 0.674858 0.583829
vt 0.675003 0.575846
vt 0.610785 0.625821
vt 0.600399 0.625712
vt 0.601413 0.621908
vt 0.611992 0.622472
vt 0.609204 0.646255
vt 0.598936 0.646546
vt 0.599637 0.630641
vt 0.608760 0.630376
vt 0.589971 0.645965
vt 0.582749 0.645196
vt 0.582355 0.628806
vt 0.590104 0.629866
vt 0.563761 0.655567
vt 0.563677 0.639248
vt 0.569205 0.638828
vt 0.569186 0.655339
vt 0.545868 0.655661
vt 0.545443 0.639161
vt 0.556252 0.639565
vt 0.556610 0.655786
vt 0.544643 0.635698
vt 0.544199 0.631940
vt 0.554311 0.632246
vt 0.555294 0.635738
vt 0.582223 0.578018
vt 0.583020 0.593785
vt 0.582836 0.561837
vt 0.583081 0.602125
vt 0.583145 0.610254
vt 0.591781 0.514122
vt 0.607116 0.518515
vt 0.627277 0.523934
vt 0.585004 0.516633
vt 0.584180 0.529269
vt 0.586238 0.503712
vt 0.587106 0.506507
vt 0.583435 0.545509
vt 0.643336 0.524147
vt 0.651838 0.525810
vt 0.659256 0.527512
vt 0.635412 0.523876
vt 0.672877 0.660853
vt 0.672840 0.673240
vt 0.670231 0.646664
vt 0.672656 0.681608
vt 0.672282 0.687486
vt 0.687286 0.620401
vt 0.698393 0.621406
vt 0.709331 0.620771
vt 0.668338 0.629975
vt 0.663630 0.635983
vt 0.673487 0.615751
vt 0.679981 0.618264
vt 0.666728 0.639994
vt 0.730338 0.619352
vt 0.739402 0.618801
vt 0.747525 0.617165
vt 0.720107 0.619981
vt 0.530803 0.504995
vt 0.527435 0.508109
vt 0.532704 0.503769
vt 0.518101 0.515375
vt 0.510141 0.519901
vt 0.577378 0.529980
vt 0.577061 0.546278
vt 0.577065 0.562630
vt 0.564258 0.507070
vt 0.561589 0.507810
vt 0.565762 0.506809
vt 0.572657 0.518079
vt 0.549749 0.511162
vt 0.576447 0.594588
vt 0.573397 0.602380
vt 0.568466 0.608931
vt 0.577378 0.578834
vt 0.685434 0.508570
vt 0.674963 0.503851
vt 0.697606 0.507987
vt 0.672431 0.502936
vt 0.671012 0.502511
vt 0.726321 0.522716
vt 0.727923 0.533525
vt 0.729152 0.544303
vt 0.714913 0.508980
vt 0.703978 0.507716
vt 0.724090 0.508442
vt 0.725631 0.514567
vt 0.699714 0.507432
vt 0.727707 0.566922
vt 0.728258 0.575929
vt 0.729152 0.584313
vt 0.728487 0.555995
vt 0.658448 0.648142
vt 0.658325 0.632382
vt 0.658163 0.664039
vt 0.658461 0.624088
vt 0.657944 0.616626
vt 0.644920 0.718121
vt 0.638791 0.716085
vt 0.631947 0.714726
vt 0.657050 0.711042
vt 0.657445 0.696384
vt 0.658461 0.723575
vt 0.653304 0.720663
vt 0.657782 0.680327
vt 0.595806 0.707034
vt 0.589141 0.705608
vt 0.583367 0.703751
vt 0.615409 0.706436
vt 0.545870 0.714561
vt 0.555308 0.713947
vt 0.536765 0.714677
vt 0.561246 0.713624
vt 0.566720 0.714457
vt 0.502374 0.705575
vt 0.502302 0.689010
vt 0.502073 0.672697
vt 0.508711 0.714401
vt 0.513741 0.715480
vt 0.504350 0.713364
vt 0.502405 0.710511
vt 0.525118 0.715503
vt 0.503686 0.640325
vt 0.504229 0.636760
vt 0.504918 0.635097
vt 0.502694 0.656442
vn -0.6266 0.7792 -0.0136
vn -0.9042 0.4230 0.0587
vn -0.8852 0.3339 0.3238
vn -0.5700 0.5699 0.5918
vn -0.4957 0.0191 0.8683
vn -0.8621 0.1206 0.4922
vn -0.9699 0.1828 -0.1604
vn -0.8880 0.4561 -0.0591
vn -0.8340 0.3481 -0.4281
vn -0.8423 0.0837 -0.5323
vn 0.0284 -0.9993 0.0224
vn 0.8839 -0.4520 -0.1202
vn 0.7520 -0.2606 0.6054
vn -0.0905 -0.7121 0.6961
vn 0.9722 0.2058 0.1112
vn 0.7718 0.6339 0.0486
vn 0.7657 0.4083 0.4969
vn 0.8419 0.0947 0.5312
vn 0.3659 -0.0294 -0.9302
vn 0.3607 0.6840 -0.6340
vn 0.7152 0.5959 -0.3650
vn 0.8262 0.0525 -0.5609
vn 0.5194 0.0283 -0.8541
vn 0.4474 0.0394 -0.8935
vn 0.8574 0.0533 -0.5119
vn 0.8130 0.0291 -0.5816
vn 0.0033 0.0765 -0.9970
vn -0.0304 0.0456 -0.9985
vn -0.0021 0.0368 -0.9993
vn 0.0039 0.0301 -0.9995
vn -0.0479 0.0554 -0.9973
vn -0.0448 0.5959 -0.8018
vn -0.0297 0.5810 -0.8133
vn -0.0204 0.0819 -0.9964
vn 0.9532 0.2961 0.0609
vn 0.9231 0.3358 0.1872
vn 0.7104 0.4162 0.5675
vn 0.5520 0.3802 0.7421
vn 0.9845 0.1445 -0.0989
vn 0.9797 0.1819 -0.0843
vn 0.9776 0.2085 -0.0269
vn 0.9843 0.1686 -0.0518
vn 0.9785 0.1980 0.0573
vn 0.8698 0.4916 0.0409
vn 0.8795 0.4747 0.0347
vn 0.9791 0.1962 0.0536
vn -0.0027 -1.0000 0.0046
vn 0.0017 -0.9999 0.0134
vn -0.0034 -0.5737 0.8190
vn -0.0320 -0.5978 0.8010
vn -0.0039 -1.0000 -0.0014
vn 0.0012 -1.0000 -0.0015
vn 0.0030 -1.0000 -0.0052
vn -0.0043 -0.9999 -0.0078
vn 0.0325 -0.9994 -0.0092
vn 0.9405 -0.2597 0.2187
vn 0.8941 -0.4232 0.1461
vn 0.0401 -0.9991 0.0104
vn -0.8623 0.3126 -0.3983
vn -0.9392 0.1518 -0.3079
vn -0.7940 0.0109 -0.6078
vn -0.7517 0.2919 -0.5914
vn -0.9484 0.3026 0.0940
vn -0.9996 0.0142 0.0229
vn -0.9878 0.1160 -0.1035
vn -0.9256 0.3626 -0.1082
vn -0.9450 0.3194 -0.0705
vn -0.9192 0.3935 -0.0146
vn -0.9233 0.3840 -0.0093
vn -0.9627 0.2633 -0.0616
vn -0.4811 0.0265 0.8762
vn -0.4323 -0.0006 0.9017
vn -0.8275 0.0283 0.5607
vn -0.8282 0.0834 0.5541
vn -0.0068 -0.0129 0.9999
vn 0.0128 0.0199 0.9997
vn 0.0072 0.0001 1.0000
vn 0.0141 -0.0163 0.9998
vn 0.0515 0.1178 0.9917
vn 0.0381 0.7121 0.7011
vn 0.0285 0.7147 0.6988
vn 0.0144 0.1264 0.9919
vn 0.0055 0.9972 0.0741
vn 0.0290 0.9982 0.0518
vn -0.0382 0.9980 0.0505
vn 0.0195 0.9959 0.0876
vn 0.0146 0.9998 0.0118
vn -0.0623 0.9980 0.0029
vn -0.5559 0.8312 0.0075
vn -0.8990 0.4380 0.0031
vn -0.5788 0.8155 0.0003
vn 0.0386 0.9977 0.0551
vn -0.1208 0.9925 0.0193
vn -0.1284 0.9917 0.0030
vn 0.0634 0.9979 0.0119
vn -0.0359 0.9834 -0.1777
vn -0.0827 0.9867 -0.1402
vn -0.1104 0.9926 0.0498
vn -0.0077 0.9933 0.1152
vn -0.4803 0.8756 -0.0508
vn -0.8901 0.4555 -0.0162
vn -0.5425 0.8400 0.0118
vn 0.3638 0.9315 -0.0022
vn -0.0393 0.9992 0.0019
vn -0.0417 0.9991 0.0072
vn 0.3590 0.9330 0.0245
vn 0.2369 0.9620 0.1353
vn 0.0687 0.9958 0.0606
vn 0.0285 0.9942 0.1039
vn 0.3408 0.9396 0.0314
vn -0.0038 0.9987 -0.0516
vn -0.0292 0.9868 -0.1593
vn 0.0023 0.9811 0.1935
vn 0.0042 0.9774 0.2114
vn 0.3085 0.9463 0.0963
vn 0.0216 0.9941 0.1063
vn 0.0649 0.6897 0.7212
vn 0.3352 0.6283 0.7020
vn 0.3449 0.9380 0.0334
vn -0.0211 0.9993 0.0314
vn 0.0013 1.0000 -0.0045
vn 0.3314 0.9433 0.0194
vn -0.0528 0.9986 0.0013
vn 0.0162 0.9994 -0.0292
vn 0.0227 0.9941 -0.1058
vn -0.0240 0.9974 -0.0675
vn 0.0375 -0.0034 0.9993
vn 0.0519 -0.0289 0.9982
vn 0.0124 -0.0334 0.9994
vn 0.0077 -0.0305 0.9995
vn 0.4826 0.0559 0.8740
vn 0.4203 0.0215 0.9071
vn 0.1003 -0.0071 0.9949
vn 0.1183 0.0208 0.9927
vn 0.3519 0.0239 0.9357
vn 0.0941 0.0871 0.9917
vn -0.0134 0.1429 0.9896
vn -0.0090 -0.0273 0.9996
vn 0.0136 -0.0385 0.9991
vn -0.0009 0.1277 0.9918
vn -0.1343 -0.0095 0.9909
vn -0.0710 0.0075 0.9974
vn 0.0443 -0.0214 0.9988
vn 0.0455 0.1228 0.9914
vn 0.1621 0.1755 0.9710
vn 0.3438 0.1176 0.9316
vn 0.1589 0.0530 0.9858
vn 0.1146 0.0177 0.9932
vn -0.4704 0.0193 0.8822
vn -0.4746 0.0068 0.8802
vn -0.8165 0.0708 0.5730
vn -0.7951 0.0990 0.5983
vn -0.0249 0.0873 0.9958
vn -0.0196 -0.0300 0.9993
vn -0.1135 -0.0170 0.9934
vn -0.1404 0.0269 0.9897
vn -0.0304 -0.0072 0.9995
vn -0.0337 0.0097 0.9994
vn -0.1227 0.0132 0.9923
vn -0.1179 -0.0019 0.9930
vn -0.9836 -0.1129 0.1404
vn -0.9802 0.1848 0.0711
vn -0.9977 0.0678 0.0050
vn -0.9958 -0.0391 -0.0821
vn -0.9570 -0.0164 0.2896
vn -0.9610 0.0656 0.2687
vn -0.9740 0.2078 0.0904
vn -0.9774 -0.0407 0.2071
vn -0.9554 0.2440 0.1666
vn -0.9065 0.4219 -0.0142
vn -0.9537 0.2978 0.0410
vn -0.6530 0.1920 0.7326
vn -0.7903 0.2683 0.5508
vn -0.8568 0.5080 0.0878
vn -0.8819 0.3753 0.2853
vn -0.9011 0.2172 0.3751
vn -0.9244 0.1086 0.3656
vn -0.9237 0.1951 0.3296
vn -0.7776 0.2212 0.5885
vn -0.9245 0.1388 0.3551
vn -0.9447 0.0732 0.3197
vn -0.9831 0.1127 0.1439
vn -0.9588 0.1968 0.2049
vn -0.6300 0.7716 -0.0876
vn -0.8522 0.4294 -0.2989
vn -0.6252 0.4695 -0.6235
vn -0.5979 0.5638 -0.5698
vn -0.6966 0.7026 -0.1453
vn -0.8676 0.4400 -0.2315
vn -0.9197 0.3469 -0.1835
vn -0.8202 0.5696 0.0531
vn -0.9839 0.1763 -0.0276
vn -0.9877 0.1513 -0.0379
vn -0.9835 0.1622 -0.0798
vn -0.9560 0.2596 -0.1362
vn 0.0023 -1.0000 0.0003
vn 0.0078 -0.9999 -0.0058
vn 0.0030 -1.0000 -0.0003
vn 0.0036 -1.0000 -0.0023
vn 0.0070 -0.9991 -0.0408
vn 0.0245 -0.9984 -0.0496
vn 0.0146 -0.9998 -0.0069
vn 0.0034 -1.0000 -0.0019
vn 0.0688 -0.9965 -0.0475
vn 0.3811 -0.6416 -0.6656
vn 0.9844 -0.1626 -0.0668
vn 0.0707 -0.9945 -0.0774
vn -0.0462 -0.9989 -0.0089
vn 0.0001 -1.0000 -0.0008
vn 0.0012 -0.9999 -0.0086
vn -0.0389 -0.9990 -0.0206
vn -0.0173 -0.9964 -0.0828
vn -0.0246 -0.9952 -0.0942
vn -0.0081 -0.9999 -0.0122
vn -0.0338 -0.9992 -0.0217
vn -0.0122 -0.9977 -0.0667
vn -0.0008 -0.9990 -0.0435
vn 0.0005 -1.0000 0.0008
vn -0.0038 -1.0000 -0.0003
vn -0.1361 -0.9893 0.0516
vn -0.0110 -0.9997 0.0206
vn -0.1282 -0.6286 0.7671
vn -0.3932 -0.6272 0.6723
vn -0.0387 -0.9991 0.0139
vn 0.0015 -1.0000 -0.0073
vn 0.0020 -1.0000 -0.0075
vn -0.1310 -0.9875 0.0877
vn -0.0013 -1.0000 0.0003
vn -0.0006 -1.0000 -0.0023
vn -0.0043 -0.9999 -0.0117
vn 0.0021 -0.9999 -0.0147
vn 0.9931 0.0798 -0.0853
vn 0.9960 0.0858 -0.0240
vn 0.9942 0.1060 0.0186
vn 0.9938 0.1107 -0.0075
vn 0.9873 0.0612 -0.1465
vn 0.9822 0.0124 -0.1875
vn 0.9956 0.0311 -0.0882
vn 0.9904 0.0727 -0.1178
vn 0.9729 0.1314 -0.1902
vn 0.7924 0.6086 -0.0411
vn 0.8391 0.5439 -0.0012
vn 0.9850 0.1653 -0.0482
vn 0.7618 0.6418 0.0877
vn 0.9714 0.2372 -0.0033
vn 0.9968 0.0789 -0.0077
vn 0.9528 0.2769 0.1240
vn 0.7501 0.1750 -0.6377
vn 0.8511 0.0770 -0.5193
vn 0.9182 0.2098 -0.3358
vn 0.6849 0.3427 -0.6430
vn 0.9283 0.0849 -0.3619
vn 0.9636 0.1188 -0.2396
vn 0.9774 0.1641 -0.1332
vn 0.9763 0.1250 -0.1769
vn 0.9181 0.3794 -0.1149
vn 0.9765 0.2114 -0.0420
vn 0.4179 0.1780 0.8909
vn 0.4114 0.2544 0.8752
vn 0.9619 0.2673 -0.0567
vn 0.9974 0.0280 -0.0663
vn 0.9895 0.0840 -0.1174
vn 0.9362 0.3074 -0.1706
vn 0.9807 0.1938 -0.0270
vn 0.9721 0.2342 -0.0058
vn 0.9650 0.2596 0.0371
vn 0.9714 0.2365 -0.0185
vn -0.0354 0.0153 -0.9992
vn -0.0464 -0.0389 -0.9981
vn -0.0220 -0.0483 -0.9986
vn -0.0122 -0.0055 -0.9999
vn -0.3816 -0.0057 -0.9243
vn -0.4356 -0.0063 -0.9001
vn -0.1162 -0.0226 -0.9930
vn -0.1109 -0.0011 -0.9938
vn -0.4169 0.0233 -0.9086
vn -0.4499 0.6066 -0.6554
vn -0.1082 0.6141 -0.7817
vn -0.1240 0.0436 -0.9913
vn 0.0328 0.2419 -0.9697
vn 0.0247 0.0221 -0.9994
vn 0.0205 0.0161 -0.9996
vn 0.0382 0.2705 -0.9619
vn -0.3926 0.3746 -0.8399
vn -0.4138 0.2438 -0.8771
vn -0.1503 0.0785 -0.9855
vn -0.0870 0.2589 -0.9619
vn -0.5012 0.1429 -0.8534
vn -0.4203 0.0658 -0.9050
vn -0.1383 0.0864 -0.9866
vn -0.1588 0.1301 -0.9787
vn 0.5313 0.0558 -0.8453
vn 0.5489 0.0332 -0.8352
vn 0.7942 0.0368 -0.6065
vn 0.7543 0.1089 -0.6475
vn -0.0105 0.2402 -0.9706
vn -0.0317 0.0017 -0.9995
vn 0.1218 0.0138 -0.9924
vn 0.1419 0.1277 -0.9816
vn -0.0206 0.0293 -0.9993
vn -0.0036 0.0480 -0.9988
vn 0.0904 0.0635 -0.9939
vn 0.1148 0.0435 -0.9924
vn 0.3948 0.0223 -0.9185
vn 0.3875 -0.0114 -0.9218
vn 0.8267 0.0116 -0.5625
vn 0.8500 0.0313 -0.5259
vn 0.0078 -0.0013 -0.9999
vn 0.0272 -0.0312 -0.9991
vn 0.1083 -0.0225 -0.9938
vn 0.0903 0.0188 -0.9957
vn 0.0194 0.0676 -0.9975
vn -0.0154 0.6169 -0.7869
vn 0.0728 0.6996 -0.7108
vn 0.0721 0.0040 -0.9974
vn 0.9692 0.1173 0.2162
vn 0.9811 0.0218 0.1923
vn 0.8524 0.0179 0.5225
vn 0.7129 0.1677 0.6810
vn 0.9920 0.1258 0.0081
vn 0.9876 0.1566 -0.0036
vn 0.9955 0.0932 0.0159
vn 0.9903 0.1229 0.0648
vn 0.9796 0.1980 -0.0347
vn 0.8624 0.5061 -0.0078
vn 0.8088 0.5877 -0.0203
vn 0.9765 0.2117 -0.0405
vn 0.0070 -0.9996 0.0259
vn 0.0085 -0.9995 0.0314
vn 0.0494 -0.5646 0.8238
vn 0.0009 -0.5476 0.8367
vn 0.0056 -0.9999 -0.0073
vn 0.0045 -1.0000 -0.0038
vn 0.0066 -0.9999 -0.0082
vn 0.0065 -0.9999 -0.0089
vn 0.0480 -0.9988 -0.0019
vn 0.8865 -0.4621 -0.0217
vn 0.8685 -0.4602 -0.1840
vn 0.0411 -0.9990 -0.0152
vn -0.9715 0.0150 -0.2365
vn -0.9802 0.0537 -0.1905
vn -0.8326 0.0373 -0.5526
vn -0.8071 0.0062 -0.5904
vn -0.9827 0.1106 -0.1484
vn -0.9856 0.1264 -0.1122
vn -0.9958 0.0850 -0.0316
vn -0.9854 0.1105 -0.1296
vn -0.9807 0.1948 -0.0186
vn -0.9803 0.1935 -0.0400
vn -0.4289 0.0002 0.9033
vn -0.4490 0.0018 0.8935
vn -0.8385 0.0344 0.5438
vn -0.8188 -0.0161 0.5738
vn -0.0417 -0.0285 0.9987
vn -0.0476 -0.0351 0.9982
vn -0.1312 -0.0283 0.9909
vn -0.1209 -0.0141 0.9926
vn -0.0306 0.0891 0.9955
vn 0.0181 0.7031 0.7108
vn -0.1714 0.6820 0.7110
vn -0.1255 0.0196 0.9919
vn 0.0430 0.9984 0.0359
vn -0.1497 0.9886 0.0110
vn 0.0617 0.9977 -0.0266
vn -0.1245 0.9920 -0.0209
vn -0.1320 0.9893 -0.0619
vn 0.0493 0.9943 -0.0945
vn -0.5900 0.8073 -0.0122
vn -0.6258 0.7798 -0.0115
vn 0.0187 -0.4760 -0.8792
vn 0.1471 -0.5368 -0.8308
vn 0.0371 -0.4614 -0.8864
vn 0.4090 -0.6127 -0.6762
vn 0.5905 -0.5932 -0.5472
vn -0.3329 -0.5047 -0.7965
vn -0.0912 -0.3802 -0.9204
vn -0.8698 -0.2676 -0.4144
vn 0.0212 -0.4443 -0.8956
vn -0.5631 -0.6647 0.4910
vn -0.6095 -0.5312 0.5885
vn -0.9546 0.2568 0.1505
vn -0.8221 -0.3739 0.4293
vn -0.7306 -0.5159 0.4472
vn -0.9784 -0.2013 -0.0467
vn -0.9635 -0.2614 0.0573
vn -0.9730 -0.2286 0.0320
usemtl hiper-atlas
s 1
f 2077/2435/764 1859/2436/765 1698/2437/766 1796/2438/767
f 2076/2439/768 1796/2440/767 1698/2441/766 1793/2442/769
f 2075/2443/770 1799/2444/771 1696/2445/772 1855/2446/773
f 2074/2447/774 1861/2448/775 1695/2449/776 1798/2450/777
f 2073/2451/778 1797/2452/779 1694/2453/780 1854/2454/781
f 2072/2455/782 1800/2456/783 1692/2457/784 1852/2458/785
f 2071/2459/786 1814/2460/787 1702/2461/788 1840/2462/789
f 2070/2463/790 1815/2464/791 1712/2465/792 1864/2466/793
f 2069/2467/794 1812/2468/795 1710/2469/796 1865/2470/797
f 2068/2471/798 1818/2472/799 1704/2473/800 1842/2474/801
f 2067/2475/802 1819/2476/803 1713/2477/804 1868/2478/805
f 2066/2479/806 1809/2480/807 1707/2481/808 1869/2482/809
f 2065/2483/810 1822/2484/811 1708/2485/812 1810/2486/813
f 2064/2487/814 1823/2488/815 1714/2489/816 1872/2490/817
f 2063/2491/818 1849/2492/819 1711/2493/820 1873/2494/821
f 2062/2495/822 1826/2496/823 1705/2497/824 1843/2498/825
f 2061/2499/826 1827/2500/827 1715/2501/828 1876/2502/829
f 2060/2503/830 1811/2504/831 1709/2505/832 1877/2506/833
f 2059/2507/834 1830/2508/835 1703/2509/836 1805/2510/837
f 2058/2511/838 1831/2512/839 1716/2513/840 1880/2514/841
f 2057/2515/842 1808/2516/843 1706/2517/844 1881/2518/845
f 2056/2519/846 1834/2520/847 1706/2521/844 1808/2522/843
f 2055/2523/848 1835/2524/849 1717/2525/850 1884/2526/851
f 2054/2527/852 1847/2528/853 1709/2529/832 1885/2530/854
f 2053/2531/855 1886/2532/856 1765/2533/857 1837/2534/858
f 2052/2535/859 1887/2536/860 1766/2537/861 1888/2538/862
f 2051/2539/863 1799/2540/771 1727/2541/864 1889/2542/865
f 2050/2543/866 1890/2544/867 1764/2545/868 1836/2546/869
f 2049/2547/870 1891/2548/871 1767/2549/872 1892/2550/873
f 2048/2551/874 1883/2552/875 1763/2553/876 1893/2554/877
f 2047/2555/878 1894/2556/879 1736/2557/880 1856/2558/881
f 2046/2559/882 1895/2560/883 1768/2561/884 1896/2562/885
f 2045/2563/886 1882/2564/887 1762/2565/888 1897/2566/889
f 2044/2567/890 1898/2568/891 1761/2569/892 1833/2570/893
f 2043/2571/894 1899/2572/895 1769/2573/896 1900/2574/897
f 2042/2575/898 1856/2576/881 1736/2577/880 1901/2578/899
f 2041/2579/900 1902/2580/901 1760/2581/902 1832/2582/903
f 2040/2583/904 1903/2584/905 1770/2585/906 1904/2586/907
f 2039/2587/908 1879/2588/909 1759/2589/910 1905/2590/911
f 2038/2591/912 1906/2592/913 1733/2593/914 1853/2594/915
f 2037/2595/916 1907/2596/917 1771/2597/918 1908/2598/919
f 2036/2599/920 1878/2600/921 1758/2601/922 1909/2602/923
f 2035/2603/924 1910/2604/925 1757/2605/926 1829/2606/927
f 2034/2607/928 1911/2608/929 1772/2609/930 1912/2610/931
f 2033/2611/932 1859/2612/765 1739/2613/933 1913/2614/934
f 2032/2615/935 1914/2616/936 1756/2617/937 1828/2618/938
f 2031/2619/939 1915/2620/940 1773/2621/941 1916/2622/942
f 2030/2623/943 1875/2624/944 1755/2625/945 1917/2626/946
f 2029/2627/947 1918/2628/948 1723/2629/949 1795/2630/950
f 2028/2631/951 1919/2632/952 1774/2633/953 1920/2634/954
f 2027/2635/955 1874/2636/956 1754/2637/957 1921/2638/958
f 2026/2639/959 1922/2640/960 1753/2641/961 1825/2642/962
f 2025/2643/963 1923/2644/964 1775/2645/965 1924/2646/966
f 2024/2647/967 1801/2648/968 1729/2649/969 1925/2650/970
f 2023/2651/971 1926/2652/972 1752/2653/973 1824/2654/974
f 2022/2655/975 1927/2656/976 1776/2657/977 1928/2658/978
f 2021/2659/979 1871/2660/980 1751/2661/981 1929/2662/982
f 2020/2663/983 1930/2664/984 1738/2665/985 1858/2666/986
f 2019/2667/987 1931/2668/988 1777/2669/989 1932/2670/990
f 2018/2671/991 1870/2672/992 1750/2673/993 1933/2674/994
f 2017/2675/995 1934/2676/996 1749/2677/997 1821/2678/998
f 2016/2679/999 1935/2680/1000 1778/2681/1001 1936/2682/1002
f 2015/2683/1003 1857/2684/1004 1737/2685/1005 1937/2686/1006
f 2014/2687/1007 1938/2688/1008 1748/2689/1009 1820/2690/1010
f 2013/2691/1011 1939/2692/1012 1779/2693/1013 1940/2694/1014
f 2012/2695/1015 1867/2696/1016 1747/2697/1017 1941/2698/1018
f 2011/2699/1019 1942/2700/1020 1722/2701/1021 1794/2702/1022
f 2010/2703/1023 1943/2704/1024 1780/2705/1025 1944/2706/1026
f 2009/2707/1027 1866/2708/1028 1746/2709/1029 1945/2710/1030
f 2008/2711/1031 1946/2712/1032 1745/2713/1033 1817/2714/1034
f 2007/2715/1035 1947/2716/1036 1781/2717/1037 1948/2718/1038
f 2006/2719/1039 1860/2720/1040 1740/2721/1041 1949/2722/1042
f 2005/2723/1043 1950/2724/1044 1744/2725/1045 1816/2726/1046
f 2004/2727/1047 1951/2728/1048 1782/2729/1049 1952/2730/1050
f 2003/2731/1051 1863/2732/1052 1743/2733/1053 1953/2734/1054
f 2002/2735/1055 1954/2736/1056 1720/2737/1057 1792/2738/1058
f 2001/2739/1059 1955/2740/1060 1783/2741/1061 1956/2742/1062
f 2000/2743/1063 1862/2744/1064 1742/2745/1065 1957/2746/1066
f 1999/2747/1067 1958/2748/1068 1732/2749/1069 1804/2750/1070
f 1998/2751/1071 1959/2752/1072 1784/2753/1073 1960/2754/1074
f 1997/2755/1075 1848/2756/1076 1728/2757/1077 1961/2758/1078
f 1996/2759/1079 1962/2760/1080 1734/2761/1081 1806/2762/1082
f 1995/2763/1083 1963/2764/1084 1785/2765/1085 1964/2766/1086
f 1994/2767/1087 1845/2768/1088 1725/2769/1089 1965/2770/1090
f 1993/2771/1091 1966/2772/1092 1726/2773/1093 1846/2774/1094
f 1992/2775/1095 1967/2776/1096 1786/2777/1097 1968/2778/1098
f 1991/2779/1099 1813/2780/1100 1741/2781/1101 1969/2782/1102
f 1990/2783/1103 1970/2784/1104 1735/2785/1105 1807/2786/1106
f 1989/2787/1107 1971/2788/1108 1787/2789/1109 1972/2790/1110
f 1988/2791/1111 1847/2792/853 1727/2793/864 1973/2794/1112
f 1987/2795/1113 1974/2796/1114 1721/2797/1115 1841/2798/1116
f 1986/2799/1117 1975/2800/1118 1788/2801/1119 1976/2802/1120
f 1985/2803/1121 1844/2804/1122 1724/2805/1123 1977/2806/1124
f 1984/2807/1125 1978/2808/1126 1724/2809/1123 1844/2810/1122
f 1983/2811/1127 1979/2812/1128 1789/2813/1129 1980/2814/1130
f 1982/2815/1131 1811/2816/831 1739/2817/933 1981/2818/1132
f 1979/2812/1128 1982/2815/1131 1981/2818/1132 1789/2813/1129
f 1765/2533/857 1885/2530/854 1982/2815/1131 1979/2812/1128
f 1885/2530/854 1709/2529/832 1811/2816/831 1982/2815/1131
f 1882/2564/887 1983/2811/1127 1980/2814/1130 1762/2565/888
f 1717/2525/850 1837/2534/858 1983/2811/1127 1882/2564/887
f 1837/2534/858 1765/2533/857 1979/2812/1128 1983/2811/1127
f 1834/2520/847 1984/2807/1125 1844/2810/1122 1706/2521/844
f 1762/2565/888 1980/2814/1130 1984/2807/1125 1834/2520/847
f 1980/2814/1130 1789/2813/1129 1978/2808/1126 1984/2807/1125
f 1975/2800/1118 1985/2803/1121 1977/2806/1124 1788/2801/1119
f 1761/2569/892 1881/2518/845 1985/2803/1121 1975/2800/1118
f 1881/2518/845 1706/2517/844 1844/2804/1122 1985/2803/1121
f 1878/2600/921 1986/2799/1117 1976/2802/1120 1758/2601/922
f 1716/2513/840 1833/2570/893 1986/2799/1117 1878/2600/921
f 1833/2570/893 1761/2569/892 1975/2800/1118 1986/2799/1117
f 1830/2508/835 1987/2795/1113 1841/2798/1116 1703/2509/836
f 1758/2601/922 1976/2802/1120 1987/2795/1113 1830/2508/835
f 1976/2802/1120 1788/2801/1119 1974/2796/1114 1987/2795/1113
f 1971/2788/1108 1988/2791/1111 1973/2794/1112 1787/2789/1109
f 1757/2605/926 1877/2506/833 1988/2791/1111 1971/2788/1108
f 1877/2506/833 1709/2505/832 1847/2792/853 1988/2791/1111
f 1874/2636/956 1989/2787/1107 1972/2790/1110 1754/2637/957
f 1715/2501/828 1829/2606/927 1989/2787/1107 1874/2636/956
f 1829/2606/927 1757/2605/926 1971/2788/1108 1989/2787/1107
f 1826/2496/823 1990/2783/1103 1807/2786/1106 1705/2497/824
f 1754/2637/957 1972/2790/1110 1990/2783/1103 1826/2496/823
f 1972/2790/1110 1787/2789/1109 1970/2784/1104 1990/2783/1103
f 1967/2776/1096 1991/2779/1099 1969/2782/1102 1786/2777/1097
f 1753/2641/961 1873/2494/821 1991/2779/1099 1967/2776/1096
f 1873/2494/821 1711/2493/820 1813/2780/1100 1991/2779/1099
f 1870/2672/992 1992/2775/1095 1968/2778/1098 1750/2673/993
f 1714/2489/816 1825/2642/962 1992/2775/1095 1870/2672/992
f 1825/2642/962 1753/2641/961 1967/2776/1096 1992/2775/1095
f 1822/2484/811 1993/2771/1091 1846/2774/1094 1708/2485/812
f 1750/2673/993 1968/2778/1098 1993/2771/1091 1822/2484/811
f 1968/2778/1098 1786/2777/1097 1966/2772/1092 1993/2771/1091
f 1963/2764/1084 1994/2767/1087 1965/2770/1090 1785/2765/1085
f 1749/2677/997 1869/2482/809 1994/2767/1087 1963/2764/1084
f 1869/2482/809 1707/2481/808 1845/2768/1088 1994/2767/1087
f 1866/2708/1028 1995/2763/1083 1964/2766/1086 1746/2709/1029
f 1713/2477/804 1821/2678/998 1995/2763/1083 1866/2708/1028
f 1821/2678/998 1749/2677/997 1963/2764/1084 1995/2763/1083
f 1818/2472/799 1996/2759/1079 1806/2762/1082 1704/2473/800
f 1746/2709/1029 1964/2766/1086 1996/2759/1079 1818/2472/799
f 1964/2766/1086 1785/2765/1085 1962/2760/1080 1996/2759/1079
f 1959/2752/1072 1997/2755/1075 1961/2758/1078 1784/2753/1073
f 1745/2713/1033 1865/2470/797 1997/2755/1075 1959/2752/1072
f 1865/2470/797 1710/2469/796 1848/2756/1076 1997/2755/1075
f 1862/2744/1064 1998/2751/1071 1960/2754/1074 1742/2745/1065
f 1712/2465/792 1817/2714/1034 1998/2751/1071 1862/2744/1064
f 1817/2714/1034 1745/2713/1033 1959/2752/1072 1998/2751/1071
f 1814/2460/787 1999/2747/1067 1804/2750/1070 1702/2461/788
f 1742/2745/1065 1960/2754/1074 1999/2747/1067 1814/2460/787
f 1960/2754/1074 1784/2753/1073 1958/2748/1068 1999/2747/1067
f 1955/2740/1060 2000/2743/1063 1957/2746/1066 1783/2741/1061
f 1744/2725/1045 1864/2466/793 2000/2743/1063 1955/2740/1060
f 1864/2466/793 1712/2465/792 1862/2744/1064 2000/2743/1063
f 1803/2819/1133 2001/2739/1059 1956/2742/1062 1731/2820/1134
f 1701/2821/1135 1816/2726/1046 2001/2739/1059 1803/2819/1133
f 1816/2726/1046 1744/2725/1045 1955/2740/1060 2001/2739/1059
f 1851/2822/1136 2002/2735/1055 1792/2738/1058 1693/2823/1137
f 1731/2820/1134 1956/2742/1062 2002/2735/1055 1851/2822/1136
f 1956/2742/1062 1783/2741/1061 1954/2736/1056 2002/2735/1055
f 1951/2728/1048 2003/2731/1051 1953/2734/1054 1782/2729/1049
f 1723/2824/949 1843/2825/825 2003/2731/1051 1951/2728/1048
f 1843/2825/825 1705/2826/824 1863/2732/1052 2003/2731/1051
f 1791/2827/1138 2004/2727/1047 1952/2730/1050 1719/2828/1139
f 1697/2829/1140 1795/2830/950 2004/2727/1047 1791/2827/1138
f 1795/2830/950 1723/2824/949 1951/2728/1048 2004/2727/1047
f 1839/2831/1141 2005/2723/1043 1816/2726/1046 1701/2821/1135
f 1719/2828/1139 1952/2730/1050 2005/2723/1043 1839/2831/1141
f 1952/2730/1050 1782/2729/1049 1950/2724/1044 2005/2723/1043
f 1947/2716/1036 2006/2719/1039 1949/2722/1042 1781/2717/1037
f 1735/2832/1105 1855/2833/773 2006/2719/1039 1947/2716/1036
f 1855/2833/773 1696/2834/772 1860/2720/1040 2006/2719/1039
f 1863/2732/1052 2007/2715/1035 1948/2718/1038 1743/2733/1053
f 1705/2826/824 1807/2835/1106 2007/2715/1035 1863/2732/1052
f 1807/2835/1106 1735/2832/1105 1947/2716/1036 2007/2715/1035
f 1815/2464/791 2008/2711/1031 1817/2714/1034 1712/2465/792
f 1743/2733/1053 1948/2718/1038 2008/2711/1031 1815/2464/791
f 1948/2718/1038 1781/2717/1037 1946/2712/1032 2008/2711/1031
f 1943/2704/1024 2009/2707/1027 1945/2710/1030 1780/2705/1025
f 1748/2689/1009 1868/2478/805 2009/2707/1027 1943/2704/1024
f 1868/2478/805 1713/2477/804 1866/2708/1028 2009/2707/1027
f 1813/2836/1100 2010/2703/1023 1944/2706/1026 1741/2837/1101
f 1711/2838/820 1820/2690/1010 2010/2703/1023 1813/2836/1100
f 1820/2690/1010 1748/2689/1009 1943/2704/1024 2010/2703/1023
f 1861/2839/775 2011/2699/1019 1794/2702/1022 1695/2840/776
f 1741/2837/1101 1944/2706/1026 2011/2699/1019 1861/2839/775
f 1944/2706/1026 1780/2705/1025 1942/2700/1020 2011/2699/1019
f 1939/2692/1012 2012/2695/1015 1941/2698/1018 1779/2693/1013
f 1720/2841/1057 1840/2842/789 2012/2695/1015 1939/2692/1012
f 1840/2842/789 1702/2843/788 1867/2696/1016 2012/2695/1015
f 1801/2844/968 2013/2691/1011 1940/2694/1014 1729/2845/969
f 1693/2846/1137 1792/2847/1058 2013/2691/1011 1801/2844/968
f 1792/2847/1058 1720/2841/1057 1939/2692/1012 2013/2691/1011
f 1849/2848/819 2014/2687/1007 1820/2690/1010 1711/2838/820
f 1729/2845/969 1940/2694/1014 2014/2687/1007 1849/2848/819
f 1940/2694/1014 1779/2693/1013 1938/2688/1008 2014/2687/1007
f 1935/2680/1000 2015/2683/1003 1937/2686/1006 1778/2681/1001
f 1732/2849/1069 1852/2850/785 2015/2683/1003 1935/2680/1000
f 1852/2850/785 1692/2851/784 1857/2684/1004 2015/2683/1003
f 1867/2696/1016 2016/2679/999 1936/2682/1002 1747/2697/1017
f 1702/2843/788 1804/2852/1070 2016/2679/999 1867/2696/1016
f 1804/2852/1070 1732/2849/1069 1935/2680/1000 2016/2679/999
f 1819/2476/803 2017/2675/995 1821/2678/998 1713/2477/804
f 1747/2697/1017 1936/2682/1002 2017/2675/995 1819/2476/803
f 1936/2682/1002 1778/2681/1001 1934/2676/996 2017/2675/995
f 1931/2668/988 2018/2671/991 1933/2674/994 1777/2669/989
f 1752/2653/973 1872/2490/817 2018/2671/991 1931/2668/988
f 1872/2490/817 1714/2489/816 1870/2672/992 2018/2671/991
f 1838/2853/1142 2019/2667/987 1932/2670/990 1718/2854/1143
f 1700/2855/1144 1824/2654/974 2019/2667/987 1838/2853/1142
f 1824/2654/974 1752/2653/973 1931/2668/988 2019/2667/987
f 1790/2856/1145 2020/2663/983 1858/2666/986 1699/2857/1146
f 1718/2854/1143 1932/2670/990 2020/2663/983 1790/2856/1145
f 1932/2670/990 1777/2669/989 1930/2664/984 2020/2663/983
f 1927/2656/976 2021/2659/979 1929/2662/982 1776/2657/977
f 1719/2858/1139 1839/2859/1141 2021/2659/979 1927/2656/976
f 1839/2859/1141 1701/2860/1135 1871/2660/980 2021/2659/979
f 1850/2861/1147 2022/2655/975 1928/2658/978 1730/2862/1148
f 1697/2863/1140 1791/2864/1138 2022/2655/975 1850/2861/1147
f 1791/2864/1138 1719/2858/1139 1927/2656/976 2022/2655/975
f 1802/2865/1149 2023/2651/971 1824/2654/974 1700/2855/1144
f 1730/2862/1148 1928/2658/978 2023/2651/971 1802/2865/1149
f 1928/2658/978 1776/2657/977 1926/2652/972 2023/2651/971
f 1923/2644/964 2024/2647/967 1925/2650/970 1775/2645/965
f 1731/2866/1134 1851/2867/1136 2024/2647/967 1923/2644/964
f 1851/2867/1136 1693/2868/1137 1801/2648/968 2024/2647/967
f 1871/2660/980 2025/2643/963 1924/2646/966 1751/2661/981
f 1701/2860/1135 1803/2869/1133 2025/2643/963 1871/2660/980
f 1803/2869/1133 1731/2866/1134 1923/2644/964 2025/2643/963
f 1823/2488/815 2026/2639/959 1825/2642/962 1714/2489/816
f 1751/2661/981 1924/2646/966 2026/2639/959 1823/2488/815
f 1924/2646/966 1775/2645/965 1922/2640/960 2026/2639/959
f 1919/2632/952 2027/2635/955 1921/2638/958 1774/2633/953
f 1756/2617/937 1876/2502/829 2027/2635/955 1919/2632/952
f 1876/2502/829 1715/2501/828 1874/2636/956 2027/2635/955
f 1802/2870/1149 2028/2631/951 1920/2634/954 1730/2871/1148
f 1700/2872/1144 1828/2618/938 2028/2631/951 1802/2870/1149
f 1828/2618/938 1756/2617/937 1919/2632/952 2028/2631/951
f 1850/2873/1147 2029/2627/947 1795/2630/950 1697/2874/1140
f 1730/2871/1148 1920/2634/954 2029/2627/947 1850/2873/1147
f 1920/2634/954 1774/2633/953 1918/2628/948 2029/2627/947
f 1915/2620/940 2030/2623/943 1917/2626/946 1773/2621/941
f 1733/2875/914 1805/2876/837 2030/2623/943 1915/2620/940
f 1805/2876/837 1703/2877/836 1875/2624/944 2030/2623/943
f 1790/2878/1145 2031/2619/939 1916/2622/942 1718/2879/1143
f 1699/2880/1146 1853/2881/915 2031/2619/939 1790/2878/1145
f 1853/2881/915 1733/2875/914 1915/2620/940 2031/2619/939
f 1838/2882/1142 2032/2615/935 1828/2618/938 1700/2872/1144
f 1718/2879/1143 1916/2622/942 2032/2615/935 1838/2882/1142
f 1916/2622/942 1773/2621/941 1914/2616/936 2032/2615/935
f 1911/2608/929 2033/2611/932 1913/2614/934 1772/2609/930
f 1721/2883/1115 1793/2884/769 2033/2611/932 1911/2608/929
f 1793/2884/769 1698/2885/766 1859/2612/765 2033/2611/932
f 1875/2624/944 2034/2607/928 1912/2610/931 1755/2625/945
f 1703/2877/836 1841/2886/1116 2034/2607/928 1875/2624/944
f 1841/2886/1116 1721/2883/1115 1911/2608/929 2034/2607/928
f 1827/2500/827 2035/2603/924 1829/2606/927 1715/2501/828
f 1755/2625/945 1912/2610/931 2035/2603/924 1827/2500/827
f 1912/2610/931 1772/2609/930 1910/2604/925 2035/2603/924
f 1907/2596/917 2036/2599/920 1909/2602/923 1771/2597/918
f 1760/2581/902 1880/2514/841 2036/2599/920 1907/2596/917
f 1880/2514/841 1716/2513/840 1878/2600/921 2036/2599/920
f 1810/2887/813 2037/2595/916 1908/2598/919 1738/2888/985
f 1708/2889/812 1832/2582/903 2037/2595/916 1810/2887/813
f 1832/2582/903 1760/2581/902 1907/2596/917 2037/2595/916
f 1858/2890/986 2038/2591/912 1853/2594/915 1699/2891/1146
f 1738/2888/985 1908/2598/919 2038/2591/912 1858/2890/986
f 1908/2598/919 1771/2597/918 1906/2592/913 2038/2591/912
f 1903/2584/905 2039/2587/908 1905/2590/911 1770/2585/906
f 1722/2892/1021 1842/2893/801 2039/2587/908 1903/2584/905
f 1842/2893/801 1704/2894/800 1879/2588/909 2039/2587/908
f 1798/2895/777 2040/2583/904 1904/2586/907 1726/2896/1093
f 1695/2897/776 1794/2898/1022 2040/2583/904 1798/2895/777
f 1794/2898/1022 1722/2892/1021 1903/2584/905 2040/2583/904
f 1846/2899/1094 2041/2579/900 1832/2582/903 1708/2889/812
f 1726/2896/1093 1904/2586/907 2041/2579/900 1846/2899/1094
f 1904/2586/907 1770/2585/906 1902/2580/901 2041/2579/900
f 1899/2572/895 2042/2575/898 1901/2578/899 1769/2573/896
f 1734/2900/1081 1854/2901/781 2042/2575/898 1899/2572/895
f 1854/2901/781 1694/2902/780 1856/2576/881 2042/2575/898
f 1879/2588/909 2043/2571/894 1900/2574/897 1759/2589/910
f 1704/2894/800 1806/2903/1082 2043/2571/894 1879/2588/909
f 1806/2903/1082 1734/2900/1081 1899/2572/895 2043/2571/894
f 1831/2512/839 2044/2567/890 1833/2570/893 1716/2513/840
f 1759/2589/910 1900/2574/897 2044/2567/890 1831/2512/839
f 1900/2574/897 1769/2573/896 1898/2568/891 2044/2567/890
f 1895/2560/883 2045/2563/886 1897/2566/889 1768/2561/884
f 1764/2545/868 1884/2526/851 2045/2563/886 1895/2560/883
f 1884/2526/851 1717/2525/850 1882/2564/887 2045/2563/886
f 1845/2904/1088 2046/2559/882 1896/2562/885 1725/2905/1089
f 1707/2906/808 1836/2546/869 2046/2559/882 1845/2904/1088
f 1836/2546/869 1764/2545/868 1895/2560/883 2046/2559/882
f 1797/2907/779 2047/2555/878 1856/2558/881 1694/2908/780
f 1725/2905/1089 1896/2562/885 2047/2555/878 1797/2907/779
f 1896/2562/885 1768/2561/884 1894/2556/879 2047/2555/878
f 1891/2548/871 2048/2551/874 1893/2554/877 1767/2549/872
f 1728/2909/1077 1848/2910/1076 2048/2551/874 1891/2548/871
f 1848/2910/1076 1710/2911/796 1883/2552/875 2048/2551/874
f 1857/2912/1004 2049/2547/870 1892/2550/873 1737/2913/1005
f 1692/2914/784 1800/2915/783 2049/2547/870 1857/2912/1004
f 1800/2915/783 1728/2909/1077 1891/2548/871 2049/2547/870
f 1809/2916/807 2050/2543/866 1836/2546/869 1707/2906/808
f 1737/2913/1005 1892/2550/873 2050/2543/866 1809/2916/807
f 1892/2550/873 1767/2549/872 1890/2544/867 2050/2543/866
f 1887/2536/860 2051/2539/863 1889/2542/865 1766/2537/861
f 1740/2917/1041 1860/2918/1040 2051/2539/863 1887/2536/860
f 1860/2918/1040 1696/2919/772 1799/2540/771 2051/2539/863
f 1883/2552/875 2052/2535/859 1888/2538/862 1763/2553/876
f 1710/2911/796 1812/2920/795 2052/2535/859 1883/2552/875
f 1812/2920/795 1740/2917/1041 1887/2536/860 2052/2535/859
f 1835/2524/849 2053/2531/855 1837/2534/858 1717/2525/850
f 1763/2553/876 1888/2538/862 2053/2531/855 1835/2524/849
f 1888/2538/862 1766/2537/861 1886/2532/856 2053/2531/855
f 1886/2532/856 2054/2527/852 1885/2530/854 1765/2533/857
f 1766/2537/861 1889/2542/865 2054/2527/852 1886/2532/856
f 1889/2542/865 1727/2541/864 1847/2528/853 2054/2527/852
f 1890/2544/867 2055/2523/848 1884/2526/851 1764/2545/868
f 1767/2549/872 1893/2554/877 2055/2523/848 1890/2544/867
f 1893/2554/877 1763/2553/876 1835/2524/849 2055/2523/848
f 1894/2556/879 2056/2519/846 1808/2522/843 1736/2557/880
f 1768/2561/884 1897/2566/889 2056/2519/846 1894/2556/879
f 1897/2566/889 1762/2565/888 1834/2520/847 2056/2519/846
f 1898/2568/891 2057/2515/842 1881/2518/845 1761/2569/892
f 1769/2573/896 1901/2578/899 2057/2515/842 1898/2568/891
f 1901/2578/899 1736/2577/880 1808/2516/843 2057/2515/842
f 1902/2580/901 2058/2511/838 1880/2514/841 1760/2581/902
f 1770/2585/906 1905/2590/911 2058/2511/838 1902/2580/901
f 1905/2590/911 1759/2589/910 1831/2512/839 2058/2511/838
f 1906/2592/913 2059/2507/834 1805/2510/837 1733/2593/914
f 1771/2597/918 1909/2602/923 2059/2507/834 1906/2592/913
f 1909/2602/923 1758/2601/922 1830/2508/835 2059/2507/834
f 1910/2604/925 2060/2503/830 1877/2506/833 1757/2605/926
f 1772/2609/930 1913/2614/934 2060/2503/830 1910/2604/925
f 1913/2614/934 1739/2613/933 1811/2504/831 2060/2503/830
f 1914/2616/936 2061/2499/826 1876/2502/829 1756/2617/937
f 1773/2621/941 1917/2626/946 2061/2499/826 1914/2616/936
f 1917/2626/946 1755/2625/945 1827/2500/827 2061/2499/826
f 1918/2628/948 2062/2495/822 1843/2498/825 1723/2629/949
f 1774/2633/953 1921/2638/958 2062/2495/822 1918/2628/948
f 1921/2638/958 1754/2637/957 1826/2496/823 2062/2495/822
f 1922/2640/960 2063/2491/818 1873/2494/821 1753/2641/961
f 1775/2645/965 1925/2650/970 2063/2491/818 1922/2640/960
f 1925/2650/970 1729/2649/969 1849/2492/819 2063/2491/818
f 1926/2652/972 2064/2487/814 1872/2490/817 1752/2653/973
f 1776/2657/977 1929/2662/982 2064/2487/814 1926/2652/972
f 1929/2662/982 1751/2661/981 1823/2488/815 2064/2487/814
f 1930/2664/984 2065/2483/810 1810/2486/813 1738/2665/985
f 1777/2669/989 1933/2674/994 2065/2483/810 1930/2664/984
f 1933/2674/994 1750/2673/993 1822/2484/811 2065/2483/810
f 1934/2676/996 2066/2479/806 1869/2482/809 1749/2677/997
f 1778/2681/1001 1937/2686/1006 2066/2479/806 1934/2676/996
f 1937/2686/1006 1737/2685/1005 1809/2480/807 2066/2479/806
f 1938/2688/1008 2067/2475/802 1868/2478/805 1748/2689/1009
f 1779/2693/1013 1941/2698/1018 2067/2475/802 1938/2688/1008
f 1941/2698/1018 1747/2697/1017 1819/2476/803 2067/2475/802
f 1942/2700/1020 2068/2471/798 1842/2474/801 1722/2701/1021
f 1780/2705/1025 1945/2710/1030 2068/2471/798 1942/2700/1020
f 1945/2710/1030 1746/2709/1029 1818/2472/799 2068/2471/798
f 1946/2712/1032 2069/2467/794 1865/2470/797 1745/2713/1033
f 1781/2717/1037 1949/2722/1042 2069/2467/794 1946/2712/1032
f 1949/2722/1042 1740/2721/1041 1812/2468/795 2069/2467/794
f 1950/2724/1044 2070/2463/790 1864/2466/793 1744/2725/1045
f 1782/2729/1049 1953/2734/1054 2070/2463/790 1950/2724/1044
f 1953/2734/1054 1743/2733/1053 1815/2464/791 2070/2463/790
f 1954/2736/1056 2071/2459/786 1840/2462/789 1720/2737/1057
f 1783/2741/1061 1957/2746/1066 2071/2459/786 1954/2736/1056
f 1957/2746/1066 1742/2745/1065 1814/2460/787 2071/2459/786
f 1958/2748/1068 2072/2455/782 1852/2458/785 1732/2749/1069
f 1784/2753/1073 1961/2758/1078 2072/2455/782 1958/2748/1068
f 1961/2758/1078 1728/2757/1077 1800/2456/783 2072/2455/782
f 1962/2760/1080 2073/2451/778 1854/2454/781 1734/2761/1081
f 1785/2765/1085 1965/2770/1090 2073/2451/778 1962/2760/1080
f 1965/2770/1090 1725/2769/1089 1797/2452/779 2073/2451/778
f 1966/2772/1092 2074/2447/774 1798/2450/777 1726/2773/1093
f 1786/2777/1097 1969/2782/1102 2074/2447/774 1966/2772/1092
f 1969/2782/1102 1741/2781/1101 1861/2448/775 2074/2447/774
f 1970/2784/1104 2075/2443/770 1855/2446/773 1735/2785/1105
f 1787/2789/1109 1973/2794/1112 2075/2443/770 1970/2784/1104
f 1973/2794/1112 1727/2793/864 1799/2444/771 2075/2443/770
f 1974/2796/1114 2076/2439/768 1793/2442/769 1721/2797/1115
f 1788/2801/1119 1977/2806/1124 2076/2439/768 1974/2796/1114
f 1977/2806/1124 1724/2805/1123 1796/2440/767 2076/2439/768
f 1978/2808/1126 2077/2435/764 1796/2438/767 1724/2809/1123
f 1789/2813/1129 1981/2818/1132 2077/2435/764 1978/2808/1126
f 1981/2818/1132 1739/2817/933 1859/2436/765 2077/2435/764
o caja-madera-cubierta-lona
v 1.591132 0.778388 0.676509
v 1.696129 0.141396 0.529137
v 1.620373 1.015512 1.431393
v 1.696129 0.141396 1.452338
v 0.359333 0.909195 0.611560
v 0.308747 0.141396 0.529137
v 0.512969 0.745716 1.333772
v 0.308747 0.141396 1.452338
v 0.308747 0.141396 0.997199
v 0.999753 0.141396 0.529137
v 1.696544 0.596908 0.574587
v 0.321617 0.581699 1.433897
v 1.688434 0.597204 1.438102
v 0.309542 0.588031 0.537617
v 1.014419 0.962821 1.422316
v 1.644443 0.915602 1.045664
v 0.999145 0.141396 1.452338
v 0.343786 0.898828 0.991202
v 0.921369 0.864324 0.677514
v 1.696129 0.141396 1.001819
v 1.001180 0.598055 0.522025
v 1.691745 0.585444 0.998241
v 1.042129 0.141396 1.000110
v 0.296356 0.569443 0.999816
v 1.019644 0.616947 1.474834
v 0.969110 0.956224 1.029770
v 0.308747 0.141396 1.267270
v 0.605596 0.141396 0.529137
v 1.689699 0.383218 0.550026
v 0.317427 0.636183 1.411975
v 1.704575 0.407864 1.464592
v 0.296057 0.370095 0.530838
v 0.680528 0.822917 1.339234
v 1.606980 1.014804 1.214096
v 1.394071 0.141396 1.452338
v 0.367341 0.912371 0.797778
v 1.298491 0.788946 0.663077
v 1.696129 0.141396 0.730552
v 0.308747 0.141396 0.727801
v 1.393798 0.141396 0.529137
v 1.658003 0.744289 0.565962
v 0.308508 0.369096 1.443730
v 1.649598 0.801225 1.446884
v 0.330770 0.870021 0.530225
v 1.356694 0.986731 1.446064
v 1.620495 0.829574 0.813694
v 0.605462 0.141396 1.452338
v 0.407472 0.809523 1.156509
v 0.613137 0.936797 0.601440
v 1.696129 0.141396 1.268826
v 1.388487 0.608171 0.519924
v 0.603143 0.602138 0.514989
v 1.002177 0.390792 0.518870
v 0.990458 0.794501 0.518339
v 1.721187 0.616032 1.263692
v 1.713199 0.609253 0.720356
v 1.746805 0.401808 0.994307
v 1.690377 0.795946 1.035631
v 0.969822 0.141396 1.305937
v 0.971119 0.141396 0.779783
v 0.612825 0.141396 1.000536
v 1.392577 0.141396 0.999610
v 0.279278 0.593235 0.729729
v 0.278236 0.612032 1.292029
v 0.306186 0.380727 0.999833
v 0.314319 0.754891 1.034644
v 0.600247 0.619794 1.456085
v 1.413569 0.607705 1.470783
v 0.980332 0.422184 1.507381
v 1.008960 0.820745 1.471762
v 1.017345 0.977424 1.260552
v 0.921901 0.931327 0.863380
v 1.396291 0.944860 1.071093
v 0.624038 0.949499 1.024018
v 0.597731 0.942228 0.803045
v 1.373493 0.828802 0.833805
v 1.373192 1.003532 1.189997
v 1.403171 0.834755 1.474179
v 1.401697 0.429036 1.501471
v 0.601893 0.384589 1.457012
v 0.317013 0.741663 1.221513
v 0.251114 0.372900 1.268395
v 0.306171 0.379940 0.730087
v 1.394465 0.141396 0.730022
v 0.624694 0.141396 0.702429
v 0.609520 0.141396 1.290566
v 1.685399 0.774358 0.777689
v 1.732995 0.401746 0.732303
v 1.745090 0.371563 1.271798
v 0.641596 0.800612 0.540860
v 0.602399 0.371385 0.510041
v 1.387989 0.381955 0.532075
v 1.392860 0.749295 0.541320
v 1.693657 0.794286 1.261718
v 1.394739 0.141396 1.288332
v 0.335503 0.835992 0.742024
v 0.649140 0.754768 1.453364
v 0.679267 0.907242 1.184261
v 0.308747 0.141396 1.372269
v 0.437712 0.141396 0.529137
v 1.695855 0.265224 0.534936
v 0.398492 0.685197 1.378996
v 1.695855 0.268526 1.443503
v 0.309053 0.268040 0.534936
v 0.585463 0.777844 1.325915
v 1.620813 1.032472 1.342800
v 1.562526 0.141396 1.452338
v 0.365264 0.911624 0.703803
v 1.431834 0.772887 0.663245
v 1.696129 0.141396 0.620371
v 0.308747 0.141396 0.863337
v 1.196697 0.141396 0.529137
v 1.678692 0.670989 0.568616
v 0.309564 0.475110 1.433859
v 1.672196 0.697272 1.440546
v 0.316836 0.739131 0.554685
v 1.184149 0.977831 1.437211
v 1.646090 0.858683 0.929253
v 0.802239 0.141396 1.452338
v 0.365219 0.853489 1.074774
v 0.768537 0.927062 0.641142
v 1.696129 0.141396 1.135435
v 1.559516 0.603280 0.533577
v 0.801831 0.590081 0.522878
v 1.000435 0.265224 0.534936
v 0.996821 0.704978 0.516079
v 1.706611 0.611093 1.357362
v 1.690660 0.597587 0.860209
v 1.695855 0.319923 0.994879
v 1.700028 0.696679 1.038612
v 0.969485 0.141396 1.387876
v 1.008555 0.141396 0.882240
v 0.448506 0.141396 0.999842
v 1.232212 0.141396 1.000666
v 0.276301 0.598972 0.623852
v 0.272133 0.594452 1.155656
v 0.309053 0.268040 0.997990
v 0.329081 0.660072 1.018674
v 0.450605 0.598871 1.457742
v 1.220080 0.612363 1.471401
v 0.990090 0.268526 1.443503
v 1.012855 0.716079 1.478863
v 1.014569 0.970068 1.341710
v 0.949223 0.943111 0.940141
v 1.533850 0.935399 1.060215
v 0.790536 0.924342 1.029509
v 0.308747 0.141396 1.132022
v 0.802709 0.141396 0.529137
v 1.691542 0.488653 0.568660
v 0.317678 0.610366 1.422725
v 1.692698 0.498267 1.440869
v 0.307356 0.476386 0.530957
v 0.846715 0.906551 1.383313
v 1.618547 0.974716 1.127738
v 1.196925 0.141396 1.452338
v 0.348296 0.897356 0.896651
v 1.108723 0.802155 0.670752
v 1.696129 0.141396 0.866186
v 0.308747 0.141396 0.620339
v 1.553280 0.141396 0.529137
v 1.631954 0.763287 0.610055
v 0.309053 0.268040 1.443503
v 1.629931 0.920826 1.441354
v 0.344487 0.899516 0.559636
v 1.502138 0.997657 1.446668
v 1.605228 0.807242 0.743878
v 0.446523 0.141396 1.452338
v 0.466791 0.772627 1.237586
v 0.467559 0.934775 0.602857
v 1.696129 0.141396 1.377195
v 1.193752 0.606104 0.514149
v 0.443688 0.596722 0.507741
v 1.000619 0.494966 0.523216
v 0.961836 0.841407 0.580910
v 1.711240 0.599654 1.131663
v 1.728498 0.605850 0.639021
v 1.716929 0.466225 0.992826
v 1.656388 0.873150 1.023048
v 1.009750 0.141396 1.153198
v 0.967942 0.141396 0.646829
v 0.828009 0.141396 1.000932
v 1.570566 0.141396 1.000915
v 0.265898 0.594084 0.859053
v 0.289154 0.598925 1.363964
v 0.269894 0.488623 0.992138
v 0.326409 0.829223 1.012745
v 0.809956 0.614512 1.467823
v 1.566018 0.604027 1.469345
v 0.991890 0.488182 1.486464
v 1.021065 0.914328 1.458426
v 0.990441 0.976246 1.146537
v 0.917553 0.900184 0.771192
v 1.186515 0.937617 1.059373
v 0.471555 0.930283 1.002136
v 0.603776 0.938889 0.914835
v 0.600610 0.941250 0.704414
v 0.787661 0.930551 0.815990
v 0.486565 0.933728 0.804088
v 1.391074 0.880396 0.956380
v 1.336013 0.800453 0.752867
v 1.489888 0.820937 0.827883
v 1.156069 0.857724 0.846741
v 1.367631 0.994785 1.322044
v 1.386333 0.985855 1.134694
v 1.503909 1.006889 1.198280
v 1.195583 0.986772 1.228853
v 1.211454 0.831182 1.459041
v 1.541743 0.819867 1.477453
v 1.419499 0.722106 1.462594
v 1.379282 0.926962 1.466215
v 1.190661 0.420983 1.459273
v 1.567381 0.414807 1.487453
v 1.396404 0.268526 1.443503
v 1.404770 0.506294 1.475099
v 0.443442 0.375394 1.465303
v 0.808090 0.384744 1.465162
v 0.605259 0.268526 1.443503
v 0.602043 0.494475 1.458606
v 0.321796 0.755518 1.129032
v 0.311171 0.683129 1.318398
v 0.288926 0.666591 1.257021
v 0.357481 0.783732 1.194052
v 0.306082 0.377646 1.133511
v 0.273017 0.362138 1.353786
v 0.309053 0.268040 1.266670
v 0.265087 0.507854 1.275684
v 0.275917 0.396101 0.607364
v 0.306216 0.380163 0.865011
v 0.309053 0.268040 0.728418
v 0.277780 0.484810 0.728375
v 1.395857 0.141396 0.864541
v 1.394336 0.141396 0.617945
v 1.183459 0.141396 0.747086
v 1.557801 0.141396 0.729881
v 0.619626 0.141396 0.848360
v 0.615549 0.141396 0.604730
v 0.449633 0.141396 0.716949
v 0.798362 0.141396 0.735235
v 0.607695 0.141396 1.386441
v 0.612294 0.141396 1.140787
v 0.449612 0.141396 1.292866
v 0.793753 0.141396 1.290237
v 1.690123 0.792093 0.897529
v 1.672733 0.756293 0.665141
v 1.698058 0.679264 0.764547
v 1.661862 0.808796 0.788706
v 1.739906 0.393793 0.870018
v 1.727997 0.386750 0.631141
v 1.695855 0.264784 0.730731
v 1.727844 0.525774 0.725807
v 1.733452 0.391520 1.375531
v 1.738096 0.355576 1.127024
v 1.695855 0.249457 1.269024
v 1.723342 0.464393 1.270190
v 0.827581 0.814473 0.535000
v 0.465656 0.846293 0.549283
v 0.618212 0.704933 0.528151
v 0.629864 0.900854 0.559962
v 0.803839 0.384318 0.515945
v 0.432280 0.372755 0.507099
v 0.604230 0.265224 0.534936
v 0.604704 0.484925 0.517558
v 1.555438 0.379245 0.530855
v 1.194326 0.381930 0.521920
v 1.391467 0.265224 0.534936
v 1.389881 0.496241 0.530964
v 1.539127 0.742474 0.547854
v 1.190143 0.762695 0.528118
v 1.393532 0.678266 0.525934
v 1.347285 0.782122 0.590907
v 1.676233 0.806216 1.358098
v 1.707049 0.798541 1.151845
v 1.708943 0.703454 1.258301
v 1.678001 0.926314 1.237053
v 1.394478 0.141396 1.387081
v 1.396028 0.141396 1.139513
v 1.186302 0.141396 1.289499
v 1.563715 0.141396 1.285133
v 0.303255 0.841500 0.619601
v 0.344175 0.809500 0.874033
v 0.272872 0.723940 0.735906
v 0.345697 0.884598 0.769289
v 0.471454 0.688115 1.436934
v 0.825388 0.795443 1.448178
v 0.621162 0.691550 1.467253
v 0.669443 0.796641 1.398024
v 0.684429 0.865616 1.255024
v 0.652301 0.935977 1.102195
v 0.839711 0.947891 1.229530
v 0.551078 0.854080 1.163931
v 0.521702 0.891505 1.082325
v 0.809517 0.936509 1.135670
v 0.842206 0.936302 1.305714
v 0.847018 0.869921 1.449441
v 0.818467 0.701770 1.460674
v 0.461669 0.650744 1.447009
v 0.336624 0.863625 0.885330
v 0.274774 0.693770 0.872092
v 0.272625 0.726942 0.639384
v 1.562026 0.141396 1.139447
v 1.202756 0.141396 1.139977
v 1.191622 0.141396 1.387330
v 1.673941 0.871789 1.155197
v 1.722353 0.702779 1.142346
v 1.692058 0.703939 1.358487
v 1.155816 0.792385 0.586319
v 1.195744 0.691600 0.508749
v 1.549698 0.679004 0.530351
v 1.195286 0.494185 0.526767
v 1.196001 0.265224 0.534936
v 1.553033 0.265224 0.534936
v 0.437092 0.484462 0.515415
v 0.436395 0.265224 0.534936
v 0.802226 0.265224 0.534936
v 0.473979 0.913071 0.550474
v 0.479871 0.697639 0.533910
v 0.818148 0.704521 0.537640
v 1.708075 0.478537 1.117681
v 1.695855 0.259938 1.134996
v 1.695855 0.258994 1.377228
v 1.713549 0.470457 0.645935
v 1.695855 0.263142 0.626337
v 1.695855 0.263098 0.865003
v 1.645454 0.790138 0.699345
v 1.710951 0.669037 0.633286
v 1.691755 0.715888 0.856829
v 0.810899 0.141396 1.140641
v 0.448858 0.141396 1.141396
v 0.447969 0.141396 1.378034
v 0.800599 0.141396 0.644360
v 0.443392 0.141396 0.612924
v 0.449009 0.141396 0.847902
v 1.555755 0.141396 0.619775
v 1.190029 0.141396 0.628226
v 1.201389 0.141396 0.873754
v 0.288293 0.490508 0.858323
v 0.309053 0.268040 0.863624
v 0.309053 0.268040 0.618968
v 0.277364 0.493482 1.364010
v 0.309053 0.268040 1.369455
v 0.309053 0.268040 1.132359
v 0.370852 0.734236 1.276077
v 0.293531 0.645471 1.346990
v 0.303050 0.667899 1.132261
v 0.802050 0.510351 1.460945
v 0.797915 0.268526 1.443503
v 0.444936 0.268526 1.443503
v 1.572487 0.508667 1.472956
v 1.564137 0.268526 1.443503
v 1.193161 0.268526 1.443503
v 1.520475 0.926942 1.466138
v 1.556511 0.712607 1.472599
v 1.205440 0.714961 1.462459
v 1.192881 0.980132 1.142989
v 1.519828 0.984224 1.134121
v 1.503051 1.000713 1.331537
v 1.128738 0.839402 0.776616
v 1.462670 0.789796 0.748727
v 1.509853 0.872226 0.949718
v 0.484058 0.931553 0.699650
v 0.781466 0.938849 0.728362
v 0.778402 0.921596 0.927600
v 0.474379 0.935981 0.903543
v 1.166816 0.893546 0.957247
v 1.187328 0.981999 1.331896
v 1.195043 0.915333 1.457767
v 1.203818 0.516636 1.468782
v 0.444264 0.487686 1.451105
v 0.332207 0.817603 1.104809
v 0.272425 0.500315 1.139002
v 0.287161 0.472349 0.624565
v 1.559138 0.141396 0.865096
v 0.813656 0.141396 0.847990
v 0.798225 0.141396 1.387016
v 1.674343 0.837928 0.914615
v 1.732963 0.480813 0.859419
v 1.707051 0.482072 1.362582
v 0.800140 0.885121 0.555665
v 0.801410 0.498221 0.519521
v 1.555901 0.492783 0.534384
v 1.483979 0.764253 0.596583
v 1.660502 0.926690 1.348920
v 1.563154 0.141396 1.378502
v 0.350791 0.897241 0.669434
v 0.538025 0.730759 1.390127
v 0.578206 0.808378 1.242956
vt 0.767789 0.624369
vt 0.755231 0.623107
vt 0.755231 0.614521
vt 0.767789 0.617045
vt 0.842909 0.554739
vt 0.842160 0.563578
vt 0.831100 0.560202
vt 0.831100 0.553051
vt 0.873107 0.728526
vt 0.873107 0.734332
vt 0.864521 0.734332
vt 0.864521 0.727181
vt 0.762177 0.593140
vt 0.762177 0.605699
vt 0.753591 0.605699
vt 0.753591 0.593140
vt 0.762177 0.739851
vt 0.762177 0.747001
vt 0.753591 0.747001
vt 0.753591 0.739851
vt 0.954070 0.621079
vt 0.954070 0.613928
vt 0.966628 0.613928
vt 0.966628 0.621079
vt 0.954070 0.649680
vt 0.954070 0.642530
vt 0.966628 0.642530
vt 0.966628 0.649680
vt 0.903836 0.649680
vt 0.903836 0.642530
vt 0.916394 0.642530
vt 0.916394 0.649680
vt 0.904763 0.617416
vt 0.905664 0.606897
vt 0.920051 0.599865
vt 0.917195 0.614459
vt 0.762177 0.711249
vt 0.762177 0.718400
vt 0.753591 0.718400
vt 0.753591 0.711249
vt 0.796521 0.711249
vt 0.796521 0.718400
vt 0.787935 0.718400
vt 0.787935 0.711249
vt 0.796521 0.739851
vt 0.796521 0.747001
vt 0.787935 0.747001
vt 0.787935 0.739851
vt 0.762177 0.542906
vt 0.762177 0.555465
vt 0.753591 0.555465
vt 0.753591 0.542906
vt 0.796521 0.542906
vt 0.796521 0.555465
vt 0.787935 0.555465
vt 0.787935 0.542906
vt 0.796521 0.593140
vt 0.796521 0.605699
vt 0.787935 0.605699
vt 0.787935 0.593140
vt 0.873107 0.698580
vt 0.873107 0.705730
vt 0.864521 0.705730
vt 0.864521 0.698580
vt 0.907450 0.698580
vt 0.907450 0.705730
vt 0.898864 0.705730
vt 0.898864 0.698580
vt 0.907450 0.726203
vt 0.907450 0.734332
vt 0.898864 0.734332
vt 0.899997 0.727097
vt 0.843659 0.524450
vt 0.843659 0.531600
vt 0.831100 0.531600
vt 0.831100 0.524450
vt 0.893893 0.524450
vt 0.893893 0.531600
vt 0.881335 0.531600
vt 0.881335 0.524450
vt 0.893774 0.553567
vt 0.893655 0.561233
vt 0.880857 0.562265
vt 0.881096 0.554083
vt 0.818023 0.624009
vt 0.805465 0.624910
vt 0.805465 0.618128
vt 0.818023 0.616325
vt 0.818023 0.657450
vt 0.805465 0.657450
vt 0.805465 0.648864
vt 0.818023 0.648864
vt 0.767789 0.657450
vt 0.755230 0.657450
vt 0.755230 0.648864
vt 0.767789 0.648864
vt 0.792906 0.657450
vt 0.780348 0.657450
vt 0.780348 0.648864
vt 0.792906 0.648864
vt 0.792906 0.672923
vt 0.780348 0.674622
vt 0.780348 0.666036
vt 0.792906 0.666036
vt 0.767789 0.674622
vt 0.755230 0.674622
vt 0.755230 0.666036
vt 0.767789 0.666036
vt 0.843140 0.657450
vt 0.830582 0.657450
vt 0.830582 0.648864
vt 0.843140 0.648864
vt 0.843140 0.674622
vt 0.830582 0.674622
vt 0.830582 0.666036
vt 0.843140 0.666036
vt 0.818023 0.672923
vt 0.805465 0.671223
vt 0.805465 0.666036
vt 0.818023 0.666036
vt 0.843140 0.623107
vt 0.830582 0.623107
vt 0.830582 0.614521
vt 0.843140 0.614521
vt 0.843140 0.640279
vt 0.830582 0.640279
vt 0.830582 0.631693
vt 0.843140 0.631693
vt 0.818023 0.640279
vt 0.805465 0.640278
vt 0.805465 0.631693
vt 0.818023 0.631693
vt 0.893893 0.538751
vt 0.893893 0.545901
vt 0.881335 0.545901
vt 0.881335 0.538751
vt 0.919010 0.538751
vt 0.919010 0.545901
vt 0.906452 0.545901
vt 0.906452 0.538751
vt 0.919010 0.553051
vt 0.919010 0.560202
vt 0.906452 0.560202
vt 0.906452 0.553051
vt 0.893893 0.510149
vt 0.893893 0.517300
vt 0.881335 0.517300
vt 0.881335 0.510149
vt 0.919010 0.510149
vt 0.919010 0.517300
vt 0.906452 0.517300
vt 0.906452 0.510149
vt 0.919010 0.524450
vt 0.919010 0.531600
vt 0.906452 0.531600
vt 0.906452 0.524450
vt 0.843659 0.510149
vt 0.843659 0.517300
vt 0.831100 0.517300
vt 0.831100 0.510149
vt 0.868776 0.510149
vt 0.868776 0.517300
vt 0.856218 0.517300
vt 0.856218 0.510149
vt 0.868776 0.524450
vt 0.868776 0.531600
vt 0.856218 0.531600
vt 0.856218 0.524450
vt 0.907450 0.711902
vt 0.907450 0.718074
vt 0.900037 0.718689
vt 0.899453 0.712165
vt 0.924622 0.712881
vt 0.924622 0.720031
vt 0.916036 0.720031
vt 0.916036 0.712881
vt 0.924622 0.727181
vt 0.924622 0.734332
vt 0.916036 0.734332
vt 0.916036 0.727181
vt 0.907450 0.684279
vt 0.907450 0.691430
vt 0.898864 0.691430
vt 0.898864 0.684279
vt 0.924622 0.684279
vt 0.924622 0.691430
vt 0.916036 0.691430
vt 0.916036 0.684279
vt 0.924622 0.698580
vt 0.924622 0.705730
vt 0.916036 0.705730
vt 0.916036 0.698580
vt 0.873107 0.684279
vt 0.873107 0.691430
vt 0.864521 0.691430
vt 0.864521 0.684279
vt 0.890278 0.684279
vt 0.890278 0.691430
vt 0.881693 0.691430
vt 0.881693 0.684279
vt 0.890278 0.698580
vt 0.890278 0.705730
vt 0.881693 0.705730
vt 0.881693 0.698580
vt 0.796521 0.568023
vt 0.796521 0.580582
vt 0.787935 0.580582
vt 0.787935 0.568023
vt 0.813693 0.568023
vt 0.813693 0.580582
vt 0.805107 0.580582
vt 0.805107 0.568023
vt 0.813693 0.593140
vt 0.813693 0.605699
vt 0.805107 0.605699
vt 0.805107 0.593140
vt 0.796521 0.517789
vt 0.796521 0.530348
vt 0.787935 0.530348
vt 0.787935 0.517789
vt 0.813693 0.517789
vt 0.813693 0.530348
vt 0.805107 0.530348
vt 0.805107 0.517789
vt 0.813693 0.542906
vt 0.813693 0.555465
vt 0.805107 0.555465
vt 0.805107 0.542906
vt 0.762177 0.517789
vt 0.762177 0.530348
vt 0.753591 0.530348
vt 0.753592 0.517789
vt 0.779349 0.517789
vt 0.779349 0.530348
vt 0.770763 0.530348
vt 0.770763 0.517789
vt 0.779349 0.542906
vt 0.779349 0.555465
vt 0.770763 0.555465
vt 0.770763 0.542906
vt 0.796521 0.725550
vt 0.796521 0.732700
vt 0.787935 0.732700
vt 0.787935 0.725550
vt 0.813693 0.725550
vt 0.813693 0.732700
vt 0.805107 0.732700
vt 0.805107 0.725550
vt 0.813693 0.739851
vt 0.813693 0.747001
vt 0.805107 0.747001
vt 0.805107 0.739851
vt 0.796521 0.696949
vt 0.796521 0.704099
vt 0.787935 0.704099
vt 0.787935 0.696949
vt 0.813693 0.696949
vt 0.813693 0.704099
vt 0.805107 0.704099
vt 0.805107 0.696949
vt 0.813693 0.711249
vt 0.813693 0.718400
vt 0.805107 0.718400
vt 0.805107 0.711249
vt 0.762177 0.696949
vt 0.762177 0.704099
vt 0.753591 0.704099
vt 0.753591 0.696949
vt 0.779349 0.696949
vt 0.779349 0.704099
vt 0.770763 0.704099
vt 0.770763 0.696949
vt 0.779349 0.711249
vt 0.779349 0.718400
vt 0.770763 0.718400
vt 0.770763 0.711249
vt 0.904820 0.633523
vt 0.906027 0.624735
vt 0.917266 0.624947
vt 0.916779 0.633263
vt 0.878718 0.635379
vt 0.878718 0.628229
vt 0.891277 0.628229
vt 0.891277 0.635379
vt 0.878718 0.621079
vt 0.878718 0.613928
vt 0.891277 0.613928
vt 0.891277 0.621079
vt 0.903836 0.663981
vt 0.903836 0.656830
vt 0.916394 0.656830
vt 0.916394 0.663981
vt 0.878718 0.663981
vt 0.878718 0.656830
vt 0.891277 0.656830
vt 0.891277 0.663981
vt 0.878718 0.649680
vt 0.878718 0.642530
vt 0.891277 0.642530
vt 0.891277 0.649680
vt 0.954070 0.663981
vt 0.954070 0.656830
vt 0.966628 0.656830
vt 0.966628 0.663981
vt 0.928953 0.663981
vt 0.928953 0.656830
vt 0.941511 0.656830
vt 0.941511 0.663981
vt 0.928953 0.649680
vt 0.928953 0.642530
vt 0.941511 0.642530
vt 0.941511 0.649680
vt 0.954070 0.635379
vt 0.954070 0.628229
vt 0.966628 0.628229
vt 0.966628 0.635379
vt 0.929051 0.634334
vt 0.929485 0.626405
vt 0.941511 0.628229
vt 0.941511 0.635379
vt 0.929286 0.617705
vt 0.930781 0.606897
vt 0.941511 0.613928
vt 0.941511 0.621079
vt 0.762177 0.725550
vt 0.762177 0.732700
vt 0.753591 0.732700
vt 0.753591 0.725550
vt 0.779349 0.725550
vt 0.779349 0.732700
vt 0.770763 0.732700
vt 0.770763 0.725550
vt 0.779349 0.739851
vt 0.779349 0.747001
vt 0.770763 0.747001
vt 0.770763 0.739851
vt 0.762177 0.568023
vt 0.762177 0.580582
vt 0.753591 0.580582
vt 0.753591 0.568023
vt 0.779349 0.568023
vt 0.779349 0.580582
vt 0.770763 0.580582
vt 0.770763 0.568023
vt 0.779349 0.593140
vt 0.779349 0.605699
vt 0.770763 0.605699
vt 0.770763 0.593140
vt 0.873107 0.714226
vt 0.871357 0.721496
vt 0.864521 0.720031
vt 0.864521 0.712881
vt 0.889519 0.713648
vt 0.889529 0.722537
vt 0.880216 0.724357
vt 0.880454 0.714992
vt 0.890380 0.729375
vt 0.890278 0.734332
vt 0.881693 0.734332
vt 0.881693 0.729871
vt 0.843659 0.538751
vt 0.843659 0.545901
vt 0.831100 0.545901
vt 0.831100 0.538751
vt 0.868776 0.538751
vt 0.868776 0.545901
vt 0.856218 0.545901
vt 0.856218 0.538751
vt 0.867907 0.555255
vt 0.867038 0.564609
vt 0.853219 0.566954
vt 0.854718 0.556427
vt 0.792906 0.625271
vt 0.780348 0.625631
vt 0.780348 0.619569
vt 0.792906 0.618849
vt 0.792906 0.640278
vt 0.780348 0.640278
vt 0.780348 0.631693
vt 0.792906 0.631693
vt 0.767789 0.640278
vt 0.755231 0.640278
vt 0.755231 0.631693
vt 0.767789 0.631693
vt 0.928953 0.671131
vt 0.941511 0.671131
vt 0.916394 0.671131
vt 0.954070 0.671131
vt 0.966628 0.671131
vt 0.866160 0.656830
vt 0.866160 0.649680
vt 0.866160 0.642530
vt 0.878718 0.671131
vt 0.891277 0.671131
vt 0.866160 0.671131
vt 0.866160 0.663981
vt 0.903836 0.671131
vt 0.866160 0.628229
vt 0.866160 0.621079
vt 0.866160 0.613928
vt 0.866160 0.635379
vt 0.779349 0.689798
vt 0.770763 0.689798
vt 0.787935 0.689798
vt 0.762177 0.689798
vt 0.753591 0.689798
vt 0.822279 0.704099
vt 0.822279 0.711249
vt 0.822279 0.718400
vt 0.813693 0.689798
vt 0.805107 0.689798
vt 0.822279 0.689798
vt 0.822279 0.696949
vt 0.796521 0.689798
vt 0.822279 0.732700
vt 0.822279 0.739851
vt 0.822279 0.747001
vt 0.822279 0.725550
vt 0.779349 0.505230
vt 0.770763 0.505230
vt 0.787935 0.505230
vt 0.762177 0.505230
vt 0.753592 0.505230
vt 0.822279 0.530348
vt 0.822279 0.542906
vt 0.822279 0.555465
vt 0.813693 0.505230
vt 0.805107 0.505230
vt 0.822279 0.505230
vt 0.822279 0.517789
vt 0.796521 0.505230
vt 0.822279 0.580582
vt 0.822279 0.593140
vt 0.822279 0.605699
vt 0.822279 0.568023
vt 0.890278 0.677129
vt 0.881693 0.677129
vt 0.898864 0.677129
vt 0.873107 0.677129
vt 0.864521 0.677129
vt 0.933208 0.691430
vt 0.933208 0.698580
vt 0.933208 0.705730
vt 0.924622 0.677129
vt 0.916036 0.677129
vt 0.933208 0.677129
vt 0.933208 0.684279
vt 0.907450 0.677129
vt 0.933208 0.720031
vt 0.933208 0.727181
vt 0.933208 0.734332
vt 0.933208 0.712881
vt 0.868776 0.502999
vt 0.856218 0.502999
vt 0.881335 0.502999
vt 0.843659 0.502999
vt 0.831100 0.502999
vt 0.931569 0.517300
vt 0.931569 0.524450
vt 0.931569 0.531600
vt 0.919010 0.502999
vt 0.906452 0.502999
vt 0.931569 0.502999
vt 0.931569 0.510149
vt 0.893893 0.502999
vt 0.931569 0.545901
vt 0.931569 0.553051
vt 0.931569 0.560202
vt 0.931569 0.538751
vt 0.855699 0.640279
vt 0.855699 0.631693
vt 0.855699 0.648864
vt 0.855699 0.623107
vt 0.855699 0.614521
vt 0.830582 0.683208
vt 0.818023 0.679809
vt 0.805465 0.676411
vt 0.855699 0.674622
vt 0.855699 0.666036
vt 0.855699 0.683208
vt 0.843140 0.683208
vt 0.855699 0.657450
vt 0.780348 0.683208
vt 0.767789 0.683208
vt 0.755230 0.683208
vt 0.792906 0.679809
vn -0.3738 0.8079 0.4556
vn -0.2384 0.8452 0.4783
vn -0.3012 0.8714 0.3872
vn -0.3992 0.8495 0.3448
vn -0.3690 0.8565 0.3608
vn -0.3160 0.8550 0.4112
vn -0.8063 0.5875 0.0683
vn -0.5009 0.8653 0.0197
vn -0.4478 0.8925 -0.0544
vn -0.4856 0.7362 -0.4713
vn 0.0000 -1.0000 0.0000
vn 0.7079 -0.7063 -0.0001
vn 0.5745 -0.5581 0.5987
vn 0.0000 -0.6821 0.7312
vn 0.9510 0.2655 0.1584
vn 0.4570 0.8864 0.0734
vn 0.4656 0.6876 0.5571
vn 0.6644 0.2059 0.7183
vn 0.0616 0.9613 -0.2685
vn 0.0626 0.9876 -0.1439
vn -0.0453 0.9645 -0.2600
vn 0.2008 0.9356 -0.2904
vn 0.1292 0.0162 -0.9915
vn 0.1713 -0.0074 -0.9852
vn 0.6850 0.0319 -0.7278
vn 0.6663 0.0392 -0.7446
vn 0.0163 0.0245 -0.9995
vn 0.0073 0.0452 -0.9989
vn -0.0258 -0.0179 -0.9995
vn 0.0079 0.0065 -0.9999
vn 0.1635 0.7085 -0.6865
vn 0.2051 0.9446 -0.2561
vn 0.3263 0.9178 -0.2259
vn 0.2520 0.8847 -0.3921
vn 0.9769 0.1370 0.1641
vn 0.9774 0.0873 0.1926
vn 0.7311 0.0654 0.6791
vn 0.7233 0.1549 0.6729
vn 0.9796 0.1965 0.0425
vn 0.9880 0.1385 0.0687
vn 0.9964 0.0779 -0.0333
vn 0.9710 0.2342 0.0469
vn 0.7635 0.6291 -0.1458
vn 0.3790 0.8688 -0.3186
vn 0.5794 0.7446 -0.3313
vn 0.8715 0.4781 -0.1091
vn 0.7078 -0.7064 -0.0001
vn 0.7077 -0.7064 0.0000
vn -0.9942 -0.0145 -0.1064
vn -0.9815 -0.0084 -0.1911
vn -0.6359 0.0601 -0.7694
vn -0.6521 0.0489 -0.7566
vn -0.9961 -0.0240 -0.0852
vn -0.9740 0.2112 -0.0822
vn -0.9858 0.1656 0.0253
vn -0.9949 -0.0979 -0.0220
vn -0.7474 0.5870 0.3112
vn -0.4635 0.7591 0.4570
vn -0.6520 0.7331 0.1933
vn -0.9631 0.2619 0.0619
vn -0.0814 0.0318 0.9962
vn -0.1189 0.0767 0.9899
vn -0.5590 0.1359 0.8179
vn -0.6196 0.0607 0.7825
vn 0.0124 0.0496 0.9987
vn 0.0190 0.0381 0.9991
vn -0.0050 0.0275 0.9996
vn -0.0125 0.0617 0.9980
vn -0.0360 0.2154 0.9759
vn -0.0771 0.8127 0.5774
vn -0.1971 0.8506 0.4874
vn -0.1128 0.3720 0.9213
vn -0.0663 0.9962 0.0562
vn -0.1616 0.9795 0.1204
vn 0.1353 0.9261 -0.3522
vn 0.0598 0.9823 -0.1775
vn -0.0208 0.9789 -0.2031
vn 0.0534 0.9174 -0.3943
vn -0.1603 0.9870 0.0060
vn -0.6843 0.7292 -0.0070
vn -0.2114 0.9463 0.2443
vn 0.0043 0.9997 -0.0237
vn 0.0141 0.9999 -0.0064
vn -0.0503 0.9926 0.1108
vn -0.0319 0.9976 -0.0616
vn 0.1790 0.9771 -0.1145
vn -0.0107 0.9998 -0.0177
vn -0.0065 0.9998 0.0198
vn 0.0691 0.9973 -0.0215
vn -0.1191 0.9929 -0.0016
vn -0.5426 0.8400 -0.0026
vn -0.1310 0.9914 0.0005
vn 0.0240 0.9061 -0.4224
vn 0.0414 0.9036 -0.4263
vn 0.0092 0.8664 -0.4992
vn 0.0399 0.8535 -0.5195
vn -0.0062 0.9565 -0.2918
vn 0.0974 0.9529 -0.2871
vn 0.0707 0.9279 -0.3659
vn -0.0150 0.9381 -0.3458
vn 0.1963 0.9261 -0.3223
vn 0.2718 0.9259 -0.2625
vn 0.1284 0.9769 -0.1707
vn 0.1731 0.9279 -0.3302
vn -0.1192 0.9921 0.0380
vn -0.0591 0.9970 0.0502
vn -0.0633 0.7830 0.6188
vn -0.0337 0.7490 0.6617
vn 0.0240 0.8911 -0.4531
vn -0.0204 0.9192 -0.3932
vn -0.0509 0.9933 -0.1041
vn -0.0431 0.9834 -0.1763
vn -0.0240 0.9662 -0.2564
vn -0.0908 0.9889 -0.1176
vn -0.1141 0.9927 0.0394
vn -0.0620 0.9979 -0.0193
vn 0.0240 0.0297 0.9993
vn -0.0030 0.0305 0.9995
vn -0.0341 0.0808 0.9961
vn -0.0156 0.0490 0.9987
vn 0.1158 -0.0119 0.9932
vn 0.1171 0.0309 0.9926
vn -0.0371 0.0098 0.9992
vn -0.0311 -0.0080 0.9995
vn 0.0982 0.1722 0.9801
vn -0.0363 0.1803 0.9829
vn 0.0038 -0.0849 0.9964
vn 0.0196 -0.0873 0.9960
vn -0.0161 -0.0767 0.9969
vn 0.0100 -0.1034 0.9946
vn 0.0260 -0.1023 0.9944
vn 0.0961 -0.0306 0.9949
vn -0.0323 -0.0448 0.9984
vn -0.0179 -0.1024 0.9946
vn 0.1409 0.1294 0.9815
vn 0.1269 0.0279 0.9915
vn -0.0073 0.0383 0.9992
vn -0.0160 0.0990 0.9949
vn -0.0114 -0.0311 0.9995
vn -0.0497 -0.0241 0.9984
vn -0.6244 -0.0417 0.7800
vn -0.6849 -0.0648 0.7258
vn -0.0243 -0.0768 0.9967
vn -0.0782 -0.0947 0.9924
vn -0.0042 -0.0580 0.9983
vn 0.0023 -0.0417 0.9991
vn -0.0783 0.0358 0.9963
vn -0.0471 0.0023 0.9989
vn -0.0347 -0.0091 0.9993
vn -0.0195 0.0078 0.9998
vn -0.9648 0.2376 -0.1129
vn -0.9577 0.2821 0.0566
vn -0.9908 0.1336 0.0188
vn -0.9774 0.2093 0.0305
vn -0.9022 0.3335 0.2734
vn -0.6528 0.6661 0.3606
vn -0.7783 0.5777 0.2456
vn -0.9392 0.3387 0.0568
vn -0.2865 0.8345 0.4707
vn -0.2206 0.8311 0.5104
vn -0.4381 0.7855 0.4370
vn -0.9962 -0.0720 -0.0497
vn -0.9813 -0.1651 -0.0992
vn -0.9887 -0.1494 -0.0119
vn -0.9999 -0.0117 -0.0002
vn -0.9868 -0.1413 0.0789
vn -0.9645 -0.1519 0.2159
vn -0.9854 -0.1669 -0.0329
vn -0.9843 -0.1740 -0.0304
vn -0.9499 0.0715 0.3041
vn -0.9425 0.1412 0.3029
vn -0.9819 0.1717 0.0798
vn -0.9985 0.0433 0.0323
vn -0.9963 -0.0846 0.0101
vn -0.9971 -0.0504 -0.0565
vn -0.7098 -0.0745 -0.7005
vn -0.6981 -0.1086 -0.7077
vn -0.9999 -0.0115 0.0000
vn -0.9919 -0.1270 -0.0070
vn -0.9906 -0.1209 0.0631
vn -0.9987 -0.0412 0.0299
vn -0.9910 -0.1335 0.0039
vn -0.9967 0.0238 0.0770
vn -0.9990 -0.0416 -0.0162
vn -0.9935 -0.1112 0.0218
vn 0.7079 -0.7063 0.0000
vn 0.9988 0.0485 0.0052
vn 0.9613 0.2690 -0.0591
vn 0.9649 0.2488 -0.0842
vn 0.9936 0.0255 -0.1102
vn 0.9459 0.2665 -0.1853
vn 0.7870 0.5862 -0.1922
vn 0.9116 0.3954 -0.1127
vn 0.9881 0.1442 0.0531
vn 0.3423 0.8933 -0.2912
vn 0.0146 0.9555 -0.2946
vn 0.1236 0.9458 -0.3002
vn 0.5737 0.7821 -0.2431
vn 0.9889 -0.1486 0.0056
vn 0.9936 -0.1120 0.0163
vn 0.9986 -0.0409 0.0326
vn 0.9599 -0.2791 -0.0237
vn 0.9949 -0.0837 -0.0555
vn 0.9831 -0.0404 -0.1783
vn 0.9944 -0.0891 -0.0569
vn 0.9904 -0.1379 -0.0094
vn 0.9739 0.0525 -0.2207
vn 0.9817 0.0839 -0.1705
vn 0.9854 0.1441 0.0901
vn 0.9935 0.1135 0.0091
vn 0.9893 -0.1257 0.0741
vn 0.9882 0.0039 0.1530
vn 0.6674 0.0179 0.7445
vn 0.6890 -0.1184 0.7150
vn 0.9808 -0.1923 -0.0322
vn 0.9887 -0.1396 -0.0538
vn 0.9977 -0.0634 0.0242
vn 0.9852 -0.1703 0.0191
vn 0.9875 0.1549 -0.0272
vn 0.9966 0.0074 -0.0819
vn 0.9969 0.0448 0.0644
vn 0.9900 0.1392 0.0214
vn -0.0299 0.0519 -0.9982
vn 0.0164 0.2704 -0.9626
vn 0.0679 0.4690 -0.8806
vn -0.0455 0.0340 -0.9984
vn -0.0462 0.1288 -0.9906
vn 0.0084 0.1179 -0.9930
vn -0.0077 0.1236 -0.9923
vn 0.0047 0.1191 -0.9929
vn -0.0149 0.6315 -0.7752
vn -0.1027 0.9756 -0.1939
vn 0.0439 0.9535 -0.2980
vn 0.0516 0.5752 -0.8164
vn 0.0076 -0.0603 -0.9981
vn 0.0158 -0.0608 -0.9980
vn 0.0125 -0.0435 -0.9990
vn 0.0037 -0.0421 -0.9991
vn -0.0195 -0.0763 -0.9969
vn -0.0555 -0.0684 -0.9961
vn 0.0151 -0.0817 -0.9965
vn 0.0071 -0.0848 -0.9963
vn -0.0698 0.0192 -0.9974
vn -0.0772 0.0847 -0.9934
vn 0.0235 0.0717 -0.9971
vn 0.0215 0.0197 -0.9996
vn 0.0158 0.0277 -0.9995
vn 0.0658 0.0313 -0.9973
vn 0.6409 0.0487 -0.7660
vn 0.6766 0.0050 -0.7363
vn 0.0078 -0.0231 -0.9997
vn 0.0214 -0.0333 -0.9992
vn 0.0167 -0.0178 -0.9997
vn 0.0054 -0.0008 -1.0000
vn 0.0181 -0.0275 -0.9995
vn 0.0082 -0.0570 -0.9983
vn 0.0475 -0.0339 -0.9983
vn 0.0300 -0.0333 -0.9990
vn 0.1504 0.1034 -0.9832
vn 0.1026 0.6237 -0.7748
vn 0.4987 0.5872 -0.6375
vn 0.6437 0.1979 -0.7392
vn 0.0333 0.0814 -0.9961
vn 0.0927 0.5834 -0.8068
vn 0.0861 0.6323 -0.7699
vn 0.0609 0.1245 -0.9903
vn 0.1493 0.9528 -0.2644
vn 0.2042 0.9621 -0.1807
vn 0.0914 0.9849 -0.1469
vn 0.0946 0.9649 -0.2448
vn 0.9654 0.1556 0.2093
vn 0.9618 0.1560 0.2251
vn 0.6782 0.1162 0.7256
vn 0.7092 0.0944 0.6986
vn 0.9965 0.0626 -0.0557
vn 0.9718 0.2312 -0.0467
vn 0.9795 0.1678 0.1115
vn 0.9869 0.1149 0.1127
vn 0.9242 0.3677 -0.1026
vn 0.4949 0.7768 -0.3894
vn 0.4068 0.8925 -0.1950
vn 0.9285 0.3685 -0.0450
vn 0.7078 -0.7064 0.0002
vn 0.7079 -0.7062 0.0000
vn -0.9812 0.1402 -0.1325
vn -0.9294 0.3625 -0.0691
vn -0.5104 0.3022 -0.8050
vn -0.6133 0.0899 -0.7847
vn -0.9658 0.2203 0.1364
vn -0.9789 0.2013 0.0330
vn -0.9304 0.3473 0.1173
vn -0.9698 0.2330 0.0725
vn -0.9757 0.2142 -0.0463
vn -0.9186 0.3937 0.0330
vn -0.1798 0.2185 0.9591
vn -0.3040 0.6310 0.7137
vn -0.5585 0.5711 0.6016
vn -0.6249 0.2938 0.7233
vn -0.0453 0.0668 0.9967
vn -0.1429 0.2444 0.9591
vn -0.2192 0.5087 0.8325
vn -0.0827 0.1303 0.9880
vn -0.2975 0.5365 0.7897
vn -0.3909 0.8313 0.3950
vn -0.4644 0.8142 0.3482
vn -0.4053 0.7629 0.5036
vn -0.3475 0.9016 0.2576
vn -0.4411 0.8044 0.3979
vn -0.1322 0.9911 0.0151
vn -0.1704 0.9539 0.2470
vn -0.3309 0.8750 0.3532
vn -0.2522 0.9567 0.1455
vn -0.2762 0.8360 0.4741
vn -0.3321 0.7919 0.5125
vn 0.0000 -0.6904 -0.7234
vn 0.5756 -0.5643 -0.5918
vn 0.0002 -0.6905 -0.7233
vn -0.5756 -0.5644 -0.5917
vn -0.7079 -0.7062 0.0000
vn -0.5745 -0.5580 0.5987
usemtl hiper-atlas
s 1
f 2463/2921/1150 2245/2922/1151 2084/2923/1152 2182/2924/1153
f 2462/2925/1154 2182/2926/1153 2084/2927/1152 2179/2928/1155
f 2461/2929/1156 2185/2930/1157 2082/2931/1158 2241/2932/1159
f 2460/2933/1160 2247/2934/1161 2081/2935/1162 2184/2936/1163
f 2459/2937/1164 2183/2938/1165 2080/2939/1166 2240/2940/1167
f 2458/2941/1168 2186/2942/1169 2078/2943/1170 2238/2944/1171
f 2457/2945/1172 2200/2946/1173 2088/2947/1174 2226/2948/1175
f 2456/2949/1176 2201/2950/1177 2098/2951/1178 2250/2952/1179
f 2455/2953/1180 2198/2954/1181 2096/2955/1182 2251/2956/1183
f 2454/2957/1184 2204/2958/1185 2090/2959/1186 2228/2960/1187
f 2453/2961/1188 2205/2962/1189 2099/2963/1190 2254/2964/1191
f 2452/2965/1192 2195/2966/1193 2093/2967/1194 2255/2968/1195
f 2451/2969/1160 2208/2970/1160 2094/2971/1163 2196/2972/1163
f 2450/2973/1160 2209/2974/1160 2100/2975/1160 2258/2976/1160
f 2449/2977/1160 2235/2978/1196 2097/2979/1197 2259/2980/1160
f 2448/2981/1198 2212/2982/1199 2091/2983/1200 2229/2984/1201
f 2447/2985/1202 2213/2986/1203 2101/2987/1204 2262/2988/1205
f 2446/2989/1206 2197/2990/1207 2095/2991/1208 2263/2992/1209
f 2445/2993/1210 2216/2994/1211 2089/2995/1212 2191/2996/1213
f 2444/2997/1214 2217/2998/1215 2102/2999/1216 2266/3000/1217
f 2443/3001/1218 2194/3002/1219 2092/3003/1220 2267/3004/1221
f 2442/3005/1222 2220/3006/1223 2092/3007/1220 2194/3008/1219
f 2441/3009/1224 2221/3010/1225 2103/3011/1226 2270/3012/1227
f 2440/3013/1228 2233/3014/1229 2095/3015/1208 2271/3016/1230
f 2439/3017/1231 2272/3018/1232 2151/3019/1233 2223/3020/1234
f 2438/3021/1235 2273/3022/1236 2152/3023/1237 2274/3024/1238
f 2437/3025/1239 2185/3026/1157 2113/3027/1240 2275/3028/1241
f 2436/3029/1242 2276/3030/1243 2150/3031/1244 2222/3032/1245
f 2435/3033/1246 2277/3034/1247 2153/3035/1248 2278/3036/1249
f 2434/3037/1250 2269/3038/1251 2149/3039/1252 2279/3040/1253
f 2433/3041/1254 2280/3042/1255 2122/3043/1256 2242/3044/1257
f 2432/3045/1258 2281/3046/1259 2154/3047/1260 2282/3048/1261
f 2431/3049/1262 2268/3050/1263 2148/3051/1264 2283/3052/1265
f 2430/3053/1266 2284/3054/1267 2147/3055/1268 2219/3056/1269
f 2429/3057/1270 2285/3058/1271 2155/3059/1272 2286/3060/1273
f 2428/3061/1274 2242/3062/1257 2122/3063/1256 2287/3064/1275
f 2427/3065/1276 2288/3066/1277 2146/3067/1278 2218/3068/1279
f 2426/3069/1280 2289/3070/1281 2156/3071/1282 2290/3072/1283
f 2425/3073/1284 2265/3074/1285 2145/3075/1286 2291/3076/1287
f 2424/3077/1288 2292/3078/1289 2119/3079/1290 2239/3080/1291
f 2423/3081/1292 2293/3082/1293 2157/3083/1294 2294/3084/1295
f 2422/3085/1296 2264/3086/1297 2144/3087/1298 2295/3088/1299
f 2421/3089/1300 2296/3090/1301 2143/3091/1302 2215/3092/1303
f 2420/3093/1304 2297/3094/1305 2158/3095/1306 2298/3096/1307
f 2419/3097/1308 2245/3098/1151 2125/3099/1309 2299/3100/1310
f 2418/3101/1311 2300/3102/1312 2142/3103/1313 2214/3104/1314
f 2417/3105/1315 2301/3106/1316 2159/3107/1317 2302/3108/1318
f 2416/3109/1319 2261/3110/1320 2141/3111/1321 2303/3112/1322
f 2415/3113/1323 2304/3114/1324 2109/3115/1325 2181/3116/1326
f 2414/3117/1327 2305/3118/1328 2160/3119/1329 2306/3120/1330
f 2413/3121/1331 2260/3122/1332 2140/3123/1333 2307/3124/1334
f 2412/3125/1160 2308/3126/1160 2139/3127/1160 2211/3128/1160
f 2411/3129/1160 2309/3130/1160 2161/3131/1160 2310/3132/1160
f 2410/3133/1160 2187/3134/1335 2115/3135/1335 2311/3136/1160
f 2409/3137/1160 2312/3138/1160 2138/3139/1160 2210/3140/1160
f 2408/3141/1160 2313/3142/1160 2162/3143/1160 2314/3144/1160
f 2407/3145/1160 2257/3146/1160 2137/3147/1160 2315/3148/1160
f 2406/3149/1160 2316/3150/1160 2124/3151/1163 2244/3152/1163
f 2405/3153/1160 2317/3154/1160 2163/3155/1160 2318/3156/1160
f 2404/3157/1160 2256/3158/1160 2136/3159/1160 2319/3160/1160
f 2403/3161/1336 2320/3162/1337 2135/3163/1338 2207/3164/1339
f 2402/3165/1340 2321/3166/1341 2164/3167/1342 2322/3168/1343
f 2401/3169/1344 2243/3170/1345 2123/3171/1346 2323/3172/1347
f 2400/3173/1348 2324/3174/1349 2134/3175/1350 2206/3176/1351
f 2399/3177/1352 2325/3178/1353 2165/3179/1354 2326/3180/1355
f 2398/3181/1356 2253/3182/1357 2133/3183/1358 2327/3184/1359
f 2397/3185/1360 2328/3186/1361 2108/3187/1362 2180/3188/1363
f 2396/3189/1364 2329/3190/1365 2166/3191/1366 2330/3192/1367
f 2395/3193/1368 2252/3194/1369 2132/3195/1370 2331/3196/1371
f 2394/3197/1372 2332/3198/1373 2131/3199/1374 2203/3200/1375
f 2393/3201/1376 2333/3202/1377 2167/3203/1378 2334/3204/1379
f 2392/3205/1380 2246/3206/1381 2126/3207/1382 2335/3208/1383
f 2391/3209/1384 2336/3210/1385 2130/3211/1386 2202/3212/1387
f 2390/3213/1388 2337/3214/1389 2168/3215/1390 2338/3216/1391
f 2389/3217/1392 2249/3218/1393 2129/3219/1394 2339/3220/1395
f 2388/3221/1396 2340/3222/1397 2106/3223/1398 2178/3224/1399
f 2387/3225/1400 2341/3226/1401 2169/3227/1402 2342/3228/1403
f 2386/3229/1404 2248/3230/1405 2128/3231/1406 2343/3232/1407
f 2385/3233/1408 2344/3234/1409 2118/3235/1410 2190/3236/1411
f 2384/3237/1412 2345/3238/1413 2170/3239/1414 2346/3240/1415
f 2383/3241/1416 2234/3242/1417 2114/3243/1418 2347/3244/1419
f 2382/3245/1420 2348/3246/1421 2120/3247/1422 2192/3248/1423
f 2381/3249/1424 2349/3250/1425 2171/3251/1426 2350/3252/1427
f 2380/3253/1428 2231/3254/1429 2111/3255/1430 2351/3256/1431
f 2379/3257/1160 2352/3258/1160 2112/3259/1163 2232/3260/1163
f 2378/3261/1160 2353/3262/1160 2172/3263/1160 2354/3264/1160
f 2377/3265/1160 2199/3266/1432 2127/3267/1433 2355/3268/1160
f 2376/3269/1434 2356/3270/1435 2121/3271/1436 2193/3272/1437
f 2375/3273/1438 2357/3274/1439 2173/3275/1440 2358/3276/1441
f 2374/3277/1442 2233/3278/1229 2113/3279/1240 2359/3280/1443
f 2373/3281/1444 2360/3282/1445 2107/3283/1446 2227/3284/1447
f 2372/3285/1448 2361/3286/1449 2174/3287/1450 2362/3288/1451
f 2371/3289/1452 2230/3290/1453 2110/3291/1454 2363/3292/1455
f 2370/3293/1456 2364/3294/1457 2110/3295/1454 2230/3296/1453
f 2369/3297/1458 2365/3298/1459 2175/3299/1460 2366/3300/1461
f 2368/3301/1462 2197/3302/1207 2125/3303/1309 2367/3304/1463
f 2365/3298/1459 2368/3301/1462 2367/3304/1463 2175/3299/1460
f 2151/3019/1233 2271/3016/1230 2368/3301/1462 2365/3298/1459
f 2271/3016/1230 2095/3015/1208 2197/3302/1207 2368/3301/1462
f 2268/3050/1263 2369/3297/1458 2366/3300/1461 2148/3051/1264
f 2103/3011/1226 2223/3020/1234 2369/3297/1458 2268/3050/1263
f 2223/3020/1234 2151/3019/1233 2365/3298/1459 2369/3297/1458
f 2220/3006/1223 2370/3293/1456 2230/3296/1453 2092/3007/1220
f 2148/3051/1264 2366/3300/1461 2370/3293/1456 2220/3006/1223
f 2366/3300/1461 2175/3299/1460 2364/3294/1457 2370/3293/1456
f 2361/3286/1449 2371/3289/1452 2363/3292/1455 2174/3287/1450
f 2147/3055/1268 2267/3004/1221 2371/3289/1452 2361/3286/1449
f 2267/3004/1221 2092/3003/1220 2230/3290/1453 2371/3289/1452
f 2264/3086/1297 2372/3285/1448 2362/3288/1451 2144/3087/1298
f 2102/2999/1216 2219/3056/1269 2372/3285/1448 2264/3086/1297
f 2219/3056/1269 2147/3055/1268 2361/3286/1449 2372/3285/1448
f 2216/2994/1211 2373/3281/1444 2227/3284/1447 2089/2995/1212
f 2144/3087/1298 2362/3288/1451 2373/3281/1444 2216/2994/1211
f 2362/3288/1451 2174/3287/1450 2360/3282/1445 2373/3281/1444
f 2357/3274/1439 2374/3277/1442 2359/3280/1443 2173/3275/1440
f 2143/3091/1302 2263/2992/1209 2374/3277/1442 2357/3274/1439
f 2263/2992/1209 2095/2991/1208 2233/3278/1229 2374/3277/1442
f 2260/3122/1332 2375/3273/1438 2358/3276/1441 2140/3123/1333
f 2101/2987/1204 2215/3092/1303 2375/3273/1438 2260/3122/1332
f 2215/3092/1303 2143/3091/1302 2357/3274/1439 2375/3273/1438
f 2212/2982/1199 2376/3269/1434 2193/3272/1437 2091/2983/1200
f 2140/3123/1333 2358/3276/1441 2376/3269/1434 2212/2982/1199
f 2358/3276/1441 2173/3275/1440 2356/3270/1435 2376/3269/1434
f 2353/3262/1160 2377/3265/1160 2355/3268/1160 2172/3263/1160
f 2139/3127/1160 2259/2980/1160 2377/3265/1160 2353/3262/1160
f 2259/2980/1160 2097/2979/1197 2199/3266/1432 2377/3265/1160
f 2256/3158/1160 2378/3261/1160 2354/3264/1160 2136/3159/1160
f 2100/2975/1160 2211/3128/1160 2378/3261/1160 2256/3158/1160
f 2211/3128/1160 2139/3127/1160 2353/3262/1160 2378/3261/1160
f 2208/2970/1160 2379/3257/1160 2232/3260/1163 2094/2971/1163
f 2136/3159/1160 2354/3264/1160 2379/3257/1160 2208/2970/1160
f 2354/3264/1160 2172/3263/1160 2352/3258/1160 2379/3257/1160
f 2349/3250/1425 2380/3253/1428 2351/3256/1431 2171/3251/1426
f 2135/3163/1338 2255/2968/1195 2380/3253/1428 2349/3250/1425
f 2255/2968/1195 2093/2967/1194 2231/3254/1429 2380/3253/1428
f 2252/3194/1369 2381/3249/1424 2350/3252/1427 2132/3195/1370
f 2099/2963/1190 2207/3164/1339 2381/3249/1424 2252/3194/1369
f 2207/3164/1339 2135/3163/1338 2349/3250/1425 2381/3249/1424
f 2204/2958/1185 2382/3245/1420 2192/3248/1423 2090/2959/1186
f 2132/3195/1370 2350/3252/1427 2382/3245/1420 2204/2958/1185
f 2350/3252/1427 2171/3251/1426 2348/3246/1421 2382/3245/1420
f 2345/3238/1413 2383/3241/1416 2347/3244/1419 2170/3239/1414
f 2131/3199/1374 2251/2956/1183 2383/3241/1416 2345/3238/1413
f 2251/2956/1183 2096/2955/1182 2234/3242/1417 2383/3241/1416
f 2248/3230/1405 2384/3237/1412 2346/3240/1415 2128/3231/1406
f 2098/2951/1178 2203/3200/1375 2384/3237/1412 2248/3230/1405
f 2203/3200/1375 2131/3199/1374 2345/3238/1413 2384/3237/1412
f 2200/2946/1173 2385/3233/1408 2190/3236/1411 2088/2947/1174
f 2128/3231/1406 2346/3240/1415 2385/3233/1408 2200/2946/1173
f 2346/3240/1415 2170/3239/1414 2344/3234/1409 2385/3233/1408
f 2341/3226/1401 2386/3229/1404 2343/3232/1407 2169/3227/1402
f 2130/3211/1386 2250/2952/1179 2386/3229/1404 2341/3226/1401
f 2250/2952/1179 2098/2951/1178 2248/3230/1405 2386/3229/1404
f 2189/3305/1464 2387/3225/1400 2342/3228/1403 2117/3306/1464
f 2087/3307/1464 2202/3212/1387 2387/3225/1400 2189/3305/1464
f 2202/3212/1387 2130/3211/1386 2341/3226/1401 2387/3225/1400
f 2237/3308/1464 2388/3221/1396 2178/3224/1399 2079/3309/1465
f 2117/3306/1464 2342/3228/1403 2388/3221/1396 2237/3308/1464
f 2342/3228/1403 2169/3227/1402 2340/3222/1397 2388/3221/1396
f 2337/3214/1389 2389/3217/1392 2339/3220/1395 2168/3215/1390
f 2109/3310/1325 2229/3311/1201 2389/3217/1392 2337/3214/1389
f 2229/3311/1201 2091/3312/1200 2249/3218/1393 2389/3217/1392
f 2177/3313/1466 2390/3213/1388 2338/3216/1391 2105/3314/1464
f 2083/3315/1467 2181/3316/1326 2390/3213/1388 2177/3313/1466
f 2181/3316/1326 2109/3310/1325 2337/3214/1389 2390/3213/1388
f 2225/3317/1464 2391/3209/1384 2202/3212/1387 2087/3307/1464
f 2105/3314/1464 2338/3216/1391 2391/3209/1384 2225/3317/1464
f 2338/3216/1391 2168/3215/1390 2336/3210/1385 2391/3209/1384
f 2333/3202/1377 2392/3205/1380 2335/3208/1383 2167/3203/1378
f 2121/3318/1436 2241/3319/1159 2392/3205/1380 2333/3202/1377
f 2241/3319/1159 2082/3320/1158 2246/3206/1381 2392/3205/1380
f 2249/3218/1393 2393/3201/1376 2334/3204/1379 2129/3219/1394
f 2091/3312/1200 2193/3321/1437 2393/3201/1376 2249/3218/1393
f 2193/3321/1437 2121/3318/1436 2333/3202/1377 2393/3201/1376
f 2201/2950/1177 2394/3197/1372 2203/3200/1375 2098/2951/1178
f 2129/3219/1394 2334/3204/1379 2394/3197/1372 2201/2950/1177
f 2334/3204/1379 2167/3203/1378 2332/3198/1373 2394/3197/1372
f 2329/3190/1365 2395/3193/1368 2331/3196/1371 2166/3191/1366
f 2134/3175/1350 2254/2964/1191 2395/3193/1368 2329/3190/1365
f 2254/2964/1191 2099/2963/1190 2252/3194/1369 2395/3193/1368
f 2199/3322/1432 2396/3189/1364 2330/3192/1367 2127/3323/1433
f 2097/3324/1197 2206/3176/1351 2396/3189/1364 2199/3322/1432
f 2206/3176/1351 2134/3175/1350 2329/3190/1365 2396/3189/1364
f 2247/3325/1161 2397/3185/1360 2180/3188/1363 2081/3326/1162
f 2127/3323/1433 2330/3192/1367 2397/3185/1360 2247/3325/1161
f 2330/3192/1367 2166/3191/1366 2328/3186/1361 2397/3185/1360
f 2325/3178/1353 2398/3181/1356 2327/3184/1359 2165/3179/1354
f 2106/3327/1398 2226/3328/1175 2398/3181/1356 2325/3178/1353
f 2226/3328/1175 2088/3329/1174 2253/3182/1357 2398/3181/1356
f 2187/3330/1335 2399/3177/1352 2326/3180/1355 2115/3331/1335
f 2079/3332/1465 2178/3333/1399 2399/3177/1352 2187/3330/1335
f 2178/3333/1399 2106/3327/1398 2325/3178/1353 2399/3177/1352
f 2235/3334/1196 2400/3173/1348 2206/3176/1351 2097/3324/1197
f 2115/3331/1335 2326/3180/1355 2400/3173/1348 2235/3334/1196
f 2326/3180/1355 2165/3179/1354 2324/3174/1349 2400/3173/1348
f 2321/3166/1341 2401/3169/1344 2323/3172/1347 2164/3167/1342
f 2118/3335/1410 2238/3336/1171 2401/3169/1344 2321/3166/1341
f 2238/3336/1171 2078/3337/1170 2243/3170/1345 2401/3169/1344
f 2253/3182/1357 2402/3165/1340 2322/3168/1343 2133/3183/1358
f 2088/3329/1174 2190/3338/1411 2402/3165/1340 2253/3182/1357
f 2190/3338/1411 2118/3335/1410 2321/3166/1341 2402/3165/1340
f 2205/2962/1189 2403/3161/1336 2207/3164/1339 2099/2963/1190
f 2133/3183/1358 2322/3168/1343 2403/3161/1336 2205/2962/1189
f 2322/3168/1343 2164/3167/1342 2320/3162/1337 2403/3161/1336
f 2317/3154/1160 2404/3157/1160 2319/3160/1160 2163/3155/1160
f 2138/3139/1160 2258/2976/1160 2404/3157/1160 2317/3154/1160
f 2258/2976/1160 2100/2975/1160 2256/3158/1160 2404/3157/1160
f 2224/3339/1468 2405/3153/1160 2318/3156/1160 2104/3340/1468
f 2086/3341/1468 2210/3140/1160 2405/3153/1160 2224/3339/1468
f 2210/3140/1160 2138/3139/1160 2317/3154/1160 2405/3153/1160
f 2176/3342/1468 2406/3149/1160 2244/3152/1163 2085/3343/1469
f 2104/3340/1468 2318/3156/1160 2406/3149/1160 2176/3342/1468
f 2318/3156/1160 2163/3155/1160 2316/3150/1160 2406/3149/1160
f 2313/3142/1160 2407/3145/1160 2315/3148/1160 2162/3143/1160
f 2105/3344/1464 2225/3345/1464 2407/3145/1160 2313/3142/1160
f 2225/3345/1464 2087/3346/1464 2257/3146/1160 2407/3145/1160
f 2236/3347/1468 2408/3141/1160 2314/3144/1160 2116/3348/1468
f 2083/3349/1467 2177/3350/1466 2408/3141/1160 2236/3347/1468
f 2177/3350/1466 2105/3344/1464 2313/3142/1160 2408/3141/1160
f 2188/3351/1468 2409/3137/1160 2210/3140/1160 2086/3341/1468
f 2116/3348/1468 2314/3144/1160 2409/3137/1160 2188/3351/1468
f 2314/3144/1160 2162/3143/1160 2312/3138/1160 2409/3137/1160
f 2309/3130/1160 2410/3133/1160 2311/3136/1160 2161/3131/1160
f 2117/3352/1464 2237/3353/1464 2410/3133/1160 2309/3130/1160
f 2237/3353/1464 2079/3354/1465 2187/3134/1335 2410/3133/1160
f 2257/3146/1160 2411/3129/1160 2310/3132/1160 2137/3147/1160
f 2087/3346/1464 2189/3355/1464 2411/3129/1160 2257/3146/1160
f 2189/3355/1464 2117/3352/1464 2309/3130/1160 2411/3129/1160
f 2209/2974/1160 2412/3125/1160 2211/3128/1160 2100/2975/1160
f 2137/3147/1160 2310/3132/1160 2412/3125/1160 2209/2974/1160
f 2310/3132/1160 2161/3131/1160 2308/3126/1160 2412/3125/1160
f 2305/3118/1328 2413/3121/1331 2307/3124/1334 2160/3119/1329
f 2142/3103/1313 2262/2988/1205 2413/3121/1331 2305/3118/1328
f 2262/2988/1205 2101/2987/1204 2260/3122/1332 2413/3121/1331
f 2188/3356/1468 2414/3117/1327 2306/3120/1330 2116/3357/1468
f 2086/3358/1468 2214/3104/1314 2414/3117/1327 2188/3356/1468
f 2214/3104/1314 2142/3103/1313 2305/3118/1328 2414/3117/1327
f 2236/3359/1468 2415/3113/1323 2181/3116/1326 2083/3360/1467
f 2116/3357/1468 2306/3120/1330 2415/3113/1323 2236/3359/1468
f 2306/3120/1330 2160/3119/1329 2304/3114/1324 2415/3113/1323
f 2301/3106/1316 2416/3109/1319 2303/3112/1322 2159/3107/1317
f 2119/3361/1290 2191/3362/1213 2416/3109/1319 2301/3106/1316
f 2191/3362/1213 2089/3363/1212 2261/3110/1320 2416/3109/1319
f 2176/3364/1468 2417/3105/1315 2302/3108/1318 2104/3365/1468
f 2085/3366/1469 2239/3367/1291 2417/3105/1315 2176/3364/1468
f 2239/3367/1291 2119/3361/1290 2301/3106/1316 2417/3105/1315
f 2224/3368/1468 2418/3101/1311 2214/3104/1314 2086/3358/1468
f 2104/3365/1468 2302/3108/1318 2418/3101/1311 2224/3368/1468
f 2302/3108/1318 2159/3107/1317 2300/3102/1312 2418/3101/1311
f 2297/3094/1305 2419/3097/1308 2299/3100/1310 2158/3095/1306
f 2107/3369/1446 2179/3370/1155 2419/3097/1308 2297/3094/1305
f 2179/3370/1155 2084/3371/1152 2245/3098/1151 2419/3097/1308
f 2261/3110/1320 2420/3093/1304 2298/3096/1307 2141/3111/1321
f 2089/3363/1212 2227/3372/1447 2420/3093/1304 2261/3110/1320
f 2227/3372/1447 2107/3369/1446 2297/3094/1305 2420/3093/1304
f 2213/2986/1203 2421/3089/1300 2215/3092/1303 2101/2987/1204
f 2141/3111/1321 2298/3096/1307 2421/3089/1300 2213/2986/1203
f 2298/3096/1307 2158/3095/1306 2296/3090/1301 2421/3089/1300
f 2293/3082/1293 2422/3085/1296 2295/3088/1299 2157/3083/1294
f 2146/3067/1278 2266/3000/1217 2422/3085/1296 2293/3082/1293
f 2266/3000/1217 2102/2999/1216 2264/3086/1297 2422/3085/1296
f 2196/3373/1163 2423/3081/1292 2294/3084/1295 2124/3374/1163
f 2094/3375/1163 2218/3068/1279 2423/3081/1292 2196/3373/1163
f 2218/3068/1279 2146/3067/1278 2293/3082/1293 2423/3081/1292
f 2244/3376/1163 2424/3077/1288 2239/3080/1291 2085/3377/1469
f 2124/3374/1163 2294/3084/1295 2424/3077/1288 2244/3376/1163
f 2294/3084/1295 2157/3083/1294 2292/3078/1289 2424/3077/1288
f 2289/3070/1281 2425/3073/1284 2291/3076/1287 2156/3071/1282
f 2108/3378/1362 2228/3379/1187 2425/3073/1284 2289/3070/1281
f 2228/3379/1187 2090/3380/1186 2265/3074/1285 2425/3073/1284
f 2184/3381/1163 2426/3069/1280 2290/3072/1283 2112/3382/1163
f 2081/3383/1162 2180/3384/1363 2426/3069/1280 2184/3381/1163
f 2180/3384/1363 2108/3378/1362 2289/3070/1281 2426/3069/1280
f 2232/3385/1163 2427/3065/1276 2218/3068/1279 2094/3375/1163
f 2112/3382/1163 2290/3072/1283 2427/3065/1276 2232/3385/1163
f 2290/3072/1283 2156/3071/1282 2288/3066/1277 2427/3065/1276
f 2285/3058/1271 2428/3061/1274 2287/3064/1275 2155/3059/1272
f 2120/3386/1422 2240/3387/1167 2428/3061/1274 2285/3058/1271
f 2240/3387/1167 2080/3388/1166 2242/3062/1257 2428/3061/1274
f 2265/3074/1285 2429/3057/1270 2286/3060/1273 2145/3075/1286
f 2090/3380/1186 2192/3389/1423 2429/3057/1270 2265/3074/1285
f 2192/3389/1423 2120/3386/1422 2285/3058/1271 2429/3057/1270
f 2217/2998/1215 2430/3053/1266 2219/3056/1269 2102/2999/1216
f 2145/3075/1286 2286/3060/1273 2430/3053/1266 2217/2998/1215
f 2286/3060/1273 2155/3059/1272 2284/3054/1267 2430/3053/1266
f 2281/3046/1259 2431/3049/1262 2283/3052/1265 2154/3047/1260
f 2150/3031/1244 2270/3012/1227 2431/3049/1262 2281/3046/1259
f 2270/3012/1227 2103/3011/1226 2268/3050/1263 2431/3049/1262
f 2231/3390/1429 2432/3045/1258 2282/3048/1261 2111/3391/1430
f 2093/3392/1194 2222/3032/1245 2432/3045/1258 2231/3390/1429
f 2222/3032/1245 2150/3031/1244 2281/3046/1259 2432/3045/1258
f 2183/3393/1165 2433/3041/1254 2242/3044/1257 2080/3394/1166
f 2111/3391/1430 2282/3048/1261 2433/3041/1254 2183/3393/1165
f 2282/3048/1261 2154/3047/1260 2280/3042/1255 2433/3041/1254
f 2277/3034/1247 2434/3037/1250 2279/3040/1253 2153/3035/1248
f 2114/3395/1418 2234/3396/1417 2434/3037/1250 2277/3034/1247
f 2234/3396/1417 2096/3397/1182 2269/3038/1251 2434/3037/1250
f 2243/3398/1345 2435/3033/1246 2278/3036/1249 2123/3399/1346
f 2078/3400/1170 2186/3401/1169 2435/3033/1246 2243/3398/1345
f 2186/3401/1169 2114/3395/1418 2277/3034/1247 2435/3033/1246
f 2195/3402/1193 2436/3029/1242 2222/3032/1245 2093/3392/1194
f 2123/3399/1346 2278/3036/1249 2436/3029/1242 2195/3402/1193
f 2278/3036/1249 2153/3035/1248 2276/3030/1243 2436/3029/1242
f 2273/3022/1236 2437/3025/1239 2275/3028/1241 2152/3023/1237
f 2126/3403/1382 2246/3404/1381 2437/3025/1239 2273/3022/1236
f 2246/3404/1381 2082/3405/1158 2185/3026/1157 2437/3025/1239
f 2269/3038/1251 2438/3021/1235 2274/3024/1238 2149/3039/1252
f 2096/3397/1182 2198/3406/1181 2438/3021/1235 2269/3038/1251
f 2198/3406/1181 2126/3403/1382 2273/3022/1236 2438/3021/1235
f 2221/3010/1225 2439/3017/1231 2223/3020/1234 2103/3011/1226
f 2149/3039/1252 2274/3024/1238 2439/3017/1231 2221/3010/1225
f 2274/3024/1238 2152/3023/1237 2272/3018/1232 2439/3017/1231
f 2272/3018/1232 2440/3013/1228 2271/3016/1230 2151/3019/1233
f 2152/3023/1237 2275/3028/1241 2440/3013/1228 2272/3018/1232
f 2275/3028/1241 2113/3027/1240 2233/3014/1229 2440/3013/1228
f 2276/3030/1243 2441/3009/1224 2270/3012/1227 2150/3031/1244
f 2153/3035/1248 2279/3040/1253 2441/3009/1224 2276/3030/1243
f 2279/3040/1253 2149/3039/1252 2221/3010/1225 2441/3009/1224
f 2280/3042/1255 2442/3005/1222 2194/3008/1219 2122/3043/1256
f 2154/3047/1260 2283/3052/1265 2442/3005/1222 2280/3042/1255
f 2283/3052/1265 2148/3051/1264 2220/3006/1223 2442/3005/1222
f 2284/3054/1267 2443/3001/1218 2267/3004/1221 2147/3055/1268
f 2155/3059/1272 2287/3064/1275 2443/3001/1218 2284/3054/1267
f 2287/3064/1275 2122/3063/1256 2194/3002/1219 2443/3001/1218
f 2288/3066/1277 2444/2997/1214 2266/3000/1217 2146/3067/1278
f 2156/3071/1282 2291/3076/1287 2444/2997/1214 2288/3066/1277
f 2291/3076/1287 2145/3075/1286 2217/2998/1215 2444/2997/1214
f 2292/3078/1289 2445/2993/1210 2191/2996/1213 2119/3079/1290
f 2157/3083/1294 2295/3088/1299 2445/2993/1210 2292/3078/1289
f 2295/3088/1299 2144/3087/1298 2216/2994/1211 2445/2993/1210
f 2296/3090/1301 2446/2989/1206 2263/2992/1209 2143/3091/1302
f 2158/3095/1306 2299/3100/1310 2446/2989/1206 2296/3090/1301
f 2299/3100/1310 2125/3099/1309 2197/2990/1207 2446/2989/1206
f 2300/3102/1312 2447/2985/1202 2262/2988/1205 2142/3103/1313
f 2159/3107/1317 2303/3112/1322 2447/2985/1202 2300/3102/1312
f 2303/3112/1322 2141/3111/1321 2213/2986/1203 2447/2985/1202
f 2304/3114/1324 2448/2981/1198 2229/2984/1201 2109/3115/1325
f 2160/3119/1329 2307/3124/1334 2448/2981/1198 2304/3114/1324
f 2307/3124/1334 2140/3123/1333 2212/2982/1199 2448/2981/1198
f 2308/3126/1160 2449/2977/1160 2259/2980/1160 2139/3127/1160
f 2161/3131/1160 2311/3136/1160 2449/2977/1160 2308/3126/1160
f 2311/3136/1160 2115/3135/1335 2235/2978/1196 2449/2977/1160
f 2312/3138/1160 2450/2973/1160 2258/2976/1160 2138/3139/1160
f 2162/3143/1160 2315/3148/1160 2450/2973/1160 2312/3138/1160
f 2315/3148/1160 2137/3147/1160 2209/2974/1160 2450/2973/1160
f 2316/3150/1160 2451/2969/1160 2196/2972/1163 2124/3151/1163
f 2163/3155/1160 2319/3160/1160 2451/2969/1160 2316/3150/1160
f 2319/3160/1160 2136/3159/1160 2208/2970/1160 2451/2969/1160
f 2320/3162/1337 2452/2965/1192 2255/2968/1195 2135/3163/1338
f 2164/3167/1342 2323/3172/1347 2452/2965/1192 2320/3162/1337
f 2323/3172/1347 2123/3171/1346 2195/2966/1193 2452/2965/1192
f 2324/3174/1349 2453/2961/1188 2254/2964/1191 2134/3175/1350
f 2165/3179/1354 2327/3184/1359 2453/2961/1188 2324/3174/1349
f 2327/3184/1359 2133/3183/1358 2205/2962/1189 2453/2961/1188
f 2328/3186/1361 2454/2957/1184 2228/2960/1187 2108/3187/1362
f 2166/3191/1366 2331/3196/1371 2454/2957/1184 2328/3186/1361
f 2331/3196/1371 2132/3195/1370 2204/2958/1185 2454/2957/1184
f 2332/3198/1373 2455/2953/1180 2251/2956/1183 2131/3199/1374
f 2167/3203/1378 2335/3208/1383 2455/2953/1180 2332/3198/1373
f 2335/3208/1383 2126/3207/1382 2198/2954/1181 2455/2953/1180
f 2336/3210/1385 2456/2949/1176 2250/2952/1179 2130/3211/1386
f 2168/3215/1390 2339/3220/1395 2456/2949/1176 2336/3210/1385
f 2339/3220/1395 2129/3219/1394 2201/2950/1177 2456/2949/1176
f 2340/3222/1397 2457/2945/1172 2226/2948/1175 2106/3223/1398
f 2169/3227/1402 2343/3232/1407 2457/2945/1172 2340/3222/1397
f 2343/3232/1407 2128/3231/1406 2200/2946/1173 2457/2945/1172
f 2344/3234/1409 2458/2941/1168 2238/2944/1171 2118/3235/1410
f 2170/3239/1414 2347/3244/1419 2458/2941/1168 2344/3234/1409
f 2347/3244/1419 2114/3243/1418 2186/2942/1169 2458/2941/1168
f 2348/3246/1421 2459/2937/1164 2240/2940/1167 2120/3247/1422
f 2171/3251/1426 2351/3256/1431 2459/2937/1164 2348/3246/1421
f 2351/3256/1431 2111/3255/1430 2183/2938/1165 2459/2937/1164
f 2352/3258/1160 2460/2933/1160 2184/2936/1163 2112/3259/1163
f 2172/3263/1160 2355/3268/1160 2460/2933/1160 2352/3258/1160
f 2355/3268/1160 2127/3267/1433 2247/2934/1161 2460/2933/1160
f 2356/3270/1435 2461/2929/1156 2241/2932/1159 2121/3271/1436
f 2173/3275/1440 2359/3280/1443 2461/2929/1156 2356/3270/1435
f 2359/3280/1443 2113/3279/1240 2185/2930/1157 2461/2929/1156
f 2360/3282/1445 2462/2925/1154 2179/2928/1155 2107/3283/1446
f 2174/3287/1450 2363/3292/1455 2462/2925/1154 2360/3282/1445
f 2363/3292/1455 2110/3291/1454 2182/2926/1153 2462/2925/1154
f 2364/3294/1457 2463/2921/1150 2182/2924/1153 2110/3295/1454
f 2175/3299/1460 2367/3304/1463 2463/2921/1150 2364/3294/1457
f 2367/3304/1463 2125/3303/1309 2245/2922/1151 2463/2921/1150
o caja-recubierta-de-lona_caja-recubierta
v -0.634567 0.713586 -0.285306
v -0.631695 0.004368 -0.279050
v -0.638034 0.714517 0.290422
v -0.641479 0.026581 0.309692
v -1.353089 0.710923 -0.286899
v -1.356170 0.016744 -0.311931
v -1.371492 0.702786 0.275632
v -1.363024 0.026050 0.291032
v -1.386615 -0.006233 0.001582
v -0.996829 0.018470 -0.300013
v -0.628975 0.344686 -0.287588
v -1.361120 0.351591 0.289479
v -0.618256 0.338003 0.286441
v -1.360304 0.345816 -0.294938
v -0.997830 0.714309 0.290075
v -0.643598 0.713931 -0.001106
v -0.998789 0.020940 0.311489
v -1.354418 0.718804 -0.000208
v -1.000385 0.712280 -0.299995
v -0.604750 0.008526 -0.001858
v -1.399254 -0.005708 0.173664
v -1.236179 0.005692 -0.312753
v -0.624832 0.154063 -0.287209
v -1.374995 0.539102 0.285633
v -0.614776 0.144323 0.317621
v -1.355108 0.146027 -0.314819
v -1.217473 0.717759 0.290771
v -0.640440 0.716701 0.174395
v -0.797543 0.010943 0.309555
v -1.362019 0.713473 -0.177862
v -0.784171 0.710161 -0.298031
v -0.610077 0.004208 -0.157859
v -1.383439 0.005878 -0.176557
v -0.791051 0.015275 -0.282801
v -0.625243 0.540216 -0.286802
v -1.369298 0.156113 0.292218
v -0.635779 0.542032 0.292724
v -1.367158 0.532911 -0.298346
v -0.790108 0.717983 0.291276
v -0.643023 0.717061 -0.179036
v -1.213835 0.012501 0.293721
v -1.361186 0.723246 0.189448
v -1.211601 0.719100 -0.303204
v -0.625539 0.009390 0.167112
v -1.005616 0.725280 0.200017
v -0.754568 0.722983 0.000637
v -1.215658 0.723603 0.000029
v -1.216282 0.724336 0.187206
v -0.758374 0.722605 0.175197
v -0.772399 0.709901 -0.177176
v -1.213477 0.722936 -0.174730
v -1.392297 -0.004747 0.087709
v -1.370983 0.015882 0.244097
v -1.115687 0.010785 -0.300638
v -1.299944 0.005126 -0.315865
v -0.622744 0.251089 -0.290396
v -0.630322 0.075560 -0.282172
v -1.375239 0.446429 0.290827
v -1.364907 0.625651 0.281674
v -0.616241 0.241400 0.301994
v -0.619582 0.082161 0.319040
v -1.350305 0.244322 -0.307820
v -1.350104 0.077229 -0.314785
v -1.108144 0.716610 0.288207
v -1.299482 0.716898 0.286302
v -0.643799 0.714262 0.086479
v -0.639654 0.718055 0.237068
v -0.895946 0.016321 0.310129
v -0.710848 0.017330 0.309800
v -1.352578 0.716422 -0.088877
v -1.362667 0.715564 -0.237288
v -0.892682 0.712208 -0.298431
v -0.704401 0.717973 -0.294137
v -0.608084 0.005096 -0.081992
v -0.626503 0.008902 -0.226652
v -1.367181 0.013273 -0.245508
v -1.380977 0.000880 -0.088246
v -0.706900 0.015070 -0.279885
v -0.893952 0.015757 -0.288614
v -0.629930 0.633998 -0.285354
v -0.619526 0.442577 -0.289900
v -1.362724 0.085934 0.294037
v -1.370456 0.252944 0.289910
v -0.643085 0.638076 0.294407
v -0.628354 0.444794 0.295419
v -1.358052 0.626121 -0.293863
v -1.371968 0.440859 -0.304006
v -0.708348 0.719274 0.293542
v -0.893593 0.716395 0.291990
v -0.637053 0.717967 -0.236063
v -0.643662 0.715221 -0.089724
v -1.295598 0.015973 0.296869
v -1.105948 0.014370 0.302650
v -1.358126 0.717214 0.236613
v -1.355735 0.718204 0.094999
v -1.288343 0.717040 -0.296530
v -1.107510 0.715735 -0.298989
v -0.632451 0.021655 0.240096
v -0.611260 0.008177 0.083409
v -1.001592 0.720750 0.252116
v -0.999869 0.718160 -0.244403
v -0.693382 0.719461 -0.000157
v -1.293958 0.717714 -0.000304
v -1.215858 0.723946 0.087445
v -1.294268 0.723390 0.185081
v -1.217027 0.724495 0.238001
v -1.110289 0.723549 0.195395
v -0.756585 0.722817 0.087899
v -0.882337 0.719793 0.194851
v -0.772850 0.720432 0.238475
v -0.693639 0.719441 0.175293
v -0.783696 0.718560 -0.241857
v -0.758689 0.723139 -0.087788
v -0.707576 0.722024 -0.177430
v -1.212454 0.722644 -0.242982
v -1.295056 0.719676 -0.176632
v -1.214883 0.723340 -0.087270
v -1.296591 0.719253 -0.089193
v -1.291041 0.719127 -0.241950
v -1.107256 0.718319 -0.243716
v -0.701998 0.721954 -0.088812
v -0.891771 0.716741 -0.243154
v -0.706143 0.721857 -0.238735
v -0.700890 0.721342 0.237773
v -0.887402 0.719324 0.245470
v -0.693017 0.719672 0.087423
v -1.109110 0.720010 0.245637
v -1.297097 0.722849 0.237250
v -1.295279 0.717779 0.091205
v -1.396111 -0.005921 0.131197
v -1.371989 0.017398 0.253679
v -1.175040 0.013947 -0.304580
v -1.331862 0.008220 -0.317554
v -0.626565 0.201410 -0.290157
v -0.631352 0.032551 -0.279841
v -1.375712 0.492572 0.290209
v -1.370248 0.667629 0.277801
v -0.616575 0.193053 0.310881
v -0.630128 0.052889 0.314143
v -1.348339 0.192749 -0.319286
v -1.351594 0.041808 -0.311510
v -1.163130 0.717151 0.287823
v -1.340745 0.714345 0.286536
v -0.641213 0.713539 0.131812
v -0.638189 0.718011 0.267669
v -0.841894 0.018409 0.306336
v -0.671828 0.019065 0.314178
v -1.355890 0.712266 -0.134427
v -1.355064 0.712041 -0.265347
v -0.839318 0.711776 -0.297203
v -0.665654 0.717137 -0.291361
v -0.607403 0.003764 -0.123358
v -0.621751 0.003113 -0.254017
v -1.371767 0.004896 -0.202951
v -1.385995 -0.000697 -0.042514
v -0.749475 0.014666 -0.283056
v -0.945879 0.016981 -0.292292
v -0.628388 0.584858 -0.281643
v -0.623540 0.399491 -0.283001
v -1.365233 0.121815 0.293552
v -1.365979 0.300320 0.293342
v -0.643218 0.587554 0.297718
v -0.631240 0.390037 0.285491
v -1.365889 0.580493 -0.295287
v -1.368428 0.395762 -0.294912
v -0.741186 0.720072 0.295473
v -0.945567 0.715572 0.291332
v -0.639038 0.721011 -0.207011
v -0.644897 0.716558 -0.045463
v -1.252932 0.015511 0.297087
v -1.051228 0.018888 0.306658
v -1.357421 0.717508 0.213118
v -1.354996 0.717933 0.047116
v -1.251650 0.719029 -0.298872
v -1.053781 0.713910 -0.299214
v -0.630417 0.014791 0.199831
v -0.604567 0.003177 0.043813
v -0.665680 0.348477 -0.294887
v -1.000938 0.044028 -0.302798
v -0.622946 0.342982 0.260409
v -0.594323 0.037269 0.000823
v -0.999217 0.009147 0.280027
v -1.352110 -0.022976 0.001143
v -1.370376 0.345668 -0.269146
v -1.392843 0.023777 0.002655
v -1.332340 0.357820 0.300704
v -1.003231 0.043620 0.322251
v -1.002868 0.700646 0.156981
v -0.999837 0.721128 0.275964
v -0.999646 0.712077 -0.212376
v -0.999010 0.696012 -0.044813
v -0.663470 0.719104 -0.000513
v -1.249995 0.725271 -0.000096
v -1.215910 0.724114 0.131145
v -1.247937 0.724805 0.178129
v -1.216633 0.724416 0.206417
v -1.162760 0.724754 0.193827
v -0.757478 0.722706 0.131550
v -0.819288 0.707924 0.189822
v -0.765861 0.724445 0.207835
v -0.714761 0.723255 0.175212
v -0.783035 0.717483 -0.208799
v -0.762900 0.710009 -0.133132
v -0.734859 0.719671 -0.177201
v -1.214263 0.727223 -0.202377
v -1.251932 0.726310 -0.175728
v -1.214189 0.723135 -0.130941
v -1.390731 -0.004308 0.044233
v -1.406562 0.004611 0.186788
v -1.057197 0.010199 -0.296612
v -1.257107 0.003200 -0.321365
v -0.627176 0.292233 -0.282631
v -0.627291 0.122337 -0.282727
v -1.366152 0.406208 0.290491
v -1.369922 0.581510 0.280767
v -0.616418 0.289858 0.294081
v -0.613707 0.113588 0.318528
v -1.351393 0.295614 -0.298763
v -1.349404 0.111298 -0.318948
v -1.053246 0.713868 0.291104
v -1.258903 0.716558 0.287197
v -0.643110 0.712622 0.043092
v -0.640741 0.716052 0.205088
v -0.947458 0.015297 0.312096
v -0.749552 0.016828 0.304507
v -1.353706 0.717733 -0.043990
v -1.361921 0.718738 -0.204213
v -0.946577 0.712444 -0.299097
v -0.746083 0.715435 -0.296498
v -0.605778 0.007375 -0.039759
v -0.615763 0.007572 -0.174828
v -1.357755 0.011548 -0.284291
v -1.376716 0.002677 -0.135458
v -0.662899 0.011453 -0.277558
v -0.842024 0.014534 -0.284936
v -0.627751 0.679830 -0.285915
v -0.620472 0.492036 -0.288540
v -1.363766 0.050056 0.292637
v -1.372859 0.203867 0.290907
v -0.640828 0.674941 0.299745
v -0.630386 0.490649 0.293212
v -1.349678 0.670673 -0.290926
v -1.370911 0.487638 -0.305695
v -0.667732 0.715530 0.292695
v -0.841305 0.716735 0.291898
v -0.636072 0.718766 -0.264760
v -0.642999 0.715015 -0.134013
v -1.333207 0.014650 0.298191
v -1.158801 0.016515 0.299130
v -1.367792 0.708616 0.261419
v -1.356939 0.719077 0.142334
v -1.326974 0.715077 -0.293630
v -1.160710 0.715556 -0.301011
v -0.640636 0.023987 0.277210
v -0.618048 0.009158 0.124605
v -1.331967 0.347699 -0.311750
v -1.000570 0.676254 -0.319214
v -0.617782 0.345219 -0.263717
v -0.635091 0.676782 -0.000004
v -1.000378 0.009424 -0.272812
v -0.644578 0.002427 0.001085
v -1.377035 0.350731 0.266388
v -1.361512 0.681273 0.001475
v -0.650185 0.342041 0.299356
v -0.997781 0.676965 0.302218
v -1.000198 0.695879 0.051160
v -1.003089 0.718410 0.229788
v -1.000098 0.718243 -0.277188
v -0.999113 0.700122 -0.135400
v -0.712327 0.722646 0.000424
v -1.328151 0.721593 -0.000528
v -1.215924 0.723866 0.043771
v -1.333297 0.724023 0.186575
v -1.217600 0.724610 0.269610
v -1.057636 0.726235 0.201723
v -1.220821 0.679260 0.293411
v -1.346725 0.540759 0.289056
v -1.361799 0.679802 -0.172114
v -1.367263 0.539335 -0.275569
v -0.656878 0.002702 0.173527
v -0.791486 0.006238 0.281785
v -0.639638 0.681016 0.177935
v -0.628207 0.540884 0.271501
v -0.788242 0.674902 -0.303308
v -0.659758 0.543160 -0.296371
v -0.658155 0.154401 -0.297488
v -0.788859 0.043833 -0.292926
v -1.329517 0.145337 -0.324354
v -1.233617 0.031974 -0.322153
v -1.333508 0.539065 -0.311337
v -1.207247 0.683964 -0.308030
v -0.613410 0.149456 0.281934
v -0.606067 0.036369 0.171328
v -0.621799 0.150604 -0.266888
v -0.600945 0.034496 -0.163583
v -0.626153 0.543528 -0.260018
v -0.631815 0.680092 -0.177173
v -1.214092 0.000458 0.270454
v -1.359195 -0.019525 0.169435
v -1.227984 -0.002071 -0.271790
v -1.346627 -0.013374 -0.178228
v -0.789123 0.011498 -0.261300
v -0.648184 -0.010284 -0.164762
v -1.373477 0.142596 -0.274043
v -1.393361 0.031092 -0.170020
v -1.384501 0.155123 0.264380
v -1.409600 0.025358 0.168096
v -1.379939 0.541254 0.258209
v -1.370866 0.683068 0.187809
v -1.339245 0.156389 0.311038
v -1.210808 0.043090 0.307956
v -0.650589 0.147455 0.320555
v -0.790730 0.040425 0.315851
v -0.659624 0.544026 0.308034
v -0.783593 0.678843 0.295499
v -0.755601 0.722900 0.044263
v -0.943412 0.724324 0.206487
v -0.781273 0.720465 0.270311
v -0.659900 0.720875 0.174177
v -0.784237 0.718512 -0.274448
v -0.759675 0.723164 -0.043643
v -0.669671 0.719336 -0.177717
v -1.211875 0.722701 -0.277239
v -1.333372 0.722361 -0.177347
v -1.215493 0.723542 -0.043595
v -1.107329 0.695451 -0.045561
v -1.107606 0.700736 -0.135429
v -1.294850 0.717740 -0.043895
v -1.295654 0.721007 -0.132397
v -1.252757 0.722729 -0.087605
v -1.330336 0.725116 -0.088657
v -1.292037 0.726609 -0.202176
v -1.290291 0.719859 -0.271558
v -1.248840 0.725663 -0.241165
v -1.329729 0.720871 -0.238702
v -1.107127 0.724648 -0.206349
v -1.107169 0.718171 -0.277194
v -1.053568 0.718416 -0.244069
v -1.160943 0.718223 -0.243363
v -0.696978 0.719530 -0.044489
v -0.704095 0.721996 -0.133112
v -0.666739 0.719215 -0.089197
v -0.728862 0.722565 -0.088060
v -0.879746 0.700007 -0.044310
v -0.887147 0.702705 -0.134683
v -0.891473 0.713962 -0.210794
v -0.892156 0.717753 -0.275826
v -0.837741 0.718083 -0.242497
v -0.945834 0.716762 -0.243780
v -0.706723 0.723472 -0.208998
v -0.705425 0.721672 -0.269377
v -0.667496 0.718962 -0.237293
v -0.744933 0.719008 -0.240290
v -0.704329 0.721092 0.269060
v -0.697019 0.719679 0.206946
v -0.664247 0.722885 0.237167
v -0.738510 0.724725 0.238148
v -0.890538 0.720662 0.273277
v -0.884868 0.722805 0.218845
v -0.830394 0.719595 0.242148
v -0.944616 0.719446 0.248870
v -0.879284 0.702129 0.143410
v -0.877052 0.699674 0.047689
v -0.693437 0.719292 0.130910
v -0.693358 0.719548 0.043597
v -0.662454 0.718401 0.087282
v -0.713543 0.722963 0.087812
v -0.825175 0.455385 0.278478
v -0.890639 0.677711 0.301248
v -0.664910 0.632872 0.303375
v -0.704680 0.677950 0.299391
v -0.654576 0.442815 0.307215
v -0.897665 0.042221 0.326050
v -0.649403 0.244778 0.310833
v -0.660663 0.080731 0.320341
v -0.711583 0.044728 0.318955
v -1.337177 0.084785 0.306105
v -1.289622 0.044430 0.309285
v -1.333947 0.256525 0.301680
v -1.106020 0.043049 0.314106
v -1.361662 0.641196 0.134530
v -1.361653 0.683917 0.093741
v -1.371100 0.628341 0.261201
v -1.372234 0.673914 0.237582
v -1.385570 0.445905 0.264960
v -1.400098 0.025700 0.086572
v -1.381076 0.252908 0.265383
v -1.378914 0.081983 0.264598
v -1.387741 0.038086 0.230358
v -1.368790 0.073557 -0.277691
v -1.376816 0.036346 -0.251233
v -1.375308 0.244050 -0.273136
v -1.387256 0.026932 -0.083605
v -0.645396 -0.011589 -0.082266
v -0.701656 0.002975 -0.247886
v -0.655721 -0.009747 -0.227895
v -0.893770 0.003797 -0.267518
v -1.349356 -0.017464 -0.088878
v -1.111873 0.001425 -0.275322
v -1.299420 0.000635 -0.282337
v -1.338723 0.000425 -0.247677
v -1.297583 -0.001722 0.269488
v -1.344659 0.003293 0.234905
v -1.106477 0.000619 0.266615
v -1.355074 -0.021482 0.087021
v -0.633341 0.678058 -0.088574
v -0.622891 0.633630 -0.263432
v -0.626458 0.676401 -0.237592
v -0.610648 0.444198 -0.264947
v -0.593640 0.035421 -0.081529
v -0.605105 0.249798 -0.268398
v -0.623580 0.078521 -0.251993
v -0.622251 0.030004 -0.228074
v -0.626521 0.083057 0.290385
v -0.621561 0.045595 0.243881
v -0.624839 0.241133 0.273413
v -0.591108 0.035295 0.085519
v -1.105479 0.680179 -0.321270
v -1.329505 0.629334 -0.309481
v -1.288761 0.677504 -0.306727
v -1.332489 0.442023 -0.313428
v -1.118500 0.039210 -0.305386
v -1.336428 0.246328 -0.315012
v -1.331498 0.074989 -0.324007
v -1.297937 0.037998 -0.321669
v -0.664979 0.076235 -0.289936
v -0.703898 0.039436 -0.286981
v -0.656086 0.253339 -0.291827
v -0.895916 0.043800 -0.293700
v -0.660962 0.446436 -0.298458
v -0.662695 0.632621 -0.293644
v -0.704951 0.676588 -0.299152
v -0.893865 0.675197 -0.317959
v -0.622202 0.442742 0.270658
v -0.638292 0.628267 0.261406
v -0.633311 0.674777 0.239969
v -0.637196 0.677465 0.085678
v -0.895136 0.003239 0.279182
v -0.709638 0.003826 0.281321
v -0.666479 0.006126 0.244295
v -0.650899 -0.005167 0.084574
v -1.379738 0.442112 -0.269409
v -1.362695 0.627470 -0.271202
v -1.360169 0.676809 -0.237445
v -1.362174 0.681064 -0.087250
v -1.337743 0.450344 0.294812
v -1.343748 0.628433 0.289145
v -1.301043 0.672327 0.290529
v -1.108960 0.677401 0.296926
v -1.108705 0.724036 0.272846
v -1.110203 0.716021 0.220037
v -1.055217 0.721336 0.249345
v -1.163354 0.719512 0.241297
v -1.298416 0.720992 0.264599
v -1.297800 0.719359 0.209718
v -1.256672 0.722089 0.238317
v -1.336963 0.722037 0.236532
v -1.296072 0.718845 0.136695
v -1.295076 0.717497 0.045338
v -1.248786 0.724523 0.088851
v -1.331498 0.722603 0.091882
v -1.109955 0.699576 0.144054
v -1.107891 0.694270 0.047409
v -1.056835 0.699281 0.149332
v -1.329554 0.722686 0.046629
v -1.249659 0.724836 0.044484
v -1.249805 0.724453 0.133658
v -1.335898 0.722912 0.210858
v -1.248888 0.722436 0.207902
v -1.257978 0.722259 0.267260
v -1.163236 0.722182 0.215429
v -1.056401 0.717221 0.226477
v -1.054522 0.721370 0.274282
v -1.053602 0.509290 0.285034
v -1.051451 0.417985 0.290591
v -1.158377 0.413918 0.278043
v -1.053331 0.677250 0.298902
v -1.053584 0.590644 0.297101
v -1.168166 0.600496 0.295020
v -1.259914 0.675922 0.289523
v -1.267169 0.589657 0.293946
v -1.342987 0.584622 0.291321
v -1.268723 0.502510 0.299021
v -1.252876 0.414028 0.303951
v -1.339585 0.401672 0.299872
v -1.375743 0.495640 -0.037105
v -1.381993 0.394062 -0.044941
v -1.379355 0.397730 -0.126677
v -1.357955 0.680213 -0.043940
v -1.373165 0.592019 -0.038622
v -1.375661 0.589020 -0.124429
v -1.368722 0.676830 -0.205075
v -1.374423 0.589606 -0.201689
v -1.368509 0.582855 -0.269529
v -1.377330 0.495868 -0.201119
v -1.378038 0.395755 -0.204174
v -1.378878 0.393845 -0.270358
v -0.843890 -0.004325 0.044114
v -0.945560 0.003440 0.046924
v -0.948294 -0.007629 0.130538
v -0.647112 -0.005236 0.042475
v -0.742206 -0.006252 0.043646
v -0.742447 -0.003775 0.128925
v -0.661214 0.003222 0.206733
v -0.745584 -0.000548 0.207063
v -0.749303 0.006055 0.282563
v -0.842932 -0.007871 0.208873
v -0.948036 -0.007726 0.208783
v -0.946910 0.003619 0.281180
v -0.630223 0.489146 0.046241
v -0.605820 0.394275 0.037337
v -0.612039 0.398526 0.137051
v -0.636098 0.678438 0.043741
v -0.635090 0.589218 0.048115
v -0.639984 0.587634 0.139102
v -0.635433 0.676817 0.206090
v -0.622543 0.580574 0.213793
v -0.632978 0.585649 0.272387
v -0.613679 0.492093 0.210872
v -0.619837 0.397566 0.207266
v -0.617320 0.392941 0.256502
v -0.950692 0.500720 -0.303804
v -0.950587 0.404653 -0.303121
v -0.843130 0.407933 -0.296096
v -0.947243 0.675935 -0.318624
v -0.949199 0.590646 -0.311958
v -0.845120 0.594836 -0.308006
v -0.746606 0.675862 -0.299567
v -0.748790 0.589058 -0.301042
v -0.660754 0.587632 -0.294543
v -0.748965 0.498828 -0.300281
v -0.746040 0.405659 -0.299405
v -0.660953 0.399813 -0.292321
v -0.952940 0.113318 -0.303438
v -0.947589 0.044126 -0.299125
v -0.842295 0.043991 -0.290554
v -0.949551 0.306307 -0.301122
v -0.955336 0.199982 -0.300288
v -0.842970 0.205407 -0.295450
v -0.740714 0.308368 -0.299205
v -0.736972 0.206593 -0.298313
v -0.664347 0.200260 -0.290825
v -0.744656 0.117175 -0.291236
v -0.749592 0.041624 -0.290417
v -0.663476 0.037640 -0.287480
v -1.330347 0.110170 -0.325026
v -1.332611 0.040139 -0.324429
v -1.264677 0.036168 -0.318214
v -1.329656 0.295052 -0.313289
v -1.329579 0.195159 -0.324058
v -1.263038 0.194232 -0.322145
v -1.169805 0.295193 -0.316097
v -1.170575 0.194946 -0.317542
v -1.054717 0.196881 -0.292247
v -1.170977 0.104500 -0.313782
v -1.174473 0.035800 -0.312420
v -1.058308 0.041251 -0.305275
v -1.332978 0.490945 -0.311860
v -1.331480 0.393688 -0.309990
v -1.245979 0.394845 -0.317038
v -1.328207 0.674352 -0.307683
v -1.331405 0.584024 -0.308202
v -1.251233 0.590845 -0.311906
v -1.158863 0.682660 -0.315951
v -1.153107 0.593864 -0.313020
v -1.052170 0.591764 -0.315285
v -1.156257 0.500969 -0.305752
v -1.160172 0.395745 -0.307510
v -1.051896 0.402675 -0.304666
v -0.593093 0.113835 0.047092
v -0.591288 0.037269 0.042503
v -0.597754 0.036235 0.129243
v -0.601643 0.300349 0.047498
v -0.597001 0.202569 0.050240
v -0.600008 0.202643 0.134835
v -0.617984 0.301599 0.213869
v -0.597713 0.199218 0.212035
v -0.623476 0.197307 0.273181
v -0.602752 0.113319 0.210304
v -0.613818 0.041429 0.207462
v -0.630703 0.051505 0.279264
v -0.617814 0.114568 -0.260300
v -0.620543 0.030679 -0.259695
v -0.609886 0.035435 -0.190549
v -0.606288 0.298167 -0.267354
v -0.610005 0.202860 -0.261096
v -0.604232 0.201565 -0.193943
v -0.597044 0.298228 -0.130518
v -0.592366 0.201732 -0.126880
v -0.602612 0.208516 -0.023038
v -0.592654 0.113805 -0.125124
v -0.595008 0.034359 -0.122984
v -0.590880 0.035858 -0.039966
v -0.615969 0.491298 -0.265699
v -0.618009 0.392674 -0.267950
v -0.602992 0.396093 -0.201796
v -0.624422 0.678370 -0.264492
v -0.624531 0.588467 -0.261655
v -0.612900 0.588738 -0.201549
v -0.633269 0.680127 -0.133246
v -0.622717 0.582655 -0.137888
v -0.641130 0.590236 -0.041709
v -0.602348 0.495767 -0.129873
v -0.601744 0.395691 -0.133958
v -0.602963 0.396568 -0.044892
v -1.258776 -0.027850 0.044390
v -1.353542 -0.022074 0.044072
v -1.357861 -0.015193 0.135306
v -1.054556 -0.011033 0.046655
v -1.162730 -0.022131 0.042043
v -1.162226 -0.023821 0.131010
v -1.055596 0.000359 0.201693
v -1.160696 -0.002737 0.205093
v -1.161728 0.003408 0.272151
v -1.259491 -0.013611 0.204527
v -1.349339 0.000840 0.199492
v -1.339774 0.007281 0.266087
v -1.269247 -0.005537 -0.283206
v -1.335786 0.001810 -0.283887
v -1.343276 -0.008513 -0.216494
v -1.054168 0.004768 -0.274681
v -1.168832 0.001566 -0.275335
v -1.154295 -0.008796 -0.199595
v -1.052043 -0.015527 -0.130706
v -1.154940 -0.020560 -0.131362
v -1.159475 -0.023658 -0.041266
v -1.261823 -0.017685 -0.128852
v -1.346960 -0.013536 -0.133583
v -1.350615 -0.021760 -0.043979
v -0.842994 0.003400 -0.265329
v -0.945336 0.002231 -0.269744
v -0.945163 -0.005997 -0.202517
v -0.659584 -0.000273 -0.255883
v -0.746704 0.006782 -0.258521
v -0.742026 -0.002006 -0.199216
v -0.647059 -0.007070 -0.123319
v -0.741034 -0.012392 -0.127461
v -0.736090 -0.003627 -0.041131
v -0.842752 -0.010639 -0.131899
v -0.947822 -0.008623 -0.120687
v -0.947145 -0.008644 -0.040400
v -1.382178 0.101493 -0.033621
v -1.390501 0.025273 -0.040621
v -1.384729 0.027359 -0.126709
v -1.391205 0.291401 -0.036117
v -1.374385 0.192881 -0.034319
v -1.396568 0.187785 -0.108127
v -1.377155 0.293533 -0.207046
v -1.375149 0.189427 -0.209955
v -1.375788 0.193229 -0.275552
v -1.367123 0.099796 -0.197659
v -1.382934 0.024650 -0.192764
v -1.367646 0.039383 -0.280005
v -1.381884 0.118282 0.265836
v -1.374181 0.045640 0.265392
v -1.401649 0.023725 0.205499
v -1.381471 0.301893 0.265879
v -1.381065 0.204020 0.265597
v -1.374451 0.203083 0.190568
v -1.391186 0.299077 0.127984
v -1.404610 0.201947 0.121505
v -1.388834 0.196752 0.049434
v -1.401706 0.109584 0.122506
v -1.402574 0.025209 0.126751
v -1.398626 0.024468 0.043873
v -1.383795 0.494064 0.263122
v -1.380893 0.398083 0.265003
v -1.384929 0.398849 0.200600
v -1.373797 0.673363 0.260160
v -1.374637 0.582895 0.260136
v -1.378811 0.589558 0.201844
v -1.366856 0.683185 0.138428
v -1.375367 0.594292 0.130225
v -1.374413 0.591693 0.046245
v -1.385292 0.497324 0.126381
v -1.384239 0.397188 0.127120
v -1.387614 0.397967 0.041948
v -1.058166 0.113226 0.324062
v -1.055689 0.043265 0.318503
v -1.159073 0.044112 0.312366
v -1.058074 0.322359 0.299585
v -1.059341 0.203397 0.309235
v -1.154122 0.209799 0.312660
v -1.251904 0.316592 0.304779
v -1.245496 0.209793 0.301145
v -1.328440 0.206712 0.302637
v -1.246398 0.119247 0.302551
v -1.251432 0.044816 0.303826
v -1.337616 0.049345 0.306987
v -0.655174 0.114233 0.323997
v -0.666199 0.047470 0.318511
v -0.748476 0.041769 0.315896
v -0.647281 0.293376 0.306324
v -0.652145 0.195275 0.313347
v -0.728740 0.200331 0.315357
v -0.828192 0.303685 0.298373
v -0.837253 0.196959 0.299762
v -0.947805 0.200174 0.294038
v -0.841703 0.114484 0.316958
v -0.842705 0.043206 0.319837
v -0.949984 0.043029 0.316155
v -0.657139 0.493738 0.308444
v -0.649735 0.392278 0.302249
v -0.729832 0.396445 0.310639
v -0.666123 0.676732 0.302490
v -0.663952 0.588909 0.304980
v -0.735796 0.590002 0.303312
v -0.837498 0.678274 0.297732
v -0.828916 0.606589 0.302728
v -0.940786 0.590249 0.301519
v -0.826592 0.500083 0.281608
v -0.825544 0.382244 0.308147
v -0.949708 0.416773 0.282433
v -0.712964 0.722771 0.044121
v -0.662507 0.719416 0.043231
v -0.661105 0.722056 0.130893
v -0.818390 0.703622 0.138877
v -0.943704 0.717528 0.226424
v -0.825214 0.727211 0.211246
v -0.835857 0.720639 0.271790
v -0.731469 0.722751 0.209166
v -0.662147 0.719882 0.205976
v -0.666010 0.722481 0.268424
v -0.744990 0.718935 -0.271930
v -0.666135 0.719424 -0.266734
v -0.668787 0.722783 -0.207492
v -0.946124 0.717968 -0.276505
v -0.838180 0.717515 -0.275143
v -0.837071 0.716942 -0.208534
v -0.736888 0.720518 -0.132916
v -0.668330 0.718896 -0.133415
v -0.665250 0.718873 -0.044941
v -1.160930 0.719337 -0.277590
v -1.053638 0.718238 -0.277188
v -1.053429 0.722602 -0.208763
v -1.327776 0.721084 -0.269432
v -1.249717 0.722774 -0.274477
v -1.252031 0.726214 -0.208464
v -1.332103 0.722516 -0.132665
v -1.253144 0.723234 -0.132027
v -1.250990 0.724886 -0.043768
v -1.330382 0.723484 -0.044892
v -1.331522 0.721815 -0.208012
v -1.161724 0.723271 -0.206178
v -0.723918 0.721900 -0.044044
v -0.945446 0.713232 -0.211566
v -0.744949 0.719587 -0.208517
v -0.741854 0.722325 0.269551
v -0.945189 0.720742 0.274695
v -0.941585 0.700908 0.151551
v -0.714117 0.723156 0.131514
v -0.944362 0.501405 0.282568
v -0.944187 0.677610 0.302816
v -0.744332 0.677562 0.297393
v -0.731006 0.496065 0.306800
v -0.953545 0.109520 0.306757
v -0.936784 0.310005 0.277430
v -0.731332 0.297773 0.312906
v -0.741648 0.111875 0.312330
v -1.337286 0.121677 0.307815
v -1.336197 0.306971 0.303824
v -1.156298 0.318330 0.301448
v -1.154696 0.117141 0.312282
v -1.376273 0.495899 0.046056
v -1.365227 0.681677 0.046432
v -1.367028 0.681841 0.208331
v -1.385487 0.495696 0.199855
v -1.384295 0.105536 0.041054
v -1.385288 0.294292 0.049082
v -1.378413 0.303311 0.191863
v -1.396860 0.113891 0.195731
v -1.370368 0.107933 -0.275550
v -1.376209 0.294900 -0.271950
v -1.374718 0.292980 -0.119058
v -1.380808 0.095860 -0.107169
v -0.844592 0.006149 -0.039652
v -0.645107 -0.008166 -0.041433
v -0.655478 -0.008387 -0.196331
v -0.841041 -0.002489 -0.210985
v -1.250885 -0.024834 -0.041502
v -1.053363 -0.016354 -0.042108
v -1.052777 -0.012543 -0.203761
v -1.261848 -0.009960 -0.207257
v -1.255365 0.002742 0.268232
v -1.057273 0.008476 0.274658
v -1.051383 -0.006859 0.127042
v -1.261107 -0.025296 0.130311
v -0.616766 0.489462 -0.049729
v -0.634677 0.680423 -0.044545
v -0.628356 0.678713 -0.206356
v -0.604829 0.495044 -0.203089
v -0.597599 0.108529 -0.044569
v -0.595897 0.298575 -0.043531
v -0.606037 0.298516 -0.203077
v -0.604740 0.113300 -0.193257
v -0.626253 0.109940 0.282138
v -0.623223 0.293690 0.264506
v -0.601828 0.292895 0.129762
v -0.594494 0.113693 0.131022
v -1.052066 0.499387 -0.312039
v -1.053099 0.678137 -0.319850
v -1.249747 0.680489 -0.306286
v -1.252422 0.494392 -0.315678
v -1.062164 0.107709 -0.302891
v -1.050789 0.302946 -0.294673
v -1.258995 0.294232 -0.317392
v -1.263936 0.108089 -0.325383
v -0.656328 0.116848 -0.291427
v -0.661242 0.300962 -0.299563
v -0.841325 0.309196 -0.294314
v -0.843014 0.116195 -0.292284
v -0.661236 0.494113 -0.293161
v -0.663869 0.677178 -0.293573
v -0.839291 0.675756 -0.314449
v -0.847418 0.500915 -0.299250
v -0.621580 0.491592 0.269029
v -0.635078 0.676578 0.262891
v -0.639742 0.683313 0.130731
v -0.616455 0.490673 0.140438
v -0.843370 0.004491 0.281467
v -0.666472 0.012792 0.280704
v -0.654414 0.000132 0.128951
v -0.842371 -0.006246 0.130441
v -1.376079 0.489507 -0.270176
v -1.366008 0.672848 -0.265971
v -1.363823 0.680070 -0.130725
v -1.382812 0.496423 -0.124876
v -1.342302 0.496645 0.300187
v -1.341711 0.670511 0.287590
v -1.164180 0.677455 0.292852
v -1.164366 0.509072 0.275242
v -1.163096 0.722686 0.271684
v -1.338549 0.724642 0.262683
v -1.332205 0.720753 0.139542
v -1.162259 0.698726 0.139711
vt 0.682388 0.972996
vt 0.683013 0.979642
vt 0.676516 0.979468
vt 0.675694 0.973297
vt 0.681771 0.992897
vt 0.681406 0.995715
vt 0.676017 0.996101
vt 0.676385 0.992923
vt 0.667745 0.993296
vt 0.667573 0.996984
vt 0.665853 0.997507
vt 0.664889 0.993689
vt 0.666746 0.973377
vt 0.667041 0.979595
vt 0.664512 0.979590
vt 0.664797 0.973393
vt 0.565252 0.757339
vt 0.565185 0.752796
vt 0.571348 0.752827
vt 0.571684 0.757200
vt 0.585412 0.758248
vt 0.585315 0.753281
vt 0.589015 0.754561
vt 0.588833 0.758545
vt 0.585338 0.777988
vt 0.586024 0.772932
vt 0.589247 0.773155
vt 0.589236 0.778447
vt 0.611699 0.992775
vt 0.611320 0.996527
vt 0.606349 0.996644
vt 0.607008 0.992825
vt 0.596220 0.992104
vt 0.596317 0.996647
vt 0.593837 0.996578
vt 0.592886 0.992056
vt 0.595358 0.971142
vt 0.594802 0.976895
vt 0.592198 0.976200
vt 0.591282 0.971044
vt 0.593915 0.861783
vt 0.589677 0.862445
vt 0.590295 0.857591
vt 0.593892 0.856703
vt 0.594263 0.844505
vt 0.591070 0.844902
vt 0.591044 0.841196
vt 0.594587 0.840605
vt 0.614394 0.843152
vt 0.608441 0.843475
vt 0.608935 0.840231
vt 0.614053 0.839901
vt 0.598645 0.773240
vt 0.595213 0.773066
vt 0.594933 0.768226
vt 0.598991 0.767877
vt 0.599582 0.758173
vt 0.594857 0.757648
vt 0.595242 0.755065
vt 0.599723 0.753931
vt 0.620690 0.757432
vt 0.615110 0.757136
vt 0.614885 0.754587
vt 0.620736 0.754534
vt 0.507765 0.863673
vt 0.503330 0.863442
vt 0.503721 0.857249
vt 0.507751 0.857811
vt 0.507547 0.843651
vt 0.503024 0.843821
vt 0.503410 0.840240
vt 0.507229 0.839482
vt 0.528256 0.843316
vt 0.522714 0.843228
vt 0.523062 0.839182
vt 0.528517 0.838688
vt 0.550164 0.843469
vt 0.544812 0.843904
vt 0.545245 0.839670
vt 0.551169 0.839233
vt 0.571003 0.842857
vt 0.566760 0.843020
vt 0.566872 0.839155
vt 0.570510 0.839391
vt 0.571344 0.876461
vt 0.571946 0.888811
vt 0.561878 0.887923
vt 0.561550 0.876705
vt 0.506885 0.909860
vt 0.502440 0.910100
vt 0.502492 0.905542
vt 0.506517 0.905014
vt 0.507408 0.887664
vt 0.502730 0.887702
vt 0.502998 0.881658
vt 0.507620 0.881730
vt 0.527488 0.876104
vt 0.527596 0.887541
vt 0.517164 0.887578
vt 0.517317 0.875950
vt 0.643271 0.757959
vt 0.637591 0.758284
vt 0.638293 0.755276
vt 0.643794 0.754522
vt 0.664432 0.756393
vt 0.659753 0.756558
vt 0.660398 0.752306
vt 0.663888 0.752100
vt 0.663482 0.783215
vt 0.664010 0.793594
vt 0.652862 0.791163
vt 0.653554 0.782748
vt 0.599226 0.811673
vt 0.594227 0.811703
vt 0.594578 0.808461
vt 0.599007 0.808301
vt 0.598919 0.793144
vt 0.594646 0.793233
vt 0.594996 0.788184
vt 0.599328 0.788083
vt 0.620607 0.782918
vt 0.620833 0.793948
vt 0.609127 0.792770
vt 0.609271 0.782627
vt 0.638716 0.842533
vt 0.632062 0.842268
vt 0.631853 0.838451
vt 0.637814 0.838764
vt 0.661124 0.842234
vt 0.656434 0.842313
vt 0.656258 0.839366
vt 0.660661 0.838671
vt 0.662966 0.867837
vt 0.662642 0.877546
vt 0.652227 0.878030
vt 0.652133 0.868630
vt 0.595926 0.898759
vt 0.590888 0.896604
vt 0.590337 0.894603
vt 0.594984 0.895169
vt 0.593965 0.881293
vt 0.589224 0.881179
vt 0.588931 0.876910
vt 0.593495 0.876382
vt 0.615986 0.870210
vt 0.616566 0.879666
vt 0.604254 0.880609
vt 0.604375 0.870933
vt 0.594667 0.949013
vt 0.594964 0.954786
vt 0.591801 0.954866
vt 0.590574 0.949209
vt 0.594009 0.928021
vt 0.594212 0.931942
vt 0.589183 0.932267
vt 0.588546 0.928344
vt 0.621784 0.926650
vt 0.630057 0.927016
vt 0.631357 0.937049
vt 0.621836 0.936846
vt 0.650424 0.992516
vt 0.650994 0.996746
vt 0.648232 0.997294
vt 0.648029 0.992582
vt 0.631867 0.992599
vt 0.631975 0.996871
vt 0.626601 0.997033
vt 0.626748 0.992689
vt 0.622048 0.971467
vt 0.631566 0.971329
vt 0.631732 0.982307
vt 0.622037 0.982474
vt 0.584689 0.799512
vt 0.584278 0.793735
vt 0.587804 0.794393
vt 0.588260 0.800225
vt 0.585005 0.820527
vt 0.585119 0.816653
vt 0.589053 0.816615
vt 0.588574 0.820533
vt 0.553353 0.821821
vt 0.541471 0.822094
vt 0.540742 0.811858
vt 0.553353 0.811637
vt 0.517542 0.757282
vt 0.517172 0.752429
vt 0.522765 0.752615
vt 0.522034 0.757108
vt 0.540335 0.757255
vt 0.540485 0.752750
vt 0.546437 0.752868
vt 0.546388 0.757304
vt 0.552678 0.776371
vt 0.540275 0.777255
vt 0.539947 0.767107
vt 0.552646 0.767109
vt 0.683359 0.922530
vt 0.683379 0.927451
vt 0.678407 0.927607
vt 0.678386 0.922615
vt 0.681091 0.948455
vt 0.680479 0.955308
vt 0.674944 0.955623
vt 0.674349 0.948596
vt 0.666493 0.948684
vt 0.666280 0.954879
vt 0.664507 0.954627
vt 0.664515 0.948692
vt 0.667556 0.925609
vt 0.667353 0.930099
vt 0.664931 0.931047
vt 0.664600 0.925477
vt 0.721895 0.926412
vt 0.721896 0.930792
vt 0.718172 0.929659
vt 0.718315 0.925211
vt 0.722111 0.955436
vt 0.713238 0.955236
vt 0.713331 0.942578
vt 0.722061 0.943112
vt 0.722094 0.949251
vt 0.703045 0.955065
vt 0.692307 0.955081
vt 0.692798 0.941284
vt 0.703133 0.941658
vt 0.703231 0.923673
vt 0.703151 0.927706
vt 0.698167 0.927116
vt 0.698213 0.922343
vt 0.721237 0.993124
vt 0.720824 0.996613
vt 0.717776 0.996784
vt 0.717728 0.993362
vt 0.702707 0.992971
vt 0.702567 0.995688
vt 0.697594 0.995690
vt 0.697667 0.992688
vt 0.697721 0.979904
vt 0.692828 0.979879
vt 0.692612 0.967079
vt 0.702944 0.967161
vt 0.702603 0.979922
vt 0.712973 0.967381
vt 0.707514 0.979862
vt 0.712451 0.979761
vt 0.702599 0.983908
vt 0.702593 0.988907
vt 0.697673 0.988782
vt 0.697698 0.983757
vt 0.712598 0.984190
vt 0.712611 0.989049
vt 0.707700 0.989116
vt 0.707547 0.984143
vt 0.712621 0.993218
vt 0.712827 0.996162
vt 0.707655 0.995660
vt 0.707641 0.992967
vt 0.721357 0.984062
vt 0.720609 0.988601
vt 0.717631 0.989008
vt 0.717605 0.984042
vt 0.728884 0.983861
vt 0.728529 0.988482
vt 0.725168 0.988545
vt 0.725089 0.983717
vt 0.728214 0.992702
vt 0.727821 0.995945
vt 0.724595 0.996731
vt 0.724747 0.992938
vt 0.729530 0.961585
vt 0.729497 0.967650
vt 0.725723 0.967613
vt 0.725781 0.961563
vt 0.729441 0.973763
vt 0.729270 0.979570
vt 0.725367 0.979563
vt 0.725550 0.973680
vt 0.703401 0.917028
vt 0.703310 0.920622
vt 0.698295 0.920170
vt 0.698361 0.916779
vt 0.713440 0.917509
vt 0.713344 0.921593
vt 0.708321 0.921270
vt 0.708419 0.917262
vt 0.713244 0.925326
vt 0.713268 0.928542
vt 0.708095 0.927653
vt 0.708186 0.924300
vt 0.693241 0.927210
vt 0.721879 0.936936
vt 0.729443 0.937108
vt 0.729466 0.943248
vt 0.725752 0.943174
vt 0.725730 0.937033
vt 0.729499 0.949381
vt 0.729547 0.955512
vt 0.725825 0.955475
vt 0.725776 0.949325
vt 0.721895 0.917704
vt 0.722002 0.922020
vt 0.718395 0.922073
vt 0.718483 0.917736
vt 0.728659 0.917493
vt 0.728878 0.921969
vt 0.725396 0.922005
vt 0.725309 0.917593
vt 0.729142 0.926477
vt 0.729401 0.930956
vt 0.725682 0.930874
vt 0.725529 0.926445
vt 0.667818 0.917002
vt 0.667665 0.921330
vt 0.664872 0.921755
vt 0.664970 0.917139
vt 0.674881 0.916566
vt 0.674766 0.920551
vt 0.671240 0.920981
vt 0.671329 0.916820
vt 0.674486 0.924514
vt 0.674615 0.928525
vt 0.671008 0.929240
vt 0.671154 0.925291
vt 0.667028 0.936284
vt 0.666760 0.942478
vt 0.664575 0.942787
vt 0.664695 0.936853
vt 0.673922 0.935221
vt 0.672999 0.941916
vt 0.669930 0.942174
vt 0.670378 0.935736
vt 0.671969 0.948597
vt 0.671512 0.955303
vt 0.668975 0.955107
vt 0.669425 0.948661
vt 0.682654 0.934622
vt 0.682028 0.941441
vt 0.675817 0.941667
vt 0.677064 0.934671
vt 0.688316 0.927321
vt 0.683415 0.916479
vt 0.683423 0.920143
vt 0.678376 0.920168
vt 0.678511 0.916322
vt 0.693397 0.916644
vt 0.693337 0.920140
vt 0.688361 0.920089
vt 0.688378 0.916601
vt 0.693269 0.922392
vt 0.688318 0.922450
vt 0.540776 0.786524
vt 0.552422 0.786688
vt 0.552661 0.757279
vt 0.528197 0.757172
vt 0.528599 0.752730
vt 0.534560 0.752710
vt 0.534258 0.757237
vt 0.516594 0.767325
vt 0.527205 0.765344
vt 0.508602 0.757458
vt 0.508804 0.752910
vt 0.513427 0.752513
vt 0.513005 0.757269
vt 0.541174 0.829859
vt 0.553117 0.829714
vt 0.547239 0.829647
vt 0.539570 0.799688
vt 0.553018 0.798057
vt 0.515818 0.812006
vt 0.516075 0.800836
vt 0.527296 0.800165
vt 0.528306 0.812248
vt 0.585068 0.828669
vt 0.585059 0.824715
vt 0.588260 0.824606
vt 0.588407 0.828660
vt 0.583979 0.810940
vt 0.584548 0.805232
vt 0.588914 0.805586
vt 0.589247 0.811166
vt 0.564036 0.810829
vt 0.564171 0.798447
vt 0.575117 0.798489
vt 0.574493 0.810669
vt 0.527009 0.791062
vt 0.527233 0.777514
vt 0.630911 0.960081
vt 0.620814 0.959811
vt 0.621552 0.992694
vt 0.642402 0.992718
vt 0.642829 0.996958
vt 0.637422 0.996858
vt 0.637273 0.992881
vt 0.649556 0.981810
vt 0.641830 0.987967
vt 0.641323 0.982442
vt 0.656389 0.991388
vt 0.656582 0.995449
vt 0.653659 0.996690
vt 0.653810 0.991502
vt 0.630602 0.917897
vt 0.620908 0.918080
vt 0.625831 0.917836
vt 0.631470 0.948116
vt 0.621609 0.948024
vt 0.648108 0.937813
vt 0.648272 0.948810
vt 0.640585 0.948517
vt 0.639741 0.937514
vt 0.593465 0.920320
vt 0.593673 0.924149
vt 0.589025 0.924522
vt 0.589484 0.920530
vt 0.594113 0.937600
vt 0.594416 0.943307
vt 0.589583 0.943411
vt 0.588324 0.937558
vt 0.613340 0.936417
vt 0.612064 0.948376
vt 0.602140 0.948712
vt 0.601569 0.937023
vt 0.628205 0.879201
vt 0.627475 0.869188
vt 0.593640 0.871601
vt 0.594551 0.890484
vt 0.589876 0.890695
vt 0.589672 0.885972
vt 0.594267 0.885849
vt 0.605885 0.898678
vt 0.605320 0.890412
vt 0.596789 0.905592
vt 0.592452 0.905686
vt 0.592291 0.902438
vt 0.596165 0.902311
vt 0.673823 0.877131
vt 0.673623 0.867258
vt 0.673715 0.872079
vt 0.640247 0.878757
vt 0.639820 0.868683
vt 0.652654 0.896140
vt 0.641194 0.897076
vt 0.640633 0.888799
vt 0.652257 0.888181
vt 0.670664 0.841889
vt 0.665868 0.842014
vt 0.665460 0.838404
vt 0.669728 0.838207
vt 0.650494 0.842325
vt 0.644339 0.843259
vt 0.644017 0.838963
vt 0.650001 0.838944
vt 0.651782 0.858540
vt 0.638962 0.859552
vt 0.638943 0.850881
vt 0.650718 0.849949
vt 0.631543 0.793502
vt 0.631782 0.784115
vt 0.599158 0.783112
vt 0.598983 0.803255
vt 0.594846 0.803324
vt 0.594815 0.798277
vt 0.599207 0.798155
vt 0.609673 0.811158
vt 0.610209 0.803825
vt 0.599272 0.818324
vt 0.594494 0.818319
vt 0.594586 0.815029
vt 0.599487 0.815258
vt 0.672194 0.793139
vt 0.672079 0.783759
vt 0.672117 0.788515
vt 0.642704 0.793270
vt 0.642507 0.782975
vt 0.653600 0.810702
vt 0.642641 0.811690
vt 0.642728 0.803331
vt 0.653581 0.802961
vt 0.671160 0.756735
vt 0.667487 0.755472
vt 0.667471 0.752113
vt 0.670947 0.752771
vt 0.654155 0.757306
vt 0.649246 0.757159
vt 0.649312 0.753798
vt 0.654781 0.753012
vt 0.653648 0.773271
vt 0.643468 0.773622
vt 0.642231 0.763654
vt 0.654108 0.764693
vt 0.538508 0.887649
vt 0.538324 0.876109
vt 0.507688 0.875712
vt 0.506811 0.899471
vt 0.502765 0.899788
vt 0.502521 0.893792
vt 0.507207 0.893515
vt 0.517066 0.910112
vt 0.516844 0.898986
vt 0.507622 0.918614
vt 0.502824 0.918633
vt 0.502632 0.914258
vt 0.507224 0.914262
vt 0.579500 0.888367
vt 0.579165 0.875830
vt 0.579170 0.881870
vt 0.550117 0.887539
vt 0.549538 0.876002
vt 0.562239 0.911819
vt 0.550827 0.911356
vt 0.550778 0.901182
vt 0.562146 0.901320
vt 0.579903 0.843760
vt 0.575588 0.843883
vt 0.575782 0.839885
vt 0.580630 0.840104
vt 0.561602 0.843724
vt 0.555561 0.842703
vt 0.555907 0.838915
vt 0.561520 0.839437
vt 0.560939 0.863963
vt 0.549252 0.863780
vt 0.549304 0.852402
vt 0.560788 0.851964
vt 0.538974 0.843315
vt 0.533653 0.843386
vt 0.534109 0.838626
vt 0.539043 0.838937
vt 0.517678 0.843301
vt 0.512581 0.843510
vt 0.512409 0.839690
vt 0.517969 0.839353
vt 0.507669 0.853047
vt 0.503172 0.852936
vt 0.502910 0.848212
vt 0.507618 0.848332
vt 0.516852 0.864229
vt 0.517514 0.853319
vt 0.503008 0.875566
vt 0.503115 0.869464
vt 0.507816 0.869731
vt 0.631876 0.758863
vt 0.626215 0.757224
vt 0.625953 0.754320
vt 0.632209 0.755251
vt 0.610002 0.757054
vt 0.605099 0.758213
vt 0.603927 0.754439
vt 0.609652 0.753965
vt 0.599550 0.764655
vt 0.595050 0.764750
vt 0.594851 0.761123
vt 0.599824 0.760791
vt 0.609647 0.772492
vt 0.610685 0.763835
vt 0.595191 0.783153
vt 0.595042 0.778217
vt 0.599282 0.778351
vt 0.626108 0.842551
vt 0.620306 0.843065
vt 0.620192 0.839263
vt 0.626021 0.838827
vt 0.603635 0.843736
vt 0.599204 0.844260
vt 0.599045 0.840726
vt 0.603468 0.840967
vt 0.594219 0.852928
vt 0.590522 0.853799
vt 0.590352 0.849164
vt 0.594573 0.848662
vt 0.603924 0.861242
vt 0.603777 0.852359
vt 0.588749 0.871723
vt 0.589137 0.867157
vt 0.593847 0.866850
vt 0.595142 0.960345
vt 0.595357 0.965763
vt 0.591346 0.965728
vt 0.592146 0.960568
vt 0.595581 0.981851
vt 0.595383 0.987022
vt 0.592734 0.986905
vt 0.592619 0.981618
vt 0.603186 0.992482
vt 0.603374 0.997287
vt 0.599624 0.996986
vt 0.599424 0.992630
vt 0.612251 0.982236
vt 0.603431 0.982483
vt 0.621621 0.996998
vt 0.616504 0.997002
vt 0.616607 0.992844
vt 0.585048 0.788764
vt 0.584923 0.783231
vt 0.589193 0.783650
vt 0.588216 0.788201
vt 0.585511 0.767979
vt 0.585618 0.763021
vt 0.588164 0.763310
vt 0.588785 0.768304
vt 0.576135 0.757589
vt 0.576054 0.752979
vt 0.580646 0.752965
vt 0.580792 0.758034
vt 0.565629 0.766082
vt 0.576906 0.767410
vt 0.552717 0.753036
vt 0.558950 0.752761
vt 0.558968 0.757315
vt 0.666400 0.961080
vt 0.666594 0.967206
vt 0.664666 0.967141
vt 0.664312 0.960911
vt 0.671840 0.961309
vt 0.672594 0.967340
vt 0.669685 0.967239
vt 0.669227 0.961168
vt 0.673231 0.973361
vt 0.674281 0.979499
vt 0.670642 0.979537
vt 0.670238 0.973374
vt 0.667257 0.984205
vt 0.667527 0.988840
vt 0.664984 0.988964
vt 0.664885 0.984317
vt 0.674079 0.983229
vt 0.673785 0.988822
vt 0.670636 0.988715
vt 0.670574 0.984091
vt 0.673591 0.993184
vt 0.673237 0.995719
vt 0.670548 0.995716
vt 0.670648 0.993228
vt 0.682617 0.983479
vt 0.682178 0.988780
vt 0.676637 0.988463
vt 0.677519 0.983151
vt 0.692692 0.983663
vt 0.692519 0.988842
vt 0.687340 0.988779
vt 0.687699 0.983479
vt 0.692311 0.992777
vt 0.692214 0.995711
vt 0.686782 0.995693
vt 0.687190 0.992911
vt 0.681317 0.961324
vt 0.681851 0.967232
vt 0.675498 0.967330
vt 0.674790 0.961421
vt 0.687939 0.979778
vt 0.564241 0.786833
vt 0.565028 0.776519
vt 0.577075 0.777317
vt 0.575195 0.787326
vt 0.611483 0.960414
vt 0.611938 0.971546
vt 0.603223 0.971721
vt 0.602650 0.960349
vt 0.627249 0.859752
vt 0.615267 0.860437
vt 0.614849 0.851570
vt 0.626694 0.850940
vt 0.631242 0.772579
vt 0.620787 0.772015
vt 0.620734 0.764128
vt 0.631382 0.764528
vt 0.537970 0.863967
vt 0.527491 0.864443
vt 0.527726 0.853328
vt 0.538280 0.852996
vt 0.582317 0.875571
vt 0.579225 0.869962
vt 0.582438 0.869702
vt 0.582072 0.881385
vt 0.582595 0.863832
vt 0.579205 0.863878
vt 0.579154 0.857860
vt 0.582554 0.858091
vt 0.571026 0.863977
vt 0.570924 0.852863
vt 0.582581 0.853415
vt 0.579437 0.853453
vt 0.579722 0.848287
vt 0.582592 0.848604
vt 0.583029 0.843641
vt 0.583800 0.840124
vt 0.575442 0.921940
vt 0.571567 0.921750
vt 0.571693 0.919504
vt 0.575654 0.919592
vt 0.567636 0.922483
vt 0.567740 0.919404
vt 0.583182 0.919579
vt 0.579538 0.919623
vt 0.579805 0.915754
vt 0.583565 0.915983
vt 0.582314 0.922451
vt 0.579438 0.922184
vt 0.583800 0.911112
vt 0.580076 0.911993
vt 0.580540 0.908447
vt 0.583719 0.908547
vt 0.556413 0.922024
vt 0.550512 0.922424
vt 0.550675 0.919456
vt 0.556263 0.920237
vt 0.544805 0.923387
vt 0.544660 0.919648
vt 0.562371 0.921542
vt 0.562135 0.919362
vt 0.571941 0.911826
vt 0.539346 0.909785
vt 0.539284 0.899975
vt 0.572380 0.901237
vt 0.582785 0.901571
vt 0.580161 0.901630
vt 0.579791 0.895207
vt 0.583057 0.894834
vt 0.583149 0.888197
vt 0.533894 0.924212
vt 0.528585 0.923960
vt 0.528270 0.919584
vt 0.533846 0.919597
vt 0.523383 0.923623
vt 0.522809 0.919525
vt 0.539130 0.924160
vt 0.539386 0.919602
vt 0.512816 0.922544
vt 0.507772 0.921665
vt 0.512579 0.918887
vt 0.503154 0.921743
vt 0.517976 0.923445
vt 0.517693 0.919248
vt 0.528035 0.910392
vt 0.527385 0.899436
vt 0.676205 0.783648
vt 0.672217 0.778995
vt 0.675971 0.779102
vt 0.675603 0.788836
vt 0.676079 0.774368
vt 0.672242 0.774125
vt 0.672380 0.769347
vt 0.676158 0.769472
vt 0.663600 0.773835
vt 0.663764 0.764896
vt 0.675609 0.765697
vt 0.671980 0.765171
vt 0.671633 0.760938
vt 0.674637 0.761160
vt 0.674501 0.756855
vt 0.674170 0.753209
vt 0.668048 0.821060
vt 0.662732 0.821189
vt 0.663508 0.818402
vt 0.667680 0.817540
vt 0.659130 0.821746
vt 0.659461 0.819403
vt 0.676205 0.817763
vt 0.673106 0.818333
vt 0.673212 0.814733
vt 0.675675 0.814613
vt 0.676082 0.820801
vt 0.672907 0.820895
vt 0.675772 0.808587
vt 0.672453 0.810226
vt 0.672435 0.807030
vt 0.676019 0.806527
vt 0.648091 0.822264
vt 0.643325 0.821908
vt 0.642835 0.818963
vt 0.648156 0.819119
vt 0.637297 0.821877
vt 0.637326 0.818822
vt 0.653751 0.822249
vt 0.653437 0.818463
vt 0.663633 0.810535
vt 0.631517 0.811423
vt 0.631630 0.803679
vt 0.663481 0.802729
vt 0.676093 0.802605
vt 0.672390 0.802454
vt 0.672290 0.797799
vt 0.676082 0.797914
vt 0.675798 0.793135
vt 0.626056 0.821587
vt 0.620440 0.821344
vt 0.620551 0.818696
vt 0.625923 0.818591
vt 0.614964 0.821221
vt 0.614583 0.818230
vt 0.631008 0.821047
vt 0.631808 0.819215
vt 0.604261 0.820873
vt 0.599031 0.820777
vt 0.604356 0.818241
vt 0.595099 0.820676
vt 0.609889 0.820547
vt 0.609534 0.818210
vt 0.620239 0.811414
vt 0.620299 0.803113
vt 0.678268 0.866962
vt 0.673528 0.862452
vt 0.678085 0.862035
vt 0.678026 0.871811
vt 0.678097 0.857103
vt 0.673615 0.856985
vt 0.673493 0.853256
vt 0.677999 0.852226
vt 0.662683 0.858187
vt 0.661995 0.849717
vt 0.678899 0.850349
vt 0.672331 0.849308
vt 0.671464 0.845366
vt 0.674590 0.843901
vt 0.674618 0.842798
vt 0.673442 0.838479
vt 0.670036 0.908394
vt 0.665211 0.909310
vt 0.666274 0.904821
vt 0.669725 0.904571
vt 0.662729 0.908561
vt 0.661510 0.903869
vt 0.676517 0.904530
vt 0.673821 0.904503
vt 0.673976 0.900363
vt 0.677550 0.900143
vt 0.676596 0.907716
vt 0.673682 0.908381
vt 0.677685 0.895200
vt 0.674134 0.896675
vt 0.674223 0.892381
vt 0.678899 0.892143
vt 0.648908 0.908074
vt 0.642263 0.907927
vt 0.641788 0.905383
vt 0.648331 0.905043
vt 0.635398 0.908912
vt 0.635622 0.905629
vt 0.655664 0.908288
vt 0.654790 0.904718
vt 0.664920 0.896217
vt 0.628923 0.897687
vt 0.628723 0.888300
vt 0.664410 0.887300
vt 0.677967 0.887466
vt 0.674096 0.887331
vt 0.674029 0.882215
vt 0.678186 0.882063
vt 0.678463 0.876828
vt 0.623687 0.908260
vt 0.617803 0.908138
vt 0.617812 0.905602
vt 0.623521 0.905513
vt 0.612017 0.908103
vt 0.611661 0.905628
vt 0.629585 0.908381
vt 0.629338 0.905359
vt 0.602438 0.908373
vt 0.597413 0.908352
vt 0.601571 0.904515
vt 0.593767 0.908459
vt 0.607292 0.908385
vt 0.606789 0.905481
vt 0.617161 0.899352
vt 0.616810 0.890289
vt 0.620598 0.915100
vt 0.616040 0.918383
vt 0.615371 0.915376
vt 0.625598 0.914346
vt 0.609968 0.915731
vt 0.611127 0.918634
vt 0.606265 0.919554
vt 0.605311 0.916624
vt 0.613704 0.926146
vt 0.602607 0.927138
vt 0.602059 0.916330
vt 0.603481 0.918799
vt 0.596858 0.920126
vt 0.597271 0.917324
vt 0.592809 0.917036
vt 0.589717 0.917685
vt 0.660341 0.924174
vt 0.660240 0.928261
vt 0.656538 0.927954
vt 0.656493 0.923776
vt 0.659986 0.932184
vt 0.656386 0.932158
vt 0.655689 0.916264
vt 0.656801 0.919574
vt 0.652483 0.918669
vt 0.654664 0.915849
vt 0.660011 0.917381
vt 0.660118 0.920105
vt 0.646902 0.915078
vt 0.649143 0.917211
vt 0.644841 0.917507
vt 0.645279 0.913764
vt 0.659829 0.943224
vt 0.660341 0.948598
vt 0.656786 0.948720
vt 0.656808 0.943210
vt 0.660173 0.954441
vt 0.656942 0.954353
vt 0.659815 0.937641
vt 0.656801 0.937697
vt 0.648318 0.927420
vt 0.649253 0.959931
vt 0.640716 0.959860
vt 0.639939 0.927265
vt 0.640407 0.913931
vt 0.640084 0.917590
vt 0.635502 0.917808
vt 0.635439 0.914223
vt 0.630483 0.914489
vt 0.659766 0.965394
vt 0.659658 0.970645
vt 0.656440 0.970794
vt 0.656607 0.965337
vt 0.659128 0.975951
vt 0.655945 0.976189
vt 0.660094 0.960708
vt 0.656696 0.959861
vt 0.658926 0.985897
vt 0.658422 0.990706
vt 0.656481 0.986226
vt 0.658217 0.994703
vt 0.658679 0.980835
vt 0.656257 0.980987
vt 0.649218 0.971040
vt 0.640781 0.971314
vt 0.552696 0.832802
vt 0.558856 0.829741
vt 0.558946 0.833259
vt 0.546745 0.832459
vt 0.564965 0.833030
vt 0.564879 0.829571
vt 0.570737 0.829650
vt 0.571233 0.833449
vt 0.564233 0.821270
vt 0.574721 0.820945
vt 0.575659 0.832887
vt 0.575410 0.829437
vt 0.579777 0.829341
vt 0.580526 0.832802
vt 0.584805 0.832718
vt 0.588332 0.831420
vt 0.503396 0.825567
vt 0.502691 0.821986
vt 0.507404 0.821902
vt 0.508076 0.825689
vt 0.502803 0.818497
vt 0.506876 0.818151
vt 0.509379 0.832744
vt 0.508750 0.829472
vt 0.513891 0.829809
vt 0.513827 0.833073
vt 0.505871 0.831978
vt 0.504604 0.828937
vt 0.518246 0.833310
vt 0.518107 0.830182
vt 0.522978 0.830335
vt 0.523753 0.833781
vt 0.502797 0.807311
vt 0.502609 0.801730
vt 0.506404 0.801393
vt 0.506707 0.806959
vt 0.502554 0.796164
vt 0.506532 0.795698
vt 0.502960 0.812896
vt 0.507037 0.812634
vt 0.517353 0.822122
vt 0.515930 0.789449
vt 0.528780 0.821837
vt 0.528854 0.833217
vt 0.528979 0.829983
vt 0.535195 0.829944
vt 0.535017 0.833333
vt 0.540905 0.833090
vt 0.504054 0.783846
vt 0.504153 0.778623
vt 0.507648 0.778292
vt 0.507317 0.784060
vt 0.504716 0.772771
vt 0.507939 0.772606
vt 0.503775 0.790175
vt 0.506618 0.789850
vt 0.505785 0.761829
vt 0.505705 0.757579
vt 0.508473 0.762452
vt 0.505408 0.752948
vt 0.505866 0.767607
vt 0.508379 0.767484
vt 0.516037 0.778036
vt 0.693426 0.914309
vt 0.688484 0.914420
vt 0.698446 0.914447
vt 0.683327 0.914029
vt 0.678472 0.914058
vt 0.674984 0.914092
vt 0.671355 0.913993
vt 0.667891 0.913824
vt 0.665274 0.913767
vt 0.731718 0.921890
vt 0.731963 0.926629
vt 0.732248 0.930991
vt 0.728483 0.914070
vt 0.725220 0.914130
vt 0.730889 0.913913
vt 0.731474 0.917484
vt 0.721897 0.914318
vt 0.718672 0.914693
vt 0.732110 0.943326
vt 0.732141 0.949444
vt 0.732223 0.955552
vt 0.732035 0.937263
vt 0.713548 0.914597
vt 0.708515 0.914605
vt 0.703487 0.914704
vt 0.731985 0.967714
vt 0.732141 0.973772
vt 0.732248 0.979584
vt 0.732077 0.961612
vt 0.721812 0.961609
vt 0.721486 0.967542
vt 0.731385 0.988301
vt 0.731021 0.992686
vt 0.730283 0.995706
vt 0.731686 0.984128
vt 0.720685 0.979717
vt 0.717459 0.979609
vt 0.721263 0.973672
vt 0.527181 0.782412
vn 0.1911 0.9690 -0.1563
vn 0.1306 0.9905 -0.0419
vn 0.0643 0.9973 -0.0338
vn 0.0845 0.9920 -0.0938
vn -0.0161 0.9992 -0.0362
vn -0.6459 0.7597 -0.0757
vn -0.6433 0.7637 0.0539
vn -0.0157 0.9997 0.0199
vn -0.1941 0.9691 0.1523
vn -0.7987 0.5996 0.0497
vn -0.7763 0.3510 0.5235
vn -0.2376 0.5889 0.7725
vn 0.0171 0.9908 0.1341
vn -0.0079 0.9903 0.1386
vn -0.0276 0.6155 0.7877
vn 0.0020 0.6301 0.7765
vn -0.0168 0.0723 0.9972
vn -0.0306 0.0548 0.9980
vn -0.1859 0.0457 0.9815
vn -0.7776 0.0108 0.6287
vn -0.1306 0.0503 0.9901
vn -0.1567 0.0938 0.9832
vn -0.7147 0.1207 0.6889
vn -0.6718 0.0502 0.7390
vn -0.9858 0.1631 0.0384
vn -0.7717 0.6354 0.0263
vn -0.7842 0.6140 0.0898
vn -0.9918 0.1162 0.0529
vn -0.9686 0.0975 -0.2287
vn -0.7268 0.6580 -0.1968
vn -0.6547 0.5262 -0.5426
vn -0.7347 0.1263 -0.6665
vn -0.9940 0.0618 -0.0903
vn -0.9949 0.0578 -0.0829
vn -0.7840 0.1005 -0.6126
vn -0.7210 0.0757 -0.6888
vn 0.1449 -0.9875 0.0621
vn 0.5557 -0.8225 0.1208
vn 0.5442 -0.8267 0.1426
vn 0.1665 -0.9834 0.0725
vn 0.2365 -0.9558 0.1746
vn 0.6848 -0.7098 0.1647
vn 0.5820 -0.6075 0.5405
vn 0.1495 -0.6799 0.7179
vn 0.0054 -0.9631 0.2689
vn 0.0294 -0.9736 0.2263
vn 0.0052 -0.7183 0.6957
vn 0.0067 -0.7170 0.6970
vn 0.9980 0.0580 -0.0241
vn 0.7967 0.6037 -0.0269
vn 0.7671 0.6412 -0.0190
vn 0.9944 0.0623 -0.0851
vn 0.9951 0.0347 0.0918
vn 0.7221 0.6835 0.1068
vn 0.6282 0.5431 0.5571
vn 0.6907 0.0384 0.7221
vn 0.9758 0.0557 0.2114
vn 0.9622 0.1045 0.2512
vn 0.7679 0.0803 0.6355
vn 0.7733 0.0556 0.6315
vn 0.0748 0.1655 -0.9833
vn 0.0422 0.7497 -0.6604
vn 0.0320 0.6605 -0.7501
vn 0.0974 0.0986 -0.9903
vn 0.1522 0.0350 -0.9877
vn 0.1382 0.6788 -0.7211
vn 0.5955 0.5651 -0.5710
vn 0.7417 0.0925 -0.6642
vn 0.1144 0.0098 -0.9934
vn 0.1634 0.0161 -0.9864
vn 0.7547 0.0798 -0.6512
vn 0.7076 0.0873 -0.7012
vn 0.1797 0.0047 -0.9837
vn 0.1631 0.0341 -0.9860
vn 0.5815 0.0303 -0.8130
vn 0.5289 0.0680 -0.8459
vn 0.1539 -0.0717 -0.9855
vn 0.1199 -0.0410 -0.9919
vn 0.6676 -0.0614 -0.7419
vn 0.7078 -0.0990 -0.6994
vn 0.0353 0.0072 -0.9993
vn 0.0596 0.0197 -0.9980
vn 0.0587 0.0234 -0.9980
vn 0.0005 0.0168 -0.9998
vn -0.0468 0.1105 -0.9928
vn -0.0618 0.7327 -0.6777
vn -0.0209 0.7236 -0.6898
vn -0.0592 0.1292 -0.9898
vn 0.0079 0.2279 -0.9736
vn 0.0200 0.8155 -0.5784
vn 0.0125 0.7897 -0.6133
vn 0.0180 0.2150 -0.9764
vn 0.0508 -0.0539 -0.9972
vn 0.0118 -0.0469 -0.9988
vn 0.0006 -0.0620 -0.9981
vn 0.0399 -0.0775 -0.9962
vn 0.9998 0.0137 -0.0166
vn 0.9993 0.0134 0.0347
vn 0.8760 0.0797 0.4756
vn 0.8867 0.0643 0.4578
vn 0.9920 -0.1184 0.0422
vn 0.9979 -0.0209 0.0609
vn 0.7646 0.0400 0.6432
vn 0.8141 -0.1177 0.5686
vn 0.9992 0.0386 -0.0035
vn 0.9995 0.0316 0.0050
vn 0.9998 0.0140 0.0113
vn 0.9994 0.0339 -0.0036
vn 0.9807 0.1867 0.0585
vn 0.6178 0.7844 0.0551
vn 0.6292 0.7707 0.1005
vn 0.9728 0.2116 0.0944
vn 0.9908 0.1329 0.0266
vn 0.6585 0.7525 0.0096
vn 0.7138 0.7002 0.0114
vn 0.9950 0.0990 -0.0105
vn 0.9873 0.1585 0.0088
vn 0.9817 0.1600 0.1026
vn 0.9939 0.0841 0.0708
vn 0.9979 0.0643 0.0042
vn 0.0128 -0.9741 0.2257
vn -0.0616 -0.9660 0.2510
vn -0.0360 -0.6957 0.7174
vn -0.0179 -0.7415 0.6707
vn -0.0109 -0.9536 0.3007
vn 0.0209 -0.9539 0.2994
vn -0.0292 -0.7009 0.7126
vn 0.0070 -0.6469 0.7625
vn -0.0090 -0.9999 0.0066
vn -0.0105 -0.9991 -0.0416
vn 0.0426 -0.9990 -0.0104
vn 0.0708 -0.9974 0.0130
vn 0.1883 -0.9764 -0.1052
vn 0.7217 -0.6460 -0.2485
vn 0.7013 -0.6964 -0.1522
vn 0.1958 -0.9764 -0.0908
vn 0.1686 -0.9840 0.0575
vn 0.6700 -0.7406 0.0511
vn 0.6590 -0.7521 -0.0021
vn 0.1317 -0.9913 -0.0050
vn -0.0126 -0.9993 -0.0359
vn -0.0027 -0.9991 0.0417
vn -0.0239 -0.9993 0.0285
vn -0.0037 -0.9999 -0.0079
vn -0.9458 0.0080 -0.3245
vn -0.9590 -0.0488 -0.2789
vn -0.7122 -0.0453 -0.7005
vn -0.6750 0.0396 -0.7367
vn -0.9731 -0.0165 -0.2295
vn -0.9741 -0.0572 -0.2188
vn -0.6856 -0.0146 -0.7277
vn -0.6482 -0.0288 -0.7609
vn -0.9985 0.0508 -0.0171
vn -0.9906 0.0522 -0.1262
vn -0.9915 0.0008 -0.1299
vn -0.9999 -0.0143 0.0047
vn -0.9836 0.1790 0.0193
vn -0.6743 0.7335 0.0852
vn -0.9847 0.1738 -0.0134
vn -0.9845 0.1751 -0.0091
vn -0.6861 0.7274 -0.0100
vn -0.6920 0.7214 -0.0269
vn -0.9856 0.1620 -0.0482
vn -0.9989 0.0453 0.0070
vn -0.9977 0.0566 -0.0361
vn -0.9962 0.0844 -0.0224
vn -0.9960 0.0891 0.0092
vn -0.1887 0.0164 0.9819
vn -0.2011 0.0209 0.9793
vn -0.6261 0.0240 0.7794
vn -0.6354 0.0358 0.7713
vn -0.2114 -0.0090 0.9774
vn -0.2116 0.0321 0.9768
vn -0.7037 -0.0006 0.7105
vn -0.6892 -0.0602 0.7220
vn 0.0283 0.0606 0.9977
vn 0.0309 0.1320 0.9908
vn 0.0342 0.1301 0.9909
vn 0.0755 0.1048 0.9916
vn -0.0264 0.0738 0.9969
vn -0.0266 0.6977 0.7159
vn -0.0264 0.7062 0.7075
vn -0.0116 0.0902 0.9958
vn -0.0097 0.1395 0.9901
vn -0.0082 0.6951 0.7188
vn -0.0150 0.6661 0.7457
vn -0.0297 0.1289 0.9912
vn -0.0332 -0.0759 0.9966
vn -0.0090 -0.0525 0.9986
vn -0.0058 -0.1022 0.9947
vn -0.0375 -0.1003 0.9942
vn 0.0835 0.9965 0.0004
vn -0.1156 0.9933 -0.0028
vn -0.1074 0.9901 -0.0905
vn 0.0844 0.9964 0.0106
vn -0.0189 0.9749 -0.2219
vn 0.0009 0.9630 -0.2695
vn 0.0091 0.9933 -0.1151
vn -0.0008 0.9956 -0.0938
vn 0.0003 0.9907 0.1363
vn 0.0026 0.9810 0.1940
vn -0.0123 0.9980 0.0608
vn -0.0356 0.9978 0.0558
vn -0.0954 0.9941 0.0504
vn -0.0504 0.9952 0.0837
vn -0.1290 0.9846 0.1175
vn -0.1503 0.9875 0.0461
vn 0.0368 0.9884 0.1470
vn 0.0040 0.9919 0.1267
vn -0.0552 0.9960 0.0698
vn -0.0250 0.9936 0.1103
vn -0.0127 0.9904 0.1371
vn -0.0178 0.9995 0.0251
vn -0.0187 0.9996 -0.0180
vn -0.1053 0.9944 0.0031
vn -0.0995 0.9950 -0.0008
vn 0.0527 0.9986 0.0001
vn -0.0759 0.9970 -0.0109
vn -0.0825 0.9966 0.0021
vn 0.0821 0.9966 -0.0106
vn -0.0992 0.9950 -0.0078
vn -0.7075 0.7067 0.0038
vn -0.1352 0.9894 0.0526
vn -0.0468 0.9988 0.0152
vn -0.7313 0.6821 -0.0020
vn -0.0080 0.9999 0.0045
vn 0.1500 0.9887 0.0021
vn 0.1403 0.9900 0.0126
vn 0.1193 0.9928 0.0020
vn 0.1195 0.9925 0.0235
vn 0.1356 0.9908 0.0002
vn 0.1014 0.9863 0.1299
vn 0.1163 0.9932 0.0082
vn 0.0953 0.9937 0.0584
vn -0.0581 0.9983 -0.0091
vn 0.0031 0.9999 0.0113
vn -0.0179 0.9998 0.0040
vn -0.0617 0.9981 0.0004
vn -0.0336 0.9992 0.0201
vn -0.0025 1.0000 0.0038
vn 0.0233 0.9997 0.0112
vn -0.0470 0.9989 -0.0002
vn -0.1467 0.9891 -0.0108
vn -0.7391 0.6736 0.0052
vn -0.1017 0.9948 -0.0066
vn -0.0254 0.9996 -0.0099
vn -0.0555 0.9984 0.0078
vn -0.0368 0.9978 0.0555
vn -0.0249 0.9980 0.0584
vn -0.0389 0.9953 -0.0880
vn -0.0430 0.9956 -0.0833
vn -0.0462 0.9971 -0.0603
vn -0.0291 0.9975 -0.0645
vn -0.1202 0.9873 -0.1035
vn -0.7587 0.6432 -0.1035
vn -0.0967 0.9929 -0.0696
vn 0.0075 0.9953 -0.0962
vn 0.0091 0.9975 -0.0700
vn 0.0021 0.9974 -0.0714
vn 0.0291 0.9991 -0.0305
vn 0.0422 0.9971 -0.0634
vn 0.0423 0.9959 -0.0797
vn 0.0556 0.9970 -0.0536
vn 0.0363 0.9975 -0.0600
vn 0.0985 0.9951 0.0081
vn 0.0617 0.9980 0.0060
vn 0.0756 0.9971 -0.0090
vn 0.1264 0.9919 0.0047
vn 0.1097 0.9939 0.0032
vn 0.0215 0.9997 -0.0086
vn 0.0439 0.9990 0.0071
vn 0.1092 0.9940 0.0006
vn -0.1460 0.9883 -0.0424
vn -0.1740 0.9846 -0.0117
vn -0.1087 0.9922 -0.0601
vn -0.0222 0.9993 -0.0289
vn -0.0891 0.9959 0.0098
vn -0.0270 0.9956 0.0895
vn -0.0021 0.9905 -0.1375
vn 0.0023 0.9937 -0.1115
vn -0.0143 0.9987 0.0495
vn -0.0188 0.9995 0.0227
vn 0.0073 0.9940 -0.1085
vn 0.0089 0.9934 -0.1142
vn 0.0298 0.9984 0.0480
vn 0.0023 0.9972 0.0750
vn 0.0540 0.9985 0.0036
vn -0.0217 0.9998 -0.0032
vn -0.0116 0.9995 0.0270
vn 0.0783 0.9951 0.0591
vn 0.0575 0.9964 -0.0625
vn -0.0038 0.9978 -0.0653
vn -0.0106 0.9995 -0.0309
vn 0.0477 0.9979 -0.0432
vn -0.0486 0.9942 -0.0960
vn -0.0203 0.9901 -0.1389
vn -0.0166 0.9998 0.0077
vn -0.0505 0.9987 -0.0085
vn 0.0668 0.9923 0.1044
vn 0.0239 0.9962 0.0837
vn 0.0160 0.7208 0.6929
vn 0.0623 0.6999 0.7114
vn 0.0822 0.9962 -0.0280
vn 0.0413 0.9990 -0.0172
vn 0.0217 0.9996 -0.0166
vn 0.0731 0.9967 -0.0345
vn 0.0431 0.9991 -0.0055
vn -0.0471 0.9961 -0.0746
vn -0.0255 0.9976 0.0648
vn 0.0049 0.9998 0.0161
vn -0.0047 0.9974 0.0711
vn -0.0020 0.9957 0.0924
vn 0.0093 0.7050 0.7091
vn 0.0157 0.6979 0.7160
vn -0.0263 0.9918 -0.1247
vn -0.0113 0.9999 -0.0106
vn -0.0176 0.9995 0.0276
vn -0.0031 0.9968 0.0801
vn -0.0047 0.9972 0.0750
vn 0.0046 0.9975 0.0707
vn 0.0095 0.9977 -0.0674
vn -0.0030 0.9992 -0.0394
vn -0.1447 0.9882 -0.0501
vn -0.0374 0.9894 -0.1401
vn 0.0093 0.9645 -0.2636
vn -0.0873 0.9566 -0.2778
vn -0.0890 0.9959 0.0150
vn 0.1343 0.9906 -0.0250
vn 0.0667 0.9977 -0.0054
vn 0.0527 0.9985 0.0154
vn 0.1088 0.9940 0.0067
vn 0.1517 0.9884 0.0016
vn 0.0892 0.9960 0.0002
vn 0.0824 0.9966 -0.0067
vn 0.1478 0.9888 -0.0198
vn 0.0826 0.9966 -0.0015
vn 0.0814 0.9967 -0.0003
vn -0.0131 0.0343 0.9993
vn 0.0092 0.0636 0.9979
vn -0.0330 0.1122 0.9931
vn 0.0195 0.1049 0.9943
vn 0.0177 0.1237 0.9922
vn -0.0593 0.0118 0.9981
vn -0.0235 -0.0379 0.9990
vn 0.0705 0.1080 0.9916
vn -0.0252 0.0975 0.9949
vn -0.0020 -0.1055 0.9944
vn -0.0284 -0.2112 0.9770
vn 0.0368 -0.1587 0.9866
vn -0.0186 0.0302 0.9994
vn 0.0652 0.0983 0.9930
vn -0.0513 0.0518 0.9973
vn -0.0159 0.0163 0.9997
vn -0.1400 -0.0036 0.9901
vn -0.0955 0.0957 0.9908
vn -0.2159 -0.1160 0.9695
vn -0.2138 0.0070 0.9768
vn -0.6896 -0.0388 0.7231
vn -0.7231 -0.0973 0.6838
vn -0.1329 0.0318 0.9906
vn -0.1555 -0.0213 0.9876
vn -0.6737 0.0049 0.7389
vn -0.6984 0.0426 0.7144
vn -0.0416 0.0529 0.9977
vn 0.0196 0.1048 0.9943
vn 0.0151 0.0400 0.9991
vn -0.0253 0.0125 0.9996
vn -0.1267 0.0211 0.9917
vn -0.0625 -0.0062 0.9980
vn -0.9985 0.0503 -0.0221
vn -0.9988 0.0357 -0.0332
vn -0.9881 0.1537 -0.0044
vn -0.9833 0.1734 -0.0542
vn -0.6798 0.7333 -0.0138
vn -0.9847 0.1740 0.0051
vn -0.9965 0.0833 -0.0114
vn -0.9938 0.1082 -0.0249
vn -0.9952 0.0923 -0.0317
vn -0.9964 0.0839 0.0103
vn -0.6757 0.7359 -0.0420
vn -0.9846 0.1650 -0.0571
vn -0.9938 -0.0705 -0.0855
vn -0.9971 -0.0395 -0.0651
vn -0.9963 -0.0441 -0.0739
vn -0.9983 0.0206 -0.0539
vn -0.9995 0.0013 -0.0298
vn -0.9894 0.0645 0.1299
vn -0.9958 -0.0051 0.0907
vn -0.9970 0.0360 0.0676
vn -0.9977 0.0544 0.0405
vn -0.9595 -0.0835 -0.2691
vn -0.9647 0.0555 -0.2574
vn -0.7066 -0.0277 -0.7070
vn -0.7346 -0.0423 -0.6771
vn -0.9631 -0.0017 -0.2691
vn -0.9480 0.0233 -0.3175
vn -0.6450 0.0993 -0.7576
vn -0.6031 0.0518 -0.7960
vn -0.9995 -0.0193 -0.0236
vn -0.9985 0.0274 -0.0472
vn -0.9992 0.0093 -0.0392
vn -0.9976 -0.0341 -0.0605
vn 0.0683 -0.9964 0.0507
vn 0.0413 -0.9991 -0.0039
vn 0.1191 -0.9929 0.0013
vn 0.1558 -0.9878 -0.0072
vn 0.6911 -0.7218 -0.0362
vn 0.6773 -0.7356 -0.0053
vn 0.1798 -0.9834 0.0252
vn -0.0236 -0.9918 -0.1258
vn -0.0227 -0.9997 0.0039
vn 0.0072 -0.9753 -0.2208
vn 0.7442 -0.6436 -0.1785
vn 0.7740 -0.6299 -0.0647
vn 0.1595 -0.9819 -0.1021
vn -0.2710 -0.9600 -0.0707
vn -0.2453 -0.9694 0.0048
vn -0.2545 -0.9666 -0.0311
vn 0.0786 -0.9965 0.0284
vn 0.0954 -0.9951 0.0275
vn 0.0081 -0.9912 -0.1319
vn 0.0222 -0.9907 -0.1344
vn 0.0497 -0.9979 -0.0413
vn 0.0129 -0.9968 -0.0783
vn -0.2478 -0.9362 0.2490
vn -0.0667 -0.9535 0.2940
vn -0.0052 -0.6589 0.7522
vn -0.2238 -0.6645 0.7129
vn 0.0223 -0.9607 0.2765
vn 0.0289 -0.9756 0.2174
vn -0.0170 -0.7313 0.6818
vn -0.0367 -0.6973 0.7158
vn 0.0803 -0.9911 0.1062
vn 0.0607 -0.9970 0.0483
vn 0.0076 -0.9934 0.1145
vn 0.0631 -0.9861 0.1535
vn 0.9932 0.0999 0.0594
vn 0.9920 0.1209 0.0367
vn 0.9954 0.0952 0.0108
vn 0.9817 0.1799 0.0627
vn 0.6622 0.7491 0.0163
vn 0.6669 0.7451 0.0034
vn 0.9875 0.1448 0.0615
vn 0.9922 0.1211 -0.0276
vn 0.9836 0.1410 0.1128
vn 0.9869 0.1434 -0.0737
vn 0.6048 0.7953 -0.0405
vn 0.6421 0.7665 0.0064
vn 0.9855 0.1698 0.0002
vn 0.9792 -0.2029 -0.0047
vn 0.9805 -0.1961 0.0117
vn 0.9834 -0.1804 -0.0182
vn 0.9993 0.0265 0.0261
vn 0.9988 0.0403 0.0269
vn 0.9908 -0.0111 -0.1345
vn 0.9948 0.0147 -0.1001
vn 0.9988 0.0221 -0.0441
vn 0.9988 0.0071 -0.0476
vn 0.9554 -0.2672 0.1254
vn 0.9877 -0.1552 -0.0193
vn 0.7755 -0.1945 0.6006
vn 0.7271 -0.2934 0.6207
vn 0.9969 0.0367 0.0690
vn 0.9995 0.0316 0.0024
vn 0.8616 0.0560 0.5045
vn 0.7778 0.1346 0.6139
vn 0.9977 0.0521 0.0425
vn 0.9951 0.0702 0.0689
vn 0.9887 0.0604 0.1367
vn 0.9853 0.0452 0.1644
vn 0.0283 -0.0355 -0.9990
vn 0.0366 -0.0349 -0.9987
vn 0.0231 0.2050 -0.9785
vn -0.0380 0.1902 -0.9810
vn 0.0061 0.7841 -0.6206
vn 0.0107 0.8307 -0.5566
vn -0.0127 0.2295 -0.9732
vn -0.0138 0.0206 -0.9997
vn -0.0224 -0.0286 -0.9993
vn -0.2665 0.1545 -0.9514
vn -0.2247 0.7169 -0.6599
vn -0.0535 0.7403 -0.6701
vn -0.0245 0.1474 -0.9888
vn 0.0385 -0.1112 -0.9930
vn 0.0775 -0.1067 -0.9912
vn 0.0397 -0.0960 -0.9946
vn 0.0493 -0.0233 -0.9985
vn 0.0072 -0.0229 -0.9997
vn 0.0226 0.0327 -0.9992
vn -0.0058 0.0418 -0.9991
vn 0.0996 0.0125 -0.9949
vn 0.1180 0.0123 -0.9929
vn 0.0788 -0.1527 -0.9851
vn 0.1248 -0.0501 -0.9909
vn 0.6685 -0.0563 -0.7415
vn 0.6153 -0.0833 -0.7839
vn 0.0602 -0.0156 -0.9980
vn 0.1119 -0.0186 -0.9935
vn 0.4925 0.0013 -0.8703
vn 0.5364 -0.0450 -0.8428
vn 0.0198 -0.0140 -0.9997
vn 0.0090 -0.0074 -0.9999
vn 0.0092 -0.0042 -0.9999
vn 0.0073 -0.0367 -0.9993
vn 0.1373 -0.0197 -0.9903
vn 0.1198 -0.0211 -0.9926
vn 0.6555 -0.0448 -0.7538
vn 0.6630 -0.0874 -0.7434
vn 0.1951 0.0136 -0.9807
vn 0.1729 -0.0062 -0.9849
vn 0.7049 -0.0148 -0.7091
vn 0.7782 0.0251 -0.6275
vn 0.0689 0.0475 -0.9965
vn -0.0101 0.6791 -0.7339
vn 0.0396 0.7006 -0.7124
vn 0.0707 0.0481 -0.9963
vn 0.0561 -0.0632 -0.9964
vn 0.0693 -0.0208 -0.9973
vn 0.0109 0.7888 -0.6145
vn 0.0197 0.7838 -0.6206
vn 0.0345 0.1932 -0.9805
vn 0.9885 -0.0047 0.1508
vn 0.9771 -0.0190 0.2118
vn 0.7645 -0.0277 0.6439
vn 0.7975 -0.0074 0.6032
vn 0.9701 0.0958 0.2228
vn 0.9851 0.0506 0.1641
vn 0.7573 -0.0114 0.6530
vn 0.7271 0.0757 0.6823
vn 0.9950 0.0923 -0.0367
vn 0.7383 0.6729 -0.0458
vn 0.7186 0.6945 -0.0350
vn 0.9931 0.1047 0.0520
vn 0.9930 0.0956 -0.0689
vn 0.9939 0.1100 0.0094
vn 0.7443 0.6677 0.0074
vn 0.7464 0.6654 -0.0116
vn 0.9964 0.0802 0.0274
vn -0.0371 -0.9646 0.2611
vn 0.0154 -0.9589 0.2834
vn 0.0222 -0.7174 0.6962
vn -0.0378 -0.6970 0.7161
vn 0.0322 -0.9695 0.2430
vn 0.0439 -0.9723 0.2294
vn -0.0125 -0.6807 0.7324
vn 0.0093 -0.7035 0.7106
vn 0.2100 -0.9724 0.1010
vn 0.6006 -0.7785 0.1821
vn 0.6873 -0.6995 0.1957
vn 0.2366 -0.9646 0.1161
vn 0.0285 -0.9992 0.0261
vn 0.0494 -0.9966 0.0649
vn 0.6233 -0.7819 -0.0058
vn 0.5932 -0.7972 0.1122
vn 0.1455 -0.9866 0.0732
vn -0.9813 -0.0589 -0.1833
vn -0.9934 0.0029 -0.1147
vn -0.7076 -0.0485 -0.7049
vn -0.7328 -0.1090 -0.6716
vn -0.9917 0.0756 -0.1037
vn -0.9734 0.1015 -0.2055
vn -0.7708 0.1030 -0.6287
vn -0.8108 0.0777 -0.5800
vn -0.9957 0.0893 -0.0249
vn -0.9923 0.0825 -0.0920
vn -0.9955 0.0930 0.0197
vn -0.9953 0.0801 -0.0533
vn -0.9823 0.1829 0.0407
vn -0.1750 0.0052 0.9846
vn -0.1270 0.0034 0.9919
vn -0.6450 -0.0426 0.7630
vn -0.6003 -0.0561 0.7978
vn -0.1733 0.0514 0.9835
vn -0.1934 0.0390 0.9803
vn -0.7156 0.0304 0.6978
vn -0.7364 0.0883 0.6708
vn -0.0371 0.0519 0.9980
vn -0.0562 0.6374 0.7685
vn -0.0153 0.6425 0.7661
vn -0.0264 0.0528 0.9982
vn -0.0018 -0.0550 0.9985
vn 0.0033 0.0132 0.9999
vn -0.0105 0.6256 0.7801
vn -0.0160 0.6327 0.7742
vn -0.0372 0.0957 0.9947
vn 0.0129 0.9807 0.1947
vn 0.0053 0.9882 0.1532
vn -0.0202 0.9973 0.0697
vn 0.0065 0.9956 0.0933
vn 0.0116 0.9947 -0.1017
vn 0.0051 0.9951 -0.0986
vn 0.0466 0.9960 0.0764
vn -0.0061 0.9992 0.0381
vn 0.0021 1.0000 -0.0036
vn 0.0441 0.9982 -0.0391
vn -0.0381 0.9898 0.1368
vn 0.0034 0.9904 0.1382
vn -0.0400 0.9988 0.0279
vn 0.0099 0.9995 0.0295
vn 0.0085 0.9997 -0.0221
vn -0.0374 0.9992 -0.0115
vn -0.0615 0.9964 0.0574
vn -0.1371 0.9905 -0.0055
vn -0.0486 0.9987 -0.0175
vn -0.0203 0.9992 -0.0331
vn -0.0096 0.9996 0.0266
vn -0.0319 0.9993 0.0199
vn -0.0641 0.9979 0.0029
vn -0.0103 0.9999 0.0005
vn -0.0129 0.9999 -0.0005
vn -0.0612 0.9981 -0.0025
vn -0.0128 0.9999 -0.0042
vn -0.0208 0.9998 0.0026
vn 0.0085 0.9663 -0.2572
vn 0.0707 0.9717 -0.2252
vn 0.0123 0.9947 -0.1018
vn -0.0101 0.9977 -0.0665
vn 0.1296 0.9913 0.0208
vn 0.0551 0.1016 0.9933
vn 0.0501 -0.0400 0.9979
vn 0.0540 0.0247 0.9982
vn 0.0816 0.0619 0.9947
vn -0.9995 -0.0039 -0.0294
vn -0.9996 0.0266 -0.0016
vn -0.9987 0.0293 -0.0426
vn -0.9998 -0.0093 -0.0190
vn -0.0013 -0.9998 -0.0204
vn 0.0069 -0.9998 -0.0179
vn 0.0263 -0.9969 0.0736
vn -0.0262 -0.9958 0.0873
vn 0.9965 0.0704 0.0451
vn 0.9925 0.1136 -0.0455
vn 0.9974 0.0645 0.0312
vn 0.9969 0.0056 0.0785
vn 0.0136 -0.0179 -0.9997
vn 0.0267 -0.0467 -0.9985
vn 0.0286 -0.0236 -0.9993
vn 0.0085 -0.0023 -0.9999
vn 0.0502 -0.5969 -0.8007
vn 0.0823 -0.1212 -0.9892
vn 0.0523 -0.5769 -0.8151
vn 0.0549 -0.6053 -0.7941
vn 0.0485 -0.6330 -0.7726
vn 0.0400 -0.1233 -0.9915
vn 0.0073 -0.1439 -0.9896
vn 0.0198 -0.7025 -0.7114
vn 0.0405 -0.0259 -0.9988
vn 0.0037 -0.0363 -0.9993
vn 0.0113 -0.7042 -0.7099
vn 0.0248 -0.1569 -0.9873
vn 0.0221 -0.1743 -0.9844
vn 0.0014 -0.6774 -0.7356
vn -0.0253 -0.6706 -0.7414
vn 0.4007 -0.6077 -0.6856
vn -0.1682 -0.0118 -0.9857
vn -0.2151 -0.0458 -0.9755
vn -0.1560 0.0182 -0.9876
vn -0.2147 -0.6741 -0.7067
vn -0.2148 -0.0860 -0.9728
vn 0.0235 -0.0857 -0.9960
vn -0.0519 -0.7047 -0.7076
vn -0.7039 -0.4287 -0.5663
vn 0.0436 -0.6319 -0.7738
vn 0.0418 -0.0499 -0.9979
vn 0.1139 -0.1311 -0.9848
vn 0.1552 -0.7171 -0.6794
vn -0.2864 0.0541 -0.9565
vn -0.2670 0.1131 -0.9570
vn -0.2868 0.0030 -0.9580
vn -0.1693 0.0615 -0.9836
vn 0.0565 -0.0133 -0.9983
vn 0.0161 0.0184 -0.9997
vn 0.0674 0.0033 -0.9977
vn 0.1043 -0.0037 -0.9945
vn 0.1072 -0.6829 -0.7226
vn 0.1104 -0.1565 -0.9814
vn 0.0736 -0.1267 -0.9892
vn 0.0391 -0.6676 -0.7435
vn 0.0540 -0.6961 -0.7158
vn -0.1409 0.0322 -0.9895
vn -0.1527 -0.0381 -0.9875
vn -0.1856 0.0619 -0.9807
vn -0.2200 -0.0350 -0.9749
vn -0.2579 0.0583 -0.9644
vn -0.2135 0.0496 -0.9757
vn 0.0142 0.0085 -0.9998
vn 0.0225 -0.0222 -0.9995
vn 0.9552 -0.2838 0.0839
vn 0.9335 -0.3350 0.1277
vn 0.9133 -0.3648 0.1810
vn 0.9977 -0.0077 0.0669
vn 0.9822 -0.0613 0.1774
vn 0.9223 -0.3269 0.2060
vn 0.9285 -0.2840 0.2392
vn 0.9657 -0.0822 -0.2462
vn 0.9614 -0.0718 -0.2656
vn 0.9634 -0.0505 -0.2631
vn 0.9699 -0.0544 -0.2372
vn 0.9809 -0.1458 -0.1287
vn 0.9554 -0.1783 -0.2351
vn 0.9568 -0.1959 -0.2147
vn 0.9137 0.0609 -0.4018
vn 0.9314 -0.0105 -0.3637
vn 0.9323 0.0346 -0.3599
vn 0.9593 -0.0646 -0.2748
vn 0.9805 -0.0463 -0.1911
vn 0.9945 0.0150 -0.1039
vn 0.9993 0.0381 -0.0027
vn 0.9975 -0.0002 -0.0700
vn 0.9784 -0.1931 -0.0738
vn 0.9782 -0.2074 -0.0065
vn 0.9798 0.0769 -0.1845
vn 0.9721 -0.0135 -0.2342
vn 0.9846 0.0856 -0.1520
vn 0.9597 -0.0304 -0.2792
vn 0.9881 0.0352 -0.1494
vn 0.9868 0.0445 -0.1552
vn 0.9936 0.0662 -0.0914
vn 0.9894 0.1216 0.0793
vn -0.7781 -0.6267 -0.0429
vn -0.2263 -0.9736 0.0288
vn -0.7508 -0.6599 -0.0259
vn -0.7760 -0.6276 -0.0621
vn -0.7210 -0.6897 -0.0661
vn -0.1894 -0.9804 0.0532
vn -0.1719 -0.9570 0.2334
vn -0.6441 -0.7338 0.2160
vn -0.0097 -0.9932 0.1162
vn -0.0153 -0.9846 0.1738
vn -0.7882 -0.5272 0.3174
vn -0.1405 -0.9535 0.2666
vn -0.1899 -0.9677 0.1658
vn -0.5933 -0.7412 0.3140
vn -0.7223 -0.6273 0.2913
vn -0.6624 -0.4669 0.5858
vn -0.0111 -0.9867 -0.1623
vn -0.0845 -0.9846 -0.1531
vn 0.0862 -0.9790 -0.1845
vn -0.7208 -0.6566 -0.2219
vn -0.2340 -0.9619 -0.1410
vn -0.2704 -0.9522 -0.1420
vn -0.7295 -0.6523 -0.2057
vn -0.6958 -0.6819 -0.2255
vn -0.2632 -0.9503 -0.1660
vn -0.2546 -0.9634 -0.0834
vn -0.7823 -0.6102 -0.1248
vn 0.0413 -0.9688 -0.2444
vn 0.0036 -0.9671 -0.2543
vn 0.0331 -0.9558 -0.2920
vn 0.0319 -0.9700 -0.2411
vn -0.0083 -0.9938 -0.1105
vn 0.0274 -0.9934 -0.1113
vn 0.0520 -0.9986 0.0008
vn -0.0161 -0.9959 -0.0886
vn -0.7493 -0.6622 0.0004
vn -0.2572 -0.9641 -0.0658
vn -0.2767 -0.9567 -0.0902
vn -0.7990 -0.5935 -0.0967
vn -0.8193 -0.5668 -0.0862
vn 0.0422 -0.9568 -0.2877
vn 0.0224 -0.9458 -0.3239
vn 0.0248 -0.9711 -0.2375
vn 0.0134 -0.9443 -0.3288
vn -0.0778 -0.9632 -0.2571
vn -0.0181 -0.9719 -0.2348
vn 0.0161 -0.9919 -0.1261
vn 0.0024 -0.9999 0.0085
vn -0.9955 -0.0645 -0.0688
vn -0.9960 -0.0831 -0.0320
vn -0.9939 -0.0808 -0.0753
vn -0.9985 0.0276 -0.0466
vn -0.9961 0.0264 -0.0840
vn -0.9699 -0.1220 -0.2108
vn -0.9802 -0.1351 -0.1448
vn -0.9382 -0.0030 0.3460
vn -0.9207 -0.0361 0.3884
vn -0.9666 0.0523 0.2507
vn -0.9332 -0.1123 0.3412
vn -0.9032 -0.1628 0.3972
vn -0.9320 -0.1349 0.3363
vn -0.9975 -0.0696 -0.0079
vn -0.9696 0.0164 0.2442
vn -0.9847 0.0009 0.1740
vn -0.9511 -0.0076 0.3086
vn -0.9816 0.0348 0.1877
vn -0.9849 0.0792 0.1540
vn -0.9993 -0.0150 0.0332
vn -0.9998 0.0162 0.0081
vn -0.9979 0.0607 -0.0208
vn -0.9936 -0.0885 -0.0705
vn -0.9921 -0.0827 -0.0941
vn -0.9864 0.0399 0.1596
vn -0.9762 -0.0393 0.2132
vn -0.9865 0.0936 0.1339
vn -0.9598 -0.0643 0.2730
vn -0.9903 0.0298 0.1360
vn -0.9867 0.0913 0.1347
vn -0.9993 0.0369 0.0097
vn -0.9983 0.0487 -0.0312
vn -0.0740 -0.2320 0.9699
vn -0.0793 -0.2143 0.9735
vn -0.0739 -0.1886 0.9792
vn -0.0855 0.0142 0.9962
vn -0.0279 0.0212 0.9994
vn -0.0056 -0.1522 0.9883
vn 0.0319 -0.1554 0.9873
vn 0.0133 0.0136 0.9998
vn 0.0023 -0.0456 0.9989
vn 0.0222 0.0797 0.9966
vn 0.0384 -0.1357 0.9900
vn -0.0701 -0.1461 0.9868
vn -0.0107 -0.1676 0.9858
vn 0.0384 -0.1576 0.9868
vn 0.2260 0.0907 0.9699
vn 0.1503 0.0805 0.9854
vn 0.2991 0.0673 0.9518
vn 0.0588 0.0877 0.9944
vn -0.0390 0.0451 0.9982
vn -0.0413 0.0326 0.9986
vn -0.0363 0.1097 0.9933
vn 0.0130 -0.1698 0.9854
vn -0.0277 -0.1556 0.9874
vn 0.2537 0.0263 0.9669
vn 0.2718 -0.0250 0.9620
vn 0.2385 0.0407 0.9703
vn 0.3194 -0.0146 0.9475
vn 0.1347 0.0269 0.9905
vn 0.1815 0.0448 0.9824
vn -0.0925 0.0197 0.9955
vn 0.0620 0.9932 0.0987
vn 0.0448 0.9983 0.0382
vn 0.0595 0.9980 0.0201
vn 0.0709 0.9913 0.1109
vn 0.0698 0.9974 0.0140
vn 0.5925 0.1210 0.7964
usemtl hiper-atlas
s 1
f 3298/3407/1470 2657/3408/1471 2511/3409/1472 2660/3410/1473
f 3297/3411/1474 2714/3412/1475 2505/3413/1476 2736/3414/1477
f 3296/3415/1478 2713/3416/1479 2470/3417/1480 2606/3418/1481
f 3295/3419/1482 2737/3420/1483 2490/3421/1484 2605/3422/1485
f 3293/3423/1486 2605/3424/1485 2490/3425/1484 2739/3426/1487
f 3292/3427/1488 2606/3428/1481 2470/3429/1480 2600/3430/1489
f 3291/3431/1490 2740/3432/1491 2487/3433/1492 2599/3434/1493
f 3289/3435/1494 2611/3436/1495 2493/3437/1496 2741/3438/1497
f 3288/3439/1498 2612/3440/1499 2468/3441/1500 2705/3442/1501
f 3287/3443/1502 2742/3444/1503 2501/3445/1504 2706/3446/1505
f 3285/3447/1506 2718/3448/1507 2507/3449/1508 2743/3450/1509
f 3284/3451/1510 2717/3452/1511 2467/3453/1512 2610/3454/1513
f 3283/3455/1514 2744/3456/1515 2492/3457/1516 2609/3458/1517
f 3281/3459/1518 2607/3460/1519 2491/3461/1520 2745/3462/1521
f 3280/3463/1522 2608/3464/1523 2466/3465/1524 2703/3466/1525
f 3279/3467/1526 2746/3468/1527 2500/3469/1528 2704/3470/1529
f 3277/3471/1530 2613/3472/1531 2494/3473/1532 2747/3474/1533
f 3276/3475/1534 2614/3476/1535 2464/3477/1536 2699/3478/1537
f 3275/3479/1538 2748/3480/1539 2498/3481/1540 2700/3482/1541
f 3272/3483/1542 2641/3484/1543 2474/3485/1544 2675/3486/1545
f 3271/3487/1546 2749/3488/1547 2486/3489/1548 2676/3490/1549
f 2997/3491/1550 3267/3492/1551 3017/3493/1552 3001/3494/1553
f 3265/3495/1554 2637/3496/1555 2506/3497/1556 2754/3498/1557
f 3264/3499/1558 2638/3500/1559 2482/3501/1560 2720/3502/1561
f 2985/3503/1562 3263/3504/1563 3029/3505/1564 2989/3506/1565
f 3260/3507/1566 2643/3508/1567 2476/3509/1568 2679/3510/1569
f 3259/3511/1570 2755/3512/1571 2488/3513/1572 2680/3514/1573
f 3033/3515/1574 3255/3516/1575 3053/3517/1576 3037/3518/1577
f 3253/3519/1578 2631/3520/1579 2503/3521/1580 2760/3522/1581
f 3252/3523/1582 2632/3524/1583 2479/3525/1584 2722/3526/1585
f 2973/3527/1586 3251/3528/1587 3065/3529/1588 2977/3530/1589
f 3248/3531/1590 2645/3532/1591 2480/3533/1592 2634/3534/1593
f 3247/3535/1594 2761/3536/1595 2504/3537/1596 2633/3538/1597
f 3069/3539/1598 3243/3540/1599 3089/3541/1600 3073/3542/1601
f 3241/3543/1602 2694/3544/1603 2495/3545/1604 2766/3546/1605
f 3240/3547/1606 2693/3548/1607 2483/3549/1608 2724/3550/1609
f 2961/3551/1610 3239/3552/1611 3101/3553/1612 2965/3554/1613
f 3236/3555/1614 2647/3556/1615 2477/3557/1616 2681/3558/1617
f 3235/3559/1618 2767/3560/1619 2489/3561/1620 2682/3562/1621
f 3105/3563/1622 3231/3564/1623 3125/3565/1624 3109/3566/1625
f 3229/3567/1626 2635/3568/1627 2505/3569/1476 2772/3570/1628
f 3228/3571/1629 2636/3572/1630 2481/3573/1631 2726/3574/1632
f 2949/3575/1633 3227/3576/1634 3137/3577/1635 2953/3578/1636
f 3224/3579/1637 2649/3580/1638 2475/3581/1639 2624/3582/1640
f 3223/3583/1641 2773/3584/1642 2499/3585/1643 2623/3586/1644
f 3141/3587/1645 3219/3588/1646 3161/3589/1647 3145/3590/1648
f 3217/3591/1649 2629/3592/1650 2502/3593/1651 2778/3594/1652
f 3216/3595/1653 2630/3596/1654 2478/3597/1655 2728/3598/1656
f 2937/3599/1657 3215/3600/1658 3173/3601/1659 2941/3602/1660
f 3214/3603/1661 2661/3604/1662 2512/3605/1663 2664/3606/1664
f 3213/3607/1665 2651/3608/1666 2508/3609/1667 2780/3610/1668
f 3212/3611/1669 2652/3612/1670 2478/3613/1655 2630/3614/1654
f 3211/3615/1671 2781/3616/1672 2502/3617/1651 2629/3618/1650
f 3210/3619/1673 2665/3620/1674 2513/3621/1675 2667/3622/1676
f 2653/3623/1677 2732/3624/1678 2808/3625/1679 2809/3626/1680 3209/3627/1681
f 2654/3628/1682 2729/3629/1683 2826/3630/1684 2807/3631/1685
f 3208/3632/1686 2784/3633/1687 2509/3634/1688 2733/3635/1689
f 3206/3636/1690 2690/3637/1691 2493/3638/1496 2787/3639/1692
f 3205/3640/1693 2689/3641/1694 2481/3642/1631 2734/3643/1695
f 2510/3644/1696 2735/3645/1697 2926/3646/1698 2789/3647/1699 2788/3648/1700
f 2789/3647/1699 2926/3646/1698 2729/3629/1683 2654/3628/1682
f 2790/3649/1701 2789/3647/1699 2654/3628/1682 2732/3624/1678
f 2580/3650/1702 2788/3648/1700 2789/3647/1699 2790/3649/1701 2670/3651/1703
f 3204/3652/1704 2791/3653/1705 2566/3654/1706 2656/3655/1707
f 3203/3656/1708 2792/3657/1709 2581/3658/1710 2793/3659/1711
f 3202/3660/1712 2611/3661/1495 2533/3662/1713 2794/3663/1714
f 3201/3664/1715 2795/3665/1716 2579/3666/1717 2669/3667/1718
f 3200/3668/1719 2796/3669/1720 2582/3670/1721 2797/3671/1722
f 3199/3672/1723 2612/3673/1499 2534/3674/1724 2798/3675/1725
f 3197/3676/1726 2800/3677/1727 2583/3678/1728 2801/3679/1729
f 3196/3680/1730 2786/3681/1731 2578/3682/1732 2802/3683/1733
f 3195/3684/1734 2803/3685/1735 2565/3686/1736 2655/3687/1737
f 3194/3688/1738 2804/3689/1739 2584/3690/1740 2805/3691/1741
f 3193/3692/1742 2666/3693/1743 2576/3694/1744 2806/3695/1745
f 2807/3631/1685 2826/3630/1684 2779/3696/1746 2509/3634/1688 2784/3633/1687
f 2808/3625/1679 2807/3631/1685 2784/3633/1687 2576/3694/1744 2666/3693/1743
f 2732/3624/1678 2654/3628/1682 2807/3631/1685 2808/3625/1679
f 2809/3626/1680 2808/3625/1679 2666/3693/1743 2513/3621/1675 2665/3620/1674 3192/3697/1747
f 3191/3698/1748 2810/3699/1749 2585/3700/1750 2811/3701/1751
f 3190/3702/1752 2731/3703/1753 2564/3704/1754 2812/3705/1755
f 3189/3706/1756 2813/3707/1757 2577/3708/1758 2785/3709/1759
f 3188/3710/1760 2814/3711/1761 2586/3712/1762 2815/3713/1763
f 3187/3714/1764 2783/3715/1765 2575/3716/1766 2816/3717/1767
f 3186/3718/1768 2817/3719/1769 2551/3720/1770 2707/3721/1771
f 3185/3722/1772 2818/3723/1773 2587/3724/1774 2819/3725/1775
f 3184/3726/1776 2663/3727/1777 2573/3728/1778 2820/3729/1779
f 3183/3730/1780 2821/3731/1781 2552/3732/1782 2708/3733/1783
f 3182/3734/1784 2822/3735/1785 2588/3736/1786 2823/3737/1787
f 3181/3738/1788 2730/3739/1789 2563/3740/1790 2824/3741/1791
f 3180/3742/1792 2825/3743/1793 2572/3744/1794 2662/3745/1795
f 2826/3630/1684 2825/3743/1793 3180/3742/1792 2661/3604/1662 2571/3746/1796 2779/3696/1746
f 2729/3629/1683 2651/3608/1666 3213/3607/1665 2825/3743/1793 2826/3630/1684
f 3179/3747/1797 2827/3748/1798 2574/3749/1799 2782/3750/1800
f 3178/3751/1801 2828/3752/1802 2589/3753/1803 2829/3754/1804
f 3177/3755/1805 2779/3696/1746 2571/3746/1796 2830/3756/1806
f 3176/3757/1807 3215/3600/1658 2937/3599/1657 2938/3758/1808
f 3173/3601/1659 3216/3595/1653 2728/3598/1656 2940/3759/1809 2941/3602/1660
f 3171/3760/1810 2708/3761/1783 2552/3762/1782 2832/3763/1811
f 3170/3764/1812 3217/3591/1649 2778/3594/1652 3171/3760/1810 3172/3765/1813
f 3168/3766/1814 2707/3767/1771 2551/3768/1770 2834/3769/1815
f 3164/3770/1816 3219/3588/1646 3141/3587/1645 3142/3771/1817 2650/3772/1818
f 3161/3589/1647 3220/3773/1819 3144/3774/1820 3145/3590/1648
f 3158/3775/1821 3221/3776/1822 3159/3777/1823 3160/3778/1824
f 3152/3779/1825 2840/3780/1826 2545/3781/1827 2701/3782/1828
f 3149/3783/1829 2842/3784/1830 2546/3785/1831 2702/3786/1832
f 3146/3787/1833 3225/3788/1834 3147/3789/1835 3148/3790/1836
f 3175/3791/1837 3174/3792/1838 3215/3600/1658 3176/3757/1807
f 3140/3793/1839 3227/3576/1634 2949/3575/1633 2950/3794/1840
f 3137/3577/1635 3228/3571/1629 2726/3574/1632 2952/3795/1841 2953/3578/1636
f 3135/3796/1842 2714/3797/1475 2558/3798/1843 2845/3799/1844
f 3134/3800/1845 3229/3567/1626 2772/3570/1628 3135/3796/1842 2844/3801/1846 3136/3802/1847
f 3132/3803/1848 2713/3804/1479 2557/3805/1849 2847/3806/1850
f 3128/3807/1851 3231/3564/1623 3105/3563/1622 3106/3808/1852 2648/3809/1853
f 3125/3565/1624 3232/3810/1854 3108/3811/1855 3109/3566/1625
f 3122/3812/1856 3233/3813/1857 3123/3814/1858 3124/3815/1859
f 3116/3816/1860 2853/3817/1861 2526/3818/1862 2604/3819/1863
f 3113/3820/1864 2855/3821/1865 2525/3822/1866 2603/3823/1867
f 3110/3824/1868 3237/3825/1869 3111/3826/1870 3112/3827/1871
f 3104/3828/1872 3239/3552/1611 2961/3551/1610 2962/3829/1873
f 3101/3553/1612 3240/3547/1606 2724/3550/1609 2964/3830/1874 2965/3554/1613
f 3099/3831/1875 2615/3832/1876 2537/3833/1877 2857/3834/1878
f 3098/3835/1879 3241/3543/1602 2766/3546/1605 3099/3831/1875 3100/3836/1880
f 3096/3837/1881 2616/3838/1882 2538/3839/1883 2859/3840/1884
f 3092/3841/1885 3243/3540/1599 3069/3539/1598 3070/3842/1886 2646/3843/1887
f 3089/3541/1600 3244/3844/1888 3072/3845/1889 3073/3542/1601
f 3086/3846/1890 3245/3847/1891 3087/3848/1892 3088/3849/1893
f 3080/3850/1894 2865/3851/1895 2555/3852/1896 2711/3853/1897
f 3077/3854/1898 2867/3855/1899 2556/3856/1900 2712/3857/1901
f 3074/3858/1902 3249/3859/1903 3075/3860/1904 3076/3861/1905
f 3068/3862/1906 3251/3528/1587 2973/3527/1586 2974/3863/1907
f 3065/3529/1588 3252/3523/1582 2722/3526/1585 2976/3864/1908 2977/3530/1589
f 3063/3865/1909 2710/3866/1910 2554/3867/1911 2869/3868/1912
f 3062/3869/1913 3253/3519/1578 2760/3522/1581 3063/3865/1909 3064/3870/1914
f 3060/3871/1915 2709/3872/1916 2553/3873/1917 2871/3874/1918
f 3056/3875/1919 3255/3516/1575 3033/3515/1574 3034/3876/1920 2644/3877/1921
f 3053/3517/1576 3256/3878/1922 3036/3879/1923 3037/3518/1577
f 3050/3880/1924 3257/3881/1925 3051/3882/1926 3052/3883/1927
f 3044/3884/1928 2877/3885/1929 2524/3886/1930 2602/3887/1931
f 3041/3888/1932 2879/3889/1933 2523/3890/1934 2601/3891/1935
f 3038/3892/1936 3261/3893/1937 3039/3894/1938 3040/3895/1939
f 3032/3896/1940 3263/3504/1563 2985/3503/1562 2986/3897/1941
f 3029/3505/1564 3264/3499/1558 2720/3502/1561 2988/3898/1942 2989/3506/1565
f 3027/3899/1943 2716/3900/1944 2560/3901/1945 2881/3902/1946
f 3026/3903/1947 3265/3495/1554 2754/3498/1557 3027/3899/1943 3028/3904/1948
f 3024/3905/1949 2715/3906/1950 2559/3907/1951 2883/3908/1952
f 3020/3909/1953 3267/3492/1551 2997/3491/1550 2998/3910/1954 2642/3911/1955
f 3017/3493/1552 3268/3912/1956 3000/3913/1957 3001/3494/1553
f 3014/3914/1958 3269/3915/1959 3015/3916/1960 3016/3917/1961
f 3008/3918/1962 2889/3919/1963 2520/3920/1964 2598/3921/1965
f 3005/3922/1966 2891/3923/1967 2519/3924/1968 2597/3925/1969
f 3002/3926/1970 3273/3927/1971 3003/3928/1972 3004/3929/1973
f 2996/3930/1974 2893/3931/1975 2544/3932/1976 2622/3933/1977
f 2993/3934/1978 2894/3935/1979 2543/3936/1980 2621/3937/1981
f 2991/3938/1982 2692/3939/1983 2536/3940/1984 2895/3941/1985
f 2990/3942/1986 3277/3471/1530 2747/3474/1533 2991/3938/1982 2992/3943/1987
f 2988/3898/1942 2691/3944/1988 2535/3945/1989 2896/3946/1990
f 2984/3947/1991 2897/3948/1992 2548/3949/1993 2626/3950/1994
f 2981/3951/1995 2898/3952/1996 2547/3953/1997 2625/3954/1998
f 2979/3955/1999 2686/3956/2000 2530/3957/2001 2899/3958/2002
f 2978/3959/2003 3281/3459/1518 2745/3462/1521 2979/3955/1999 2980/3960/2004
f 2976/3864/1908 2685/3961/2005 2529/3962/2006 2900/3963/2007
f 2972/3964/2008 2901/3965/2009 2531/3966/2010 2687/3967/2011
f 2969/3968/2012 2902/3969/2013 2532/3970/2014 2688/3971/2015
f 2967/3972/2016 2639/3973/2017 2561/3974/2018 2903/3975/2019
f 2966/3976/2020 3285/3447/1506 2743/3450/1509 2967/3972/2016 2968/3977/2021
f 2964/3830/1874 2640/3978/2022 2562/3979/2023 2904/3980/2024
f 2960/3981/2025 2905/3982/2026 2550/3983/2027 2628/3984/2028
f 2957/3985/2029 2906/3986/2030 2549/3987/2031 2627/3988/2032
f 2955/3989/2033 2690/3990/1691 2534/3991/1724 2907/3992/2034
f 2954/3993/2035 3289/3435/1494 2741/3438/1497 2955/3989/2033 2956/3994/2036
f 2952/3795/1841 2689/3995/1694 2533/3996/1713 2908/3997/2037
f 2948/3998/2038 2909/3999/2039 2521/4000/2040 2677/4001/2041
f 2945/4002/2042 2910/4003/2043 2522/4004/2044 2678/4005/2045
f 2943/4006/2046 2684/4007/2047 2528/4008/2048 2911/4009/2049
f 2942/4010/2050 3293/3423/1486 2739/3426/1487 2943/4006/2046 2944/4011/2051
f 2940/3759/1809 2683/4012/2052 2527/4013/2053 2912/4014/2054
f 2936/4015/2055 2913/4016/2056 2527/4017/2053 2683/4018/2052
f 2935/4019/2057 2914/4020/2058 2590/4021/2059 2915/4022/2060
f 2934/4023/2061 2659/4024/2062 2569/4025/2063 2916/4026/2064
f 2933/4027/2065 2917/4028/2066 2528/4029/2048 2684/4030/2047
f 2932/4031/2067 2918/4032/2068 2591/4033/2069 2919/4034/2070
f 2931/4035/2071 2635/4036/1627 2557/4037/1849 2920/4038/2072
f 2930/4039/2073 2921/4040/2074 2568/4041/2075 2658/4042/2076
f 2929/4043/2077 2922/4044/2078 2592/4045/2079 2923/4046/2080
f 2928/4047/2081 2636/4048/1630 2558/4049/1843 2924/4050/2082
f 2927/4051/2083 2925/4052/2084 2570/4053/2085 2738/4054/2086
f 2926/3646/1698 2925/4052/2084 2927/4051/2083 2651/3608/1666 2729/3629/1683
f 2567/4055/2087 2657/3408/1471 3298/3407/1470 2925/4052/2084 2926/3646/1698 2735/3645/1697
f 2651/3608/1666 2927/4051/2083 2738/4054/2086 2508/3609/1667
f 2922/4044/2078 2928/4047/2081 2924/4050/2082 2592/4045/2079
f 2566/3654/1706 2734/3643/1695 2928/4047/2081 2922/4044/2078
f 2734/3643/1695 2481/3642/1631 2636/4048/1630 2928/4047/2081
f 2735/3645/1697 2929/4043/2077 2923/4046/2080 2567/4055/2087
f 2510/3644/1696 2656/3655/1707 2929/4043/2077 2735/3645/1697
f 2656/3655/1707 2566/3654/1706 2922/4044/2078 2929/4043/2077
f 2657/3408/1471 2930/4039/2073 2658/4042/2076 2511/3409/1472
f 2567/4055/2087 2923/4046/2080 2930/4039/2073 2657/3408/1471
f 2923/4046/2080 2592/4045/2079 2921/4040/2074 2930/4039/2073
f 2918/4032/2068 2931/4035/2071 2920/4038/2072 2591/4033/2069
f 2568/4041/2075 2736/3414/1477 2931/4035/2071 2918/4032/2068
f 2736/3414/1477 2505/3413/1476 2635/4036/1627 2931/4035/2071
f 2659/4024/2062 2932/4031/2067 2919/4034/2070 2569/4025/2063
f 2511/3409/1472 2658/4042/2076 2932/4031/2067 2659/4024/2062
f 2658/4042/2076 2568/4041/2075 2918/4032/2068 2932/4031/2067
f 2737/3420/1483 2933/4027/2065 2684/4030/2047 2490/3421/1484
f 2569/4025/2063 2919/4034/2070 2933/4027/2065 2737/3420/1483
f 2919/4034/2070 2591/4033/2069 2917/4028/2066 2933/4027/2065
f 2914/4020/2058 2934/4023/2061 2916/4026/2064 2590/4021/2059
f 2570/4053/2085 2660/3410/1473 2934/4023/2061 2914/4020/2058
f 2660/3410/1473 2511/3409/1472 2659/4024/2062 2934/4023/2061
f 2730/3739/1789 2935/4019/2057 2915/4022/2060 2563/3740/1790
f 2508/3609/1667 2738/4054/2086 2935/4019/2057 2730/3739/1789
f 2738/4054/2086 2570/4053/2085 2914/4020/2058 2935/4019/2057
f 2652/3612/1670 2936/4015/2055 2683/4018/2052 2478/3613/1655
f 2563/3740/1790 2915/4022/2060 2936/4015/2055 2652/3612/1670
f 2915/4022/2060 2590/4021/2059 2913/4016/2056 2936/4015/2055
f 3176/3757/1807 2938/3758/1808 3144/3774/1820 3220/3773/1819
f 2938/3758/1808 2939/4056/2088 3225/3788/1834 3144/3774/1820
f 2728/3598/1656 2478/3597/1655 2683/4012/2052 2940/3759/1809
f 2937/3599/1657 2941/3602/1660 2942/4010/2050 3294/4057/2089
f 2739/3426/1487 2490/3425/1484 2684/4007/2047 2943/4006/2046
f 2944/4011/2051 2945/4002/2042 2740/3432/1491 3291/3431/1490 2946/4058/2090
f 2942/4010/2050 2944/4011/2051 2946/4058/2090 3294/4057/2089
f 2740/3432/1491 2945/4002/2042 2678/4005/2045 2487/3433/1492
f 2939/4056/2088 2947/4059/2091 3147/3789/1835 3225/3788/1834
f 2649/3580/1638 2948/3998/2038 2677/4001/2041 2475/3581/1639
f 2947/4059/2091 2948/3998/2038 2649/3580/1638 3224/3579/1637 3147/3789/1835
f 3140/3793/1839 2950/3794/1840 3108/3811/1855 3232/3810/1854
f 2950/3794/1840 2951/4060/2092 3237/3825/1869 3108/3811/1855
f 2726/3574/1632 2481/3573/1631 2689/3995/1694 2952/3795/1841
f 2949/3575/1633 2953/3578/1636 2954/3993/2035 3290/4061/2093
f 2741/3438/1497 2493/3437/1496 2690/3990/1691 2955/3989/2033
f 2956/3994/2036 2957/3985/2029 2742/3444/1503 3287/3443/1502 2958/4062/2094
f 2954/3993/2035 2956/3994/2036 2958/4062/2094 3290/4061/2093
f 2742/3444/1503 2957/3985/2029 2627/3988/2032 2501/3445/1504
f 2951/4060/2092 2959/4063/2095 3111/3826/1870 3237/3825/1869
f 2647/3556/1615 2960/3981/2025 2628/3984/2028 2477/3557/1616
f 2959/4063/2095 2960/3981/2025 2647/3556/1615 3236/3555/1614 3111/3826/1870
f 3104/3828/1872 2962/3829/1873 3072/3845/1889 3244/3844/1888
f 2962/3829/1873 2963/4064/2096 3249/3859/1903 3072/3845/1889
f 2724/3550/1609 2483/3549/1608 2640/3978/2022 2964/3830/1874
f 2961/3551/1610 2965/3554/1613 2966/3976/2020 3286/4065/2097
f 2743/3450/1509 2507/3449/1508 2639/3973/2017 2967/3972/2016
f 2968/3977/2021 2969/3968/2012 2744/3456/1515 3283/3455/1514 2970/4066/2098
f 2966/3976/2020 2968/3977/2021 2970/4066/2098 3286/4065/2097
f 2744/3456/1515 2969/3968/2012 2688/3971/2015 2492/3457/1516
f 2963/4064/2096 2971/4067/2099 3075/3860/1904 3249/3859/1903
f 2645/3532/1591 2972/3964/2008 2687/3967/2011 2480/3533/1592
f 2971/4067/2099 2972/3964/2008 2645/3532/1591 3248/3531/1590 3075/3860/1904
f 3068/3862/1906 2974/3863/1907 3036/3879/1923 3256/3878/1922
f 2974/3863/1907 2975/4068/2100 3261/3893/1937 3036/3879/1923
f 2722/3526/1585 2479/3525/1584 2685/3961/2005 2976/3864/1908
f 2973/3527/1586 2977/3530/1589 2978/3959/2003 3282/4069/2101
f 2745/3462/1521 2491/3461/1520 2686/3956/2000 2979/3955/1999
f 2980/3960/2004 2981/3951/1995 2746/3468/1527 3279/3467/1526 2982/4070/2102
f 2978/3959/2003 2980/3960/2004 2982/4070/2102 3282/4069/2101
f 2746/3468/1527 2981/3951/1995 2625/3954/1998 2500/3469/1528
f 2975/4068/2100 2983/4071/2103 3039/3894/1938 3261/3893/1937
f 2643/3508/1567 2984/3947/1991 2626/3950/1994 2476/3509/1568
f 2983/4071/2103 2984/3947/1991 2643/3508/1567 3260/3507/1566 3039/3894/1938
f 3032/3896/1940 2986/3897/1941 3000/3913/1957 3268/3912/1956
f 2986/3897/1941 2987/4072/2104 3273/3927/1971 3000/3913/1957
f 2720/3502/1561 2482/3501/1560 2691/3944/1988 2988/3898/1942
f 2985/3503/1562 2989/3506/1565 2990/3942/1986 3278/4073/2105
f 2747/3474/1533 2494/3473/1532 2692/3939/1983 2991/3938/1982
f 2992/3943/1987 2993/3934/1978 2748/3480/1539 3275/3479/1538 2994/4074/2106
f 2990/3942/1986 2992/3943/1987 2994/4074/2106 3278/4073/2105
f 2748/3480/1539 2993/3934/1978 2621/3937/1981 2498/3481/1540
f 2987/4072/2104 2995/4075/2107 3003/3928/1972 3273/3927/1971
f 2641/3484/1543 2996/3930/1974 2622/3933/1977 2474/3485/1544
f 2995/4075/2107 2996/3930/1974 2641/3484/1543 3272/3483/1542 3003/3928/1972
f 2620/4076/2108 2998/3910/1954 2892/4077/2109 2542/4078/2110
f 2473/4079/2111 2642/3911/1955 2998/3910/1954 2620/4076/2108
f 2698/4080/2112 2999/4081/2113 2750/4082/2114 2497/4083/2115
f 2542/4078/2110 2892/4077/2109 2999/4081/2113 2698/4080/2112
f 2997/3491/1550 3001/3494/1553 3002/3926/1970 3274/4084/2116
f 3004/3929/1973 3005/3922/1966 2749/3488/1547 3271/3487/1546 3006/4085/2117
f 3002/3926/1970 3004/3929/1973 3006/4085/2117 3274/4084/2116
f 2749/3488/1547 3005/3922/1966 2597/3925/1969 2486/3489/1548
f 2619/4086/2118 3007/4087/2119 2890/4088/2120 2541/4089/2121
f 2497/4083/2115 2750/4082/2114 3007/4087/2119 2619/4086/2118
f 2697/4090/2122 3008/3918/1962 2598/3921/1965 2465/4091/2123
f 2541/4089/2121 2890/4088/2120 3008/3918/1962 2697/4090/2122
f 2526/4092/1862 2682/4093/1621 3009/4094/2124 2887/4095/2125
f 2682/4093/1621 2489/4096/1620 2751/4097/2126 3009/4094/2124
f 2596/4098/2127 3010/4099/2128 2888/4100/2129 2518/4101/2130
f 2469/4102/2131 2604/4103/1863 3010/4099/2128 2596/4098/2127
f 2604/4103/1863 2526/4092/1862 2887/4095/2125 3010/4099/2128
f 2674/4104/2132 3011/4105/2133 2752/4106/2134 2485/4107/2135
f 2518/4101/2130 2888/4100/2129 3011/4105/2133 2674/4104/2132
f 2525/4108/1866 2681/4109/1617 3012/4110/2136 2886/4111/2137
f 2681/4109/1617 2477/4112/1616 2719/4113/2138 3012/4110/2136
f 2489/4096/1620 2603/4114/1867 3013/4115/2139 2751/4097/2126
f 2603/4114/1867 2525/4108/1866 2886/4111/2137 3013/4115/2139
f 2751/4097/2126 3013/4115/2139 3014/3914/1958 3270/4116/2140 3009/4094/2124
f 3023/4117/2141 3031/4118/2142 3015/3916/1960 3269/3915/1959
f 3016/3917/1961 3017/3493/1552 3267/3492/1551 3018/4119/2143
f 3014/3914/1958 3016/3917/1961 3018/4119/2143 3270/4116/2140
f 2595/4120/2144 3019/4121/2145 2885/4122/2146 2517/4123/2147
f 2485/4107/2135 2752/4106/2134 3019/4121/2145 2595/4120/2144
f 2673/4124/2148 3020/3909/1953 2642/3911/1955 2473/4079/2111
f 2517/4123/2147 2885/4122/2146 3020/3909/1953 2673/4124/2148
f 2550/4125/2027 2706/4126/1505 3021/4127/2149 2884/4128/2150
f 2706/4126/1505 2501/4129/1504 2753/4130/2151 3021/4127/2149
f 2477/4112/1616 2628/4131/2028 3022/4132/2152 2719/4113/2138
f 2628/4131/2028 2550/4125/2027 2884/4128/2150 3022/4132/2152
f 2719/4113/2138 3022/4132/2152 3023/4117/2141 3269/3915/1959 3012/4110/2136
f 2549/4133/2031 2705/4134/1501 3024/3905/1949 2882/4135/2153
f 2705/4134/1501 2468/4136/1500 2715/3906/1950 3024/3905/1949
f 2501/4129/1504 2627/4137/2032 3025/4138/2154 2753/4130/2151
f 2627/4137/2032 2549/4133/2031 2882/4135/2153 3025/4138/2154
f 2753/4130/2151 3025/4138/2154 3026/3903/1947 3266/4139/2155 3021/4127/2149
f 2754/3498/1557 2506/3497/1556 2716/3900/1944 3027/3899/1943
f 3028/3904/1948 3029/3505/1564 3263/3504/1563 3030/4140/2156
f 3026/3903/1947 3028/3904/1948 3030/4140/2156 3266/4139/2155
f 3015/3916/1960 3031/4118/2142 3032/3896/1940 3268/3912/1956
f 2640/4141/2022 3034/3876/1920 2880/4142/2157 2562/4143/2023
f 2483/4144/1608 2644/3877/1921 3034/3876/1920 2640/4141/2022
f 2718/4145/1507 3035/4146/2158 2756/4147/2159 2507/4148/1508
f 2562/4143/2023 2880/4142/2157 3035/4146/2158 2718/4145/1507
f 3033/3515/1574 3037/3518/1577 3038/3892/1936 3262/4149/2160
f 3040/3895/1939 3041/3888/1932 2755/3512/1571 3259/3511/1570 3042/4150/2161
f 3038/3892/1936 3040/3895/1939 3042/4150/2161 3262/4149/2160
f 2755/3512/1571 3041/3888/1932 2601/3891/1935 2488/3513/1572
f 2639/4151/2017 3043/4152/2162 2878/4153/2163 2561/4154/2018
f 2507/4148/1508 2756/4147/2159 3043/4152/2162 2639/4151/2017
f 2717/4155/1511 3044/3884/1928 2602/3887/1931 2467/4156/1512
f 2561/4154/2018 2878/4153/2163 3044/3884/1928 2717/4155/1511
f 2520/4157/1964 2676/4158/1549 3045/4159/2164 2875/4160/2165
f 2676/4158/1549 2486/4161/1548 2757/4162/2166 3045/4159/2164
f 2616/4163/1882 3046/4164/2167 2876/4165/2168 2538/4166/1883
f 2465/4167/2123 2598/4168/1965 3046/4164/2167 2616/4163/1882
f 2598/4168/1965 2520/4157/1964 2875/4160/2165 3046/4164/2167
f 2694/4169/1603 3047/4170/2169 2758/4171/2170 2495/4172/1604
f 2538/4166/1883 2876/4165/2168 3047/4170/2169 2694/4169/1603
f 2519/4173/1968 2675/4174/1545 3048/4175/2171 2874/4176/2172
f 2675/4174/1545 2474/4177/1544 2721/4178/2173 3048/4175/2171
f 2486/4161/1548 2597/4179/1969 3049/4180/2174 2757/4162/2166
f 2597/4179/1969 2519/4173/1968 2874/4176/2172 3049/4180/2174
f 2757/4162/2166 3049/4180/2174 3050/3880/1924 3258/4181/2175 3045/4159/2164
f 3059/4182/2176 3067/4183/2177 3051/3882/1926 3257/3881/1925
f 3052/3883/1927 3053/3517/1576 3255/3516/1575 3054/4184/2178
f 3050/3880/1924 3052/3883/1927 3054/4184/2178 3258/4181/2175
f 2615/4185/1876 3055/4186/2179 2873/4187/2180 2537/4188/1877
f 2495/4172/1604 2758/4171/2170 3055/4186/2179 2615/4185/1876
f 2693/4189/1607 3056/3875/1919 2644/3877/1921 2483/4144/1608
f 2537/4188/1877 2873/4187/2180 3056/3875/1919 2693/4189/1607
f 2544/4190/1976 2700/4191/1541 3057/4192/2181 2872/4193/2182
f 2700/4191/1541 2498/4194/1540 2759/4195/2183 3057/4192/2181
f 2474/4177/1544 2622/4196/1977 3058/4197/2184 2721/4178/2173
f 2622/4196/1977 2544/4190/1976 2872/4193/2182 3058/4197/2184
f 2721/4178/2173 3058/4197/2184 3059/4182/2176 3257/3881/1925 3048/4175/2171
f 2543/4198/1980 2699/4199/1537 3060/3871/1915 2870/4200/2185
f 2699/4199/1537 2464/4201/1536 2709/3872/1916 3060/3871/1915
f 2498/4194/1540 2621/4202/1981 3061/4203/2186 2759/4195/2183
f 2621/4202/1981 2543/4198/1980 2870/4200/2185 3061/4203/2186
f 2759/4195/2183 3061/4203/2186 3062/3869/1913 3254/4204/2187 3057/4192/2181
f 2760/3522/1581 2503/3521/1580 2710/3866/1910 3063/3865/1909
f 3064/3870/1914 3065/3529/1588 3251/3528/1587 3066/4205/2188
f 3062/3869/1913 3064/3870/1914 3066/4205/2188 3254/4204/2187
f 3051/3882/1926 3067/4183/2177 3068/3862/1906 3256/3878/1922
f 2671/4206/2189 3070/3842/1886 2868/4207/2190 2515/4208/2191
f 2472/4209/2192 2646/3843/1887 3070/3842/1886 2671/4206/2189
f 2593/4210/2193 3071/4211/2194 2762/4212/2195 2484/4213/2196
f 2515/4208/2191 2868/4207/2190 3071/4211/2194 2593/4210/2193
f 3069/3539/1598 3073/3542/1601 3074/3858/1902 3250/4214/2197
f 3076/3861/1905 3077/3854/1898 2761/3536/1595 3247/3535/1594 3078/4215/2198
f 3074/3858/1902 3076/3861/1905 3078/4215/2198 3250/4214/2197
f 2761/3536/1595 3077/3854/1898 2712/3857/1901 2504/3537/1596
f 2672/4216/2199 3079/4217/2200 2866/4218/2201 2516/4219/2202
f 2484/4213/2196 2762/4212/2195 3079/4217/2200 2672/4216/2199
f 2594/4220/2203 3080/3850/1894 2711/3853/1897 2471/4221/2204
f 2516/4219/2202 2866/4218/2201 3080/3850/1894 2594/4220/2203
f 2518/4222/2130 2674/4223/2132 3081/4224/2205 2863/4225/2206
f 2674/4223/2132 2485/4226/2135 2763/4227/2207 3081/4224/2205
f 2695/4228/2208 3082/4229/2209 2864/4230/2210 2539/4231/2211
f 2469/4232/2131 2596/4233/2127 3082/4229/2209 2695/4228/2208
f 2596/4233/2127 2518/4222/2130 2863/4225/2206 3082/4229/2209
f 2617/4234/2212 3083/4235/2213 2764/4236/2214 2496/4237/2215
f 2539/4231/2211 2864/4230/2210 3083/4235/2213 2617/4234/2212
f 2517/4238/2147 2673/4239/2148 3084/4240/2216 2862/4241/2217
f 2673/4239/2148 2473/4242/2111 2723/4243/2218 3084/4240/2216
f 2485/4226/2135 2595/4244/2144 3085/4245/2219 2763/4227/2207
f 2595/4244/2144 2517/4238/2147 2862/4241/2217 3085/4245/2219
f 2763/4227/2207 3085/4245/2219 3086/3846/1890 3246/4246/2220 3081/4224/2205
f 3095/4247/2221 3103/4248/2222 3087/3848/1892 3245/3847/1891
f 3088/3849/1893 3089/3541/1600 3243/3540/1599 3090/4249/2223
f 3086/3846/1890 3088/3849/1893 3090/4249/2223 3246/4246/2220
f 2696/4250/2224 3091/4251/2225 2861/4252/2226 2540/4253/2227
f 2496/4237/2215 2764/4236/2214 3091/4251/2225 2696/4250/2224
f 2618/4254/2228 3092/3841/1885 2646/3843/1887 2472/4209/2192
f 2540/4253/2227 2861/4252/2226 3092/3841/1885 2618/4254/2228
f 2542/4255/2110 2698/4256/2112 3093/4257/2229 2860/4258/2230
f 2698/4256/2112 2497/4259/2115 2765/4260/2231 3093/4257/2229
f 2473/4242/2111 2620/4261/2108 3094/4262/2232 2723/4243/2218
f 2620/4261/2108 2542/4255/2110 2860/4258/2230 3094/4262/2232
f 2723/4243/2218 3094/4262/2232 3095/4247/2221 3245/3847/1891 3084/4240/2216
f 2541/4263/2121 2697/4264/2122 3096/3837/1881 2858/4265/2233
f 2697/4264/2122 2465/4266/2123 2616/3838/1882 3096/3837/1881
f 2497/4259/2115 2619/4267/2118 3097/4268/2234 2765/4260/2231
f 2619/4267/2118 2541/4263/2121 2858/4265/2233 3097/4268/2234
f 2765/4260/2231 3097/4268/2234 3098/3835/1879 3242/4269/2235 3093/4257/2229
f 2766/3546/1605 2495/3545/1604 2615/3832/1876 3099/3831/1875
f 3100/3836/1880 3101/3553/1612 3239/3552/1611 3102/4270/2236
f 3098/3835/1879 3100/3836/1880 3102/4270/2236 3242/4269/2235
f 3087/3848/1892 3103/4248/2222 3104/3828/1872 3244/3844/1888
f 2618/4271/2228 3106/3808/1852 2856/4272/2237 2540/4273/2227
f 2472/4274/2192 2648/3809/1853 3106/3808/1852 2618/4271/2228
f 2696/4275/2224 3107/4276/2238 2768/4277/2239 2496/4278/2215
f 2540/4273/2227 2856/4272/2237 3107/4276/2238 2696/4275/2224
f 3105/3563/1622 3109/3566/1625 3110/3824/1868 3238/4279/2240
f 3112/3827/1871 3113/3820/1864 2767/3560/1619 3235/3559/1618 3114/4280/2241
f 3110/3824/1868 3112/3827/1871 3114/4280/2241 3238/4279/2240
f 2767/3560/1619 3113/3820/1864 2603/3823/1867 2489/3561/1620
f 2617/4281/2212 3115/4282/2242 2854/4283/2243 2539/4284/2211
f 2496/4278/2215 2768/4277/2239 3115/4282/2242 2617/4281/2212
f 2695/4285/2208 3116/3816/1860 2604/3819/1863 2469/4286/2131
f 2539/4284/2211 2854/4283/2243 3116/3816/1860 2695/4285/2208
f 2545/4287/1827 2623/4288/1644 3117/4289/2244 2851/4290/2245
f 2623/4288/1644 2499/4291/1643 2769/4292/2246 3117/4289/2244
f 2594/4293/2203 3118/4294/2247 2852/4295/2248 2516/4296/2202
f 2471/4297/2204 2701/4298/1828 3118/4294/2247 2594/4293/2203
f 2701/4298/1828 2545/4287/1827 2851/4290/2245 3118/4294/2247
f 2672/4299/2199 3119/4300/2249 2770/4301/2250 2484/4302/2196
f 2516/4296/2202 2852/4295/2248 3119/4300/2249 2672/4299/2199
f 2546/4303/1831 2624/4304/1640 3120/4305/2251 2850/4306/2252
f 2624/4304/1640 2475/4307/1639 2725/4308/2253 3120/4305/2251
f 2499/4291/1643 2702/4309/1832 3121/4310/2254 2769/4292/2246
f 2702/4309/1832 2546/4303/1831 2850/4306/2252 3121/4310/2254
f 2769/4292/2246 3121/4310/2254 3122/3812/1856 3234/4311/2255 3117/4289/2244
f 3131/4312/2256 3139/4313/2257 3123/3814/1858 3233/3813/1857
f 3124/3815/1859 3125/3565/1624 3231/3564/1623 3126/4314/2258
f 3122/3812/1856 3124/3815/1859 3126/4314/2258 3234/4311/2255
f 2593/4315/2193 3127/4316/2259 2849/4317/2260 2515/4318/2191
f 2484/4302/2196 2770/4301/2250 3127/4316/2259 2593/4315/2193
f 2671/4319/2189 3128/3807/1851 2648/3809/1853 2472/4274/2192
f 2515/4318/2191 2849/4317/2260 3128/3807/1851 2671/4319/2189
f 2521/4320/2040 2599/4321/1493 3129/4322/2261 2848/4323/2262
f 2599/4321/1493 2487/4324/1492 2771/4325/2263 3129/4322/2261
f 2475/4307/1639 2677/4326/2041 3130/4327/2264 2725/4308/2253
f 2677/4326/2041 2521/4320/2040 2848/4323/2262 3130/4327/2264
f 2725/4308/2253 3130/4327/2264 3131/4312/2256 3233/3813/1857 3120/4305/2251
f 2522/4328/2044 2600/4329/1489 3132/3803/1848 2846/4330/2265
f 2600/4329/1489 2470/4331/1480 2713/3804/1479 3132/3803/1848
f 2487/4324/1492 2678/4332/2045 3133/4333/2266 2771/4325/2263
f 2678/4332/2045 2522/4328/2044 2846/4330/2265 3133/4333/2266
f 2771/4325/2263 3133/4333/2266 3134/3800/1845 3230/4334/2267 3129/4322/2261
f 2772/3570/1628 2505/3569/1476 2714/3797/1475 3135/3796/1842
f 3136/3802/1847 3137/3577/1635 3227/3576/1634 3138/4335/2268
f 3134/3800/1845 3136/3802/1847 3138/4335/2268 3230/4334/2267
f 3123/3814/1858 3139/4313/2257 3140/3793/1839 3232/3810/1854
f 2634/4336/1593 3142/3771/1817 2843/4337/2269 2556/4338/1900
f 2480/4339/1592 2650/3772/1818 3142/3771/1817 2634/4336/1593
f 2712/4340/1901 3143/4341/2270 2774/4342/2271 2504/4343/1596
f 2556/4338/1900 2843/4337/2269 3143/4341/2270 2712/4340/1901
f 3141/3587/1645 3145/3590/1648 3146/3787/1833 3226/4344/2272
f 3148/3790/1836 3149/3783/1829 2773/3584/1642 3223/3583/1641 3150/4345/2273
f 3146/3787/1833 3148/3790/1836 3150/4345/2273 3226/4344/2272
f 2773/3584/1642 3149/3783/1829 2702/3786/1832 2499/3585/1643
f 2633/4346/1597 3151/4347/2274 2841/4348/2275 2555/4349/1896
f 2504/4343/1596 2774/4342/2271 3151/4347/2274 2633/4346/1597
f 2711/4350/1897 3152/3779/1825 2701/3782/1828 2471/4351/2204
f 2555/4349/1896 2841/4348/2275 3152/3779/1825 2711/4350/1897
f 2524/4352/1930 2680/4353/1573 3153/4354/2276 2838/4355/2277
f 2680/4353/1573 2488/4356/1572 2775/4357/2278 3153/4354/2276
f 2610/4358/1513 3154/4359/2279 2839/4360/2280 2532/4361/2014
f 2467/4362/1512 2602/4363/1931 3154/4359/2279 2610/4358/1513
f 2602/4363/1931 2524/4352/1930 2838/4355/2277 3154/4359/2279
f 2688/4364/2015 3155/4365/2281 2776/4366/2282 2492/4367/1516
f 2532/4361/2014 2839/4360/2280 3155/4365/2281 2688/4364/2015
f 2523/4368/1934 2679/4369/1569 3156/4370/2283 2837/4371/2284
f 2679/4369/1569 2476/4372/1568 2727/4373/2285 3156/4370/2283
f 2488/4356/1572 2601/4374/1935 3157/4375/2286 2775/4357/2278
f 2601/4374/1935 2523/4368/1934 2837/4371/2284 3157/4375/2286
f 2775/4357/2278 3157/4375/2286 3158/3775/1821 3222/4376/2287 3153/4354/2276
f 3167/4377/2288 3175/3791/1837 3159/3777/1823 3221/3776/1822
f 3160/3778/1824 3161/3589/1647 3219/3588/1646 3162/4378/2289
f 3158/3775/1821 3160/3778/1824 3162/4378/2289 3222/4376/2287
f 2609/4379/1517 3163/4380/2290 2836/4381/2291 2531/4382/2010
f 2492/4367/1516 2776/4366/2282 3163/4380/2290 2609/4379/1517
f 2687/4383/2011 3164/3770/1816 2650/3772/1818 2480/4339/1592
f 2531/4382/2010 2836/4381/2291 3164/3770/1816 2687/4383/2011
f 2548/4384/1993 2704/4385/1529 3165/4386/2292 2835/4387/2293
f 2704/4385/1529 2500/4388/1528 2777/4389/2294 3165/4386/2292
f 2476/4372/1568 2626/4390/1994 3166/4391/2295 2727/4373/2285
f 2626/4390/1994 2548/4384/1993 2835/4387/2293 3166/4391/2295
f 2727/4373/2285 3166/4391/2295 3167/4377/2288 3221/3776/1822 3156/4370/2283
f 2547/4392/1997 2703/4393/1525 3168/3766/1814 2833/4394/2296
f 2703/4393/1525 2466/4395/1524 2707/3767/1771 3168/3766/1814
f 2500/4388/1528 2625/4396/1998 3169/4397/2297 2777/4389/2294
f 2625/4396/1998 2547/4392/1997 2833/4394/2296 3169/4397/2297
f 2777/4389/2294 3169/4397/2297 3170/3764/1812 3218/4398/2298 3165/4386/2292
f 2778/3594/1652 2502/3593/1651 2708/3761/1783 3171/3760/1810
f 3172/3765/1813 3173/3601/1659 3215/3600/1658 3174/3792/1838
f 3170/3764/1812 3172/3765/1813 3174/3792/1838 3218/4398/2298
f 3159/3777/1823 3175/3791/1837 3176/3757/1807 3220/3773/1819
f 2828/3752/1802 3177/3755/1805 2830/3756/1806 2589/3753/1803
f 2565/3686/1736 2733/3635/1689 3177/3755/1805 2828/3752/1802
f 2733/3635/1689 2509/3634/1688 2779/3696/1746 3177/3755/1805
f 2685/4399/2005 3178/3751/1801 2829/3754/1804 2529/4400/2006
f 2479/4401/1584 2655/3687/1737 3178/3751/1801 2685/4399/2005
f 2655/3687/1737 2565/3686/1736 2828/3752/1802 3178/3751/1801
f 2607/4402/1519 3179/3747/1797 2782/3750/1800 2491/4403/1520
f 2529/4400/2006 2829/3754/1804 3179/3747/1797 2607/4402/1519
f 2829/3754/1804 2589/3753/1803 2827/3748/1798 3179/3747/1797
f 2661/3604/1662 3180/3742/1792 2662/3745/1795 2512/3605/1663
f 2822/3735/1785 3181/3738/1788 2824/3741/1791 2588/3736/1786
f 2572/3744/1794 2780/3610/1668 3181/3738/1788 2822/3735/1785
f 2780/3610/1668 2508/3609/1667 2730/3739/1789 3181/3738/1788
f 2663/3727/1777 3182/3734/1784 2823/3737/1787 2573/3728/1778
f 2512/3605/1663 2662/3745/1795 3182/3734/1784 2663/3727/1777
f 2662/3745/1795 2572/3744/1794 2822/3735/1785 3182/3734/1784
f 2781/3616/1672 3183/3730/1780 2708/3733/1783 2502/3617/1651
f 2573/3728/1778 2823/3737/1787 3183/3730/1780 2781/3616/1672
f 2823/3737/1787 2588/3736/1786 2821/3731/1781 3183/3730/1780
f 2818/3723/1773 3184/3726/1776 2820/3729/1779 2587/3724/1774
f 2574/3749/1799 2664/3606/1664 3184/3726/1776 2818/3723/1773
f 2664/3606/1664 2512/3605/1663 2663/3727/1777 3184/3726/1776
f 2686/4404/2000 3185/3722/1772 2819/3725/1775 2530/4405/2001
f 2491/4403/1520 2782/3750/1800 3185/3722/1772 2686/4404/2000
f 2782/3750/1800 2574/3749/1799 2818/3723/1773 3185/3722/1772
f 2608/4406/1523 3186/3718/1768 2707/3721/1771 2466/4407/1524
f 2530/4405/2001 2819/3725/1775 3186/3718/1768 2608/4406/1523
f 2819/3725/1775 2587/3724/1774 2817/3719/1769 3186/3718/1768
f 2814/3711/1761 3187/3714/1764 2816/3717/1767 2586/3712/1762
f 2536/4408/1984 2692/4409/1983 3187/3714/1764 2814/3711/1761
f 2692/4409/1983 2494/4410/1532 2783/3715/1765 3187/3714/1764
f 2709/4411/1916 3188/3710/1760 2815/3713/1763 2553/4412/1917
f 2464/4413/1536 2614/4414/1535 3188/3710/1760 2709/4411/1916
f 2614/4414/1535 2536/4408/1984 2814/3711/1761 3188/3710/1760
f 2631/4415/1579 3189/3706/1756 2785/3709/1759 2503/4416/1580
f 2553/4412/1917 2815/3713/1763 3189/3706/1756 2631/4415/1579
f 2815/3713/1763 2586/3712/1762 2813/3707/1757 3189/3706/1756
f 2810/3699/1749 3190/3702/1752 2812/3705/1755 2585/3700/1750
f 2535/4417/1989 2691/4418/1988 3190/3702/1752 2810/3699/1749
f 2691/4418/1988 2482/4419/1560 2731/3703/1753 3190/3702/1752
f 2783/3715/1765 3191/3698/1748 2811/3701/1751 2575/3716/1766
f 2494/4410/1532 2613/4420/1531 3191/3698/1748 2783/3715/1765
f 2613/4420/1531 2535/4417/1989 2810/3699/1749 3191/3698/1748
f 2575/3716/1766 2811/3701/1751 3192/3697/1747 2665/3620/1674
f 2811/3701/1751 2585/3700/1750 2809/3626/1680 3192/3697/1747
f 2804/3689/1739 3193/3692/1742 2806/3695/1745 2584/3690/1740
f 2577/3708/1758 2667/3622/1676 3193/3692/1742 2804/3689/1739
f 2667/3622/1676 2513/3621/1675 2666/3693/1743 3193/3692/1742
f 2710/4421/1910 3194/3688/1738 2805/3691/1741 2554/4422/1911
f 2503/4416/1580 2785/3709/1759 3194/3688/1738 2710/4421/1910
f 2785/3709/1759 2577/3708/1758 2804/3689/1739 3194/3688/1738
f 2632/4423/1583 3195/3684/1734 2655/3687/1737 2479/4401/1584
f 2554/4422/1911 2805/3691/1741 3195/3684/1734 2632/4423/1583
f 2805/3691/1741 2584/3690/1740 2803/3685/1735 3195/3684/1734
f 2800/3677/1727 3196/3680/1730 2802/3683/1733 2583/3678/1728
f 2560/4424/1945 2716/4425/1944 3196/3680/1730 2800/3677/1727
f 2716/4425/1944 2506/4426/1556 2786/3681/1731 3196/3680/1730
f 2731/3703/1753 3197/3676/1726 2801/3679/1729 2564/3704/1754
f 2482/4419/1560 2638/4427/1559 3197/3676/1726 2731/3703/1753
f 2638/4427/1559 2560/4424/1945 2800/3677/1727 3197/3676/1726
f 2732/3624/1678 2653/3623/1677 3198/4428/2299 2799/4429/2300 2790/3649/1701
f 2564/3704/1754 2801/3679/1729 3198/4428/2299 2653/3623/1677
f 2801/3679/1729 2583/3678/1728 2799/4429/2300 3198/4428/2299
f 2796/3669/1720 3199/3672/1723 2798/3675/1725 2582/3670/1721
f 2559/4430/1951 2715/4431/1950 3199/3672/1723 2796/3669/1720
f 2715/4431/1950 2468/4432/1500 2612/3673/1499 3199/3672/1723
f 2786/3681/1731 3200/3668/1719 2797/3671/1722 2578/3682/1732
f 2506/4426/1556 2637/4433/1555 3200/3668/1719 2786/3681/1731
f 2637/4433/1555 2559/4430/1951 2796/3669/1720 3200/3668/1719
f 2668/4434/2301 3201/3664/1715 2669/3667/1718 2514/4435/2302
f 2578/3682/1732 2797/3671/1722 3201/3664/1715 2668/4434/2301
f 2797/3671/1722 2582/3670/1721 2795/3665/1716 3201/3664/1715
f 2792/3657/1709 3202/3660/1712 2794/3663/1714 2581/3658/1710
f 2579/3666/1717 2787/3639/1692 3202/3660/1712 2792/3657/1709
f 2787/3639/1692 2493/3638/1496 2611/3661/1495 3202/3660/1712
f 2670/3651/1703 3203/3656/1708 2793/3659/1711 2580/3650/1702
f 2514/4435/2302 2669/3667/1718 3203/3656/1708 2670/3651/1703
f 2669/3667/1718 2579/3666/1717 2792/3657/1709 3203/3656/1708
f 2788/3648/1700 3204/3652/1704 2656/3655/1707 2510/3644/1696
f 2580/3650/1702 2793/3659/1711 3204/3652/1704 2788/3648/1700
f 2793/3659/1711 2581/3658/1710 2791/3653/1705 3204/3652/1704
f 2799/4429/2300 3207/4436/2303 2668/4434/2301 2514/4435/2302 2670/3651/1703 2790/3649/1701
f 2791/3653/1705 3205/3640/1693 2734/3643/1695 2566/3654/1706
f 2581/3658/1710 2794/3663/1714 3205/3640/1693 2791/3653/1705
f 2794/3663/1714 2533/3662/1713 2689/3641/1694 3205/3640/1693
f 2795/3665/1716 3206/3636/1690 2787/3639/1692 2579/3666/1717
f 2582/3670/1721 2798/3675/1725 3206/3636/1690 2795/3665/1716
f 2798/3675/1725 2534/3674/1724 2690/3637/1691 3206/3636/1690
f 2583/3678/1728 2802/3683/1733 3207/4436/2303 2799/4429/2300
f 2802/3683/1733 2578/3682/1732 2668/4434/2301 3207/4436/2303
f 2803/3685/1735 3208/3632/1686 2733/3635/1689 2565/3686/1736
f 2584/3690/1740 2806/3695/1745 3208/3632/1686 2803/3685/1735
f 2806/3695/1745 2576/3694/1744 2784/3633/1687 3208/3632/1686
f 2585/3700/1750 2812/3705/1755 3209/3627/1681 2809/3626/1680
f 2812/3705/1755 2564/3704/1754 2653/3623/1677 3209/3627/1681
f 2813/3707/1757 3210/3619/1673 2667/3622/1676 2577/3708/1758
f 2586/3712/1762 2816/3717/1767 3210/3619/1673 2813/3707/1757
f 2816/3717/1767 2575/3716/1766 2665/3620/1674 3210/3619/1673
f 2817/3719/1769 3211/3615/1671 2629/3618/1650 2551/3720/1770
f 2587/3724/1774 2820/3729/1779 3211/3615/1671 2817/3719/1769
f 2820/3729/1779 2573/3728/1778 2781/3616/1672 3211/3615/1671
f 2821/3731/1781 3212/3611/1669 2630/3614/1654 2552/3732/1782
f 2588/3736/1786 2824/3741/1791 3212/3611/1669 2821/3731/1781
f 2824/3741/1791 2563/3740/1790 2652/3612/1670 3212/3611/1669
f 2825/3743/1793 3213/3607/1665 2780/3610/1668 2572/3744/1794
f 2827/3748/1798 3214/3603/1661 2664/3606/1664 2574/3749/1799
f 2589/3753/1803 2830/3756/1806 3214/3603/1661 2827/3748/1798
f 2830/3756/1806 2571/3746/1796 2661/3604/1662 3214/3603/1661
f 2831/4437/2304 3174/3792/1838 3175/3791/1837
f 3171/3760/1810 2832/3763/1811 3216/3595/1653 3173/3601/1659 3172/3765/1813
f 2832/3763/1811 2552/3762/1782 2630/3596/1654 3216/3595/1653
f 2833/4394/2296 3168/3766/1814 2834/3769/1815 3217/3591/1649 3170/3764/1812 3169/4397/2297
f 2834/3769/1815 2551/3768/1770 2629/3592/1650 3217/3591/1649
f 2831/4437/2304 3175/3791/1837 3167/4377/2288 3218/4398/2298 3174/3792/1838
f 2835/4387/2293 3165/4386/2292 3218/4398/2298 3167/4377/2288 3166/4391/2295
f 3162/4378/2289 3219/3588/1646 3164/3770/1816 2836/4381/2291 3163/4380/2290
f 3159/3777/1823 3220/3773/1819 3161/3589/1647 3160/3778/1824
f 2837/4371/2284 3156/4370/2283 3221/3776/1822 3158/3775/1821 3157/4375/2286
f 3162/4378/2289 3163/4380/2290 2776/4366/2282 3155/4365/2281 3222/4376/2287
f 2838/4355/2277 3153/4354/2276 3222/4376/2287 3155/4365/2281 2839/4360/2280 3154/4359/2279
f 2840/3780/1826 3223/3583/1641 2623/3586/1644 2545/3781/1827
f 3150/4345/2273 3223/3583/1641 2840/3780/1826 3152/3779/1825 2841/4348/2275 3151/4347/2274
f 2842/3784/1830 3224/3579/1637 2624/3582/1640 2546/3785/1831
f 3147/3789/1835 3224/3579/1637 2842/3784/1830 3149/3783/1829 3148/3790/1836
f 3144/3774/1820 3225/3788/1834 3146/3787/1833 3145/3590/1648
f 3150/4345/2273 3151/4347/2274 2774/4342/2271 3143/4341/2270 3226/4344/2272
f 3141/3587/1645 3226/4344/2272 3143/4341/2270 2843/4337/2269 3142/3771/1817
f 3138/4335/2268 3227/3576/1634 3140/3793/1839 3139/4313/2257
f 2844/3801/1846 3135/3796/1842 2845/3799/1844 3228/3571/1629 3137/3577/1635 3136/3802/1847
f 2845/3799/1844 2558/3798/1843 2636/3572/1630 3228/3571/1629
f 2846/4330/2265 3132/3803/1848 2847/3806/1850 3229/3567/1626 3134/3800/1845 3133/4333/2266
f 2847/3806/1850 2557/3805/1849 2635/3568/1627 3229/3567/1626
f 3138/4335/2268 3139/4313/2257 3131/4312/2256 3230/4334/2267
f 2848/4323/2262 3129/4322/2261 3230/4334/2267 3131/4312/2256 3130/4327/2264
f 3126/4314/2258 3231/3564/1623 3128/3807/1851 2849/4317/2260 3127/4316/2259
f 3123/3814/1858 3232/3810/1854 3125/3565/1624 3124/3815/1859
f 2850/4306/2252 3120/4305/2251 3233/3813/1857 3122/3812/1856 3121/4310/2254
f 3126/4314/2258 3127/4316/2259 2770/4301/2250 3119/4300/2249 3234/4311/2255
f 2851/4290/2245 3117/4289/2244 3234/4311/2255 3119/4300/2249 2852/4295/2248 3118/4294/2247
f 2853/3817/1861 3235/3559/1618 2682/3562/1621 2526/3818/1862
f 3114/4280/2241 3235/3559/1618 2853/3817/1861 3116/3816/1860 2854/4283/2243 3115/4282/2242
f 2855/3821/1865 3236/3555/1614 2681/3558/1617 2525/3822/1866
f 3111/3826/1870 3236/3555/1614 2855/3821/1865 3113/3820/1864 3112/3827/1871
f 3108/3811/1855 3237/3825/1869 3110/3824/1868 3109/3566/1625
f 3114/4280/2241 3115/4282/2242 2768/4277/2239 3107/4276/2238 3238/4279/2240
f 3105/3563/1622 3238/4279/2240 3107/4276/2238 2856/4272/2237 3106/3808/1852
f 3102/4270/2236 3239/3552/1611 3104/3828/1872 3103/4248/2222
f 3099/3831/1875 2857/3834/1878 3240/3547/1606 3101/3553/1612 3100/3836/1880
f 2857/3834/1878 2537/3833/1877 2693/3548/1607 3240/3547/1606
f 2858/4265/2233 3096/3837/1881 2859/3840/1884 3241/3543/1602 3098/3835/1879 3097/4268/2234
f 2859/3840/1884 2538/3839/1883 2694/3544/1603 3241/3543/1602
f 3102/4270/2236 3103/4248/2222 3095/4247/2221 3242/4269/2235
f 2860/4258/2230 3093/4257/2229 3242/4269/2235 3095/4247/2221 3094/4262/2232
f 3090/4249/2223 3243/3540/1599 3092/3841/1885 2861/4252/2226 3091/4251/2225
f 3087/3848/1892 3244/3844/1888 3089/3541/1600 3088/3849/1893
f 2862/4241/2217 3084/4240/2216 3245/3847/1891 3086/3846/1890 3085/4245/2219
f 3090/4249/2223 3091/4251/2225 2764/4236/2214 3083/4235/2213 3246/4246/2220
f 2863/4225/2206 3081/4224/2205 3246/4246/2220 3083/4235/2213 2864/4230/2210 3082/4229/2209
f 2865/3851/1895 3247/3535/1594 2633/3538/1597 2555/3852/1896
f 3078/4215/2198 3247/3535/1594 2865/3851/1895 3080/3850/1894 2866/4218/2201 3079/4217/2200
f 2867/3855/1899 3248/3531/1590 2634/3534/1593 2556/3856/1900
f 3075/3860/1904 3248/3531/1590 2867/3855/1899 3077/3854/1898 3076/3861/1905
f 3072/3845/1889 3249/3859/1903 3074/3858/1902 3073/3542/1601
f 3078/4215/2198 3079/4217/2200 2762/4212/2195 3071/4211/2194 3250/4214/2197
f 3069/3539/1598 3250/4214/2197 3071/4211/2194 2868/4207/2190 3070/3842/1886
f 3066/4205/2188 3251/3528/1587 3068/3862/1906 3067/4183/2177
f 3063/3865/1909 2869/3868/1912 3252/3523/1582 3065/3529/1588 3064/3870/1914
f 2869/3868/1912 2554/3867/1911 2632/3524/1583 3252/3523/1582
f 2870/4200/2185 3060/3871/1915 2871/3874/1918 3253/3519/1578 3062/3869/1913 3061/4203/2186
f 2871/3874/1918 2553/3873/1917 2631/3520/1579 3253/3519/1578
f 3066/4205/2188 3067/4183/2177 3059/4182/2176 3254/4204/2187
f 2872/4193/2182 3057/4192/2181 3254/4204/2187 3059/4182/2176 3058/4197/2184
f 3054/4184/2178 3255/3516/1575 3056/3875/1919 2873/4187/2180 3055/4186/2179
f 3051/3882/1926 3256/3878/1922 3053/3517/1576 3052/3883/1927
f 2874/4176/2172 3048/4175/2171 3257/3881/1925 3050/3880/1924 3049/4180/2174
f 3054/4184/2178 3055/4186/2179 2758/4171/2170 3047/4170/2169 3258/4181/2175
f 2875/4160/2165 3045/4159/2164 3258/4181/2175 3047/4170/2169 2876/4165/2168 3046/4164/2167
f 2877/3885/1929 3259/3511/1570 2680/3514/1573 2524/3886/1930
f 3042/4150/2161 3259/3511/1570 2877/3885/1929 3044/3884/1928 2878/4153/2163 3043/4152/2162
f 2879/3889/1933 3260/3507/1566 2679/3510/1569 2523/3890/1934
f 3039/3894/1938 3260/3507/1566 2879/3889/1933 3041/3888/1932 3040/3895/1939
f 3036/3879/1923 3261/3893/1937 3038/3892/1936 3037/3518/1577
f 3042/4150/2161 3043/4152/2162 2756/4147/2159 3035/4146/2158 3262/4149/2160
f 3033/3515/1574 3262/4149/2160 3035/4146/2158 2880/4142/2157 3034/3876/1920
f 3030/4140/2156 3263/3504/1563 3032/3896/1940 3031/4118/2142
f 3027/3899/1943 2881/3902/1946 3264/3499/1558 3029/3505/1564 3028/3904/1948
f 2881/3902/1946 2560/3901/1945 2638/3500/1559 3264/3499/1558
f 2882/4135/2153 3024/3905/1949 2883/3908/1952 3265/3495/1554 3026/3903/1947 3025/4138/2154
f 2883/3908/1952 2559/3907/1951 2637/3496/1555 3265/3495/1554
f 3030/4140/2156 3031/4118/2142 3023/4117/2141 3266/4139/2155
f 2884/4128/2150 3021/4127/2149 3266/4139/2155 3023/4117/2141 3022/4132/2152
f 3018/4119/2143 3267/3492/1551 3020/3909/1953 2885/4122/2146 3019/4121/2145
f 3015/3916/1960 3268/3912/1956 3017/3493/1552 3016/3917/1961
f 2886/4111/2137 3012/4110/2136 3269/3915/1959 3014/3914/1958 3013/4115/2139
f 3018/4119/2143 3019/4121/2145 2752/4106/2134 3011/4105/2133 3270/4116/2140
f 2887/4095/2125 3009/4094/2124 3270/4116/2140 3011/4105/2133 2888/4100/2129 3010/4099/2128
f 2889/3919/1963 3271/3487/1546 2676/3490/1549 2520/3920/1964
f 3006/4085/2117 3271/3487/1546 2889/3919/1963 3008/3918/1962 2890/4088/2120 3007/4087/2119
f 2891/3923/1967 3272/3483/1542 2675/3486/1545 2519/3924/1968
f 3003/3928/1972 3272/3483/1542 2891/3923/1967 3005/3922/1966 3004/3929/1973
f 3000/3913/1957 3273/3927/1971 3002/3926/1970 3001/3494/1553
f 3006/4085/2117 3007/4087/2119 2750/4082/2114 2999/4081/2113 3274/4084/2116
f 2997/3491/1550 3274/4084/2116 2999/4081/2113 2892/4077/2109 2998/3910/1954
f 2893/3931/1975 3275/3479/1538 2700/3482/1541 2544/3932/1976
f 2994/4074/2106 3275/3479/1538 2893/3931/1975 2996/3930/1974 2995/4075/2107
f 2894/3935/1979 3276/3475/1534 2699/3478/1537 2543/3936/1980
f 2991/3938/1982 2895/3941/1985 3276/3475/1534 2894/3935/1979 2993/3934/1978 2992/3943/1987
f 2895/3941/1985 2536/3940/1984 2614/3476/1535 3276/3475/1534
f 2988/3898/1942 2896/3946/1990 3277/3471/1530 2990/3942/1986 2989/3506/1565
f 2896/3946/1990 2535/3945/1989 2613/3472/1531 3277/3471/1530
f 2994/4074/2106 2995/4075/2107 2987/4072/2104 3278/4073/2105
f 2985/3503/1562 3278/4073/2105 2987/4072/2104 2986/3897/1941
f 2897/3948/1992 3279/3467/1526 2704/3470/1529 2548/3949/1993
f 2982/4070/2102 3279/3467/1526 2897/3948/1992 2984/3947/1991 2983/4071/2103
f 2898/3952/1996 3280/3463/1522 2703/3466/1525 2547/3953/1997
f 2979/3955/1999 2899/3958/2002 3280/3463/1522 2898/3952/1996 2981/3951/1995 2980/3960/2004
f 2899/3958/2002 2530/3957/2001 2608/3464/1523 3280/3463/1522
f 2976/3864/1908 2900/3963/2007 3281/3459/1518 2978/3959/2003 2977/3530/1589
f 2900/3963/2007 2529/3962/2006 2607/3460/1519 3281/3459/1518
f 2982/4070/2102 2983/4071/2103 2975/4068/2100 3282/4069/2101
f 2973/3527/1586 3282/4069/2101 2975/4068/2100 2974/3863/1907
f 2901/3965/2009 3283/3455/1514 2609/3458/1517 2531/3966/2010
f 2970/4066/2098 3283/3455/1514 2901/3965/2009 2972/3964/2008 2971/4067/2099
f 2902/3969/2013 3284/3451/1510 2610/3454/1513 2532/3970/2014
f 2967/3972/2016 2903/3975/2019 3284/3451/1510 2902/3969/2013 2969/3968/2012 2968/3977/2021
f 2903/3975/2019 2561/3974/2018 2717/3452/1511 3284/3451/1510
f 2964/3830/1874 2904/3980/2024 3285/3447/1506 2966/3976/2020 2965/3554/1613
f 2904/3980/2024 2562/3979/2023 2718/3448/1507 3285/3447/1506
f 2970/4066/2098 2971/4067/2099 2963/4064/2096 3286/4065/2097
f 2961/3551/1610 3286/4065/2097 2963/4064/2096 2962/3829/1873
f 2905/3982/2026 3287/3443/1502 2706/3446/1505 2550/3983/2027
f 2958/4062/2094 3287/3443/1502 2905/3982/2026 2960/3981/2025 2959/4063/2095
f 2906/3986/2030 3288/3439/1498 2705/3442/1501 2549/3987/2031
f 2955/3989/2033 2907/3992/2034 3288/3439/1498 2906/3986/2030 2957/3985/2029 2956/3994/2036
f 2907/3992/2034 2534/3991/1724 2612/3440/1499 3288/3439/1498
f 2952/3795/1841 2908/3997/2037 3289/3435/1494 2954/3993/2035 2953/3578/1636
f 2908/3997/2037 2533/3996/1713 2611/3436/1495 3289/3435/1494
f 2958/4062/2094 2959/4063/2095 2951/4060/2092 3290/4061/2093
f 2949/3575/1633 3290/4061/2093 2951/4060/2092 2950/3794/1840
f 2909/3999/2039 3291/3431/1490 2599/3434/1493 2521/4000/2040
f 2946/4058/2090 3291/3431/1490 2909/3999/2039 2948/3998/2038 2947/4059/2091
f 2910/4003/2043 3292/3427/1488 2600/3430/1489 2522/4004/2044
f 2943/4006/2046 2911/4009/2049 3292/3427/1488 2910/4003/2043 2945/4002/2042 2944/4011/2051
f 2911/4009/2049 2528/4008/2048 2606/3428/1481 3292/3427/1488
f 2940/3759/1809 2912/4014/2054 3293/3423/1486 2942/4010/2050 2941/3602/1660
f 2912/4014/2054 2527/4013/2053 2605/3424/1485 3293/3423/1486
f 2946/4058/2090 2947/4059/2091 2939/4056/2088 3294/4057/2089
f 2937/3599/1657 3294/4057/2089 2939/4056/2088 2938/3758/1808
f 2913/4016/2056 3295/3419/1482 2605/3422/1485 2527/4017/2053
f 2590/4021/2059 2916/4026/2064 3295/3419/1482 2913/4016/2056
f 2916/4026/2064 2569/4025/2063 2737/3420/1483 3295/3419/1482
f 2917/4028/2066 3296/3415/1478 2606/3418/1481 2528/4029/2048
f 2591/4033/2069 2920/4038/2072 3296/3415/1478 2917/4028/2066
f 2920/4038/2072 2557/4037/1849 2713/3416/1479 3296/3415/1478
f 2921/4040/2074 3297/3411/1474 2736/3414/1477 2568/4041/2075
f 2592/4045/2079 2924/4050/2082 3297/3411/1474 2921/4040/2074
f 2924/4050/2082 2558/4049/1843 2714/3412/1475 3297/3411/1474
f 2925/4052/2084 3298/3407/1470 2660/3410/1473 2570/4053/2085
o canaleta-1m
v 0.720000 0.101467 -2.750000
v 0.720000 0.109186 -2.742281
v 0.720000 0.009186 -2.742281
v 0.720000 0.016905 -2.750000
v 0.720000 0.109186 -2.657719
v 0.720000 0.101467 -2.650000
v 0.720000 0.016905 -2.650000
v 0.720000 0.009186 -2.657719
v -0.280000 0.016905 -2.750000
v -0.280000 0.009186 -2.742281
v -0.280000 0.101467 -2.650000
v -0.280000 0.109186 -2.657719
v -0.280000 0.009186 -2.657719
v -0.280000 0.016905 -2.650000
v -0.280000 0.109186 -2.742281
v -0.280000 0.101467 -2.750000
vt 0.068118 0.424406
vt 0.053371 0.424406
vt 0.053371 0.250016
vt 0.068118 0.250016
vt 0.035581 0.424422
vt 0.035581 0.250032
vt 0.050328 0.250032
vt 0.050328 0.424423
vt 0.014747 0.250065
vt 0.014747 0.424455
vt 0.000000 0.424455
vt 0.000000 0.250065
vt 0.071162 0.250000
vt 0.071162 0.424390
vt 0.032537 0.424439
vt 0.032537 0.250049
vt 0.017791 0.250049
vt 0.017790 0.424439
vn 0.0000 0.0000 1.0000
vn 0.0000 1.0000 0.0000
vn 0.0000 -1.0000 0.0000
vn 0.0000 -0.7071 0.7071
vn 0.0000 0.7071 -0.7071
vn 0.0000 -0.7071 -0.7071
vn 0.0000 0.7071 0.7071
vn 0.0000 0.0000 -1.0000
usemtl hiper-atlas
s off
f 3305/4438/2305 3304/4439/2305 3309/4440/2305 3312/4441/2305
f 3300/4442/2306 3313/4443/2306 3310/4444/2306 3303/4445/2306
f 3308/4446/2307 3301/4447/2307 3306/4448/2307 3311/4449/2307
f 3311/4450/2308 3306/4451/2308 3305/4438/2308 3312/4441/2308
f 3313/4443/2309 3300/4442/2309 3299/4452/2309 3314/4453/2309
f 3301/4447/2310 3308/4446/2310 3307/4454/2310 3302/4455/2310
f 3303/4445/2311 3310/4444/2311 3309/4440/2311 3304/4439/2311
f 3307/4454/2312 3314/4453/2312 3299/4452/2312 3302/4455/2312
o canaleta-2m
v 1.000000 0.101467 -3.050000
v 1.000000 0.109186 -3.042281
v 1.000000 0.009186 -3.042281
v 1.000000 0.016905 -3.050000
v 1.000000 0.109186 -2.957719
v 1.000000 0.101467 -2.950000
v 1.000000 0.016905 -2.950000
v 1.000000 0.009186 -2.957719
v -1.000000 0.109186 -3.042281
v -1.000000 0.101467 -3.050000
v -1.000000 0.016905 -3.050000
v -1.000000 0.009186 -3.042281
v -1.000000 0.101467 -2.950000
v -1.000000 0.109186 -2.957719
v -1.000000 0.009186 -2.957719
v -1.000000 0.016905 -2.950000
vt 0.059856 0.422959
vt 0.059857 0.250000
vt 0.072726 0.250000
vt 0.072726 0.422959
vt 0.005312 0.250050
vt 0.018181 0.250050
vt 0.018182 0.423009
vt 0.005312 0.423009
vt 0.036363 0.250033
vt 0.036363 0.422992
vt 0.023494 0.422992
vt 0.023493 0.250033
vt 0.054544 0.422976
vt 0.054544 0.250017
vt 0.000000 0.423025
vt 0.000000 0.250066
vt 0.041675 0.250017
vt 0.041675 0.422976
vn 0.0000 -1.0000 0.0000
vn 0.0000 0.0000 1.0000
vn 0.0000 1.0000 0.0000
vn 0.0000 -0.7071 -0.7071
vn 0.0000 0.7071 0.7071
vn 0.0000 -0.7071 0.7071
vn 0.0000 0.7071 -0.7071
vn 0.0000 0.0000 -1.0000
usemtl hiper-atlas
s off
f 3326/4456/2313 3317/4457/2313 3322/4458/2313 3329/4459/2313
f 3321/4460/2314 3320/4461/2314 3327/4462/2314 3330/4463/2314
f 3316/4464/2315 3323/4465/2315 3328/4466/2315 3319/4467/2315
f 3317/4457/2316 3326/4456/2316 3325/4468/2316 3318/4469/2316
f 3319/4467/2317 3328/4466/2317 3327/4462/2317 3320/4461/2317
f 3329/4470/2318 3322/4471/2318 3321/4460/2318 3330/4463/2318
f 3323/4465/2319 3316/4464/2319 3315/4472/2319 3324/4473/2319
f 3325/4468/2320 3324/4473/2320 3315/4472/2320 3318/4469/2320
o canaleta-cruz
v -0.290000 0.284100 -2.742281
v -0.290000 0.291820 -2.750000
v -0.290000 0.291820 -2.650000
v -0.290000 0.284100 -2.657719
v -0.790000 0.291820 -2.750000
v -0.790000 0.284100 -2.742281
v -0.790000 0.284100 -2.657719
v -0.790000 0.291820 -2.650000
v -0.590000 0.084100 -2.742281
v -0.582281 0.084100 -2.750000
v -0.490000 0.084100 -2.657719
v -0.497719 0.084100 -2.650000
v -0.582281 0.084100 -2.650000
v -0.590000 0.084100 -2.657719
v -0.497719 0.084100 -2.750000
v -0.490000 0.084100 -2.742281
v -0.496612 0.290922 -2.650000
v -0.488957 0.283250 -2.657719
v -0.489221 0.283399 -2.742281
v -0.496935 0.291105 -2.750000
v -0.590980 0.283278 -2.657719
v -0.583355 0.290994 -2.650000
v -0.582616 0.290625 -2.750000
v -0.590378 0.282978 -2.742281
v -0.290000 0.384047 -2.742281
v -0.290000 0.376328 -2.750000
v -0.290000 0.376328 -2.650000
v -0.290000 0.384047 -2.657719
v -0.790000 0.376327 -2.750000
v -0.790000 0.384047 -2.742281
v -0.790000 0.384047 -2.657719
v -0.790000 0.376328 -2.650000
v -0.590000 0.584047 -2.742281
v -0.582281 0.584047 -2.750000
v -0.490000 0.584047 -2.657719
v -0.497719 0.584047 -2.650000
v -0.582281 0.584047 -2.650000
v -0.590000 0.584047 -2.657719
v -0.497719 0.584047 -2.750000
v -0.490000 0.584047 -2.742281
v -0.496612 0.377225 -2.650000
v -0.488957 0.384897 -2.657719
v -0.489221 0.384748 -2.742281
v -0.496935 0.377042 -2.750000
v -0.590980 0.384869 -2.657719
v -0.583355 0.377153 -2.650000
v -0.582616 0.377522 -2.750000
v -0.590378 0.385170 -2.742281
vt 0.093206 0.403854
vt 0.093206 0.352051
vt 0.115150 0.352207
vt 0.115150 0.403854
vt 0.074429 0.250218
vt 0.074247 0.295916
vt 0.055558 0.295916
vt 0.055376 0.250218
vt 0.049178 0.353388
vt 0.027234 0.353456
vt 0.027234 0.301758
vt 0.049178 0.301758
vt 0.093206 0.454551
vt 0.093206 0.402832
vt 0.115150 0.402870
vt 0.115150 0.454551
vt 0.002635 0.340852
vt 0.021335 0.340852
vt 0.021579 0.386589
vt 0.002397 0.386605
vt 0.074323 0.433391
vt 0.055376 0.433498
vt 0.055546 0.387721
vt 0.074246 0.387720
vt 0.049232 0.301687
vt 0.027289 0.301687
vt 0.027288 0.250000
vt 0.049232 0.250078
vt 0.023895 0.251696
vt 0.023706 0.295694
vt 0.021291 0.295690
vt 0.021490 0.250000
vt 0.077034 0.343517
vt 0.076784 0.387662
vt 0.074370 0.387658
vt 0.074634 0.341797
vt 0.023749 0.340849
vt 0.023981 0.384889
vt 0.023671 0.386184
vt 0.023825 0.430240
vt 0.021415 0.431948
vt 0.021257 0.386186
vt 0.053144 0.295919
vt 0.052964 0.251907
vt 0.052964 0.431792
vt 0.053132 0.387718
vt 0.076660 0.387718
vt 0.076743 0.431699
vt 0.000000 0.384895
vt 0.000220 0.340849
vt 0.118038 0.293182
vt 0.118038 0.271958
vt 0.139198 0.271839
vt 0.139198 0.293300
vt 0.055682 0.387658
vt 0.055417 0.341797
vt 0.002603 0.295690
vt 0.002405 0.250000
vt 0.139198 0.250000
vt 0.139198 0.271314
vt 0.117775 0.271297
vt 0.117775 0.250018
vt 0.027288 0.250000
vt 0.049232 0.250000
vt 0.049232 0.301646
vt 0.027288 0.301803
vt 0.115150 0.300849
vt 0.115150 0.352480
vt 0.093206 0.352480
vt 0.093206 0.300781
vt 0.027288 0.353516
vt 0.049232 0.353516
vt 0.049232 0.405196
vt 0.027288 0.405234
vt 0.021346 0.295121
vt 0.021584 0.340874
vt 0.002401 0.340858
vt 0.002646 0.295121
vt 0.055384 0.341710
vt 0.055461 0.296038
vt 0.074161 0.296039
vt 0.074332 0.341817
vt 0.114662 0.250000
vt 0.114662 0.301609
vt 0.092718 0.301687
vt 0.092718 0.250000
vt 0.000000 0.251696
vt 0.000189 0.295694
vt 0.053017 0.343517
vt 0.053267 0.387662
vt 0.000232 0.295118
vt 0.000000 0.339158
vt 0.000154 0.386184
vt 0.002568 0.386186
vt 0.002410 0.431948
vt 0.000000 0.430240
vt 0.076661 0.295919
vt 0.076841 0.251907
vt 0.076743 0.340110
vt 0.076575 0.296037
vt 0.053047 0.296037
vt 0.052964 0.340017
vt 0.023981 0.339164
vt 0.023760 0.295118
vn -0.0049 -1.0000 0.0018
vn -0.0000 0.0000 1.0000
vn 0.0039 -1.0000 -0.0009
vn 1.0000 -0.0046 -0.0016
vn 0.0000 0.0000 -1.0000
vn -1.0000 -0.0034 -0.0036
vn 0.0030 -0.7074 0.7068
vn -0.0040 -0.7077 -0.7065
vn 0.7077 -0.0037 0.7065
vn 0.0025 -0.7068 -0.7074
vn -0.0029 -0.7065 0.7078
vn 0.7065 -0.0027 -0.7077
vn -0.7058 -0.0012 -0.7084
vn -0.7084 -0.0036 0.7059
vn -0.0049 1.0000 0.0018
vn 0.0039 1.0000 -0.0009
vn 1.0000 0.0046 -0.0016
vn -1.0000 0.0034 -0.0036
vn 0.0030 0.7074 0.7068
vn -0.0040 0.7077 -0.7065
vn 0.7077 0.0037 0.7065
vn 0.0025 0.7068 -0.7074
vn -0.0029 0.7065 0.7078
vn 0.7065 0.0027 -0.7077
vn -0.7058 0.0012 -0.7084
vn -0.7084 0.0036 0.7059
usemtl hiper-atlas
s off
f 3336/4474/2321 3354/4475/2321 3351/4476/2321 3337/4477/2321
f 3376/4478/2322 3362/4479/2322 3338/4480/2322 3352/4481/2322
f 3348/4482/2323 3349/4483/2323 3331/4484/2323 3334/4485/2323
f 3346/4486/2324 3349/4487/2324 3348/4488/2324 3341/4489/2324
f 3343/4490/2322 3342/4491/2322 3347/4492/2322 3352/4493/2322
f 3353/4494/2325 3350/4495/2325 3345/4496/2325 3340/4497/2325
f 3339/4498/2326 3344/4499/2326 3351/4500/2326 3354/4501/2326
f 3348/4502/2327 3334/4503/2327 3333/4504/2327 3347/4505/2327
f 3354/4506/2328 3336/4507/2328 3335/4508/2328 3353/4509/2328
f 3341/4510/2329 3348/4511/2329 3347/4492/2329 3342/4491/2329
f 3331/4512/2330 3349/4513/2330 3350/4514/2330 3332/4515/2330
f 3337/4516/2331 3351/4517/2331 3352/4481/2331 3338/4480/2331
f 3349/4518/2332 3346/4519/2332 3345/4496/2332 3350/4495/2332
f 3339/4520/2333 3354/4521/2333 3353/4494/2333 3340/4497/2333
f 3351/4522/2334 3344/4523/2334 3343/4490/2334 3352/4493/2334
f 3374/4524/2325 3350/4525/2325 3353/4526/2325 3377/4527/2325
f 3359/4528/2325 3377/4529/2325 3353/4509/2325 3335/4508/2325
f 3357/4530/2322 3371/4531/2322 3347/4505/2322 3333/4504/2322
f 3347/4532/2322 3371/4533/2322 3376/4534/2322 3352/4535/2322
f 3360/4536/2335 3361/4537/2335 3375/4538/2335 3378/4539/2335
f 3372/4540/2336 3358/4541/2336 3355/4542/2336 3373/4543/2336
f 3370/4544/2337 3365/4545/2337 3372/4546/2337 3373/4547/2337
f 3367/4548/2322 3376/4549/2322 3371/4550/2322 3366/4551/2322
f 3377/4552/2325 3364/4553/2325 3369/4554/2325 3374/4555/2325
f 3363/4556/2338 3378/4557/2338 3375/4558/2338 3368/4559/2338
f 3372/4560/2339 3371/4531/2339 3357/4530/2339 3358/4561/2339
f 3378/4562/2340 3377/4529/2340 3359/4528/2340 3360/4563/2340
f 3365/4564/2341 3366/4551/2341 3371/4550/2341 3372/4565/2341
f 3355/4566/2342 3356/4567/2342 3374/4568/2342 3373/4569/2342
f 3361/4570/2343 3362/4479/2343 3376/4478/2343 3375/4571/2343
f 3373/4572/2344 3374/4555/2344 3369/4554/2344 3370/4573/2344
f 3363/4574/2345 3364/4553/2345 3377/4552/2345 3378/4575/2345
f 3375/4576/2346 3376/4549/2346 3367/4548/2346 3368/4577/2346
f 3374/4568/2325 3356/4567/2325 3332/4515/2325 3350/4514/2325
o canaleta-L
v -1.101778 0.101004 -2.750078
v -1.109446 0.108703 -2.742269
v -1.110330 0.008724 -2.743468
v -1.102545 0.016464 -2.751067
v -1.102409 0.109150 -2.657719
v -1.102468 0.101467 -2.650000
v -1.102468 0.016906 -2.650000
v -1.102479 0.009152 -2.657720
v -0.800000 0.009186 -2.742281
v -0.800000 0.016905 -2.750000
v -0.800000 0.109186 -2.657719
v -0.800000 0.101467 -2.650000
v -0.800000 0.016906 -2.650000
v -0.800000 0.009186 -2.657720
v -0.800000 0.101467 -2.750000
v -0.800000 0.109186 -2.742281
v -1.108667 0.115476 -3.052357
v -1.101089 0.107620 -3.052541
v -1.102624 0.023096 -3.054519
v -1.110482 0.015520 -3.054696
v -1.201073 0.109433 -3.052498
v -1.193215 0.117010 -3.052321
v -1.195028 0.017054 -3.054660
v -1.202607 0.024910 -3.054476
v -1.201071 0.102357 -2.750113
v -1.193212 0.109969 -2.749937
v -1.195025 0.010012 -2.752185
v -1.202605 0.017834 -2.752091
v -1.200152 0.101946 -2.657882
v -1.192362 0.101876 -2.650157
v -1.192363 0.109629 -2.657786
v -1.200988 0.017405 -2.658870
v -1.193337 0.009651 -2.658866
v -1.193130 0.017334 -2.651054
vt 0.092288 0.405671
vt 0.077816 0.405518
vt 0.077814 0.353863
vt 0.092288 0.353885
vt 0.077901 0.250000
vt 0.092375 0.250000
vt 0.092375 0.301773
vt 0.077901 0.301773
vt 0.035913 0.250001
vt 0.035934 0.305732
vt 0.020535 0.305732
vt 0.020540 0.250000
vt 0.002123 0.305732
vt 0.001985 0.250001
vt 0.017358 0.250002
vt 0.017354 0.305732
vt 0.201614 0.353526
vt 0.183220 0.355929
vt 0.183834 0.337506
vt 0.201614 0.334845
vt 0.165836 0.364974
vt 0.183388 0.364650
vt 0.183376 0.384006
vt 0.165823 0.384123
vt 0.183388 0.405130
vt 0.165833 0.405063
vt 0.165818 0.386401
vt 0.183371 0.386307
vt 0.017358 0.362458
vt 0.017351 0.418189
vt 0.001980 0.418189
vt 0.001985 0.362457
vt 0.053873 0.301773
vt 0.039398 0.301773
vt 0.039398 0.250000
vt 0.053873 0.250000
vt 0.176811 0.356610
vt 0.158877 0.353576
vt 0.158257 0.334897
vt 0.176811 0.337669
vt 0.001969 0.362174
vt 0.002173 0.306446
vt 0.017546 0.306443
vt 0.017558 0.362174
vt 0.181638 0.337182
vt 0.183247 0.335378
vt 0.156689 0.353885
vt 0.158291 0.355720
vt 0.000000 0.362174
vt 0.000188 0.306442
vt 0.000000 0.418189
vt 0.000000 0.362457
vt 0.019531 0.306442
vt 0.019547 0.362174
vt 0.019343 0.362460
vt 0.019347 0.418189
vt 0.019343 0.250002
vt 0.019343 0.305732
vt 0.018555 0.305732
vt 0.018555 0.250000
vt 0.037898 0.250003
vt 0.037908 0.305732
vt 0.000125 0.305732
vt 0.000000 0.250000
vt 0.176452 0.358803
vt 0.201283 0.332660
vt 0.156045 0.334957
vt 0.180998 0.355898
vt 0.092349 0.353712
vt 0.077875 0.353690
vt 0.077878 0.301905
vt 0.092349 0.301758
vn 0.0019 0.0058 -1.0000
vn -0.9998 0.0181 0.0004
vn -0.0155 -0.9996 -0.0225
vn 0.0156 0.9996 0.0226
vn 0.0101 0.9999 -0.0011
vn -0.9998 0.0138 0.0137
vn -0.0067 -0.0053 1.0000
vn -0.0008 1.0000 -0.0026
vn 0.0000 0.0000 1.0000
vn -0.0102 -0.9999 0.0009
vn 0.0008 -1.0000 0.0025
vn -0.5737 0.5744 0.5838
vn -0.5807 -0.5727 0.5786
vn 0.0036 -0.7048 -0.7094
vn -0.0000 0.7079 0.7063
vn 0.0000 -0.7063 0.7079
vn -0.0010 0.7094 -0.7048
vn -0.6950 0.7188 0.0168
vn -0.7190 -0.6949 -0.0162
vn 0.6956 -0.7182 -0.0160
vn 0.7184 0.6954 0.0169
vn -0.7046 -0.0012 0.7096
vn -0.0122 -0.7091 0.7050
vn 0.0026 0.7051 0.7091
vn -0.7149 -0.6991 0.0097
vn -0.6990 0.7150 0.0096
vn 0.9999 -0.0136 0.0007
usemtl hiper-atlas
s off
f 3382/4578/2347 3379/4579/2347 3393/4580/2347 3388/4581/2347
f 3406/4582/2348 3403/4583/2348 3399/4584/2348 3402/4585/2348
f 3398/4586/2349 3381/4587/2349 3405/4588/2349 3401/4589/2349
f 3380/4590/2350 3395/4591/2350 3400/4592/2350 3404/4593/2350
f 3380/4594/2351 3404/4595/2351 3409/4596/2351 3383/4597/2351
f 3403/4598/2352 3406/4599/2352 3410/4600/2352 3407/4601/2352
f 3385/4602/2353 3384/4603/2353 3408/4604/2353 3412/4605/2353
f 3394/4606/2354 3380/4607/2354 3383/4608/2354 3389/4609/2354
f 3391/4610/2355 3390/4611/2355 3384/4612/2355 3385/4613/2355
f 3386/4614/2356 3411/4615/2356 3405/4616/2356 3381/4617/2356
f 3381/4618/2357 3387/4619/2357 3392/4620/2357 3386/4621/2357
f 3407/4622/2358 3408/4623/2358 3409/4596/2358
f 3410/4624/2359 3411/4615/2359 3412/4625/2359
f 3387/4619/2360 3381/4618/2360 3382/4626/2360 3388/4627/2360
f 3389/4609/2361 3383/4608/2361 3384/4628/2361 3390/4629/2361
f 3386/4621/2362 3392/4620/2362 3391/4630/2362 3385/4631/2362
f 3380/4607/2363 3394/4606/2363 3393/4632/2363 3379/4633/2363
f 3404/4593/2364 3400/4592/2364 3399/4634/2364 3403/4635/2364
f 3401/4589/2365 3405/4588/2365 3406/4636/2365 3402/4637/2365
f 3381/4587/2366 3398/4586/2366 3397/4638/2366 3382/4639/2366
f 3395/4591/2367 3380/4590/2367 3379/4640/2367 3396/4641/2367
f 3412/4605/2368 3408/4604/2368 3407/4601/2368 3410/4600/2368
f 3411/4615/2369 3386/4614/2369 3385/4642/2369 3412/4625/2369
f 3383/4597/2370 3409/4596/2370 3408/4623/2370 3384/4643/2370
f 3405/4616/2371 3411/4615/2371 3410/4624/2371 3406/4644/2371
f 3409/4596/2372 3404/4595/2372 3403/4645/2372 3407/4622/2372
f 3397/4646/2373 3396/4647/2373 3379/4648/2373 3382/4649/2373
o canaleta-T
v 1.510000 0.238035 -2.742281
v 1.510000 0.245755 -2.750000
v 1.510000 0.245755 -2.650000
v 1.510000 0.238035 -2.657719
v 1.010000 0.245755 -2.750000
v 1.010000 0.238035 -2.742281
v 1.010000 0.238035 -2.657719
v 1.010000 0.245755 -2.650000
v 1.210000 0.038035 -2.742281
v 1.217719 0.038035 -2.750000
v 1.310000 0.038035 -2.657719
v 1.302281 0.038035 -2.650000
v 1.217719 0.038035 -2.650000
v 1.210000 0.038035 -2.657719
v 1.302281 0.038035 -2.750000
v 1.310000 0.038035 -2.742281
v 1.303388 0.244857 -2.650000
v 1.311043 0.237185 -2.657719
v 1.310779 0.237334 -2.742281
v 1.303065 0.245040 -2.750000
v 1.209020 0.237213 -2.657719
v 1.216645 0.244929 -2.650000
v 1.217384 0.244560 -2.750000
v 1.209622 0.236913 -2.742281
v 1.510000 0.337982 -2.742281
v 1.510000 0.330263 -2.750000
v 1.510000 0.330263 -2.650000
v 1.510000 0.337982 -2.657719
v 1.010000 0.330263 -2.750000
v 1.010000 0.337982 -2.742281
v 1.010000 0.337982 -2.657719
v 1.010000 0.330263 -2.650000
vt 0.152742 0.365658
vt 0.152741 0.325172
vt 0.169892 0.325294
vt 0.169892 0.365658
vt 0.186717 0.408536
vt 0.169567 0.408589
vt 0.169567 0.368184
vt 0.186717 0.368184
vt 0.169952 0.365592
vt 0.169952 0.325172
vt 0.187102 0.325202
vt 0.187102 0.365592
vt 0.076095 0.360338
vt 0.093245 0.360338
vt 0.093469 0.402284
vt 0.075876 0.402298
vt 0.115320 0.402200
vt 0.097943 0.402298
vt 0.098100 0.360315
vt 0.115250 0.360314
vt 0.204313 0.365568
vt 0.187163 0.365568
vt 0.187162 0.325172
vt 0.204313 0.325233
vt 0.035605 0.290351
vt 0.035778 0.250000
vt 0.037993 0.250003
vt 0.037810 0.291906
vt 0.013748 0.290486
vt 0.013977 0.250000
vt 0.016192 0.250004
vt 0.015949 0.292064
vt 0.095459 0.360335
vt 0.095671 0.400724
vt 0.013977 0.351412
vt 0.013836 0.311007
vt 0.016047 0.309441
vt 0.016191 0.351410
vt 0.035778 0.351411
vt 0.035613 0.311048
vt 0.037825 0.309499
vt 0.037992 0.351409
vt 0.095732 0.400733
vt 0.095886 0.360313
vt 0.117464 0.360313
vt 0.117540 0.400648
vt 0.073678 0.400730
vt 0.073881 0.360335
vt 0.033331 0.250004
vt 0.033331 0.351410
vt 0.055132 0.250003
vt 0.055132 0.351409
vt 0.074556 0.250000
vt 0.074556 0.351406
vt 0.057406 0.351406
vt 0.057406 0.250000
vt 0.035545 0.250004
vt 0.035545 0.351410
vt 0.057346 0.250003
vt 0.057346 0.351409
vn -0.0049 -1.0000 0.0018
vn 0.0039 -1.0000 -0.0009
vn 1.0000 -0.0046 -0.0016
vn -0.0000 0.0000 1.0000
vn 0.0000 0.0000 -1.0000
vn -1.0000 -0.0034 -0.0036
vn 0.0030 -0.7074 0.7068
vn -0.0040 -0.7077 -0.7065
vn 0.7077 -0.0037 0.7065
vn 0.0025 -0.7068 -0.7074
vn -0.0029 -0.7065 0.7078
vn 0.7065 -0.0027 -0.7077
vn -0.7058 -0.0012 -0.7084
vn -0.7084 -0.0036 0.7058
vn 0.0000 1.0000 0.0000
vn 0.0000 0.7071 -0.7071
vn 0.0000 0.7071 0.7071
usemtl hiper-atlas
s off
f 3418/4650/2374 3436/4651/2374 3433/4652/2374 3419/4653/2374
f 3430/4654/2375 3431/4655/2375 3413/4656/2375 3416/4657/2375
f 3428/4658/2376 3431/4659/2376 3430/4660/2376 3423/4661/2376
f 3425/4662/2377 3424/4663/2377 3429/4664/2377 3434/4665/2377
f 3435/4666/2378 3432/4667/2378 3427/4668/2378 3422/4669/2378
f 3421/4670/2379 3426/4671/2379 3433/4672/2379 3436/4673/2379
f 3430/4674/2380 3416/4675/2380 3415/4676/2380 3429/4677/2380
f 3436/4678/2381 3418/4679/2381 3417/4680/2381 3435/4681/2381
f 3423/4682/2382 3430/4683/2382 3429/4664/2382 3424/4663/2382
f 3413/4684/2383 3431/4685/2383 3432/4686/2383 3414/4687/2383
f 3419/4688/2384 3433/4689/2384 3434/4690/2384 3420/4691/2384
f 3431/4692/2385 3428/4693/2385 3427/4668/2385 3432/4667/2385
f 3421/4694/2386 3436/4695/2386 3435/4666/2386 3422/4669/2386
f 3433/4696/2387 3426/4697/2387 3425/4662/2387 3434/4665/2387
f 3441/4698/2378 3438/4699/2378 3414/4687/2378 3432/4686/2378 3435/4681/2378 3417/4680/2378
f 3439/4700/2377 3444/4701/2377 3420/4691/2377 3434/4690/2377 3429/4677/2377 3415/4676/2377
f 3443/4702/2388 3440/4703/2388 3437/4704/2388 3442/4705/2388
f 3442/4706/2389 3437/4707/2389 3438/4699/2389 3441/4698/2389
f 3440/4708/2390 3443/4709/2390 3444/4701/2390 3439/4700/2390
o canasta-madera
v -0.196314 0.010000 -1.206090
v -0.196314 0.310000 -1.206090
v -0.196314 0.010000 -1.246090
v -0.196314 0.310000 -1.246090
v 0.191466 0.310000 -1.206090
v 0.191466 0.010000 -1.206090
v -0.156314 0.010000 -1.246090
v -0.156314 0.310000 -1.246090
v 0.191466 0.010000 -1.246090
v 0.191466 0.310000 -1.246090
v 0.151466 0.010000 -1.246090
v 0.151466 0.310000 -1.246090
v -0.196314 0.010000 -0.797608
v -0.196314 0.310000 -0.797608
v -0.196314 0.010000 -0.757608
v -0.196314 0.310000 -0.757608
v 0.191466 0.310000 -0.797608
v 0.191466 0.010000 -0.797608
v -0.156314 0.010000 -0.757608
v -0.156314 0.310000 -0.757608
v 0.191466 0.010000 -0.757608
v 0.191466 0.310000 -0.757608
v 0.151466 0.010000 -0.757608
v 0.151466 0.310000 -0.757608
v 0.189381 0.007841 -0.750376
v 0.124130 0.008474 -0.759946
v 0.189381 -0.003761 -0.750376
v 0.120573 -0.003761 -0.750376
v 0.184493 0.007033 -1.244147
v 0.120573 0.007841 -1.252775
v 0.189381 -0.003761 -1.252775
v 0.120573 -0.003761 -1.252775
v -0.193357 0.008541 -0.745775
v -0.193357 0.077349 -0.745775
v -0.193357 0.008541 -0.757377
v -0.193357 0.077349 -0.757377
v 0.193357 0.008541 -0.745775
v 0.193357 0.077349 -0.745775
v 0.193357 0.008541 -0.757377
v 0.193357 0.077349 -0.757377
v 0.189168 0.307487 -0.745775
v 0.189168 0.246722 -0.745775
v 0.189168 0.307487 -0.757377
v 0.189168 0.246722 -0.757377
v -0.197547 0.307487 -0.745775
v -0.197547 0.246722 -0.745775
v -0.197547 0.307487 -0.757377
v -0.197547 0.246722 -0.757377
v 0.190739 0.159368 -0.757377
v 0.190739 0.228175 -0.757377
v 0.190739 0.159368 -0.745775
v 0.190739 0.228175 -0.745775
v -0.195976 0.159368 -0.757377
v -0.195976 0.228175 -0.757377
v -0.195976 0.159368 -0.745775
v -0.195976 0.228175 -0.745775
v -0.194916 0.153828 -0.757368
v -0.194916 0.085020 -0.757368
v -0.194916 0.153828 -0.745766
v -0.194916 0.085020 -0.745766
v 0.191799 0.153828 -0.757368
v 0.191799 0.085020 -0.757368
v 0.191799 0.153828 -0.745766
v 0.191799 0.085020 -0.745766
v -0.193357 0.008541 -1.245775
v -0.193357 0.077349 -1.245775
v -0.193357 0.008541 -1.257377
v -0.193357 0.077349 -1.257377
v 0.193357 0.008541 -1.245775
v 0.193357 0.077349 -1.245775
v 0.193357 0.008541 -1.257377
v 0.193357 0.077349 -1.257377
v 0.189168 0.307487 -1.245775
v 0.189168 0.246722 -1.245775
v 0.189168 0.307487 -1.257377
v 0.189168 0.246722 -1.257377
v -0.197547 0.307487 -1.245775
v -0.197547 0.246722 -1.245775
v -0.197547 0.307487 -1.257377
v -0.197547 0.246722 -1.257377
v 0.190739 0.159368 -1.257377
v 0.190739 0.228175 -1.257377
v 0.190739 0.159368 -1.245775
v 0.190739 0.228175 -1.245775
v -0.195976 0.159368 -1.257377
v -0.195976 0.228175 -1.257377
v -0.195976 0.159368 -1.245775
v -0.195976 0.228175 -1.245775
v -0.194916 0.153828 -1.257368
v -0.194916 0.085020 -1.257368
v -0.194916 0.153828 -1.245767
v -0.194916 0.085020 -1.245766
v 0.191799 0.153828 -1.257368
v 0.191799 0.085020 -1.257368
v 0.191799 0.153828 -1.245766
v 0.191799 0.085020 -1.245766
v 0.203182 0.012589 -0.750376
v 0.203816 0.077840 -0.759946
v 0.191581 0.012589 -0.750376
v 0.191581 0.081397 -0.750376
v 0.202375 0.017478 -1.244147
v 0.203182 0.081397 -1.252775
v 0.191581 0.012589 -1.252775
v 0.191581 0.081397 -1.252775
v 0.203182 0.231397 -1.252775
v 0.203182 0.162590 -1.252775
v 0.191581 0.231397 -1.252775
v 0.191581 0.162590 -1.252775
v 0.203182 0.231397 -0.750376
v 0.203182 0.162589 -0.750376
v 0.191581 0.231397 -0.750376
v 0.191581 0.162589 -0.750376
v 0.191581 0.088400 -1.251728
v 0.191581 0.157207 -1.251728
v 0.203182 0.088400 -1.251728
v 0.203182 0.157207 -1.251728
v 0.191581 0.088400 -0.749329
v 0.191581 0.157207 -0.749329
v 0.203182 0.088400 -0.749329
v 0.203182 0.157207 -0.749329
v 0.191581 0.311397 -0.750376
v 0.191581 0.242590 -0.750376
v 0.203182 0.306160 -0.751424
v 0.203182 0.248874 -0.749329
v 0.191581 0.311397 -1.252775
v 0.191581 0.242589 -1.252775
v 0.203687 0.306784 -1.242518
v 0.203182 0.242589 -1.252775
v -0.196818 0.012589 -0.750376
v -0.196184 0.077840 -0.759946
v -0.208419 0.012589 -0.750376
v -0.208419 0.081397 -0.750376
v -0.197625 0.017478 -1.244147
v -0.196818 0.081397 -1.252775
v -0.208419 0.012589 -1.252775
v -0.208419 0.081397 -1.252775
v -0.196818 0.231397 -1.252775
v -0.196818 0.162590 -1.252775
v -0.208419 0.231397 -1.252775
v -0.208419 0.162590 -1.252775
v -0.196818 0.231397 -0.750376
v -0.196818 0.162589 -0.750376
v -0.208419 0.231397 -0.750376
v -0.208419 0.162589 -0.750376
v -0.208419 0.088400 -1.251728
v -0.208419 0.157207 -1.251728
v -0.196818 0.088400 -1.251728
v -0.196818 0.157207 -1.251728
v -0.208419 0.088400 -0.749329
v -0.208419 0.157207 -0.749329
v -0.196818 0.088400 -0.749329
v -0.196818 0.157207 -0.749329
v -0.208419 0.311397 -0.750376
v -0.208419 0.242590 -0.750376
v -0.196818 0.306160 -0.751424
v -0.196818 0.248874 -0.749329
v -0.208419 0.311397 -1.252775
v -0.208419 0.242589 -1.252775
v -0.196313 0.306784 -1.242518
v -0.196818 0.242589 -1.252775
v -0.029427 0.007841 -1.252775
v 0.039381 0.007841 -1.252775
v -0.029427 -0.003761 -1.252775
v 0.039381 -0.003761 -1.252775
v -0.029427 0.007841 -0.750376
v 0.039381 0.007841 -0.750376
v -0.029427 -0.003761 -0.750376
v 0.039381 -0.003761 -0.750376
v 0.113571 -0.003761 -1.251728
v 0.044763 -0.003761 -1.251728
v 0.113571 0.007841 -1.251728
v 0.044763 0.007841 -1.251728
v 0.113570 -0.003761 -0.749329
v 0.044763 -0.003761 -0.749329
v 0.113570 0.007841 -0.749329
v 0.044763 0.007841 -0.749329
v -0.109427 -0.003761 -0.750376
v -0.040619 -0.003761 -0.750376
v -0.104190 0.007841 -0.751424
v -0.046904 0.007841 -0.749329
v -0.109427 -0.003761 -1.252775
v -0.040619 -0.003761 -1.252775
v -0.104813 0.008346 -1.242518
v -0.040619 0.007841 -1.252775
v -0.189427 0.007841 -1.252775
v -0.120619 0.007841 -1.252775
v -0.189427 -0.003761 -1.252775
v -0.120619 -0.003761 -1.252775
v -0.189427 0.007841 -0.750376
v -0.120619 0.007841 -0.750376
v -0.189427 -0.003761 -0.750376
v -0.120619 -0.003761 -0.750376
vt 0.383347 0.224485
vt 0.435013 0.224485
vt 0.435013 0.231373
vt 0.383347 0.231373
vt 0.435013 0.231373
vt 0.383347 0.231373
vt 0.383347 0.224485
vt 0.435013 0.224485
vt 0.435013 0.231373
vt 0.383347 0.231373
vt 0.383347 0.224485
vt 0.435013 0.224485
vt 0.383347 0.224485
vt 0.435013 0.224485
vt 0.435013 0.231373
vt 0.383347 0.231373
vt 0.317732 0.230706
vt 0.322028 0.226073
vt 0.322028 0.235339
vt 0.367592 0.226073
vt 0.371887 0.230706
vt 0.367592 0.235339
vt 0.317732 0.230706
vt 0.322028 0.226073
vt 0.322028 0.235339
vt 0.367592 0.226073
vt 0.371887 0.230706
vt 0.367592 0.235339
vt 0.435013 0.231373
vt 0.383347 0.231373
vt 0.383347 0.224485
vt 0.435013 0.224485
vt 0.435013 0.231373
vt 0.383347 0.231373
vt 0.383347 0.224485
vt 0.435013 0.224485
vt 0.435013 0.231373
vt 0.383347 0.231373
vt 0.383347 0.224485
vt 0.435013 0.224485
vt 0.383347 0.224485
vt 0.435013 0.224485
vt 0.435013 0.231373
vt 0.383347 0.231373
vt 0.317754 0.230682
vt 0.322050 0.226049
vt 0.322050 0.235315
vt 0.367614 0.226049
vt 0.371909 0.230682
vt 0.367614 0.235315
vt 0.317732 0.230706
vt 0.322028 0.226073
vt 0.322028 0.235339
vt 0.367592 0.226073
vt 0.371887 0.230706
vt 0.367592 0.235339
vt 0.331845 0.003918
vt 0.320380 0.003705
vt 0.320416 0.001771
vt 0.331882 0.001985
vt 0.313324 0.088771
vt 0.301421 0.088568
vt 0.302899 0.001656
vt 0.314802 0.001859
vt 0.330248 0.089570
vt 0.318783 0.089357
vt 0.318819 0.087423
vt 0.330285 0.087637
vt 0.316809 0.001893
vt 0.315331 0.088805
vt 0.299414 0.088534
vt 0.300892 0.001622
vt 0.429989 0.204969
vt 0.430310 0.193978
vt 0.432164 0.194032
vt 0.431842 0.205023
vt 0.377740 0.220616
vt 0.377740 0.210023
vt 0.442728 0.210023
vt 0.442728 0.220616
vt 0.366366 0.203109
vt 0.366688 0.192119
vt 0.368541 0.192173
vt 0.368220 0.203164
vt 0.442728 0.222402
vt 0.377740 0.222402
vt 0.377740 0.208237
vt 0.442728 0.208237
vt 0.429989 0.204969
vt 0.430310 0.193978
vt 0.432164 0.194032
vt 0.431842 0.205023
vt 0.377740 0.220616
vt 0.377740 0.210023
vt 0.442728 0.210023
vt 0.442728 0.220616
vt 0.366366 0.203109
vt 0.366688 0.192119
vt 0.368541 0.192173
vt 0.368220 0.203164
vt 0.442728 0.222402
vt 0.377740 0.222402
vt 0.377740 0.208237
vt 0.442728 0.208237
vt 0.429989 0.204969
vt 0.430310 0.193978
vt 0.432164 0.194032
vt 0.431842 0.205023
vt 0.377740 0.220616
vt 0.377740 0.210023
vt 0.442728 0.210023
vt 0.442728 0.220616
vt 0.366366 0.203109
vt 0.366688 0.192119
vt 0.368541 0.192173
vt 0.368220 0.203164
vt 0.442728 0.222402
vt 0.377740 0.222402
vt 0.377740 0.208237
vt 0.442728 0.208237
vt 0.429989 0.204969
vt 0.430310 0.193978
vt 0.432164 0.194032
vt 0.431842 0.205023
vt 0.377740 0.220616
vt 0.377740 0.210023
vt 0.442728 0.210023
vt 0.442728 0.220616
vt 0.366366 0.203109
vt 0.366688 0.192119
vt 0.368541 0.192173
vt 0.368220 0.203164
vt 0.442728 0.222402
vt 0.377740 0.222402
vt 0.377740 0.208237
vt 0.442728 0.208237
vt 0.429989 0.204969
vt 0.430310 0.193978
vt 0.432164 0.194032
vt 0.431842 0.205023
vt 0.377740 0.220616
vt 0.377740 0.210023
vt 0.442728 0.210023
vt 0.442728 0.220616
vt 0.366366 0.203109
vt 0.366688 0.192119
vt 0.368541 0.192173
vt 0.368220 0.203164
vt 0.442728 0.222402
vt 0.377740 0.222402
vt 0.377740 0.208237
vt 0.442728 0.208237
vt 0.429989 0.204969
vt 0.430310 0.193978
vt 0.432164 0.194032
vt 0.431842 0.205023
vt 0.377740 0.220616
vt 0.377740 0.210023
vt 0.442728 0.210023
vt 0.442728 0.220616
vt 0.366366 0.203109
vt 0.366688 0.192119
vt 0.368541 0.192173
vt 0.368220 0.203164
vt 0.442728 0.222402
vt 0.377740 0.222402
vt 0.377740 0.208237
vt 0.442728 0.208237
vt 0.429989 0.204969
vt 0.430310 0.193978
vt 0.432164 0.194032
vt 0.431842 0.205023
vt 0.377740 0.220616
vt 0.377740 0.210023
vt 0.442728 0.210023
vt 0.442728 0.220616
vt 0.366366 0.203109
vt 0.366688 0.192119
vt 0.368541 0.192173
vt 0.368220 0.203164
vt 0.442728 0.222402
vt 0.377740 0.222402
vt 0.377740 0.208237
vt 0.442728 0.208237
vt 0.429989 0.204969
vt 0.430310 0.193978
vt 0.432164 0.194032
vt 0.431842 0.205023
vt 0.377740 0.220616
vt 0.377740 0.210023
vt 0.442728 0.210023
vt 0.442728 0.220616
vt 0.366366 0.203109
vt 0.366688 0.192119
vt 0.368541 0.192173
vt 0.368220 0.203164
vt 0.442728 0.222402
vt 0.377740 0.222402
vt 0.377740 0.208237
vt 0.442728 0.208237
vt 0.331845 0.003918
vt 0.320380 0.003705
vt 0.320416 0.001771
vt 0.331882 0.001985
vt 0.313324 0.088771
vt 0.301421 0.088568
vt 0.302899 0.001656
vt 0.314802 0.001859
vt 0.330248 0.089570
vt 0.318783 0.089357
vt 0.318819 0.087423
vt 0.330285 0.087637
vt 0.316809 0.001893
vt 0.315331 0.088805
vt 0.299414 0.088534
vt 0.300892 0.001622
vt 0.331845 0.003918
vt 0.320380 0.003705
vt 0.320416 0.001771
vt 0.331882 0.001985
vt 0.313324 0.088771
vt 0.301421 0.088568
vt 0.302899 0.001656
vt 0.314802 0.001859
vt 0.330248 0.089570
vt 0.318783 0.089357
vt 0.318819 0.087423
vt 0.330285 0.087637
vt 0.316809 0.001893
vt 0.315331 0.088805
vt 0.299414 0.088534
vt 0.300892 0.001622
vt 0.331845 0.003918
vt 0.320380 0.003705
vt 0.320416 0.001771
vt 0.331882 0.001985
vt 0.313324 0.088771
vt 0.301421 0.088568
vt 0.302899 0.001656
vt 0.314802 0.001859
vt 0.330248 0.089570
vt 0.318783 0.089357
vt 0.318819 0.087423
vt 0.330285 0.087637
vt 0.316809 0.001893
vt 0.315331 0.088805
vt 0.299414 0.088534
vt 0.300892 0.001622
vt 0.331845 0.003918
vt 0.320380 0.003705
vt 0.320416 0.001771
vt 0.331882 0.001985
vt 0.313324 0.088771
vt 0.301421 0.088568
vt 0.302899 0.001656
vt 0.314802 0.001859
vt 0.330248 0.089570
vt 0.318783 0.089357
vt 0.318819 0.087423
vt 0.330285 0.087637
vt 0.316809 0.001893
vt 0.315331 0.088805
vt 0.299414 0.088534
vt 0.300892 0.001622
vt 0.331845 0.003918
vt 0.320380 0.003705
vt 0.320416 0.001771
vt 0.331882 0.001985
vt 0.313324 0.088771
vt 0.301421 0.088568
vt 0.302899 0.001656
vt 0.314802 0.001859
vt 0.330248 0.089570
vt 0.318783 0.089357
vt 0.318819 0.087423
vt 0.330285 0.087637
vt 0.316809 0.001893
vt 0.315331 0.088805
vt 0.299414 0.088534
vt 0.300892 0.001622
vt 0.331845 0.003918
vt 0.320380 0.003705
vt 0.320416 0.001771
vt 0.331882 0.001985
vt 0.313324 0.088771
vt 0.301421 0.088568
vt 0.302899 0.001656
vt 0.314802 0.001859
vt 0.330248 0.089570
vt 0.318783 0.089357
vt 0.318819 0.087423
vt 0.330285 0.087637
vt 0.316809 0.001893
vt 0.315331 0.088805
vt 0.299414 0.088534
vt 0.300892 0.001622
vt 0.331845 0.003918
vt 0.320380 0.003705
vt 0.320416 0.001771
vt 0.331882 0.001985
vt 0.313324 0.088771
vt 0.301421 0.088568
vt 0.302899 0.001656
vt 0.314802 0.001859
vt 0.330248 0.089570
vt 0.318783 0.089357
vt 0.318819 0.087423
vt 0.330285 0.087637
vt 0.316809 0.001893
vt 0.315331 0.088805
vt 0.299414 0.088534
vt 0.300892 0.001622
vt 0.331845 0.003918
vt 0.320380 0.003705
vt 0.320416 0.001771
vt 0.331882 0.001985
vt 0.313324 0.088771
vt 0.301421 0.088568
vt 0.302899 0.001656
vt 0.314802 0.001859
vt 0.330248 0.089570
vt 0.318783 0.089357
vt 0.318819 0.087423
vt 0.330285 0.087637
vt 0.316809 0.001893
vt 0.315331 0.088805
vt 0.299414 0.088534
vt 0.300892 0.001622
vt 0.331845 0.003918
vt 0.320380 0.003705
vt 0.320416 0.001771
vt 0.331882 0.001985
vt 0.313324 0.088771
vt 0.301421 0.088568
vt 0.302899 0.001656
vt 0.314802 0.001859
vt 0.330248 0.089570
vt 0.318783 0.089357
vt 0.318819 0.087423
vt 0.330285 0.087637
vt 0.316809 0.001893
vt 0.315331 0.088805
vt 0.299414 0.088534
vt 0.300892 0.001622
vt 0.331845 0.003918
vt 0.320380 0.003705
vt 0.320416 0.001771
vt 0.331882 0.001985
vt 0.313324 0.088771
vt 0.301421 0.088568
vt 0.302899 0.001656
vt 0.314802 0.001859
vt 0.330248 0.089570
vt 0.318783 0.089357
vt 0.318819 0.087423
vt 0.330285 0.087637
vt 0.316809 0.001893
vt 0.315331 0.088805
vt 0.299414 0.088534
vt 0.300892 0.001622
vt 0.331845 0.003918
vt 0.320380 0.003705
vt 0.320416 0.001771
vt 0.331882 0.001985
vt 0.313324 0.088771
vt 0.301421 0.088568
vt 0.302899 0.001656
vt 0.314802 0.001859
vt 0.330248 0.089570
vt 0.318783 0.089357
vt 0.318819 0.087423
vt 0.330285 0.087637
vt 0.316809 0.001893
vt 0.315331 0.088805
vt 0.299414 0.088534
vt 0.300892 0.001622
vt 0.331845 0.003918
vt 0.320380 0.003705
vt 0.320416 0.001771
vt 0.331882 0.001985
vt 0.313324 0.088771
vt 0.301421 0.088568
vt 0.302899 0.001656
vt 0.314802 0.001859
vt 0.330248 0.089570
vt 0.318783 0.089357
vt 0.318819 0.087423
vt 0.330285 0.087637
vt 0.316809 0.001893
vt 0.315331 0.088805
vt 0.299414 0.088534
vt 0.300892 0.001622
vn -1.0000 0.0000 0.0000
vn 0.0000 0.0000 -1.0000
vn 0.0000 0.0000 1.0000
vn 0.0000 -1.0000 0.0000
vn 0.0000 1.0000 0.0000
vn 0.7071 0.0000 0.7071
vn 0.7071 0.0000 -0.7071
vn 1.0000 0.0000 0.0000
vn -0.7071 0.0000 0.7071
vn -0.7071 0.0000 -0.7071
vn -0.0641 0.3800 0.9228
vn 0.0625 0.3706 -0.9267
vn 0.0114 0.9999 -0.0016
vn 0.9766 0.2151 -0.0050
vn -0.9888 0.1489 0.0034
vn 0.3800 0.0641 0.9228
vn 0.3706 -0.0625 -0.9267
vn 0.9999 -0.0114 -0.0016
vn 0.2151 -0.9766 -0.0050
vn 0.1489 0.9888 0.0034
vn -0.0007 0.0166 0.9999
vn 1.0000 -0.0042 0.0005
vn 0.4074 0.0687 -0.9107
vn 0.3834 0.9236 0.0008
vn 0.2612 -0.9653 0.0060
vn -0.0008 0.0166 0.9999
vn -0.0166 -0.0007 0.9999
vn 0.0042 1.0000 0.0005
vn -0.0687 0.4074 -0.9107
vn -0.9236 0.3834 0.0008
vn 0.9653 0.2612 0.0060
usemtl hiper-atlas
s off
f 3445/4710/2391 3446/4711/2391 3448/4712/2391 3447/4713/2391
f 3447/4714/2392 3448/4715/2392 3452/4716/2392 3451/4717/2392
f 3450/4718/2391 3449/4719/2391 3454/4720/2391 3453/4721/2391
f 3453/4722/2393 3454/4723/2393 3456/4724/2393 3455/4725/2393
f 3447/4726/2394 3451/4727/2394 3445/4728/2394
f 3452/4729/2395 3448/4730/2395 3446/4731/2395
f 3452/4729/2396 3446/4731/2396 3445/4728/2396 3451/4727/2396
f 3453/4732/2395 3455/4733/2395 3450/4734/2395
f 3456/4735/2394 3454/4736/2394 3449/4737/2394
f 3456/4735/2397 3449/4737/2397 3450/4734/2397 3455/4733/2397
f 3457/4738/2398 3458/4739/2398 3460/4740/2398 3459/4741/2398
f 3459/4742/2392 3460/4743/2392 3464/4744/2392 3463/4745/2392
f 3462/4746/2398 3461/4747/2398 3466/4748/2398 3465/4749/2398
f 3465/4750/2393 3466/4751/2393 3468/4752/2393 3467/4753/2393
f 3459/4754/2395 3463/4755/2395 3457/4756/2395
f 3464/4757/2394 3460/4758/2394 3458/4759/2394
f 3464/4757/2399 3458/4759/2399 3457/4756/2399 3463/4755/2399
f 3465/4760/2394 3467/4761/2394 3462/4762/2394
f 3468/4763/2395 3466/4764/2395 3461/4765/2395
f 3468/4763/2400 3461/4765/2400 3462/4762/2400 3467/4761/2400
f 3469/4766/2401 3470/4767/2401 3472/4768/2401 3471/4769/2401
f 3471/4770/2394 3472/4771/2394 3476/4772/2394 3475/4773/2394
f 3475/4774/2402 3476/4775/2402 3474/4776/2402 3473/4777/2402
f 3473/4777/2403 3474/4776/2403 3470/4767/2403 3469/4766/2403
f 3471/4770/2404 3475/4773/2404 3473/4778/2404 3469/4779/2404
f 3476/4772/2405 3472/4771/2405 3470/4780/2405 3474/4781/2405
f 3477/4782/2391 3478/4783/2391 3480/4784/2391 3479/4785/2391
f 3479/4786/2392 3480/4787/2392 3484/4788/2392 3483/4789/2392
f 3483/4790/2398 3484/4791/2398 3482/4792/2398 3481/4793/2398
f 3481/4793/2393 3482/4792/2393 3478/4783/2393 3477/4782/2393
f 3479/4786/2394 3483/4789/2394 3481/4794/2394 3477/4795/2394
f 3484/4788/2395 3480/4787/2395 3478/4796/2395 3482/4797/2395
f 3485/4798/2398 3486/4799/2398 3488/4800/2398 3487/4801/2398
f 3487/4802/2392 3488/4803/2392 3492/4804/2392 3491/4805/2392
f 3491/4806/2391 3492/4807/2391 3490/4808/2391 3489/4809/2391
f 3489/4809/2393 3490/4808/2393 3486/4799/2393 3485/4798/2393
f 3487/4802/2395 3491/4805/2395 3489/4810/2395 3485/4811/2395
f 3492/4804/2394 3488/4803/2394 3486/4812/2394 3490/4813/2394
f 3493/4814/2398 3494/4815/2398 3496/4816/2398 3495/4817/2398
f 3495/4818/2393 3496/4819/2393 3500/4820/2393 3499/4821/2393
f 3499/4822/2391 3500/4823/2391 3498/4824/2391 3497/4825/2391
f 3497/4825/2392 3498/4824/2392 3494/4815/2392 3493/4814/2392
f 3495/4818/2394 3499/4821/2394 3497/4826/2394 3493/4827/2394
f 3500/4820/2395 3496/4819/2395 3494/4828/2395 3498/4829/2395
f 3501/4830/2391 3502/4831/2391 3504/4832/2391 3503/4833/2391
f 3503/4834/2393 3504/4835/2393 3508/4836/2393 3507/4837/2393
f 3507/4838/2398 3508/4839/2398 3506/4840/2398 3505/4841/2398
f 3505/4841/2392 3506/4840/2392 3502/4831/2392 3501/4830/2392
f 3503/4834/2395 3507/4837/2395 3505/4842/2395 3501/4843/2395
f 3508/4836/2394 3504/4835/2394 3502/4844/2394 3506/4845/2394
f 3509/4846/2391 3510/4847/2391 3512/4848/2391 3511/4849/2391
f 3511/4850/2392 3512/4851/2392 3516/4852/2392 3515/4853/2392
f 3515/4854/2398 3516/4855/2398 3514/4856/2398 3513/4857/2398
f 3513/4857/2393 3514/4856/2393 3510/4847/2393 3509/4846/2393
f 3511/4850/2394 3515/4853/2394 3513/4858/2394 3509/4859/2394
f 3516/4852/2395 3512/4851/2395 3510/4860/2395 3514/4861/2395
f 3517/4862/2398 3518/4863/2398 3520/4864/2398 3519/4865/2398
f 3519/4866/2392 3520/4867/2392 3524/4868/2392 3523/4869/2392
f 3523/4870/2391 3524/4871/2391 3522/4872/2391 3521/4873/2391
f 3521/4873/2393 3522/4872/2393 3518/4863/2393 3517/4862/2393
f 3519/4866/2395 3523/4869/2395 3521/4874/2395 3517/4875/2395
f 3524/4868/2394 3520/4867/2394 3518/4876/2394 3522/4877/2394
f 3525/4878/2398 3526/4879/2398 3528/4880/2398 3527/4881/2398
f 3527/4882/2393 3528/4883/2393 3532/4884/2393 3531/4885/2393
f 3531/4886/2391 3532/4887/2391 3530/4888/2391 3529/4889/2391
f 3529/4889/2392 3530/4888/2392 3526/4879/2392 3525/4878/2392
f 3527/4882/2394 3531/4885/2394 3529/4890/2394 3525/4891/2394
f 3532/4884/2395 3528/4883/2395 3526/4892/2395 3530/4893/2395
f 3533/4894/2391 3534/4895/2391 3536/4896/2391 3535/4897/2391
f 3535/4898/2393 3536/4899/2393 3540/4900/2393 3539/4901/2393
f 3539/4902/2398 3540/4903/2398 3538/4904/2398 3537/4905/2398
f 3537/4905/2392 3538/4904/2392 3534/4895/2392 3533/4894/2392
f 3535/4898/2395 3539/4901/2395 3537/4906/2395 3533/4907/2395
f 3540/4900/2394 3536/4899/2394 3534/4908/2394 3538/4909/2394
f 3541/4910/2406 3542/4911/2406 3544/4912/2406 3543/4913/2406
f 3543/4914/2391 3544/4915/2391 3548/4916/2391 3547/4917/2391
f 3547/4918/2407 3548/4919/2407 3546/4920/2407 3545/4921/2407
f 3545/4921/2408 3546/4920/2408 3542/4911/2408 3541/4910/2408
f 3543/4914/2409 3547/4917/2409 3545/4922/2409 3541/4923/2409
f 3548/4916/2410 3544/4915/2410 3542/4924/2410 3546/4925/2410
f 3549/4926/2392 3550/4927/2392 3552/4928/2392 3551/4929/2392
f 3551/4930/2391 3552/4931/2391 3556/4932/2391 3555/4933/2391
f 3555/4934/2393 3556/4935/2393 3554/4936/2393 3553/4937/2393
f 3553/4937/2398 3554/4936/2398 3550/4927/2398 3549/4926/2398
f 3551/4930/2395 3555/4933/2395 3553/4938/2395 3549/4939/2395
f 3556/4932/2394 3552/4931/2394 3550/4940/2394 3554/4941/2394
f 3557/4942/2392 3558/4943/2392 3560/4944/2392 3559/4945/2392
f 3559/4946/2398 3560/4947/2398 3564/4948/2398 3563/4949/2398
f 3563/4950/2393 3564/4951/2393 3562/4952/2393 3561/4953/2393
f 3561/4953/2391 3562/4952/2391 3558/4943/2391 3557/4942/2391
f 3559/4946/2394 3563/4949/2394 3561/4954/2394 3557/4955/2394
f 3564/4948/2395 3560/4947/2395 3558/4956/2395 3562/4957/2395
f 3565/4958/2411 3566/4959/2411 3568/4960/2411 3567/4961/2411
f 3567/4962/2412 3568/4963/2412 3572/4964/2412 3571/4965/2412
f 3571/4966/2413 3572/4967/2413 3570/4968/2413 3569/4969/2413
f 3569/4969/2391 3570/4968/2391 3566/4959/2391 3565/4958/2391
f 3567/4962/2414 3571/4965/2414 3569/4970/2414 3565/4971/2414
f 3572/4964/2415 3568/4963/2415 3566/4972/2415 3570/4973/2415
f 3573/4974/2406 3574/4975/2406 3576/4976/2406 3575/4977/2406
f 3575/4978/2391 3576/4979/2391 3580/4980/2391 3579/4981/2391
f 3579/4982/2407 3580/4983/2407 3578/4984/2407 3577/4985/2407
f 3577/4985/2408 3578/4984/2408 3574/4975/2408 3573/4974/2408
f 3575/4978/2409 3579/4981/2409 3577/4986/2409 3573/4987/2409
f 3580/4980/2410 3576/4979/2410 3574/4988/2410 3578/4989/2410
f 3581/4990/2392 3582/4991/2392 3584/4992/2392 3583/4993/2392
f 3583/4994/2391 3584/4995/2391 3588/4996/2391 3587/4997/2391
f 3587/4998/2393 3588/4999/2393 3586/5000/2393 3585/5001/2393
f 3585/5001/2398 3586/5000/2398 3582/4991/2398 3581/4990/2398
f 3583/4994/2395 3587/4997/2395 3585/5002/2395 3581/5003/2395
f 3588/4996/2394 3584/4995/2394 3582/5004/2394 3586/5005/2394
f 3589/5006/2392 3590/5007/2392 3592/5008/2392 3591/5009/2392
f 3591/5010/2398 3592/5011/2398 3596/5012/2398 3595/5013/2398
f 3595/5014/2393 3596/5015/2393 3594/5016/2393 3593/5017/2393
f 3593/5017/2391 3594/5016/2391 3590/5007/2391 3589/5006/2391
f 3591/5010/2394 3595/5013/2394 3593/5018/2394 3589/5019/2394
f 3596/5012/2395 3592/5011/2395 3590/5020/2395 3594/5021/2395
f 3597/5022/2416 3598/5023/2416 3600/5024/2416 3599/5025/2416
f 3599/5026/2412 3600/5027/2412 3604/5028/2412 3603/5029/2412
f 3603/5030/2413 3604/5031/2413 3602/5032/2413 3601/5033/2413
f 3601/5033/2391 3602/5032/2391 3598/5023/2391 3597/5022/2391
f 3599/5026/2414 3603/5029/2414 3601/5034/2414 3597/5035/2414
f 3604/5028/2415 3600/5027/2415 3598/5036/2415 3602/5037/2415
f 3605/5038/2392 3606/5039/2392 3608/5040/2392 3607/5041/2392
f 3607/5042/2394 3608/5043/2394 3612/5044/2394 3611/5045/2394
f 3611/5046/2393 3612/5047/2393 3610/5048/2393 3609/5049/2393
f 3609/5049/2395 3610/5048/2395 3606/5039/2395 3605/5038/2395
f 3607/5042/2391 3611/5045/2391 3609/5050/2391 3605/5051/2391
f 3612/5044/2398 3608/5043/2398 3606/5052/2398 3610/5053/2398
f 3613/5054/2392 3614/5055/2392 3616/5056/2392 3615/5057/2392
f 3615/5058/2395 3616/5059/2395 3620/5060/2395 3619/5061/2395
f 3619/5062/2393 3620/5063/2393 3618/5064/2393 3617/5065/2393
f 3617/5065/2394 3618/5064/2394 3614/5055/2394 3613/5054/2394
f 3615/5058/2398 3619/5061/2398 3617/5066/2398 3613/5067/2398
f 3620/5060/2391 3616/5059/2391 3614/5068/2391 3618/5069/2391
f 3621/5070/2417 3622/5071/2417 3624/5072/2417 3623/5073/2417
f 3623/5074/2418 3624/5075/2418 3628/5076/2418 3627/5077/2418
f 3627/5078/2419 3628/5079/2419 3626/5080/2419 3625/5081/2419
f 3625/5081/2394 3626/5080/2394 3622/5071/2394 3621/5070/2394
f 3623/5074/2420 3627/5077/2420 3625/5082/2420 3621/5083/2420
f 3628/5076/2421 3624/5075/2421 3622/5084/2421 3626/5085/2421
f 3629/5086/2392 3630/5087/2392 3632/5088/2392 3631/5089/2392
f 3631/5090/2394 3632/5091/2394 3636/5092/2394 3635/5093/2394
f 3635/5094/2393 3636/5095/2393 3634/5096/2393 3633/5097/2393
f 3633/5097/2395 3634/5096/2395 3630/5087/2395 3629/5086/2395
f 3631/5090/2391 3635/5093/2391 3633/5098/2391 3629/5099/2391
f 3636/5092/2398 3632/5091/2398 3630/5100/2398 3634/5101/2398
o conector-suelo-esquina
v -0.870784 -0.039076 -2.640872
v -0.870784 -0.034076 -2.645872
v -0.870784 0.145924 -2.645872
v -0.870784 0.150924 -2.640872
v -0.870784 0.145924 -2.635872
v -0.870784 -0.034076 -2.635872
v -0.850889 -0.039076 -2.640872
v -0.850889 -0.034076 -2.645872
v -0.850889 0.145924 -2.645872
v -0.850889 0.150924 -2.640872
v -0.850889 0.145924 -2.635872
v -0.850889 -0.034076 -2.635872
v -0.826391 -0.039076 -2.640872
v -0.826391 -0.034076 -2.645872
v -0.826391 0.145924 -2.645872
v -0.826391 0.150924 -2.640872
v -0.826391 0.145924 -2.635872
v -0.826391 -0.034076 -2.635872
v -0.805600 -0.039076 -2.640872
v -0.805600 -0.034076 -2.645872
v -0.805600 0.145924 -2.645872
v -0.805600 0.150924 -2.640872
v -0.805600 0.145924 -2.635872
v -0.805600 -0.034076 -2.635872
v -0.796823 -0.039076 -2.640872
v -0.801823 -0.034076 -2.645872
v -0.801823 0.145924 -2.645872
v -0.796823 0.150924 -2.640872
v -0.791823 0.145924 -2.635872
v -0.791823 -0.034076 -2.635872
v -0.796823 -0.039076 -2.656121
v -0.801823 -0.034076 -2.656121
v -0.801823 0.145924 -2.656121
v -0.796823 0.150924 -2.656121
v -0.791823 0.145924 -2.656121
v -0.791823 -0.034076 -2.656121
v -0.796823 -0.039076 -2.693934
v -0.801823 -0.034076 -2.693934
v -0.801823 0.145924 -2.693934
v -0.796823 0.150924 -2.693934
v -0.791823 0.145924 -2.693934
v -0.791823 -0.034076 -2.693934
v -0.796823 -0.039076 -2.742415
v -0.801823 -0.034076 -2.742415
v -0.801823 0.145924 -2.742415
v -0.796823 0.150924 -2.742415
v -0.791823 0.145924 -2.742415
v -0.791823 -0.034076 -2.742415
v -0.796823 -0.039076 -2.789664
v -0.801823 -0.034076 -2.789664
v -0.801823 0.145924 -2.789664
v -0.796823 0.150924 -2.789664
v -0.791823 0.145924 -2.789664
v -0.791823 -0.034076 -2.789664
v -0.791742 0.016046 -2.651185
v -0.801904 0.016046 -2.651185
v -0.791742 0.101979 -2.752808
v -0.801904 0.101979 -2.752808
v -0.791742 0.016046 -2.752808
v -0.801904 0.016046 -2.752808
v -0.791742 0.008201 -2.659030
v -0.791823 0.012695 -2.656121
v -0.801904 0.008201 -2.659030
v -0.801823 0.012695 -2.656121
v -0.791742 0.109824 -2.659030
v -0.791742 0.109824 -2.693715
v -0.801904 0.109824 -2.693715
v -0.801904 0.109824 -2.659030
v -0.791742 0.008201 -2.744963
v -0.801904 0.008201 -2.744963
v -0.801904 0.101979 -2.651185
v -0.801823 0.105330 -2.656121
v -0.791742 0.101979 -2.651185
v -0.791823 0.105330 -2.656121
v -0.791742 0.109824 -2.744963
v -0.791742 0.109824 -2.742982
v -0.801904 0.109824 -2.742982
v -0.801904 0.109824 -2.744963
v -0.791742 0.008201 -2.693715
v -0.791742 0.008201 -2.742982
v -0.801904 0.008201 -2.742982
v -0.801904 0.008201 -2.693715
v -0.803488 0.109013 -2.744364
v -0.803488 0.101293 -2.752084
v -0.803488 0.016732 -2.752084
v -0.803488 0.009013 -2.744364
v -0.803488 0.101293 -2.652084
v -0.803488 0.109013 -2.659803
v -0.803488 0.009013 -2.659803
v -0.803488 0.016732 -2.652084
v -0.789512 0.109013 -2.744364
v -0.789512 0.101293 -2.752084
v -0.789512 0.016732 -2.752084
v -0.789512 0.009013 -2.744364
v -0.789512 0.101293 -2.652084
v -0.789512 0.109013 -2.659803
v -0.789512 0.009013 -2.659803
v -0.789512 0.016732 -2.652084
v -0.803488 0.011937 -2.757754
v -0.803488 0.003342 -2.749159
v -0.803488 0.106088 -2.646413
v -0.803488 0.114683 -2.655008
v -0.803488 0.003342 -2.655008
v -0.803488 0.011937 -2.646413
v -0.803488 0.114683 -2.749159
v -0.803488 0.106088 -2.757754
v -0.789512 0.011937 -2.757754
v -0.789512 0.003342 -2.749159
v -0.789512 0.106088 -2.646413
v -0.789512 0.114683 -2.655008
v -0.789512 0.003342 -2.655008
v -0.789512 0.011937 -2.646413
v -0.789512 0.114683 -2.749159
v -0.789512 0.106088 -2.757754
v -0.785000 -0.014200 -2.774630
v -0.795000 -0.014200 -2.774630
v -0.795000 0.125800 -2.774630
v -0.785000 0.125800 -2.774630
v -0.795000 0.117139 -2.769630
v -0.785000 0.117139 -2.769630
v -0.795000 0.117139 -2.759630
v -0.785000 0.117139 -2.759630
v -0.795000 0.125800 -2.754630
v -0.785000 0.125800 -2.754630
v -0.795000 0.134460 -2.759630
v -0.785000 0.134460 -2.759630
v -0.795000 0.134460 -2.769630
v -0.785000 0.134460 -2.769630
v -0.795000 -0.022861 -2.769630
v -0.785000 -0.022861 -2.769630
v -0.795000 -0.022861 -2.759630
v -0.785000 -0.022861 -2.759630
v -0.795000 -0.014200 -2.754630
v -0.785000 -0.014200 -2.754630
v -0.795000 -0.005540 -2.759630
v -0.785000 -0.005540 -2.759630
v -0.795000 -0.005540 -2.769630
v -0.785000 -0.005540 -2.769630
v -0.774861 -0.014076 -2.769524
v -0.785139 -0.014076 -2.769524
v -0.785139 0.125924 -2.769524
v -0.774861 0.125924 -2.769524
v -0.785139 0.122290 -2.768019
v -0.774861 0.122290 -2.768019
v -0.785139 0.120784 -2.764385
v -0.774861 0.120784 -2.764385
v -0.785139 0.122290 -2.760751
v -0.774861 0.122290 -2.760751
v -0.785139 0.125924 -2.759246
v -0.774861 0.125924 -2.759246
v -0.785139 0.129558 -2.760751
v -0.774861 0.129558 -2.760751
v -0.785139 0.131063 -2.764385
v -0.774861 0.131063 -2.764385
v -0.785139 0.129558 -2.768019
v -0.774861 0.129558 -2.768019
v -0.785139 -0.017710 -2.768019
v -0.774861 -0.017710 -2.768019
v -0.785139 -0.019216 -2.764385
v -0.774861 -0.019216 -2.764385
v -0.785139 -0.017710 -2.760751
v -0.774861 -0.017710 -2.760751
v -0.785139 -0.014076 -2.759246
v -0.774861 -0.014076 -2.759246
v -0.785139 -0.010442 -2.760751
v -0.774861 -0.010442 -2.760751
v -0.785139 -0.008937 -2.764385
v -0.774861 -0.008937 -2.764385
v -0.785139 -0.010442 -2.768019
v -0.774861 -0.010442 -2.768019
v -0.841052 0.054669 -2.645872
v -0.841052 0.054669 -2.635872
v -0.846578 0.056958 -2.645872
v -0.846578 0.056958 -2.635872
v -0.852103 0.054669 -2.645872
v -0.850889 0.055172 -2.645872
v -0.852103 0.054669 -2.635872
v -0.850889 0.055172 -2.635872
v -0.846578 0.041330 -2.645872
v -0.846578 0.041330 -2.635872
v -0.838764 0.049144 -2.635872
v -0.838764 0.049144 -2.645872
v -0.854391 0.049144 -2.645872
v -0.854391 0.049144 -2.635872
v -0.852103 0.043619 -2.645872
v -0.852103 0.043619 -2.635872
v -0.841052 0.043619 -2.645872
v -0.841052 0.043619 -2.635872
v -0.850889 0.043116 -2.645872
v -0.850889 0.043116 -2.635872
vt 0.245963 0.471488
vt 0.245963 0.467931
vt 0.247227 0.467931
vt 0.247227 0.471488
vt 0.244699 0.471488
vt 0.244699 0.467931
vt 0.212522 0.471488
vt 0.212522 0.467931
vt 0.228745 0.467931
vt 0.228835 0.468148
vt 0.229822 0.468557
vt 0.230810 0.468148
vt 0.230900 0.467931
vt 0.211258 0.471488
vt 0.211258 0.467931
vt 0.209994 0.471488
vt 0.209994 0.467931
vt 0.211933 0.472231
vt 0.211933 0.468550
vt 0.226214 0.468550
vt 0.226307 0.468775
vt 0.227330 0.469198
vt 0.228352 0.468775
vt 0.228445 0.468550
vt 0.245235 0.468550
vt 0.245235 0.472231
vt 0.245963 0.463552
vt 0.247227 0.463552
vt 0.244699 0.463552
vt 0.212522 0.463552
vt 0.231219 0.467161
vt 0.230810 0.466173
vt 0.229822 0.465764
vt 0.228835 0.466173
vt 0.228426 0.467161
vt 0.211258 0.463552
vt 0.209994 0.463552
vt 0.211933 0.464018
vt 0.245235 0.464018
vt 0.228775 0.467753
vt 0.228352 0.466730
vt 0.227330 0.466307
vt 0.226307 0.466730
vt 0.225884 0.467753
vt 0.245963 0.459835
vt 0.247227 0.459835
vt 0.244699 0.459835
vt 0.212522 0.459835
vt 0.211258 0.459835
vt 0.209994 0.459835
vt 0.211933 0.460171
vt 0.245235 0.460171
vt 0.245963 0.458266
vt 0.247227 0.457372
vt 0.244699 0.459160
vt 0.212522 0.459160
vt 0.211258 0.458266
vt 0.209994 0.457373
vt 0.211933 0.457622
vt 0.245235 0.457622
vt 0.245978 0.456089
vt 0.245978 0.453362
vt 0.247243 0.453362
vt 0.247243 0.456983
vt 0.244713 0.455195
vt 0.244713 0.453362
vt 0.212520 0.455195
vt 0.212520 0.453362
vt 0.219780 0.453362
vt 0.220503 0.454084
vt 0.235626 0.454084
vt 0.236348 0.453362
vt 0.211256 0.456089
vt 0.211256 0.453362
vt 0.209991 0.456983
vt 0.209991 0.453362
vt 0.211933 0.453876
vt 0.220586 0.453876
vt 0.221333 0.454623
vt 0.236978 0.454623
vt 0.237725 0.453876
vt 0.245235 0.453876
vt 0.245978 0.446599
vt 0.247243 0.446599
vt 0.244713 0.446599
vt 0.212520 0.446599
vt 0.219122 0.446599
vt 0.219122 0.452703
vt 0.211256 0.446599
vt 0.209991 0.446599
vt 0.211933 0.446881
vt 0.219905 0.446881
vt 0.219905 0.453195
vt 0.245978 0.437928
vt 0.247243 0.437928
vt 0.244713 0.437928
vt 0.212520 0.437928
vt 0.219122 0.437928
vt 0.211256 0.437928
vt 0.209991 0.437928
vt 0.211933 0.437911
vt 0.219905 0.437911
vt 0.245978 0.429478
vt 0.247243 0.429478
vt 0.244713 0.429478
vt 0.212520 0.429478
vt 0.237007 0.437928
vt 0.237007 0.437579
vt 0.235626 0.436199
vt 0.220503 0.436199
vt 0.219122 0.437579
vt 0.211256 0.429478
vt 0.209991 0.429478
vt 0.211933 0.429170
vt 0.245235 0.429170
vt 0.245235 0.437911
vt 0.238406 0.437911
vt 0.238406 0.437551
vt 0.236978 0.436122
vt 0.221333 0.436122
vt 0.219905 0.437551
vt 0.211008 0.428245
vt 0.211933 0.427320
vt 0.245235 0.427320
vt 0.246160 0.428245
vt 0.246160 0.473156
vt 0.245235 0.474081
vt 0.211933 0.474081
vt 0.211008 0.473156
vt 0.237007 0.452703
vt 0.237007 0.446599
vt 0.238406 0.453195
vt 0.238406 0.446880
vt 0.245235 0.446880
vt 0.000000 0.250000
vt 0.000000 0.250000
vt 0.000000 0.250000
vt 0.000000 0.250000
vt 0.000000 0.250000
vt 0.000000 0.250000
vt 0.000000 0.250000
vt 0.000000 0.250000
vt 0.000000 0.250000
vt 0.000000 0.250000
vt 0.000000 0.250000
vt 0.000000 0.250000
vt 0.000000 0.250000
vt 0.000000 0.250000
vt 0.000000 0.250000
vt 0.000000 0.250000
vt 0.000000 0.250000
vt 0.000000 0.250000
vt 0.000000 0.250000
vt 0.000000 0.250000
vt 0.000000 0.250000
vt 0.000000 0.250000
vt 0.000000 0.250000
vt 0.000000 0.250000
vt 0.000000 0.250000
vt 0.000000 0.250000
vt 0.000000 0.250000
vt 0.000000 0.250000
vt 0.000000 0.250000
vt 0.000000 0.250000
vt 0.000000 0.250000
vt 0.000000 0.250000
vt 0.063317 0.437177
vt 0.058989 0.439676
vt 0.054661 0.437177
vt 0.054661 0.432179
vt 0.058989 0.429680
vt 0.063317 0.432179
vt 0.021686 0.458588
vt 0.019020 0.458588
vt 0.019020 0.455923
vt 0.021686 0.455923
vt 0.019013 0.450592
vt 0.016347 0.450592
vt 0.016347 0.447927
vt 0.019013 0.447927
vt 0.019020 0.453258
vt 0.021686 0.453258
vt 0.019013 0.453258
vt 0.016347 0.453258
vt 0.019020 0.450592
vt 0.021686 0.450592
vt 0.019013 0.445261
vt 0.016347 0.445261
vt 0.016347 0.442596
vt 0.019013 0.442596
vt 0.019013 0.455923
vt 0.016347 0.455923
vt 0.019020 0.447927
vt 0.021686 0.447927
vt 0.079930 0.427704
vt 0.084258 0.425205
vt 0.088586 0.427704
vt 0.088586 0.432702
vt 0.084258 0.435200
vt 0.079930 0.432702
vt 0.019013 0.458588
vt 0.016347 0.458588
vt 0.019020 0.445261
vt 0.021686 0.445261
vt 0.019020 0.442596
vt 0.021686 0.442596
vt 0.030133 0.447923
vt 0.027394 0.447923
vt 0.027394 0.446874
vt 0.030133 0.446874
vt 0.030141 0.445826
vt 0.032881 0.445826
vt 0.032881 0.446874
vt 0.030141 0.446874
vt 0.078433 0.430282
vt 0.080750 0.427965
vt 0.084026 0.427965
vt 0.086343 0.430282
vt 0.086343 0.433558
vt 0.084026 0.435875
vt 0.080750 0.435875
vt 0.078433 0.433558
vt 0.032881 0.447923
vt 0.030141 0.447923
vt 0.030133 0.448971
vt 0.027394 0.448971
vt 0.032881 0.448971
vt 0.030141 0.448971
vt 0.030133 0.450019
vt 0.027394 0.450019
vt 0.032881 0.450019
vt 0.030141 0.450019
vt 0.030133 0.451068
vt 0.027394 0.451068
vt 0.032881 0.451068
vt 0.030141 0.451068
vt 0.030133 0.452116
vt 0.027394 0.452116
vt 0.032881 0.452116
vt 0.030141 0.452116
vt 0.059367 0.438614
vt 0.057050 0.440931
vt 0.053774 0.440931
vt 0.051457 0.438614
vt 0.051457 0.435338
vt 0.053774 0.433021
vt 0.057050 0.433021
vt 0.059367 0.435338
vt 0.030133 0.453165
vt 0.027394 0.453165
vt 0.032881 0.453165
vt 0.030141 0.453165
vt 0.027394 0.445826
vt 0.030133 0.445826
vt 0.032881 0.454213
vt 0.030141 0.454213
vt 0.030133 0.454213
vt 0.027394 0.454213
vt 0.031440 0.453165
vt 0.031998 0.453165
vt 0.031998 0.452116
vt 0.031440 0.452116
vt 0.031440 0.447923
vt 0.031998 0.447923
vt 0.031998 0.446874
vt 0.031440 0.446874
vt 0.031998 0.451298
vt 0.031998 0.451068
vt 0.031440 0.451068
vt 0.031440 0.451298
vt 0.031440 0.448971
vt 0.031998 0.448971
vt 0.031998 0.448741
vt 0.031440 0.448741
vt 0.031440 0.450019
vt 0.031998 0.450019
vt 0.031440 0.454213
vt 0.031998 0.454213
vt 0.031998 0.445826
vt 0.031440 0.445826
vn 0.0000 -0.7071 0.7071
vn 0.0000 -0.7071 -0.7071
vn 0.0000 0.0000 -1.0000
vn 0.0000 0.7071 -0.7071
vn 0.0000 0.7071 0.7071
vn -0.0000 0.0000 1.0000
vn 0.7071 -0.7071 0.0000
vn -0.7071 -0.7071 0.0000
vn -1.0000 0.0000 0.0052
vn -0.7071 0.7071 0.0000
vn 0.7071 0.7071 0.0000
vn 1.0000 0.0000 0.0023
vn -1.0000 0.0022 0.0012
vn 1.0000 -0.0018 0.0012
vn -1.0000 0.0022 0.0000
vn 1.0000 -0.0019 -0.0000
vn -1.0000 0.0000 -0.0015
vn 1.0000 -0.0000 -0.0015
vn -1.0000 0.0000 0.0000
vn -1.0000 -0.0018 0.0012
vn -1.0000 -0.0019 0.0000
vn 1.0000 0.0022 0.0012
vn 1.0000 0.0022 0.0000
vn 0.0000 -1.0000 0.0000
vn 0.0000 1.0000 0.0000
vn 1.0000 0.0000 0.0000
vn 0.0000 -0.5000 -0.8660
vn 0.0000 0.5000 0.8660
vn 0.0000 -0.5000 0.8660
vn 0.0000 0.5000 -0.8660
vn 0.0000 0.9239 -0.3827
vn 0.0000 -0.3827 -0.9239
vn 0.0000 -0.9239 -0.3827
vn 0.0000 0.9239 0.3827
vn 0.0000 -0.9239 0.3827
vn 0.0000 0.3827 0.9239
vn 0.0000 -0.3827 0.9239
vn 0.0000 0.3827 -0.9239
vn -0.3827 -0.9239 0.0000
vn -0.3827 0.9239 0.0000
vn 0.3827 -0.9239 0.0000
vn 0.3827 0.9239 0.0000
vn 0.9239 0.3827 0.0000
vn -0.9239 -0.3827 0.0000
vn -0.9239 0.3827 0.0000
vn 0.9239 -0.3827 0.0000
usemtl hiper-atlas
s off
f 3637/5102/2422 3643/5103/2422 3648/5104/2422 3642/5105/2422
f 3638/5106/2423 3644/5107/2423 3643/5103/2423 3637/5102/2423
f 3639/5108/2424 3645/5109/2424 3812/5110/2424 3811/5111/2424 3819/5112/2424 3821/5113/2424 3825/5114/2424 3644/5107/2424 3638/5106/2424
f 3640/5115/2425 3646/5116/2425 3645/5109/2425 3639/5108/2425
f 3641/5117/2426 3647/5118/2426 3646/5116/2426 3640/5115/2426
f 3642/5119/2427 3648/5120/2427 3826/5121/2427 3822/5122/2427 3820/5123/2427 3813/5124/2427 3814/5125/2427 3647/5126/2427 3641/5127/2427
f 3643/5103/2422 3649/5128/2422 3654/5129/2422 3648/5104/2422
f 3644/5107/2423 3650/5130/2423 3649/5128/2423 3643/5103/2423
f 3645/5109/2424 3651/5131/2424 3650/5130/2424 3644/5107/2424 3825/5114/2424 3815/5132/2424 3823/5133/2424 3818/5134/2424 3807/5135/2424 3809/5136/2424 3812/5110/2424
f 3646/5116/2425 3652/5137/2425 3651/5131/2425 3645/5109/2425
f 3647/5118/2426 3653/5138/2426 3652/5137/2426 3646/5116/2426
f 3648/5120/2427 3654/5139/2427 3653/5140/2427 3647/5126/2427 3814/5125/2427 3810/5141/2427 3808/5142/2427 3817/5143/2427 3824/5144/2427 3816/5145/2427 3826/5121/2427
f 3649/5128/2422 3655/5146/2422 3660/5147/2422 3654/5129/2422
f 3650/5130/2423 3656/5148/2423 3655/5146/2423 3649/5128/2423
f 3651/5131/2424 3657/5149/2424 3656/5148/2424 3650/5130/2424
f 3652/5137/2425 3658/5150/2425 3657/5149/2425 3651/5131/2425
f 3653/5138/2426 3659/5151/2426 3658/5150/2426 3652/5137/2426
f 3654/5139/2427 3660/5152/2427 3659/5153/2427 3653/5140/2427
f 3655/5146/2422 3661/5154/2422 3666/5155/2422 3660/5147/2422
f 3656/5148/2423 3662/5156/2423 3661/5154/2423 3655/5146/2423
f 3657/5149/2424 3663/5157/2424 3662/5156/2424 3656/5148/2424
f 3658/5150/2425 3664/5158/2425 3663/5157/2425 3657/5149/2425
f 3659/5151/2426 3665/5159/2426 3664/5158/2426 3658/5150/2426
f 3660/5152/2427 3666/5160/2427 3665/5161/2427 3659/5153/2427
f 3661/5162/2428 3667/5163/2428 3672/5164/2428 3666/5165/2428
f 3662/5166/2429 3668/5167/2429 3667/5163/2429 3661/5162/2429
f 3663/5168/2430 3669/5169/2430 3708/5170/2430 3707/5171/2430 3692/5172/2430 3700/5173/2430 3668/5167/2430 3662/5166/2430
f 3664/5174/2431 3670/5175/2431 3669/5169/2431 3663/5168/2431
f 3665/5176/2432 3671/5177/2432 3670/5175/2432 3664/5174/2432
f 3666/5160/2433 3672/5178/2433 3698/5179/2433 3691/5180/2433 3709/5181/2433 3710/5182/2433 3671/5183/2433 3665/5161/2433
f 3667/5163/2428 3673/5184/2428 3678/5185/2428 3672/5164/2428
f 3668/5167/2429 3674/5186/2429 3673/5184/2429 3667/5163/2429
f 3669/5169/2434 3675/5187/2434 3703/5188/2434 3704/5189/2434 3708/5170/2434
f 3670/5175/2431 3676/5190/2431 3675/5187/2431 3669/5169/2431
f 3671/5177/2432 3677/5191/2432 3676/5190/2432 3670/5175/2432
f 3672/5178/2435 3678/5192/2435 3715/5193/2435 3697/5194/2435 3698/5179/2435
f 3673/5184/2428 3679/5195/2428 3684/5196/2428 3678/5185/2428
f 3674/5186/2429 3680/5197/2429 3679/5195/2429 3673/5184/2429
f 3675/5187/2436 3681/5198/2436 3713/5199/2436 3703/5188/2436
f 3676/5190/2431 3682/5200/2431 3681/5198/2431 3675/5187/2431
f 3677/5191/2432 3683/5201/2432 3682/5200/2432 3676/5190/2432
f 3678/5192/2437 3684/5202/2437 3716/5203/2437 3715/5193/2437
f 3679/5195/2428 3685/5204/2428 3690/5205/2428 3684/5196/2428
f 3680/5197/2429 3686/5206/2429 3685/5204/2429 3679/5195/2429
f 3681/5198/2438 3687/5207/2438 3686/5206/2438 3680/5197/2438 3717/5208/2438 3706/5209/2438 3696/5210/2438 3694/5211/2438 3714/5212/2438 3713/5199/2438
f 3682/5200/2431 3688/5213/2431 3687/5207/2431 3681/5198/2431
f 3683/5201/2432 3689/5214/2432 3688/5213/2432 3682/5200/2432
f 3684/5202/2439 3690/5215/2439 3689/5216/2439 3683/5217/2439 3712/5218/2439 3711/5219/2439 3693/5220/2439 3695/5221/2439 3705/5222/2439 3716/5203/2439
f 3690/5215/2424 3685/5223/2424 3686/5224/2424 3687/5225/2424 3688/5226/2424 3689/5216/2424
f 3642/5119/2440 3641/5127/2440 3640/5227/2440 3639/5228/2440 3638/5229/2440 3637/5230/2440
f 3700/5173/2441 3699/5231/2441 3718/5232/2441 3674/5186/2441 3668/5167/2441
f 3718/5232/2442 3717/5208/2442 3680/5197/2442 3674/5186/2442
f 3710/5182/2443 3701/5233/2443 3702/5234/2443 3677/5235/2443 3671/5183/2443
f 3702/5234/2444 3712/5218/2444 3683/5217/2444 3677/5235/2444
f 3723/5236/2424 3731/5237/2424 3734/5238/2424 3726/5239/2424
f 3719/5240/2445 3727/5241/2445 3732/5242/2445 3724/5243/2445
f 3720/5244/2422 3728/5245/2422 3727/5241/2422 3719/5240/2422
f 3724/5243/2423 3732/5242/2423 3731/5237/2423 3723/5236/2423
f 3725/5246/2446 3733/5247/2446 3730/5248/2446 3722/5249/2446
f 3721/5250/2427 3729/5251/2427 3728/5245/2427 3720/5244/2427
f 3726/5239/2425 3734/5238/2425 3733/5247/2425 3725/5246/2425
f 3722/5249/2426 3730/5248/2426 3729/5251/2426 3721/5250/2426
f 3737/5252/2427 3740/5253/2427 3748/5254/2427 3745/5255/2427
f 3741/5256/2446 3738/5257/2446 3746/5258/2446 3749/5259/2446
f 3742/5260/2425 3741/5256/2425 3749/5259/2425 3750/5261/2425
f 3738/5257/2426 3737/5252/2426 3745/5255/2426 3746/5258/2426
f 3739/5262/2445 3736/5263/2445 3744/5264/2445 3747/5265/2445
f 3735/5266/2424 3742/5260/2424 3750/5261/2424 3743/5267/2424
f 3740/5253/2422 3739/5262/2422 3747/5265/2422 3748/5254/2422
f 3736/5263/2423 3735/5266/2423 3743/5267/2423 3744/5264/2423
f 3723/5236/2440 3726/5239/2440 3740/5253/2440 3737/5252/2440
f 3722/5249/2440 3721/5250/2440 3735/5266/2440 3736/5263/2440
f 3734/5238/2447 3731/5237/2447 3745/5255/2447 3748/5254/2447
f 3729/5251/2447 3730/5248/2447 3744/5264/2447 3743/5267/2447
f 3724/5243/2440 3723/5236/2440 3737/5252/2440 3738/5257/2440
f 3731/5237/2447 3732/5242/2447 3746/5258/2447 3745/5255/2447
f 3726/5239/2440 3725/5246/2440 3739/5262/2440 3740/5253/2440
f 3733/5247/2447 3734/5238/2447 3748/5254/2447 3747/5265/2447
f 3720/5244/2440 3719/5240/2440 3741/5256/2440 3742/5260/2440
f 3727/5241/2447 3728/5245/2447 3750/5261/2447 3749/5259/2447
f 3721/5250/2440 3720/5244/2440 3742/5260/2440 3735/5266/2440
f 3728/5245/2447 3729/5251/2447 3743/5267/2447 3750/5261/2447
f 3719/5240/2440 3724/5243/2440 3738/5257/2440 3741/5256/2440
f 3732/5242/2447 3727/5241/2447 3749/5259/2447 3746/5258/2447
f 3725/5246/2440 3722/5249/2440 3736/5263/2440 3739/5262/2440
f 3730/5248/2447 3733/5247/2447 3747/5265/2447 3744/5264/2447
f 3766/5268/2447 3751/5269/2447 3774/5270/2447 3772/5271/2447 3770/5272/2447 3768/5273/2447
f 3753/5274/2448 3754/5275/2448 3756/5276/2448 3755/5277/2448
f 3769/5278/2449 3770/5279/2449 3772/5280/2449 3771/5281/2449
f 3755/5277/2445 3756/5276/2445 3758/5282/2445 3757/5283/2445
f 3767/5284/2450 3768/5285/2450 3770/5279/2450 3769/5278/2450
f 3757/5283/2450 3758/5282/2450 3760/5286/2450 3759/5287/2450
f 3773/5288/2451 3774/5289/2451 3751/5290/2451 3752/5291/2451
f 3765/5292/2445 3766/5293/2445 3768/5285/2445 3767/5284/2445
f 3759/5287/2449 3760/5286/2449 3762/5294/2449 3761/5295/2449
f 3756/5296/2447 3754/5297/2447 3764/5298/2447 3762/5299/2447 3760/5300/2447 3758/5301/2447
f 3752/5302/2448 3751/5303/2448 3766/5293/2448 3765/5292/2448
f 3761/5295/2446 3762/5294/2446 3764/5304/2446 3763/5305/2446
f 3771/5281/2446 3772/5280/2446 3774/5289/2446 3773/5288/2446
f 3763/5305/2451 3764/5304/2451 3754/5306/2451 3753/5307/2451
f 3803/5308/2452 3804/5309/2452 3806/5310/2452 3805/5311/2452
f 3777/5312/2453 3778/5313/2453 3780/5314/2453 3779/5315/2453
f 3794/5316/2447 3775/5317/2447 3806/5318/2447 3804/5319/2447 3802/5320/2447 3800/5321/2447 3798/5322/2447 3796/5323/2447
f 3779/5315/2454 3780/5314/2454 3782/5324/2454 3781/5325/2454
f 3801/5326/2455 3802/5327/2455 3804/5309/2455 3803/5308/2455
f 3781/5325/2456 3782/5324/2456 3784/5328/2456 3783/5329/2456
f 3799/5330/2457 3800/5331/2457 3802/5327/2457 3801/5326/2457
f 3783/5329/2458 3784/5328/2458 3786/5332/2458 3785/5333/2458
f 3797/5334/2458 3798/5335/2458 3800/5331/2458 3799/5330/2458
f 3785/5333/2457 3786/5332/2457 3788/5336/2457 3787/5337/2457
f 3795/5338/2456 3796/5339/2456 3798/5335/2456 3797/5334/2456
f 3787/5337/2455 3788/5336/2455 3790/5340/2455 3789/5341/2455
f 3780/5342/2447 3778/5343/2447 3792/5344/2447 3790/5345/2447 3788/5346/2447 3786/5347/2447 3784/5348/2447 3782/5349/2447
f 3793/5350/2454 3794/5351/2454 3796/5339/2454 3795/5338/2454
f 3789/5341/2452 3790/5340/2452 3792/5352/2452 3791/5353/2452
f 3805/5311/2459 3806/5310/2459 3775/5354/2459 3776/5355/2459
f 3791/5353/2459 3792/5352/2459 3778/5356/2459 3777/5357/2459
f 3776/5358/2453 3775/5359/2453 3794/5351/2453 3793/5350/2453
f 3807/5360/2460 3808/5361/2460 3810/5362/2460 3809/5363/2460
f 3815/5364/2461 3816/5365/2461 3824/5366/2461 3823/5367/2461
f 3809/5363/2462 3810/5362/2462 3814/5368/2462 3813/5369/2462 3811/5370/2462 3812/5371/2462
f 3821/5372/2463 3822/5373/2463 3826/5374/2463 3816/5365/2463 3815/5364/2463 3825/5375/2463
f 3819/5376/2464 3820/5377/2464 3822/5373/2464 3821/5372/2464
f 3818/5378/2465 3817/5379/2465 3808/5361/2465 3807/5360/2465
f 3823/5367/2466 3824/5366/2466 3817/5380/2466 3818/5381/2466
f 3811/5370/2467 3813/5369/2467 3820/5377/2467 3819/5376/2467
o conector-suelo-plano
v -0.466709 0.604189 -2.775605
v -0.466709 0.594189 -2.775605
v -0.606709 0.594189 -2.775605
v -0.606709 0.604189 -2.775605
v -0.598049 0.594189 -2.770605
v -0.598049 0.604189 -2.770605
v -0.598049 0.594189 -2.760605
v -0.598049 0.604189 -2.760605
v -0.606709 0.594189 -2.755605
v -0.606709 0.604189 -2.755605
v -0.615370 0.594189 -2.760605
v -0.615370 0.604189 -2.760605
v -0.615370 0.594189 -2.770605
v -0.615370 0.604189 -2.770605
v -0.458049 0.594189 -2.770605
v -0.458049 0.604189 -2.770605
v -0.458049 0.594189 -2.760605
v -0.458049 0.604189 -2.760605
v -0.466709 0.594189 -2.755605
v -0.466709 0.604189 -2.755605
v -0.475370 0.594189 -2.760605
v -0.475370 0.604189 -2.760605
v -0.475370 0.594189 -2.770605
v -0.475370 0.604189 -2.770605
v -0.466833 0.614328 -2.770499
v -0.466833 0.604050 -2.770499
v -0.606833 0.604050 -2.770499
v -0.606833 0.614328 -2.770499
v -0.603199 0.604050 -2.768993
v -0.603199 0.614328 -2.768993
v -0.601694 0.604050 -2.765359
v -0.601694 0.614328 -2.765359
v -0.603199 0.604050 -2.761725
v -0.603199 0.614328 -2.761725
v -0.606833 0.604050 -2.760220
v -0.606833 0.614328 -2.760220
v -0.610467 0.604050 -2.761725
v -0.610467 0.614328 -2.761725
v -0.611972 0.604050 -2.765359
v -0.611972 0.614328 -2.765359
v -0.610467 0.604050 -2.768993
v -0.610467 0.614328 -2.768993
v -0.463199 0.604050 -2.768993
v -0.463199 0.614328 -2.768993
v -0.461694 0.604050 -2.765359
v -0.461694 0.614328 -2.765359
v -0.463199 0.604050 -2.761725
v -0.463199 0.614328 -2.761725
v -0.466833 0.604050 -2.760220
v -0.466833 0.614328 -2.760220
v -0.470467 0.604050 -2.761725
v -0.470467 0.614328 -2.761725
v -0.471972 0.604050 -2.765359
v -0.471972 0.614328 -2.765359
v -0.470467 0.604050 -2.768993
v -0.470467 0.614328 -2.768993
v -0.466709 0.604189 -2.641605
v -0.466709 0.594189 -2.641605
v -0.606709 0.594189 -2.641605
v -0.606709 0.604189 -2.641605
v -0.598049 0.594189 -2.636605
v -0.598049 0.604189 -2.636605
v -0.598049 0.594189 -2.626605
v -0.598049 0.604189 -2.626605
v -0.606709 0.594189 -2.621605
v -0.606709 0.604189 -2.621605
v -0.615370 0.594189 -2.626605
v -0.615370 0.604189 -2.626605
v -0.615370 0.594189 -2.636605
v -0.615370 0.604189 -2.636605
v -0.458049 0.594189 -2.636605
v -0.458049 0.604189 -2.636605
v -0.458049 0.594189 -2.626605
v -0.458049 0.604189 -2.626605
v -0.466709 0.594189 -2.621605
v -0.466709 0.604189 -2.621605
v -0.475370 0.594189 -2.626605
v -0.475370 0.604189 -2.626605
v -0.475370 0.594189 -2.636605
v -0.475370 0.604189 -2.636605
v -0.466833 0.614328 -2.636498
v -0.466833 0.604050 -2.636498
v -0.606833 0.604050 -2.636498
v -0.606833 0.614328 -2.636498
v -0.603199 0.604050 -2.634993
v -0.603199 0.614328 -2.634993
v -0.601694 0.604050 -2.631359
v -0.601694 0.614328 -2.631359
v -0.603199 0.604050 -2.627725
v -0.603199 0.614328 -2.627725
v -0.606833 0.604050 -2.626220
v -0.606833 0.614328 -2.626220
v -0.610467 0.604050 -2.627725
v -0.610467 0.614328 -2.627725
v -0.611972 0.604050 -2.631359
v -0.611972 0.614328 -2.631359
v -0.610467 0.604050 -2.634993
v -0.610467 0.614328 -2.634993
v -0.463199 0.604050 -2.634993
v -0.463199 0.614328 -2.634993
v -0.461694 0.604050 -2.631359
v -0.461694 0.614328 -2.631359
v -0.463199 0.604050 -2.627725
v -0.463199 0.614328 -2.627725
v -0.466833 0.604050 -2.626220
v -0.466833 0.614328 -2.626220
v -0.470467 0.604050 -2.627725
v -0.470467 0.614328 -2.627725
v -0.471972 0.604050 -2.631359
v -0.471972 0.614328 -2.631359
v -0.470467 0.604050 -2.634993
v -0.470467 0.614328 -2.634993
v -0.481804 0.593238 -2.654945
v -0.481804 0.573238 -2.654945
v -0.481804 0.593238 -2.749096
v -0.481804 0.573238 -2.749096
v -0.490399 0.593238 -2.757691
v -0.490399 0.573238 -2.757691
v -0.490399 0.593238 -2.646350
v -0.490399 0.573238 -2.646350
v -0.584550 0.593238 -2.757691
v -0.584550 0.573238 -2.757691
v -0.584550 0.593238 -2.646350
v -0.584550 0.573238 -2.646350
v -0.593145 0.593238 -2.749096
v -0.593145 0.573238 -2.749096
v -0.593145 0.593238 -2.654945
v -0.593145 0.573238 -2.654945
v -0.487474 0.601502 -2.744301
v -0.495194 0.601502 -2.752021
v -0.579755 0.601502 -2.752021
v -0.587474 0.601502 -2.744301
v -0.495194 0.601502 -2.652021
v -0.487474 0.601502 -2.659740
v -0.587474 0.601502 -2.659740
v -0.579755 0.601502 -2.652020
v -0.487474 0.572550 -2.744301
v -0.495194 0.572550 -2.752021
v -0.579755 0.572550 -2.752021
v -0.587474 0.572550 -2.744301
v -0.495194 0.572550 -2.652021
v -0.487474 0.572550 -2.659740
v -0.587474 0.572550 -2.659740
v -0.579755 0.572550 -2.652020
v -0.584550 0.601502 -2.757691
v -0.593145 0.601502 -2.749096
v -0.490399 0.601502 -2.646350
v -0.481804 0.601502 -2.654945
v -0.593145 0.601502 -2.654945
v -0.584550 0.601502 -2.646350
v -0.481804 0.601502 -2.749096
v -0.490399 0.601502 -2.757691
v -0.584550 0.572550 -2.757691
v -0.593145 0.572550 -2.749096
v -0.490399 0.572550 -2.646350
v -0.481804 0.572550 -2.654945
v -0.593145 0.572550 -2.654945
v -0.584550 0.572550 -2.646350
v -0.481804 0.572550 -2.749096
v -0.490399 0.572550 -2.757691
v -0.629555 0.573238 -2.602021
v -0.637474 0.573238 -2.609940
v -0.637474 0.593238 -2.609940
v -0.629555 0.593238 -2.602021
v -0.637474 0.573238 -2.794101
v -0.629555 0.573238 -2.802021
v -0.629555 0.593238 -2.802021
v -0.637474 0.593238 -2.794101
v -0.437474 0.573238 -2.609940
v -0.445394 0.573238 -2.602021
v -0.445394 0.593238 -2.602021
v -0.437474 0.593238 -2.609940
v -0.445394 0.573238 -2.802021
v -0.437474 0.573238 -2.794101
v -0.437474 0.593238 -2.794101
v -0.445394 0.593238 -2.802021
vt 0.045503 0.467181
vt 0.042221 0.466094
vt 0.042270 0.434626
vt 0.046236 0.434680
vt 0.008637 0.433256
vt 0.016513 0.441015
vt 0.015009 0.442519
vt 0.007251 0.434642
vt 0.034515 0.458935
vt 0.034698 0.442998
vt 0.009324 0.468391
vt 0.016779 0.460426
vt 0.033071 0.460407
vt 0.041201 0.467772
vt 0.008354 0.471851
vt 0.041247 0.471782
vt 0.119191 0.428471
vt 0.123152 0.428471
vt 0.123152 0.432433
vt 0.119191 0.432433
vt 0.131191 0.440357
vt 0.127229 0.440357
vt 0.127229 0.436395
vt 0.131191 0.436395
vt 0.123152 0.436395
vt 0.119191 0.436395
vt 0.131191 0.444319
vt 0.127229 0.444319
vt 0.123152 0.440357
vt 0.119191 0.440357
vt 0.131191 0.432433
vt 0.127229 0.432433
vt 0.127229 0.428471
vt 0.131191 0.428471
vt 0.131191 0.448281
vt 0.127229 0.448281
vt 0.123152 0.444319
vt 0.119191 0.444319
vt 0.131191 0.452243
vt 0.127229 0.452243
vt 0.123152 0.448281
vt 0.119191 0.448281
vt 0.123152 0.452243
vt 0.119191 0.452243
vt 0.141255 0.438382
vt 0.135438 0.438382
vt 0.135438 0.436156
vt 0.141255 0.436156
vt 0.141255 0.451739
vt 0.135438 0.451739
vt 0.135438 0.449513
vt 0.141255 0.449513
vt 0.135438 0.447287
vt 0.141255 0.447287
vt 0.141255 0.440608
vt 0.135438 0.440608
vt 0.135438 0.445061
vt 0.141255 0.445061
vt 0.141255 0.442834
vt 0.135438 0.442834
vt 0.135438 0.442834
vt 0.141255 0.442834
vt 0.141255 0.445061
vt 0.135438 0.445061
vt 0.135438 0.440608
vt 0.141255 0.440608
vt 0.141255 0.447287
vt 0.135438 0.447287
vt 0.135438 0.438382
vt 0.141255 0.438382
vt 0.141255 0.449513
vt 0.135438 0.449513
vt 0.135438 0.436156
vt 0.141255 0.436156
vt 0.135438 0.433930
vt 0.141255 0.433930
vt 0.135438 0.433930
vt 0.141255 0.433930
vt 0.141255 0.451739
vt 0.135438 0.451739
vt 0.115171 0.428471
vt 0.119133 0.428471
vt 0.119133 0.432433
vt 0.115171 0.432433
vt 0.127172 0.440357
vt 0.123210 0.440357
vt 0.123210 0.436395
vt 0.127172 0.436395
vt 0.119133 0.436395
vt 0.115171 0.436395
vt 0.127172 0.444319
vt 0.123210 0.444319
vt 0.119133 0.440357
vt 0.115171 0.440357
vt 0.127172 0.432433
vt 0.123210 0.432433
vt 0.123210 0.428471
vt 0.127172 0.428471
vt 0.127172 0.448281
vt 0.123210 0.448281
vt 0.119133 0.444319
vt 0.115171 0.444319
vt 0.127172 0.452243
vt 0.123210 0.452243
vt 0.119133 0.448281
vt 0.115171 0.448281
vt 0.119133 0.452243
vt 0.115171 0.452243
vt 0.135438 0.447287
vt 0.141255 0.447287
vt 0.141255 0.449513
vt 0.135438 0.449513
vt 0.141255 0.451739
vt 0.135438 0.451739
vt 0.135438 0.449513
vt 0.141255 0.449513
vt 0.135438 0.447287
vt 0.141255 0.447287
vt 0.135438 0.445061
vt 0.141255 0.445061
vt 0.135438 0.445061
vt 0.141255 0.445061
vt 0.135438 0.442834
vt 0.141255 0.442834
vt 0.135438 0.442834
vt 0.141255 0.442834
vt 0.135438 0.440608
vt 0.141255 0.440608
vt 0.135438 0.440608
vt 0.141255 0.440608
vt 0.135438 0.438382
vt 0.141255 0.438382
vt 0.135438 0.438382
vt 0.141255 0.438382
vt 0.135438 0.436156
vt 0.141255 0.436156
vt 0.135438 0.436156
vt 0.141255 0.436156
vt 0.141255 0.451739
vt 0.135438 0.451739
vt 0.135438 0.433930
vt 0.141255 0.433930
vt 0.135438 0.433930
vt 0.141255 0.433930
vt 0.193339 0.284358
vt 0.193339 0.282132
vt 0.194913 0.280558
vt 0.197139 0.280558
vt 0.198713 0.282132
vt 0.198713 0.284358
vt 0.197139 0.285933
vt 0.194913 0.285933
vt 0.203142 0.289048
vt 0.198240 0.291878
vt 0.193339 0.289048
vt 0.193339 0.283388
vt 0.198240 0.280558
vt 0.203142 0.283388
vt 0.193339 0.284358
vt 0.193339 0.282132
vt 0.194913 0.280558
vt 0.197139 0.280558
vt 0.198713 0.282132
vt 0.198713 0.284358
vt 0.197139 0.285933
vt 0.194913 0.285933
vt 0.203142 0.283388
vt 0.203142 0.289048
vt 0.198240 0.291878
vt 0.193339 0.289048
vt 0.193339 0.283388
vt 0.198240 0.280558
vt 0.194913 0.285933
vt 0.193339 0.284358
vt 0.193339 0.282132
vt 0.194913 0.280558
vt 0.197139 0.280558
vt 0.198713 0.282132
vt 0.198713 0.284358
vt 0.197139 0.285933
vt 0.198240 0.280558
vt 0.203142 0.283388
vt 0.203142 0.289048
vt 0.198240 0.291878
vt 0.193339 0.289048
vt 0.193339 0.283388
vt 0.194913 0.285933
vt 0.193339 0.284358
vt 0.193339 0.282132
vt 0.194913 0.280558
vt 0.197139 0.280558
vt 0.198713 0.282132
vt 0.198713 0.284358
vt 0.197139 0.285933
vt 0.203142 0.283388
vt 0.203142 0.289048
vt 0.198240 0.291878
vt 0.193339 0.289048
vt 0.193339 0.283388
vt 0.198240 0.280558
vt 0.004520 0.434620
vt 0.007804 0.435734
vt 0.007437 0.467406
vt 0.003446 0.467311
vt 0.041383 0.430340
vt 0.040456 0.433720
vt 0.008831 0.434064
vt 0.008826 0.430091
vt 0.028450 0.352691
vt 0.022894 0.352645
vt 0.024657 0.338885
vt 0.028098 0.339133
vt 0.027908 0.371263
vt 0.022305 0.371198
vt 0.022801 0.354691
vt 0.028269 0.354622
vt 0.027886 0.373241
vt 0.022177 0.373430
vt 0.028337 0.409117
vt 0.023100 0.409059
vt 0.022151 0.392436
vt 0.027967 0.392044
vt 0.028080 0.389993
vt 0.022190 0.390152
vt 0.027823 0.410927
vt 0.023470 0.410886
vt 0.017343 0.352225
vt 0.018963 0.337503
vt 0.023959 0.338110
vt 0.021914 0.352821
vt 0.016160 0.371046
vt 0.017132 0.354266
vt 0.021718 0.354264
vt 0.021150 0.371464
vt 0.016073 0.373258
vt 0.021022 0.373021
vt 0.017308 0.410544
vt 0.015861 0.392636
vt 0.020962 0.392081
vt 0.021934 0.409642
vt 0.015836 0.390328
vt 0.021017 0.390472
vt 0.017801 0.412497
vt 0.022452 0.411324
vt 0.028960 0.338362
vt 0.029370 0.353020
vt 0.029055 0.390337
vt 0.029129 0.391583
vt 0.029400 0.354221
vt 0.029400 0.409779
vt 0.028716 0.411345
vt 0.028973 0.371737
vt 0.028896 0.372926
vt 0.040868 0.433256
vt 0.032992 0.441015
vt 0.040868 0.468260
vt 0.032992 0.460502
vt 0.034496 0.458997
vt 0.042254 0.466874
vt 0.015282 0.458938
vt 0.015466 0.442903
vt 0.043422 0.430985
vt 0.005313 0.432649
vt 0.006240 0.471181
vt 0.044728 0.469156
vt 0.015009 0.458997
vt 0.007251 0.466874
vt 0.033081 0.441452
vt 0.016908 0.441440
vt 0.042254 0.434642
vt 0.034496 0.442519
vt 0.016513 0.460502
vt 0.008637 0.468260
vn 0.0000 0.0000 1.0000
vn 0.0000 -1.0000 -0.0000
vn 0.0000 1.0000 -0.0000
vn 1.0000 0.0000 0.0000
vn 0.5000 0.0000 -0.8660
vn -0.5000 0.0000 0.8660
vn 0.5000 0.0000 0.8660
vn -0.5000 0.0000 -0.8660
vn -1.0000 0.0000 0.0000
vn -0.9239 0.0000 -0.3827
vn 0.3827 0.0000 -0.9239
vn 0.9239 0.0000 -0.3827
vn -0.9239 0.0000 0.3827
vn 0.9239 0.0000 0.3827
vn -0.3827 0.0000 0.9239
vn 0.3827 0.0000 0.9239
vn -0.3827 0.0000 -0.9239
vn 0.0000 0.0000 -1.0000
vn -0.7071 0.0000 0.7071
vn -0.7071 0.0000 -0.7071
vn 0.7071 0.0000 -0.7071
vn 0.7071 0.0000 0.7071
usemtl hiper-atlas
s off
f 3996/5382/2468 3997/5383/2468 3990/5384/2468 3987/5385/2468
f 3992/5386/2469 3948/5387/2469 3952/5388/2469 3991/5389/2469
f 3997/5383/2470 3945/5390/2470 3949/5391/2470 3990/5384/2470
f 4001/5392/2470 3941/5393/2470 3939/5394/2470 3998/5395/2470
f 4000/5396/2471 4001/5392/2471 3998/5395/2471 3995/5397/2471
f 3829/5398/2472 3830/5399/2472 3832/5400/2472 3831/5401/2472
f 3845/5402/2473 3846/5403/2473 3848/5404/2473 3847/5405/2473
f 3831/5401/2471 3832/5400/2471 3834/5406/2471 3833/5407/2471
f 3843/5408/2474 3844/5409/2474 3846/5403/2474 3845/5402/2474
f 3833/5407/2474 3834/5406/2474 3836/5410/2474 3835/5411/2474
f 3849/5412/2475 3850/5413/2475 3827/5414/2475 3828/5415/2475
f 3841/5416/2471 3842/5417/2471 3844/5409/2471 3843/5408/2471
f 3835/5411/2473 3836/5410/2473 3838/5418/2473 3837/5419/2473
f 3828/5420/2472 3827/5421/2472 3842/5417/2472 3841/5416/2472
f 3837/5419/2476 3838/5418/2476 3840/5422/2476 3839/5423/2476
f 3847/5405/2476 3848/5404/2476 3850/5413/2476 3849/5412/2476
f 3839/5423/2475 3840/5422/2475 3830/5424/2475 3829/5425/2475
f 3879/5426/2477 3880/5427/2477 3882/5428/2477 3881/5429/2477
f 3853/5430/2478 3854/5431/2478 3856/5432/2478 3855/5433/2478
f 3855/5433/2479 3856/5432/2479 3858/5434/2479 3857/5435/2479
f 3877/5436/2480 3878/5437/2480 3880/5427/2480 3879/5426/2480
f 3857/5435/2481 3858/5434/2481 3860/5438/2481 3859/5439/2481
f 3875/5440/2482 3876/5441/2482 3878/5437/2482 3877/5436/2482
f 3859/5439/2483 3860/5438/2483 3862/5442/2483 3861/5443/2483
f 3873/5444/2483 3874/5445/2483 3876/5441/2483 3875/5440/2483
f 3861/5443/2482 3862/5442/2482 3864/5446/2482 3863/5447/2482
f 3871/5448/2481 3872/5449/2481 3874/5445/2481 3873/5444/2481
f 3863/5447/2480 3864/5446/2480 3866/5450/2480 3865/5451/2480
f 3869/5452/2479 3870/5453/2479 3872/5449/2479 3871/5448/2479
f 3865/5451/2477 3866/5450/2477 3868/5454/2477 3867/5455/2477
f 3881/5429/2484 3882/5428/2484 3851/5456/2484 3852/5457/2484
f 3867/5455/2484 3868/5454/2484 3854/5458/2484 3853/5459/2484
f 3852/5460/2478 3851/5461/2478 3870/5453/2478 3869/5452/2478
f 3885/5462/2472 3886/5463/2472 3888/5464/2472 3887/5465/2472
f 3901/5466/2473 3902/5467/2473 3904/5468/2473 3903/5469/2473
f 3887/5465/2471 3888/5464/2471 3890/5470/2471 3889/5471/2471
f 3899/5472/2474 3900/5473/2474 3902/5467/2474 3901/5466/2474
f 3889/5471/2474 3890/5470/2474 3892/5474/2474 3891/5475/2474
f 3905/5476/2475 3906/5477/2475 3883/5478/2475 3884/5479/2475
f 3897/5480/2471 3898/5481/2471 3900/5473/2471 3899/5472/2471
f 3891/5475/2473 3892/5474/2473 3894/5482/2473 3893/5483/2473
f 3884/5484/2472 3883/5485/2472 3898/5481/2472 3897/5480/2472
f 3893/5483/2476 3894/5482/2476 3896/5486/2476 3895/5487/2476
f 3903/5469/2476 3904/5468/2476 3906/5477/2476 3905/5476/2476
f 3895/5487/2475 3896/5486/2475 3886/5488/2475 3885/5489/2475
f 3935/5490/2477 3936/5491/2477 3938/5492/2477 3937/5493/2477
f 3909/5494/2478 3910/5495/2478 3912/5496/2478 3911/5497/2478
f 3911/5497/2479 3912/5496/2479 3914/5498/2479 3913/5499/2479
f 3933/5500/2480 3934/5501/2480 3936/5491/2480 3935/5490/2480
f 3913/5499/2481 3914/5498/2481 3916/5502/2481 3915/5503/2481
f 3931/5504/2482 3932/5505/2482 3934/5501/2482 3933/5500/2482
f 3915/5503/2483 3916/5502/2483 3918/5506/2483 3917/5507/2483
f 3929/5508/2483 3930/5509/2483 3932/5505/2483 3931/5504/2483
f 3917/5507/2482 3918/5506/2482 3920/5510/2482 3919/5511/2482
f 3927/5512/2481 3928/5513/2481 3930/5509/2481 3929/5508/2481
f 3919/5511/2480 3920/5510/2480 3922/5514/2480 3921/5515/2480
f 3925/5516/2479 3926/5517/2479 3928/5513/2479 3927/5512/2479
f 3921/5515/2477 3922/5514/2477 3924/5518/2477 3923/5519/2477
f 3937/5493/2484 3938/5492/2484 3907/5520/2484 3908/5521/2484
f 3923/5519/2484 3924/5518/2484 3910/5522/2484 3909/5523/2484
f 3908/5524/2478 3907/5525/2478 3926/5517/2478 3925/5516/2478
f 3878/5526/2470 3876/5527/2470 3874/5528/2470 3872/5529/2470 3870/5530/2470 3851/5531/2470 3882/5532/2470 3880/5533/2470
f 3848/5534/2470 3846/5535/2470 3844/5536/2470 3842/5537/2470 3827/5538/2470 3850/5539/2470
f 3934/5540/2470 3932/5541/2470 3930/5542/2470 3928/5543/2470 3926/5544/2470 3907/5545/2470 3938/5546/2470 3936/5547/2470
f 3904/5548/2470 3902/5549/2470 3900/5550/2470 3898/5551/2470 3883/5552/2470 3906/5553/2470
f 3856/5554/2470 3854/5555/2470 3868/5556/2470 3866/5557/2470 3864/5558/2470 3862/5559/2470 3860/5560/2470 3858/5561/2470
f 3832/5562/2470 3830/5563/2470 3840/5564/2470 3838/5565/2470 3836/5566/2470 3834/5567/2470
f 3912/5568/2470 3910/5569/2470 3924/5570/2470 3922/5571/2470 3920/5572/2470 3918/5573/2470 3916/5574/2470 3914/5575/2470
f 3888/5576/2470 3886/5577/2470 3896/5578/2470 3894/5579/2470 3892/5580/2470 3890/5581/2470
f 3992/5582/2485 3993/5583/2485 4002/5584/2485 3999/5585/2485
f 3988/5586/2476 3989/5587/2476 3994/5588/2476 3991/5589/2476
f 3959/5590/2485 3967/5591/2485 3970/5592/2485 3962/5593/2485
f 3955/5594/2476 3963/5595/2476 3968/5596/2476 3960/5597/2476
f 3956/5598/2486 3964/5599/2486 3963/5595/2486 3955/5594/2486
f 3960/5597/2487 3968/5596/2487 3967/5591/2487 3959/5590/2487
f 3961/5600/2471 3969/5601/2471 3966/5602/2471 3958/5603/2471
f 3957/5604/2468 3965/5605/2468 3964/5599/2468 3956/5598/2468
f 3962/5606/2488 3970/5607/2488 3969/5601/2488 3961/5600/2488
f 3958/5603/2489 3966/5602/2489 3965/5605/2489 3957/5604/2489
f 3973/5608/2468 3976/5609/2468 3984/5610/2468 3981/5611/2468
f 3977/5612/2471 3974/5613/2471 3982/5614/2471 3985/5615/2471
f 3978/5616/2488 3977/5612/2488 3985/5615/2488 3986/5617/2488
f 3974/5613/2489 3973/5608/2489 3981/5611/2489 3982/5614/2489
f 3975/5618/2476 3972/5619/2476 3980/5620/2476 3983/5621/2476
f 3971/5622/2485 3978/5616/2485 3986/5617/2485 3979/5623/2485
f 3976/5624/2486 3975/5618/2486 3983/5621/2486 3984/5625/2486
f 3972/5619/2487 3971/5622/2487 3979/5623/2487 3980/5620/2487
f 3959/5590/2470 3962/5593/2470 3976/5626/2470 3973/5627/2470
f 3958/5603/2470 3957/5604/2470 3971/5628/2470 3972/5629/2470
f 3970/5592/2469 3967/5591/2469 3981/5611/2469 3984/5610/2469
f 3965/5605/2469 3966/5602/2469 3980/5620/2469 3979/5623/2469
f 3960/5597/2470 3959/5590/2470 3973/5627/2470 3974/5630/2470
f 3967/5591/2469 3968/5596/2469 3982/5614/2469 3981/5611/2469
f 3962/5606/2470 3961/5600/2470 3975/5631/2470 3976/5632/2470
f 3969/5601/2469 3970/5607/2469 3984/5625/2469 3983/5621/2469
f 3956/5598/2470 3955/5594/2470 3977/5633/2470 3978/5634/2470
f 3963/5595/2469 3964/5599/2469 3986/5617/2469 3985/5615/2469
f 3957/5604/2470 3956/5598/2470 3978/5634/2470 3971/5628/2470
f 3964/5599/2469 3965/5605/2469 3979/5623/2469 3986/5617/2469
f 3955/5594/2470 3960/5597/2470 3974/5630/2470 3977/5633/2470
f 3968/5596/2469 3963/5595/2469 3985/5615/2469 3982/5614/2469
f 3961/5600/2470 3958/5603/2470 3972/5629/2470 3975/5631/2470
f 3966/5602/2469 3969/5601/2469 3983/5621/2469 3980/5620/2469
f 3948/5387/2469 3992/5386/2469 3999/5635/2469 3944/5636/2469
f 3996/5637/2469 3946/5638/2469 3940/5639/2469 3995/5640/2469
f 3943/5641/2470 4002/5584/2470 3993/5583/2470 3947/5642/2470
f 3987/5643/2486 3990/5384/2486 3989/5587/2486 3988/5586/2486
f 3993/5583/2487 3992/5582/2487 3991/5644/2487 3994/5588/2487
f 4001/5392/2488 4000/5396/2488 3999/5645/2488 4002/5584/2488
f 3997/5383/2489 3996/5382/2489 3995/5646/2489 3998/5395/2489
f 3952/5388/2469 3954/5647/2469 3988/5648/2469 3991/5389/2469
f 3990/5384/2470 3949/5391/2470 3953/5649/2470 3989/5587/2470
f 3945/5390/2470 3997/5383/2470 3998/5395/2470 3939/5394/2470
f 3989/5587/2470 3953/5649/2470 3951/5650/2470 3994/5588/2470
f 3947/5642/2470 3993/5583/2470 3994/5588/2470 3951/5650/2470
f 3941/5393/2470 4001/5392/2470 4002/5584/2470 3943/5641/2470
f 3944/5636/2469 3999/5635/2469 4000/5651/2469 3942/5652/2469
f 3942/5652/2469 4000/5651/2469 3995/5640/2469 3940/5639/2469
f 3988/5648/2469 3954/5647/2469 3950/5653/2469 3987/5654/2469
f 3987/5654/2469 3950/5653/2469 3946/5638/2469 3996/5637/2469
o escalera-aluminio-de-pared_escalera-aluminio
v 1.318365 0.079340 -0.179420
v 1.318365 0.069357 -0.186479
v 1.320432 0.074349 -0.184411
v 1.271652 0.032628 -0.179420
v 1.281636 0.032628 -0.186479
v 1.276644 0.030560 -0.184411
v 1.318365 0.079340 0.161536
v 1.318365 0.069357 0.168595
v 1.320432 0.074349 0.166527
v 1.271652 0.032628 0.161536
v 1.281636 0.032628 0.168595
v 1.276644 0.030560 0.166527
v -0.510130 1.907835 -0.179420
v -0.520113 1.907835 -0.186479
v -0.515121 1.909902 -0.184411
v -0.556842 1.861122 -0.179420
v -0.556842 1.871105 -0.186479
v -0.558910 1.866114 -0.184411
v -0.510130 1.907835 0.161536
v -0.520113 1.907835 0.168595
v -0.515121 1.909902 0.166527
v -0.556842 1.861122 0.161536
v -0.556842 1.871105 0.168595
v -0.558910 1.866114 0.166527
v 1.271652 0.032628 -0.148932
v 1.281636 0.032628 -0.148932
v 1.276644 0.030560 -0.148932
v 1.281636 0.032628 0.139554
v 1.271652 0.032628 0.139554
v 1.276644 0.030560 0.139554
v -0.510130 1.907835 -0.148932
v -0.520113 1.907835 -0.148932
v -0.515121 1.909902 -0.148932
v -0.520113 1.907835 0.139554
v -0.510130 1.907835 0.139554
v -0.515121 1.909902 0.139554
v 1.318365 0.079340 0.139554
v 1.318365 0.069357 0.139554
v 1.320432 0.074349 0.139554
v 1.318365 0.069357 -0.148932
v 1.318365 0.079340 -0.148932
v 1.320432 0.074349 -0.148932
v -0.556842 1.861122 0.139554
v -0.556842 1.871105 0.139554
v -0.558910 1.866114 0.139554
v -0.556842 1.871105 -0.148932
v -0.556842 1.861122 -0.148932
v -0.558910 1.866114 -0.148932
v 0.708867 0.688838 0.161536
v 0.099368 1.298336 0.161536
v 0.096730 1.298051 0.166527
v 0.708581 0.686200 0.166527
v 0.092713 1.295009 0.168595
v 0.705539 0.682183 0.168595
v 0.052656 1.251624 0.161536
v 0.662154 0.642126 0.161536
v 0.664793 0.642411 0.166527
v 0.052941 1.254262 0.166527
v 0.668810 0.645454 0.168595
v 0.055984 1.258279 0.168595
v 0.708867 0.688838 0.139554
v 0.099368 1.298336 0.139554
v 0.052656 1.251624 0.139554
v 0.662154 0.642126 0.139554
v 0.662154 0.642126 -0.179420
v 0.052656 1.251624 -0.179420
v 0.052941 1.254262 -0.184411
v 0.664793 0.642411 -0.184411
v 0.055984 1.258279 -0.186479
v 0.668810 0.645454 -0.186479
v 0.099368 1.298336 -0.179420
v 0.708867 0.688838 -0.179420
v 0.708581 0.686200 -0.184411
v 0.096730 1.298051 -0.184411
v 0.705539 0.682183 -0.186479
v 0.092713 1.295009 -0.186479
v 0.099368 1.298336 -0.148932
v 0.708867 0.688838 -0.148932
v 0.662154 0.642126 -0.148932
v 0.052656 1.251624 -0.148932
v 1.205114 0.127303 0.168595
v 1.205114 0.127303 -0.186479
v 1.205114 0.127303 0.139554
v 1.205114 0.127303 -0.148932
v 1.223689 0.145878 0.168595
v 1.223689 0.145878 -0.186479
v 1.223689 0.145878 0.139554
v 1.223689 0.145878 -0.148932
v 1.223689 0.152759 0.168595
v 1.223689 0.152759 -0.186479
v 1.223689 0.152759 0.139554
v 1.223689 0.152759 -0.148932
v 1.198233 0.127303 0.168595
v 1.198233 0.127303 -0.186479
v 1.198233 0.127303 0.139554
v 1.198233 0.127303 -0.148932
v 1.184835 0.140701 0.168595
v 1.184835 0.140701 -0.186479
v 1.184835 0.140701 0.139554
v 1.184835 0.140701 -0.148932
v 1.210291 0.166157 0.168595
v 1.210291 0.166157 -0.186479
v 1.210291 0.166157 0.139554
v 1.210291 0.166157 -0.148932
v 1.184835 0.147582 0.168595
v 1.184835 0.147582 -0.186479
v 1.184835 0.147582 0.139554
v 1.184835 0.147582 -0.148932
v 1.002326 0.330091 0.168595
v 1.002326 0.330091 -0.186479
v 1.002326 0.330091 0.139554
v 1.002326 0.330091 -0.148932
v 1.203410 0.166157 0.168595
v 1.203410 0.166157 -0.186479
v 1.203410 0.166157 0.139554
v 1.203410 0.166157 -0.148932
v 0.995445 0.330091 0.168595
v 0.995445 0.330091 -0.186479
v 0.995445 0.330091 0.139554
v 0.995445 0.330091 -0.148932
v 1.020901 0.348666 0.168595
v 1.020901 0.348666 -0.186479
v 1.020901 0.348666 -0.148932
v 1.020901 0.348666 0.139554
v 1.020901 0.355547 0.168595
v 1.020901 0.355547 -0.186479
v 1.020901 0.355547 -0.148932
v 1.020901 0.355547 0.139554
v 1.007503 0.368945 0.168595
v 1.007503 0.368945 -0.186479
v 1.007503 0.368945 -0.148932
v 1.007503 0.368945 0.139554
v 0.982048 0.350370 0.168595
v 0.982047 0.350370 -0.186479
v 0.982048 0.350370 0.139554
v 0.982048 0.350370 -0.148932
v 0.818114 0.551454 0.168595
v 0.818114 0.551454 -0.186479
v 0.818114 0.551454 -0.148932
v 0.818114 0.551454 0.139554
v 1.000623 0.368945 0.168595
v 1.000623 0.368945 -0.186479
v 1.000623 0.368945 -0.148932
v 1.000623 0.368945 0.139554
v 0.818114 0.558335 0.168595
v 0.818114 0.558335 -0.186479
v 0.818114 0.558335 -0.148932
v 0.818114 0.558335 0.139554
v 0.792658 0.532879 0.168595
v 0.792658 0.532879 -0.186479
v 0.792658 0.532879 -0.148932
v 0.792658 0.532879 0.139554
v 0.982047 0.343489 0.168595
v 0.982047 0.343489 -0.186479
v 0.982047 0.343489 0.139554
v 0.982047 0.343489 -0.148932
v 0.799539 0.532879 0.168595
v 0.799539 0.532879 -0.186479
v 0.799539 0.532879 -0.148932
v 0.799539 0.532879 0.139554
v 0.797835 0.571733 0.168595
v 0.797835 0.571733 -0.186479
v 0.797835 0.571733 -0.148932
v 0.797835 0.571733 0.139554
v 0.804716 0.571733 0.168595
v 0.804716 0.571733 -0.186479
v 0.804716 0.571733 -0.148932
v 0.804716 0.571733 0.139554
v 0.779260 0.546277 0.168595
v 0.779260 0.546277 -0.186479
v 0.779260 0.546277 -0.148932
v 0.779260 0.546277 0.139554
v 0.779260 0.553157 0.168595
v 0.779260 0.553157 -0.186479
v 0.779260 0.553157 -0.148932
v 0.779260 0.553157 0.139554
v 0.615326 0.754242 -0.186479
v 0.615326 0.754242 0.168595
v 0.615326 0.754242 -0.148932
v 0.615326 0.754242 0.139554
v 0.596751 0.735666 -0.186479
v 0.596751 0.735666 0.168595
v 0.596751 0.735666 -0.148932
v 0.596751 0.735666 0.139554
v 0.615326 0.761122 -0.186479
v 0.615326 0.761122 0.168595
v 0.615326 0.761122 -0.148932
v 0.615326 0.761122 0.139554
v 0.589870 0.735666 -0.186479
v 0.589870 0.735666 0.168595
v 0.589870 0.735666 -0.148932
v 0.589870 0.735666 0.139554
v 0.576472 0.749064 0.168595
v 0.576472 0.749064 -0.186479
v 0.576472 0.749064 -0.148932
v 0.576472 0.749064 0.139554
v 0.601928 0.774520 -0.186479
v 0.601928 0.774520 0.168595
v 0.601928 0.774520 -0.148932
v 0.601928 0.774520 0.139554
v 0.576472 0.755945 -0.186479
v 0.576472 0.755945 0.168595
v 0.576472 0.755945 -0.148932
v 0.576472 0.755945 0.139554
v 0.387082 0.938454 0.168595
v 0.387082 0.938454 -0.186479
v 0.387082 0.938454 0.139554
v 0.387082 0.938454 -0.148932
v 0.412538 0.957029 -0.186479
v 0.412538 0.957029 0.168595
v 0.412538 0.957029 -0.148932
v 0.412538 0.957029 0.139554
v 0.595047 0.774520 -0.186479
v 0.595047 0.774520 0.168595
v 0.595047 0.774520 -0.148932
v 0.595047 0.774520 0.139554
v 0.393963 0.938454 0.168595
v 0.393963 0.938454 -0.186479
v 0.393963 0.938454 0.139554
v 0.393963 0.938454 -0.148932
v 0.412538 0.963910 -0.186479
v 0.412538 0.963910 0.168595
v 0.412538 0.963910 -0.148932
v 0.412538 0.963910 0.139554
v 0.373684 0.951852 0.168595
v 0.373684 0.951852 -0.186479
v 0.373684 0.951852 0.139554
v 0.373684 0.951852 -0.148932
v 0.404599 0.949090 -0.186479
v 0.373684 0.958733 0.168595
v 0.373684 0.958733 -0.186479
v 0.373684 0.958733 0.139554
v 0.373684 0.958733 -0.148932
v 0.399140 0.977308 -0.186479
v 0.399140 0.977308 0.168595
v 0.399140 0.977308 -0.148932
v 0.399140 0.977308 0.139554
v 0.392259 0.977308 -0.186479
v 0.392259 0.977308 0.168595
v 0.392259 0.977308 -0.148932
v 0.392259 0.977308 0.139554
v 0.191176 1.141242 -0.186479
v 0.191176 1.141242 0.168595
v 0.191176 1.141242 0.139554
v 0.191176 1.141242 -0.148932
v 0.209751 1.159817 -0.186479
v 0.209751 1.159817 0.168595
v 0.209751 1.159817 0.139554
v 0.209751 1.159817 -0.148932
v 0.209750 1.166698 -0.186479
v 0.209750 1.166698 0.168595
v 0.209750 1.166698 0.139554
v 0.209750 1.166698 -0.148932
v 0.184295 1.141242 0.168595
v 0.184295 1.141242 -0.186479
v 0.184295 1.141242 0.139554
v 0.184295 1.141242 -0.148932
v 0.170897 1.154640 0.168595
v 0.170897 1.154640 -0.186479
v 0.170897 1.154640 0.139554
v 0.170897 1.154640 -0.148932
v 0.170897 1.161521 -0.186479
v 0.170897 1.161521 0.168595
v 0.170897 1.161521 0.139554
v 0.170897 1.161521 -0.148932
v 0.196353 1.180096 -0.186479
v 0.196352 1.180096 0.168595
v 0.196352 1.180096 0.139554
v 0.196352 1.180096 -0.148932
v -0.018493 1.344030 0.139554
v -0.018493 1.344030 -0.148932
v -0.018493 1.344030 0.168595
v -0.018493 1.344030 -0.186479
v 0.006963 1.362604 0.139554
v 0.006963 1.362604 -0.148932
v 0.006963 1.362604 0.168595
v 0.006963 1.362604 -0.186479
v 0.189472 1.180096 -0.186479
v 0.189472 1.180096 0.168595
v 0.189472 1.180096 0.139554
v 0.189472 1.180096 -0.148932
v -0.011612 1.344029 0.139554
v -0.011612 1.344029 -0.148932
v -0.011612 1.344029 0.168595
v -0.011612 1.344029 -0.186479
v -0.006435 1.382883 0.139554
v -0.006435 1.382883 -0.148932
v -0.006435 1.382883 0.168595
v -0.006435 1.382883 -0.186479
v -0.031891 1.357427 0.139554
v -0.031891 1.357427 -0.148932
v -0.031891 1.357427 0.168595
v -0.031891 1.357427 -0.186479
v 0.006963 1.369485 0.139554
v 0.006963 1.369485 -0.148932
v 0.006963 1.369485 0.168595
v 0.006963 1.369485 -0.186479
v -0.013316 1.382883 0.139554
v -0.013316 1.382883 -0.148932
v -0.013316 1.382883 0.168595
v -0.013316 1.382883 -0.186479
v -0.031891 1.364308 0.139554
v -0.031891 1.364308 -0.148932
v -0.031891 1.364308 0.168595
v -0.031891 1.364308 -0.186479
v -0.195825 1.565392 0.139554
v -0.195825 1.565392 -0.148932
v -0.195825 1.565392 0.168595
v -0.195825 1.565392 -0.186479
v -0.214400 1.546817 0.139554
v -0.214400 1.546817 -0.148932
v -0.214400 1.546817 0.168595
v -0.214400 1.546817 -0.186479
v -0.221281 1.546817 0.139554
v -0.221281 1.546817 -0.148932
v -0.221281 1.546817 0.168595
v -0.221281 1.546817 -0.186479
v -0.195825 1.572273 0.139554
v -0.195825 1.572273 -0.148932
v -0.195825 1.572273 0.168595
v -0.195825 1.572273 -0.186479
v -0.209223 1.585671 0.139554
v -0.209223 1.585671 -0.148932
v -0.209223 1.585671 0.168595
v -0.209223 1.585671 -0.186479
v -0.216104 1.585671 0.139554
v -0.216104 1.585671 -0.148932
v -0.216104 1.585671 0.168595
v -0.216104 1.585671 -0.186479
v -0.234679 1.560215 0.139554
v -0.234679 1.560215 -0.148932
v -0.234679 1.560215 0.168595
v -0.234679 1.560215 -0.186479
v -0.424068 1.749605 0.139554
v -0.424068 1.749605 -0.148932
v -0.424068 1.749605 0.168595
v -0.424068 1.749605 -0.186479
v -0.398612 1.768180 0.139554
v -0.398612 1.768180 -0.148932
v -0.398612 1.768180 0.168595
v -0.398612 1.768180 -0.186479
v -0.234679 1.567096 0.139554
v -0.234679 1.567096 -0.148932
v -0.234679 1.567096 0.168595
v -0.234679 1.567096 -0.186479
v -0.417187 1.749605 0.139554
v -0.417187 1.749605 -0.148932
v -0.417187 1.749605 0.168595
v -0.417187 1.749605 -0.186479
v -0.412010 1.788458 0.139554
v -0.412010 1.788458 -0.148932
v -0.412010 1.788458 0.168595
v -0.412010 1.788458 -0.186479
v -0.437466 1.763003 0.139554
v -0.437466 1.763003 -0.148932
v -0.437466 1.763003 0.168595
v -0.437466 1.763003 -0.186479
v -0.398612 1.775061 0.139554
v -0.398612 1.775061 -0.148932
v -0.398612 1.775061 0.168595
v -0.398612 1.775061 -0.186479
v -0.418891 1.788458 0.139554
v -0.418891 1.788458 -0.148932
v -0.418891 1.788458 0.168595
v -0.418891 1.788458 -0.186479
v -0.437466 1.769884 0.139554
v -0.437466 1.769884 -0.148932
v -0.437466 1.769884 0.168595
v -0.437466 1.769884 -0.186479
v -0.398612 1.775061 -0.164518
v -0.398612 1.768180 -0.164518
v -0.417187 1.749605 -0.164518
v -0.424068 1.749605 -0.164518
v -0.398612 1.768180 0.147900
v -0.398612 1.775061 0.147900
v -0.424068 1.749605 0.147900
v -0.417187 1.749605 0.147900
v -0.418891 1.788458 -0.164518
v -0.412010 1.788458 -0.164518
v -0.437466 1.763003 -0.164518
v -0.437466 1.769884 -0.164518
v -0.412010 1.788458 0.147900
v -0.418891 1.788458 0.147900
v -0.437466 1.769884 0.147900
v -0.437466 1.763003 0.147900
v -0.195825 1.572273 -0.164518
v -0.195825 1.565392 -0.164518
v -0.214400 1.546817 -0.164518
v -0.221281 1.546817 -0.164518
v -0.195825 1.565392 0.147900
v -0.195825 1.572273 0.147900
v -0.221281 1.546817 0.147900
v -0.214400 1.546817 0.147900
v -0.216104 1.585671 -0.164518
v -0.209223 1.585671 -0.164518
v -0.234679 1.560215 -0.164518
v -0.234679 1.567096 -0.164518
v -0.209223 1.585671 0.147900
v -0.216104 1.585671 0.147900
v -0.234679 1.567096 0.147900
v -0.234679 1.560215 0.147900
v 0.006963 1.369485 -0.164518
v 0.006963 1.362604 -0.164518
v -0.011612 1.344029 -0.164518
v -0.018493 1.344030 -0.164518
v 0.006963 1.362604 0.147900
v 0.006963 1.369485 0.147900
v -0.018493 1.344030 0.147900
v -0.011612 1.344029 0.147900
v -0.013316 1.382883 -0.164518
v -0.006435 1.382883 -0.164518
v -0.031891 1.357427 -0.164518
v -0.031891 1.364308 -0.164518
v -0.006435 1.382883 0.147900
v -0.013316 1.382883 0.147900
v -0.031891 1.364308 0.147900
v -0.031891 1.357427 0.147900
v 0.209750 1.166698 -0.164518
v 0.209751 1.159817 -0.164518
v 0.191176 1.141242 -0.164518
v 0.184295 1.141242 -0.164518
v 0.209751 1.159817 0.147900
v 0.209750 1.166698 0.147900
v 0.184295 1.141242 0.147900
v 0.191176 1.141242 0.147900
v 0.189472 1.180096 -0.164518
v 0.196352 1.180096 -0.164518
v 0.170897 1.154640 -0.164518
v 0.170897 1.161521 -0.164518
v 0.196352 1.180096 0.147900
v 0.189472 1.180096 0.147900
v 0.170897 1.161521 0.147900
v 0.170897 1.154640 0.147900
v 0.412538 0.963910 -0.164518
v 0.412538 0.957029 -0.164518
v 0.393963 0.938454 -0.164518
v 0.387082 0.938454 -0.164518
v 0.412538 0.957029 0.147900
v 0.412538 0.963910 0.147900
v 0.387082 0.938454 0.147900
v 0.393963 0.938454 0.147900
v 0.392259 0.977308 -0.164518
v 0.399140 0.977308 -0.164518
v 0.373684 0.951852 -0.164518
v 0.373684 0.958733 -0.164518
v 0.399140 0.977308 0.147900
v 0.392259 0.977308 0.147900
v 0.373684 0.958733 0.147900
v 0.373684 0.951852 0.147900
v 0.615326 0.761122 -0.164518
v 0.615326 0.754242 -0.164518
v 0.596751 0.735666 -0.164518
v 0.589870 0.735666 -0.164518
v 0.615326 0.754242 0.147900
v 0.615326 0.761122 0.147900
v 0.589870 0.735666 0.147900
v 0.596751 0.735666 0.147900
v 0.595047 0.774520 -0.164518
v 0.601928 0.774520 -0.164518
v 0.576472 0.749064 -0.164518
v 0.576472 0.755945 -0.164518
v 0.601928 0.774520 0.147900
v 0.595047 0.774520 0.147900
v 0.576472 0.755945 0.147900
v 0.576472 0.749064 0.147900
v 0.818114 0.558335 -0.164518
v 0.818114 0.551454 -0.164518
v 0.799539 0.532879 -0.164518
v 0.792658 0.532879 -0.164518
v 0.818114 0.551454 0.147900
v 0.818114 0.558335 0.147900
v 0.792658 0.532879 0.147900
v 0.799539 0.532879 0.147900
v 0.797835 0.571733 -0.164518
v 0.804716 0.571733 -0.164518
v 0.779260 0.546277 -0.164518
v 0.779260 0.553157 -0.164518
v 0.804716 0.571733 0.147900
v 0.797835 0.571733 0.147900
v 0.779260 0.553157 0.147900
v 0.779260 0.546277 0.147900
v 1.020901 0.355547 -0.164518
v 1.020901 0.348666 -0.164518
v 1.002326 0.330091 -0.164518
v 0.995445 0.330091 -0.164518
v 1.020901 0.348666 0.147900
v 1.020901 0.355547 0.147900
v 0.995445 0.330091 0.147900
v 1.002326 0.330091 0.147900
v 1.000623 0.368945 -0.164518
v 1.007503 0.368945 -0.164518
v 0.982047 0.343489 -0.164518
v 0.982048 0.350370 -0.164518
v 1.007503 0.368945 0.147900
v 1.000623 0.368945 0.147900
v 0.982048 0.350370 0.147900
v 0.982047 0.343489 0.147900
v 1.223689 0.152759 -0.164518
v 1.223689 0.145878 -0.164518
v 1.205114 0.127303 -0.164518
v 1.198233 0.127303 -0.164518
v 1.223689 0.145878 0.147900
v 1.223689 0.152759 0.147900
v 1.198233 0.127303 0.147900
v 1.205114 0.127303 0.147900
v 1.203410 0.166157 -0.164518
v 1.210291 0.166157 -0.164518
v 1.184835 0.140701 -0.164518
v 1.184835 0.147582 -0.164518
v 1.210291 0.166157 0.147900
v 1.203410 0.166157 0.147900
v 1.184835 0.147582 0.147900
v 1.184835 0.140701 0.147900
vt 0.250000 0.416016
vt 0.434837 0.416016
vt 0.434837 0.424907
vt 0.409019 0.422710
vt 0.409019 0.418213
vt 0.407982 0.417380
vt 0.403941 0.417380
vt 0.402903 0.418213
vt 0.402903 0.422710
vt 0.347856 0.422710
vt 0.347856 0.418213
vt 0.346818 0.417380
vt 0.342777 0.417380
vt 0.341739 0.418213
vt 0.341739 0.422710
vt 0.286692 0.422710
vt 0.286692 0.418213
vt 0.285654 0.417380
vt 0.281613 0.417380
vt 0.280576 0.418213
vt 0.435044 0.424674
vt 0.435044 0.414988
vt 0.442795 0.414683
vt 0.442795 0.425516
vt 0.251999 0.409469
vt 0.432634 0.409469
vt 0.432824 0.411560
vt 0.251999 0.411560
vt 0.250000 0.427971
vt 0.432732 0.427971
vt 0.432732 0.431151
vt 0.250000 0.431151
vt 0.439521 0.327104
vt 0.439521 0.338636
vt 0.431799 0.338348
vt 0.431799 0.327240
vt 0.439564 0.326205
vt 0.439564 0.337682
vt 0.432584 0.337197
vt 0.432584 0.327613
vt 0.250000 0.410096
vt 0.250000 0.397887
vt 0.281110 0.401564
vt 0.280987 0.406419
vt 0.281998 0.407318
vt 0.286024 0.407318
vt 0.287085 0.406419
vt 0.287233 0.401564
vt 0.342340 0.401565
vt 0.341969 0.406420
vt 0.342934 0.407319
vt 0.346960 0.407319
vt 0.348067 0.406420
vt 0.348463 0.401565
vt 0.403566 0.401573
vt 0.402947 0.406428
vt 0.403867 0.407326
vt 0.407892 0.407328
vt 0.409043 0.406432
vt 0.434837 0.409269
vt 0.434837 0.410145
vt 0.432732 0.410096
vt 0.250000 0.355612
vt 0.250000 0.344232
vt 0.280212 0.347659
vt 0.280337 0.352184
vt 0.281374 0.353022
vt 0.285322 0.353022
vt 0.286308 0.352184
vt 0.340047 0.352183
vt 0.341130 0.353022
vt 0.345078 0.353022
vt 0.346018 0.352183
vt 0.399788 0.352176
vt 0.400914 0.353015
vt 0.404872 0.353013
vt 0.405778 0.352172
vt 0.432584 0.354100
vt 0.431132 0.355089
vt 0.430022 0.355612
vt 0.250000 0.341102
vt 0.428513 0.341102
vt 0.428513 0.343068
vt 0.250000 0.343068
vt 0.251999 0.414988
vt 0.280714 0.417382
vt 0.280714 0.422280
vt 0.281742 0.423187
vt 0.285744 0.423187
vt 0.286771 0.422280
vt 0.341285 0.422280
vt 0.342312 0.423187
vt 0.346314 0.423187
vt 0.347342 0.422280
vt 0.401855 0.422280
vt 0.402883 0.423187
vt 0.406885 0.423187
vt 0.407912 0.422280
vt 0.251999 0.424674
vt 0.250000 0.318914
vt 0.428125 0.318914
vt 0.428125 0.322527
vt 0.250000 0.322527
vt 0.432957 0.431700
vt 0.432808 0.428181
vt 0.435044 0.426332
vt 0.435044 0.431601
vt 0.440642 0.426807
vt 0.428125 0.344232
vt 0.428125 0.339663
vt 0.432584 0.337752
vt 0.432584 0.344033
vt 0.439564 0.339050
vt 0.431799 0.339259
vt 0.431799 0.345803
vt 0.439521 0.339939
vt 0.428513 0.324563
vt 0.428513 0.319713
vt 0.431799 0.319706
vt 0.431799 0.326404
vt 0.439521 0.325949
vt 0.434837 0.426159
vt 0.434837 0.431034
vt 0.440257 0.426793
vt 0.442641 0.424756
vt 0.250000 0.324563
vt 0.250000 0.326404
vt 0.250000 0.327240
vt 0.435044 0.413411
vt 0.251999 0.413411
vt 0.432584 0.324431
vt 0.250000 0.324431
vt 0.250000 0.327613
vt 0.432584 0.318902
vt 0.439564 0.324999
vt 0.435044 0.409668
vt 0.440642 0.413544
vt 0.432732 0.413019
vt 0.434837 0.414684
vt 0.440257 0.414195
vt 0.442641 0.416098
vt 0.250000 0.413019
vt 0.250000 0.414684
vt 0.251999 0.426332
vt 0.434847 0.278943
vt 0.250000 0.278943
vt 0.250000 0.276629
vt 0.434847 0.276629
vt 0.251999 0.428181
vt 0.434847 0.281246
vt 0.250000 0.281245
vt 0.250000 0.337752
vt 0.250000 0.337197
vt 0.250000 0.266357
vt 0.434847 0.266357
vt 0.434847 0.268671
vt 0.250000 0.268671
vt 0.250000 0.339663
vt 0.250000 0.264054
vt 0.434847 0.264054
vt 0.251999 0.431700
vt 0.434847 0.285225
vt 0.250000 0.285225
vt 0.407081 0.334829
vt 0.407081 0.329982
vt 0.406056 0.329084
vt 0.402064 0.329084
vt 0.401039 0.329982
vt 0.346663 0.329982
vt 0.345638 0.329084
vt 0.341646 0.329084
vt 0.340621 0.329982
vt 0.286245 0.329982
vt 0.285220 0.329084
vt 0.281228 0.329084
vt 0.280203 0.329982
vt 0.408349 0.274662
vt 0.408349 0.270638
vt 0.407312 0.269892
vt 0.403270 0.269892
vt 0.402233 0.270638
vt 0.402233 0.274662
vt 0.347182 0.274662
vt 0.347182 0.270638
vt 0.346145 0.269892
vt 0.342103 0.269892
vt 0.341066 0.270638
vt 0.341066 0.274662
vt 0.286015 0.274662
vt 0.286015 0.270638
vt 0.284978 0.269892
vt 0.280936 0.269892
vt 0.279899 0.270638
vt 0.435044 0.408801
vt 0.407775 0.405956
vt 0.408491 0.401306
vt 0.407595 0.400444
vt 0.403587 0.400442
vt 0.402431 0.401304
vt 0.347888 0.401300
vt 0.346938 0.400438
vt 0.342930 0.400438
vt 0.341828 0.401300
vt 0.287283 0.401299
vt 0.286279 0.400438
vt 0.282272 0.400438
vt 0.281222 0.401299
vt 0.251999 0.397777
vt 0.434804 0.397777
vt 0.434945 0.398308
vt 0.435044 0.399325
vt 0.434847 0.250000
vt 0.434847 0.260074
vt 0.408680 0.257040
vt 0.408680 0.253034
vt 0.407636 0.252292
vt 0.403573 0.252292
vt 0.402530 0.253034
vt 0.347179 0.253034
vt 0.346135 0.252292
vt 0.342072 0.252292
vt 0.341029 0.253034
vt 0.285678 0.253034
vt 0.284634 0.252292
vt 0.280571 0.252292
vt 0.279528 0.253034
vt 0.250000 0.250000
vt 0.250000 0.260074
vt 0.250000 0.339259
vt 0.250000 0.338348
vt 0.434926 0.375170
vt 0.250079 0.375170
vt 0.250079 0.372856
vt 0.434926 0.372856
vt 0.434926 0.377472
vt 0.250079 0.377472
vt 0.250000 0.426454
vt 0.250000 0.424907
vt 0.250079 0.362584
vt 0.434926 0.362584
vt 0.434926 0.364898
vt 0.250079 0.364898
vt 0.250079 0.360281
vt 0.434926 0.360281
vt 0.434926 0.381452
vt 0.250079 0.381452
vt 0.431799 0.354620
vt 0.403684 0.352180
vt 0.403138 0.347006
vt 0.402023 0.346043
vt 0.398088 0.346041
vt 0.397177 0.347001
vt 0.397701 0.352175
vt 0.343889 0.352164
vt 0.343564 0.346990
vt 0.342493 0.346031
vt 0.338561 0.346031
vt 0.337607 0.346989
vt 0.337911 0.352164
vt 0.284108 0.352162
vt 0.284004 0.346988
vt 0.282974 0.346030
vt 0.279042 0.346030
vt 0.278048 0.346988
vt 0.431799 0.346540
vt 0.434926 0.391526
vt 0.412635 0.388492
vt 0.412635 0.384486
vt 0.411591 0.383744
vt 0.407528 0.383744
vt 0.406484 0.384486
vt 0.406484 0.388492
vt 0.351134 0.388492
vt 0.351134 0.384486
vt 0.350090 0.383744
vt 0.346027 0.383744
vt 0.344984 0.384486
vt 0.344984 0.388492
vt 0.289633 0.388492
vt 0.289633 0.384486
vt 0.288589 0.383744
vt 0.284526 0.383744
vt 0.283483 0.384486
vt 0.250000 0.319713
vt 0.250079 0.356301
vt 0.434926 0.356301
vt 0.404116 0.335603
vt 0.404116 0.329985
vt 0.403096 0.328945
vt 0.399121 0.328945
vt 0.398100 0.329985
vt 0.343958 0.329985
vt 0.342937 0.328945
vt 0.338963 0.328945
vt 0.337942 0.329985
vt 0.283800 0.329985
vt 0.282779 0.328945
vt 0.278804 0.328945
vt 0.277784 0.329985
vt 0.283854 0.366864
vt 0.283854 0.370889
vt 0.284891 0.371634
vt 0.288933 0.371634
vt 0.289970 0.370889
vt 0.345021 0.369169
vt 0.345021 0.370889
vt 0.346058 0.371634
vt 0.350100 0.371634
vt 0.351137 0.370889
vt 0.351137 0.366864
vt 0.406188 0.366864
vt 0.406188 0.370889
vt 0.407225 0.371634
vt 0.411267 0.371634
vt 0.412304 0.370889
vt 0.250537 0.499958
vt 0.255572 0.499958
vt 0.255572 0.495403
vt 0.250537 0.495403
vt 0.305589 0.499958
vt 0.312098 0.499958
vt 0.312098 0.495403
vt 0.305589 0.495403
vt 0.312098 0.490925
vt 0.305589 0.490925
vt 0.305589 0.494210
vt 0.312098 0.494210
vt 0.255572 0.490925
vt 0.250537 0.490925
vt 0.250537 0.494210
vt 0.255572 0.494210
vt 0.277784 0.335603
vt 0.278804 0.336643
vt 0.282779 0.336643
vt 0.283800 0.335603
vt 0.337942 0.335603
vt 0.338963 0.336643
vt 0.342937 0.336643
vt 0.343958 0.335603
vt 0.398100 0.335603
vt 0.399121 0.336643
vt 0.403096 0.336643
vt 0.312098 0.485178
vt 0.305589 0.485178
vt 0.305589 0.489732
vt 0.312098 0.489732
vt 0.255572 0.485178
vt 0.250537 0.485178
vt 0.250537 0.489732
vt 0.255572 0.489732
vt 0.412304 0.366864
vt 0.411267 0.366119
vt 0.407225 0.366119
vt 0.350100 0.366119
vt 0.346058 0.366119
vt 0.345021 0.366864
vt 0.289970 0.366864
vt 0.288933 0.366119
vt 0.284891 0.366119
vt 0.312098 0.479507
vt 0.305589 0.479507
vt 0.305589 0.480700
vt 0.312098 0.480700
vt 0.255572 0.479507
vt 0.250537 0.479507
vt 0.250537 0.480700
vt 0.255572 0.480700
vt 0.250359 0.500000
vt 0.256869 0.500000
vt 0.256869 0.498807
vt 0.250359 0.498807
vt 0.306886 0.500000
vt 0.311921 0.500000
vt 0.311921 0.498807
vt 0.306886 0.498807
vt 0.250317 0.489732
vt 0.256827 0.489732
vt 0.256827 0.488539
vt 0.250317 0.488539
vt 0.306844 0.489732
vt 0.311879 0.489732
vt 0.311879 0.488539
vt 0.306844 0.488539
vt 0.311879 0.484061
vt 0.306844 0.484061
vt 0.306844 0.485254
vt 0.311879 0.485254
vt 0.256827 0.484061
vt 0.250317 0.484061
vt 0.250317 0.485254
vt 0.256827 0.485254
vt 0.250317 0.499958
vt 0.256827 0.499958
vt 0.256827 0.498765
vt 0.250317 0.498765
vt 0.306844 0.499958
vt 0.311879 0.499958
vt 0.311879 0.498765
vt 0.306844 0.498765
vt 0.312098 0.485178
vt 0.305589 0.485178
vt 0.305589 0.489732
vt 0.312098 0.489732
vt 0.255572 0.485178
vt 0.250537 0.485178
vt 0.250537 0.489732
vt 0.255572 0.489732
vt 0.250317 0.499958
vt 0.256827 0.499958
vt 0.256827 0.498765
vt 0.250317 0.498765
vt 0.306844 0.499958
vt 0.311879 0.499958
vt 0.311879 0.498765
vt 0.306844 0.498765
vt 0.280203 0.334829
vt 0.281228 0.335727
vt 0.285220 0.335727
vt 0.286245 0.334829
vt 0.340621 0.334829
vt 0.341646 0.335727
vt 0.345638 0.335727
vt 0.346663 0.334829
vt 0.401039 0.334829
vt 0.402064 0.335727
vt 0.406056 0.335727
vt 0.250537 0.485178
vt 0.255572 0.485178
vt 0.255572 0.483985
vt 0.250537 0.483985
vt 0.305589 0.485178
vt 0.312098 0.485178
vt 0.312098 0.483985
vt 0.305589 0.483985
vt 0.311879 0.479507
vt 0.306844 0.479507
vt 0.306844 0.484061
vt 0.311879 0.484061
vt 0.256827 0.479507
vt 0.250317 0.479507
vt 0.250317 0.484061
vt 0.256827 0.484061
vt 0.281115 0.405948
vt 0.282117 0.406809
vt 0.286098 0.406809
vt 0.287146 0.405948
vt 0.341430 0.405949
vt 0.342378 0.406810
vt 0.346360 0.406810
vt 0.347461 0.405949
vt 0.401744 0.405954
vt 0.402640 0.406814
vt 0.406621 0.406815
vt 0.305589 0.490925
vt 0.312098 0.490925
vt 0.250537 0.490925
vt 0.255572 0.490925
vt 0.312098 0.489732
vt 0.305589 0.489732
vt 0.305589 0.490925
vt 0.312098 0.490925
vt 0.255572 0.489732
vt 0.250537 0.489732
vt 0.250537 0.490925
vt 0.255572 0.490925
vt 0.256827 0.485254
vt 0.250317 0.485254
vt 0.311879 0.485254
vt 0.306844 0.485254
vt 0.283483 0.388492
vt 0.284526 0.389234
vt 0.288589 0.389234
vt 0.346027 0.389234
vt 0.350090 0.389234
vt 0.407528 0.389234
vt 0.411591 0.389234
vt 0.250079 0.391526
vt 0.312098 0.479507
vt 0.305589 0.479507
vt 0.305589 0.480700
vt 0.312098 0.480700
vt 0.255572 0.479507
vt 0.250537 0.479507
vt 0.250537 0.480700
vt 0.255572 0.480700
vt 0.305589 0.483985
vt 0.312098 0.483985
vt 0.250537 0.483985
vt 0.255572 0.483985
vt 0.255572 0.494210
vt 0.250537 0.494210
vt 0.312098 0.494210
vt 0.305589 0.494210
vt 0.255572 0.483985
vt 0.250537 0.483985
vt 0.312098 0.483985
vt 0.305589 0.483985
vt 0.305589 0.490925
vt 0.312098 0.490925
vt 0.250537 0.490925
vt 0.255572 0.490925
vt 0.279528 0.257040
vt 0.280571 0.257782
vt 0.284634 0.257782
vt 0.285678 0.257040
vt 0.341029 0.257040
vt 0.342072 0.257782
vt 0.346135 0.257782
vt 0.347179 0.257040
vt 0.402530 0.257040
vt 0.403573 0.257782
vt 0.407636 0.257782
vt 0.250359 0.494329
vt 0.256869 0.494329
vt 0.256869 0.489774
vt 0.250359 0.489774
vt 0.306886 0.494329
vt 0.311921 0.494329
vt 0.311921 0.489774
vt 0.306886 0.489774
vt 0.250537 0.495403
vt 0.255572 0.495403
vt 0.305589 0.495403
vt 0.312098 0.495403
vt 0.312098 0.489732
vt 0.305589 0.489732
vt 0.255572 0.489732
vt 0.250537 0.489732
vt 0.250317 0.488539
vt 0.256827 0.488539
vt 0.306844 0.488539
vt 0.311879 0.488539
vt 0.312098 0.479507
vt 0.305589 0.479507
vt 0.305589 0.480700
vt 0.312098 0.480700
vt 0.255572 0.479507
vt 0.250537 0.479507
vt 0.250537 0.480700
vt 0.255572 0.480700
vt 0.407912 0.417382
vt 0.406885 0.416474
vt 0.402883 0.416474
vt 0.401855 0.417382
vt 0.347342 0.417382
vt 0.346314 0.416474
vt 0.342312 0.416474
vt 0.341285 0.417382
vt 0.286771 0.417382
vt 0.285744 0.416474
vt 0.281742 0.416474
vt 0.250537 0.495403
vt 0.255572 0.495403
vt 0.255572 0.494210
vt 0.250537 0.494210
vt 0.305589 0.495403
vt 0.312098 0.495403
vt 0.312098 0.494210
vt 0.305589 0.494210
vt 0.311879 0.479507
vt 0.306844 0.479507
vt 0.306844 0.484061
vt 0.311879 0.484061
vt 0.256827 0.479507
vt 0.250317 0.479507
vt 0.250317 0.484061
vt 0.256827 0.484061
vt 0.409686 0.401577
vt 0.408767 0.400675
vt 0.404720 0.400673
vt 0.347497 0.400666
vt 0.343448 0.400666
vt 0.286221 0.400665
vt 0.282172 0.400665
vt 0.434591 0.397887
vt 0.434837 0.398662
vt 0.434837 0.399639
vt 0.312098 0.479507
vt 0.305589 0.479507
vt 0.305589 0.480700
vt 0.312098 0.480700
vt 0.255572 0.479507
vt 0.250537 0.479507
vt 0.250537 0.480700
vt 0.255572 0.480700
vt 0.312098 0.480700
vt 0.305589 0.480700
vt 0.255572 0.480700
vt 0.250537 0.480700
vt 0.305589 0.483985
vt 0.312098 0.483985
vt 0.250537 0.483985
vt 0.255572 0.483985
vt 0.279899 0.274662
vt 0.280936 0.275408
vt 0.284978 0.275408
vt 0.342103 0.275408
vt 0.346145 0.275408
vt 0.403270 0.275408
vt 0.407312 0.275408
vt 0.250537 0.485178
vt 0.255572 0.485178
vt 0.305589 0.485178
vt 0.312098 0.485178
vt 0.312098 0.489732
vt 0.305589 0.489732
vt 0.305589 0.490925
vt 0.312098 0.490925
vt 0.255572 0.489732
vt 0.250537 0.489732
vt 0.250537 0.490925
vt 0.255572 0.490925
vt 0.250317 0.499958
vt 0.256827 0.499958
vt 0.256827 0.498765
vt 0.250317 0.498765
vt 0.306844 0.499958
vt 0.311879 0.499958
vt 0.311879 0.498765
vt 0.306844 0.498765
vt 0.250537 0.499958
vt 0.255572 0.499958
vt 0.305589 0.499958
vt 0.312098 0.499958
vt 0.250317 0.489732
vt 0.256827 0.489732
vt 0.256827 0.488539
vt 0.250317 0.488539
vt 0.306844 0.489732
vt 0.311879 0.489732
vt 0.311879 0.488539
vt 0.306844 0.488539
vt 0.312098 0.485178
vt 0.305589 0.485178
vt 0.255572 0.485178
vt 0.250537 0.485178
vt 0.250317 0.489732
vt 0.256827 0.489732
vt 0.306844 0.489732
vt 0.311879 0.489732
vt 0.306886 0.495522
vt 0.311921 0.495522
vt 0.250359 0.495522
vt 0.256869 0.495522
vt 0.256827 0.495480
vt 0.250317 0.495480
vt 0.311879 0.495480
vt 0.306844 0.495480
vt 0.312098 0.487785
vt 0.306844 0.485254
vt 0.311879 0.485254
vt 0.250317 0.485254
vt 0.256827 0.485254
vt 0.405122 0.347647
vt 0.403979 0.346812
vt 0.400043 0.346814
vt 0.399157 0.347651
vt 0.345614 0.347658
vt 0.344531 0.346821
vt 0.340605 0.346821
vt 0.339668 0.347659
vt 0.286157 0.347659
vt 0.285121 0.346821
vt 0.281196 0.346821
vt 0.432584 0.344876
vt 0.250537 0.495403
vt 0.255572 0.495403
vt 0.255572 0.494210
vt 0.250537 0.494210
vt 0.305589 0.495403
vt 0.312098 0.495403
vt 0.312098 0.494210
vt 0.305589 0.494210
vt 0.250537 0.499958
vt 0.255572 0.499958
vt 0.305589 0.499958
vt 0.312098 0.499958
vt 0.311879 0.494287
vt 0.306844 0.494287
vt 0.256827 0.494287
vt 0.250317 0.494287
vt 0.256827 0.495480
vt 0.250317 0.495480
vt 0.311879 0.495480
vt 0.306844 0.495480
vt 0.305589 0.494210
vt 0.312098 0.494210
vt 0.250537 0.494210
vt 0.255572 0.494210
vt 0.256869 0.488581
vt 0.250359 0.488581
vt 0.311921 0.488581
vt 0.306886 0.488581
vt 0.250537 0.499958
vt 0.255572 0.499958
vt 0.305589 0.499958
vt 0.312098 0.499958
vt 0.250317 0.494287
vt 0.256827 0.494287
vt 0.306844 0.494287
vt 0.311879 0.494287
vt 0.250537 0.499958
vt 0.255572 0.499958
vt 0.255572 0.495403
vt 0.250537 0.495403
vt 0.305589 0.499958
vt 0.312098 0.499958
vt 0.312098 0.495403
vt 0.305589 0.495403
vt 0.256827 0.495480
vt 0.250317 0.495480
vt 0.311879 0.495480
vt 0.306844 0.495480
vt 0.311879 0.494287
vt 0.306844 0.494287
vt 0.256827 0.494287
vt 0.250317 0.494287
vt 0.311921 0.479549
vt 0.306886 0.479549
vt 0.306886 0.484103
vt 0.311921 0.484103
vt 0.256869 0.479549
vt 0.250359 0.479549
vt 0.250359 0.484103
vt 0.256869 0.484103
vt 0.278130 0.352162
vt 0.279160 0.353121
vt 0.283113 0.353121
vt 0.338982 0.353122
vt 0.342934 0.353122
vt 0.398811 0.353131
vt 0.402766 0.353134
vt 0.431217 0.355440
vt 0.430168 0.356080
vt 0.250000 0.356080
vt 0.306886 0.485296
vt 0.311921 0.485296
vt 0.250359 0.485296
vt 0.256869 0.485296
vt 0.311879 0.479507
vt 0.306844 0.479507
vt 0.256827 0.479507
vt 0.250317 0.479507
vt 0.312098 0.479507
vt 0.305589 0.479507
vt 0.255572 0.479507
vt 0.250537 0.479507
vt 0.305589 0.483985
vt 0.312098 0.483985
vt 0.250537 0.483985
vt 0.255572 0.483985
vt 0.280576 0.422710
vt 0.281613 0.423542
vt 0.285654 0.423542
vt 0.342777 0.423542
vt 0.346818 0.423542
vt 0.403941 0.423542
vt 0.407982 0.423542
vt 0.250000 0.488539
vt 0.250000 0.485254
vt 0.312416 0.485254
vt 0.312416 0.488539
vt 0.250000 0.498765
vt 0.250000 0.495480
vt 0.312416 0.495480
vt 0.312416 0.498765
vt 0.451400 0.309319
vt 0.449712 0.311006
vt 0.440603 0.311006
vt 0.438916 0.309319
vt 0.438916 0.302748
vt 0.440603 0.301061
vt 0.449712 0.301061
vt 0.451400 0.302748
vt 0.312416 0.479507
vt 0.312416 0.484061
vt 0.250000 0.484061
vt 0.250000 0.479507
vt 0.250000 0.494287
vt 0.250000 0.489732
vt 0.312416 0.489732
vt 0.312416 0.494287
vt 0.312416 0.499958
vt 0.250000 0.499958
vt 0.438916 0.302748
vt 0.440603 0.301061
vt 0.449712 0.301061
vt 0.451400 0.302748
vt 0.451400 0.309319
vt 0.449712 0.311006
vt 0.440603 0.311006
vt 0.438916 0.309319
vt 0.312416 0.490925
vt 0.312416 0.494210
vt 0.250000 0.494210
vt 0.250000 0.490925
vt 0.312416 0.480700
vt 0.312416 0.483985
vt 0.250000 0.483985
vt 0.250000 0.480700
vt 0.451400 0.309319
vt 0.449712 0.311006
vt 0.440603 0.311006
vt 0.438916 0.309319
vt 0.438916 0.302748
vt 0.440603 0.301061
vt 0.449712 0.301061
vt 0.451400 0.302748
vt 0.250000 0.499958
vt 0.250000 0.495403
vt 0.312416 0.495403
vt 0.312416 0.499958
vt 0.312416 0.485178
vt 0.312416 0.489732
vt 0.250000 0.489732
vt 0.250000 0.485178
vt 0.250000 0.479507
vt 0.312416 0.479507
vt 0.451558 0.354019
vt 0.453245 0.355706
vt 0.453245 0.364815
vt 0.451558 0.366503
vt 0.444988 0.366503
vt 0.443301 0.364815
vt 0.443301 0.355706
vt 0.444988 0.354019
vt 0.250000 0.488539
vt 0.250000 0.485254
vt 0.312416 0.485254
vt 0.312416 0.488539
vt 0.250000 0.498765
vt 0.250000 0.495480
vt 0.312416 0.495480
vt 0.312416 0.498765
vt 0.451400 0.309319
vt 0.449712 0.311006
vt 0.440603 0.311006
vt 0.438916 0.309319
vt 0.438916 0.302748
vt 0.440603 0.301061
vt 0.449712 0.301061
vt 0.451400 0.302748
vt 0.312416 0.479507
vt 0.312416 0.484061
vt 0.250000 0.484061
vt 0.250000 0.479507
vt 0.250000 0.494287
vt 0.250000 0.489732
vt 0.312416 0.489732
vt 0.312416 0.494287
vt 0.312416 0.499958
vt 0.250000 0.499958
vt 0.451558 0.354019
vt 0.453245 0.355706
vt 0.453245 0.364815
vt 0.451558 0.366503
vt 0.444988 0.366503
vt 0.443301 0.364815
vt 0.443301 0.355706
vt 0.444988 0.354019
vt 0.250042 0.488581
vt 0.250042 0.485296
vt 0.312458 0.485296
vt 0.312458 0.488581
vt 0.250042 0.498807
vt 0.250042 0.495522
vt 0.312458 0.495522
vt 0.312458 0.498807
vt 0.451400 0.309319
vt 0.449712 0.311006
vt 0.440603 0.311006
vt 0.438916 0.309319
vt 0.438916 0.302748
vt 0.440603 0.301061
vt 0.449712 0.301061
vt 0.451400 0.302748
vt 0.312458 0.479549
vt 0.312458 0.484103
vt 0.250042 0.484103
vt 0.250042 0.479549
vt 0.250042 0.494329
vt 0.250042 0.489774
vt 0.312458 0.489774
vt 0.312458 0.494329
vt 0.312458 0.500000
vt 0.250042 0.500000
vt 0.438916 0.302748
vt 0.440603 0.301061
vt 0.449712 0.301061
vt 0.451400 0.302748
vt 0.451400 0.309319
vt 0.449712 0.311006
vt 0.440603 0.311006
vt 0.438916 0.309319
vt 0.312416 0.490925
vt 0.312416 0.494210
vt 0.250000 0.494210
vt 0.250000 0.490925
vt 0.312416 0.480700
vt 0.312416 0.483985
vt 0.250000 0.483985
vt 0.250000 0.480700
vt 0.451400 0.309319
vt 0.449712 0.311006
vt 0.440603 0.311006
vt 0.438916 0.309319
vt 0.438916 0.302748
vt 0.440603 0.301061
vt 0.449712 0.301061
vt 0.451400 0.302748
vt 0.250000 0.499958
vt 0.250000 0.495403
vt 0.312416 0.495403
vt 0.312416 0.499958
vt 0.312416 0.485178
vt 0.312416 0.489732
vt 0.250000 0.489732
vt 0.250000 0.485178
vt 0.250000 0.479507
vt 0.312416 0.479507
vt 0.451558 0.354019
vt 0.453245 0.355706
vt 0.453245 0.364815
vt 0.451558 0.366503
vt 0.444988 0.366503
vt 0.443301 0.364815
vt 0.443301 0.355706
vt 0.444988 0.354019
vt 0.312416 0.490925
vt 0.312416 0.494210
vt 0.250000 0.494210
vt 0.250000 0.490925
vt 0.312416 0.480700
vt 0.312416 0.483985
vt 0.250000 0.483985
vt 0.250000 0.480700
vt 0.451400 0.309319
vt 0.449712 0.311006
vt 0.440603 0.311006
vt 0.438916 0.309319
vt 0.438916 0.302748
vt 0.440603 0.301061
vt 0.449712 0.301061
vt 0.451400 0.302748
vt 0.250000 0.499958
vt 0.250000 0.495403
vt 0.312416 0.495403
vt 0.312416 0.499958
vt 0.312416 0.485178
vt 0.312416 0.489732
vt 0.250000 0.489732
vt 0.250000 0.485178
vt 0.250000 0.479507
vt 0.312416 0.479507
vt 0.451558 0.354019
vt 0.453245 0.355706
vt 0.453245 0.364815
vt 0.451558 0.366502
vt 0.444988 0.366503
vt 0.443301 0.364815
vt 0.443301 0.355706
vt 0.444988 0.354019
vt 0.250000 0.488539
vt 0.250000 0.485254
vt 0.312416 0.485254
vt 0.312416 0.488539
vt 0.250000 0.498765
vt 0.250000 0.495480
vt 0.312416 0.495480
vt 0.312416 0.498765
vt 0.451400 0.309319
vt 0.449712 0.311006
vt 0.440603 0.311006
vt 0.438916 0.309319
vt 0.438916 0.302748
vt 0.440603 0.301061
vt 0.449712 0.301061
vt 0.451400 0.302748
vt 0.312416 0.479507
vt 0.312416 0.484061
vt 0.250000 0.484061
vt 0.250000 0.479507
vt 0.250000 0.494287
vt 0.250000 0.489732
vt 0.312416 0.489732
vt 0.312416 0.494287
vt 0.312416 0.499958
vt 0.250000 0.499958
vt 0.451558 0.354019
vt 0.453245 0.355706
vt 0.453245 0.364815
vt 0.451558 0.366502
vt 0.444988 0.366503
vt 0.443301 0.364815
vt 0.443301 0.355706
vt 0.444988 0.354019
vt 0.312416 0.490925
vt 0.312416 0.494210
vt 0.250000 0.494210
vt 0.250000 0.490925
vt 0.312416 0.480700
vt 0.312416 0.483985
vt 0.250000 0.483985
vt 0.250000 0.480700
vt 0.451400 0.309319
vt 0.449712 0.311006
vt 0.440603 0.311006
vt 0.438916 0.309319
vt 0.438916 0.302748
vt 0.440603 0.301061
vt 0.449712 0.301061
vt 0.451400 0.302748
vt 0.250000 0.499958
vt 0.250000 0.495403
vt 0.312416 0.495403
vt 0.312416 0.499958
vt 0.312416 0.485178
vt 0.312416 0.489732
vt 0.250000 0.489732
vt 0.250000 0.485178
vt 0.250000 0.479507
vt 0.312416 0.479507
vt 0.451558 0.354019
vt 0.453245 0.355706
vt 0.453245 0.364815
vt 0.451558 0.366503
vt 0.444988 0.366503
vt 0.443301 0.364815
vt 0.443301 0.355706
vt 0.444988 0.354019
vt 0.312416 0.490925
vt 0.312416 0.494210
vt 0.250000 0.494210
vt 0.250000 0.490925
vt 0.312416 0.480700
vt 0.312416 0.483985
vt 0.250000 0.483985
vt 0.250000 0.480700
vt 0.451400 0.309318
vt 0.449712 0.311006
vt 0.440603 0.311006
vt 0.438916 0.309318
vt 0.438916 0.302748
vt 0.440603 0.301061
vt 0.449712 0.301061
vt 0.451400 0.302748
vt 0.250000 0.499958
vt 0.250000 0.495403
vt 0.312416 0.495403
vt 0.312416 0.499958
vt 0.312416 0.485178
vt 0.312416 0.489732
vt 0.250000 0.489732
vt 0.250000 0.485178
vt 0.250000 0.479507
vt 0.312416 0.479507
vt 0.451558 0.354019
vt 0.453245 0.355706
vt 0.453245 0.364815
vt 0.451558 0.366502
vt 0.444988 0.366503
vt 0.443301 0.364815
vt 0.443301 0.355706
vt 0.444988 0.354019
vn -0.0000 -0.0000 -1.0000
vn -0.7071 0.7071 0.0000
vn 0.7071 0.7071 0.0000
vn -0.7071 -0.7071 0.0000
vn 0.7071 -0.7071 0.0000
vn -0.0000 -0.0000 1.0000
vn -0.9239 -0.3827 0.0000
vn -0.9239 0.3827 0.0000
vn 0.9239 0.3827 0.0000
vn 0.9239 -0.3827 0.0000
vn 0.3827 0.9239 0.0000
vn -0.3827 0.9239 0.0000
vn -0.3827 -0.9239 0.0000
vn 0.3827 -0.9239 0.0000
vn -0.6533 -0.6533 -0.3827
vn -0.2706 -0.2706 -0.9239
vn 0.6533 0.6533 0.3827
vn 0.2706 0.2706 0.9239
vn -0.6533 -0.6533 0.3827
vn -0.2706 -0.2706 0.9239
vn 0.6533 0.6533 -0.3827
vn 0.2706 0.2706 -0.9239
vn 1.0000 0.0000 -0.0000
vn -1.0000 0.0000 0.0000
vn -0.0000 -1.0000 0.0000
vn 0.0000 1.0000 0.0000
usemtl hiper-atlas
s off
f 4077/5655/2490 4004/5656/2490 4007/5657/2490 4084/5658/2490 4088/5659/2490 4092/5660/2490 4104/5661/2490 4116/5662/2490 4108/5663/2490 4112/5664/2490 4124/5665/2490 4128/5666/2490 4132/5667/2490 4144/5668/2490 4136/5669/2490 4160/5670/2490 4140/5671/2490 4148/5672/2490 4168/5673/2490 4164/5674/2490
f 4025/5675/2491 4022/5676/2491 4036/5677/2491 4046/5678/2491
f 4064/5679/2492 4037/5680/2492 4021/5681/2492 4052/5682/2492
f 4067/5683/2493 4006/5684/2493 4027/5685/2493 4081/5686/2493
f 4048/5687/2491 4034/5688/2491 4016/5689/2491 4019/5690/2491
f 4030/5691/2494 4040/5692/2494 4010/5693/2494 4013/5694/2494
f 4080/5695/2495 4081/5696/2495 4177/5697/2495 4165/5698/2495 4169/5699/2495 4149/5700/2495 4141/5701/2495 4161/5702/2495 4138/5703/2495 4145/5704/2495 4133/5705/2495 4129/5706/2495 4125/5707/2495 4114/5708/2495 4110/5709/2495 4118/5710/2495 4106/5711/2495 4094/5712/2495 4090/5713/2495 4042/5714/2495 4044/5715/2495 4043/5716/2495
f 4066/5717/2490 4063/5718/2490 4166/5719/2490 4178/5720/2490 4174/5721/2490 4154/5722/2490 4162/5723/2490 4137/5724/2490 4157/5725/2490 4121/5726/2490 4113/5727/2490 4109/5728/2490 4101/5729/2490 4097/5730/2490 4085/5731/2490 4030/5732/2490 4032/5733/2490 4031/5734/2490
f 4073/5735/2492 4015/5736/2492 4033/5737/2492 4079/5738/2492
f 4055/5739/2495 4278/5740/2495 4286/5741/2495 4274/5742/2495 4294/5743/2495 4306/5744/2495 4314/5745/2495 4318/5746/2495 4334/5747/2495 4346/5748/2495 4350/5749/2495 4338/5750/2495 4358/5751/2495 4370/5752/2495 4025/5675/2495 4062/5753/2495
f 4066/5754/2493 4031/5755/2493 4012/5756/2493 4058/5757/2493
f 4045/5758/2496 4024/5759/2496 4026/5760/2496 4047/5761/2496
f 4047/5762/2497 4026/5760/2497 4025/5675/2497 4046/5678/2497
f 4039/5763/2498 4009/5764/2498 4011/5765/2498 4041/5766/2498
f 4041/5767/2499 4011/5765/2499 4010/5693/2499 4040/5692/2499
f 4033/5737/2500 4015/5736/2500 4017/5768/2500 4035/5769/2500
f 4035/5770/2501 4017/5768/2501 4016/5689/2501 4034/5688/2501
f 4018/5771/2496 4049/5772/2496 4050/5773/2496 4020/5774/2496
f 4020/5774/2497 4050/5775/2497 4048/5687/2497 4019/5690/2497
f 4027/5685/2502 4006/5684/2502 4008/5776/2502 4029/5777/2502
f 4029/5778/2503 4008/5776/2503 4007/5657/2503 4028/5779/2503
f 4068/5780/2504 4018/5771/2504 4020/5774/2504 4069/5781/2504
f 4069/5781/2505 4020/5774/2505 4019/5690/2505 4071/5782/2505
f 4052/5682/2506 4021/5681/2506 4023/5783/2506 4053/5784/2506
f 4053/5784/2507 4023/5783/2507 4022/5676/2507 4055/5739/2507
f 4058/5757/2508 4012/5756/2508 4014/5785/2508 4059/5786/2508
f 4059/5786/2509 4014/5785/2509 4013/5694/2509 4061/5787/2509
f 4012/5756/2502 4031/5755/2502 4032/5788/2502 4014/5785/2502
f 4014/5785/2503 4032/5789/2503 4030/5691/2503 4013/5694/2503
f 4021/5681/2500 4037/5680/2500 4038/5790/2500 4023/5783/2500
f 4023/5783/2501 4038/5791/2501 4036/5677/2501 4022/5676/2501
f 4003/5792/2498 4043/5716/2498 4044/5715/2498 4005/5793/2498
f 4005/5793/2499 4044/5794/2499 4042/5795/2499 4004/5656/2499
f 4074/5796/2510 4003/5792/2510 4005/5793/2510 4075/5797/2510
f 4075/5797/2511 4005/5793/2511 4004/5656/2511 4077/5655/2511
f 4007/5657/2494 4004/5656/2494 4042/5795/2494 4028/5779/2494
f 4026/5760/2509 4060/5798/2509 4062/5753/2509 4025/5675/2509
f 4060/5799/2509 4059/5800/2509 4061/5801/2509 4062/5802/2509
f 4024/5759/2508 4057/5803/2508 4060/5798/2508 4026/5760/2508
f 4057/5804/2508 4058/5805/2508 4059/5800/2508 4060/5799/2508
f 4011/5765/2507 4054/5806/2507 4056/5807/2507 4010/5693/2507
f 4054/5808/2507 4053/5809/2507 4055/5810/2507 4056/5811/2507
f 4009/5764/2506 4051/5812/2506 4054/5806/2506 4011/5765/2506
f 4051/5813/2506 4052/5814/2506 4053/5809/2506 4054/5808/2506
f 4045/5758/2493 4065/5815/2493 4057/5803/2493 4024/5759/2493
f 4065/5816/2493 4066/5817/2493 4058/5805/2493 4057/5804/2493
f 4010/5693/2495 4087/5818/2495 4083/5819/2495 4095/5820/2495 4099/5821/2495 4107/5822/2495 4111/5823/2495 4119/5824/2495 4155/5825/2495 4135/5826/2495 4159/5827/2495 4151/5828/2495 4171/5829/2495 4175/5830/2495 4061/5787/2495 4013/5694/2495
f 4056/5811/2495 4055/5810/2495 4062/5802/2495 4265/5831/2495 4281/5832/2495 4269/5833/2495 4253/5834/2495 4249/5835/2495 4245/5836/2495 4232/5837/2495 4241/5838/2495 4237/5839/2495 4224/5840/2495 4212/5841/2495 4219/5842/2495 4204/5843/2495 4216/5844/2495 4200/5845/2495 4188/5846/2495 4180/5847/2495
f 4036/5848/2490 4364/5849/2490 4368/5850/2490 4356/5851/2490 4336/5852/2490 4348/5853/2490 4344/5854/2490 4332/5855/2490 4316/5856/2490 4312/5857/2490 4304/5858/2490 4292/5859/2490 4272/5860/2490 4284/5861/2490 4065/5862/2490 4045/5863/2490 4047/5864/2490 4046/5865/2490
f 4065/5866/2490 4064/5867/2490 4282/5868/2490 4266/5869/2490 4262/5870/2490 4258/5871/2490 4246/5872/2490 4234/5873/2490 4229/5874/2490 4209/5875/2490 4221/5876/2490 4206/5877/2490 4198/5878/2490 4194/5879/2490 4186/5880/2490 4066/5881/2490
f 4039/5763/2492 4063/5718/2492 4051/5812/2492 4009/5764/2492
f 4063/5882/2492 4064/5867/2492 4052/5814/2492 4051/5813/2492
f 4017/5768/2511 4076/5883/2511 4078/5884/2511 4016/5689/2511
f 4076/5885/2511 4075/5886/2511 4077/5887/2511 4078/5888/2511
f 4015/5736/2510 4073/5735/2510 4076/5883/2510 4017/5768/2510
f 4073/5889/2510 4074/5890/2510 4075/5886/2510 4076/5885/2510
f 4008/5776/2505 4070/5891/2505 4072/5892/2505 4007/5657/2505
f 4070/5893/2505 4069/5894/2505 4071/5895/2505 4072/5896/2505
f 4006/5684/2504 4067/5683/2504 4070/5891/2504 4008/5776/2504
f 4067/5897/2504 4068/5898/2504 4069/5894/2504 4070/5893/2504
f 4003/5792/2492 4074/5796/2492 4080/5695/2492 4043/5716/2492
f 4074/5890/2492 4073/5889/2492 4079/5899/2492 4080/5900/2492
f 4048/5901/2495 4369/5902/2495 4365/5903/2495 4353/5904/2495 4361/5905/2495 4341/5906/2495 4349/5907/2495 4345/5908/2495 4329/5909/2495 4325/5910/2495 4321/5911/2495 4309/5912/2495 4313/5913/2495 4305/5914/2495 4301/5915/2495 4289/5916/2495 4297/5917/2495 4277/5918/2495 4079/5738/2495 4033/5737/2495 4035/5769/2495 4034/5919/2495
f 4079/5899/2495 4082/5920/2495 4267/5921/2495 4283/5922/2495 4271/5923/2495 4255/5924/2495 4251/5925/2495 4247/5926/2495 4235/5927/2495 4242/5928/2495 4238/5929/2495 4225/5930/2495 4213/5931/2495 4222/5932/2495 4205/5933/2495 4217/5934/2495 4201/5935/2495 4189/5936/2495 4181/5937/2495 4080/5900/2495
f 4018/5771/2493 4068/5780/2493 4082/5938/2493 4049/5772/2493
f 4068/5898/2493 4067/5897/2493 4081/5939/2493 4082/5940/2493
f 4016/5689/2490 4367/5941/2490 4371/5942/2490 4359/5943/2490 4339/5944/2490 4351/5945/2490 4347/5946/2490 4335/5947/2490 4319/5948/2490 4315/5949/2490 4307/5950/2490 4295/5951/2490 4275/5952/2490 4287/5953/2490 4071/5782/2490 4019/5690/2490
f 4078/5888/2490 4077/5887/2490 4072/5896/2490 4183/5954/2490 4179/5955/2490 4187/5956/2490 4199/5957/2490 4215/5958/2490 4231/5959/2490 4211/5960/2490 4223/5961/2490 4236/5962/2490 4240/5963/2490 4233/5964/2490 4244/5965/2490 4248/5966/2490 4252/5967/2490 4268/5968/2490 4280/5969/2490
f 4107/5970/2494 4109/5971/2494 4117/5972/2494 4115/5973/2494
f 4110/5974/2494 4108/5975/2494 4116/5976/2494 4118/5977/2494
f 4223/5978/2493 4225/5979/2493 4238/5980/2493 4236/5981/2493
f 4226/5982/2493 4224/5983/2493 4237/5984/2493 4239/5985/2493
f 4071/5782/2490 4287/5953/2490 4279/5986/2490 4299/5987/2490 4291/5988/2490 4303/5989/2490 4307/5950/2490 4315/5949/2490 4311/5990/2490 4323/5991/2490 4327/5992/2490 4331/5993/2490 4347/5946/2490 4351/5945/2490 4343/5994/2490 4363/5995/2490 4355/5996/2490 4367/5941/2490 4016/5689/2490 4078/5884/2490
f 4112/5997/2491 4114/5998/2491 4125/5999/2491 4124/6000/2491
f 4113/6001/2491 4111/6002/2491 4123/6003/2491 4126/6004/2491
f 4280/5969/2490 4264/6005/2490 4261/6006/2490 4257/6007/2490 4244/5965/2490 4233/5964/2490 4228/6008/2490 4208/6009/2490 4220/6010/2490 4231/5959/2490 4215/5958/2490 4203/6011/2490 4196/6012/2490 4191/6013/2490 4183/5954/2490 4072/5896/2490 4071/5895/2490 4078/5888/2490
f 4136/6014/2512 4138/6015/2512 4158/6016/2512 4156/6017/2512
f 4137/6018/2512 4135/6019/2512 4155/6020/2512 4157/6021/2512
f 4264/6022/2512 4267/6023/2512 4263/6024/2512 4261/6025/2512
f 4266/6026/2512 4265/6027/2512 4260/6028/2512 4262/6029/2512
f 4343/6030/2513 4341/6031/2513 4361/6032/2513 4363/6033/2513
f 4340/6034/2513 4342/6035/2513 4362/6036/2513 4360/6037/2513
f 4302/6038/2514 4300/6039/2514 4288/6040/2514 4290/6041/2514
f 4301/6042/2514 4303/6043/2514 4291/6044/2514 4289/6045/2514
f 4371/6046/2512 4369/6047/2512 4357/6048/2512 4359/6049/2512
f 4368/6050/2512 4370/6051/2512 4358/6052/2512 4356/6053/2512
f 4315/6054/2491 4313/6055/2491 4309/6056/2491 4311/6057/2491
f 4312/6058/2491 4314/6059/2491 4310/6060/2491 4308/6061/2491
f 4307/6062/2512 4305/6063/2512 4293/6064/2512 4295/6065/2512
f 4304/6066/2512 4306/6067/2512 4294/6068/2512 4292/6069/2512
f 4061/5787/2495 4175/5830/2495 4163/6070/2495 4167/6071/2495 4147/6072/2495 4139/6073/2495 4159/5827/2495 4135/5826/2495 4143/6074/2495 4131/6075/2495 4127/6076/2495 4123/6077/2495 4111/5823/2495 4107/5822/2495 4115/6078/2495 4103/6079/2495 4091/6080/2495 4087/5818/2495 4010/5693/2495 4056/5807/2495
f 4219/6081/2515 4221/6082/2515 4209/6083/2515 4207/6084/2515
f 4222/6085/2515 4220/6086/2515 4208/6087/2515 4210/6088/2515
f 4370/6089/2494 4368/6090/2494 4364/6091/2494 4366/6092/2494
f 4369/6093/2494 4371/6094/2494 4367/6095/2494 4365/6096/2494
f 4065/5862/2490 4284/5861/2490 4276/6097/2490 4296/6098/2490 4288/6099/2490 4300/6100/2490 4304/5858/2490 4312/5857/2490 4308/6101/2490 4320/6102/2490 4324/6103/2490 4328/6104/2490 4344/5854/2490 4348/5853/2490 4340/6105/2490 4360/6106/2490 4352/6107/2490 4364/5849/2490 4036/5848/2490 4038/5790/2490 4037/5680/2490 4064/5679/2490
f 4124/6000/2513 4125/5999/2513 4129/6108/2513 4128/6109/2513
f 4126/6004/2513 4123/6003/2513 4127/6110/2513 4130/6111/2513
f 4088/6112/2513 4090/6113/2513 4094/6114/2513 4092/6115/2513
f 4089/6116/2513 4087/6117/2513 4091/6118/2513 4093/6119/2513
f 4363/6033/2493 4361/6032/2493 4353/6120/2493 4355/6121/2493
f 4360/6037/2493 4362/6036/2493 4354/6122/2493 4352/6123/2493
f 4080/5900/2495 4181/5937/2495 4185/6124/2495 4193/6125/2495 4197/6126/2495 4205/5933/2495 4222/5932/2495 4210/6127/2495 4230/6128/2495 4235/5927/2495 4247/5926/2495 4259/6129/2495 4263/6130/2495 4267/5921/2495 4082/5920/2495 4081/6131/2495
f 4347/6132/2512 4345/6133/2512 4333/6134/2512 4335/6135/2512
f 4344/6136/2512 4346/6137/2512 4334/6138/2512 4332/6139/2512
f 4156/6017/2492 4158/6016/2492 4122/6140/2492 4120/6141/2492
f 4157/6021/2492 4155/6020/2492 4119/6142/2492 4121/6143/2492
f 4115/5973/2514 4117/5972/2514 4105/6144/2514 4103/6145/2514
f 4118/5977/2514 4116/5976/2514 4104/6146/2514 4106/6147/2514
f 4314/6059/2515 4312/6058/2515 4316/6148/2515 4318/6149/2515
f 4313/6055/2515 4315/6054/2515 4319/6150/2515 4317/6151/2515
f 4311/6057/2513 4309/6056/2513 4321/6152/2513 4323/6153/2513
f 4308/6061/2513 4310/6060/2513 4322/6154/2513 4320/6155/2513
f 4066/5881/2490 4186/5880/2490 4182/6156/2490 4190/6157/2490 4202/6158/2490 4218/6159/2490 4206/5877/2490 4221/5876/2490 4214/6160/2490 4226/6161/2490 4239/6162/2490 4243/6163/2490 4234/5873/2490 4246/5872/2490 4250/6164/2490 4254/6165/2490 4270/6166/2490 4282/5868/2490 4064/5867/2490 4063/5882/2490
f 4244/6167/2491 4247/6168/2491 4251/6169/2491 4248/6170/2491
f 4246/6171/2491 4245/6172/2491 4249/6173/2491 4250/6174/2491
f 4241/6175/2514 4243/6176/2514 4239/5985/2514 4237/5984/2514
f 4242/6177/2514 4240/6178/2514 4236/5981/2514 4238/5980/2514
f 4211/6179/2513 4213/6180/2513 4225/5979/2513 4223/5978/2513
f 4214/6181/2513 4212/6182/2513 4224/5983/2513 4226/5982/2513
f 4299/6183/2493 4297/6184/2493 4289/6045/2493 4291/6044/2493
f 4296/6185/2493 4298/6186/2493 4290/6041/2493 4288/6040/2493
f 4203/6187/2512 4205/6188/2512 4197/6189/2512 4196/6190/2512
f 4206/6191/2512 4204/6192/2512 4195/6193/2512 4198/6194/2512
f 4025/5675/2495 4370/5752/2495 4366/6195/2495 4354/6196/2495 4362/6197/2495 4342/6198/2495 4350/5749/2495 4346/5748/2495 4330/6199/2495 4326/6200/2495 4322/6201/2495 4310/6202/2495 4314/5745/2495 4306/5744/2495 4302/6203/2495 4290/6204/2495 4298/6205/2495 4278/5740/2495 4055/5739/2495 4022/5676/2495
f 4143/6206/2514 4146/6207/2514 4134/6208/2514 4131/6209/2514
f 4145/6210/2514 4144/6211/2514 4132/6212/2514 4133/6213/2514
f 4128/6109/2493 4129/6108/2493 4133/6213/2493 4132/6212/2493
f 4130/6111/2493 4127/6110/2493 4131/6209/2493 4134/6208/2493
f 4175/6214/2494 4178/6215/2494 4166/6216/2494 4163/6217/2494
f 4177/6218/2494 4176/6219/2494 4164/6220/2494 4165/6221/2494
f 4042/5714/2495 4090/5713/2495 4086/6222/2495 4098/6223/2495 4102/6224/2495 4110/5709/2495 4114/5708/2495 4122/6225/2495 4158/6226/2495 4138/5703/2495 4161/5702/2495 4153/6227/2495 4173/6228/2495 4177/5697/2495 4081/5696/2495 4027/6229/2495 4029/6230/2495 4028/6231/2495
f 4108/6232/2512 4110/6233/2512 4102/6234/2512 4100/6235/2512
f 4109/6236/2512 4107/6237/2512 4099/6238/2512 4101/6239/2512
f 4228/6240/2492 4230/6241/2492 4210/6088/2492 4208/6087/2492
f 4229/6242/2492 4227/6243/2492 4207/6084/2492 4209/6083/2492
f 4100/6235/2492 4102/6234/2492 4098/6244/2492 4096/6245/2492
f 4101/6239/2492 4099/6238/2492 4095/6246/2492 4097/6247/2492
f 4180/5847/2495 4184/6248/2495 4192/6249/2495 4195/6250/2495 4204/5843/2495 4219/5842/2495 4207/6251/2495 4227/6252/2495 4232/5837/2495 4245/5836/2495 4256/6253/2495 4260/6254/2495 4265/5831/2495 4062/5802/2495 4061/5801/2495 4056/5811/2495
f 4083/6255/2515 4085/6256/2515 4097/6247/2515 4095/6246/2515
f 4086/6257/2515 4084/6258/2515 4096/6245/2515 4098/6244/2515
f 4179/6259/2513 4181/6260/2513 4189/6261/2513 4187/6262/2513
f 4182/6263/2513 4180/6264/2513 4188/6265/2513 4190/6266/2513
f 4176/6267/2512 4177/6268/2512 4173/6269/2512 4172/6270/2512
f 4178/6271/2512 4175/6272/2512 4171/6273/2512 4174/6274/2512
f 4232/6275/2494 4234/6276/2494 4243/6176/2494 4241/6175/2494
f 4235/6277/2494 4233/6278/2494 4240/6178/2494 4242/6177/2494
f 4140/6279/2513 4141/6280/2513 4149/6281/2513 4148/6282/2513
f 4142/6283/2513 4139/6284/2513 4147/6285/2513 4150/6286/2513
f 4183/6287/2491 4185/6288/2491 4181/6260/2491 4179/6259/2491
f 4186/6289/2491 4184/6290/2491 4180/6264/2491 4182/6263/2491
f 4279/6291/2513 4277/6292/2513 4297/6184/2513 4299/6183/2513
f 4276/6293/2513 4278/6294/2513 4298/6186/2513 4296/6185/2513
f 4245/6172/2515 4246/6171/2515 4258/6295/2515 4256/6296/2515
f 4247/6168/2515 4244/6167/2515 4257/6297/2515 4259/6298/2515
f 4359/6049/2492 4357/6048/2492 4337/6299/2492 4339/6300/2492
f 4356/6053/2492 4358/6052/2492 4338/6301/2492 4336/6302/2492
f 4220/6086/2491 4222/6085/2491 4213/6180/2491 4211/6179/2491 4231/6303/2491
f 4221/6082/2491 4219/6081/2491 4212/6182/2491 4214/6181/2491
f 4163/6217/2514 4166/6216/2514 4170/6304/2514 4167/6305/2514
f 4165/6221/2514 4164/6220/2514 4168/6306/2514 4169/6307/2514
f 4030/5732/2490 4085/5731/2490 4089/6308/2490 4093/6309/2490 4105/6310/2490 4117/6311/2490 4109/5728/2490 4113/5727/2490 4126/6312/2490 4130/6313/2490 4134/6314/2490 4146/6315/2490 4137/5724/2490 4162/5723/2490 4142/6316/2490 4150/6317/2490 4170/6318/2490 4166/5719/2490 4063/5718/2490 4039/5763/2490 4041/5766/2490 4040/6319/2490
f 4216/6320/2514 4218/6321/2514 4202/6322/2514 4200/6323/2514
f 4217/6324/2514 4215/6325/2514 4199/6326/2514 4201/6327/2514
f 4135/6328/2494 4137/6329/2494 4146/6207/2494 4143/6206/2494
f 4138/6330/2494 4136/6331/2494 4144/6211/2494 4145/6210/2494
f 4350/6332/2515 4348/6333/2515 4336/6302/2515 4338/6301/2515
f 4349/6334/2515 4351/6335/2515 4339/6300/2515 4337/6299/2515
f 4295/6065/2492 4293/6064/2492 4273/6336/2492 4275/6337/2492
f 4292/6069/2492 4294/6068/2492 4274/6338/2492 4272/6339/2492
f 4351/6335/2491 4349/6334/2491 4341/6031/2491 4343/6030/2491
f 4348/6333/2491 4350/6332/2491 4342/6035/2491 4340/6034/2491
f 4323/6153/2493 4321/6152/2493 4325/6340/2493 4327/6341/2493
f 4320/6155/2493 4322/6154/2493 4326/6342/2493 4324/6343/2493
f 4335/6135/2492 4333/6134/2492 4317/6151/2492 4319/6150/2492
f 4332/6139/2492 4334/6138/2492 4318/6149/2492 4316/6148/2492
f 4148/6282/2493 4149/6281/2493 4169/6307/2493 4168/6306/2493
f 4150/6286/2493 4147/6285/2493 4167/6305/2493 4170/6304/2493
f 4248/6170/2513 4251/6169/2513 4255/6344/2513 4252/6345/2513
f 4250/6174/2513 4249/6173/2513 4253/6346/2513 4254/6347/2513
f 4204/6348/2494 4206/6349/2494 4218/6321/2494 4216/6320/2494
f 4205/6350/2494 4203/6351/2494 4215/6325/2494 4217/6324/2494
f 4287/6352/2491 4285/6353/2491 4277/6292/2491 4279/6291/2491
f 4284/6354/2491 4286/6355/2491 4278/6294/2491 4276/6293/2491
f 4366/6092/2514 4364/6091/2514 4352/6123/2514 4354/6122/2514
f 4365/6096/2514 4367/6095/2514 4355/6121/2514 4353/6120/2514
f 4346/6356/2494 4344/6357/2494 4328/6358/2494 4330/6359/2494
f 4345/6360/2494 4347/6361/2494 4331/6362/2494 4329/6363/2494
f 4172/6270/2492 4173/6269/2492 4153/6364/2492 4152/6365/2492
f 4174/6274/2492 4171/6273/2492 4151/6366/2492 4154/6367/2492
f 4286/6355/2515 4284/6354/2515 4272/6339/2515 4274/6338/2515
f 4285/6353/2515 4287/6352/2515 4275/6337/2515 4273/6336/2515
f 4159/6368/2515 4162/6369/2515 4154/6367/2515 4151/6366/2515
f 4161/6370/2515 4160/6371/2515 4152/6365/2515 4153/6364/2515
f 4261/6025/2492 4263/6024/2492 4259/6298/2492 4257/6297/2492
f 4262/6029/2492 4260/6028/2492 4256/6296/2492 4258/6295/2492
f 4187/6262/2493 4189/6261/2493 4201/6327/2493 4199/6326/2493
f 4190/6266/2493 4188/6265/2493 4200/6323/2493 4202/6322/2493
f 4265/6372/2494 4266/6373/2494 4282/6374/2494 4281/6375/2494
f 4267/6376/2494 4264/6377/2494 4280/6378/2494 4283/6379/2494
f 4111/6002/2515 4113/6001/2515 4121/6143/2515 4119/6142/2515
f 4114/5998/2515 4112/5997/2515 4120/6141/2515 4122/6140/2515
f 4079/5738/2495 4277/5918/2495 4285/6380/2495 4273/6381/2495 4293/6382/2495 4305/5914/2495 4313/5913/2495 4317/6383/2495 4333/6384/2495 4345/5908/2495 4349/5907/2495 4337/6385/2495 4357/6386/2495 4369/5902/2495 4048/5901/2495 4050/6387/2495 4049/6388/2495 4082/6389/2495
f 4330/6359/2514 4328/6358/2514 4324/6343/2514 4326/6342/2514
f 4329/6363/2514 4331/6362/2514 4327/6341/2514 4325/6340/2514
f 4281/6375/2514 4282/6374/2514 4270/6390/2514 4269/6391/2514
f 4283/6379/2514 4280/6378/2514 4268/6392/2514 4271/6393/2514
f 4160/6371/2491 4161/6370/2491 4141/6280/2491 4140/6279/2491
f 4162/6369/2491 4159/6368/2491 4139/6284/2491 4142/6283/2491
f 4306/6394/2494 4304/6395/2494 4300/6039/2494 4302/6038/2494
f 4305/6396/2494 4307/6397/2494 4303/6043/2494 4301/6042/2494
f 4092/6115/2493 4094/6114/2493 4106/6147/2493 4104/6146/2493
f 4093/6119/2493 4091/6118/2493 4103/6145/2493 4105/6144/2493
f 4252/6345/2493 4255/6344/2493 4271/6393/2493 4268/6392/2493
f 4254/6347/2493 4253/6346/2493 4269/6391/2493 4270/6390/2493
f 4233/6398/2512 4235/6399/2512 4230/6241/2512 4228/6240/2512
f 4234/6400/2512 4232/6401/2512 4227/6243/2512 4229/6242/2512
f 4196/6190/2492 4197/6189/2492 4193/6402/2492 4191/6403/2492
f 4198/6194/2492 4195/6193/2492 4192/6404/2492 4194/6405/2492
f 4164/5674/2490 4176/6406/2490 4172/6407/2490 4152/6408/2490 4160/5670/2490 4136/5669/2490 4156/6409/2490 4120/6410/2490 4112/5664/2490 4108/5663/2490 4100/6411/2490 4096/6412/2490 4084/5658/2490 4007/5657/2490 4072/5892/2490 4077/5655/2490
f 4184/6290/2515 4186/6289/2515 4194/6405/2515 4192/6404/2515
f 4185/6288/2515 4183/6287/2515 4191/6403/2515 4193/6402/2515
f 4084/6258/2491 4086/6257/2491 4090/6113/2491 4088/6112/2491
f 4085/6256/2491 4083/6255/2491 4087/6117/2491 4089/6116/2491
f 4372/6413/2492 4381/6414/2492 4384/6415/2492 4377/6416/2492
f 4382/6417/2493 4375/6418/2493 4378/6419/2493 4387/6420/2493
f 4378/6421/2495 4379/6422/2495 4376/6423/2495 4377/6424/2495 4384/6425/2495 4385/6426/2495 4386/6427/2495 4387/6428/2495
f 4386/6429/2491 4385/6430/2491 4380/6431/2491 4383/6432/2491
f 4374/6433/2494 4373/6434/2494 4376/6435/2494 4379/6436/2494
f 4372/6413/2512 4377/6416/2512 4376/6435/2512 4373/6434/2512
f 4378/6419/2514 4375/6418/2514 4374/6433/2514 4379/6436/2514
f 4382/6417/2513 4387/6420/2513 4386/6437/2513 4383/6438/2513
f 4384/6415/2515 4381/6414/2515 4380/6431/2515 4385/6430/2515
f 4382/6439/2490 4383/6440/2490 4380/6441/2490 4381/6442/2490 4372/6443/2490 4373/6444/2490 4374/6445/2490 4375/6446/2490
f 4388/6447/2492 4397/6448/2492 4400/6449/2492 4393/6450/2492
f 4398/6451/2493 4391/6452/2493 4394/6453/2493 4403/6454/2493
f 4394/6455/2495 4395/6456/2495 4392/6457/2495 4393/6458/2495 4400/6459/2495 4401/6460/2495 4402/6461/2495 4403/6462/2495
f 4402/6463/2491 4401/6464/2491 4396/6465/2491 4399/6466/2491
f 4390/6467/2494 4389/6468/2494 4392/6469/2494 4395/6470/2494
f 4388/6447/2512 4393/6450/2512 4392/6469/2512 4389/6468/2512
f 4394/6453/2514 4391/6452/2514 4390/6467/2514 4395/6470/2514
f 4398/6451/2513 4403/6454/2513 4402/6471/2513 4399/6472/2513
f 4400/6449/2515 4397/6448/2515 4396/6465/2515 4401/6464/2515
f 4398/6473/2490 4399/6474/2490 4396/6475/2490 4397/6476/2490 4388/6477/2490 4389/6478/2490 4390/6479/2490 4391/6480/2490
f 4404/6481/2492 4413/6482/2492 4416/6483/2492 4409/6484/2492
f 4414/6485/2493 4407/6486/2493 4410/6487/2493 4419/6488/2493
f 4410/6489/2495 4411/6490/2495 4408/6491/2495 4409/6492/2495 4416/6493/2495 4417/6494/2495 4418/6495/2495 4419/6496/2495
f 4418/6497/2491 4417/6498/2491 4412/6499/2491 4415/6500/2491
f 4406/6501/2494 4405/6502/2494 4408/6503/2494 4411/6504/2494
f 4404/6481/2512 4409/6484/2512 4408/6503/2512 4405/6502/2512
f 4410/6487/2514 4407/6486/2514 4406/6501/2514 4411/6504/2514
f 4414/6485/2513 4419/6488/2513 4418/6505/2513 4415/6506/2513
f 4416/6483/2515 4413/6482/2515 4412/6499/2515 4417/6498/2515
f 4414/6507/2490 4415/6508/2490 4412/6509/2490 4413/6510/2490 4404/6511/2490 4405/6512/2490 4406/6513/2490 4407/6514/2490
f 4420/6515/2492 4429/6516/2492 4432/6517/2492 4425/6518/2492
f 4430/6519/2493 4423/6520/2493 4426/6521/2493 4435/6522/2493
f 4426/6523/2495 4427/6524/2495 4424/6525/2495 4425/6526/2495 4432/6527/2495 4433/6528/2495 4434/6529/2495 4435/6530/2495
f 4434/6531/2491 4433/6532/2491 4428/6533/2491 4431/6534/2491
f 4422/6535/2494 4421/6536/2494 4424/6537/2494 4427/6538/2494
f 4420/6515/2512 4425/6518/2512 4424/6537/2512 4421/6536/2512
f 4426/6521/2514 4423/6520/2514 4422/6535/2514 4427/6538/2514
f 4430/6519/2513 4435/6522/2513 4434/6539/2513 4431/6540/2513
f 4432/6517/2515 4429/6516/2515 4428/6533/2515 4433/6532/2515
f 4430/6541/2490 4431/6542/2490 4428/6543/2490 4429/6544/2490 4420/6545/2490 4421/6546/2490 4422/6547/2490 4423/6548/2490
f 4436/6549/2492 4445/6550/2492 4448/6551/2492 4441/6552/2492
f 4446/6553/2493 4439/6554/2493 4442/6555/2493 4451/6556/2493
f 4442/6557/2495 4443/6558/2495 4440/6559/2495 4441/6560/2495 4448/6561/2495 4449/6562/2495 4450/6563/2495 4451/6564/2495
f 4450/6565/2491 4449/6566/2491 4444/6567/2491 4447/6568/2491
f 4438/6569/2494 4437/6570/2494 4440/6571/2494 4443/6572/2494
f 4436/6549/2512 4441/6552/2512 4440/6571/2512 4437/6570/2512
f 4442/6555/2514 4439/6554/2514 4438/6569/2514 4443/6572/2514
f 4446/6553/2513 4451/6556/2513 4450/6573/2513 4447/6574/2513
f 4448/6551/2515 4445/6550/2515 4444/6567/2515 4449/6566/2515
f 4446/6575/2490 4447/6576/2490 4444/6577/2490 4445/6578/2490 4436/6579/2490 4437/6580/2490 4438/6581/2490 4439/6582/2490
f 4452/6583/2492 4461/6584/2492 4464/6585/2492 4457/6586/2492
f 4462/6587/2493 4455/6588/2493 4458/6589/2493 4467/6590/2493
f 4458/6591/2495 4459/6592/2495 4456/6593/2495 4457/6594/2495 4464/6595/2495 4465/6596/2495 4466/6597/2495 4467/6598/2495
f 4466/6599/2491 4465/6600/2491 4460/6601/2491 4463/6602/2491
f 4454/6603/2494 4453/6604/2494 4456/6605/2494 4459/6606/2494
f 4452/6583/2512 4457/6586/2512 4456/6605/2512 4453/6604/2512
f 4458/6589/2514 4455/6588/2514 4454/6603/2514 4459/6606/2514
f 4462/6587/2513 4467/6590/2513 4466/6607/2513 4463/6608/2513
f 4464/6585/2515 4461/6584/2515 4460/6601/2515 4465/6600/2515
f 4462/6609/2490 4463/6610/2490 4460/6611/2490 4461/6612/2490 4452/6613/2490 4453/6614/2490 4454/6615/2490 4455/6616/2490
f 4468/6617/2492 4477/6618/2492 4480/6619/2492 4473/6620/2492
f 4478/6621/2493 4471/6622/2493 4474/6623/2493 4483/6624/2493
f 4474/6625/2495 4475/6626/2495 4472/6627/2495 4473/6628/2495 4480/6629/2495 4481/6630/2495 4482/6631/2495 4483/6632/2495
f 4482/6633/2491 4481/6634/2491 4476/6635/2491 4479/6636/2491
f 4470/6637/2494 4469/6638/2494 4472/6639/2494 4475/6640/2494
f 4468/6617/2512 4473/6620/2512 4472/6639/2512 4469/6638/2512
f 4474/6623/2514 4471/6622/2514 4470/6637/2514 4475/6640/2514
f 4478/6621/2513 4483/6624/2513 4482/6641/2513 4479/6642/2513
f 4480/6619/2515 4477/6618/2515 4476/6635/2515 4481/6634/2515
f 4478/6643/2490 4479/6644/2490 4476/6645/2490 4477/6646/2490 4468/6647/2490 4469/6648/2490 4470/6649/2490 4471/6650/2490
f 4484/6651/2492 4493/6652/2492 4496/6653/2492 4489/6654/2492
f 4494/6655/2493 4487/6656/2493 4490/6657/2493 4499/6658/2493
f 4490/6659/2495 4491/6660/2495 4488/6661/2495 4489/6662/2495 4496/6663/2495 4497/6664/2495 4498/6665/2495 4499/6666/2495
f 4498/6667/2491 4497/6668/2491 4492/6669/2491 4495/6670/2491
f 4486/6671/2494 4485/6672/2494 4488/6673/2494 4491/6674/2494
f 4484/6651/2512 4489/6654/2512 4488/6673/2512 4485/6672/2512
f 4490/6657/2514 4487/6656/2514 4486/6671/2514 4491/6674/2514
f 4494/6655/2513 4499/6658/2513 4498/6675/2513 4495/6676/2513
f 4496/6653/2515 4493/6652/2515 4492/6669/2515 4497/6668/2515
f 4494/6677/2490 4495/6678/2490 4492/6679/2490 4493/6680/2490 4484/6681/2490 4485/6682/2490 4486/6683/2490 4487/6684/2490
f 4500/6685/2492 4509/6686/2492 4512/6687/2492 4505/6688/2492
f 4510/6689/2493 4503/6690/2493 4506/6691/2493 4515/6692/2493
f 4506/6693/2495 4507/6694/2495 4504/6695/2495 4505/6696/2495 4512/6697/2495 4513/6698/2495 4514/6699/2495 4515/6700/2495
f 4514/6701/2491 4513/6702/2491 4508/6703/2491 4511/6704/2491
f 4502/6705/2494 4501/6706/2494 4504/6707/2494 4507/6708/2494
f 4500/6685/2512 4505/6688/2512 4504/6707/2512 4501/6706/2512
f 4506/6691/2514 4503/6690/2514 4502/6705/2514 4507/6708/2514
f 4510/6689/2513 4515/6692/2513 4514/6709/2513 4511/6710/2513
f 4512/6687/2515 4509/6686/2515 4508/6703/2515 4513/6702/2515
f 4510/6711/2490 4511/6712/2490 4508/6713/2490 4509/6714/2490 4500/6715/2490 4501/6716/2490 4502/6717/2490 4503/6718/2490
o escalera-hierro-oxidado_escalera-hierro
v -0.765640 -0.007356 -0.506125
v -0.773003 -0.003141 -0.493755
v -0.765640 0.003657 -0.482594
v -0.750914 0.006241 -0.483803
v -0.743551 0.002026 -0.496173
v -0.750914 -0.004772 -0.507334
v -0.774628 0.034625 -0.525769
v -0.781988 0.038827 -0.513392
v -0.774625 0.045627 -0.502232
v -0.759902 0.048225 -0.503448
v -0.752542 0.044024 -0.515825
v -0.759904 0.037224 -0.526985
v -0.780448 0.061554 -0.538341
v -0.787800 0.065719 -0.525947
v -0.780438 0.072523 -0.514789
v -0.765724 0.075163 -0.516025
v -0.758372 0.070999 -0.528418
v -0.765734 0.064194 -0.539576
v -0.785644 0.085079 -0.549266
v -0.792987 0.089201 -0.536853
v -0.785626 0.096010 -0.525697
v -0.770923 0.098698 -0.526955
v -0.763580 0.094576 -0.539368
v -0.770940 0.087766 -0.550524
v -0.792842 0.117335 -0.564200
v -0.800317 0.122236 -0.552155
v -0.792874 0.128560 -0.540770
v -0.777957 0.129982 -0.541431
v -0.770482 0.125081 -0.553476
v -0.777925 0.118757 -0.564861
v -0.794929 0.324464 -0.666832
v -0.802454 0.330155 -0.655171
v -0.794980 0.335984 -0.643545
v -0.779981 0.336122 -0.643580
v -0.772456 0.330431 -0.655242
v -0.779930 0.324602 -0.666868
v -0.799451 0.742541 -0.873297
v -0.806976 0.748211 -0.861625
v -0.799502 0.754022 -0.849991
v -0.784502 0.754164 -0.850028
v -0.776978 0.748495 -0.861700
v -0.784452 0.742683 -0.873335
v -0.803974 1.169993 -1.083339
v -0.811498 1.175611 -1.071642
v -0.804023 1.181360 -1.059977
v -0.789024 1.181490 -1.060008
v -0.781499 1.175871 -1.071705
v -0.788975 1.170122 -1.083370
v -0.806041 1.406299 -1.197073
v -0.813554 1.410304 -1.184724
v -0.806068 1.414367 -1.172377
v -0.791068 1.414425 -1.172380
v -0.783554 1.410420 -1.184729
v -0.791041 1.406358 -1.197076
v -0.806005 1.489144 -1.212480
v -0.813516 1.491488 -1.199709
v -0.806027 1.493821 -1.186923
v -0.791027 1.493809 -1.186908
v -0.783516 1.491464 -1.199679
v -0.791005 1.489132 -1.212465
v -0.805921 1.544898 -1.222600
v -0.813432 1.547193 -1.209820
v -0.805943 1.549468 -1.197024
v -0.790943 1.549449 -1.197008
v -0.783432 1.547154 -1.209787
v -0.790921 1.544878 -1.222584
v -0.805837 1.601020 -1.232470
v -0.813348 1.603258 -1.219680
v -0.805859 1.605484 -1.206876
v -0.790859 1.605472 -1.206861
v -0.783348 1.603234 -1.219650
v -0.790837 1.601008 -1.232455
v -0.805799 1.683276 -1.246694
v -0.813310 1.685485 -1.233899
v -0.805821 1.687696 -1.221092
v -0.790821 1.687698 -1.221079
v -0.783310 1.685489 -1.233874
v -0.790799 1.683279 -1.246682
v -0.775273 0.001015 -1.539204
v -0.779811 -0.003467 -1.531502
v -0.775273 -0.003925 -1.522603
v -0.766198 0.000100 -1.521405
v -0.761660 0.004583 -1.529107
v -0.766198 0.005040 -1.538006
v -0.791120 0.033900 -1.529370
v -0.795738 0.029585 -1.521620
v -0.791233 0.029198 -1.512700
v -0.782112 0.033126 -1.511530
v -0.777495 0.037441 -1.519280
v -0.781999 0.037828 -1.528200
v -0.803774 0.061942 -1.522101
v -0.808561 0.058002 -1.514254
v -0.804146 0.057812 -1.505284
v -0.794943 0.061561 -1.504161
v -0.790156 0.065500 -1.512007
v -0.794572 0.065690 -1.520977
v -0.824300 0.110864 -1.511657
v -0.829402 0.107912 -1.503579
v -0.824710 0.106857 -1.494811
v -0.814916 0.108754 -1.494122
v -0.809814 0.111706 -1.502200
v -0.814506 0.112761 -1.510967
v -0.828219 0.402621 -1.438426
v -0.833411 0.400472 -1.430154
v -0.828606 0.398403 -1.421632
v -0.818610 0.398483 -1.421381
v -0.813418 0.400631 -1.429654
v -0.818223 0.402700 -1.438176
v -0.835859 0.899613 -1.313887
v -0.841050 0.897462 -1.305616
v -0.836246 0.895420 -1.297086
v -0.826250 0.895529 -1.296829
v -0.821058 0.897679 -1.305101
v -0.825863 0.899721 -1.313630
v -0.841669 1.203154 -1.238678
v -0.846854 1.200534 -1.230538
v -0.842042 1.197938 -1.222165
v -0.832045 1.197962 -1.221931
v -0.826860 1.200582 -1.230071
v -0.831672 1.203177 -1.238444
v -0.841682 1.250282 -1.220199
v -0.846855 1.245328 -1.213221
v -0.842030 1.240257 -1.206079
v -0.832032 1.240140 -1.205915
v -0.826859 1.245095 -1.212893
v -0.831684 1.250166 -1.220035
v -0.841682 1.282601 -1.182530
v -0.846855 1.275571 -1.177648
v -0.842030 1.268377 -1.172652
v -0.832032 1.268212 -1.172537
v -0.826859 1.275241 -1.177419
v -0.831684 1.282436 -1.182415
v -0.841682 1.324132 -1.108289
v -0.846855 1.316648 -1.104138
v -0.842030 1.308989 -1.099889
v -0.832032 1.308813 -1.099791
v -0.826859 1.316297 -1.103943
v -0.831684 1.323956 -1.108192
v -1.224601 0.001015 -1.539204
v -1.220064 -0.003467 -1.531502
v -1.224601 -0.003925 -1.522603
v -1.233677 0.000101 -1.521405
v -1.238214 0.004583 -1.529107
v -1.233677 0.005040 -1.538006
v -1.208754 0.033900 -1.529370
v -1.204137 0.029585 -1.521620
v -1.208641 0.029198 -1.512700
v -1.217763 0.033126 -1.511530
v -1.222380 0.037441 -1.519280
v -1.217875 0.037828 -1.528200
v -1.196100 0.061942 -1.522101
v -1.191313 0.058003 -1.514254
v -1.195729 0.057812 -1.505284
v -1.204931 0.061561 -1.504161
v -1.209718 0.065500 -1.512007
v -1.205302 0.065690 -1.520977
v -1.175574 0.110864 -1.511657
v -1.170472 0.107912 -1.503579
v -1.175164 0.106857 -1.494812
v -1.184958 0.108754 -1.494122
v -1.190060 0.111706 -1.502200
v -1.185368 0.112761 -1.510967
v -1.171655 0.402621 -1.438426
v -1.166463 0.400472 -1.430154
v -1.171268 0.398403 -1.421632
v -1.181265 0.398483 -1.421381
v -1.186456 0.400631 -1.429654
v -1.181651 0.402700 -1.438176
v -1.164015 0.899613 -1.313888
v -1.158824 0.897462 -1.305616
v -1.163628 0.895420 -1.297087
v -1.173624 0.895529 -1.296829
v -1.178816 0.897679 -1.305101
v -1.174011 0.899721 -1.313630
v -1.158205 1.203154 -1.238678
v -1.153020 1.200534 -1.230538
v -1.157832 1.197938 -1.222165
v -1.167829 1.197962 -1.221931
v -1.173014 1.200582 -1.230071
v -1.168202 1.203177 -1.238444
v -1.158192 1.250282 -1.220199
v -1.153019 1.245328 -1.213221
v -1.157844 1.240257 -1.206079
v -1.167842 1.240140 -1.205915
v -1.173015 1.245095 -1.212893
v -1.168190 1.250166 -1.220035
v -1.158192 1.282601 -1.182530
v -1.153019 1.275571 -1.177648
v -1.157844 1.268377 -1.172652
v -1.167842 1.268212 -1.172537
v -1.173015 1.275241 -1.177419
v -1.168190 1.282436 -1.182416
v -1.158192 1.324132 -1.108289
v -1.153019 1.316648 -1.104138
v -1.157844 1.308989 -1.099889
v -1.167842 1.308813 -1.099791
v -1.173015 1.316297 -1.103943
v -1.168190 1.323956 -1.108192
v -1.234235 -0.007356 -0.506125
v -1.226871 -0.003141 -0.493755
v -1.234235 0.003657 -0.482594
v -1.248961 0.006241 -0.483804
v -1.256324 0.002026 -0.496174
v -1.248961 -0.004772 -0.507335
v -1.225247 0.034625 -0.525769
v -1.217887 0.038827 -0.513393
v -1.225250 0.045627 -0.502232
v -1.239973 0.048225 -0.503449
v -1.247333 0.044024 -0.515825
v -1.239970 0.037224 -0.526985
v -1.219427 0.061555 -0.538341
v -1.212075 0.065719 -0.525948
v -1.219436 0.072523 -0.514789
v -1.234150 0.075163 -0.516025
v -1.241503 0.070999 -0.528418
v -1.234141 0.064194 -0.539577
v -1.214231 0.085079 -0.549267
v -1.206888 0.089201 -0.536853
v -1.214248 0.096010 -0.525697
v -1.228952 0.098698 -0.526955
v -1.236295 0.094576 -0.539368
v -1.228934 0.087766 -0.550524
v -1.207032 0.117335 -0.564201
v -1.199557 0.122236 -0.552155
v -1.207000 0.128560 -0.540770
v -1.221918 0.129982 -0.541431
v -1.229393 0.125081 -0.553477
v -1.221950 0.118757 -0.564862
v -1.204945 0.324464 -0.666832
v -1.197420 0.330155 -0.655171
v -1.204895 0.335984 -0.643545
v -1.219894 0.336122 -0.643581
v -1.227419 0.330431 -0.655242
v -1.219944 0.324603 -0.666868
v -1.200423 0.742542 -0.873297
v -1.192898 0.748211 -0.861625
v -1.200373 0.754022 -0.849991
v -1.215372 0.754164 -0.850029
v -1.222897 0.748495 -0.861701
v -1.215422 0.742684 -0.873335
v -1.195900 1.169993 -1.083339
v -1.188376 1.175611 -1.071642
v -1.195851 1.181360 -1.059977
v -1.210850 1.181490 -1.060009
v -1.218374 1.175871 -1.071705
v -1.210899 1.170122 -1.083370
v -1.193833 1.406299 -1.197074
v -1.186320 1.410304 -1.184724
v -1.193806 1.414367 -1.172377
v -1.208806 1.414425 -1.172380
v -1.216319 1.410420 -1.184729
v -1.208833 1.406358 -1.197076
v -1.193869 1.489144 -1.212480
v -1.186358 1.491488 -1.199709
v -1.193847 1.493821 -1.186924
v -1.208847 1.493809 -1.186908
v -1.216358 1.491464 -1.199679
v -1.208869 1.489132 -1.212465
v -1.193953 1.544898 -1.222600
v -1.186442 1.547193 -1.209821
v -1.193931 1.549468 -1.197025
v -1.208930 1.549449 -1.197008
v -1.216442 1.547154 -1.209788
v -1.208953 1.544878 -1.222584
v -1.194037 1.601020 -1.232470
v -1.186525 1.603258 -1.219681
v -1.194014 1.605484 -1.206876
v -1.209014 1.605472 -1.206861
v -1.216525 1.603234 -1.219650
v -1.209037 1.601008 -1.232455
v -1.194075 1.683276 -1.246694
v -1.186563 1.685485 -1.233900
v -1.194052 1.687696 -1.221092
v -1.209052 1.687698 -1.221080
v -1.216563 1.685489 -1.233874
v -1.209075 1.683279 -1.246682
v -0.799665 0.213143 -0.631516
v -0.799665 0.191956 -0.631516
v -0.799665 0.213143 -0.532151
v -0.799665 0.191956 -0.532151
v -1.200335 0.213143 -0.631516
v -1.200335 0.191955 -0.631516
v -1.200336 0.213143 -0.532151
v -1.200336 0.191955 -0.532151
v -1.200335 0.453143 -0.654076
v -1.200336 0.431955 -0.654076
v -1.200336 0.453143 -0.753442
v -1.200336 0.431955 -0.753442
v -0.799665 0.453143 -0.654076
v -0.799665 0.431956 -0.654076
v -0.799665 0.453143 -0.753442
v -0.799665 0.431956 -0.753442
v -0.799665 0.693143 -0.871516
v -0.799665 0.671956 -0.871516
v -0.799665 0.693143 -0.772151
v -0.799665 0.671956 -0.772151
v -1.200335 0.693143 -0.871516
v -1.200335 0.671956 -0.871516
v -1.200335 0.693143 -0.772151
v -1.200335 0.671956 -0.772151
v -1.200336 0.943143 -0.894076
v -1.200335 0.921956 -0.894076
v -1.200336 0.943143 -0.993442
v -1.200336 0.921956 -0.993442
v -0.799665 0.943143 -0.894076
v -0.799665 0.921956 -0.894076
v -0.799665 0.943143 -0.993442
v -0.799665 0.921956 -0.993442
v -0.799665 1.161955 -1.024076
v -0.799665 1.183143 -1.024076
v -0.799665 1.161956 -1.123442
v -0.799665 1.183143 -1.123442
v -1.200336 1.161955 -1.024076
v -1.200335 1.183143 -1.024076
v -1.200336 1.161955 -1.123442
v -1.200336 1.183143 -1.123442
v -1.203288 0.387375 -0.693370
v -0.796712 0.387375 -0.693370
v -1.203288 0.380303 -0.690441
v -0.796712 0.380303 -0.690441
v -1.203288 0.377374 -0.683370
v -0.796712 0.377374 -0.683370
v -1.203288 0.380303 -0.676299
v -0.796712 0.380303 -0.676299
v -1.203288 0.387375 -0.673370
v -0.796712 0.387375 -0.673370
v -1.203288 0.394446 -0.676299
v -0.796712 0.394446 -0.676299
v -1.203288 0.397375 -0.683370
v -0.796712 0.397375 -0.683370
v -1.203288 0.394446 -0.690441
v -0.796712 0.394446 -0.690441
v -1.170000 0.167375 -1.500000
v -0.830000 0.167375 -1.500000
v -1.170000 0.160303 -1.497071
v -0.830000 0.160303 -1.497071
v -1.170000 0.157374 -1.490000
v -0.830000 0.157374 -1.490000
v -1.170000 0.160303 -1.482929
v -0.830000 0.160303 -1.482929
v -1.170000 0.167375 -1.480000
v -0.830000 0.167375 -1.480000
v -1.170000 0.174446 -1.482929
v -0.830000 0.174446 -1.482929
v -1.170000 0.177375 -1.490000
v -0.830000 0.177375 -1.490000
v -1.170000 0.174446 -1.497071
v -0.830000 0.174446 -1.497071
v -1.170000 0.427375 -1.433370
v -0.830000 0.427375 -1.433370
v -1.170000 0.420303 -1.430441
v -0.830000 0.420303 -1.430441
v -1.170000 0.417374 -1.423370
v -0.830000 0.417374 -1.423370
v -1.170000 0.420303 -1.416299
v -0.830000 0.420303 -1.416299
v -1.170000 0.427375 -1.413370
v -0.830000 0.427375 -1.413370
v -1.170000 0.434446 -1.416299
v -0.830000 0.434446 -1.416299
v -1.170000 0.437375 -1.423370
v -0.830000 0.437375 -1.423370
v -1.170000 0.434446 -1.430441
v -0.830000 0.434446 -1.430441
v -1.170000 0.697375 -1.365668
v -0.830000 0.697375 -1.365667
v -1.170000 0.690303 -1.362739
v -0.830000 0.690303 -1.362738
v -1.170000 0.687374 -1.355667
v -0.830000 0.687374 -1.355667
v -1.170000 0.690303 -1.348596
v -0.830000 0.690303 -1.348596
v -1.170000 0.697375 -1.345667
v -0.830000 0.697375 -1.345667
v -1.170000 0.704446 -1.348596
v -0.830000 0.704446 -1.348596
v -1.170000 0.707375 -1.355667
v -0.830000 0.707375 -1.355667
v -1.170000 0.704446 -1.362739
v -0.830000 0.704446 -1.362738
v -1.170000 1.207375 -1.240000
v -0.830000 1.207375 -1.240000
v -1.170000 1.200303 -1.237071
v -0.830000 1.200304 -1.237071
v -1.170000 1.197374 -1.230000
v -0.830000 1.197375 -1.230000
v -1.170000 1.200303 -1.222929
v -0.830000 1.200304 -1.222929
v -1.170000 1.207375 -1.220000
v -0.830000 1.207375 -1.220000
v -1.170000 1.214446 -1.222929
v -0.830000 1.214446 -1.222929
v -1.170000 1.217375 -1.230000
v -0.830000 1.217375 -1.230000
v -1.170000 1.214446 -1.237071
v -0.830000 1.214446 -1.237071
vt 0.216820 0.247796
vt 0.218274 0.172768
vt 0.235821 0.173034
vt 0.234367 0.248061
vt 0.238109 0.248118
vt 0.239563 0.173090
vt 0.214533 0.172712
vt 0.213079 0.247740
vt 0.216820 0.247796
vt 0.218274 0.172768
vt 0.235821 0.173034
vt 0.234367 0.248061
vt 0.238109 0.248118
vt 0.239563 0.173090
vt 0.214533 0.172712
vt 0.213079 0.247740
vt 0.216820 0.247796
vt 0.218274 0.172768
vt 0.235821 0.173034
vt 0.234367 0.248061
vt 0.238109 0.248118
vt 0.239563 0.173090
vt 0.214533 0.172712
vt 0.213079 0.247740
vt 0.216820 0.247796
vt 0.218274 0.172768
vt 0.235821 0.173034
vt 0.234367 0.248061
vt 0.238109 0.248118
vt 0.239563 0.173090
vt 0.214533 0.172712
vt 0.213079 0.247740
vt 0.216820 0.247796
vt 0.218274 0.172768
vt 0.235821 0.173034
vt 0.234367 0.248061
vt 0.238109 0.248118
vt 0.239563 0.173090
vt 0.196042 0.092234
vt 0.196042 0.088617
vt 0.214403 0.088617
vt 0.214403 0.092234
vt 0.214403 0.160625
vt 0.196042 0.160625
vt 0.214403 0.164241
vt 0.196042 0.164241
vt 0.214533 0.172712
vt 0.213079 0.247740
vt 0.049149 0.171377
vt 0.049165 0.162396
vt 0.052377 0.162393
vt 0.052360 0.171382
vt 0.065205 0.171413
vt 0.065244 0.162420
vt 0.068460 0.162439
vt 0.068418 0.171424
vt 0.061994 0.171402
vt 0.062025 0.162405
vt 0.058782 0.171394
vt 0.058807 0.162395
vt 0.055570 0.171387
vt 0.055591 0.162392
vt 0.052360 0.156615
vt 0.055587 0.156597
vt 0.049144 0.156646
vt 0.065293 0.156638
vt 0.068517 0.156680
vt 0.062056 0.156608
vt 0.058819 0.156596
vt 0.052285 0.151539
vt 0.055549 0.151476
vt 0.049028 0.151631
vt 0.065381 0.151556
vt 0.068653 0.151649
vt 0.062108 0.151487
vt 0.058829 0.151459
vt 0.051940 0.144464
vt 0.055357 0.144439
vt 0.048608 0.144515
vt 0.065722 0.144457
vt 0.069040 0.144506
vt 0.062333 0.144434
vt 0.058851 0.144421
vt 0.052163 0.098054
vt 0.055500 0.098056
vt 0.048779 0.098051
vt 0.065490 0.098056
vt 0.068886 0.098054
vt 0.062142 0.098057
vt 0.058821 0.098057
vt 0.052112 0.005452
vt 0.055464 0.005452
vt 0.048761 0.005454
vt 0.065518 0.005455
vt 0.068869 0.005452
vt 0.062167 0.005456
vt 0.058816 0.005454
vt 0.042157 0.101505
vt 0.038743 0.101502
vt 0.038851 0.006142
vt 0.042194 0.006142
vt 0.045533 0.006145
vt 0.045513 0.101505
vt 0.028842 0.006147
vt 0.028784 0.101488
vt 0.025480 0.101484
vt 0.025506 0.006144
vt 0.032177 0.006147
vt 0.032087 0.101493
vt 0.035513 0.006145
vt 0.035388 0.101498
vt 0.042195 0.154209
vt 0.038905 0.154215
vt 0.045527 0.154218
vt 0.028712 0.154247
vt 0.025303 0.154255
vt 0.032163 0.154233
vt 0.035574 0.154224
vt 0.042187 0.170858
vt 0.038792 0.170852
vt 0.045533 0.170865
vt 0.028848 0.170858
vt 0.025559 0.170870
vt 0.032149 0.170854
vt 0.035449 0.170852
vt 0.042124 0.182184
vt 0.038793 0.182169
vt 0.045459 0.182201
vt 0.028816 0.182129
vt 0.025495 0.182114
vt 0.032139 0.182142
vt 0.035464 0.182155
vt 0.042051 0.193546
vt 0.038725 0.193528
vt 0.045377 0.193565
vt 0.028751 0.193476
vt 0.025427 0.193459
vt 0.032076 0.193493
vt 0.035400 0.193511
vt 0.041940 0.210189
vt 0.038614 0.210172
vt 0.045266 0.210205
vt 0.028641 0.210113
vt 0.025317 0.210095
vt 0.031964 0.210133
vt 0.035288 0.210153
vt 0.052377 0.162391
vt 0.055591 0.162390
vt 0.055571 0.171385
vt 0.052360 0.171380
vt 0.114098 0.148579
vt 0.113958 0.143125
vt 0.117511 0.143109
vt 0.117616 0.148567
vt 0.131689 0.148567
vt 0.131747 0.143107
vt 0.135275 0.143117
vt 0.135216 0.148575
vt 0.128153 0.148558
vt 0.128208 0.143100
vt 0.124636 0.148554
vt 0.124660 0.143097
vt 0.121127 0.148558
vt 0.121092 0.143098
vt 0.117474 0.138473
vt 0.121075 0.138460
vt 0.113811 0.138500
vt 0.131755 0.138468
vt 0.135382 0.138493
vt 0.128212 0.138455
vt 0.124655 0.138455
vt 0.116888 0.130380
vt 0.120680 0.130371
vt 0.113156 0.130395
vt 0.132384 0.130385
vt 0.136118 0.130404
vt 0.128562 0.130373
vt 0.124607 0.130365
vt 0.117304 0.083544
vt 0.121039 0.083545
vt 0.113457 0.083543
vt 0.132122 0.083548
vt 0.135955 0.083548
vt 0.128399 0.083547
vt 0.124719 0.083546
vt 0.117359 0.005262
vt 0.121110 0.005260
vt 0.113608 0.005260
vt 0.132367 0.005263
vt 0.136118 0.005268
vt 0.128615 0.005259
vt 0.124863 0.005259
vt 0.174618 0.096956
vt 0.171335 0.096964
vt 0.171498 0.004986
vt 0.174751 0.004994
vt 0.177953 0.004997
vt 0.177809 0.096974
vt 0.162013 0.004975
vt 0.161753 0.096984
vt 0.158590 0.096932
vt 0.158857 0.004974
vt 0.165160 0.004974
vt 0.164957 0.097001
vt 0.168306 0.004978
vt 0.168127 0.096987
vt 0.174560 0.111264
vt 0.171523 0.111307
vt 0.177731 0.111271
vt 0.161519 0.111372
vt 0.158130 0.111383
vt 0.164988 0.111315
vt 0.168361 0.111309
vt 0.174593 0.125167
vt 0.171386 0.125193
vt 0.177740 0.125146
vt 0.161854 0.125260
vt 0.158700 0.125345
vt 0.165074 0.125202
vt 0.168235 0.125196
vt 0.174785 0.149720
vt 0.171540 0.149731
vt 0.177953 0.149689
vt 0.162197 0.149751
vt 0.159111 0.149795
vt 0.165285 0.149728
vt 0.168376 0.149725
vt 0.093692 0.144222
vt 0.093551 0.139209
vt 0.097105 0.139194
vt 0.097209 0.144211
vt 0.111283 0.144211
vt 0.111341 0.139193
vt 0.114869 0.139202
vt 0.114810 0.144219
vt 0.107747 0.144204
vt 0.107802 0.139186
vt 0.104230 0.144200
vt 0.104255 0.139183
vt 0.100720 0.144203
vt 0.100685 0.139184
vt 0.097068 0.134933
vt 0.100669 0.134922
vt 0.093405 0.134958
vt 0.111349 0.134929
vt 0.114976 0.134952
vt 0.107806 0.134917
vt 0.104249 0.134917
vt 0.096482 0.127494
vt 0.100274 0.127486
vt 0.092749 0.127508
vt 0.111979 0.127499
vt 0.115712 0.127516
vt 0.108156 0.127487
vt 0.104201 0.127480
vt 0.096898 0.084445
vt 0.100634 0.084446
vt 0.093052 0.084444
vt 0.111717 0.084448
vt 0.115550 0.084448
vt 0.107993 0.084447
vt 0.104313 0.084447
vt 0.096953 0.012490
vt 0.100705 0.012489
vt 0.093203 0.012489
vt 0.111962 0.012492
vt 0.115712 0.012496
vt 0.108209 0.012488
vt 0.104457 0.012487
vt 0.152221 0.095012
vt 0.148458 0.095020
vt 0.148645 0.005654
vt 0.152374 0.005662
vt 0.156044 0.005666
vt 0.155879 0.095029
vt 0.137773 0.005643
vt 0.137475 0.095039
vt 0.133849 0.094989
vt 0.134155 0.005643
vt 0.141380 0.005643
vt 0.141147 0.095055
vt 0.144987 0.005647
vt 0.144781 0.095042
vt 0.152155 0.108913
vt 0.148674 0.108955
vt 0.155790 0.108920
vt 0.137207 0.109018
vt 0.133323 0.109029
vt 0.141183 0.108963
vt 0.145049 0.108957
vt 0.152193 0.122421
vt 0.148517 0.122446
vt 0.155800 0.122401
vt 0.137591 0.122512
vt 0.133976 0.122595
vt 0.141282 0.122455
vt 0.144905 0.122450
vt 0.152412 0.146277
vt 0.148693 0.146287
vt 0.156044 0.146247
vt 0.137985 0.146307
vt 0.134447 0.146349
vt 0.141524 0.146285
vt 0.145067 0.146282
vt 0.049149 0.171375
vt 0.049165 0.162394
vt 0.065205 0.171411
vt 0.065244 0.162418
vt 0.068460 0.162437
vt 0.068418 0.171423
vt 0.061994 0.171400
vt 0.062026 0.162403
vt 0.058782 0.171392
vt 0.058808 0.162393
vt 0.052360 0.156613
vt 0.055587 0.156595
vt 0.049144 0.156644
vt 0.065293 0.156636
vt 0.068517 0.156678
vt 0.062057 0.156606
vt 0.058820 0.156594
vt 0.052286 0.151536
vt 0.055549 0.151474
vt 0.049028 0.151629
vt 0.065381 0.151554
vt 0.068653 0.151646
vt 0.062108 0.151485
vt 0.058829 0.151457
vt 0.051940 0.144462
vt 0.055357 0.144437
vt 0.048608 0.144513
vt 0.065722 0.144455
vt 0.069040 0.144504
vt 0.062333 0.144432
vt 0.058851 0.144419
vt 0.052163 0.098052
vt 0.055501 0.098054
vt 0.048779 0.098048
vt 0.065490 0.098053
vt 0.068886 0.098051
vt 0.062142 0.098055
vt 0.058821 0.098055
vt 0.052112 0.005452
vt 0.055464 0.005452
vt 0.048761 0.005454
vt 0.065518 0.005455
vt 0.068869 0.005452
vt 0.062168 0.005456
vt 0.058816 0.005454
vt 0.017786 0.101543
vt 0.014372 0.101540
vt 0.014480 0.006182
vt 0.017823 0.006182
vt 0.021162 0.006184
vt 0.021142 0.101544
vt 0.004472 0.006187
vt 0.004413 0.101527
vt 0.001109 0.101522
vt 0.001136 0.006183
vt 0.007807 0.006187
vt 0.007716 0.101532
vt 0.011142 0.006185
vt 0.011017 0.101536
vt 0.017824 0.154249
vt 0.014534 0.154255
vt 0.021156 0.154258
vt 0.004340 0.154287
vt 0.000932 0.154294
vt 0.007792 0.154272
vt 0.011203 0.154264
vt 0.017816 0.170898
vt 0.014421 0.170892
vt 0.021162 0.170905
vt 0.004477 0.170898
vt 0.001188 0.170910
vt 0.007778 0.170894
vt 0.011078 0.170892
vt 0.017753 0.182224
vt 0.014421 0.182209
vt 0.021088 0.182241
vt 0.004445 0.182169
vt 0.001124 0.182154
vt 0.007768 0.182182
vt 0.011093 0.182195
vt 0.017680 0.193587
vt 0.014354 0.193569
vt 0.021006 0.193605
vt 0.004379 0.193517
vt 0.001055 0.193500
vt 0.007704 0.193534
vt 0.011029 0.193551
vt 0.017569 0.210229
vt 0.014243 0.210212
vt 0.020895 0.210246
vt 0.004269 0.210154
vt 0.000946 0.210136
vt 0.007593 0.210174
vt 0.010917 0.210194
vt 0.196042 0.092234
vt 0.196042 0.088617
vt 0.214403 0.088617
vt 0.214403 0.092234
vt 0.214403 0.160625
vt 0.196042 0.160625
vt 0.214403 0.164241
vt 0.196042 0.164241
vt 0.196042 0.092234
vt 0.196042 0.088617
vt 0.214403 0.088617
vt 0.214403 0.092234
vt 0.214403 0.160625
vt 0.196042 0.160625
vt 0.214403 0.164241
vt 0.196042 0.164241
vt 0.196042 0.092234
vt 0.196042 0.088617
vt 0.214403 0.088617
vt 0.214403 0.092234
vt 0.214403 0.160625
vt 0.196042 0.160625
vt 0.214403 0.164241
vt 0.196042 0.164241
vt 0.196042 0.092234
vt 0.196042 0.088617
vt 0.214403 0.088617
vt 0.214403 0.092234
vt 0.214403 0.160625
vt 0.196042 0.160625
vt 0.214403 0.164241
vt 0.196042 0.164241
vt 0.191634 0.002327
vt 0.191634 0.078611
vt 0.190198 0.078611
vt 0.190198 0.002327
vt 0.188762 0.078611
vt 0.188762 0.002327
vt 0.187326 0.078611
vt 0.187326 0.002327
vt 0.185890 0.078611
vt 0.185890 0.002327
vt 0.184454 0.078611
vt 0.184454 0.002327
vt 0.183018 0.078611
vt 0.183018 0.002327
vt 0.181582 0.078611
vt 0.181582 0.002327
vt 0.180146 0.078611
vt 0.180146 0.002327
vt 0.185890 0.002327
vt 0.185890 0.066120
vt 0.184454 0.066120
vt 0.184454 0.002327
vt 0.183018 0.066120
vt 0.183018 0.002327
vt 0.181582 0.066120
vt 0.181582 0.002327
vt 0.180146 0.066120
vt 0.180146 0.002327
vt 0.191634 0.002327
vt 0.191635 0.066120
vt 0.190198 0.066120
vt 0.190198 0.002327
vt 0.188762 0.066120
vt 0.188762 0.002327
vt 0.187326 0.066120
vt 0.187326 0.002327
vt 0.185890 0.186207
vt 0.185890 0.250000
vt 0.184454 0.250000
vt 0.184454 0.186207
vt 0.183018 0.250000
vt 0.183018 0.186207
vt 0.181582 0.250000
vt 0.181582 0.186207
vt 0.180146 0.250000
vt 0.180146 0.186207
vt 0.191634 0.186207
vt 0.191634 0.250000
vt 0.190198 0.250000
vt 0.190198 0.186207
vt 0.188762 0.250000
vt 0.188762 0.186207
vt 0.187326 0.250000
vt 0.187326 0.186207
vt 0.185890 0.080452
vt 0.185890 0.144245
vt 0.184454 0.144245
vt 0.184454 0.080452
vt 0.183018 0.144245
vt 0.183018 0.080452
vt 0.181582 0.144245
vt 0.181582 0.080452
vt 0.180146 0.144245
vt 0.180146 0.080452
vt 0.191634 0.080452
vt 0.191635 0.144245
vt 0.190198 0.144245
vt 0.190198 0.080452
vt 0.188762 0.144245
vt 0.188762 0.080452
vt 0.187326 0.144245
vt 0.187326 0.080452
vt 0.185890 0.090462
vt 0.185890 0.154255
vt 0.184454 0.154255
vt 0.184454 0.090462
vt 0.183018 0.154255
vt 0.183018 0.090462
vt 0.181582 0.154255
vt 0.181582 0.090462
vt 0.180146 0.154255
vt 0.180146 0.090462
vt 0.191634 0.090462
vt 0.191635 0.154255
vt 0.190199 0.154255
vt 0.190198 0.090462
vt 0.188762 0.154255
vt 0.188762 0.090462
vt 0.187326 0.154255
vt 0.187326 0.090462
vn 0.0000 1.0000 0.0000
vn 0.0000 0.0000 1.0000
vn 0.0000 0.0000 -1.0000
vn 0.0000 -1.0000 -0.0000
vn -1.0000 0.0000 0.0000
vn 1.0000 0.0000 -0.0000
vn -0.9817 -0.1724 0.0807
vn -0.9815 -0.1733 0.0809
vn -0.4906 -0.4533 -0.7442
vn -0.4908 -0.4532 -0.7441
vn -0.4908 0.2808 0.8247
vn -0.4905 0.2801 0.8252
vn 0.4909 0.4532 0.7440
vn 0.4911 0.4533 0.7438
vn 0.9817 0.1724 -0.0807
vn 0.9815 0.1732 -0.0812
vn 0.4909 -0.2808 -0.8247
vn 0.4908 -0.2800 -0.8250
vn -0.4901 -0.4537 -0.7443
vn 0.4905 -0.2774 -0.8260
vn -0.9809 -0.1761 0.0821
vn -0.4898 0.2778 0.8264
vn 0.4914 0.4536 0.7435
vn 0.9809 0.1758 -0.0826
vn -0.4906 -0.4537 -0.7439
vn 0.4901 -0.2741 -0.8274
vn -0.9804 -0.1786 0.0835
vn -0.4897 0.2751 0.8273
vn 0.4913 0.4542 0.7432
vn 0.9801 0.1797 -0.0844
vn -0.5197 -0.4175 -0.7454
vn 0.4760 -0.3340 -0.8135
vn -0.9946 -0.0926 0.0473
vn -0.5179 0.3202 0.7932
vn 0.4705 0.4256 0.7729
vn 0.9944 0.0974 -0.0402
vn -0.4983 -0.3886 -0.7750
vn 0.5019 -0.3793 -0.7772
vn -0.9999 -0.0093 0.0023
vn -0.5019 0.3792 0.7773
vn 0.4986 0.3884 0.7749
vn 0.9999 0.0090 -0.0026
vn -0.4982 -0.3874 -0.7757
vn 0.5015 -0.3780 -0.7782
vn -0.9999 -0.0096 0.0022
vn -0.5018 0.3779 0.7780
vn 0.4984 0.3874 0.7756
vn 0.9999 0.0093 -0.0028
vn -0.4976 -0.3833 -0.7781
vn 0.5004 -0.3747 -0.7804
vn -0.9999 -0.0091 0.0009
vn -0.5018 0.3746 0.7796
vn 0.4982 0.3834 0.7776
vn 0.9999 0.0082 -0.0032
vn -0.4834 -0.2738 -0.8314
vn 0.4834 -0.2704 -0.8326
vn -0.9991 -0.0171 -0.0397
vn -0.5222 0.2626 0.8113
vn 0.5183 0.2670 0.8124
vn 0.9991 -0.0094 -0.0404
vn -0.4987 -0.1560 -0.8526
vn 0.4999 -0.1569 -0.8517
vn -1.0000 0.0005 -0.0014
vn -0.5005 0.1558 0.8516
vn 0.4988 0.1550 0.8527
vn 1.0000 -0.0011 0.0006
vn -0.4989 -0.1517 -0.8533
vn 0.5004 -0.1530 -0.8522
vn -1.0000 0.0011 -0.0020
vn -0.5011 0.1529 0.8517
vn 0.4996 0.1516 0.8528
vn 1.0000 -0.0014 0.0002
vn -0.4989 -0.1484 -0.8538
vn 0.5007 -0.1492 -0.8527
vn -1.0000 0.0007 -0.0014
vn -0.5008 0.1492 0.8526
vn 0.4996 0.1484 0.8535
vn 1.0000 -0.0009 0.0005
vn -0.4991 -0.1474 -0.8539
vn 0.5008 -0.1477 -0.8528
vn -1.0000 0.0003 -0.0010
vn -0.5007 0.1477 0.8529
vn 0.4994 0.1474 0.8537
vn 1.0000 -0.0003 0.0008
vn -0.4906 0.4533 0.7442
vn 0.4908 0.2800 0.8250
vn 0.4909 0.2808 0.8247
vn -0.4908 0.4532 0.7441
vn -0.9079 -0.4016 -0.1199
vn -0.9122 -0.3942 -0.1118
vn -0.4548 0.0360 -0.8898
vn -0.4544 0.0470 -0.8895
vn -0.4538 -0.4488 0.7697
vn -0.4618 -0.4315 0.7749
vn 0.4543 -0.0470 0.8896
vn 0.4461 -0.0413 0.8940
vn 0.9079 0.4019 0.1191
vn 0.9121 0.3913 0.1222
vn 0.4531 0.4487 -0.7702
vn 0.4616 0.4315 -0.7750
vn -0.4481 0.0162 -0.8938
vn 0.4794 0.3947 -0.7838
vn -0.9208 -0.3753 -0.1056
vn -0.4790 -0.3934 0.7847
vn 0.4379 -0.0203 0.8988
vn 0.9196 0.3745 0.1187
vn -0.5073 0.0935 -0.8567
vn 0.4611 0.2923 -0.8378
vn -0.9795 -0.1879 -0.0725
vn -0.5517 -0.2968 0.7794
vn 0.4208 -0.1204 0.8991
vn 0.9792 0.1918 0.0649
vn -0.4812 0.2067 -0.8519
vn 0.5202 0.2146 -0.8266
vn -0.9996 -0.0081 -0.0251
vn -0.5196 -0.2149 0.8269
vn 0.4817 -0.2068 0.8516
vn 0.9996 0.0077 0.0252
vn -0.4801 0.2043 -0.8531
vn 0.5197 0.2150 -0.8268
vn -0.9996 -0.0109 -0.0254
vn -0.5184 -0.2151 0.8276
vn 0.4806 -0.2041 0.8528
vn 0.9996 0.0107 0.0262
vn -0.4739 0.2626 -0.8405
vn 0.5059 0.2659 -0.8205
vn -0.9991 0.0042 -0.0418
vn -0.5278 -0.2586 0.8090
vn 0.4860 -0.2568 0.8354
vn 0.9999 0.0093 0.0042
vn -0.4548 0.5157 -0.7261
vn 0.4885 0.5054 -0.7113
vn -0.9952 0.0566 -0.0798
vn -0.5594 -0.4798 0.6759
vn 0.5226 -0.4935 0.6952
vn 0.9983 0.0336 -0.0472
vn -0.4686 0.7244 -0.5055
vn 0.5028 0.7089 -0.4947
vn -0.9987 0.0416 -0.0298
vn -0.5300 -0.6975 0.4822
vn 0.4946 -0.7149 0.4942
vn 0.9999 0.0085 -0.0069
vn -0.4816 0.7649 -0.4278
vn 0.5163 0.7474 -0.4180
vn -0.9998 0.0183 -0.0104
vn -0.5172 -0.7473 0.4172
vn 0.4824 -0.7648 0.4270
vn 0.9998 -0.0168 0.0092
vn -0.9079 0.4016 0.1199
vn -0.9122 0.3942 0.1118
vn -0.4548 -0.0360 0.8898
vn -0.4544 -0.0470 0.8895
vn -0.4538 0.4488 -0.7697
vn -0.4618 0.4315 -0.7749
vn 0.4543 0.0470 -0.8896
vn 0.4461 0.0413 -0.8940
vn 0.9079 -0.4019 -0.1191
vn 0.9121 -0.3913 -0.1222
vn 0.4531 -0.4487 0.7702
vn 0.4616 -0.4315 0.7750
vn -0.4481 -0.0162 0.8938
vn 0.4794 -0.3947 0.7838
vn -0.9208 0.3753 0.1056
vn -0.4790 0.3934 -0.7847
vn 0.4379 0.0203 -0.8988
vn 0.9196 -0.3745 -0.1187
vn -0.5073 -0.0935 0.8567
vn 0.4611 -0.2923 0.8378
vn -0.9795 0.1879 0.0725
vn -0.5517 0.2968 -0.7794
vn 0.4208 0.1204 -0.8991
vn 0.9792 -0.1918 -0.0649
vn -0.4812 -0.2067 0.8519
vn 0.5202 -0.2146 0.8266
vn -0.9996 0.0081 0.0251
vn -0.5196 0.2149 -0.8269
vn 0.4817 0.2068 -0.8516
vn 0.9996 -0.0077 -0.0252
vn -0.4801 -0.2043 0.8531
vn 0.5197 -0.2150 0.8268
vn -0.9996 0.0109 0.0254
vn -0.5184 0.2151 -0.8276
vn 0.4806 0.2041 -0.8528
vn 0.9996 -0.0107 -0.0262
vn -0.4739 -0.2626 0.8405
vn 0.5059 -0.2659 0.8205
vn -0.9991 -0.0042 0.0418
vn -0.5278 0.2586 -0.8090
vn 0.4860 0.2568 -0.8354
vn 0.9999 -0.0093 -0.0042
vn -0.4548 -0.5157 0.7261
vn 0.4885 -0.5054 0.7113
vn -0.9952 -0.0566 0.0798
vn -0.5594 0.4798 -0.6759
vn 0.5226 0.4935 -0.6952
vn 0.9983 -0.0336 0.0472
vn -0.4686 -0.7244 0.5055
vn 0.5028 -0.7089 0.4947
vn -0.9987 -0.0416 0.0298
vn -0.5300 0.6975 -0.4822
vn 0.4946 0.7149 -0.4942
vn 0.9999 -0.0085 0.0069
vn -0.4816 -0.7649 0.4278
vn 0.5163 -0.7474 0.4180
vn -0.9998 -0.0183 0.0104
vn -0.5172 0.7473 -0.4172
vn 0.4824 0.7648 -0.4270
vn 0.9998 0.0168 -0.0092
vn -0.9817 0.1724 -0.0807
vn -0.9815 0.1733 -0.0809
vn -0.4908 -0.2808 -0.8247
vn -0.4905 -0.2801 -0.8252
vn 0.4909 -0.4532 -0.7440
vn 0.4911 -0.4533 -0.7438
vn 0.9817 -0.1724 0.0807
vn 0.9815 -0.1732 0.0812
vn -0.4901 0.4537 0.7443
vn 0.4905 0.2774 0.8260
vn -0.9809 0.1761 -0.0821
vn -0.4898 -0.2778 -0.8264
vn 0.4914 -0.4536 -0.7435
vn 0.9809 -0.1758 0.0826
vn -0.4906 0.4537 0.7439
vn 0.4901 0.2741 0.8274
vn -0.9804 0.1786 -0.0835
vn -0.4897 -0.2751 -0.8273
vn 0.4913 -0.4542 -0.7431
vn 0.9801 -0.1797 0.0844
vn -0.5197 0.4175 0.7454
vn 0.4760 0.3340 0.8135
vn -0.9946 0.0926 -0.0473
vn -0.5179 -0.3202 -0.7932
vn 0.4705 -0.4256 -0.7729
vn 0.9944 -0.0974 0.0402
vn -0.4983 0.3886 0.7750
vn 0.5019 0.3793 0.7772
vn -0.9999 0.0093 -0.0023
vn -0.5019 -0.3792 -0.7773
vn 0.4986 -0.3884 -0.7749
vn 0.9999 -0.0090 0.0026
vn -0.4982 0.3874 0.7757
vn 0.5015 0.3780 0.7782
vn -0.9999 0.0096 -0.0022
vn -0.5018 -0.3779 -0.7780
vn 0.4984 -0.3874 -0.7756
vn 0.9999 -0.0093 0.0028
vn -0.4976 0.3833 0.7781
vn 0.5004 0.3747 0.7804
vn -0.9999 0.0091 -0.0009
vn -0.5018 -0.3746 -0.7796
vn 0.4982 -0.3834 -0.7776
vn 0.9999 -0.0082 0.0032
vn -0.4834 0.2738 0.8314
vn 0.4834 0.2704 0.8326
vn -0.9991 0.0171 0.0397
vn -0.5222 -0.2626 -0.8113
vn 0.5183 -0.2670 -0.8124
vn 0.9991 0.0094 0.0404
vn -0.4987 0.1560 0.8526
vn 0.4999 0.1569 0.8517
vn -1.0000 -0.0005 0.0014
vn -0.5005 -0.1558 -0.8516
vn 0.4988 -0.1550 -0.8527
vn 1.0000 0.0011 -0.0006
vn -0.4989 0.1517 0.8533
vn 0.5004 0.1530 0.8522
vn -1.0000 -0.0011 0.0020
vn -0.5011 -0.1529 -0.8517
vn 0.4996 -0.1516 -0.8528
vn 1.0000 0.0014 -0.0002
vn -0.4989 0.1484 0.8538
vn 0.5007 0.1492 0.8527
vn -1.0000 -0.0007 0.0014
vn -0.5008 -0.1492 -0.8526
vn 0.4996 -0.1484 -0.8535
vn 1.0000 0.0009 -0.0005
vn -0.4991 0.1474 0.8539
vn 0.5008 0.1477 0.8528
vn -1.0000 -0.0003 0.0010
vn -0.5007 -0.1477 -0.8529
vn 0.4994 -0.1474 -0.8537
vn 1.0000 0.0003 -0.0008
vn -0.5773 -0.5773 0.5773
vn -0.5773 0.5773 0.5773
vn -0.5773 0.5773 -0.5773
vn -0.5773 -0.5773 -0.5773
vn 0.5773 -0.5773 -0.5773
vn 0.5773 -0.5773 0.5773
vn 0.5773 0.5773 -0.5773
vn 0.5773 0.5773 0.5773
vn 0.0000 -0.7071 -0.7071
vn 0.0000 -0.7071 0.7071
vn 0.0000 0.7071 0.7071
vn 0.0000 0.7071 -0.7071
usemtl hiper-atlas
s off
f 4792/6719/2516 4796/6720/2516 4798/6721/2516 4794/6722/2516
f 4795/6723/2517 4794/6722/2517 4798/6721/2517 4799/6724/2517
f 4797/6725/2518 4796/6720/2518 4792/6719/2518 4793/6726/2518
f 4800/6727/2516 4804/6728/2516 4806/6729/2516 4802/6730/2516
f 4803/6731/2518 4802/6730/2518 4806/6729/2518 4807/6732/2518
f 4805/6733/2517 4804/6728/2517 4800/6727/2517 4801/6734/2517
f 4808/6735/2516 4812/6736/2516 4814/6737/2516 4810/6738/2516
f 4811/6739/2517 4810/6738/2517 4814/6737/2517 4815/6740/2517
f 4813/6741/2518 4812/6736/2518 4808/6735/2518 4809/6742/2518
f 4816/6743/2516 4820/6744/2516 4822/6745/2516 4818/6746/2516
f 4819/6747/2518 4818/6746/2518 4822/6745/2518 4823/6748/2518
f 4821/6749/2517 4820/6744/2517 4816/6743/2517 4817/6750/2517
f 4824/6751/2519 4828/6752/2519 4830/6753/2519 4826/6754/2519
f 4827/6755/2518 4826/6754/2518 4830/6753/2518 4831/6756/2518
f 4831/6757/2520 4830/6758/2520 4828/6759/2520 4829/6760/2520
f 4829/6760/2516 4825/6761/2516 4827/6762/2516 4831/6757/2516
f 4825/6761/2521 4824/6763/2521 4826/6764/2521 4827/6762/2521
f 4829/6765/2517 4828/6752/2517 4824/6751/2517 4825/6766/2517
s 1
f 4517/6767/2522 4523/6768/2523 4522/6769/2524 4516/6770/2525
f 4518/6771/2526 4524/6772/2527 4523/6773/2523 4517/6774/2522
f 4519/6775/2528 4525/6776/2529 4524/6772/2527 4518/6771/2526
f 4520/6777/2530 4526/6778/2531 4525/6776/2529 4519/6775/2528
f 4521/6779/2532 4527/6780/2533 4526/6778/2531 4520/6777/2530
f 4528/6781/2534 4533/6782/2535 4527/6780/2533 4522/6769/2524
f 4523/6768/2523 4529/6783/2536 4528/6781/2534 4522/6769/2524
f 4524/6772/2527 4530/6784/2537 4529/6785/2536 4523/6773/2523
f 4525/6776/2529 4531/6786/2538 4530/6784/2537 4524/6772/2527
f 4526/6778/2531 4532/6787/2539 4531/6786/2538 4525/6776/2529
f 4527/6780/2533 4533/6782/2535 4532/6787/2539 4526/6778/2531
f 4534/6788/2540 4539/6789/2541 4533/6782/2535 4528/6781/2534
f 4529/6783/2536 4535/6790/2542 4534/6788/2540 4528/6781/2534
f 4530/6784/2537 4536/6791/2543 4535/6792/2542 4529/6785/2536
f 4531/6786/2538 4537/6793/2544 4536/6791/2543 4530/6784/2537
f 4532/6787/2539 4538/6794/2545 4537/6793/2544 4531/6786/2538
f 4533/6782/2535 4539/6789/2541 4538/6794/2545 4532/6787/2539
f 4540/6795/2546 4545/6796/2547 4539/6789/2541 4534/6788/2540
f 4535/6790/2542 4541/6797/2548 4540/6795/2546 4534/6788/2540
f 4536/6791/2543 4542/6798/2549 4541/6799/2548 4535/6792/2542
f 4537/6793/2544 4543/6800/2550 4542/6798/2549 4536/6791/2543
f 4538/6794/2545 4544/6801/2551 4543/6800/2550 4537/6793/2544
f 4539/6789/2541 4545/6796/2547 4544/6801/2551 4538/6794/2545
f 4546/6802/2552 4551/6803/2553 4545/6796/2547 4540/6795/2546
f 4541/6797/2548 4547/6804/2554 4546/6802/2552 4540/6795/2546
f 4542/6798/2549 4548/6805/2555 4547/6806/2554 4541/6799/2548
f 4543/6800/2550 4549/6807/2556 4548/6805/2555 4542/6798/2549
f 4544/6801/2551 4550/6808/2557 4549/6807/2556 4543/6800/2550
f 4545/6796/2547 4551/6803/2553 4550/6808/2557 4544/6801/2551
f 4552/6809/2558 4557/6810/2559 4551/6803/2553 4546/6802/2552
f 4547/6804/2554 4553/6811/2560 4552/6809/2558 4546/6802/2552
f 4548/6805/2555 4554/6812/2561 4553/6813/2560 4547/6806/2554
f 4549/6807/2556 4555/6814/2562 4554/6812/2561 4548/6805/2555
f 4550/6808/2557 4556/6815/2563 4555/6814/2562 4549/6807/2556
f 4551/6803/2553 4557/6810/2559 4556/6815/2563 4550/6808/2557
f 4558/6816/2564 4563/6817/2565 4557/6818/2559 4552/6819/2558
f 4553/6820/2560 4559/6821/2566 4558/6816/2564 4552/6819/2558
f 4554/6822/2561 4560/6823/2567 4559/6824/2566 4553/6825/2560
f 4555/6826/2562 4561/6827/2568 4560/6823/2567 4554/6822/2561
f 4556/6828/2563 4562/6829/2569 4561/6827/2568 4555/6826/2562
f 4557/6818/2559 4563/6817/2565 4562/6829/2569 4556/6828/2563
f 4564/6830/2570 4569/6831/2571 4563/6817/2565 4558/6816/2564
f 4559/6821/2566 4565/6832/2572 4564/6830/2570 4558/6816/2564
f 4560/6823/2567 4566/6833/2573 4565/6834/2572 4559/6824/2566
f 4561/6827/2568 4567/6835/2574 4566/6833/2573 4560/6823/2567
f 4562/6829/2569 4568/6836/2575 4567/6835/2574 4561/6827/2568
f 4563/6817/2565 4569/6831/2571 4568/6836/2575 4562/6829/2569
f 4570/6837/2576 4575/6838/2577 4569/6831/2571 4564/6830/2570
f 4565/6832/2572 4571/6839/2578 4570/6837/2576 4564/6830/2570
f 4566/6833/2573 4572/6840/2579 4571/6841/2578 4565/6834/2572
f 4567/6835/2574 4573/6842/2580 4572/6840/2579 4566/6833/2573
f 4568/6836/2575 4574/6843/2581 4573/6842/2580 4567/6835/2574
f 4569/6831/2571 4575/6838/2577 4574/6843/2581 4568/6836/2575
f 4576/6844/2582 4581/6845/2583 4575/6838/2577 4570/6837/2576
f 4571/6839/2578 4577/6846/2584 4576/6844/2582 4570/6837/2576
f 4572/6840/2579 4578/6847/2585 4577/6848/2584 4571/6841/2578
f 4573/6842/2580 4579/6849/2586 4578/6847/2585 4572/6840/2579
f 4574/6843/2581 4580/6850/2587 4579/6849/2586 4573/6842/2580
f 4575/6838/2577 4581/6845/2583 4580/6850/2587 4574/6843/2581
f 4582/6851/2588 4587/6852/2589 4581/6845/2583 4576/6844/2582
f 4577/6846/2584 4583/6853/2590 4582/6851/2588 4576/6844/2582
f 4578/6847/2585 4584/6854/2591 4583/6855/2590 4577/6848/2584
f 4579/6849/2586 4585/6856/2592 4584/6854/2591 4578/6847/2585
f 4580/6850/2587 4586/6857/2593 4585/6856/2592 4579/6849/2586
f 4581/6845/2583 4587/6852/2589 4586/6857/2593 4580/6850/2587
f 4588/6858/2594 4593/6859/2595 4587/6852/2589 4582/6851/2588
f 4583/6853/2590 4589/6860/2596 4588/6858/2594 4582/6851/2588
f 4584/6854/2591 4590/6861/2597 4589/6862/2596 4583/6855/2590
f 4585/6856/2592 4591/6863/2598 4590/6861/2597 4584/6854/2591
f 4586/6857/2593 4592/6864/2599 4591/6863/2598 4585/6856/2592
f 4587/6852/2589 4593/6859/2595 4592/6864/2599 4586/6857/2593
f 4720/6865/2600 4725/6866/2601 4719/6867/2602 4714/6868/2603
f 4595/6869/2604 4601/6870/2605 4600/6871/2606 4594/6872/2607
f 4596/6873/2608 4602/6874/2609 4601/6875/2605 4595/6876/2604
f 4597/6877/2610 4603/6878/2611 4602/6874/2609 4596/6873/2608
f 4598/6879/2612 4604/6880/2613 4603/6878/2611 4597/6877/2610
f 4599/6881/2614 4605/6882/2615 4604/6880/2613 4598/6879/2612
f 4606/6883/2616 4611/6884/2617 4605/6882/2615 4600/6871/2606
f 4601/6870/2605 4607/6885/2618 4606/6883/2616 4600/6871/2606
f 4602/6874/2609 4608/6886/2619 4607/6887/2618 4601/6875/2605
f 4603/6878/2611 4609/6888/2620 4608/6886/2619 4602/6874/2609
f 4604/6880/2613 4610/6889/2621 4609/6888/2620 4603/6878/2611
f 4605/6882/2615 4611/6884/2617 4610/6889/2621 4604/6880/2613
f 4612/6890/2622 4617/6891/2623 4611/6884/2617 4606/6883/2616
f 4607/6885/2618 4613/6892/2624 4612/6890/2622 4606/6883/2616
f 4608/6886/2619 4614/6893/2625 4613/6894/2624 4607/6887/2618
f 4609/6888/2620 4615/6895/2626 4614/6893/2625 4608/6886/2619
f 4610/6889/2621 4616/6896/2627 4615/6895/2626 4609/6888/2620
f 4611/6884/2617 4617/6891/2623 4616/6896/2627 4610/6889/2621
f 4618/6897/2628 4623/6898/2629 4617/6891/2623 4612/6890/2622
f 4613/6892/2624 4619/6899/2630 4618/6897/2628 4612/6890/2622
f 4614/6893/2625 4620/6900/2631 4619/6901/2630 4613/6894/2624
f 4615/6895/2626 4621/6902/2632 4620/6900/2631 4614/6893/2625
f 4616/6896/2627 4622/6903/2633 4621/6902/2632 4615/6895/2626
f 4617/6891/2623 4623/6898/2629 4622/6903/2633 4616/6896/2627
f 4624/6904/2634 4629/6905/2635 4623/6898/2629 4618/6897/2628
f 4619/6899/2630 4625/6906/2636 4624/6904/2634 4618/6897/2628
f 4620/6900/2631 4626/6907/2637 4625/6908/2636 4619/6901/2630
f 4621/6902/2632 4627/6909/2638 4626/6907/2637 4620/6900/2631
f 4622/6903/2633 4628/6910/2639 4627/6909/2638 4621/6902/2632
f 4623/6898/2629 4629/6905/2635 4628/6910/2639 4622/6903/2633
f 4630/6911/2640 4635/6912/2641 4629/6913/2635 4624/6914/2634
f 4625/6915/2636 4631/6916/2642 4630/6911/2640 4624/6914/2634
f 4626/6917/2637 4632/6918/2643 4631/6919/2642 4625/6920/2636
f 4627/6921/2638 4633/6922/2644 4632/6918/2643 4626/6917/2637
f 4628/6923/2639 4634/6924/2645 4633/6922/2644 4627/6921/2638
f 4629/6913/2635 4635/6912/2641 4634/6924/2645 4628/6923/2639
f 4636/6925/2646 4641/6926/2647 4635/6912/2641 4630/6911/2640
f 4631/6916/2642 4637/6927/2648 4636/6925/2646 4630/6911/2640
f 4632/6918/2643 4638/6928/2649 4637/6929/2648 4631/6919/2642
f 4633/6922/2644 4639/6930/2650 4638/6928/2649 4632/6918/2643
f 4634/6924/2645 4640/6931/2651 4639/6930/2650 4633/6922/2644
f 4635/6912/2641 4641/6926/2647 4640/6931/2651 4634/6924/2645
f 4642/6932/2652 4647/6933/2653 4641/6926/2647 4636/6925/2646
f 4637/6927/2648 4643/6934/2654 4642/6932/2652 4636/6925/2646
f 4638/6928/2649 4644/6935/2655 4643/6936/2654 4637/6929/2648
f 4639/6930/2650 4645/6937/2656 4644/6935/2655 4638/6928/2649
f 4640/6931/2651 4646/6938/2657 4645/6937/2656 4639/6930/2650
f 4641/6926/2647 4647/6933/2653 4646/6938/2657 4640/6931/2651
f 4648/6939/2658 4653/6940/2659 4647/6933/2653 4642/6932/2652
f 4643/6934/2654 4649/6941/2660 4648/6939/2658 4642/6932/2652
f 4644/6935/2655 4650/6942/2661 4649/6943/2660 4643/6936/2654
f 4645/6937/2656 4651/6944/2662 4650/6942/2661 4644/6935/2655
f 4646/6938/2657 4652/6945/2663 4651/6944/2662 4645/6937/2656
f 4647/6933/2653 4653/6940/2659 4652/6945/2663 4646/6938/2657
f 4522/6769/2524 4527/6780/2533 4521/6779/2532 4516/6770/2525
f 4655/6946/2664 4661/6947/2665 4660/6948/2666 4654/6949/2667
f 4656/6950/2668 4662/6951/2669 4661/6952/2665 4655/6953/2664
f 4657/6954/2670 4663/6955/2671 4662/6951/2669 4656/6950/2668
f 4658/6956/2672 4664/6957/2673 4663/6955/2671 4657/6954/2670
f 4659/6958/2674 4665/6959/2675 4664/6957/2673 4658/6956/2672
f 4666/6960/2676 4671/6961/2677 4665/6959/2675 4660/6948/2666
f 4661/6947/2665 4667/6962/2678 4666/6960/2676 4660/6948/2666
f 4662/6951/2669 4668/6963/2679 4667/6964/2678 4661/6952/2665
f 4663/6955/2671 4669/6965/2680 4668/6963/2679 4662/6951/2669
f 4664/6957/2673 4670/6966/2681 4669/6965/2680 4663/6955/2671
f 4665/6959/2675 4671/6961/2677 4670/6966/2681 4664/6957/2673
f 4672/6967/2682 4677/6968/2683 4671/6961/2677 4666/6960/2676
f 4667/6962/2678 4673/6969/2684 4672/6967/2682 4666/6960/2676
f 4668/6963/2679 4674/6970/2685 4673/6971/2684 4667/6964/2678
f 4669/6965/2680 4675/6972/2686 4674/6970/2685 4668/6963/2679
f 4670/6966/2681 4676/6973/2687 4675/6972/2686 4669/6965/2680
f 4671/6961/2677 4677/6968/2683 4676/6973/2687 4670/6966/2681
f 4678/6974/2688 4683/6975/2689 4677/6968/2683 4672/6967/2682
f 4673/6969/2684 4679/6976/2690 4678/6974/2688 4672/6967/2682
f 4674/6970/2685 4680/6977/2691 4679/6978/2690 4673/6971/2684
f 4675/6972/2686 4681/6979/2692 4680/6977/2691 4674/6970/2685
f 4676/6973/2687 4682/6980/2693 4681/6979/2692 4675/6972/2686
f 4677/6968/2683 4683/6975/2689 4682/6980/2693 4676/6973/2687
f 4684/6981/2694 4689/6982/2695 4683/6975/2689 4678/6974/2688
f 4679/6976/2690 4685/6983/2696 4684/6981/2694 4678/6974/2688
f 4680/6977/2691 4686/6984/2697 4685/6985/2696 4679/6978/2690
f 4681/6979/2692 4687/6986/2698 4686/6984/2697 4680/6977/2691
f 4682/6980/2693 4688/6987/2699 4687/6986/2698 4681/6979/2692
f 4683/6975/2689 4689/6982/2695 4688/6987/2699 4682/6980/2693
f 4690/6988/2700 4695/6989/2701 4689/6990/2695 4684/6991/2694
f 4685/6992/2696 4691/6993/2702 4690/6988/2700 4684/6991/2694
f 4686/6994/2697 4692/6995/2703 4691/6996/2702 4685/6997/2696
f 4687/6998/2698 4693/6999/2704 4692/6995/2703 4686/6994/2697
f 4688/7000/2699 4694/7001/2705 4693/6999/2704 4687/6998/2698
f 4689/6990/2695 4695/6989/2701 4694/7001/2705 4688/7000/2699
f 4696/7002/2706 4701/7003/2707 4695/6989/2701 4690/6988/2700
f 4691/6993/2702 4697/7004/2708 4696/7002/2706 4690/6988/2700
f 4692/6995/2703 4698/7005/2709 4697/7006/2708 4691/6996/2702
f 4693/6999/2704 4699/7007/2710 4698/7005/2709 4692/6995/2703
f 4694/7001/2705 4700/7008/2711 4699/7007/2710 4693/6999/2704
f 4695/6989/2701 4701/7003/2707 4700/7008/2711 4694/7001/2705
f 4702/7009/2712 4707/7010/2713 4701/7003/2707 4696/7002/2706
f 4697/7004/2708 4703/7011/2714 4702/7009/2712 4696/7002/2706
f 4698/7005/2709 4704/7012/2715 4703/7013/2714 4697/7006/2708
f 4699/7007/2710 4705/7014/2716 4704/7012/2715 4698/7005/2709
f 4700/7008/2711 4706/7015/2717 4705/7014/2716 4699/7007/2710
f 4701/7003/2707 4707/7010/2713 4706/7015/2717 4700/7008/2711
f 4708/7016/2718 4713/7017/2719 4707/7010/2713 4702/7009/2712
f 4703/7011/2714 4709/7018/2720 4708/7016/2718 4702/7009/2712
f 4704/7012/2715 4710/7019/2721 4709/7020/2720 4703/7013/2714
f 4705/7014/2716 4711/7021/2722 4710/7019/2721 4704/7012/2715
f 4706/7015/2717 4712/7022/2723 4711/7021/2722 4705/7014/2716
f 4707/7010/2713 4713/7017/2719 4712/7022/2723 4706/7015/2717
f 4600/6871/2606 4605/6882/2615 4599/6881/2614 4594/6872/2607
f 4715/7023/2724 4721/7024/2725 4720/6865/2600 4714/6868/2603
f 4716/7025/2726 4722/7026/2727 4721/7027/2725 4715/7028/2724
f 4717/7029/2728 4723/7030/2729 4722/7026/2727 4716/7025/2726
f 4718/7031/2730 4724/7032/2731 4723/7030/2729 4717/7029/2728
f 4719/6867/2602 4725/6866/2601 4724/7032/2731 4718/7031/2730
f 4726/7033/2732 4731/7034/2733 4725/6866/2601 4720/6865/2600
f 4721/7024/2725 4727/7035/2734 4726/7033/2732 4720/6865/2600
f 4722/7026/2727 4728/7036/2735 4727/7037/2734 4721/7027/2725
f 4723/7030/2729 4729/7038/2736 4728/7036/2735 4722/7026/2727
f 4724/7032/2731 4730/7039/2737 4729/7038/2736 4723/7030/2729
f 4725/6866/2601 4731/7034/2733 4730/7039/2737 4724/7032/2731
f 4732/7040/2738 4737/7041/2739 4731/7034/2733 4726/7033/2732
f 4727/7035/2734 4733/7042/2740 4732/7040/2738 4726/7033/2732
f 4728/7036/2735 4734/7043/2741 4733/7044/2740 4727/7037/2734
f 4729/7038/2736 4735/7045/2742 4734/7043/2741 4728/7036/2735
f 4730/7039/2737 4736/7046/2743 4735/7045/2742 4729/7038/2736
f 4731/7034/2733 4737/7041/2739 4736/7046/2743 4730/7039/2737
f 4738/7047/2744 4743/7048/2745 4737/7041/2739 4732/7040/2738
f 4733/7042/2740 4739/7049/2746 4738/7047/2744 4732/7040/2738
f 4734/7043/2741 4740/7050/2747 4739/7051/2746 4733/7044/2740
f 4735/7045/2742 4741/7052/2748 4740/7050/2747 4734/7043/2741
f 4736/7046/2743 4742/7053/2749 4741/7052/2748 4735/7045/2742
f 4737/7041/2739 4743/7048/2745 4742/7053/2749 4736/7046/2743
f 4744/7054/2750 4749/7055/2751 4743/7048/2745 4738/7047/2744
f 4739/7049/2746 4745/7056/2752 4744/7054/2750 4738/7047/2744
f 4740/7050/2747 4746/7057/2753 4745/7058/2752 4739/7051/2746
f 4741/7052/2748 4747/7059/2754 4746/7057/2753 4740/7050/2747
f 4742/7053/2749 4748/7060/2755 4747/7059/2754 4741/7052/2748
f 4743/7048/2745 4749/7055/2751 4748/7060/2755 4742/7053/2749
f 4750/7061/2756 4755/7062/2757 4749/7055/2751 4744/7054/2750
f 4745/7056/2752 4751/7063/2758 4750/7061/2756 4744/7054/2750
f 4746/7057/2753 4752/7064/2759 4751/7065/2758 4745/7058/2752
f 4747/7059/2754 4753/7066/2760 4752/7064/2759 4746/7057/2753
f 4748/7060/2755 4754/7067/2761 4753/7066/2760 4747/7059/2754
f 4749/7055/2751 4755/7062/2757 4754/7067/2761 4748/7060/2755
f 4756/7068/2762 4761/7069/2763 4755/7070/2757 4750/7071/2756
f 4751/7072/2758 4757/7073/2764 4756/7068/2762 4750/7071/2756
f 4752/7074/2759 4758/7075/2765 4757/7076/2764 4751/7077/2758
f 4753/7078/2760 4759/7079/2766 4758/7075/2765 4752/7074/2759
f 4754/7080/2761 4760/7081/2767 4759/7079/2766 4753/7078/2760
f 4755/7070/2757 4761/7069/2763 4760/7081/2767 4754/7080/2761
f 4762/7082/2768 4767/7083/2769 4761/7069/2763 4756/7068/2762
f 4757/7073/2764 4763/7084/2770 4762/7082/2768 4756/7068/2762
f 4758/7075/2765 4764/7085/2771 4763/7086/2770 4757/7076/2764
f 4759/7079/2766 4765/7087/2772 4764/7085/2771 4758/7075/2765
f 4760/7081/2767 4766/7088/2773 4765/7087/2772 4759/7079/2766
f 4761/7069/2763 4767/7083/2769 4766/7088/2773 4760/7081/2767
f 4768/7089/2774 4773/7090/2775 4767/7083/2769 4762/7082/2768
f 4763/7084/2770 4769/7091/2776 4768/7089/2774 4762/7082/2768
f 4764/7085/2771 4770/7092/2777 4769/7093/2776 4763/7086/2770
f 4765/7087/2772 4771/7094/2778 4770/7092/2777 4764/7085/2771
f 4766/7088/2773 4772/7095/2779 4771/7094/2778 4765/7087/2772
f 4767/7083/2769 4773/7090/2775 4772/7095/2779 4766/7088/2773
f 4774/7096/2780 4779/7097/2781 4773/7090/2775 4768/7089/2774
f 4769/7091/2776 4775/7098/2782 4774/7096/2780 4768/7089/2774
f 4770/7092/2777 4776/7099/2783 4775/7100/2782 4769/7093/2776
f 4771/7094/2778 4777/7101/2784 4776/7099/2783 4770/7092/2777
f 4772/7095/2779 4778/7102/2785 4777/7101/2784 4771/7094/2778
f 4773/7090/2775 4779/7097/2781 4778/7102/2785 4772/7095/2779
f 4780/7103/2786 4785/7104/2787 4779/7097/2781 4774/7096/2780
f 4775/7098/2782 4781/7105/2788 4780/7103/2786 4774/7096/2780
f 4776/7099/2783 4782/7106/2789 4781/7107/2788 4775/7100/2782
f 4777/7101/2784 4783/7108/2790 4782/7106/2789 4776/7099/2783
f 4778/7102/2785 4784/7109/2791 4783/7108/2790 4777/7101/2784
f 4779/7097/2781 4785/7104/2787 4784/7109/2791 4778/7102/2785
f 4786/7110/2792 4791/7111/2793 4785/7104/2787 4780/7103/2786
f 4781/7105/2788 4787/7112/2794 4786/7110/2792 4780/7103/2786
f 4782/7106/2789 4788/7113/2795 4787/7114/2794 4781/7107/2788
f 4783/7108/2790 4789/7115/2796 4788/7113/2795 4782/7106/2789
f 4784/7109/2791 4790/7116/2797 4789/7115/2796 4783/7108/2790
f 4785/7104/2787 4791/7111/2793 4790/7116/2797 4784/7109/2791
f 4660/6948/2666 4665/6959/2675 4659/6958/2674 4654/6949/2667
f 4799/7117/2798 4798/7118/2799 4796/7119/2800 4797/7120/2801
f 4797/7120/2801 4793/7121/2802 4795/7122/2803 4799/7117/2798
f 4793/7121/2802 4792/7123/2804 4794/7124/2805 4795/7122/2803
f 4807/7125/2802 4806/7126/2804 4804/7127/2805 4805/7128/2803
f 4805/7128/2803 4801/7129/2798 4803/7130/2801 4807/7125/2802
f 4801/7129/2798 4800/7131/2799 4802/7132/2800 4803/7130/2801
f 4815/7133/2798 4814/7134/2799 4812/7135/2800 4813/7136/2801
f 4813/7136/2801 4809/7137/2802 4811/7138/2803 4815/7133/2798
f 4809/7137/2802 4808/7139/2804 4810/7140/2805 4811/7138/2803
f 4823/7141/2802 4822/7142/2804 4820/7143/2805 4821/7144/2803
f 4821/7144/2803 4817/7145/2798 4819/7146/2801 4823/7141/2802
f 4817/7145/2798 4816/7147/2799 4818/7148/2800 4819/7146/2801
f 4832/7149/2518 4833/7150/2518 4835/7151/2806 4834/7152/2806
f 4834/7152/2806 4835/7151/2806 4837/7153/2519 4836/7154/2519
f 4836/7154/2519 4837/7153/2519 4839/7155/2807 4838/7156/2807
f 4838/7156/2807 4839/7155/2807 4841/7157/2517 4840/7158/2517
f 4840/7158/2517 4841/7157/2517 4843/7159/2808 4842/7160/2808
f 4842/7160/2808 4843/7159/2808 4845/7161/2516 4844/7162/2516
f 4844/7162/2516 4845/7161/2516 4847/7163/2809 4846/7164/2809
f 4846/7164/2809 4847/7163/2809 4833/7165/2518 4832/7166/2518
f 4848/7167/2518 4849/7168/2518 4851/7169/2806 4850/7170/2806
f 4850/7170/2806 4851/7169/2806 4853/7171/2519 4852/7172/2519
f 4852/7172/2519 4853/7171/2519 4855/7173/2807 4854/7174/2807
f 4854/7174/2807 4855/7173/2807 4857/7175/2517 4856/7176/2517
f 4856/7177/2517 4857/7178/2517 4859/7179/2808 4858/7180/2808
f 4858/7180/2808 4859/7179/2808 4861/7181/2516 4860/7182/2516
f 4860/7182/2516 4861/7181/2516 4863/7183/2809 4862/7184/2809
f 4862/7184/2809 4863/7183/2809 4849/7168/2518 4848/7167/2518
f 4864/7185/2518 4865/7186/2518 4867/7187/2806 4866/7188/2806
f 4866/7188/2806 4867/7187/2806 4869/7189/2519 4868/7190/2519
f 4868/7190/2519 4869/7189/2519 4871/7191/2807 4870/7192/2807
f 4870/7192/2807 4871/7191/2807 4873/7193/2517 4872/7194/2517
f 4872/7195/2517 4873/7196/2517 4875/7197/2808 4874/7198/2808
f 4874/7198/2808 4875/7197/2808 4877/7199/2516 4876/7200/2516
f 4876/7200/2516 4877/7199/2516 4879/7201/2809 4878/7202/2809
f 4878/7202/2809 4879/7201/2809 4865/7186/2518 4864/7185/2518
f 4880/7203/2518 4881/7204/2518 4883/7205/2806 4882/7206/2806
f 4882/7206/2806 4883/7205/2806 4885/7207/2519 4884/7208/2519
f 4884/7208/2519 4885/7207/2519 4887/7209/2807 4886/7210/2807
f 4886/7210/2807 4887/7209/2807 4889/7211/2517 4888/7212/2517
f 4888/7213/2517 4889/7214/2517 4891/7215/2808 4890/7216/2808
f 4890/7216/2808 4891/7215/2808 4893/7217/2516 4892/7218/2516
f 4892/7218/2516 4893/7217/2516 4895/7219/2809 4894/7220/2809
f 4894/7220/2809 4895/7219/2809 4881/7204/2518 4880/7203/2518
f 4896/7221/2518 4897/7222/2518 4899/7223/2806 4898/7224/2806
f 4898/7224/2806 4899/7223/2806 4901/7225/2519 4900/7226/2519
f 4900/7226/2519 4901/7225/2519 4903/7227/2807 4902/7228/2807
f 4902/7228/2807 4903/7227/2807 4905/7229/2517 4904/7230/2517
f 4904/7231/2517 4905/7232/2517 4907/7233/2808 4906/7234/2808
f 4906/7234/2808 4907/7233/2808 4909/7235/2516 4908/7236/2516
f 4908/7236/2516 4909/7235/2516 4911/7237/2809 4910/7238/2809
f 4910/7238/2809 4911/7237/2809 4897/7222/2518 4896/7221/2518
o junta-canaleta
v -0.295487 0.267933 -2.744364
v -0.295487 0.260214 -2.752084
v -0.295487 0.175653 -2.752084
v -0.295487 0.167933 -2.744364
v -0.295487 0.260214 -2.652084
v -0.295487 0.267933 -2.659803
v -0.295487 0.167933 -2.659803
v -0.295487 0.175653 -2.652084
v -0.281512 0.267933 -2.744364
v -0.281512 0.260214 -2.752084
v -0.281512 0.175653 -2.752084
v -0.281512 0.167933 -2.744364
v -0.281512 0.260214 -2.652084
v -0.281512 0.267933 -2.659803
v -0.281512 0.167933 -2.659803
v -0.281512 0.175653 -2.652084
v -0.295487 0.170857 -2.757754
v -0.295487 0.162263 -2.749159
v -0.295487 0.265009 -2.646413
v -0.295487 0.273604 -2.655008
v -0.295487 0.162263 -2.655008
v -0.295487 0.170857 -2.646413
v -0.295487 0.273604 -2.749159
v -0.295487 0.265009 -2.757754
v -0.281512 0.170857 -2.757754
v -0.281512 0.162263 -2.749159
v -0.281512 0.265009 -2.646413
v -0.281512 0.273604 -2.655008
v -0.281512 0.162263 -2.655008
v -0.281512 0.170857 -2.646413
v -0.281512 0.273604 -2.749159
v -0.281512 0.265009 -2.757754
vt 0.163461 0.331187
vt 0.165941 0.331250
vt 0.164678 0.347062
vt 0.162019 0.346849
vt 0.162095 0.386494
vt 0.164739 0.386179
vt 0.166029 0.401665
vt 0.163959 0.401861
vt 0.162064 0.384286
vt 0.164730 0.384185
vt 0.164059 0.329465
vt 0.165702 0.329661
vt 0.161788 0.349078
vt 0.164406 0.349089
vt 0.164121 0.366206
vt 0.161600 0.366153
vt 0.161397 0.368399
vt 0.164092 0.368224
vt 0.162519 0.330618
vt 0.160852 0.347045
vt 0.158461 0.346667
vt 0.160125 0.330296
vt 0.160897 0.386190
vt 0.162940 0.402944
vt 0.160458 0.403196
vt 0.158758 0.386478
vt 0.160935 0.384631
vt 0.158672 0.384599
vt 0.163036 0.328923
vt 0.160666 0.328201
vt 0.160640 0.348638
vt 0.160294 0.366507
vt 0.157886 0.366458
vt 0.158244 0.348681
vt 0.160394 0.368097
vt 0.158027 0.368432
vt 0.166980 0.330845
vt 0.165597 0.347478
vt 0.165196 0.366689
vt 0.165098 0.367895
vt 0.166593 0.329349
vt 0.165584 0.348690
vt 0.165679 0.384482
vt 0.165812 0.385681
vt 0.166980 0.402357
vn 0.0000 0.0000 -1.0000
vn 0.0000 -1.0000 0.0000
vn 0.0000 -0.7071 0.7071
vn 0.0000 -0.7071 -0.7071
vn 0.0000 1.0000 0.0000
vn 0.0000 0.0000 1.0000
vn 0.0000 0.7071 -0.7071
vn 0.0000 0.7071 0.7071
vn -1.0000 0.0000 0.0000
vn 1.0000 0.0000 0.0000
usemtl hiper-atlas
s off
f 4916/7239/2810 4924/7240/2810 4927/7241/2810 4919/7242/2810
f 4912/7243/2811 4920/7244/2811 4925/7245/2811 4917/7246/2811
f 4913/7247/2812 4921/7248/2812 4920/7244/2812 4912/7243/2812
f 4917/7249/2813 4925/7250/2813 4924/7240/2813 4916/7239/2813
f 4918/7251/2814 4926/7252/2814 4923/7253/2814 4915/7254/2814
f 4914/7255/2815 4922/7256/2815 4921/7248/2815 4913/7247/2815
f 4919/7242/2816 4927/7241/2816 4926/7252/2816 4918/7251/2816
f 4915/7254/2817 4923/7253/2817 4922/7256/2817 4914/7255/2817
f 4930/7257/2815 4933/7258/2815 4941/7259/2815 4938/7260/2815
f 4934/7261/2814 4931/7262/2814 4939/7263/2814 4942/7264/2814
f 4935/7265/2816 4934/7261/2816 4942/7264/2816 4943/7266/2816
f 4931/7267/2817 4930/7257/2817 4938/7260/2817 4939/7268/2817
f 4932/7269/2811 4929/7270/2811 4937/7271/2811 4940/7272/2811
f 4928/7273/2810 4935/7265/2810 4943/7266/2810 4936/7274/2810
f 4933/7258/2812 4932/7269/2812 4940/7272/2812 4941/7259/2812
f 4929/7270/2813 4928/7273/2813 4936/7274/2813 4937/7271/2813
f 4916/7239/2818 4919/7242/2818 4933/7258/2818 4930/7257/2818
f 4915/7254/2818 4914/7255/2818 4928/7273/2818 4929/7270/2818
f 4927/7241/2819 4924/7240/2819 4938/7275/2819 4941/7276/2819
f 4922/7256/2819 4923/7253/2819 4937/7277/2819 4936/7278/2819
f 4917/7249/2818 4916/7239/2818 4930/7257/2818 4931/7267/2818
f 4924/7240/2819 4925/7250/2819 4939/7279/2819 4938/7275/2819
f 4919/7242/2818 4918/7251/2818 4932/7269/2818 4933/7258/2818
f 4926/7252/2819 4927/7241/2819 4941/7276/2819 4940/7280/2819
f 4913/7247/2818 4912/7243/2818 4934/7261/2818 4935/7265/2818
f 4920/7244/2819 4921/7248/2819 4943/7281/2819 4942/7282/2819
f 4914/7255/2818 4913/7247/2818 4935/7265/2818 4928/7273/2818
f 4921/7248/2819 4922/7256/2819 4936/7278/2819 4943/7281/2819
f 4912/7243/2818 4917/7246/2818 4931/7262/2818 4934/7261/2818
f 4925/7245/2819 4920/7244/2819 4942/7282/2819 4939/7283/2819
f 4918/7251/2818 4915/7254/2818 4929/7270/2818 4932/7269/2818
f 4923/7253/2819 4926/7252/2819 4940/7280/2819 4937/7277/2819
o Closet.001_Cube.009
v -2.152890 1.748542 -1.641089
v -2.152890 0.051458 -1.641089
v -1.643765 1.748542 -1.641089
v -1.643765 0.051458 -1.641089
v -2.152890 1.748542 -0.962256
v -2.152890 0.051458 -0.962256
v -1.643765 1.748542 -0.962256
v -1.643765 0.051458 -0.962256
v -1.643765 0.051458 -1.301673
v -1.643765 1.748542 -1.301673
v -1.643765 1.710631 -1.624119
v -1.643765 0.089369 -1.624119
v -1.643765 0.089369 -1.318644
v -1.643765 1.710631 -1.318644
v -1.643765 0.089369 -0.979227
v -1.643765 1.710631 -0.979227
v -1.643765 1.710631 -1.284702
v -1.643765 0.089369 -1.284702
v -2.152890 -0.001786 -0.962256
v -2.152890 -0.001786 -1.641089
v -1.643765 -0.001786 -1.641089
v -1.643765 -0.001786 -0.962256
v -2.152890 0.900000 -1.641089
v -1.643765 0.900000 -0.962256
v -1.643765 0.900000 -1.641089
v -2.152890 0.900000 -0.962256
v -1.643765 0.900000 -1.301673
v -1.643765 0.900000 -1.624119
v -1.643765 0.900000 -1.318644
v -1.643765 0.900000 -0.979227
v -1.643765 0.900000 -1.284702
v -1.727261 -0.001786 -0.962256
v -1.771046 0.051458 -0.962256
v -2.025609 0.051458 -0.962256
v -2.076085 -0.001786 -0.962256
v -2.076085 -0.001786 -1.641089
v -2.152890 0.051458 -1.047110
v -2.152890 -0.001786 -1.007337
v -2.152890 0.051458 -1.556235
v -2.152890 -0.001786 -1.591329
v -2.025609 0.051458 -1.641089
v -1.727261 -0.001786 -1.641089
v -1.771046 0.051458 -1.641089
v -1.643765 0.051458 -1.047110
v -1.643765 0.051458 -1.301673
v -1.643765 0.051458 -1.556235
v -1.643765 -0.001786 -1.591329
v -1.643765 -0.001786 -1.007337
vt 0.976300 0.224271
vt 0.916092 0.221894
vt 0.917875 0.176738
vt 0.947979 0.177927
vt 0.978083 0.179115
vt 0.905397 0.096859
vt 0.903243 0.172406
vt 0.857915 0.171114
vt 0.860069 0.095567
vt 0.906670 0.092634
vt 0.907346 0.014602
vt 0.954165 0.015007
vt 0.953490 0.093039
vt 0.819089 0.093541
vt 0.821898 0.176420
vt 0.757145 0.176614
vt 0.755498 0.094897
vt 0.979820 0.000000
vt 0.979820 0.052323
vt 0.973976 0.049707
vt 0.973976 0.002616
vt 0.986588 -0.000000
vt 0.986588 0.052323
vt 0.980743 0.049706
vt 0.980743 0.002616
vt 0.830747 0.207417
vt 0.751000 0.207148
vt 0.750615 0.178465
vt 0.830401 0.179041
vt 0.931541 0.091624
vt 0.931541 0.162271
vt 0.929168 0.159179
vt 0.929149 0.092771
vt 0.994156 0.052323
vt 0.994156 0.000000
vt 1.000000 0.002616
vt 1.000000 0.049707
vt 0.929149 0.091624
vt 0.929169 0.020976
vt 0.931541 0.024068
vt 0.931541 0.090477
vt 0.824820 0.090703
vt 0.825589 0.010834
vt 0.854512 0.009296
vt 0.853589 0.090972
vt 0.987278 0.052323
vt 0.987278 -0.000000
vt 0.993122 0.002616
vt 0.993122 0.049707
vt 0.931541 0.091624
vt 0.931541 0.162271
vt 0.929168 0.159179
vt 0.929149 0.092771
vt 0.929129 0.162271
vt 0.926756 0.159179
vt 0.926756 0.092770
vt 0.955344 0.167683
vt 0.955344 0.159870
vt 0.955344 0.112995
vt 0.955344 0.105183
vt 0.966508 0.105183
vt 0.988836 0.105183
vt 1.000000 0.105183
vt 1.000000 0.112995
vt 1.000000 0.136433
vt 1.000000 0.159870
vt 1.000000 0.167682
vt 0.988836 0.167682
vt 0.966508 0.167683
vt 0.865279 0.221033
vt 0.865279 0.214793
vt 0.871111 0.214793
vt 0.875224 0.221033
vt 0.860307 0.227283
vt 0.860307 0.221043
vt 0.870092 0.221043
vt 0.875224 0.227283
vt 0.865279 0.227293
vt 0.865279 0.233533
vt 0.856278 0.233533
vt 0.850362 0.227293
vt 0.926756 0.026361
vt 0.931541 0.020976
vt 0.929130 0.026362
vt 0.824051 0.170572
vt 0.852666 0.172648
vt 0.931541 0.156886
vt 0.931541 0.020976
vt 0.929130 0.026362
vt 0.910494 0.207686
vt 0.910186 0.179618
vt 0.816279 0.010662
vt 0.753851 0.013181
vt 0.761655 0.012866
vt 0.808475 0.010977
vt 0.905995 0.170666
vt 0.952814 0.171071
vt 0.941109 0.170970
vt 0.917700 0.170767
vt 0.907550 0.021313
vt 0.862223 0.020021
vt 0.873554 0.020344
vt 0.896218 0.020990
vt 0.850362 0.221033
vt 0.856278 0.214793
vt 0.875224 0.208543
vt 0.870092 0.214783
vt 0.860307 0.214783
vt 0.860307 0.208543
vt 0.875224 0.227293
vt 0.870562 0.233533
vt 0.855023 0.214783
vt 0.850362 0.208543
vt 0.850362 0.227283
vt 0.854475 0.221043
vn 0.0000 1.0000 0.0000
vn -0.0000 0.0000 1.0000
vn 0.0000 0.0000 -1.0000
vn -1.0000 0.0000 0.0000
vn 1.0000 0.0000 0.0000
usemtl hiper-atlas
s off
f 4944/7284/2820 4948/7285/2820 4950/7286/2820 4953/7287/2820 4946/7288/2820
f 4967/7289/2821 4950/7290/2821 4948/7291/2821 4969/7292/2821
f 4966/7293/2822 4944/7294/2822 4946/7295/2822 4968/7296/2822
f 4969/7297/2823 4948/7298/2823 4944/7299/2823 4966/7300/2823
f 4951/7301/2824 4952/7302/2824 4961/7303/2824 4958/7304/2824
f 4952/7305/2824 4947/7306/2824 4955/7307/2824 4956/7308/2824
f 4971/7309/2824 4954/7310/2824 4957/7311/2824 4972/7312/2824
f 4968/7313/2824 4946/7314/2824 4954/7315/2824 4971/7316/2824
f 4946/7317/2824 4953/7318/2824 4957/7319/2824 4954/7320/2824
f 4970/7321/2824 4952/7322/2824 4956/7323/2824 4972/7324/2824
f 4974/7325/2824 4960/7326/2824 4959/7327/2824 4973/7328/2824
f 4953/7329/2824 4950/7330/2824 4959/7331/2824 4960/7332/2824
f 4967/7333/2824 4951/7334/2824 4958/7335/2824 4973/7336/2824
f 4970/7321/2824 4953/7337/2824 4960/7338/2824 4974/7339/2824
f 4945/7340/2820 4982/7341/2820 4980/7342/2820 4949/7343/2820 4977/7344/2820 4976/7345/2820 4951/7346/2820 4987/7347/2820 4988/7348/2820 4989/7349/2820 4947/7350/2820 4986/7351/2820 4984/7352/2820
f 4945/7353/2823 4963/7354/2823 4983/7355/2823 4982/7356/2823
f 4947/7357/2822 4964/7358/2822 4985/7359/2822 4986/7360/2822
f 4949/7361/2821 4962/7362/2821 4978/7363/2821 4977/7364/2821
f 4952/7322/2824 4970/7321/2824 4974/7339/2824 4961/7365/2824
f 4950/7366/2824 4967/7333/2824 4973/7336/2824 4959/7367/2824
f 4961/7368/2824 4974/7325/2824 4973/7328/2824 4958/7369/2824
f 4953/7337/2824 4970/7321/2824 4972/7324/2824 4957/7370/2824
f 4947/7371/2824 4968/7313/2824 4971/7316/2824 4955/7372/2824
f 4955/7373/2824 4971/7309/2824 4972/7312/2824 4956/7374/2824
f 4949/7375/2823 4969/7297/2823 4966/7300/2823 4945/7376/2823 4982/7377/2823 4980/7378/2823
f 4945/7379/2822 4966/7293/2822 4968/7296/2822 4947/7380/2822 4986/7381/2822 4984/7382/2822
f 4951/7383/2821 4967/7289/2821 4969/7292/2821 4949/7384/2821 4977/7385/2821 4976/7386/2821
f 4984/7387/2822 4979/7388/2822 4963/7354/2822 4945/7353/2822
f 4976/7389/2821 4975/7390/2821 4965/7391/2821 4951/7392/2821
f 4980/7393/2823 4981/7394/2823 4962/7362/2823 4949/7361/2823
f 4991/7395/2824 4987/7396/2824 4951/7392/2824 4965/7391/2824
f 4964/7358/2824 4947/7357/2824 4989/7397/2824 4990/7398/2824
o Gabinete.001
v -2.115257 0.980000 -2.821390
v -2.105257 0.000000 -2.805902
v -1.875257 0.980000 -2.821390
v -1.895257 0.000000 -2.805902
v -2.115257 0.980000 -1.789125
v -2.105257 0.000000 -1.804098
v -1.895257 0.000000 -1.804098
v -2.115257 0.138743 -2.821390
v -1.875257 0.138743 -1.789125
v -1.875257 0.138743 -2.821390
v -2.115257 0.138743 -1.789125
v -2.105257 0.129616 -2.805902
v -1.895257 0.129616 -2.805902
v -2.105257 0.129616 -1.804098
v -1.895257 0.129616 -1.804098
v -1.875257 0.245313 -1.789125
v -2.115257 0.245313 -2.821390
v -1.875257 0.245313 -2.821390
v -2.115257 0.245313 -1.789125
v -1.875257 0.245313 -2.305257
v -1.875257 0.980000 -1.789125
v -1.875257 0.980000 -2.305257
v -1.864527 0.953160 -2.786641
v -1.864527 0.953160 -2.322122
v -1.864527 0.263211 -2.786641
v -1.864527 0.263211 -2.322122
v -1.864527 0.263211 -1.828345
v -1.864527 0.953160 -1.828345
v -1.864527 0.953160 -2.292864
v -1.864527 0.263211 -2.292864
vt 0.709746 0.080535
vt 0.709746 0.008875
vt 0.733155 0.008875
vt 0.733155 0.080535
vt 0.732194 0.182266
vt 0.732194 0.124539
vt 0.744113 0.124539
vt 0.744113 0.239991
vt 0.732194 0.239991
vt 0.567710 0.210907
vt 0.567710 0.120484
vt 0.597248 0.120484
vt 0.597248 0.210907
vt 0.626511 0.123525
vt 0.640789 0.123524
vt 0.640798 0.233874
vt 0.626520 0.233875
vt 0.528029 0.127977
vt 0.528029 0.240023
vt 0.504541 0.240023
vt 0.504541 0.127977
vt 0.568940 0.226236
vt 0.567710 0.224023
vt 0.597248 0.224023
vt 0.594787 0.226236
vt 0.711697 0.092640
vt 0.709746 0.090930
vt 0.733155 0.090930
vt 0.732180 0.092640
vt 0.642762 0.121360
vt 0.642762 0.235595
vt 0.619064 0.117553
vt 0.621523 0.115629
vt 0.621523 0.243862
vt 0.619064 0.242002
vt 0.711697 0.105283
vt 0.732180 0.105283
vt 0.568940 0.242188
vt 0.594787 0.242188
vt 0.604567 0.117553
vt 0.604567 0.242002
vt 0.534434 0.243030
vt 0.534434 0.127577
vt 0.561277 0.127577
vt 0.561277 0.185304
vt 0.561277 0.243030
vt 0.633621 0.013409
vt 0.633621 0.106426
vt 0.502928 0.106426
vt 0.502928 0.013409
vt 0.502928 -0.000084
vt 0.633621 -0.000084
vt 0.702384 0.093569
vt 0.642281 0.093569
vt 0.643725 0.091139
vt 0.697817 0.091139
vt 0.720574 0.119680
vt 0.720574 0.208354
vt 0.718162 0.206193
vt 0.718162 0.122919
vt 0.662096 0.206193
vt 0.662096 0.122919
vt 0.657902 0.119431
vt 0.720197 0.119431
vt 0.720197 0.208712
vt 0.657902 0.208712
vt 0.657707 0.208354
vt 0.657707 0.119680
vt 0.643725 0.010796
vt 0.697817 0.010796
vt 0.641816 0.093223
vt 0.641816 0.007670
vt 0.702552 0.007670
vt 0.702552 0.093223
vt 0.642281 0.007430
vt 0.702384 0.007430
vn 0.0000 0.0000 1.0000
vn 1.0000 0.0000 0.0000
vn 0.0000 0.0000 -1.0000
vn -1.0000 0.0000 0.0000
vn 0.0000 -1.0000 0.0000
vn 0.0000 -0.8615 -0.5077
vn 0.0000 -0.8539 0.5205
vn -0.6742 -0.7386 0.0000
vn 0.4152 -0.9097 0.0000
vn 0.0000 1.0000 0.0000
vn 0.8577 -0.5142 0.0000
vn 0.8437 0.0000 0.5368
vn 0.9285 0.3712 0.0000
vn 0.9555 0.0000 -0.2950
vn 0.7560 0.0000 -0.6546
vn 0.9646 0.0000 0.2639
usemtl hiper-atlas
s off
f 5007/7399/2825 5012/7400/2825 4996/7401/2825 5010/7402/2825
f 5011/7403/2826 5007/7404/2826 5000/7405/2826 5001/7406/2826 5009/7407/2826
f 5008/7408/2827 4992/7409/2827 4994/7410/2827 5009/7411/2827
f 4997/7412/2828 5005/7413/2828 5003/7414/2828 4993/7415/2828
f 4997/7416/2829 4993/7417/2829 4995/7418/2829 4998/7419/2829
f 5003/7420/2830 4999/7421/2830 5001/7422/2830 5004/7423/2830
f 5006/7424/2831 5000/7425/2831 5002/7426/2831 5005/7427/2831
f 5005/7413/2832 5002/7428/2832 4999/7429/2832 5003/7414/2832
f 5004/7430/2833 5001/7431/2833 5000/7432/2833 5006/7433/2833
f 4998/7434/2825 5006/7424/2825 5005/7427/2825 4997/7435/2825
f 4993/7436/2827 5003/7420/2827 5004/7423/2827 4995/7437/2827
f 4995/7438/2826 5004/7430/2826 5006/7433/2826 4998/7439/2826
f 4992/7440/2834 4996/7441/2834 5012/7442/2834 5013/7443/2834 4994/7444/2834
f 5010/7445/2828 4996/7446/2828 4992/7447/2828 5008/7448/2828
f 4999/7421/2827 5008/7408/2827 5009/7411/2827 5001/7422/2827
f 5000/7425/2825 5007/7399/2825 5010/7402/2825 5002/7426/2825
f 5010/7445/2828 5008/7448/2828 4999/7449/2828 5002/7450/2828
f 5007/7451/2835 5011/7452/2835 5021/7453/2835 5018/7454/2835
f 5013/7455/2836 5011/7456/2836 5017/7457/2836 5015/7458/2836
f 5016/7459/2826 5014/7460/2826 5015/7458/2826 5017/7457/2826
f 4994/7461/2837 5013/7462/2837 5015/7458/2837 5014/7460/2837
f 5011/7463/2835 5009/7464/2835 5016/7459/2835 5017/7457/2835
f 5009/7465/2838 4994/7466/2838 5014/7460/2838 5016/7459/2838
f 5021/7453/2826 5020/7467/2826 5019/7468/2826 5018/7454/2826
f 5011/7469/2839 5013/7470/2839 5020/7467/2839 5021/7453/2839
f 5012/7471/2840 5007/7472/2840 5018/7454/2840 5019/7468/2840
f 5013/7473/2837 5012/7474/2837 5019/7468/2837 5020/7467/2837
o Industrial-Pallet.001_Cube.008
v 1.874447 0.028248 -2.387089
v 1.874033 -0.001034 -2.382507
v 1.876878 0.027257 -2.323434
v 1.877210 0.000894 -2.320584
v 0.744902 0.028299 -2.381069
v 0.744023 0.001418 -2.376524
v 0.743714 0.027995 -2.318566
v 0.745317 0.004563 -2.315760
v 1.865099 0.016559 -2.048076
v 1.857425 -0.000390 -2.038437
v 1.866627 0.008021 -1.986218
v 1.865879 -0.000333 -1.987632
v 0.732935 0.017296 -2.038253
v 0.735061 -0.000859 -2.039686
v 0.733014 0.018412 -1.974861
v 0.735120 0.006210 -1.980908
v 1.858710 0.015608 -1.712902
v 1.858823 0.001642 -1.709954
v 1.859622 0.011900 -1.651093
v 1.859004 0.002674 -1.650950
v 0.727210 0.027988 -1.696392
v 0.727259 -0.004533 -1.692625
v 0.723742 0.028257 -1.633294
v 0.728617 -0.004486 -1.632111
v 1.855147 0.118261 -1.706362
v 1.857177 0.090170 -1.712429
v 1.856421 0.115075 -1.641412
v 1.855119 0.097915 -1.635377
v 0.723738 0.112495 -1.697580
v 0.728064 0.092199 -1.711659
v 0.725653 0.112810 -1.633433
v 0.723302 0.092100 -1.631035
v 1.864106 0.116193 -1.870238
v 1.864330 0.088311 -1.882468
v 1.865044 0.115488 -1.808050
v 1.861136 0.090879 -1.800516
v 0.731587 0.113395 -1.858891
v 0.733210 0.091859 -1.881561
v 0.732207 0.114962 -1.797426
v 0.730901 0.091634 -1.797715
v 1.867626 0.117288 -2.043081
v 1.867752 0.091743 -2.052212
v 1.868042 0.114615 -1.980584
v 1.865981 0.091349 -1.967007
v 0.735037 0.114838 -2.028597
v 0.737180 0.091891 -2.051506
v 0.735810 0.117582 -1.968978
v 0.735380 0.091458 -1.967738
v 1.870797 0.113213 -2.210298
v 1.871053 0.091662 -2.222127
v 1.872045 0.116590 -2.145562
v 1.869705 0.092049 -2.138058
v 0.737324 0.117506 -2.203720
v 0.741727 0.091202 -2.221593
v 0.736092 0.116324 -2.137609
v 0.739437 0.092012 -2.137479
v 1.875652 0.112818 -2.386180
v 1.873075 0.090876 -2.386742
v 1.874197 0.111996 -2.319131
v 1.872214 0.091571 -2.308189
v 0.744631 0.118190 -2.378056
v 0.746117 0.090326 -2.383380
v 0.746258 0.119262 -2.317322
v 0.743876 0.091220 -2.307261
v 1.856396 0.103333 -1.641142
v 1.852311 0.090584 -1.638243
v 1.784969 0.103400 -1.639864
v 1.800600 0.076455 -1.643103
v 1.869078 0.103507 -2.387084
v 1.869017 0.076498 -2.389253
v 1.785094 0.103461 -2.387436
v 1.804654 0.075985 -2.386638
v 0.802577 0.103545 -1.632247
v 0.793278 0.076683 -1.636726
v 0.723084 0.103124 -1.636040
v 0.722958 0.076597 -1.635986
v 0.802550 0.103403 -2.383072
v 0.802529 0.076616 -2.382807
v 0.744685 0.103174 -2.381635
v 0.746270 0.075096 -2.382880
v 1.349869 0.103451 -1.635590
v 1.327662 0.076505 -1.637378
v 1.265871 0.103427 -1.636820
v 1.266032 0.076836 -1.638809
v 1.349859 0.103575 -2.390913
v 1.346985 0.076728 -2.385803
v 1.265851 0.103562 -2.390535
v 1.277068 0.076538 -2.386012
v 1.797267 0.008758 -2.321746
v 1.808800 0.087073 -2.312969
v 1.797645 0.006646 -2.384151
v 1.797205 0.097224 -2.386403
v 1.872226 0.007769 -2.320746
v 1.872395 0.087611 -2.312796
v 1.872375 0.012716 -2.386603
v 1.872376 0.087600 -2.386801
v 1.272580 0.012120 -1.980842
v 1.275315 0.088864 -1.975198
v 1.273108 0.015358 -2.045365
v 1.277710 0.088830 -2.049904
v 1.347845 0.012351 -1.981272
v 1.338389 0.088448 -1.975402
v 1.347935 0.012073 -2.044916
v 1.340183 0.088066 -2.050165
v 1.272949 0.010211 -2.319464
v 1.281011 0.088452 -2.312847
v 1.277591 0.012777 -2.385542
v 1.277144 0.082884 -2.387242
v 1.347888 0.010463 -2.319690
v 1.343647 0.088546 -2.312871
v 1.347586 0.013628 -2.383002
v 1.345646 0.087979 -2.383703
v 1.250535 0.008203 -1.640857
v 1.255691 0.086754 -1.636561
v 1.250535 0.010134 -1.703623
v 1.260563 0.087140 -1.702993
v 1.325761 0.012058 -1.640449
v 1.318594 0.087559 -1.633792
v 1.325202 0.010401 -1.705176
v 1.325121 0.085152 -1.702909
v 1.797372 0.011841 -1.985340
v 1.803635 0.088910 -1.975006
v 1.797425 0.012659 -2.049369
v 1.797555 0.085989 -2.048861
v 1.866627 0.008021 -1.986218
v 1.865871 0.088348 -1.975792
v 1.865099 0.016559 -2.048076
v 1.867812 0.087504 -2.050179
v 1.802466 0.013654 -1.641016
v 1.802809 0.086144 -1.638434
v 1.775408 0.015411 -1.707814
v 1.781440 0.085747 -1.693845
v 1.866446 0.016395 -1.664337
v 1.866848 0.086315 -1.665195
v 1.839447 0.017004 -1.722832
v 1.846271 0.088631 -1.731559
v 0.733136 0.012724 -1.975147
v 0.734818 0.085667 -1.975327
v 0.733759 0.015573 -2.038291
v 0.737101 0.087569 -2.049909
v 0.806058 0.010121 -1.975820
v 0.802283 0.083969 -1.975781
v 0.806096 0.011546 -2.039727
v 0.800700 0.086539 -2.050432
v 0.746109 0.012207 -2.316079
v 0.743822 0.088984 -2.312768
v 0.744734 0.013931 -2.380313
v 0.746098 0.090040 -2.383382
v 0.817695 0.012189 -2.317019
v 0.813612 0.087730 -2.318600
v 0.817929 0.011536 -2.379783
v 0.814461 0.084611 -2.382657
v 0.724190 0.011975 -1.633870
v 0.723688 0.086593 -1.630948
v 0.728807 0.012547 -1.696602
v 0.727854 0.086656 -1.703339
v 0.794939 0.012647 -1.631217
v 0.793159 0.084029 -1.632782
v 0.795412 0.010704 -1.695558
v 0.791287 0.086264 -1.703895
vt 0.639663 0.257902
vt 0.639663 0.437716
vt 0.630132 0.437716
vt 0.630132 0.257902
vt 0.626048 0.257902
vt 0.626048 0.437716
vt 0.626048 0.443308
vt 0.616518 0.443308
vt 0.616518 0.437716
vt 0.616517 0.257902
vt 0.616517 0.252310
vt 0.626048 0.252310
vt 0.612433 0.437716
vt 0.612433 0.257902
vt 0.642869 0.432449
vt 0.642869 0.252635
vt 0.651593 0.252635
vt 0.651592 0.432449
vt 0.655331 0.432449
vt 0.655331 0.252635
vt 0.655331 0.247043
vt 0.664054 0.247043
vt 0.664054 0.252635
vt 0.664054 0.432449
vt 0.664054 0.438041
vt 0.655331 0.438041
vt 0.667793 0.252635
vt 0.667793 0.432449
vt 0.696319 0.258634
vt 0.696319 0.438448
vt 0.686064 0.438448
vt 0.686064 0.258634
vt 0.681669 0.258634
vt 0.681669 0.438448
vt 0.681669 0.444040
vt 0.671414 0.444040
vt 0.671414 0.438448
vt 0.671414 0.258634
vt 0.671414 0.253042
vt 0.681669 0.253042
vt 0.667019 0.438448
vt 0.667019 0.258634
vt 0.503062 0.265882
vt 0.503062 0.430101
vt 0.512428 0.430101
vt 0.512428 0.265882
vt 0.516442 0.265882
vt 0.516442 0.430101
vt 0.516442 0.435208
vt 0.525807 0.435208
vt 0.525807 0.430101
vt 0.525807 0.265882
vt 0.525807 0.260775
vt 0.516442 0.260775
vt 0.529821 0.430101
vt 0.529821 0.265882
vt 0.552536 0.424470
vt 0.552536 0.280229
vt 0.544310 0.280229
vt 0.544310 0.424470
vt 0.540785 0.424470
vt 0.540785 0.280229
vt 0.540785 0.275743
vt 0.532559 0.275743
vt 0.532559 0.280229
vt 0.532558 0.424470
vt 0.532558 0.428956
vt 0.540785 0.428956
vt 0.529033 0.280229
vt 0.529033 0.424470
vt 0.527680 0.446814
vt 0.671851 0.446814
vt 0.671851 0.455036
vt 0.527680 0.455036
vt 0.527680 0.458560
vt 0.671851 0.458560
vt 0.676334 0.458560
vt 0.676334 0.466782
vt 0.671851 0.466782
vt 0.527680 0.466782
vt 0.523196 0.466782
vt 0.523196 0.458560
vt 0.671851 0.470306
vt 0.527680 0.470306
vt 0.581097 0.270393
vt 0.581944 0.423551
vt 0.573209 0.423600
vt 0.572362 0.270441
vt 0.568619 0.270462
vt 0.569466 0.423620
vt 0.569492 0.428383
vt 0.560757 0.428432
vt 0.560731 0.423669
vt 0.559884 0.270510
vt 0.559858 0.265747
vt 0.568592 0.265699
vt 0.556987 0.423689
vt 0.556141 0.270531
vt 0.609512 0.271130
vt 0.609512 0.423638
vt 0.600814 0.423638
vt 0.600814 0.271130
vt 0.597087 0.271130
vt 0.597087 0.423638
vt 0.597087 0.428381
vt 0.588389 0.428381
vt 0.588389 0.423638
vt 0.588389 0.271130
vt 0.588389 0.266387
vt 0.597087 0.266387
vt 0.584661 0.423638
vt 0.584661 0.271130
vt 0.696319 0.258634
vt 0.696319 0.438448
vt 0.686064 0.438448
vt 0.686064 0.258634
vt 0.681669 0.258634
vt 0.681669 0.438448
vt 0.681669 0.444040
vt 0.671414 0.444040
vt 0.671414 0.438448
vt 0.671414 0.258634
vt 0.671414 0.253042
vt 0.681669 0.253042
vt 0.667019 0.438448
vt 0.667019 0.258634
vt 0.639676 0.267777
vt 0.639676 0.425430
vt 0.630413 0.425430
vt 0.630413 0.267777
vt 0.626443 0.267777
vt 0.626443 0.425430
vt 0.626443 0.430332
vt 0.617180 0.430332
vt 0.617180 0.425430
vt 0.617180 0.267777
vt 0.617180 0.262874
vt 0.626443 0.262874
vt 0.613211 0.425430
vt 0.613211 0.267777
vt 0.586583 0.425417
vt 0.586584 0.265944
vt 0.595679 0.265944
vt 0.595678 0.425417
vt 0.599576 0.425417
vt 0.599576 0.265944
vt 0.599576 0.260984
vt 0.608671 0.260984
vt 0.608671 0.265944
vt 0.608671 0.425417
vt 0.608671 0.430377
vt 0.599576 0.430377
vt 0.612569 0.265944
vt 0.612569 0.425417
vt 0.696039 0.284410
vt 0.694376 0.272863
vt 0.705231 0.271138
vt 0.705186 0.284410
vt 0.728588 0.252878
vt 0.728588 0.266149
vt 0.717583 0.264688
vt 0.717632 0.253719
vt 0.723735 0.383615
vt 0.734704 0.383588
vt 0.734704 0.394428
vt 0.723009 0.393262
vt 0.719260 0.337071
vt 0.707507 0.336958
vt 0.707697 0.327644
vt 0.719260 0.326089
vt 0.723009 0.322675
vt 0.734259 0.321859
vt 0.734259 0.332808
vt 0.723476 0.332127
vt 0.722050 0.296602
vt 0.711248 0.296405
vt 0.710953 0.287258
vt 0.722050 0.285630
vt 0.723427 0.334937
vt 0.734622 0.334255
vt 0.734622 0.345209
vt 0.723397 0.344260
vt 0.718778 0.349472
vt 0.707594 0.348117
vt 0.707507 0.338878
vt 0.718778 0.338447
vt 0.717508 0.404766
vt 0.705957 0.405280
vt 0.707255 0.394414
vt 0.717508 0.395056
vt 0.738007 0.494246
vt 0.728103 0.491518
vt 0.730127 0.481648
vt 0.740684 0.484342
vt 0.736348 0.400716
vt 0.747243 0.400713
vt 0.747243 0.411093
vt 0.735798 0.409985
vt 0.718230 0.417294
vt 0.706747 0.416708
vt 0.706732 0.407533
vt 0.718230 0.406317
vt 0.718643 0.451146
vt 0.730180 0.450640
vt 0.730180 0.460398
vt 0.718805 0.460343
vt 0.722027 0.296602
vt 0.723510 0.285324
vt 0.732966 0.285624
vt 0.732966 0.296579
vt 0.748358 0.432279
vt 0.744514 0.442537
vt 0.734760 0.439636
vt 0.739304 0.429452
vt 0.734478 0.406830
vt 0.723337 0.406360
vt 0.723009 0.397143
vt 0.734478 0.395796
vt 0.707427 0.264987
vt 0.705957 0.253655
vt 0.716807 0.254190
vt 0.716807 0.264932
vt 0.729453 0.467239
vt 0.727705 0.477837
vt 0.717510 0.476405
vt 0.719576 0.466208
vt 0.728233 0.254674
vt 0.738635 0.254474
vt 0.738635 0.265374
vt 0.726885 0.263724
vt 0.749861 0.478853
vt 0.738022 0.478076
vt 0.738438 0.468968
vt 0.749861 0.468693
vt 0.739146 0.467597
vt 0.738285 0.478187
vt 0.729651 0.477122
vt 0.728631 0.466630
vt 0.705957 0.272043
vt 0.716484 0.272595
vt 0.716484 0.283589
vt 0.706040 0.281680
vt 0.708081 0.474275
vt 0.709574 0.463764
vt 0.719411 0.466396
vt 0.717273 0.476413
vt 0.723985 0.435232
vt 0.727470 0.425600
vt 0.736986 0.429179
vt 0.733187 0.439102
vt 0.731870 0.286283
vt 0.742553 0.286591
vt 0.742553 0.297524
vt 0.732045 0.295540
vt 0.718121 0.350891
vt 0.718121 0.361584
vt 0.708808 0.361874
vt 0.707507 0.350826
vt 0.717609 0.282611
vt 0.716033 0.271599
vt 0.726970 0.271983
vt 0.726970 0.282814
vt 0.695881 0.461474
vt 0.696683 0.450673
vt 0.706569 0.450652
vt 0.706569 0.461339
vt 0.723009 0.372378
vt 0.734266 0.372064
vt 0.734266 0.382414
vt 0.723125 0.381792
vt 0.737998 0.272818
vt 0.737998 0.283977
vt 0.727972 0.283357
vt 0.727272 0.272656
vt 0.709612 0.460918
vt 0.709415 0.450196
vt 0.718806 0.449929
vt 0.718806 0.461013
vt 0.706732 0.394428
vt 0.706967 0.383347
vt 0.717213 0.382823
vt 0.717213 0.394084
vt 0.723784 0.346635
vt 0.734715 0.346215
vt 0.734715 0.356836
vt 0.723858 0.355849
vt 0.740238 0.450266
vt 0.740238 0.461167
vt 0.730947 0.460998
vt 0.730485 0.449856
vt 0.718878 0.490599
vt 0.720586 0.479579
vt 0.730557 0.482623
vt 0.728052 0.492780
vt 0.701765 0.296752
vt 0.701959 0.286292
vt 0.712136 0.285838
vt 0.712136 0.296776
vn 0.0004 0.9999 0.0103
vn 0.0045 0.1130 0.9936
vn -0.9999 -0.0142 0.0012
vn -0.0025 -0.9991 0.0414
vn 0.9990 -0.0074 -0.0446
vn -0.0054 -0.1603 -0.9871
vn 0.0055 0.9982 0.0591
vn 0.0050 -0.3409 0.9401
vn -0.9900 -0.1406 0.0105
vn -0.0025 -0.9979 0.0651
vn 0.9321 -0.3456 -0.1086
vn -0.0037 -0.2271 -0.9739
vn 0.0131 0.9995 0.0278
vn 0.0163 0.0332 0.9993
vn -0.9969 -0.0765 -0.0168
vn 0.0060 -0.9999 0.0090
vn 0.9997 -0.0230 -0.0095
vn -0.0152 -0.1430 -0.9896
vn -0.0034 0.9997 0.0223
vn 0.0045 0.2169 0.9762
vn -0.9989 -0.0425 -0.0196
vn 0.0018 -0.9988 0.0485
vn 0.9999 0.0161 0.0050
vn -0.0045 0.3838 -0.9234
vn -0.0015 1.0000 -0.0069
vn 0.0059 0.1488 0.9888
vn -0.9999 -0.0011 -0.0116
vn -0.0019 -0.9999 0.0141
vn 0.9973 -0.0715 0.0165
vn -0.0042 0.5768 -0.8169
vn 0.0002 1.0000 -0.0006
vn 0.0050 0.2871 0.9579
vn -0.9995 -0.0319 -0.0066
vn -0.0001 -1.0000 -0.0049
vn 0.9992 -0.0389 0.0084
vn -0.0062 0.5510 -0.8345
vn 0.0017 0.9999 -0.0168
vn 0.0037 0.1545 0.9880
vn -0.9894 -0.1432 -0.0235
vn 0.0002 -1.0000 0.0071
vn 0.9990 -0.0453 0.0018
vn -0.0018 0.5272 -0.8497
vn 0.0056 1.0000 -0.0020
vn 0.0023 0.3974 0.9176
vn -0.9999 0.0156 -0.0047
vn 0.0004 -0.9999 0.0103
vn 0.9945 -0.1032 0.0157
vn -0.0048 0.1175 -0.9931
vn 0.0001 1.0000 0.0002
vn -0.8398 -0.5429 -0.0022
vn -0.0153 0.0197 -0.9997
vn 0.1249 -0.9921 0.0114
vn -0.0272 -0.0165 0.9995
vn 0.9944 -0.1033 0.0205
vn -0.0047 1.0000 -0.0001
vn -0.9992 -0.0260 -0.0300
vn -0.0122 0.0175 -0.9998
vn 0.0127 -0.9999 0.0013
vn -0.0200 -0.0791 0.9967
vn 0.9851 -0.1716 0.0061
vn -0.0002 1.0000 0.0002
vn -0.9781 -0.2079 -0.0072
vn -0.0009 -0.1762 -0.9844
vn -0.0011 -1.0000 0.0000
vn -0.0184 -0.0628 0.9979
vn 0.9065 -0.4220 0.0115
vn -0.9944 0.0620 0.0858
vn -0.0194 -0.0148 -0.9997
vn 1.0000 -0.0011 0.0009
vn -0.0088 -0.1045 0.9945
vn -0.9986 0.0489 -0.0198
vn -0.0006 -0.0654 -0.9979
vn 0.9936 0.1124 0.0130
vn 0.0045 -0.0749 0.9972
vn -0.9987 0.0515 -0.0066
vn 0.0445 -0.0159 -0.9989
vn 0.9991 0.0400 0.0134
vn 0.0020 -0.0857 0.9963
vn -0.9945 0.0982 -0.0357
vn -0.0103 0.0198 -0.9998
vn 0.9980 0.0456 0.0431
vn -0.0205 -0.0712 0.9973
vn -0.9983 0.0393 0.0430
vn 0.0003 -0.0111 -0.9999
vn 0.9999 -0.0131 0.0023
vn 0.0082 -0.1310 0.9913
vn -0.9297 -0.0012 0.3684
vn -0.3799 0.0685 -0.9225
vn 0.9315 -0.0717 -0.3566
vn 0.3646 -0.0132 0.9311
vn -0.9993 0.0330 -0.0199
vn -0.0198 -0.1504 -0.9884
vn 0.9981 0.0608 -0.0094
vn 0.0081 0.0011 1.0000
vn -1.0000 -0.0060 -0.0068
vn 0.0067 -0.0397 -0.9992
vn 0.9987 0.0510 0.0070
vn 0.0478 -0.0093 0.9988
vn -0.9978 -0.0114 -0.0649
vn 0.0020 -0.1001 -0.9950
vn 0.9992 0.0395 -0.0102
vn -0.0060 -0.0094 0.9999
usemtl hiper-atlas
s off
f 5022/7475/2841 5026/7476/2841 5028/7477/2841 5024/7478/2841
f 5025/7479/2842 5024/7478/2842 5028/7477/2842 5029/7480/2842
f 5029/7480/2843 5028/7481/2843 5026/7482/2843 5027/7483/2843
f 5027/7483/2844 5023/7484/2844 5025/7479/2844 5029/7480/2844
f 5023/7484/2845 5022/7485/2845 5024/7486/2845 5025/7479/2845
f 5027/7483/2846 5026/7487/2846 5022/7488/2846 5023/7484/2846
f 5030/7489/2847 5034/7490/2847 5036/7491/2847 5032/7492/2847
f 5033/7493/2848 5032/7492/2848 5036/7491/2848 5037/7494/2848
f 5037/7494/2849 5036/7495/2849 5034/7496/2849 5035/7497/2849
f 5035/7497/2850 5031/7498/2850 5033/7493/2850 5037/7494/2850
f 5031/7498/2851 5030/7499/2851 5032/7500/2851 5033/7493/2851
f 5035/7497/2852 5034/7501/2852 5030/7502/2852 5031/7498/2852
f 5038/7503/2853 5042/7504/2853 5044/7505/2853 5040/7506/2853
f 5041/7507/2854 5040/7506/2854 5044/7505/2854 5045/7508/2854
f 5045/7508/2855 5044/7509/2855 5042/7510/2855 5043/7511/2855
f 5043/7511/2856 5039/7512/2856 5041/7507/2856 5045/7508/2856
f 5039/7512/2857 5038/7513/2857 5040/7514/2857 5041/7507/2857
f 5043/7511/2858 5042/7515/2858 5038/7516/2858 5039/7512/2858
f 5046/7517/2859 5050/7518/2859 5052/7519/2859 5048/7520/2859
f 5049/7521/2860 5048/7520/2860 5052/7519/2860 5053/7522/2860
f 5053/7522/2861 5052/7523/2861 5050/7524/2861 5051/7525/2861
f 5051/7525/2862 5047/7526/2862 5049/7521/2862 5053/7522/2862
f 5047/7526/2863 5046/7527/2863 5048/7528/2863 5049/7521/2863
f 5051/7525/2864 5050/7529/2864 5046/7530/2864 5047/7526/2864
f 5054/7531/2865 5058/7532/2865 5060/7533/2865 5056/7534/2865
f 5057/7535/2866 5056/7534/2866 5060/7533/2866 5061/7536/2866
f 5061/7536/2867 5060/7537/2867 5058/7538/2867 5059/7539/2867
f 5059/7539/2868 5055/7540/2868 5057/7535/2868 5061/7536/2868
f 5055/7540/2869 5054/7541/2869 5056/7542/2869 5057/7535/2869
f 5059/7539/2870 5058/7543/2870 5054/7544/2870 5055/7540/2870
f 5062/7545/2871 5066/7546/2871 5068/7547/2871 5064/7548/2871
f 5065/7549/2872 5064/7548/2872 5068/7547/2872 5069/7550/2872
f 5069/7550/2873 5068/7551/2873 5066/7552/2873 5067/7553/2873
f 5067/7553/2874 5063/7554/2874 5065/7549/2874 5069/7550/2874
f 5063/7554/2875 5062/7555/2875 5064/7556/2875 5065/7549/2875
f 5067/7553/2876 5066/7557/2876 5062/7558/2876 5063/7554/2876
f 5070/7559/2877 5074/7560/2877 5076/7561/2877 5072/7562/2877
f 5073/7563/2878 5072/7562/2878 5076/7561/2878 5077/7564/2878
f 5077/7564/2879 5076/7565/2879 5074/7566/2879 5075/7567/2879
f 5075/7567/2880 5071/7568/2880 5073/7563/2880 5077/7564/2880
f 5071/7568/2881 5070/7569/2881 5072/7570/2881 5073/7563/2881
f 5075/7567/2882 5074/7571/2882 5070/7572/2882 5071/7568/2882
f 5078/7573/2883 5082/7574/2883 5084/7575/2883 5080/7576/2883
f 5081/7577/2884 5080/7576/2884 5084/7575/2884 5085/7578/2884
f 5085/7578/2885 5084/7579/2885 5082/7580/2885 5083/7581/2885
f 5083/7581/2886 5079/7582/2886 5081/7577/2886 5085/7578/2886
f 5079/7582/2887 5078/7583/2887 5080/7584/2887 5081/7577/2887
f 5083/7581/2888 5082/7585/2888 5078/7586/2888 5079/7582/2888
f 5086/7587/2889 5090/7588/2889 5092/7589/2889 5088/7590/2889
f 5089/7591/2890 5088/7590/2890 5092/7589/2890 5093/7592/2890
f 5093/7592/2891 5092/7593/2891 5090/7594/2891 5091/7595/2891
f 5091/7595/2892 5087/7596/2892 5089/7591/2892 5093/7592/2892
f 5087/7596/2893 5086/7597/2893 5088/7598/2893 5089/7591/2893
f 5091/7595/2894 5090/7599/2894 5086/7600/2894 5087/7596/2894
f 5094/7601/2895 5098/7602/2895 5100/7603/2895 5096/7604/2895
f 5097/7605/2896 5096/7604/2896 5100/7603/2896 5101/7606/2896
f 5101/7606/2897 5100/7607/2897 5098/7608/2897 5099/7609/2897
f 5099/7609/2898 5095/7610/2898 5097/7605/2898 5101/7606/2898
f 5095/7610/2899 5094/7611/2899 5096/7612/2899 5097/7605/2899
f 5099/7609/2900 5098/7613/2900 5094/7614/2900 5095/7610/2900
f 5102/7615/2901 5106/7616/2901 5108/7617/2901 5104/7618/2901
f 5105/7619/2902 5104/7618/2902 5108/7617/2902 5109/7620/2902
f 5109/7620/2903 5108/7621/2903 5106/7622/2903 5107/7623/2903
f 5107/7623/2904 5103/7624/2904 5105/7619/2904 5109/7620/2904
f 5103/7624/2905 5102/7625/2905 5104/7626/2905 5105/7619/2905
f 5107/7623/2906 5106/7627/2906 5102/7628/2906 5103/7624/2906
f 5110/7629/2907 5111/7630/2907 5113/7631/2907 5112/7632/2907
f 5112/7633/2908 5113/7634/2908 5117/7635/2908 5116/7636/2908
f 5116/7637/2909 5117/7638/2909 5115/7639/2909 5114/7640/2909
f 5114/7641/2910 5115/7642/2910 5111/7643/2910 5110/7644/2910
f 5118/7645/2911 5119/7646/2911 5121/7647/2911 5120/7648/2911
f 5120/7649/2912 5121/7650/2912 5125/7651/2912 5124/7652/2912
f 5124/7653/2913 5125/7654/2913 5123/7655/2913 5122/7656/2913
f 5122/7657/2914 5123/7658/2914 5119/7659/2914 5118/7660/2914
f 5126/7661/2915 5127/7662/2915 5129/7663/2915 5128/7664/2915
f 5128/7665/2916 5129/7666/2916 5133/7667/2916 5132/7668/2916
f 5132/7669/2917 5133/7670/2917 5131/7671/2917 5130/7672/2917
f 5130/7673/2918 5131/7674/2918 5127/7675/2918 5126/7676/2918
f 5134/7677/2919 5135/7678/2919 5137/7679/2919 5136/7680/2919
f 5136/7681/2920 5137/7682/2920 5141/7683/2920 5140/7684/2920
f 5140/7685/2921 5141/7686/2921 5139/7687/2921 5138/7688/2921
f 5138/7689/2922 5139/7690/2922 5135/7691/2922 5134/7692/2922
f 5142/7693/2923 5143/7694/2923 5145/7695/2923 5144/7696/2923
f 5144/7697/2924 5145/7698/2924 5149/7699/2924 5148/7700/2924
f 5148/7701/2925 5149/7702/2925 5147/7703/2925 5146/7704/2925
f 5146/7705/2926 5147/7706/2926 5143/7707/2926 5142/7708/2926
f 5150/7709/2927 5151/7710/2927 5153/7711/2927 5152/7712/2927
f 5152/7713/2928 5153/7714/2928 5157/7715/2928 5156/7716/2928
f 5156/7717/2929 5157/7718/2929 5155/7719/2929 5154/7720/2929
f 5154/7721/2930 5155/7722/2930 5151/7723/2930 5150/7724/2930
f 5158/7725/2931 5159/7726/2931 5161/7727/2931 5160/7728/2931
f 5160/7729/2932 5161/7730/2932 5165/7731/2932 5164/7732/2932
f 5164/7733/2933 5165/7734/2933 5163/7735/2933 5162/7736/2933
f 5162/7737/2934 5163/7738/2934 5159/7739/2934 5158/7740/2934
f 5166/7741/2935 5167/7742/2935 5169/7743/2935 5168/7744/2935
f 5168/7745/2936 5169/7746/2936 5173/7747/2936 5172/7748/2936
f 5172/7749/2937 5173/7750/2937 5171/7751/2937 5170/7752/2937
f 5170/7753/2938 5171/7754/2938 5167/7755/2938 5166/7756/2938
f 5174/7757/2939 5175/7758/2939 5177/7759/2939 5176/7760/2939
f 5176/7761/2940 5177/7762/2940 5181/7763/2940 5180/7764/2940
f 5180/7765/2941 5181/7766/2941 5179/7767/2941 5178/7768/2941
f 5178/7769/2942 5179/7770/2942 5175/7771/2942 5174/7772/2942
o Pallet.001_Cubo.001
v -0.422605 0.095180 -1.618377
v -0.422605 0.114686 -1.618377
v -0.422605 0.095180 -2.381623
v -0.422605 0.114686 -2.381623
v 0.622605 0.095180 -1.618377
v 0.622605 0.114686 -1.618377
v 0.622605 0.095180 -2.381623
v 0.622605 0.114686 -2.381623
v 0.057474 -0.002585 -1.623443
v 0.057474 0.097415 -1.623443
v 0.057474 -0.002585 -2.376557
v 0.057474 0.097415 -2.376557
v 0.138367 -0.002585 -1.623443
v 0.138367 0.097415 -1.623443
v 0.138367 -0.002585 -2.376557
v 0.138367 0.097415 -2.376557
v 0.057474 -0.002585 -2.000000
v 0.057474 0.097415 -2.000000
v 0.138367 -0.002585 -2.000000
v 0.138367 0.097415 -2.000000
v 0.074880 -0.002585 -1.982594
v 0.120961 -0.002585 -1.982594
v 0.120961 -0.002585 -1.664807
v 0.074880 -0.002585 -1.664807
v 0.074880 -0.002585 -2.333197
v 0.120961 -0.002585 -2.333197
v 0.120961 -0.002585 -2.017406
v 0.074880 -0.002585 -2.017406
v 0.120961 0.085593 -1.982594
v 0.074880 0.085593 -1.982594
v 0.074880 0.085593 -1.664807
v 0.120961 0.085593 -1.664807
v 0.120961 0.085593 -2.333197
v 0.074880 0.085593 -2.333197
v 0.074880 0.085593 -2.017406
v 0.120961 0.085593 -2.017406
v -0.422526 -0.002585 -1.623443
v -0.422526 0.097415 -1.623443
v -0.422526 -0.002585 -2.376557
v -0.422526 0.097415 -2.376557
v -0.341633 -0.002585 -1.623443
v -0.341633 0.097415 -1.623443
v -0.341633 -0.002585 -2.376557
v -0.341633 0.097415 -2.376557
v -0.422526 -0.002585 -2.000000
v -0.422526 0.097415 -2.000000
v -0.341633 -0.002585 -2.000000
v -0.341633 0.097415 -2.000000
v -0.405120 -0.002585 -1.982594
v -0.359039 -0.002585 -1.982594
v -0.359039 -0.002585 -1.664807
v -0.405120 -0.002585 -1.664807
v -0.405120 -0.002585 -2.333197
v -0.359039 -0.002585 -2.333197
v -0.359039 -0.002585 -2.017406
v -0.405120 -0.002585 -2.017406
v -0.359039 0.085593 -1.982594
v -0.405120 0.085593 -1.982594
v -0.405120 0.085593 -1.664807
v -0.359039 0.085593 -1.664807
v -0.359039 0.085593 -2.333197
v -0.405120 0.085593 -2.333197
v -0.405120 0.085593 -2.017406
v -0.359039 0.085593 -2.017406
v 0.537474 -0.002585 -1.623443
v 0.537474 0.097415 -1.623443
v 0.537474 -0.002585 -2.376557
v 0.537474 0.097415 -2.376557
v 0.618367 -0.002585 -1.623443
v 0.618367 0.097415 -1.623443
v 0.618367 -0.002585 -2.376557
v 0.618367 0.097415 -2.376557
v 0.537474 -0.002585 -2.000000
v 0.537474 0.097415 -2.000000
v 0.618367 -0.002585 -2.000000
v 0.618367 0.097415 -2.000000
v 0.554880 -0.002585 -1.982594
v 0.600961 -0.002585 -1.982594
v 0.600961 -0.002585 -1.664807
v 0.554880 -0.002585 -1.664807
v 0.554880 -0.002585 -2.333197
v 0.600961 -0.002585 -2.333197
v 0.600961 -0.002585 -2.017406
v 0.554880 -0.002585 -2.017406
v 0.600961 0.085593 -1.982594
v 0.554880 0.085593 -1.982594
v 0.554880 0.085593 -1.664807
v 0.600961 0.085593 -1.664807
v 0.600961 0.085593 -2.333197
v 0.554880 0.085593 -2.333197
v 0.554880 0.085593 -2.017406
v 0.600961 0.085593 -2.017406
vt 0.837495 0.252777
vt 0.837495 0.254906
vt 0.754198 0.254906
vt 0.754198 0.252777
vt 0.752069 0.254906
vt 0.754198 0.368975
vt 0.752069 0.368975
vt 0.754198 0.371104
vt 0.837495 0.368975
vt 0.837495 0.371104
vt 0.839624 0.368975
vt 0.839624 0.254906
vt 0.752679 0.375852
vt 0.866749 0.375852
vt 0.866749 0.459150
vt 0.752679 0.459150
vt 0.934201 0.336209
vt 0.934201 0.325295
vt 0.975297 0.325295
vt 0.975297 0.336209
vt 0.984920 0.345832
vt 0.995834 0.345832
vt 0.995834 0.354660
vt 0.984920 0.354660
vt 0.939183 0.275997
vt 0.950097 0.275997
vt 0.950097 0.317092
vt 0.939183 0.317092
vt 0.929560 0.326716
vt 0.929560 0.337629
vt 0.920732 0.337629
vt 0.920732 0.326716
vt 0.913008 0.312578
vt 0.913008 0.277896
vt 0.922631 0.277896
vt 0.922631 0.312578
vt 0.927660 0.322202
vt 0.922631 0.322202
vt 0.927660 0.312578
vt 0.975297 0.364284
vt 0.975297 0.375197
vt 0.934201 0.375197
vt 0.934201 0.364284
vt 0.911108 0.317092
vt 0.900195 0.317092
vt 0.900195 0.275997
vt 0.911108 0.275997
vt 0.920732 0.266373
vt 0.929560 0.266373
vt 0.927660 0.268273
vt 0.922631 0.268273
vt 0.937284 0.312578
vt 0.937284 0.277896
vt 0.980188 0.352761
vt 0.980188 0.347732
vt 0.936101 0.362384
vt 0.970565 0.362384
vt 0.924578 0.354660
vt 0.924578 0.345832
vt 0.926477 0.347732
vt 0.926477 0.352761
vt 0.970565 0.338108
vt 0.936101 0.338108
vt 0.927660 0.277896
vt 0.970565 0.347732
vt 0.970565 0.352761
vt 0.936101 0.352761
vt 0.936101 0.347732
vt 0.874334 0.455644
vt 0.874334 0.444730
vt 0.915430 0.444730
vt 0.915430 0.455644
vt 0.925053 0.465267
vt 0.935967 0.465267
vt 0.935967 0.474095
vt 0.925053 0.474095
vt 0.913793 0.361933
vt 0.924706 0.361933
vt 0.924706 0.403029
vt 0.913793 0.403029
vt 0.904169 0.412652
vt 0.904169 0.423566
vt 0.895341 0.423566
vt 0.895341 0.412652
vt 0.887617 0.398515
vt 0.887617 0.363833
vt 0.897241 0.363833
vt 0.897241 0.398515
vt 0.902270 0.408138
vt 0.897241 0.408138
vt 0.902270 0.398515
vt 0.915430 0.483719
vt 0.915430 0.494632
vt 0.874334 0.494632
vt 0.874334 0.483719
vt 0.885718 0.403029
vt 0.874804 0.403029
vt 0.874804 0.361933
vt 0.885718 0.361933
vt 0.895341 0.352310
vt 0.904169 0.352310
vt 0.902270 0.354209
vt 0.897241 0.354209
vt 0.911893 0.398515
vt 0.911893 0.363833
vt 0.920321 0.472196
vt 0.920321 0.467167
vt 0.876234 0.481819
vt 0.910698 0.481819
vt 0.864711 0.474095
vt 0.864711 0.465267
vt 0.866610 0.467167
vt 0.866610 0.472196
vt 0.910698 0.457543
vt 0.876234 0.457543
vt 0.902270 0.363833
vt 0.910698 0.467167
vt 0.910698 0.472196
vt 0.876234 0.472196
vt 0.876234 0.467167
vt 0.924139 0.420679
vt 0.924139 0.409765
vt 0.965234 0.409766
vt 0.965234 0.420679
vt 0.974858 0.430302
vt 0.985771 0.430302
vt 0.985771 0.439131
vt 0.974858 0.439131
vt 0.885176 0.263301
vt 0.896089 0.263301
vt 0.896089 0.304397
vt 0.885176 0.304397
vt 0.875552 0.314021
vt 0.875552 0.324934
vt 0.866724 0.324934
vt 0.866724 0.314021
vt 0.859000 0.299883
vt 0.859000 0.265201
vt 0.868624 0.265201
vt 0.868624 0.299883
vt 0.873653 0.309506
vt 0.868624 0.309506
vt 0.873653 0.299883
vt 0.965234 0.448754
vt 0.965234 0.459668
vt 0.924139 0.459668
vt 0.924139 0.448754
vt 0.857101 0.304397
vt 0.846187 0.304397
vt 0.846187 0.263301
vt 0.857101 0.263301
vt 0.866724 0.253678
vt 0.875552 0.253678
vt 0.873653 0.255578
vt 0.868624 0.255578
vt 0.883276 0.299883
vt 0.883276 0.265201
vt 0.970126 0.437231
vt 0.970126 0.432202
vt 0.926038 0.446854
vt 0.960502 0.446854
vt 0.914515 0.439131
vt 0.914515 0.430302
vt 0.916415 0.432202
vt 0.916415 0.437231
vt 0.960502 0.422579
vt 0.926038 0.422579
vt 0.873653 0.265201
vt 0.960502 0.432202
vt 0.960502 0.437231
vt 0.926038 0.437231
vt 0.926038 0.432202
vn -1.0000 0.0000 0.0000
vn 0.0000 0.0000 -1.0000
vn 1.0000 0.0000 0.0000
vn 0.0000 0.0000 1.0000
vn 0.0000 -1.0000 0.0000
vn 0.0000 1.0000 0.0000
usemtl hiper-atlas
s off
f 5182/7773/2943 5183/7774/2943 5185/7775/2943 5184/7776/2943
f 5184/7777/2944 5185/7775/2944 5189/7778/2944 5188/7779/2944
f 5188/7780/2945 5189/7778/2945 5187/7781/2945 5186/7782/2945
f 5186/7783/2946 5187/7781/2946 5183/7774/2946 5182/7784/2946
f 5184/7785/2947 5188/7786/2947 5186/7787/2947 5182/7788/2947
f 5189/7778/2948 5185/7775/2948 5183/7774/2948 5187/7781/2948
f 5198/7789/2943 5199/7790/2943 5193/7791/2943 5192/7792/2943
f 5192/7793/2944 5193/7794/2944 5197/7795/2944 5196/7796/2944
f 5200/7797/2945 5201/7798/2945 5195/7799/2945 5194/7800/2945
f 5194/7801/2946 5195/7802/2946 5191/7803/2946 5190/7804/2946
f 5205/7805/2945 5202/7806/2945 5211/7807/2945 5212/7808/2945
f 5204/7809/2944 5205/7810/2944 5212/7808/2944 5213/7811/2944
f 5196/7812/2945 5197/7813/2945 5201/7814/2945 5200/7815/2945
f 5190/7816/2943 5191/7817/2943 5199/7818/2943 5198/7819/2943
f 5198/7820/2947 5200/7821/2947 5203/7822/2947 5202/7823/2947
f 5200/7797/2947 5194/7800/2947 5204/7824/2947 5203/7825/2947
f 5194/7801/2947 5190/7804/2947 5205/7810/2947 5204/7809/2947
f 5190/7816/2947 5198/7819/2947 5202/7806/2947 5205/7805/2947
f 5192/7793/2947 5196/7796/2947 5207/7826/2947 5206/7827/2947
f 5196/7812/2947 5200/7815/2947 5208/7828/2947 5207/7829/2947
f 5200/7830/2947 5198/7831/2947 5209/7832/2947 5208/7833/2947
f 5198/7789/2947 5192/7792/2947 5206/7834/2947 5209/7835/2947
f 5211/7807/2947 5210/7836/2947 5213/7811/2947 5212/7808/2947
f 5215/7837/2947 5214/7838/2947 5217/7839/2947 5216/7840/2947
f 5207/7829/2943 5208/7828/2943 5217/7839/2943 5214/7838/2943
f 5206/7827/2946 5207/7826/2946 5214/7838/2946 5215/7837/2946
f 5203/7825/2943 5204/7824/2943 5213/7811/2943 5210/7836/2943
f 5208/7833/2944 5209/7832/2944 5216/7840/2944 5217/7839/2944
f 5202/7823/2946 5203/7822/2946 5210/7836/2946 5211/7807/2946
f 5209/7835/2945 5206/7834/2945 5215/7837/2945 5216/7840/2945
f 5226/7841/2943 5227/7842/2943 5221/7843/2943 5220/7844/2943
f 5220/7845/2944 5221/7846/2944 5225/7847/2944 5224/7848/2944
f 5228/7849/2945 5229/7850/2945 5223/7851/2945 5222/7852/2945
f 5222/7853/2946 5223/7854/2946 5219/7855/2946 5218/7856/2946
f 5233/7857/2945 5230/7858/2945 5239/7859/2945 5240/7860/2945
f 5232/7861/2944 5233/7862/2944 5240/7860/2944 5241/7863/2944
f 5224/7864/2945 5225/7865/2945 5229/7866/2945 5228/7867/2945
f 5218/7868/2943 5219/7869/2943 5227/7870/2943 5226/7871/2943
f 5226/7872/2947 5228/7873/2947 5231/7874/2947 5230/7875/2947
f 5228/7849/2947 5222/7852/2947 5232/7876/2947 5231/7877/2947
f 5222/7853/2947 5218/7856/2947 5233/7862/2947 5232/7861/2947
f 5218/7868/2947 5226/7871/2947 5230/7858/2947 5233/7857/2947
f 5220/7845/2947 5224/7848/2947 5235/7878/2947 5234/7879/2947
f 5224/7864/2947 5228/7867/2947 5236/7880/2947 5235/7881/2947
f 5228/7882/2947 5226/7883/2947 5237/7884/2947 5236/7885/2947
f 5226/7841/2947 5220/7844/2947 5234/7886/2947 5237/7887/2947
f 5239/7859/2947 5238/7888/2947 5241/7863/2947 5240/7860/2947
f 5243/7889/2947 5242/7890/2947 5245/7891/2947 5244/7892/2947
f 5235/7881/2943 5236/7880/2943 5245/7891/2943 5242/7890/2943
f 5234/7879/2946 5235/7878/2946 5242/7890/2946 5243/7889/2946
f 5231/7877/2943 5232/7876/2943 5241/7863/2943 5238/7888/2943
f 5236/7885/2944 5237/7884/2944 5244/7892/2944 5245/7891/2944
f 5230/7875/2946 5231/7874/2946 5238/7888/2946 5239/7859/2946
f 5237/7887/2945 5234/7886/2945 5243/7889/2945 5244/7892/2945
f 5254/7893/2943 5255/7894/2943 5249/7895/2943 5248/7896/2943
f 5248/7897/2944 5249/7898/2944 5253/7899/2944 5252/7900/2944
f 5256/7901/2945 5257/7902/2945 5251/7903/2945 5250/7904/2945
f 5250/7905/2946 5251/7906/2946 5247/7907/2946 5246/7908/2946
f 5261/7909/2945 5258/7910/2945 5267/7911/2945 5268/7912/2945
f 5260/7913/2944 5261/7914/2944 5268/7912/2944 5269/7915/2944
f 5252/7916/2945 5253/7917/2945 5257/7918/2945 5256/7919/2945
f 5246/7920/2943 5247/7921/2943 5255/7922/2943 5254/7923/2943
f 5254/7924/2947 5256/7925/2947 5259/7926/2947 5258/7927/2947
f 5256/7901/2947 5250/7904/2947 5260/7928/2947 5259/7929/2947
f 5250/7905/2947 5246/7908/2947 5261/7914/2947 5260/7913/2947
f 5246/7920/2947 5254/7923/2947 5258/7910/2947 5261/7909/2947
f 5248/7897/2947 5252/7900/2947 5263/7930/2947 5262/7931/2947
f 5252/7916/2947 5256/7919/2947 5264/7932/2947 5263/7933/2947
f 5256/7934/2947 5254/7935/2947 5265/7936/2947 5264/7937/2947
f 5254/7893/2947 5248/7896/2947 5262/7938/2947 5265/7939/2947
f 5267/7911/2947 5266/7940/2947 5269/7915/2947 5268/7912/2947
f 5271/7941/2947 5270/7942/2947 5273/7943/2947 5272/7944/2947
f 5263/7933/2943 5264/7932/2943 5273/7943/2943 5270/7942/2943
f 5262/7931/2946 5263/7930/2946 5270/7942/2946 5271/7941/2946
f 5259/7929/2943 5260/7928/2943 5269/7915/2943 5266/7940/2943
f 5264/7937/2944 5265/7936/2944 5272/7944/2944 5273/7943/2944
f 5258/7927/2946 5259/7926/2946 5266/7940/2946 5267/7911/2946
f 5265/7939/2945 5262/7938/2945 5271/7941/2945 5272/7944/2945
