ply
format ascii 1.0
comment Created by Blender 2.83.5 - www.blender.org, source file: 'warehouse.blend'
element vertex 10074
property float x
property float y
property float z
property float nx
property float ny
property float nz
property float s
property float t
element face 4062
property list uchar uint vertex_indices
end_header
-1.867561 0.426166 1.477486 0.001000 -0.005031 0.999987 0.179355 0.855464
-2.123464 0.428689 1.476840 0.001000 -0.005031 0.999987 0.216048 0.857387
-2.126269 0.171767 1.476465 0.001000 -0.005031 0.999987 0.214156 0.894228
-1.870677 0.166878 1.475270 0.001000 -0.005031 0.999987 0.177487 0.892648
-1.870452 0.171492 1.291991 -0.008440 -0.999912 -0.010212 0.231352 0.960791
-1.870677 0.166878 1.475270 -0.008440 -0.999912 -0.010212 0.229746 0.977249
-2.126269 0.171767 1.476465 -0.008440 -0.999912 -0.010212 0.206785 0.975133
-2.130134 0.170916 1.294345 -0.008440 -0.999912 -0.010212 0.208018 0.958749
-2.130134 0.170916 1.294345 -0.999647 0.007914 0.025357 0.019653 0.983485
-2.126269 0.171767 1.476465 -0.999647 0.007914 0.025357 0.019752 0.967961
-2.123464 0.428689 1.476840 -0.999647 0.007914 0.025357 0.041648 0.967961
-2.128831 0.427472 1.295666 -0.999647 0.007914 0.025357 0.041517 0.983407
-2.128831 0.427472 1.295666 -0.010288 0.003968 -0.999939 0.041146 0.850042
-1.869867 0.429084 1.292692 -0.010288 0.003968 -0.999939 0.005200 0.848053
-1.870452 0.171492 1.291991 -0.010288 0.003968 -0.999939 0.007481 0.812318
-2.130134 0.170916 1.294345 -0.010288 0.003968 -0.999939 0.043517 0.814456
-1.869867 0.429084 1.292692 0.999958 -0.007128 -0.005797 0.049837 0.961917
-1.867561 0.426166 1.477486 0.999958 -0.007128 -0.005797 0.050274 0.941449
-1.870677 0.166878 1.475270 0.999958 -0.007128 -0.005797 0.078993 0.941856
-1.870452 0.171492 1.291991 0.999958 -0.007128 -0.005797 0.078367 0.962153
-2.128831 0.427472 1.295666 0.001791 0.999988 0.004611 0.175960 0.969014
-2.123464 0.428689 1.476840 0.001791 0.999988 0.004611 0.177001 0.950757
-1.867561 0.426166 1.477486 0.001791 0.999988 0.004611 0.202813 0.951394
-1.869867 0.429084 1.292692 0.001791 0.999988 0.004611 0.202070 0.970027
-1.879796 0.698213 1.470603 0.007839 -0.000389 0.999969 0.104180 0.971883
-2.117533 0.697894 1.470995 0.007839 -0.000389 0.999969 0.106643 0.941569
-2.119327 0.499966 1.472404 0.007839 -0.000389 0.999969 0.131902 0.943355
-1.877439 0.501210 1.469037 0.007839 -0.000389 0.999969 0.129278 0.974192
-1.880206 0.500011 1.294893 -0.006421 -0.999940 -0.008903 0.061804 0.911883
-1.877439 0.501210 1.469037 -0.006421 -0.999940 -0.008903 0.064547 0.933083
-2.119327 0.499966 1.472404 -0.006421 -0.999940 -0.008903 0.035094 0.936834
-2.121953 0.504334 1.294516 -0.006421 -0.999940 -0.008903 0.032311 0.915171
-2.121953 0.504334 1.294516 -0.999858 0.012198 0.011664 0.026902 0.946968
-2.119327 0.499966 1.472404 -0.999858 0.012198 0.011664 0.028569 0.965590
-2.117533 0.697894 1.470995 -0.999858 0.012198 0.011664 0.007808 0.966790
-2.118939 0.700225 1.296187 -0.999858 0.012198 0.011664 0.006374 0.948479
-2.118939 0.700225 1.296187 -0.001578 0.004582 -0.999988 0.193971 0.899221
-1.877450 0.696070 1.295009 -0.001578 0.004582 -0.999988 0.193420 0.928860
-1.880206 0.500011 1.294893 -0.001578 0.004582 -0.999988 0.169357 0.928488
-2.121953 0.504334 1.294516 -0.001578 0.004582 -0.999988 0.169929 0.898818
-1.877450 0.696070 1.295009 0.999999 -0.001008 -0.001193 0.246836 0.875743
-1.879796 0.698213 1.470603 0.999999 -0.001008 -0.001193 0.225288 0.876023
-1.877439 0.501210 1.469037 0.999999 -0.001008 -0.001193 0.225465 0.851849
-1.880206 0.500011 1.294893 0.999999 -0.001008 -0.001193 0.246836 0.851684
-2.118939 0.700225 1.296187 0.008004 0.999968 0.000556 0.136366 0.939476
-2.117533 0.697894 1.470995 0.008004 0.999968 0.000556 0.133907 0.960501
-1.879796 0.698213 1.470603 0.008004 0.999968 0.000556 0.105297 0.957341
-1.877450 0.696070 1.295009 0.008004 0.999968 0.000556 0.107309 0.936172
-1.808625 -0.112274 2.892424 0.002190 -0.007261 0.999971 0.230033 0.811597
-2.188979 -0.110169 2.890706 0.002190 -0.007261 0.999971 0.227249 0.850910
-2.185133 -0.486938 2.890528 0.002190 -0.007261 0.999971 0.187936 0.848126
-1.806086 -0.491042 2.887101 0.002190 -0.007261 0.999971 0.190720 0.808813
-1.810689 -0.484961 2.505972 0.004123 -0.999991 -0.001127 0.131022 0.809067
-1.806086 -0.491042 2.887101 0.004123 -0.999991 -0.001127 0.175200 0.809407
-2.185133 -0.486938 2.890528 0.004123 -0.999991 -0.001127 0.174860 0.853585
-2.190216 -0.492202 2.510546 0.004123 -0.999991 -0.001127 0.130682 0.853244
-2.190216 -0.492202 2.510546 -0.999932 -0.006436 0.009721 0.059577 0.757519
-2.185133 -0.486938 2.890528 -0.999932 -0.006436 0.009721 0.052818 0.805004
-2.188979 -0.110169 2.890706 -0.999932 -0.006436 0.009721 0.005333 0.798245
-2.191250 -0.109609 2.511174 -0.999932 -0.006436 0.009721 0.012092 0.750760
-2.191250 -0.109609 2.511174 -0.007364 0.006393 -0.999952 0.075416 0.805265
-1.816513 -0.110111 2.510237 -0.007364 0.006393 -0.999952 0.074447 0.752654
-1.810689 -0.484961 2.505972 -0.007364 0.006393 -0.999952 0.127058 0.751686
-2.190216 -0.492202 2.510546 -0.007364 0.006393 -0.999952 0.128027 0.804297
-1.816513 -0.110111 2.510237 0.999804 0.011302 -0.016238 0.133333 0.806712
-1.808625 -0.112274 2.892424 0.999804 0.011302 -0.016238 0.133333 0.756320
-1.806086 -0.491042 2.887101 0.999804 0.011302 -0.016238 0.183724 0.756320
-1.810689 -0.484961 2.505972 0.999804 0.011302 -0.016238 0.183724 0.806712
-2.191250 -0.109609 2.511174 0.003449 0.999988 0.003528 0.195392 0.753677
-2.188979 -0.110169 2.890706 0.003449 0.999988 0.003528 0.245354 0.750141
-1.808625 -0.112274 2.892424 0.003449 0.999988 0.003528 0.248890 0.800102
-1.816513 -0.110111 2.510237 0.003449 0.999988 0.003528 0.198929 0.803639
-2.000299 0.639961 1.873752 -0.012992 -0.034438 0.999322 0.218409 0.989813
-2.079703 0.639946 1.871895 -0.012992 -0.034438 0.999322 0.209883 0.988935
-2.079287 0.560507 1.869987 -0.012992 -0.034438 0.999322 0.210761 0.980409
-1.999272 0.560393 1.870199 -0.012992 -0.034438 0.999322 0.219287 0.981287
-2.000359 0.556979 1.788884 -0.025061 -0.999504 0.019093 0.016751 0.930291
-1.999272 0.560393 1.870199 -0.025061 -0.999504 0.019093 0.016751 0.919806
-2.079287 0.560507 1.869987 -0.025061 -0.999504 0.019093 0.027236 0.919806
-2.079790 0.560862 1.789070 -0.025061 -0.999504 0.019093 0.027236 0.930291
-2.084206 0.640098 1.788884 -0.998472 0.046272 0.030215 0.148736 0.981441
-2.079703 0.639946 1.871895 -0.998472 0.046272 0.030215 0.158314 0.981441
-2.078014 0.719706 1.871567 -0.998472 0.046272 0.030215 0.158314 0.991020
-2.078532 0.719311 1.789069 -0.998472 0.046272 0.030215 0.148736 0.991020
-2.000349 0.640260 1.701056 0.014793 -0.030345 -0.999430 0.091397 0.948287
-1.918600 0.639735 1.703239 0.014793 -0.030345 -0.999430 0.094513 0.957093
-1.915015 0.563060 1.704663 0.014793 -0.030345 -0.999430 0.085707 0.960209
-2.000270 0.557294 1.704533 0.014793 -0.030345 -0.999430 0.082591 0.951402
-1.917503 0.639873 1.788976 0.999046 -0.039196 0.019247 0.090754 0.987121
-1.919544 0.639896 1.870619 0.999046 -0.039196 0.019247 0.090754 0.977135
-1.922280 0.558268 1.870757 0.999046 -0.039196 0.019247 0.100740 0.977135
-1.921123 0.559432 1.788723 0.999046 -0.039196 0.019247 0.100740 0.987121
-2.000324 0.724127 1.788905 0.036584 0.999311 0.006318 0.227514 0.942608
-2.000300 0.721206 1.870989 0.036584 0.999311 0.006318 0.238580 0.943123
-1.920933 0.720710 1.869788 0.036584 0.999311 0.006318 0.238064 0.954189
-1.923420 0.718909 1.789119 0.036584 0.999311 0.006318 0.226998 0.953674
-2.000359 0.722722 1.704929 0.062158 0.997999 -0.011608 0.216448 0.942092
-2.000324 0.724127 1.788905 0.062158 0.997999 -0.011608 0.227514 0.942608
-1.923420 0.718909 1.789119 0.062158 0.997999 -0.011608 0.226998 0.953674
-1.923305 0.718353 1.704857 0.062158 0.997999 -0.011608 0.215932 0.953158
-2.079132 0.718547 1.702792 -0.057018 0.998295 -0.012508 0.216964 0.931026
-2.078532 0.719311 1.789069 -0.057018 0.998295 -0.012508 0.228030 0.931542
-2.000324 0.724127 1.788905 -0.057018 0.998295 -0.012508 0.227514 0.942608
-2.000359 0.722722 1.704929 -0.057018 0.998295 -0.012508 0.216448 0.942092
-2.078532 0.719311 1.789069 -0.040399 0.999064 0.015471 0.228030 0.931542
-2.078014 0.719706 1.871567 -0.040399 0.999064 0.015471 0.239096 0.932057
-2.000300 0.721206 1.870989 -0.040399 0.999064 0.015471 0.238580 0.943123
-2.000324 0.724127 1.788905 -0.040399 0.999064 0.015471 0.227514 0.942608
-1.918600 0.639735 1.703239 0.999565 -0.000005 0.029498 0.090754 0.997107
-1.917503 0.639873 1.788976 0.999565 -0.000005 0.029498 0.090754 0.987121
-1.921123 0.559432 1.788723 0.999565 -0.000005 0.029498 0.100740 0.987121
-1.915015 0.563060 1.704663 0.999565 -0.000005 0.029498 0.100740 0.997107
-1.923305 0.718353 1.704857 0.997715 0.067289 -0.006040 0.080768 0.997107
-1.923420 0.718909 1.789119 0.997715 0.067289 -0.006040 0.080768 0.987121
-1.917503 0.639873 1.788976 0.997715 0.067289 -0.006040 0.090754 0.987121
-1.918600 0.639735 1.703239 0.997715 0.067289 -0.006040 0.090754 0.997107
-1.923420 0.718909 1.789119 0.998953 0.045640 -0.003257 0.080768 0.987121
-1.920933 0.720710 1.869788 0.998953 0.045640 -0.003257 0.080768 0.977135
-1.919544 0.639896 1.870619 0.998953 0.045640 -0.003257 0.090754 0.977135
-1.917503 0.639873 1.788976 0.998953 0.045640 -0.003257 0.090754 0.987121
-2.084308 0.640220 1.703536 0.000394 -0.011626 -0.999932 0.246324 0.963941
-2.000349 0.640260 1.701056 0.000394 -0.011626 -0.999932 0.238010 0.964300
-2.000270 0.557294 1.704533 0.000394 -0.011626 -0.999932 0.237651 0.955986
-2.080226 0.561787 1.701937 0.000394 -0.011626 -0.999932 0.245965 0.955628
-2.079132 0.718547 1.702792 -0.002614 0.019538 -0.999806 0.246682 0.972255
-2.000359 0.722722 1.704929 -0.002614 0.019538 -0.999806 0.238368 0.972614
-2.000349 0.640260 1.701056 -0.002614 0.019538 -0.999806 0.238010 0.964300
-2.084308 0.640220 1.703536 -0.002614 0.019538 -0.999806 0.246324 0.963941
-2.000359 0.722722 1.704929 0.014349 0.034484 -0.999302 0.100204 0.945171
-1.923305 0.718353 1.704857 0.014349 0.034484 -0.999302 0.103319 0.953977
-1.918600 0.639735 1.703239 0.014349 0.034484 -0.999302 0.094513 0.957093
-2.000349 0.640260 1.701056 0.014349 0.034484 -0.999302 0.091397 0.948287
-2.084308 0.640220 1.703536 -0.997628 0.068723 0.003830 0.139158 0.981441
-2.084206 0.640098 1.788884 -0.997628 0.068723 0.003830 0.148736 0.981441
-2.078532 0.719311 1.789069 -0.997628 0.068723 0.003830 0.148736 0.991020
-2.079132 0.718547 1.702792 -0.997628 0.068723 0.003830 0.139158 0.991020
-2.080226 0.561787 1.701937 -0.998545 -0.053844 0.002788 0.139158 0.971863
-2.079790 0.560862 1.789070 -0.998545 -0.053844 0.002788 0.148736 0.971863
-2.084206 0.640098 1.788884 -0.998545 -0.053844 0.002788 0.148736 0.981441
-2.084308 0.640220 1.703536 -0.998545 -0.053844 0.002788 0.139158 0.981441
-2.079790 0.560862 1.789070 -0.999064 -0.030752 0.030413 0.148736 0.971863
-2.079287 0.560507 1.869987 -0.999064 -0.030752 0.030413 0.158314 0.971863
-2.079703 0.639946 1.871895 -0.999064 -0.030752 0.030413 0.158314 0.981441
-2.084206 0.640098 1.788884 -0.999064 -0.030752 0.030413 0.148736 0.981441
-2.000270 0.557294 1.704533 -0.052375 -0.998602 -0.007119 0.016751 0.940776
-2.000359 0.556979 1.788884 -0.052375 -0.998602 -0.007119 0.016751 0.930291
-2.079790 0.560862 1.789070 -0.052375 -0.998602 -0.007119 0.027236 0.930291
-2.080226 0.561787 1.701937 -0.052375 -0.998602 -0.007119 0.027236 0.940776
-1.915015 0.563060 1.704663 0.049891 -0.998522 -0.021548 0.006266 0.940776
-1.921123 0.559432 1.788723 0.049891 -0.998522 -0.021548 0.006266 0.930291
-2.000359 0.556979 1.788884 0.049891 -0.998522 -0.021548 0.016751 0.930291
-2.000270 0.557294 1.704533 0.049891 -0.998522 -0.021548 0.016751 0.940776
-1.921123 0.559432 1.788723 0.002063 -0.999903 0.013775 0.006266 0.930291
-1.922280 0.558268 1.870757 0.002063 -0.999903 0.013775 0.006266 0.919806
-1.999272 0.560393 1.870199 0.002063 -0.999903 0.013775 0.016751 0.919806
-2.000359 0.556979 1.788884 0.002063 -0.999903 0.013775 0.016751 0.930291
-1.919544 0.639896 1.870619 0.016014 -0.021349 0.999644 0.190063 0.946690
-2.000299 0.639961 1.873752 0.016014 -0.021349 0.999644 0.190918 0.935071
-1.999272 0.560393 1.870199 0.016014 -0.021349 0.999644 0.202537 0.935927
-1.922280 0.558268 1.870757 0.016014 -0.021349 0.999644 0.201681 0.947545
-1.920933 0.720710 1.869788 0.027119 0.022397 0.999381 0.139489 0.946691
-2.000300 0.721206 1.870989 0.027119 0.022397 0.999381 0.139489 0.935869
-2.000299 0.639961 1.873752 0.027119 0.022397 0.999381 0.150310 0.935869
-1.919544 0.639896 1.870619 0.027119 0.022397 0.999381 0.150310 0.946691
-2.000300 0.721206 1.870989 -0.008326 0.019283 0.999779 0.217531 0.998339
-2.078014 0.719706 1.871567 -0.008326 0.019283 0.999779 0.209006 0.997461
-2.079703 0.639946 1.871895 -0.008326 0.019283 0.999779 0.209883 0.988935
-2.000299 0.639961 1.873752 -0.008326 0.019283 0.999779 0.218409 0.989813
-1.823195 -0.027195 0.656062 0.002597 0.003165 0.999992 0.074083 0.810459
-2.175789 -0.024081 0.658390 0.002597 0.003165 0.999992 0.120187 0.810175
-2.176579 -0.320995 0.657910 0.002597 0.003165 0.999992 0.120187 0.848998
-1.824600 -0.318367 0.658410 0.002597 0.003165 0.999992 0.074167 0.848531
-1.826491 -0.318098 0.452407 0.002337 -0.999946 -0.010111 0.051295 0.853457
-1.824600 -0.318367 0.658410 0.002337 -0.999946 -0.010111 0.051476 0.882289
-2.176579 -0.320995 0.657910 0.002337 -0.999946 -0.010111 0.002214 0.882077
-2.178615 -0.317122 0.453463 0.002337 -0.999946 -0.010111 0.002013 0.853457
-2.178615 -0.317122 0.453463 -0.999960 0.004079 0.007956 0.160834 0.886932
-2.176579 -0.320995 0.657910 -0.999960 0.004079 0.007956 0.160765 0.914825
-2.175789 -0.024081 0.658390 -0.999960 0.004079 0.007956 0.120275 0.914024
-2.176989 -0.025698 0.454976 -0.999960 0.004079 0.007956 0.121089 0.886289
-2.176989 -0.025698 0.454976 -0.005866 0.001753 -0.999981 0.116512 0.891039
-1.823389 -0.028134 0.451886 -0.005866 0.001753 -0.999981 0.068948 0.890976
-1.826491 -0.318098 0.452407 -0.005866 0.001753 -0.999981 0.069149 0.851972
-2.178615 -0.317122 0.453463 -0.005866 0.001753 -0.999981 0.116512 0.851840
-1.823389 -0.028134 0.451886 0.999957 -0.007781 -0.005072 0.242872 0.897770
-1.823195 -0.027195 0.656062 0.999957 -0.007781 -0.005072 0.242952 0.926268
-1.824600 -0.318367 0.658410 0.999957 -0.007781 -0.005072 0.202310 0.926524
-1.826491 -0.318098 0.452407 0.999957 -0.007781 -0.005072 0.202397 0.897770
-2.176989 -0.025698 0.454976 0.007809 0.999950 -0.006300 0.119421 0.883910
-2.175789 -0.024081 0.658390 0.007809 0.999950 -0.006300 0.119400 0.856140
-1.823195 -0.027195 0.656062 0.007809 0.999950 -0.006300 0.167537 0.856140
-1.823389 -0.028134 0.451886 0.007809 0.999950 -0.006300 0.167695 0.884013
-1.898941 -0.722187 1.768436 -0.000775 0.002453 0.999997 0.054536 0.909099
-1.895775 -0.367604 1.767489 -0.000775 0.002453 0.999997 0.018876 0.909443
-2.115108 -0.367906 1.767399 -0.000775 0.002453 0.999997 0.018890 0.887385
-2.114852 -0.721197 1.768187 -0.000775 0.002453 0.999997 0.054421 0.887385
-2.115321 -0.722069 1.680010 -0.999969 0.002435 -0.007438 0.151778 0.920856
-2.114852 -0.721197 1.768187 -0.999969 0.002435 -0.007438 0.151703 0.931635
-2.115108 -0.367906 1.767399 -0.999969 0.002435 -0.007438 0.108520 0.931667
-2.113329 -0.368368 1.678971 -0.999969 0.002435 -0.007438 0.108544 0.920856
-2.113329 -0.368368 1.678971 -0.004633 0.999985 0.002750 0.162639 0.956186
-2.115108 -0.367906 1.767399 -0.004633 0.999985 0.002750 0.160704 0.966436
-1.895775 -0.367604 1.767489 -0.004633 0.999985 0.002750 0.135386 0.961137
-1.897704 -0.366656 1.679124 -0.004633 0.999985 0.002750 0.137747 0.950984
-1.897704 -0.366656 1.679124 0.000081 -0.002543 -0.999997 0.069242 0.894852
-1.899016 -0.724416 1.679894 0.000081 -0.002543 -0.999997 0.107316 0.894852
-2.115321 -0.722069 1.680010 0.000081 -0.002543 -0.999997 0.107151 0.917873
-2.113329 -0.368368 1.678971 0.000081 -0.002543 -0.999997 0.069509 0.917799
-1.899016 -0.724416 1.679894 -0.007724 -0.999816 0.017564 0.103511 0.927812
-1.898941 -0.722187 1.768436 -0.007724 -0.999816 0.017564 0.102291 0.940229
-2.114852 -0.721197 1.768187 -0.007724 -0.999816 0.017564 0.072026 0.937199
-2.115321 -0.722069 1.680010 -0.007724 -0.999816 0.017564 0.073183 0.924830
-1.897704 -0.366656 1.679124 0.999916 -0.006314 -0.011280 0.202343 0.935383
-1.895775 -0.367604 1.767489 0.999916 -0.006314 -0.011280 0.201709 0.947696
-1.898941 -0.722187 1.768436 0.999916 -0.006314 -0.011280 0.152280 0.945805
-1.899016 -0.724416 1.679894 0.999916 -0.006314 -0.011280 0.152474 0.933451
-1.881525 0.020216 2.490250 -0.000000 1.000000 0.000000 0.426557 0.889130
-1.881525 0.020216 2.105682 -0.000000 1.000000 0.000000 0.447406 0.889130
-2.124092 0.020216 2.105682 -0.000000 1.000000 0.000000 0.447406 0.902280
-2.124092 0.020216 2.490250 -0.000000 1.000000 0.000000 0.426557 0.902280
-2.177712 -0.765431 -0.000000 0.000000 -1.000000 -0.000000 0.351853 0.768862
-1.881525 -0.765431 -0.000000 0.000000 -1.000000 -0.000000 0.367910 0.768862
-1.881525 -0.765431 0.427120 0.000000 -1.000000 -0.000000 0.367910 0.797876
-1.881525 -0.765432 0.854241 0.000000 -1.000000 -0.000000 0.367910 0.821031
-1.881525 -0.765432 1.255233 0.000000 -1.000000 -0.000000 0.367910 0.842770
-1.881525 -0.765432 1.660465 0.000000 -1.000000 -0.000000 0.367910 0.864739
-1.881525 -0.765432 2.085466 0.000000 -1.000000 -0.000000 0.367910 0.887779
-1.881525 -0.765432 2.510466 0.000000 -1.000000 -0.000000 0.367910 0.910819
-2.177712 -0.765432 2.510466 0.000000 -1.000000 -0.000000 0.351853 0.910819
-2.177712 -0.765432 2.510466 0.000000 0.000000 1.000000 0.351853 0.910819
-1.881525 -0.765432 2.510466 0.000000 0.000000 1.000000 0.351853 0.926876
-1.881525 -0.000000 2.510466 0.000000 0.000000 1.000000 0.310358 0.926876
-1.881525 0.765431 2.510466 0.000000 0.000000 1.000000 0.268862 0.926876
-2.177712 0.765431 2.510466 0.000000 0.000000 1.000000 0.268862 0.910819
-2.177712 0.765431 2.510466 -1.000000 -0.000000 -0.000000 0.268862 0.910819
-2.177712 0.765431 0.000000 -1.000000 -0.000000 -0.000000 0.268862 0.768862
-2.177712 -0.765431 -0.000000 -1.000000 -0.000000 -0.000000 0.351853 0.768862
-2.177712 -0.765432 2.510466 -1.000000 -0.000000 -0.000000 0.351853 0.910819
-2.177712 0.765431 0.000000 0.000000 0.000000 -1.000000 0.268862 0.768862
-1.881525 0.765431 0.000000 0.000000 0.000000 -1.000000 0.268862 0.752805
-1.881525 0.000000 0.000000 0.000000 0.000000 -1.000000 0.310358 0.752805
-1.881525 -0.765431 -0.000000 0.000000 0.000000 -1.000000 0.351853 0.752805
-2.177712 -0.765431 -0.000000 0.000000 0.000000 -1.000000 0.351853 0.768862
-2.177712 0.765431 2.510466 -0.000000 1.000000 0.000000 0.268862 0.910819
-1.881525 0.765431 2.510466 -0.000000 1.000000 0.000000 0.252805 0.910819
-1.881525 0.765431 2.085466 -0.000000 1.000000 0.000000 0.252805 0.887779
-1.881525 0.765431 1.660465 -0.000000 1.000000 0.000000 0.252805 0.864739
-1.881525 0.765431 1.255233 -0.000000 1.000000 0.000000 0.252805 0.842770
-1.881525 0.765431 0.854241 -0.000000 1.000000 0.000000 0.252805 0.821031
-1.881525 0.765431 0.427121 -0.000000 1.000000 0.000000 0.252805 0.797876
-1.881525 0.765431 0.000000 -0.000000 1.000000 0.000000 0.252805 0.768862
-2.177712 0.765431 0.000000 -0.000000 1.000000 0.000000 0.268862 0.768862
-1.881525 0.020216 0.406905 -0.000000 1.000000 0.000000 0.397335 0.822633
-1.881525 0.020216 0.020216 -0.000000 1.000000 0.000000 0.418299 0.822633
-2.124092 0.020216 0.020216 -0.000000 1.000000 0.000000 0.418299 0.835783
-2.124092 0.020216 0.406905 -0.000000 1.000000 0.000000 0.397335 0.835783
-1.881525 0.745215 2.065250 -0.000000 0.000000 -1.000000 0.469324 0.953558
-1.881525 0.020216 2.065250 -0.000000 0.000000 -1.000000 0.469324 0.914254
-2.124092 0.020216 2.065250 -0.000000 0.000000 -1.000000 0.482474 0.914254
-2.124092 0.745215 2.065250 -0.000000 0.000000 -1.000000 0.482474 0.953558
-1.881525 0.020216 1.275449 0.000000 -0.000000 1.000000 0.251096 0.986850
-1.881525 0.745215 1.275449 0.000000 -0.000000 1.000000 0.290400 0.986850
-2.124092 0.745215 1.275449 0.000000 -0.000000 1.000000 0.290400 1.000000
-2.124092 0.020216 1.275449 0.000000 -0.000000 1.000000 0.251096 1.000000
-1.881525 0.745215 0.834025 -0.000000 0.000000 -1.000000 0.470308 0.909924
-1.881525 0.020216 0.834025 -0.000000 0.000000 -1.000000 0.470308 0.870620
-2.124092 0.020216 0.834025 -0.000000 0.000000 -1.000000 0.483458 0.870620
-2.124092 0.745215 0.834025 -0.000000 0.000000 -1.000000 0.483458 0.909924
-1.881525 0.020216 2.105682 -0.000000 0.000000 1.000000 0.483597 0.790508
-1.881525 0.745215 2.105682 -0.000000 0.000000 1.000000 0.483597 0.829812
-2.124092 0.745215 2.105682 -0.000000 0.000000 1.000000 0.470447 0.829812
-2.124092 0.020216 2.105682 -0.000000 0.000000 1.000000 0.470447 0.790508
-1.881525 0.745215 0.406905 -0.000000 0.000000 -1.000000 0.471257 0.790400
-1.881525 0.020216 0.406905 -0.000000 0.000000 -1.000000 0.471257 0.751096
-2.124092 0.020216 0.406905 -0.000000 0.000000 -1.000000 0.484407 0.751096
-2.124092 0.745215 0.406905 -0.000000 0.000000 -1.000000 0.484407 0.790400
-1.881525 0.745215 1.680681 0.000000 -1.000000 -0.000000 0.446875 0.751096
-1.881525 0.745215 2.065250 0.000000 -1.000000 -0.000000 0.467723 0.751096
-2.124092 0.745215 2.065250 0.000000 -1.000000 -0.000000 0.467723 0.764246
-2.124092 0.745215 1.680681 0.000000 -1.000000 -0.000000 0.446875 0.764246
-1.881525 0.745215 0.447336 -0.000000 -1.000000 -0.000000 0.393982 0.819280
-1.881525 0.745215 0.834025 -0.000000 -1.000000 -0.000000 0.373019 0.819280
-2.124092 0.745215 0.834025 -0.000000 -1.000000 -0.000000 0.373019 0.806130
-2.124092 0.745215 0.447336 -0.000000 -1.000000 -0.000000 0.393982 0.806130
-1.881525 0.020216 0.020216 0.000000 -0.000000 1.000000 0.498904 0.751096
-1.881525 0.745215 0.020216 0.000000 -0.000000 1.000000 0.498904 0.790400
-2.124092 0.745215 0.020216 0.000000 -0.000000 1.000000 0.485754 0.790400
-2.124092 0.020216 0.020216 0.000000 -0.000000 1.000000 0.485754 0.751096
-1.881525 0.020216 2.065250 -0.000000 1.000000 0.000000 0.467723 0.816700
-1.881525 0.020216 1.680681 -0.000000 1.000000 0.000000 0.446875 0.816700
-2.124092 0.020216 1.680681 -0.000000 1.000000 0.000000 0.446875 0.803550
-2.124092 0.020216 2.065250 -0.000000 1.000000 0.000000 0.467723 0.803550
-1.881525 0.020216 0.834025 -0.000000 1.000000 0.000000 0.373019 0.753676
-1.881525 0.020216 0.447336 -0.000000 1.000000 0.000000 0.393982 0.753676
-2.124092 0.020216 0.447336 -0.000000 1.000000 0.000000 0.393982 0.766826
-2.124092 0.020216 0.834025 -0.000000 1.000000 0.000000 0.373019 0.766826
-1.881525 0.765431 0.000000 1.000000 0.000000 0.000000 0.419395 0.889333
-1.881525 0.765431 0.427121 1.000000 0.000000 0.000000 0.396239 0.889333
-1.881525 0.745215 0.406905 1.000000 0.000000 0.000000 0.397335 0.888237
-1.881525 0.745215 0.020216 1.000000 0.000000 0.000000 0.418299 0.888237
-1.881525 0.765431 0.427121 1.000000 0.000000 -0.000000 0.470161 0.791496
-1.881525 -0.000000 0.427120 1.000000 0.000000 -0.000000 0.470161 0.750000
-1.881525 0.020216 0.406905 1.000000 0.000000 -0.000000 0.471257 0.751096
-1.881525 0.745215 0.406905 1.000000 0.000000 -0.000000 0.471257 0.790400
-1.881525 -0.000000 0.427120 1.000000 0.000000 0.000000 0.396239 0.821537
-1.881525 0.000000 0.000000 1.000000 0.000000 0.000000 0.419395 0.821537
-1.881525 0.020216 0.020216 1.000000 0.000000 0.000000 0.418299 0.822633
-1.881525 0.020216 0.406905 1.000000 0.000000 0.000000 0.397335 0.822633
-1.881525 0.000000 0.000000 1.000000 0.000000 0.000000 0.500000 0.750000
-1.881525 0.765431 0.000000 1.000000 0.000000 0.000000 0.500000 0.791496
-1.881525 0.745215 0.020216 1.000000 0.000000 0.000000 0.498904 0.790400
-1.881525 0.020216 0.020216 1.000000 0.000000 0.000000 0.498904 0.751096
-1.881525 0.000000 0.000000 1.000000 -0.000000 0.000000 0.397646 0.750119
-1.881525 -0.000000 0.427120 1.000000 -0.000000 0.000000 0.420801 0.750119
-1.881525 -0.020216 0.406905 1.000000 -0.000000 0.000000 0.419705 0.751215
-1.881525 -0.020216 0.020216 1.000000 -0.000000 0.000000 0.398742 0.751215
-1.881525 -0.000000 0.427120 1.000000 0.000000 -0.000000 0.407722 0.976539
-1.881525 -0.765431 0.427120 1.000000 0.000000 -0.000000 0.366227 0.976539
-1.881525 -0.745216 0.406904 1.000000 0.000000 -0.000000 0.367323 0.975443
-1.881525 -0.020216 0.406905 1.000000 0.000000 -0.000000 0.406627 0.975443
-1.881525 -0.765431 0.427120 1.000000 0.000000 0.000000 0.420801 0.817915
-1.881525 -0.765431 -0.000000 1.000000 0.000000 0.000000 0.397646 0.817915
-1.881525 -0.745215 0.020216 1.000000 0.000000 0.000000 0.398742 0.816819
-1.881525 -0.745216 0.406904 1.000000 0.000000 0.000000 0.419705 0.816819
-1.881525 -0.765431 -0.000000 1.000000 0.000000 -0.000000 0.375086 0.893994
-1.881525 0.000000 0.000000 1.000000 0.000000 -0.000000 0.416582 0.893994
-1.881525 -0.020216 0.020216 1.000000 0.000000 -0.000000 0.415486 0.895090
-1.881525 -0.745215 0.020216 1.000000 0.000000 -0.000000 0.376182 0.895090
-1.881525 -0.000000 1.255233 1.000000 0.000000 0.000000 0.250000 0.985754
-1.881525 0.765431 1.255233 1.000000 0.000000 0.000000 0.291496 0.985754
-1.881525 0.745215 1.275449 1.000000 0.000000 0.000000 0.290400 0.986850
-1.881525 0.020216 1.275449 1.000000 0.000000 0.000000 0.251096 0.986850
-1.881525 0.765431 1.255233 1.000000 -0.000000 0.000000 0.422120 0.818517
-1.881525 0.765431 1.660465 1.000000 -0.000000 0.000000 0.444088 0.818517
-1.881525 0.745215 1.640249 1.000000 -0.000000 0.000000 0.442992 0.819613
-1.881525 0.745215 1.275449 1.000000 -0.000000 0.000000 0.423216 0.819613
-1.881525 0.765431 1.660465 1.000000 0.000000 0.000000 0.283947 0.968337
-1.881525 -0.000000 1.660465 1.000000 0.000000 0.000000 0.325442 0.968337
-1.881525 0.020216 1.640249 1.000000 0.000000 0.000000 0.324346 0.969433
-1.881525 0.745215 1.640249 1.000000 0.000000 0.000000 0.285042 0.969433
-1.881525 -0.000000 1.660465 1.000000 0.000000 0.000000 0.444088 0.886313
-1.881525 -0.000000 1.255233 1.000000 0.000000 0.000000 0.422120 0.886313
-1.881525 0.020216 1.275449 1.000000 0.000000 0.000000 0.423216 0.885217
-1.881525 0.020216 1.640249 1.000000 0.000000 0.000000 0.442992 0.885217
-1.881525 -0.765432 1.255233 1.000000 0.000000 -0.000000 0.499881 0.870105
-1.881525 -0.000000 1.255233 1.000000 0.000000 -0.000000 0.499881 0.911601
-1.881525 -0.020216 1.275449 1.000000 0.000000 -0.000000 0.498785 0.910505
-1.881525 -0.745216 1.275449 1.000000 0.000000 -0.000000 0.498785 0.871201
-1.881525 -0.000000 1.255233 1.000000 -0.000000 0.000000 0.467440 0.886928
-1.881525 -0.000000 1.660465 1.000000 -0.000000 0.000000 0.445471 0.886928
-1.881525 -0.020216 1.640249 1.000000 -0.000000 0.000000 0.446567 0.885832
-1.881525 -0.020216 1.275449 1.000000 -0.000000 0.000000 0.466344 0.885832
-1.881525 -0.000000 1.660465 1.000000 0.000000 0.000000 0.483919 0.829316
-1.881525 -0.765432 1.660465 1.000000 0.000000 0.000000 0.483919 0.870811
-1.881525 -0.745216 1.640249 1.000000 0.000000 0.000000 0.482823 0.869715
-1.881525 -0.020216 1.640249 1.000000 0.000000 0.000000 0.482823 0.830411
-1.881525 -0.765432 1.660465 1.000000 0.000000 0.000000 0.445471 0.819132
-1.881525 -0.765432 1.255233 1.000000 0.000000 0.000000 0.467440 0.819132
-1.881525 -0.745216 1.275449 1.000000 0.000000 0.000000 0.466344 0.820228
-1.881525 -0.745216 1.640249 1.000000 0.000000 0.000000 0.446567 0.820228
-1.881525 -0.765432 1.660465 1.000000 0.000000 -0.000000 0.289201 0.953122
-1.881525 -0.000000 1.660465 1.000000 0.000000 -0.000000 0.330697 0.953122
-1.881525 -0.020216 1.680681 1.000000 0.000000 -0.000000 0.329601 0.954218
-1.881525 -0.745216 1.680681 1.000000 0.000000 -0.000000 0.290297 0.954218
-1.881525 -0.000000 1.660465 1.000000 0.000000 0.000000 0.372961 0.818824
-1.881525 -0.000000 2.085466 1.000000 0.000000 0.000000 0.396001 0.818825
-1.881525 -0.020216 2.065250 1.000000 0.000000 0.000000 0.394905 0.819920
-1.881525 -0.020216 1.680681 1.000000 0.000000 0.000000 0.374057 0.819920
-1.881525 -0.000000 2.085466 1.000000 0.000000 0.000000 0.329484 0.983190
-1.881525 -0.765432 2.085466 1.000000 0.000000 0.000000 0.370980 0.983190
-1.881525 -0.745216 2.065250 1.000000 0.000000 0.000000 0.369884 0.984286
-1.881525 -0.020216 2.065250 1.000000 0.000000 0.000000 0.330580 0.984286
-1.881525 -0.765432 2.085466 1.000000 0.000000 0.000000 0.396001 0.886620
-1.881525 -0.765432 1.660465 1.000000 0.000000 0.000000 0.372961 0.886620
-1.881525 -0.745216 1.680681 1.000000 0.000000 0.000000 0.374057 0.885524
-1.881525 -0.745216 2.065250 1.000000 0.000000 0.000000 0.394905 0.885524
-1.881525 -0.000000 1.660465 1.000000 0.000000 0.000003 0.265140 0.910625
-1.881525 0.765431 1.660465 1.000000 0.000000 0.000003 0.265140 0.952121
-1.881525 0.745215 1.680681 1.000000 0.000000 0.000003 0.264045 0.951025
-1.881525 0.020216 1.680681 1.000000 0.000000 0.000003 0.264045 0.911721
-1.881525 0.765431 1.660465 1.000000 -0.000000 0.000000 0.445779 0.750000
-1.881525 0.765431 2.085466 1.000000 -0.000000 0.000000 0.468819 0.750000
-1.881525 0.745215 2.065250 1.000000 -0.000000 0.000000 0.467723 0.751096
-1.881525 0.745215 1.680681 1.000000 -0.000000 0.000000 0.446875 0.751096
-1.881525 0.765431 2.085466 1.000000 0.000000 -0.000000 0.468228 0.954654
-1.881525 -0.000000 2.085466 1.000000 0.000000 -0.000000 0.468228 0.913158
-1.881525 0.020216 2.065250 1.000000 0.000000 -0.000000 0.469324 0.914254
-1.881525 0.745215 2.065250 1.000000 0.000000 -0.000000 0.469324 0.953558
-1.881525 -0.000000 2.085466 1.000000 0.000003 0.000000 0.468819 0.817796
-1.881525 -0.000000 1.660465 1.000000 0.000003 0.000000 0.445779 0.817796
-1.881525 0.020216 1.680681 1.000000 0.000003 0.000000 0.446875 0.816700
-1.881525 0.020216 2.065250 1.000000 0.000003 0.000000 0.467723 0.816700
-1.881525 -0.765432 2.085466 1.000000 0.000000 -0.000000 0.464197 0.885090
-1.881525 -0.000000 2.085466 1.000000 0.000000 -0.000000 0.464197 0.926585
-1.881525 -0.020216 2.105682 1.000000 0.000000 -0.000000 0.463101 0.925490
-1.881525 -0.745216 2.105681 1.000000 0.000000 -0.000000 0.463102 0.886186
-1.881525 -0.000000 2.085466 1.000000 -0.000000 0.000000 0.355084 0.934199
-1.881525 -0.000000 2.510466 1.000000 -0.000000 0.000000 0.355084 0.911158
-1.881525 -0.020216 2.490250 1.000000 -0.000000 0.000000 0.356180 0.912254
-1.881525 -0.020216 2.105682 1.000000 -0.000000 0.000000 0.356180 0.933103
-1.881525 -0.000000 2.510466 1.000000 0.000000 0.000000 0.495589 0.953979
-1.881525 -0.765432 2.510466 1.000000 0.000000 0.000000 0.495589 0.995475
-1.881525 -0.745216 2.490250 1.000000 0.000000 0.000000 0.494493 0.994379
-1.881525 -0.020216 2.490250 1.000000 0.000000 0.000000 0.494493 0.955075
-1.881525 -0.765432 2.510466 1.000000 0.000000 0.000000 0.422880 0.911158
-1.881525 -0.765432 2.085466 1.000000 0.000000 0.000000 0.422880 0.934199
-1.881525 -0.745216 2.105681 1.000000 0.000000 0.000000 0.421784 0.933103
-1.881525 -0.745216 2.490250 1.000000 0.000000 0.000000 0.421784 0.912254
-1.881525 -0.000000 2.085466 1.000000 0.000000 0.000000 0.484693 0.789412
-1.881525 0.765431 2.085466 1.000000 0.000000 0.000000 0.484693 0.830908
-1.881525 0.745215 2.105682 1.000000 0.000000 0.000000 0.483597 0.829812
-1.881525 0.020216 2.105682 1.000000 0.000000 0.000000 0.483597 0.790508
-1.881525 0.765431 2.085466 1.000000 0.000000 0.000000 0.448501 0.955830
-1.881525 0.765431 2.510466 1.000000 0.000000 0.000000 0.425461 0.955830
-1.881525 0.745215 2.490251 1.000000 0.000000 0.000000 0.426557 0.954734
-1.881525 0.745215 2.105682 1.000000 0.000000 0.000000 0.447406 0.954734
-1.881525 0.765431 2.510466 1.000000 0.000000 0.000000 0.484607 0.871422
-1.881525 -0.000000 2.510466 1.000000 0.000000 0.000000 0.484607 0.829926
-1.881525 0.020216 2.490250 1.000000 0.000000 0.000000 0.485703 0.831022
-1.881525 0.745215 2.490251 1.000000 0.000000 0.000000 0.485703 0.870326
-1.881525 -0.000000 2.510466 1.000000 0.000000 0.000000 0.425461 0.888034
-1.881525 -0.000000 2.085466 1.000000 0.000000 0.000000 0.448501 0.888034
-1.881525 0.020216 2.105682 1.000000 0.000000 0.000000 0.447406 0.889130
-1.881525 0.020216 2.490250 1.000000 0.000000 0.000000 0.426557 0.889130
-1.881525 -0.000000 0.854241 1.000000 0.000000 0.000000 0.406884 0.958914
-1.881525 0.765431 0.854241 1.000000 0.000000 0.000000 0.448380 0.958914
-1.881525 0.745215 0.874457 1.000000 0.000000 0.000000 0.447284 0.960010
-1.881525 0.020216 0.874457 1.000000 0.000000 0.000000 0.407980 0.960010
-1.881525 0.765431 0.854241 1.000000 -0.000000 0.000000 0.345137 0.957046
-1.881525 0.765431 1.255233 1.000000 -0.000000 0.000000 0.345137 0.935307
-1.881525 0.745215 1.235017 1.000000 -0.000000 0.000000 0.346233 0.936403
-1.881525 0.745215 0.874457 1.000000 -0.000000 0.000000 0.346233 0.955950
-1.881525 0.765431 1.255233 1.000000 0.000000 0.000000 0.436529 0.976761
-1.881525 -0.000000 1.255233 1.000000 0.000000 0.000000 0.478025 0.976761
-1.881525 0.020216 1.235017 1.000000 0.000000 0.000000 0.476929 0.977857
-1.881525 0.745215 1.235017 1.000000 0.000000 0.000000 0.437625 0.977857
-1.881525 -0.000000 1.255233 1.000000 0.000000 0.000000 0.412933 0.935307
-1.881525 -0.000000 0.854241 1.000000 0.000000 0.000000 0.412933 0.957046
-1.881525 0.020216 0.874457 1.000000 0.000000 0.000000 0.411837 0.955950
-1.881525 0.020216 1.235017 1.000000 0.000000 0.000000 0.411837 0.936403
-1.881525 -0.765432 0.854241 1.000000 0.000000 -0.000000 0.500000 0.788931
-1.881525 -0.000000 0.854241 1.000000 0.000000 -0.000000 0.500000 0.830427
-1.881525 -0.020216 0.874457 1.000000 0.000000 -0.000000 0.498904 0.829331
-1.881525 -0.745216 0.874457 1.000000 0.000000 -0.000000 0.498904 0.790027
-1.881525 -0.000000 0.854241 1.000000 -0.000000 0.000000 0.272423 0.950471
-1.881525 -0.000000 1.255233 1.000000 -0.000000 0.000000 0.272424 0.928732
-1.881525 -0.020216 1.235017 1.000000 -0.000000 0.000000 0.273519 0.929828
-1.881525 -0.020216 0.874457 1.000000 -0.000000 0.000000 0.273519 0.949375
-1.881525 -0.000000 1.255233 1.000000 0.000000 0.000000 0.366487 0.983450
-1.881525 -0.765432 1.255233 1.000000 0.000000 0.000000 0.324992 0.983450
-1.881525 -0.745216 1.235017 1.000000 0.000000 0.000000 0.326087 0.982354
-1.881525 -0.020216 1.235017 1.000000 0.000000 0.000000 0.365391 0.982354
-1.881525 -0.765432 1.255233 1.000000 0.000000 0.000000 0.340219 0.928732
-1.881525 -0.765432 0.854241 1.000000 0.000000 0.000000 0.340219 0.950471
-1.881525 -0.745216 0.874457 1.000000 0.000000 0.000000 0.339123 0.949375
-1.881525 -0.745216 1.235017 1.000000 0.000000 0.000000 0.339123 0.929828
-1.881525 -0.000000 0.427120 1.000000 0.000000 0.000000 0.250000 0.953419
-1.881525 0.765431 0.427121 1.000000 0.000000 0.000000 0.291496 0.953419
-1.881525 0.745215 0.447336 1.000000 0.000000 0.000000 0.290400 0.954515
-1.881525 0.020216 0.447336 1.000000 0.000000 0.000000 0.251096 0.954515
-1.881525 0.765431 0.427121 1.000000 -0.000000 0.000000 0.395078 0.820376
-1.881525 0.765431 0.854241 1.000000 -0.000000 0.000000 0.371923 0.820376
-1.881525 0.745215 0.834025 1.000000 -0.000000 0.000000 0.373019 0.819280
-1.881525 0.745215 0.447336 1.000000 -0.000000 0.000000 0.393982 0.819280
-1.881525 0.765431 0.854241 1.000000 0.000000 -0.000000 0.469212 0.911020
-1.881525 -0.000000 0.854241 1.000000 0.000000 -0.000000 0.469212 0.869524
-1.881525 0.020216 0.834025 1.000000 0.000000 -0.000000 0.470308 0.870620
-1.881525 0.745215 0.834025 1.000000 0.000000 -0.000000 0.470308 0.909924
-1.881525 -0.000000 0.854241 1.000000 0.000000 0.000000 0.371923 0.752580
-1.881525 -0.000000 0.427120 1.000000 0.000000 0.000000 0.395078 0.752580
-1.881525 0.020216 0.447336 1.000000 0.000000 0.000000 0.393982 0.753676
-1.881525 0.020216 0.834025 1.000000 0.000000 0.000000 0.373019 0.753676
-1.881525 -0.765431 0.427120 1.000000 0.000000 0.000000 0.466454 0.924629
-1.881525 -0.000000 0.427120 1.000000 0.000000 0.000000 0.466454 0.966124
-1.881525 -0.020216 0.447336 1.000000 0.000000 0.000000 0.465358 0.965028
-1.881525 -0.745216 0.447336 1.000000 0.000000 0.000000 0.465359 0.925725
-1.881525 -0.000000 0.427120 1.000000 0.000003 0.000000 0.422104 0.750000
-1.881525 -0.000000 0.854241 1.000000 0.000003 0.000000 0.445259 0.750000
-1.881525 -0.020216 0.834025 1.000000 0.000003 0.000000 0.444163 0.751096
-1.881525 -0.020216 0.447336 1.000000 0.000003 0.000000 0.423200 0.751096
-1.881525 -0.000000 0.854241 1.000000 0.000000 0.000003 0.411492 0.996433
-1.881525 -0.765432 0.854241 1.000000 0.000000 0.000003 0.369996 0.996433
-1.881525 -0.745216 0.834025 1.000000 0.000000 0.000003 0.371092 0.995337
-1.881525 -0.020216 0.834025 1.000000 0.000000 0.000003 0.410396 0.995337
-1.881525 -0.765432 0.854241 1.000000 0.000000 0.000000 0.445259 0.817796
-1.881525 -0.765431 0.427120 1.000000 0.000000 0.000000 0.422104 0.817796
-1.881525 -0.745216 0.447336 1.000000 0.000000 0.000000 0.423200 0.816700
-1.881525 -0.745216 0.834025 1.000000 0.000000 0.000000 0.444163 0.816700
-2.124092 0.745215 0.020216 1.000000 -0.000000 0.000000 0.418299 0.875087
-2.124092 0.745215 0.406905 1.000000 -0.000000 0.000000 0.397335 0.875087
-2.124092 0.020216 0.406905 1.000000 -0.000000 0.000000 0.397335 0.835783
-2.124092 0.020216 0.020216 1.000000 -0.000000 0.000000 0.418299 0.835783
-2.124092 -0.020216 0.020216 1.000000 -0.000000 0.000000 0.398742 0.764365
-2.124092 -0.020216 0.406905 1.000000 -0.000000 0.000000 0.419705 0.764365
-2.124092 -0.745216 0.406905 1.000000 -0.000000 0.000000 0.419705 0.803669
-2.124092 -0.745215 0.020216 1.000000 -0.000000 0.000000 0.398742 0.803669
-2.124092 0.020216 1.275449 1.000000 0.000000 0.000000 0.423216 0.872067
-2.124092 0.745215 1.275449 1.000000 0.000000 0.000000 0.423216 0.832763
-2.124092 0.745215 1.640249 1.000000 0.000000 0.000000 0.442992 0.832763
-2.124092 0.020216 1.640249 1.000000 0.000000 0.000000 0.442992 0.872067
-2.124092 -0.745216 1.275449 1.000000 0.000000 0.000000 0.466344 0.833378
-2.124092 -0.020216 1.275449 1.000000 0.000000 0.000000 0.466344 0.872682
-2.124092 -0.020216 1.640249 1.000000 0.000000 0.000000 0.446567 0.872682
-2.124092 -0.745216 1.640249 1.000000 0.000000 0.000000 0.446567 0.833378
-2.124092 -0.745216 1.680681 1.000000 0.000000 0.000000 0.374057 0.872374
-2.124092 -0.020216 1.680681 1.000000 0.000000 0.000000 0.374057 0.833071
-2.124092 -0.020216 2.065250 1.000000 0.000000 0.000000 0.394905 0.833071
-2.124092 -0.745216 2.065250 1.000000 0.000000 0.000000 0.394905 0.872374
-2.124092 0.020216 1.680681 1.000000 0.000000 0.000000 0.446875 0.803550
-2.124092 0.745215 1.680681 1.000000 0.000000 0.000000 0.446875 0.764246
-2.124092 0.745215 2.065250 1.000000 0.000000 0.000000 0.467723 0.764246
-2.124092 0.020216 2.065250 1.000000 0.000000 0.000000 0.467723 0.803550
-2.124092 -0.745216 2.105681 1.000000 0.000000 0.000000 0.408634 0.933103
-2.124092 -0.020216 2.105682 1.000000 0.000000 0.000000 0.369330 0.933103
-2.124092 -0.020216 2.490250 1.000000 0.000000 0.000000 0.369330 0.912254
-2.124092 -0.745216 2.490250 1.000000 0.000000 0.000000 0.408634 0.912254
-2.124092 0.020216 2.105682 1.000000 0.000000 0.000000 0.447406 0.902280
-2.124092 0.745215 2.105682 1.000000 0.000000 0.000000 0.447406 0.941584
-2.124092 0.745215 2.490251 1.000000 0.000000 0.000000 0.426557 0.941584
-2.124092 0.020216 2.490250 1.000000 0.000000 0.000000 0.426557 0.902280
-2.124092 0.020216 0.874457 1.000000 0.000000 0.000000 0.398687 0.955950
-2.124092 0.745215 0.874457 1.000000 0.000000 0.000000 0.359383 0.955950
-2.124092 0.745215 1.235017 1.000000 0.000000 0.000000 0.359383 0.936403
-2.124092 0.020216 1.235017 1.000000 0.000000 0.000000 0.398687 0.936403
-2.124092 -0.745216 0.874457 1.000000 0.000000 0.000000 0.325973 0.949375
-2.124092 -0.020216 0.874457 1.000000 0.000000 0.000000 0.286670 0.949375
-2.124092 -0.020216 1.235017 1.000000 0.000000 0.000000 0.286670 0.929828
-2.124092 -0.745216 1.235017 1.000000 0.000000 0.000000 0.325973 0.929828
-2.124092 0.020216 0.447336 1.000000 0.000000 0.000000 0.393982 0.766826
-2.124092 0.745215 0.447336 1.000000 0.000000 0.000000 0.393982 0.806130
-2.124092 0.745215 0.834025 1.000000 0.000000 0.000000 0.373019 0.806130
-2.124092 0.020216 0.834025 1.000000 0.000000 0.000000 0.373019 0.766826
-2.124092 -0.745216 0.447336 1.000000 0.000000 0.000000 0.423200 0.803550
-2.124092 -0.020216 0.447336 1.000000 0.000000 0.000000 0.423200 0.764246
-2.124092 -0.020216 0.834025 1.000000 0.000000 0.000000 0.444163 0.764246
-2.124092 -0.745216 0.834025 1.000000 0.000000 0.000000 0.444163 0.803550
-1.881525 0.020216 1.640249 -0.000000 1.000000 0.000000 0.442992 0.885217
-1.881525 0.020216 1.275449 -0.000000 1.000000 0.000000 0.423216 0.885217
-2.124092 0.020216 1.275449 -0.000000 1.000000 0.000000 0.423216 0.872067
-2.124092 0.020216 1.640249 -0.000000 1.000000 0.000000 0.442992 0.872067
-1.881525 0.745215 2.105682 0.000000 -1.000000 -0.000000 0.447406 0.954734
-1.881525 0.745215 2.490251 0.000000 -1.000000 -0.000000 0.426557 0.954734
-2.124092 0.745215 2.490251 0.000000 -1.000000 -0.000000 0.426557 0.941584
-2.124092 0.745215 2.105682 0.000000 -1.000000 -0.000000 0.447406 0.941584
-1.881525 0.745215 1.275449 0.000000 -1.000000 -0.000000 0.423216 0.819613
-1.881525 0.745215 1.640249 0.000000 -1.000000 -0.000000 0.442992 0.819613
-2.124092 0.745215 1.640249 0.000000 -1.000000 -0.000000 0.442992 0.832763
-2.124092 0.745215 1.275449 0.000000 -1.000000 -0.000000 0.423216 0.832763
-1.881525 -0.745216 0.874457 0.000000 -0.000000 1.000000 0.498904 0.790027
-1.881525 -0.020216 0.874457 0.000000 -0.000000 1.000000 0.498904 0.829331
-2.124092 -0.020216 0.874457 0.000000 -0.000000 1.000000 0.485754 0.829331
-2.124092 -0.745216 0.874457 0.000000 -0.000000 1.000000 0.485754 0.790027
-1.881525 -0.745216 1.680681 0.000000 -0.000000 1.000000 0.290297 0.954218
-1.881525 -0.020216 1.680681 0.000000 -0.000000 1.000000 0.329601 0.954218
-2.124092 -0.020216 1.680681 0.000000 -0.000000 1.000000 0.329601 0.967368
-2.124092 -0.745216 1.680681 0.000000 -0.000000 1.000000 0.290297 0.967368
-1.881525 0.745215 2.490251 -0.000000 0.000000 -1.000000 0.485703 0.870326
-1.881525 0.020216 2.490250 -0.000000 0.000000 -1.000000 0.485703 0.831022
-2.124092 0.020216 2.490250 -0.000000 0.000000 -1.000000 0.498853 0.831022
-2.124092 0.745215 2.490251 -0.000000 0.000000 -1.000000 0.498853 0.870326
-1.881525 0.745215 1.640249 -0.000000 0.000000 -1.000000 0.285042 0.969433
-1.881525 0.020216 1.640249 -0.000000 0.000000 -1.000000 0.324346 0.969433
-2.124092 0.020216 1.640249 -0.000000 0.000000 -1.000000 0.324346 0.982583
-2.124092 0.745215 1.640249 -0.000000 0.000000 -1.000000 0.285042 0.982583
-1.881525 -0.745216 1.235017 0.000000 1.000000 0.000000 0.339123 0.929828
-1.881525 -0.745216 0.874457 0.000000 1.000000 0.000000 0.339123 0.949375
-2.124092 -0.745216 0.874457 0.000000 1.000000 0.000000 0.325973 0.949375
-2.124092 -0.745216 1.235017 0.000000 1.000000 0.000000 0.325973 0.929828
-1.881525 -0.745216 2.065250 0.000000 1.000000 0.000000 0.394905 0.885524
-1.881525 -0.745216 1.680681 0.000000 1.000000 0.000000 0.374057 0.885524
-2.124092 -0.745216 1.680681 0.000000 1.000000 0.000000 0.374057 0.872374
-2.124092 -0.745216 2.065250 0.000000 1.000000 0.000000 0.394905 0.872374
-1.881525 -0.020216 0.874457 0.000000 -1.000000 -0.000000 0.273519 0.949375
-1.881525 -0.020216 1.235017 0.000000 -1.000000 -0.000000 0.273519 0.929828
-2.124092 -0.020216 1.235017 0.000000 -1.000000 -0.000000 0.286670 0.929828
-2.124092 -0.020216 0.874457 0.000000 -1.000000 -0.000000 0.286670 0.949375
-1.881525 -0.020216 1.680681 0.000000 -1.000000 -0.000000 0.374057 0.819920
-1.881525 -0.020216 2.065250 0.000000 -1.000000 -0.000000 0.394905 0.819920
-2.124092 -0.020216 2.065250 0.000000 -1.000000 -0.000000 0.394905 0.833071
-2.124092 -0.020216 1.680681 0.000000 -1.000000 -0.000000 0.374057 0.833071
-1.881525 -0.745216 0.447336 0.000000 -0.000000 1.000000 0.465359 0.925725
-1.881525 -0.020216 0.447336 0.000000 -0.000000 1.000000 0.465358 0.965028
-2.124092 -0.020216 0.447336 0.000000 -0.000000 1.000000 0.452208 0.965028
-2.124092 -0.745216 0.447336 0.000000 -0.000000 1.000000 0.452208 0.925724
-1.881525 -0.745216 2.105681 0.000000 -0.000000 1.000000 0.463102 0.886186
-1.881525 -0.020216 2.105682 0.000000 -0.000000 1.000000 0.463101 0.925490
-2.124092 -0.020216 2.105682 0.000000 -0.000000 1.000000 0.449951 0.925490
-2.124092 -0.745216 2.105681 0.000000 -0.000000 1.000000 0.449951 0.886186
-1.881525 -0.020216 1.235017 -0.000000 0.000000 -1.000000 0.365391 0.982354
-1.881525 -0.745216 1.235017 -0.000000 0.000000 -1.000000 0.326087 0.982354
-2.124092 -0.745216 1.235017 -0.000000 0.000000 -1.000000 0.326088 0.969204
-2.124092 -0.020216 1.235017 -0.000000 0.000000 -1.000000 0.365391 0.969204
-1.881525 -0.020216 0.020216 0.000000 -1.000000 -0.000000 0.398742 0.751215
-1.881525 -0.020216 0.406905 0.000000 -1.000000 -0.000000 0.419705 0.751215
-2.124092 -0.020216 0.406905 0.000000 -1.000000 -0.000000 0.419705 0.764365
-2.124092 -0.020216 0.020216 0.000000 -1.000000 -0.000000 0.398742 0.764365
-1.881525 -0.020216 2.065250 0.000000 0.000000 -1.000000 0.330580 0.984286
-1.881525 -0.745216 2.065250 0.000000 0.000000 -1.000000 0.369884 0.984286
-2.124092 -0.745216 2.065250 0.000000 0.000000 -1.000000 0.369884 0.997436
-2.124092 -0.020216 2.065250 0.000000 0.000000 -1.000000 0.330580 0.997436
-1.881525 -0.745216 0.834025 0.000000 1.000000 0.000000 0.444163 0.816700
-1.881525 -0.745216 0.447336 0.000000 1.000000 0.000000 0.423200 0.816700
-2.124092 -0.745216 0.447336 0.000000 1.000000 0.000000 0.423200 0.803550
-2.124092 -0.745216 0.834025 0.000000 1.000000 0.000000 0.444163 0.803550
-1.881525 -0.745216 2.490250 0.000000 1.000000 0.000000 0.421784 0.912254
-1.881525 -0.745216 2.105681 0.000000 1.000000 0.000000 0.421784 0.933103
-2.124092 -0.745216 2.105681 0.000000 1.000000 0.000000 0.408634 0.933103
-2.124092 -0.745216 2.490250 0.000000 1.000000 0.000000 0.408634 0.912254
-1.881525 -0.745215 0.020216 0.000000 -0.000000 1.000000 0.376182 0.895090
-1.881525 -0.020216 0.020216 0.000000 -0.000000 1.000000 0.415486 0.895090
-2.124092 -0.020216 0.020216 0.000000 -0.000000 1.000000 0.415486 0.908240
-2.124092 -0.745215 0.020216 0.000000 -0.000000 1.000000 0.376182 0.908240
-1.881525 -0.020216 0.447336 0.000000 -1.000000 -0.000000 0.423200 0.751096
-1.881525 -0.020216 0.834025 0.000000 -1.000000 -0.000000 0.444163 0.751096
-2.124092 -0.020216 0.834025 0.000000 -1.000000 -0.000000 0.444163 0.764246
-2.124092 -0.020216 0.447336 0.000000 -1.000000 -0.000000 0.423200 0.764246
-1.881525 -0.020216 2.105682 0.000000 -1.000000 -0.000000 0.356180 0.933103
-1.881525 -0.020216 2.490250 0.000000 -1.000000 -0.000000 0.356180 0.912254
-2.124092 -0.020216 2.490250 0.000000 -1.000000 -0.000000 0.369330 0.912254
-2.124092 -0.020216 2.105682 0.000000 -1.000000 -0.000000 0.369330 0.933103
-1.881525 -0.020216 0.406905 -0.000000 0.000000 -1.000000 0.406627 0.975443
-1.881525 -0.745216 0.406904 -0.000000 0.000000 -1.000000 0.367323 0.975443
-2.124092 -0.745216 0.406905 -0.000000 0.000000 -1.000000 0.367323 0.962293
-2.124092 -0.020216 0.406905 -0.000000 0.000000 -1.000000 0.406627 0.962293
-1.881525 0.020216 0.874457 0.000000 -0.000000 1.000000 0.407980 0.960010
-1.881525 0.745215 0.874457 0.000000 -0.000000 1.000000 0.447284 0.960010
-2.124092 0.745215 0.874457 0.000000 -0.000000 1.000000 0.447284 0.973160
-2.124092 0.020216 0.874457 0.000000 -0.000000 1.000000 0.407980 0.973160
-1.881525 -0.020216 0.834025 -0.000000 0.000000 -1.000000 0.410396 0.995337
-1.881525 -0.745216 0.834025 -0.000000 0.000000 -1.000000 0.371092 0.995337
-2.124092 -0.745216 0.834025 -0.000000 0.000000 -1.000000 0.371092 0.982187
-2.124092 -0.020216 0.834025 -0.000000 0.000000 -1.000000 0.410396 0.982187
-1.881525 -0.745216 1.275449 -0.000000 -0.000000 1.000000 0.498785 0.871201
-1.881525 -0.020216 1.275449 -0.000000 -0.000000 1.000000 0.498785 0.910505
-2.124092 -0.020216 1.275449 -0.000000 -0.000000 1.000000 0.485635 0.910505
-2.124092 -0.745216 1.275449 -0.000000 -0.000000 1.000000 0.485635 0.871201
-1.881525 -0.020216 2.490250 0.000000 0.000000 -1.000000 0.494493 0.955075
-1.881525 -0.745216 2.490250 0.000000 0.000000 -1.000000 0.494493 0.994379
-2.124092 -0.745216 2.490250 0.000000 0.000000 -1.000000 0.481343 0.994379
-2.124092 -0.020216 2.490250 0.000000 0.000000 -1.000000 0.481343 0.955075
-1.881525 -0.745216 0.406904 0.000000 1.000000 0.000000 0.419705 0.816819
-1.881525 -0.745215 0.020216 0.000000 1.000000 0.000000 0.398742 0.816819
-2.124092 -0.745215 0.020216 0.000000 1.000000 0.000000 0.398742 0.803669
-2.124092 -0.745216 0.406905 0.000000 1.000000 0.000000 0.419705 0.803669
-1.881525 0.020216 1.235017 -0.000000 1.000000 0.000000 0.411837 0.936403
-1.881525 0.020216 0.874457 -0.000000 1.000000 0.000000 0.411837 0.955950
-2.124092 0.020216 0.874457 -0.000000 1.000000 0.000000 0.398687 0.955950
-2.124092 0.020216 1.235017 -0.000000 1.000000 0.000000 0.398687 0.936403
-1.881525 -0.745216 1.640249 -0.000000 1.000000 0.000000 0.446567 0.820228
-1.881525 -0.745216 1.275449 -0.000000 1.000000 0.000000 0.466344 0.820228
-2.124092 -0.745216 1.275449 -0.000000 1.000000 0.000000 0.466344 0.833378
-2.124092 -0.745216 1.640249 -0.000000 1.000000 0.000000 0.446567 0.833378
-1.881525 0.745215 0.874457 0.000000 -1.000000 -0.000000 0.346233 0.955950
-1.881525 0.745215 1.235017 0.000000 -1.000000 -0.000000 0.346233 0.936403
-2.124092 0.745215 1.235017 0.000000 -1.000000 -0.000000 0.359383 0.936403
-2.124092 0.745215 0.874457 0.000000 -1.000000 -0.000000 0.359383 0.955950
-1.881525 -0.020216 1.275449 0.000000 -1.000000 -0.000000 0.466344 0.885832
-1.881525 -0.020216 1.640249 0.000000 -1.000000 -0.000000 0.446567 0.885832
-2.124092 -0.020216 1.640249 0.000000 -1.000000 -0.000000 0.446567 0.872682
-2.124092 -0.020216 1.275449 0.000000 -1.000000 -0.000000 0.466344 0.872682
-1.881525 0.020216 0.447336 0.000000 -0.000000 1.000000 0.251096 0.954515
-1.881525 0.745215 0.447336 0.000000 -0.000000 1.000000 0.290400 0.954515
-2.124092 0.745215 0.447336 0.000000 -0.000000 1.000000 0.290400 0.967665
-2.124092 0.020216 0.447336 0.000000 -0.000000 1.000000 0.251096 0.967665
-1.881525 0.020216 1.680681 -0.000000 0.000000 1.000000 0.264045 0.911721
-1.881525 0.745215 1.680681 -0.000000 0.000000 1.000000 0.264045 0.951025
-2.124092 0.745215 1.680681 -0.000000 0.000000 1.000000 0.250894 0.951025
-2.124092 0.020216 1.680681 -0.000000 0.000000 1.000000 0.250894 0.911721
-1.881525 0.745215 1.235017 -0.000000 0.000000 -1.000000 0.437625 0.977857
-1.881525 0.020216 1.235017 -0.000000 0.000000 -1.000000 0.476929 0.977857
-2.124092 0.020216 1.235017 -0.000000 0.000000 -1.000000 0.476929 0.991007
-2.124092 0.745215 1.235017 -0.000000 0.000000 -1.000000 0.437625 0.991007
-1.881525 0.745215 0.020216 -0.000000 -1.000000 -0.000000 0.418299 0.888237
-1.881525 0.745215 0.406905 -0.000000 -1.000000 -0.000000 0.397335 0.888237
-2.124092 0.745215 0.406905 -0.000000 -1.000000 -0.000000 0.397335 0.875087
-2.124092 0.745215 0.020216 -0.000000 -1.000000 -0.000000 0.418299 0.875087
-1.881525 -0.020216 1.640249 -0.000000 0.000000 -1.000000 0.482823 0.830411
-1.881525 -0.745216 1.640249 -0.000000 0.000000 -1.000000 0.482823 0.869715
-2.124092 -0.745216 1.640249 -0.000000 0.000000 -1.000000 0.469672 0.869715
-2.124092 -0.020216 1.640249 -0.000000 0.000000 -1.000000 0.469673 0.830411
-0.283486 -1.617988 1.296000 -0.273415 -0.961882 0.000000 0.048369 0.500014
-0.294481 -1.614863 1.296000 -0.475875 -0.879482 0.000000 0.048988 0.500031
-0.294481 -1.614863 -0.004000 -0.475875 -0.879482 0.000000 0.048988 0.614558
-0.283486 -1.617988 -0.004000 -0.273415 -0.961882 0.000000 0.048369 0.614541
-0.295237 -1.614206 1.296000 -0.822657 -0.568499 0.000000 0.049607 0.500065
-0.295237 -1.614206 -0.004000 -0.822657 -0.568499 0.000000 0.049607 0.614592
-0.295503 -1.613487 1.296000 -0.983764 -0.179357 0.000000 0.050226 0.500098
-0.295503 -1.613487 -0.004000 -0.983764 -0.179357 0.000000 0.050226 0.614625
-0.295514 -1.611876 1.296000 -0.999969 0.004395 0.000000 0.050845 0.500131
-0.295514 -1.611876 -0.004000 -0.999969 0.004395 0.000000 0.050845 0.614658
-0.294800 -1.567175 1.296000 -0.992981 0.118076 0.000000 0.052065 0.500131
-0.294800 -1.567175 -0.004000 -0.992981 0.118076 0.000000 0.052065 0.614658
-0.294230 -1.564635 1.296000 -0.897092 0.441786 0.000000 0.052684 0.500162
-0.294230 -1.564635 -0.004000 -0.897092 0.441786 0.000000 0.052684 0.614689
-0.293482 -1.563737 1.296000 -0.416578 0.909085 0.000000 0.053303 0.500195
-0.293482 -1.563737 -0.004000 -0.416578 0.909085 0.000000 0.053303 0.614722
-0.291448 -1.563771 1.296000 0.013031 0.999908 0.000000 0.053922 0.500226
-0.291448 -1.563771 -0.004000 0.013031 0.999908 0.000000 0.053922 0.614753
-0.291448 -1.563771 1.296000 0.013031 0.999908 0.000000 0.053796 0.500226
-0.224988 -1.564379 1.296000 0.013062 0.999908 0.000000 0.059811 0.500226
-0.224988 -1.564379 -0.004000 0.013062 0.999908 0.000000 0.059811 0.614754
-0.291448 -1.563771 -0.004000 0.013031 0.999908 0.000000 0.053796 0.614753
-0.224988 -1.564379 1.296000 0.013062 0.999908 0.000000 0.059970 0.500226
-0.222964 -1.564413 1.296000 0.446089 0.894955 0.000000 0.060492 0.500258
-0.222964 -1.564413 -0.004000 0.446089 0.894955 0.000000 0.060492 0.614785
-0.224988 -1.564379 -0.004000 0.013062 0.999908 0.000000 0.059970 0.614754
-0.222193 -1.565400 1.296000 0.900296 0.435224 0.000000 0.061013 0.500291
-0.222193 -1.565400 -0.004000 0.900296 0.435224 0.000000 0.061013 0.614818
-0.221543 -1.568087 1.296000 0.990265 0.138981 0.000000 0.061535 0.500322
-0.221543 -1.568087 -0.004000 0.990265 0.138981 0.000000 0.061535 0.614849
-0.219556 -1.616182 1.296000 0.961669 -0.274148 0.000000 0.062642 0.500322
-0.219556 -1.616182 -0.004000 0.961669 -0.274148 0.000000 0.062642 0.614849
-0.220006 -1.616844 1.296000 0.650502 -0.759484 0.000000 0.063163 0.500355
-0.220006 -1.616844 -0.004000 0.650502 -0.759484 0.000000 0.063163 0.614883
-0.221178 -1.617400 1.296000 0.266823 -0.963713 0.000000 0.063685 0.500388
-0.221178 -1.617400 -0.004000 0.266823 -0.963713 0.000000 0.063684 0.614916
-0.238922 -1.619141 1.296000 0.999939 0.009980 0.000000 0.064206 0.500396
-0.238922 -1.619141 -0.004000 0.999939 0.009980 0.000000 0.064206 0.614923
-0.238879 -1.619144 1.296000 0.077731 0.996948 0.000000 0.064728 0.500430
-0.238879 -1.619144 -0.004000 0.077731 0.996948 0.000000 0.064728 0.614940
-0.238922 -1.619141 2.596000 0.999939 0.009980 0.000000 0.064203 0.500382
-0.238879 -1.619144 2.596000 0.077731 0.996948 0.000000 0.064724 0.500417
-0.238879 -1.619144 1.296000 0.077731 0.996948 0.000000 0.064724 0.614927
-0.238922 -1.619141 1.296000 0.999939 0.009980 0.000000 0.064203 0.614909
-0.221178 -1.617400 2.596000 0.266823 -0.963713 0.000000 0.063681 0.500374
-0.221178 -1.617400 1.296000 0.266823 -0.963713 0.000000 0.063681 0.614902
-0.220006 -1.616844 2.596000 0.650502 -0.759484 0.000000 0.063159 0.500341
-0.220006 -1.616844 1.296000 0.650502 -0.759484 0.000000 0.063159 0.614869
-0.219556 -1.616182 2.596000 0.961669 -0.274148 0.000000 0.062638 0.500308
-0.219556 -1.616182 1.296000 0.961669 -0.274148 0.000000 0.062638 0.614835
-0.221543 -1.568087 2.596000 0.990265 0.138981 0.000000 0.061531 0.500308
-0.221543 -1.568087 1.296000 0.990265 0.138981 0.000000 0.061531 0.614835
-0.222193 -1.565400 2.596000 0.900296 0.435224 0.000000 0.061010 0.500277
-0.222193 -1.565400 1.296000 0.900296 0.435224 0.000000 0.061010 0.614804
-0.222964 -1.564413 2.596000 0.446089 0.894955 0.000000 0.060488 0.500244
-0.222964 -1.564413 1.296000 0.446089 0.894955 0.000000 0.060488 0.614771
-0.224988 -1.564379 2.596000 0.013062 0.999908 0.000000 0.059967 0.500212
-0.224988 -1.564379 1.296000 0.013062 0.999908 0.000000 0.059967 0.614740
-0.291448 -1.563771 2.596000 0.013031 0.999908 0.000000 0.053781 0.500212
-0.224988 -1.564379 2.596000 0.013062 0.999908 0.000000 0.059797 0.500212
-0.224988 -1.564379 1.296000 0.013062 0.999908 0.000000 0.059797 0.614740
-0.291448 -1.563771 1.296000 0.013031 0.999908 0.000000 0.053781 0.614740
-0.293482 -1.563737 2.596000 -0.416578 0.909085 0.000000 0.053298 0.500181
-0.291448 -1.563771 2.596000 0.013031 0.999908 0.000000 0.053917 0.500212
-0.291448 -1.563771 1.296000 0.013031 0.999908 0.000000 0.053917 0.614740
-0.293482 -1.563737 1.296000 -0.416578 0.909085 0.000000 0.053298 0.614708
-0.294230 -1.564635 2.596000 -0.897092 0.441786 0.000000 0.052679 0.500148
-0.294230 -1.564635 1.296000 -0.897092 0.441786 0.000000 0.052679 0.614675
-0.294800 -1.567175 2.596000 -0.992981 0.118076 0.000000 0.052060 0.500117
-0.294800 -1.567175 1.296000 -0.992981 0.118076 0.000000 0.052060 0.614644
-0.295514 -1.611876 2.596000 -0.999969 0.004395 0.000000 0.050840 0.500117
-0.295514 -1.611876 1.296000 -0.999969 0.004395 0.000000 0.050841 0.614644
-0.295503 -1.613487 2.596000 -0.983764 -0.179357 0.000000 0.050222 0.500084
-0.295503 -1.613487 1.296000 -0.983764 -0.179357 0.000000 0.050222 0.614611
-0.295237 -1.614206 2.596000 -0.822657 -0.568499 0.000000 0.049603 0.500051
-0.295237 -1.614206 1.296000 -0.822657 -0.568499 0.000000 0.049603 0.614578
-0.294481 -1.614863 2.596000 -0.475875 -0.879482 0.000000 0.048984 0.500017
-0.294481 -1.614863 1.296000 -0.475875 -0.879482 0.000000 0.048984 0.614544
-0.283486 -1.617988 2.596000 -0.273415 -0.961882 0.000000 0.048365 0.500000
-0.283486 -1.617988 1.296000 -0.273415 -0.961882 0.000000 0.048365 0.614527
-0.283486 -2.400329 1.296000 0.137150 0.990539 0.000000 0.064223 0.613330
-0.283260 -2.400360 1.296000 0.997833 0.065676 0.000000 0.063826 0.613296
-0.283260 -2.400360 -0.004000 0.997833 0.065676 0.000000 0.063826 0.500857
-0.283486 -2.400329 -0.004000 0.137150 0.990539 0.000000 0.064223 0.500875
-0.294481 -2.403455 1.296000 0.472365 -0.881375 0.000000 0.063430 0.613280
-0.294481 -2.403455 -0.004000 0.472365 -0.881375 0.000000 0.063430 0.500841
-0.295237 -2.404111 1.296000 0.822657 -0.568499 0.000000 0.063033 0.613247
-0.295237 -2.404111 -0.004000 0.822657 -0.568499 0.000000 0.063033 0.500808
-0.295503 -2.404830 1.296000 0.983764 -0.179327 0.000000 0.062636 0.613214
-0.295503 -2.404830 -0.004000 0.983764 -0.179327 0.000000 0.062636 0.500775
-0.295514 -2.406441 1.296000 0.999969 0.004395 0.000000 0.062240 0.613182
-0.295514 -2.406441 -0.004000 0.999969 0.004395 0.000000 0.062240 0.500743
-0.294800 -2.451142 1.296000 0.992981 0.118076 0.000000 0.061458 0.613182
-0.294800 -2.451142 -0.004000 0.992981 0.118076 0.000000 0.061458 0.500743
-0.294230 -2.453682 1.296000 0.897122 0.441755 0.000000 0.061062 0.613152
-0.294230 -2.453682 -0.004000 0.897122 0.441755 0.000000 0.061061 0.500713
-0.293482 -2.454580 1.296000 0.416578 0.909085 0.000000 0.060665 0.613119
-0.293482 -2.454580 -0.004000 0.416578 0.909085 0.000000 0.060665 0.500680
-0.291448 -2.454546 1.296000 -0.012970 0.999908 0.000000 0.060268 0.613088
-0.291448 -2.454546 -0.004000 -0.012970 0.999908 0.000000 0.060268 0.500649
-0.291448 -2.454546 1.296000 -0.012970 0.999908 0.000000 0.060085 0.613088
-0.229112 -2.453985 1.296000 -0.010132 0.999939 0.000000 0.053188 0.613088
-0.229112 -2.453985 -0.004000 -0.010132 0.999939 0.000000 0.053187 0.500649
-0.291448 -2.454546 -0.004000 -0.012970 0.999908 0.000000 0.060084 0.500649
-0.229112 -2.453985 1.296000 -0.010132 0.999939 0.000000 0.053170 0.613210
-0.224988 -2.453938 1.296000 -0.179846 0.983673 0.000000 0.052757 0.613182
-0.224988 -2.453938 -0.004000 -0.179846 0.983673 0.000000 0.052757 0.500743
-0.229112 -2.453985 -0.004000 -0.010132 0.999939 0.000000 0.053170 0.500771
-0.222193 -2.452917 1.296000 -0.745842 0.666097 0.000000 0.052343 0.613152
-0.221543 -2.450230 1.296000 -0.990143 0.139988 0.000000 0.051929 0.613122
-0.221543 -2.450230 -0.004000 -0.990143 0.139988 0.000000 0.051929 0.500683
-0.222193 -2.452917 -0.004000 -0.745842 0.666097 0.000000 0.052343 0.500713
-0.219528 -2.403755 1.296000 -0.999908 0.013001 0.000000 0.051081 0.613122
-0.219528 -2.403755 -0.004000 -0.999908 0.013001 0.000000 0.051081 0.500683
-0.219556 -2.402135 1.296000 -0.953215 -0.302194 0.000000 0.050667 0.613091
-0.219556 -2.402135 -0.004000 -0.953215 -0.302194 0.000000 0.050667 0.500651
-0.220006 -2.401473 1.296000 -0.650441 -0.759514 0.000000 0.050253 0.613058
-0.220006 -2.401473 -0.004000 -0.650441 -0.759514 0.000000 0.050253 0.500618
-0.221178 -2.400918 1.296000 -0.266793 -0.963744 0.000000 0.049840 0.613025
-0.221178 -2.400918 -0.004000 -0.266793 -0.963744 0.000000 0.049840 0.500586
-0.238922 -2.399177 1.296000 -0.999969 0.007202 0.000000 0.049426 0.613018
-0.238922 -2.399177 -0.004000 -0.999969 0.007202 0.000000 0.049426 0.500578
-0.238879 -2.399173 1.296000 -0.083254 0.996521 0.000000 0.049012 0.612984
-0.238879 -2.399173 -0.004000 -0.083254 0.996521 0.000000 0.049012 0.500561
-0.238922 -2.399177 2.596000 -0.999969 0.007202 0.000000 0.145595 0.591587
-0.238879 -2.399173 2.596000 -0.083254 0.996521 0.000000 0.145170 0.591559
-0.238879 -2.399173 1.296000 -0.083254 0.996521 0.000000 0.145170 0.501180
-0.238922 -2.399177 1.296000 -0.999969 0.007202 0.000000 0.145594 0.501194
-0.224988 -2.453938 2.596000 -0.179846 0.983673 0.000000 0.149010 0.591719
-0.222193 -2.452917 2.596000 -0.745842 0.666097 0.000000 0.148586 0.591695
-0.222193 -2.452917 1.296000 -0.745842 0.666097 0.000000 0.148586 0.501302
-0.224988 -2.453938 1.296000 -0.179846 0.983673 0.000000 0.149010 0.501326
-0.221178 -2.400918 2.596000 -0.266793 -0.963744 0.000000 0.146019 0.591593
-0.221178 -2.400918 1.296000 -0.266793 -0.963744 0.000000 0.146019 0.501200
-0.220006 -2.401473 2.596000 -0.650441 -0.759514 0.000000 0.146443 0.591619
-0.220006 -2.401473 1.296000 -0.650441 -0.759514 0.000000 0.146443 0.501226
-0.219556 -2.402135 2.596000 -0.953215 -0.302194 0.000000 0.146867 0.591645
-0.219556 -2.402135 1.296000 -0.953215 -0.302194 0.000000 0.146867 0.501253
-0.219528 -2.403755 2.596000 -0.999908 0.013001 0.000000 0.147292 0.591671
-0.219528 -2.403755 1.296000 -0.999908 0.013001 0.000000 0.147292 0.501278
-0.221543 -2.450230 2.596000 -0.990143 0.139988 0.000000 0.148162 0.591671
-0.221543 -2.450230 1.296000 -0.990143 0.139988 0.000000 0.148162 0.501278
-0.229112 -2.453985 2.596000 -0.010132 0.999939 0.000000 0.149434 0.591741
-0.229112 -2.453985 1.296000 -0.010132 0.999939 0.000000 0.149434 0.501349
-0.291448 -2.454546 2.596000 -0.012970 0.999908 0.000000 0.156243 0.591588
-0.229112 -2.453985 2.596000 -0.010132 0.999939 0.000000 0.149471 0.591588
-0.229112 -2.453985 1.296000 -0.010132 0.999939 0.000000 0.149471 0.501195
-0.291448 -2.454546 1.296000 -0.012970 0.999908 0.000000 0.156243 0.501195
-0.293482 -2.454580 2.596000 0.416578 0.909085 0.000000 0.156620 0.591689
-0.291448 -2.454546 2.596000 -0.012970 0.999908 0.000000 0.156294 0.591664
-0.291448 -2.454546 1.296000 -0.012970 0.999908 0.000000 0.156294 0.501272
-0.293482 -2.454580 1.296000 0.416578 0.909085 0.000000 0.156620 0.501297
-0.294230 -2.453682 2.596000 0.897122 0.441755 0.000000 0.156947 0.591716
-0.294230 -2.453682 1.296000 0.897122 0.441755 0.000000 0.156947 0.501323
-0.294800 -2.451142 2.596000 0.992981 0.118076 0.000000 0.157274 0.591740
-0.294800 -2.451142 1.296000 0.992981 0.118076 0.000000 0.157274 0.501348
-0.295514 -2.406441 2.596000 0.999969 0.004395 0.000000 0.157918 0.591740
-0.295514 -2.406441 1.296000 0.999969 0.004395 0.000000 0.157918 0.501348
-0.295503 -2.404830 2.596000 0.983764 -0.179327 0.000000 0.158244 0.591766
-0.295503 -2.404830 1.296000 0.983764 -0.179327 0.000000 0.158244 0.501373
-0.295237 -2.404111 2.596000 0.822657 -0.568499 0.000000 0.158571 0.591792
-0.295237 -2.404111 1.296000 0.822657 -0.568499 0.000000 0.158571 0.501400
-0.294481 -2.403455 2.596000 0.472365 -0.881375 0.000000 0.158898 0.591818
-0.294481 -2.403455 1.296000 0.472365 -0.881375 0.000000 0.158898 0.501426
-0.283260 -2.400360 2.596000 0.997833 0.065676 0.000000 0.159224 0.591832
-0.283260 -2.400360 1.296000 0.997833 0.065676 0.000000 0.159224 0.501440
-0.283486 -2.400329 2.596000 0.137150 0.990539 0.000000 0.159551 0.591859
-0.283486 -2.400329 1.296000 0.137150 0.990539 0.000000 0.159551 0.501453
-0.287700 -2.414001 2.552427 -1.000000 -0.000000 0.000000 0.005118 0.634655
-0.287700 -2.414001 2.582888 -1.000000 -0.000000 0.000000 0.006978 0.634655
-0.287700 -1.591739 2.582888 -1.000000 -0.000000 0.000000 0.006978 0.685794
-0.287700 -1.591739 2.552427 -1.000000 -0.000000 0.000000 0.005118 0.685794
-0.232300 -1.591739 2.552427 1.000000 -0.000000 0.000000 0.012220 0.685794
-0.232300 -1.591739 2.582888 1.000000 -0.000000 0.000000 0.010360 0.685794
-0.232300 -2.414001 2.582888 1.000000 -0.000000 0.000000 0.010360 0.634655
-0.232300 -2.414001 2.552427 1.000000 -0.000000 0.000000 0.012220 0.634655
-0.232300 -1.591739 2.582888 0.000000 -0.000000 1.000000 0.010360 0.685794
-0.287700 -1.591739 2.582888 0.000000 -0.000000 1.000000 0.006978 0.685794
-0.287700 -2.414001 2.582888 0.000000 -0.000000 1.000000 0.006978 0.634655
-0.232300 -2.414001 2.582888 0.000000 -0.000000 1.000000 0.010360 0.634655
-0.287700 -2.414001 2.082427 -1.000000 -0.000000 0.000000 0.164844 0.638669
-0.287700 -2.414001 2.112888 -1.000000 -0.000000 0.000000 0.166753 0.638669
-0.287700 -1.591739 2.112888 -1.000000 -0.000000 0.000000 0.166753 0.691165
-0.287700 -1.591739 2.082427 -1.000000 -0.000000 0.000000 0.164844 0.691165
-0.232300 -1.591739 2.082427 1.000000 -0.000000 0.000000 0.172134 0.691165
-0.232300 -1.591739 2.112888 1.000000 -0.000000 0.000000 0.170225 0.691165
-0.232300 -2.414001 2.112888 1.000000 -0.000000 0.000000 0.170225 0.638669
-0.232300 -2.414001 2.082427 1.000000 -0.000000 0.000000 0.172134 0.638669
-0.232300 -1.591739 2.112888 0.000000 -0.000000 1.000000 0.170225 0.691165
-0.287700 -1.591739 2.112888 0.000000 -0.000000 1.000000 0.166753 0.691165
-0.287700 -2.414001 2.112888 0.000000 -0.000000 1.000000 0.166753 0.638669
-0.232300 -2.414001 2.112888 0.000000 -0.000000 1.000000 0.170225 0.638669
-0.287700 -2.414001 1.982427 -1.000000 0.000000 0.000000 0.219791 0.580972
-0.287700 -2.414001 2.012888 -1.000000 0.000000 0.000000 0.221546 0.579658
-0.287700 -1.591739 1.412888 -1.000000 0.000000 0.000000 0.221547 0.651744
-0.287700 -1.591739 1.382427 -1.000000 0.000000 0.000000 0.219791 0.653058
-0.232300 -1.591739 1.382427 1.000000 0.000000 0.000000 0.227291 0.653058
-0.232300 -1.591739 1.412888 1.000000 0.000000 0.000000 0.225535 0.651744
-0.232300 -2.414001 2.012888 1.000000 0.000000 0.000000 0.225535 0.579658
-0.232300 -2.414001 1.982427 1.000000 0.000000 0.000000 0.227291 0.580972
-0.232300 -1.591739 1.412888 0.000000 0.589451 0.807804 0.225535 0.651744
-0.287700 -1.591739 1.412888 0.000000 0.589451 0.807804 0.221547 0.651744
-0.287700 -2.414001 2.012888 0.000000 0.589451 0.807804 0.221546 0.579658
-0.232300 -2.414001 2.012888 0.000000 0.589451 0.807804 0.225535 0.579658
-0.287700 -2.414001 0.702427 -1.000000 0.000000 0.000000 0.201246 0.589378
-0.287700 -2.414001 0.732888 -1.000000 0.000000 0.000000 0.202860 0.590492
-0.287700 -1.591739 1.292888 -1.000000 0.000000 0.000000 0.202860 0.653962
-0.287700 -1.591739 1.262427 -1.000000 0.000000 0.000000 0.201246 0.652848
-0.232300 -1.591739 1.262427 1.000000 0.000000 0.000000 0.208040 0.652848
-0.232300 -1.591739 1.292888 1.000000 0.000000 0.000000 0.206427 0.653962
-0.232300 -2.414001 0.732888 1.000000 0.000000 0.000000 0.206426 0.590492
-0.232300 -2.414001 0.702427 1.000000 0.000000 0.000000 0.208040 0.589378
-0.232300 -1.591739 1.292888 0.000000 -0.562902 0.826523 0.206427 0.653962
-0.287700 -1.591739 1.292888 0.000000 -0.562902 0.826523 0.202860 0.653962
-0.287700 -2.414001 0.732888 0.000000 -0.562902 0.826523 0.202860 0.590492
-0.232300 -2.414001 0.732888 0.000000 -0.562902 0.826523 0.206426 0.590492
-0.287700 -2.414001 0.612427 -1.000000 0.000000 0.000000 0.220167 0.590336
-0.287700 -2.414001 0.642888 -1.000000 0.000000 0.000000 0.221662 0.589289
-0.287700 -1.591739 0.066744 -1.000000 0.000000 0.000000 0.221662 0.649450
-0.287700 -1.591739 0.036282 -1.000000 0.000000 0.000000 0.220167 0.650496
-0.232300 -1.591739 0.036282 1.000000 0.000000 0.000000 0.226474 0.650496
-0.232300 -1.591739 0.066744 1.000000 0.000000 0.000000 0.224980 0.649450
-0.232300 -2.414001 0.642888 1.000000 0.000000 0.000000 0.224980 0.589289
-0.232300 -2.414001 0.612427 1.000000 0.000000 0.000000 0.226474 0.590336
-0.232300 -1.591739 0.066744 0.000000 0.573837 0.818969 0.224980 0.649450
-0.287700 -1.591739 0.066744 0.000000 0.573837 0.818969 0.221662 0.649450
-0.287700 -2.414001 0.642888 0.000000 0.573837 0.818969 0.221662 0.589289
-0.232300 -2.414001 0.642888 0.000000 0.573837 0.818969 0.224980 0.589289
-1.716514 -1.617988 1.296000 -0.273415 0.961882 0.000000 0.048369 0.500014
-1.705519 -1.614863 1.296000 -0.475875 0.879482 0.000000 0.048988 0.500031
-1.705519 -1.614863 -0.004000 -0.475875 0.879482 0.000000 0.048988 0.614558
-1.716514 -1.617988 -0.004000 -0.273415 0.961882 0.000000 0.048369 0.614541
-1.704763 -1.614206 1.296000 -0.822657 0.568529 0.000000 0.049607 0.500065
-1.704763 -1.614206 -0.004000 -0.822657 0.568529 0.000000 0.049607 0.614592
-1.704497 -1.613487 1.296000 -0.983764 0.179388 0.000000 0.050226 0.500098
-1.704497 -1.613487 -0.004000 -0.983764 0.179388 0.000000 0.050226 0.614625
-1.704486 -1.611876 1.296000 -0.999969 -0.004395 0.000000 0.050845 0.500131
-1.704486 -1.611876 -0.004000 -0.999969 -0.004395 0.000000 0.050845 0.614658
-1.705200 -1.567175 1.296000 -0.992981 -0.118076 0.000000 0.052065 0.500131
-1.705200 -1.567175 -0.004000 -0.992981 -0.118076 0.000000 0.052065 0.614658
-1.705770 -1.564635 1.296000 -0.897092 -0.441786 0.000000 0.052684 0.500162
-1.705770 -1.564635 -0.004000 -0.897092 -0.441786 0.000000 0.052684 0.614689
-1.706518 -1.563737 1.296000 -0.416578 -0.909085 0.000000 0.053303 0.500195
-1.706518 -1.563737 -0.004000 -0.416578 -0.909085 0.000000 0.053303 0.614722
-1.708552 -1.563771 1.296000 0.013031 -0.999908 0.000000 0.053922 0.500226
-1.708552 -1.563771 -0.004000 0.013031 -0.999908 0.000000 0.053922 0.614753
-1.708552 -1.563771 1.296000 0.013031 -0.999908 0.000000 0.053796 0.500226
-1.775012 -1.564379 1.296000 0.013062 -0.999908 0.000000 0.059811 0.500226
-1.775012 -1.564379 -0.004000 0.013062 -0.999908 0.000000 0.059811 0.614754
-1.708552 -1.563771 -0.004000 0.013031 -0.999908 0.000000 0.053796 0.614753
-1.775012 -1.564379 1.296000 0.013062 -0.999908 0.000000 0.059970 0.500226
-1.777036 -1.564413 1.296000 0.446089 -0.894955 0.000000 0.060492 0.500258
-1.777036 -1.564413 -0.004000 0.446089 -0.894955 0.000000 0.060492 0.614785
-1.775012 -1.564379 -0.004000 0.013062 -0.999908 0.000000 0.059970 0.614754
-1.777807 -1.565400 1.296000 0.900296 -0.435224 0.000000 0.061013 0.500291
-1.777807 -1.565400 -0.004000 0.900296 -0.435224 0.000000 0.061013 0.614818
-1.778457 -1.568087 1.296000 0.990265 -0.138981 0.000000 0.061535 0.500322
-1.778457 -1.568087 -0.004000 0.990265 -0.138981 0.000000 0.061535 0.614849
-1.780444 -1.616182 1.296000 0.961669 0.274117 0.000000 0.062642 0.500322
-1.780444 -1.616182 -0.004000 0.961669 0.274117 0.000000 0.062642 0.614849
-1.779994 -1.616844 1.296000 0.650533 0.759453 0.000000 0.063163 0.500355
-1.779994 -1.616844 -0.004000 0.650533 0.759453 0.000000 0.063163 0.614883
-1.778822 -1.617400 1.296000 0.266823 0.963713 0.000000 0.063685 0.500388
-1.778822 -1.617400 -0.004000 0.266823 0.963713 0.000000 0.063684 0.614916
-1.761078 -1.619141 1.296000 0.999939 -0.009919 0.000000 0.064206 0.500396
-1.761078 -1.619141 -0.004000 0.999939 -0.009919 0.000000 0.064206 0.614923
-1.761121 -1.619144 1.296000 0.077853 -0.996948 0.000000 0.064728 0.500430
-1.761121 -1.619144 -0.004000 0.077853 -0.996948 0.000000 0.064728 0.614940
-1.761078 -1.619141 2.596000 0.999939 -0.009919 0.000000 0.064203 0.500382
-1.761121 -1.619144 2.596000 0.077853 -0.996948 0.000000 0.064724 0.500417
-1.761121 -1.619144 1.296000 0.077853 -0.996948 0.000000 0.064724 0.614927
-1.761078 -1.619141 1.296000 0.999939 -0.009919 0.000000 0.064203 0.614909
-1.778822 -1.617400 2.596000 0.266823 0.963713 0.000000 0.063681 0.500374
-1.778822 -1.617400 1.296000 0.266823 0.963713 0.000000 0.063681 0.614902
-1.779994 -1.616844 2.596000 0.650533 0.759453 0.000000 0.063159 0.500341
-1.779994 -1.616844 1.296000 0.650533 0.759453 0.000000 0.063159 0.614869
-1.780444 -1.616182 2.596000 0.961669 0.274117 0.000000 0.062638 0.500308
-1.780444 -1.616182 1.296000 0.961669 0.274117 0.000000 0.062638 0.614835
-1.778457 -1.568087 2.596000 0.990265 -0.138981 0.000000 0.061531 0.500308
-1.778457 -1.568087 1.296000 0.990265 -0.138981 0.000000 0.061531 0.614835
-1.777807 -1.565400 2.596000 0.900296 -0.435224 0.000000 0.061010 0.500277
-1.777807 -1.565400 1.296000 0.900296 -0.435224 0.000000 0.061010 0.614804
-1.777036 -1.564413 2.596000 0.446089 -0.894955 0.000000 0.060488 0.500244
-1.777036 -1.564413 1.296000 0.446089 -0.894955 0.000000 0.060488 0.614771
-1.775012 -1.564379 2.596000 0.013062 -0.999908 0.000000 0.059967 0.500212
-1.775012 -1.564379 1.296000 0.013062 -0.999908 0.000000 0.059967 0.614740
-1.708552 -1.563771 2.596000 0.013031 -0.999908 0.000000 0.053781 0.500212
-1.775012 -1.564379 2.596000 0.013062 -0.999908 0.000000 0.059797 0.500212
-1.775012 -1.564379 1.296000 0.013062 -0.999908 0.000000 0.059797 0.614740
-1.708552 -1.563771 1.296000 0.013031 -0.999908 0.000000 0.053781 0.614740
-1.706518 -1.563737 2.596000 -0.416578 -0.909085 0.000000 0.053298 0.500181
-1.708552 -1.563771 2.596000 0.013031 -0.999908 0.000000 0.053917 0.500212
-1.708552 -1.563771 1.296000 0.013031 -0.999908 0.000000 0.053917 0.614740
-1.706518 -1.563737 1.296000 -0.416578 -0.909085 0.000000 0.053298 0.614708
-1.705770 -1.564635 2.596000 -0.897092 -0.441786 0.000000 0.052679 0.500148
-1.705770 -1.564635 1.296000 -0.897092 -0.441786 0.000000 0.052679 0.614675
-1.705200 -1.567175 2.596000 -0.992981 -0.118076 0.000000 0.052060 0.500117
-1.705200 -1.567175 1.296000 -0.992981 -0.118076 0.000000 0.052060 0.614644
-1.704486 -1.611876 2.596000 -0.999969 -0.004395 0.000000 0.050840 0.500117
-1.704486 -1.611876 1.296000 -0.999969 -0.004395 0.000000 0.050841 0.614644
-1.704497 -1.613487 2.596000 -0.983764 0.179388 0.000000 0.050222 0.500084
-1.704497 -1.613487 1.296000 -0.983764 0.179388 0.000000 0.050222 0.614611
-1.704763 -1.614206 2.596000 -0.822657 0.568529 0.000000 0.049603 0.500051
-1.704763 -1.614206 1.296000 -0.822657 0.568529 0.000000 0.049603 0.614578
-1.705519 -1.614863 2.596000 -0.475875 0.879482 0.000000 0.048984 0.500017
-1.705519 -1.614863 1.296000 -0.475875 0.879482 0.000000 0.048984 0.614544
-1.716514 -1.617988 2.596000 -0.273415 0.961882 0.000000 0.048365 0.500000
-1.716514 -1.617988 1.296000 -0.273415 0.961882 0.000000 0.048365 0.614527
-1.716514 -2.400329 1.296000 0.137120 -0.990539 0.000000 0.064223 0.613330
-1.716740 -2.400360 1.296000 0.997833 -0.065706 0.000000 0.063826 0.613296
-1.716740 -2.400360 -0.004000 0.997833 -0.065706 0.000000 0.063826 0.500857
-1.716514 -2.400329 -0.004000 0.137120 -0.990539 0.000000 0.064223 0.500875
-1.705519 -2.403455 1.296000 0.472365 0.881375 0.000000 0.063430 0.613280
-1.705519 -2.403455 -0.004000 0.472365 0.881375 0.000000 0.063430 0.500841
-1.704763 -2.404111 1.296000 0.822626 0.568529 0.000000 0.063033 0.613247
-1.704763 -2.404111 -0.004000 0.822626 0.568529 0.000000 0.063033 0.500808
-1.704497 -2.404830 1.296000 0.983764 0.179357 0.000000 0.062636 0.613214
-1.704497 -2.404830 -0.004000 0.983764 0.179357 0.000000 0.062636 0.500775
-1.704486 -2.406441 1.296000 0.999969 -0.004395 0.000000 0.062240 0.613182
-1.704486 -2.406441 -0.004000 0.999969 -0.004395 0.000000 0.062240 0.500743
-1.705200 -2.451142 1.296000 0.992981 -0.118076 0.000000 0.061458 0.613182
-1.705200 -2.451142 -0.004000 0.992981 -0.118076 0.000000 0.061458 0.500743
-1.705770 -2.453682 1.296000 0.897122 -0.441755 0.000000 0.061062 0.613152
-1.705770 -2.453682 -0.004000 0.897122 -0.441755 0.000000 0.061061 0.500713
-1.706518 -2.454580 1.296000 0.416578 -0.909085 0.000000 0.060665 0.613119
-1.706518 -2.454580 -0.004000 0.416578 -0.909085 0.000000 0.060665 0.500680
-1.708552 -2.454546 1.296000 -0.012970 -0.999908 0.000000 0.060268 0.613088
-1.708552 -2.454546 -0.004000 -0.012970 -0.999908 0.000000 0.060268 0.500649
-1.708552 -2.454546 1.296000 -0.012970 -0.999908 0.000000 0.060085 0.613088
-1.770888 -2.453985 1.296000 -0.010132 -0.999939 0.000000 0.053188 0.613088
-1.770888 -2.453985 -0.004000 -0.010132 -0.999939 0.000000 0.053187 0.500649
-1.708552 -2.454546 -0.004000 -0.012970 -0.999908 0.000000 0.060084 0.500649
-1.770888 -2.453985 1.296000 -0.010132 -0.999939 0.000000 0.053170 0.613210
-1.775012 -2.453938 1.296000 -0.179815 -0.983673 0.000000 0.052757 0.613182
-1.775012 -2.453938 -0.004000 -0.179815 -0.983673 0.000000 0.052757 0.500743
-1.770888 -2.453985 -0.004000 -0.010132 -0.999939 0.000000 0.053170 0.500771
-1.777807 -2.452917 1.296000 -0.745811 -0.666128 0.000000 0.052343 0.613152
-1.778457 -2.450230 1.296000 -0.990143 -0.139988 0.000000 0.051929 0.613122
-1.778457 -2.450230 -0.004000 -0.990143 -0.139988 0.000000 0.051929 0.500683
-1.777807 -2.452917 -0.004000 -0.745811 -0.666128 0.000000 0.052343 0.500713
-1.780472 -2.403755 1.296000 -0.999908 -0.013001 0.000000 0.051081 0.613122
-1.780472 -2.403755 -0.004000 -0.999908 -0.013001 0.000000 0.051081 0.500683
-1.780444 -2.402135 1.296000 -0.953246 0.302164 0.000000 0.050667 0.613091
-1.780444 -2.402135 -0.004000 -0.953246 0.302164 0.000000 0.050667 0.500651
-1.779994 -2.401473 1.296000 -0.650502 0.759484 0.000000 0.050253 0.613058
-1.779994 -2.401473 -0.004000 -0.650502 0.759484 0.000000 0.050253 0.500618
-1.778822 -2.400918 1.296000 -0.266793 0.963744 0.000000 0.049840 0.613025
-1.778822 -2.400918 -0.004000 -0.266793 0.963744 0.000000 0.049840 0.500586
-1.761078 -2.399177 1.296000 -0.999969 -0.007141 0.000000 0.049426 0.613018
-1.761078 -2.399177 -0.004000 -0.999969 -0.007141 0.000000 0.049426 0.500578
-1.761121 -2.399173 1.296000 -0.083377 -0.996490 0.000000 0.049012 0.612984
-1.761121 -2.399173 -0.004000 -0.083377 -0.996490 0.000000 0.049012 0.500561
-1.761078 -2.399177 2.596000 -0.999969 -0.007141 0.000000 0.145595 0.591587
-1.761121 -2.399173 2.596000 -0.083377 -0.996490 0.000000 0.145170 0.591559
-1.761121 -2.399173 1.296000 -0.083377 -0.996490 0.000000 0.145170 0.501180
-1.761078 -2.399177 1.296000 -0.999969 -0.007141 0.000000 0.145594 0.501194
-1.775012 -2.453938 2.596000 -0.179815 -0.983673 0.000000 0.149010 0.591719
-1.777807 -2.452917 2.596000 -0.745811 -0.666128 0.000000 0.148586 0.591695
-1.777807 -2.452917 1.296000 -0.745811 -0.666128 0.000000 0.148586 0.501302
-1.775012 -2.453938 1.296000 -0.179815 -0.983673 0.000000 0.149010 0.501326
-1.778822 -2.400918 2.596000 -0.266793 0.963744 0.000000 0.146019 0.591593
-1.778822 -2.400918 1.296000 -0.266793 0.963744 0.000000 0.146019 0.501200
-1.779994 -2.401473 2.596000 -0.650502 0.759484 0.000000 0.146443 0.591619
-1.779994 -2.401473 1.296000 -0.650502 0.759484 0.000000 0.146443 0.501226
-1.780444 -2.402135 2.596000 -0.953246 0.302164 0.000000 0.146867 0.591645
-1.780444 -2.402135 1.296000 -0.953246 0.302164 0.000000 0.146867 0.501253
-1.780472 -2.403755 2.596000 -0.999908 -0.013001 0.000000 0.147292 0.591671
-1.780472 -2.403755 1.296000 -0.999908 -0.013001 0.000000 0.147292 0.501278
-1.778457 -2.450230 2.596000 -0.990143 -0.139988 0.000000 0.148162 0.591671
-1.778457 -2.450230 1.296000 -0.990143 -0.139988 0.000000 0.148162 0.501278
-1.770888 -2.453985 2.596000 -0.010132 -0.999939 0.000000 0.149434 0.591741
-1.770888 -2.453985 1.296000 -0.010132 -0.999939 0.000000 0.149434 0.501349
-1.708552 -2.454546 2.596000 -0.012970 -0.999908 0.000000 0.156243 0.591588
-1.770888 -2.453985 2.596000 -0.010132 -0.999939 0.000000 0.149471 0.591588
-1.770888 -2.453985 1.296000 -0.010132 -0.999939 0.000000 0.149471 0.501195
-1.708552 -2.454546 1.296000 -0.012970 -0.999908 0.000000 0.156243 0.501195
-1.706518 -2.454580 2.596000 0.416578 -0.909085 0.000000 0.156620 0.591689
-1.708552 -2.454546 2.596000 -0.012970 -0.999908 0.000000 0.156294 0.591664
-1.708552 -2.454546 1.296000 -0.012970 -0.999908 0.000000 0.156294 0.501272
-1.706518 -2.454580 1.296000 0.416578 -0.909085 0.000000 0.156620 0.501297
-1.705770 -2.453682 2.596000 0.897122 -0.441755 0.000000 0.156947 0.591716
-1.705770 -2.453682 1.296000 0.897122 -0.441755 0.000000 0.156947 0.501323
-1.705200 -2.451142 2.596000 0.992981 -0.118076 0.000000 0.157274 0.591740
-1.705200 -2.451142 1.296000 0.992981 -0.118076 0.000000 0.157274 0.501348
-1.704486 -2.406441 2.596000 0.999969 -0.004395 0.000000 0.157918 0.591740
-1.704486 -2.406441 1.296000 0.999969 -0.004395 0.000000 0.157918 0.501348
-1.704497 -2.404830 2.596000 0.983764 0.179357 0.000000 0.158244 0.591766
-1.704497 -2.404830 1.296000 0.983764 0.179357 0.000000 0.158244 0.501373
-1.704763 -2.404111 2.596000 0.822626 0.568529 0.000000 0.158571 0.591792
-1.704763 -2.404111 1.296000 0.822626 0.568529 0.000000 0.158571 0.501400
-1.705519 -2.403455 2.596000 0.472365 0.881375 0.000000 0.158898 0.591818
-1.705519 -2.403455 1.296000 0.472365 0.881375 0.000000 0.158898 0.501426
-1.716740 -2.400360 2.596000 0.997833 -0.065706 0.000000 0.159224 0.591832
-1.716740 -2.400360 1.296000 0.997833 -0.065706 0.000000 0.159224 0.501440
-1.716514 -2.400329 2.596000 0.137120 -0.990539 0.000000 0.159551 0.591859
-1.716514 -2.400329 1.296000 0.137120 -0.990539 0.000000 0.159551 0.501453
-1.712300 -2.414001 2.552427 -1.000000 -0.000000 0.000000 0.005118 0.634655
-1.712300 -2.414001 2.582888 -1.000000 -0.000000 0.000000 0.006978 0.634655
-1.712300 -1.591739 2.582888 -1.000000 -0.000000 0.000000 0.006978 0.685794
-1.712300 -1.591739 2.552427 -1.000000 -0.000000 0.000000 0.005118 0.685794
-1.767700 -1.591739 2.552427 1.000000 -0.000000 0.000000 0.012220 0.685794
-1.767700 -1.591739 2.582888 1.000000 -0.000000 0.000000 0.010360 0.685794
-1.767700 -2.414001 2.582888 1.000000 -0.000000 0.000000 0.010360 0.634655
-1.767700 -2.414001 2.552427 1.000000 -0.000000 0.000000 0.012220 0.634655
-1.767700 -1.591739 2.582888 0.000000 0.000000 -1.000000 0.010360 0.685794
-1.712300 -1.591739 2.582888 0.000000 0.000000 -1.000000 0.006978 0.685794
-1.712300 -2.414001 2.582888 0.000000 0.000000 -1.000000 0.006978 0.634655
-1.767700 -2.414001 2.582888 0.000000 0.000000 -1.000000 0.010360 0.634655
-1.712300 -2.414001 2.082427 -1.000000 -0.000000 0.000000 0.164844 0.638669
-1.712300 -2.414001 2.112888 -1.000000 -0.000000 0.000000 0.166753 0.638669
-1.712300 -1.591739 2.112888 -1.000000 -0.000000 0.000000 0.166753 0.691165
-1.712300 -1.591739 2.082427 -1.000000 -0.000000 0.000000 0.164844 0.691165
-1.767700 -1.591739 2.082427 1.000000 -0.000000 0.000000 0.172134 0.691165
-1.767700 -1.591739 2.112888 1.000000 -0.000000 0.000000 0.170225 0.691165
-1.767700 -2.414001 2.112888 1.000000 -0.000000 0.000000 0.170225 0.638669
-1.767700 -2.414001 2.082427 1.000000 -0.000000 0.000000 0.172134 0.638669
-1.767700 -1.591739 2.112888 0.000000 0.000000 -1.000000 0.170225 0.691165
-1.712300 -1.591739 2.112888 0.000000 0.000000 -1.000000 0.166753 0.691165
-1.712300 -2.414001 2.112888 0.000000 0.000000 -1.000000 0.166753 0.638669
-1.767700 -2.414001 2.112888 0.000000 0.000000 -1.000000 0.170225 0.638669
-1.712300 -2.414001 1.982427 -1.000000 0.000000 0.000000 0.219791 0.580972
-1.712300 -2.414001 2.012888 -1.000000 0.000000 0.000000 0.221546 0.579658
-1.712300 -1.591739 1.412888 -1.000000 0.000000 0.000000 0.221547 0.651744
-1.712300 -1.591739 1.382427 -1.000000 0.000000 0.000000 0.219791 0.653058
-1.767700 -1.591739 1.382427 1.000000 0.000000 0.000000 0.227291 0.653058
-1.767700 -1.591739 1.412888 1.000000 0.000000 0.000000 0.225535 0.651744
-1.767700 -2.414001 2.012888 1.000000 0.000000 0.000000 0.225535 0.579658
-1.767700 -2.414001 1.982427 1.000000 0.000000 0.000000 0.227291 0.580972
-1.767700 -1.591739 1.412888 0.000000 -0.589451 -0.807804 0.225535 0.651744
-1.712300 -1.591739 1.412888 0.000000 -0.589451 -0.807804 0.221547 0.651744
-1.712300 -2.414001 2.012888 0.000000 -0.589451 -0.807804 0.221546 0.579658
-1.767700 -2.414001 2.012888 0.000000 -0.589451 -0.807804 0.225535 0.579658
-1.712300 -2.414001 0.702427 -1.000000 0.000000 0.000000 0.201246 0.589378
-1.712300 -2.414001 0.732888 -1.000000 0.000000 0.000000 0.202860 0.590492
-1.712300 -1.591739 1.292888 -1.000000 0.000000 0.000000 0.202860 0.653962
-1.712300 -1.591739 1.262427 -1.000000 0.000000 0.000000 0.201246 0.652848
-1.767700 -1.591739 1.262427 1.000000 0.000000 0.000000 0.208040 0.652848
-1.767700 -1.591739 1.292888 1.000000 0.000000 0.000000 0.206427 0.653962
-1.767700 -2.414001 0.732888 1.000000 0.000000 0.000000 0.206426 0.590492
-1.767700 -2.414001 0.702427 1.000000 0.000000 0.000000 0.208040 0.589378
-1.767700 -1.591739 1.292888 0.000000 0.562902 -0.826523 0.206427 0.653962
-1.712300 -1.591739 1.292888 0.000000 0.562902 -0.826523 0.202860 0.653962
-1.712300 -2.414001 0.732888 0.000000 0.562902 -0.826523 0.202860 0.590492
-1.767700 -2.414001 0.732888 0.000000 0.562902 -0.826523 0.206426 0.590492
-1.712300 -2.414001 0.612427 -1.000000 0.000000 0.000000 0.220167 0.590336
-1.712300 -2.414001 0.642888 -1.000000 0.000000 0.000000 0.221662 0.589289
-1.712300 -1.591739 0.066744 -1.000000 0.000000 0.000000 0.221662 0.649450
-1.712300 -1.591739 0.036282 -1.000000 0.000000 0.000000 0.220167 0.650496
-1.767700 -1.591739 0.036282 1.000000 0.000000 0.000000 0.226474 0.650496
-1.767700 -1.591739 0.066744 1.000000 0.000000 0.000000 0.224980 0.649450
-1.767700 -2.414001 0.642888 1.000000 0.000000 0.000000 0.224980 0.589289
-1.767700 -2.414001 0.612427 1.000000 0.000000 0.000000 0.226474 0.590336
-1.767700 -1.591739 0.066744 0.000000 -0.573837 -0.818969 0.224980 0.649450
-1.712300 -1.591739 0.066744 0.000000 -0.573837 -0.818969 0.221662 0.649450
-1.712300 -2.414001 0.642888 0.000000 -0.573837 -0.818969 0.221662 0.589289
-1.767700 -2.414001 0.642888 0.000000 -0.573837 -0.818969 0.224980 0.589289
1.000000 -1.637398 1.800000 0.000000 -0.000000 1.000000 0.448996 0.746511
0.000000 -1.637398 1.800000 0.000000 -0.000000 1.000000 0.448996 0.652041
0.046506 -1.683904 1.800000 0.000000 -0.000000 1.000000 0.453389 0.656434
1.000000 -1.683904 1.800000 0.000000 -0.000000 1.000000 0.453389 0.746511
0.000000 -1.637398 1.800000 0.000000 0.000000 1.000000 0.438315 0.597412
0.000000 -2.362602 1.800000 0.000000 0.000000 1.000000 0.438315 0.507334
0.046506 -2.316096 1.800000 0.000000 0.000000 1.000000 0.444092 0.513111
0.046506 -1.683904 1.800000 0.000000 0.000000 1.000000 0.444092 0.591636
0.000000 -2.362602 1.800000 0.000000 0.000000 1.000000 0.448996 0.746511
1.000000 -2.362602 1.800000 0.000000 0.000000 1.000000 0.448996 0.652041
1.000000 -2.316096 1.800000 0.000000 0.000000 1.000000 0.453389 0.652041
0.046506 -2.316096 1.800000 0.000000 0.000000 1.000000 0.453389 0.742118
1.000000 -2.362602 1.422000 0.000000 -1.000000 0.000000 0.444649 0.599214
1.000000 -2.362602 1.800000 0.000000 -1.000000 0.000000 0.444649 0.646166
0.953494 -2.362602 1.753494 0.000000 -1.000000 0.000000 0.438873 0.640389
0.953494 -2.362602 1.468506 0.000000 -1.000000 0.000000 0.438873 0.604991
1.000000 -2.362602 1.800000 0.000000 -1.000000 0.000000 0.448996 0.652041
0.000000 -2.362602 1.800000 0.000000 -1.000000 0.000000 0.448996 0.746511
0.046506 -2.362602 1.753494 0.000000 -1.000000 0.000000 0.444602 0.742118
0.953494 -2.362602 1.753494 0.000000 -1.000000 0.000000 0.444602 0.656434
0.000000 -2.362602 1.800000 -0.000000 -1.000000 0.000000 0.444649 0.646166
0.000000 -2.362602 1.422000 -0.000000 -1.000000 0.000000 0.444649 0.599214
0.046506 -2.362602 1.468506 -0.000000 -1.000000 0.000000 0.450426 0.604991
0.046506 -2.362602 1.753494 -0.000000 -1.000000 0.000000 0.450426 0.640389
0.000000 -2.362602 1.422000 0.000000 -1.000000 -0.000000 0.457761 0.601978
1.000000 -2.362602 1.422000 0.000000 -1.000000 -0.000000 0.457761 0.501965
0.953494 -2.362602 1.468506 0.000000 -1.000000 -0.000000 0.462413 0.506616
0.046506 -2.362602 1.468506 0.000000 -1.000000 -0.000000 0.462413 0.597327
0.000000 -2.362602 1.422000 -1.000000 -0.000000 0.000000 0.444649 0.599214
0.000000 -2.362602 1.800000 -1.000000 -0.000000 0.000000 0.444649 0.646166
0.000000 -2.316096 1.753494 -1.000000 -0.000000 0.000000 0.438873 0.640389
0.000000 -2.316096 1.468506 -1.000000 -0.000000 0.000000 0.438873 0.604991
0.000000 -2.362602 1.800000 -1.000000 0.000000 0.000000 0.438315 0.507334
0.000000 -1.637398 1.800000 -1.000000 0.000000 0.000000 0.438315 0.597412
0.000000 -1.683904 1.753494 -1.000000 0.000000 0.000000 0.432539 0.591636
0.000000 -2.316096 1.753494 -1.000000 0.000000 0.000000 0.432539 0.513111
0.000000 -1.637398 1.800000 -1.000000 0.000000 0.000000 0.444649 0.646166
0.000000 -1.637398 1.422000 -1.000000 0.000000 0.000000 0.444649 0.599214
0.000000 -1.683904 1.468506 -1.000000 0.000000 0.000000 0.450426 0.604991
0.000000 -1.683904 1.753494 -1.000000 0.000000 0.000000 0.450426 0.640389
0.000000 -1.637398 1.422000 -1.000000 0.000000 -0.000000 0.438315 0.597412
0.000000 -2.362602 1.422000 -1.000000 0.000000 -0.000000 0.438315 0.507334
0.000000 -2.316096 1.468506 -1.000000 0.000000 -0.000000 0.444092 0.513111
0.000000 -1.683904 1.468506 -1.000000 0.000000 -0.000000 0.444092 0.591636
2.000000 -1.637398 1.422000 1.000000 -0.000000 0.000000 0.444474 0.599390
2.000000 -1.637398 1.800000 1.000000 -0.000000 0.000000 0.444474 0.646342
2.000000 -1.683904 1.753494 1.000000 -0.000000 0.000000 0.438697 0.640565
2.000000 -1.683904 1.468506 1.000000 -0.000000 0.000000 0.438697 0.605166
2.000000 -1.637398 1.800000 1.000000 0.000000 -0.000000 0.438315 0.597412
2.000000 -2.362602 1.800000 1.000000 0.000000 -0.000000 0.438315 0.507334
2.000000 -2.316096 1.753494 1.000000 0.000000 -0.000000 0.444092 0.513111
2.000000 -1.683904 1.753494 1.000000 0.000000 -0.000000 0.444092 0.591636
2.000000 -2.362602 1.800000 1.000000 0.000000 0.000000 0.444649 0.646166
2.000000 -2.362602 1.422000 1.000000 0.000000 0.000000 0.444649 0.599214
2.000000 -2.316096 1.468506 1.000000 0.000000 0.000000 0.450426 0.604991
2.000000 -2.316096 1.753494 1.000000 0.000000 0.000000 0.450426 0.640389
2.000000 -2.362602 1.422000 1.000000 0.000000 0.000000 0.438315 0.507334
2.000000 -1.637398 1.422000 1.000000 0.000000 0.000000 0.438315 0.597412
2.000000 -1.683904 1.468506 1.000000 0.000000 0.000000 0.432539 0.591636
2.000000 -2.316096 1.468506 1.000000 0.000000 0.000000 0.432539 0.513111
1.000000 -1.637398 1.422000 0.000000 1.000000 0.000000 0.444649 0.599214
1.000000 -1.637398 1.800000 0.000000 1.000000 0.000000 0.444649 0.646166
1.046506 -1.637398 1.753494 0.000000 1.000000 0.000000 0.438873 0.640389
1.046506 -1.637398 1.468506 0.000000 1.000000 0.000000 0.438873 0.604991
1.000000 -1.637398 1.800000 0.000000 1.000000 -0.000000 0.448996 0.652041
2.000000 -1.637398 1.800000 0.000000 1.000000 -0.000000 0.448996 0.746511
1.953494 -1.637398 1.753494 0.000000 1.000000 -0.000000 0.444602 0.742118
1.046506 -1.637398 1.753494 0.000000 1.000000 -0.000000 0.444602 0.656434
2.000000 -1.637398 1.800000 -0.000000 1.000000 0.000000 0.444474 0.646342
2.000000 -1.637398 1.422000 -0.000000 1.000000 0.000000 0.444474 0.599390
1.953494 -1.637398 1.468506 -0.000000 1.000000 0.000000 0.450250 0.605166
1.953494 -1.637398 1.753494 -0.000000 1.000000 0.000000 0.450250 0.640565
2.000000 -1.637398 1.422000 0.000000 1.000000 0.000000 0.457761 0.501965
1.000000 -1.637398 1.422000 0.000000 1.000000 0.000000 0.457761 0.601978
1.046506 -1.637398 1.468506 0.000000 1.000000 0.000000 0.453110 0.597327
1.953494 -1.637398 1.468506 0.000000 1.000000 0.000000 0.453110 0.506616
1.000000 -1.637398 0.000000 0.000000 1.000000 0.000000 0.255777 0.722997
1.000000 -1.637398 0.217397 0.000000 1.000000 0.000000 0.255777 0.750000
1.046506 -1.637398 0.170891 0.000000 1.000000 0.000000 0.250000 0.744223
1.046506 -1.637398 0.001257 0.000000 1.000000 0.000000 0.250000 0.723153
1.000000 -1.637398 0.217397 0.000000 1.000000 -0.000000 0.457761 0.601978
2.000000 -1.637398 0.217397 0.000000 1.000000 -0.000000 0.457761 0.501965
1.953494 -1.637398 0.170891 0.000000 1.000000 -0.000000 0.462413 0.506616
1.046506 -1.637398 0.170891 0.000000 1.000000 -0.000000 0.462413 0.597327
2.000000 -1.637398 0.217397 -0.000000 1.000000 0.000000 0.255777 0.750000
2.000000 -1.637398 0.000000 -0.000000 1.000000 0.000000 0.255777 0.722997
1.953494 -1.637398 0.001257 -0.000000 1.000000 0.000000 0.261553 0.723153
1.953494 -1.637398 0.170891 -0.000000 1.000000 0.000000 0.261553 0.744223
1.000000 -1.637398 0.217397 0.000000 1.000000 0.000000 0.444649 0.648352
1.000000 -1.637398 0.612998 0.000000 1.000000 0.000000 0.444649 0.599214
1.046506 -1.637398 0.566492 0.000000 1.000000 0.000000 0.450426 0.604991
1.046506 -1.637398 0.263903 0.000000 1.000000 0.000000 0.450426 0.642575
1.000000 -1.637398 0.612998 0.000000 1.000000 -0.000000 0.457761 0.601978
2.000000 -1.637398 0.612998 0.000000 1.000000 -0.000000 0.457761 0.501965
1.953494 -1.637398 0.566492 0.000000 1.000000 -0.000000 0.462413 0.506616
1.046506 -1.637398 0.566492 0.000000 1.000000 -0.000000 0.462413 0.597327
2.000000 -1.637398 0.612998 -0.000000 1.000000 0.000000 0.444649 0.599214
2.000000 -1.637398 0.217397 -0.000000 1.000000 0.000000 0.444649 0.648352
1.953494 -1.637398 0.263903 -0.000000 1.000000 0.000000 0.438873 0.642575
1.953494 -1.637398 0.566492 -0.000000 1.000000 0.000000 0.438873 0.604991
1.046506 -1.637398 0.263903 0.000000 1.000000 0.000000 0.453110 0.597327
1.953494 -1.637398 0.263903 0.000000 1.000000 0.000000 0.453110 0.506616
1.000000 -1.637398 1.017499 0.000000 1.000000 0.000000 0.444649 0.649457
1.046506 -1.637398 0.970993 0.000000 1.000000 0.000000 0.438873 0.643681
1.046506 -1.637398 0.659504 0.000000 1.000000 0.000000 0.438873 0.604991
1.000000 -1.637398 1.017499 0.000000 1.000000 -0.000000 0.457761 0.501965
2.000000 -1.637398 1.017499 0.000000 1.000000 -0.000000 0.457761 0.601978
1.953494 -1.637398 0.970993 0.000000 1.000000 -0.000000 0.453110 0.597327
1.046506 -1.637398 0.970993 0.000000 1.000000 -0.000000 0.453110 0.506616
2.000000 -1.637398 1.017499 -0.000000 1.000000 0.000000 0.444649 0.649457
1.953494 -1.637398 0.659504 -0.000000 1.000000 0.000000 0.450426 0.604991
1.953494 -1.637398 0.970993 -0.000000 1.000000 0.000000 0.450426 0.643681
1.046506 -1.637398 0.659504 0.000000 1.000000 0.000000 0.453110 0.597327
1.953494 -1.637398 0.659504 0.000000 1.000000 0.000000 0.453110 0.506616
1.000000 -1.637398 1.017499 0.000000 1.000000 0.000000 0.444649 0.599214
1.000000 -1.637398 1.422000 0.000000 1.000000 0.000000 0.444649 0.649457
1.046506 -1.637398 1.375494 0.000000 1.000000 0.000000 0.438873 0.643681
1.046506 -1.637398 1.064005 0.000000 1.000000 0.000000 0.438873 0.604991
1.953494 -1.637398 1.375494 0.000000 1.000000 -0.000000 0.462413 0.506616
1.046506 -1.637398 1.375494 0.000000 1.000000 -0.000000 0.462413 0.597327
2.000000 -1.637398 1.422000 -0.000000 1.000000 0.000000 0.444649 0.649457
2.000000 -1.637398 1.017499 -0.000000 1.000000 0.000000 0.444649 0.599214
1.953494 -1.637398 1.064005 -0.000000 1.000000 0.000000 0.450426 0.604991
1.953494 -1.637398 1.375494 -0.000000 1.000000 0.000000 0.450426 0.643681
1.046506 -1.637398 1.064005 0.000000 1.000000 0.000000 0.462413 0.506616
1.953494 -1.637398 1.064005 0.000000 1.000000 0.000000 0.462413 0.597327
2.000000 -1.637398 0.000000 1.000000 -0.000000 0.000000 0.255777 0.722997
2.000000 -1.637398 0.217397 1.000000 -0.000000 0.000000 0.255777 0.750000
2.000000 -1.683904 0.170891 1.000000 -0.000000 0.000000 0.250000 0.744223
2.000000 -1.683904 0.001257 1.000000 -0.000000 0.000000 0.250000 0.723153
2.000000 -1.637398 0.217397 1.000000 0.000000 -0.000000 0.438315 0.507334
2.000000 -2.362602 0.217397 1.000000 0.000000 -0.000000 0.438315 0.597412
2.000000 -2.316096 0.170891 1.000000 0.000000 -0.000000 0.432539 0.591636
2.000000 -1.683904 0.170891 1.000000 0.000000 -0.000000 0.432539 0.513111
2.000000 -2.362602 0.217397 1.000000 0.000000 0.000000 0.255777 0.750000
2.000000 -2.362602 0.000000 1.000000 0.000000 0.000000 0.255777 0.722997
2.000000 -2.316096 0.001257 1.000000 0.000000 0.000000 0.261553 0.723153
2.000000 -2.316096 0.170891 1.000000 0.000000 0.000000 0.261553 0.744223
2.000000 -1.637398 0.217397 1.000000 -0.000000 0.000000 0.444649 0.648352
2.000000 -1.637398 0.612998 1.000000 -0.000000 0.000000 0.444649 0.599214
2.000000 -1.683904 0.566492 1.000000 -0.000000 0.000000 0.450426 0.604991
2.000000 -1.683904 0.263903 1.000000 -0.000000 0.000000 0.450426 0.642575
2.000000 -1.637398 0.612998 1.000000 0.000000 -0.000000 0.438315 0.597412
2.000000 -2.362602 0.612998 1.000000 0.000000 -0.000000 0.438315 0.507334
2.000000 -2.316096 0.566492 1.000000 0.000000 -0.000000 0.444092 0.513111
2.000000 -1.683904 0.566492 1.000000 0.000000 -0.000000 0.444092 0.591636
2.000000 -2.362602 0.612998 1.000000 0.000000 0.000000 0.444649 0.648352
2.000000 -2.362602 0.217397 1.000000 0.000000 0.000000 0.444649 0.599214
2.000000 -2.316096 0.263903 1.000000 0.000000 0.000000 0.450426 0.604991
2.000000 -2.316096 0.566492 1.000000 0.000000 0.000000 0.450426 0.642575
2.000000 -1.683904 0.263903 1.000000 0.000000 0.000000 0.444092 0.513111
2.000000 -2.316096 0.263903 1.000000 0.000000 0.000000 0.444092 0.591636
2.000000 -1.637398 1.017499 1.000000 -0.000000 0.000000 0.444649 0.649457
2.000000 -1.683904 0.970993 1.000000 -0.000000 0.000000 0.438873 0.643681
2.000000 -1.683904 0.659504 1.000000 -0.000000 0.000000 0.438873 0.604991
2.000000 -1.637398 1.017499 1.000000 0.000000 -0.000000 0.438315 0.597412
2.000000 -2.362602 1.017499 1.000000 0.000000 -0.000000 0.438315 0.507334
2.000000 -2.316096 0.970993 1.000000 0.000000 -0.000000 0.444092 0.513111
2.000000 -1.683904 0.970993 1.000000 0.000000 -0.000000 0.444092 0.591636
2.000000 -2.362602 1.017499 1.000000 0.000000 0.000000 0.444649 0.649457
2.000000 -2.362602 0.612998 1.000000 0.000000 0.000000 0.444649 0.599214
2.000000 -2.316096 0.659504 1.000000 0.000000 0.000000 0.450426 0.604991
2.000000 -2.316096 0.970993 1.000000 0.000000 0.000000 0.450426 0.643681
2.000000 -1.683904 0.659504 1.000000 0.000000 0.000000 0.432539 0.591636
2.000000 -2.316096 0.659504 1.000000 0.000000 0.000000 0.432539 0.513111
2.000000 -1.637398 1.017499 1.000000 -0.000000 0.000000 0.444649 0.599214
2.000000 -1.637398 1.422000 1.000000 -0.000000 0.000000 0.444649 0.649457
2.000000 -1.683904 1.375494 1.000000 -0.000000 0.000000 0.438873 0.643681
2.000000 -1.683904 1.064005 1.000000 -0.000000 0.000000 0.438873 0.604991
2.000000 -2.316096 1.375494 1.000000 0.000000 -0.000000 0.444092 0.513111
2.000000 -1.683904 1.375494 1.000000 0.000000 -0.000000 0.444092 0.591636
2.000000 -2.362602 1.422000 1.000000 0.000000 0.000000 0.444649 0.649457
2.000000 -2.362602 1.017499 1.000000 0.000000 0.000000 0.444649 0.599214
2.000000 -2.316096 1.064005 1.000000 0.000000 0.000000 0.450426 0.604991
2.000000 -2.316096 1.375494 1.000000 0.000000 0.000000 0.450426 0.643681
2.000000 -1.683904 1.064005 1.000000 0.000000 0.000000 0.432539 0.591636
2.000000 -2.316096 1.064005 1.000000 0.000000 0.000000 0.432539 0.513111
0.000000 -2.362602 0.000000 -1.000000 -0.000000 0.000000 0.255777 0.722997
0.000000 -2.362602 0.217397 -1.000000 -0.000000 0.000000 0.255777 0.750000
0.000000 -2.316096 0.170891 -1.000000 -0.000000 0.000000 0.250000 0.744223
0.000000 -2.316096 0.001257 -1.000000 -0.000000 0.000000 0.250000 0.723153
0.000000 -2.362602 0.217397 -1.000000 0.000000 0.000000 0.438315 0.507334
0.000000 -1.637398 0.217397 -1.000000 0.000000 0.000000 0.438315 0.597412
0.000000 -1.683904 0.170891 -1.000000 0.000000 0.000000 0.432539 0.591636
0.000000 -2.316096 0.170891 -1.000000 0.000000 0.000000 0.432539 0.513111
0.000000 -1.637398 0.217397 -1.000000 0.000000 0.000000 0.255777 0.750000
0.000000 -1.637398 0.000000 -1.000000 0.000000 0.000000 0.255777 0.722997
0.000000 -1.683904 0.001257 -1.000000 0.000000 0.000000 0.261553 0.723153
0.000000 -1.683904 0.170891 -1.000000 0.000000 0.000000 0.261553 0.744223
0.000000 -2.362602 0.217397 -1.000000 -0.000000 0.000000 0.444649 0.599214
0.000000 -2.362602 0.612998 -1.000000 -0.000000 0.000000 0.444649 0.648352
0.000000 -2.316096 0.566492 -1.000000 -0.000000 0.000000 0.438873 0.642575
0.000000 -2.316096 0.263903 -1.000000 -0.000000 0.000000 0.438873 0.604991
0.000000 -2.362602 0.612998 -1.000000 0.000000 0.000000 0.438315 0.507334
0.000000 -1.637398 0.612998 -1.000000 0.000000 0.000000 0.438315 0.597412
0.000000 -1.683904 0.566492 -1.000000 0.000000 0.000000 0.432539 0.591636
0.000000 -2.316096 0.566492 -1.000000 0.000000 0.000000 0.432539 0.513111
0.000000 -1.637398 0.612998 -1.000000 0.000000 0.000000 0.444649 0.648352
0.000000 -1.637398 0.217397 -1.000000 0.000000 0.000000 0.444649 0.599214
0.000000 -1.683904 0.263903 -1.000000 0.000000 0.000000 0.450426 0.604991
0.000000 -1.683904 0.566492 -1.000000 0.000000 0.000000 0.450426 0.642575
0.000000 -2.316096 0.263903 -1.000000 0.000000 -0.000000 0.444092 0.513111
0.000000 -1.683904 0.263903 -1.000000 0.000000 -0.000000 0.444092 0.591636
0.000000 -2.362602 0.612998 -1.000000 -0.000000 0.000000 0.444649 0.649457
0.000000 -2.362602 1.017499 -1.000000 -0.000000 0.000000 0.444649 0.599214
0.000000 -2.316096 0.970993 -1.000000 -0.000000 0.000000 0.450426 0.604991
0.000000 -2.316096 0.659504 -1.000000 -0.000000 0.000000 0.450426 0.643681
0.000000 -2.362602 1.017499 -1.000000 0.000000 0.000000 0.438315 0.507334
0.000000 -1.637398 1.017499 -1.000000 0.000000 0.000000 0.438315 0.597412
0.000000 -1.683904 0.970993 -1.000000 0.000000 0.000000 0.432539 0.591636
0.000000 -2.316096 0.970993 -1.000000 0.000000 0.000000 0.432539 0.513110
0.000000 -1.637398 1.017499 -1.000000 0.000000 0.000000 0.444649 0.649457
0.000000 -1.637398 0.612998 -1.000000 0.000000 0.000000 0.444649 0.599214
0.000000 -1.683904 0.659504 -1.000000 0.000000 0.000000 0.450426 0.604991
0.000000 -1.683904 0.970993 -1.000000 0.000000 0.000000 0.450426 0.643681
0.000000 -2.316096 0.659504 -1.000000 0.000000 -0.000000 0.444092 0.513111
0.000000 -1.683904 0.659504 -1.000000 0.000000 -0.000000 0.444092 0.591636
0.000000 -2.362602 1.422000 -1.000000 -0.000000 0.000000 0.444649 0.649457
0.000000 -2.316096 1.375494 -1.000000 -0.000000 0.000000 0.438873 0.643681
0.000000 -2.316096 1.064005 -1.000000 -0.000000 0.000000 0.438873 0.604991
0.000000 -1.683904 1.375494 -1.000000 0.000000 0.000000 0.432539 0.591636
0.000000 -2.316096 1.375494 -1.000000 0.000000 0.000000 0.432539 0.513111
0.000000 -1.637398 1.422000 -1.000000 0.000000 0.000000 0.444649 0.649457
0.000000 -1.637398 1.017499 -1.000000 0.000000 0.000000 0.444649 0.599214
0.000000 -1.683904 1.064005 -1.000000 0.000000 0.000000 0.450426 0.604991
0.000000 -1.683904 1.375494 -1.000000 0.000000 0.000000 0.450426 0.643681
0.000000 -2.316096 1.064005 -1.000000 0.000000 -0.000000 0.444092 0.513110
0.000000 -1.683904 1.064005 -1.000000 0.000000 -0.000000 0.444092 0.591636
1.000000 -2.362602 0.000000 0.000000 -1.000000 0.000000 0.255777 0.722997
1.000000 -2.362602 0.217397 0.000000 -1.000000 0.000000 0.255777 0.750000
0.953494 -2.362602 0.170891 0.000000 -1.000000 0.000000 0.250000 0.744223
0.953494 -2.362602 0.001257 0.000000 -1.000000 0.000000 0.250000 0.723153
1.000000 -2.362602 0.217397 0.000000 -1.000000 0.000000 0.457761 0.501965
0.000000 -2.362602 0.217397 0.000000 -1.000000 0.000000 0.457761 0.601978
0.046506 -2.362602 0.170891 0.000000 -1.000000 0.000000 0.453110 0.597327
0.953494 -2.362602 0.170891 0.000000 -1.000000 0.000000 0.453110 0.506616
0.000000 -2.362602 0.217397 -0.000000 -1.000000 0.000000 0.255777 0.750000
0.000000 -2.362602 0.000000 -0.000000 -1.000000 0.000000 0.255777 0.722997
0.046506 -2.362602 0.001257 -0.000000 -1.000000 0.000000 0.261553 0.723153
0.046506 -2.362602 0.170891 -0.000000 -1.000000 0.000000 0.261553 0.744223
1.000000 -2.362602 0.217397 0.000000 -1.000000 0.000000 0.444649 0.599214
1.000000 -2.362602 0.612998 0.000000 -1.000000 0.000000 0.444649 0.648352
0.953494 -2.362602 0.566492 0.000000 -1.000000 0.000000 0.438873 0.642575
0.953494 -2.362602 0.263903 0.000000 -1.000000 0.000000 0.438873 0.604991
1.000000 -2.362602 0.612998 0.000000 -1.000000 0.000000 0.457761 0.601978
0.000000 -2.362602 0.612998 0.000000 -1.000000 0.000000 0.457761 0.501965
0.046506 -2.362602 0.566492 0.000000 -1.000000 0.000000 0.462413 0.506616
0.953494 -2.362602 0.566492 0.000000 -1.000000 0.000000 0.462413 0.597327
0.000000 -2.362602 0.612998 -0.000000 -1.000000 0.000000 0.444649 0.648352
0.000000 -2.362602 0.217397 -0.000000 -1.000000 0.000000 0.444649 0.599214
0.046506 -2.362602 0.263903 -0.000000 -1.000000 0.000000 0.450426 0.604991
0.046506 -2.362602 0.566492 -0.000000 -1.000000 0.000000 0.450426 0.642575
0.953494 -2.362602 0.263903 0.000000 -1.000000 -0.000000 0.462413 0.506616
0.046506 -2.362602 0.263903 0.000000 -1.000000 -0.000000 0.462413 0.597327
1.000000 -2.362602 0.612998 0.000000 -1.000000 0.000000 0.444649 0.599214
1.000000 -2.362602 1.017499 0.000000 -1.000000 0.000000 0.444649 0.649458
0.953494 -2.362602 0.970993 0.000000 -1.000000 0.000000 0.438873 0.643681
0.953494 -2.362602 0.659504 0.000000 -1.000000 0.000000 0.438873 0.604991
1.000000 -2.362602 1.017499 0.000000 -1.000000 0.000000 0.457761 0.601979
0.000000 -2.362602 1.017499 0.000000 -1.000000 0.000000 0.457761 0.501965
0.046506 -2.362602 0.970993 0.000000 -1.000000 0.000000 0.462413 0.506616
0.953494 -2.362602 0.970993 0.000000 -1.000000 0.000000 0.462413 0.597327
0.000000 -2.362602 1.017499 -0.000000 -1.000000 0.000000 0.444649 0.599214
0.000000 -2.362602 0.612998 -0.000000 -1.000000 0.000000 0.444649 0.649457
0.046506 -2.362602 0.659504 -0.000000 -1.000000 0.000000 0.438873 0.643681
0.046506 -2.362602 0.970993 -0.000000 -1.000000 0.000000 0.438873 0.604991
0.953494 -2.362602 0.659504 0.000000 -1.000000 -0.000000 0.453110 0.597327
0.046506 -2.362602 0.659504 0.000000 -1.000000 -0.000000 0.453110 0.506616
1.000000 -2.362602 1.017499 0.000000 -1.000000 0.000000 0.444649 0.599214
1.000000 -2.362602 1.422000 0.000000 -1.000000 0.000000 0.444649 0.649457
0.953494 -2.362602 1.375494 0.000000 -1.000000 0.000000 0.438873 0.643681
0.953494 -2.362602 1.064005 0.000000 -1.000000 0.000000 0.438873 0.604991
0.046506 -2.362602 1.375494 0.000000 -1.000000 0.000000 0.453110 0.597327
0.953494 -2.362602 1.375494 0.000000 -1.000000 0.000000 0.453110 0.506616
0.000000 -2.362602 1.422000 -0.000000 -1.000000 0.000000 0.444649 0.649457
0.046506 -2.362602 1.064005 -0.000000 -1.000000 0.000000 0.450426 0.604991
0.046506 -2.362602 1.375494 -0.000000 -1.000000 0.000000 0.450426 0.643681
0.953494 -2.362602 1.064005 0.000000 -1.000000 -0.000000 0.453110 0.597327
0.046506 -2.362602 1.064005 0.000000 -1.000000 -0.000000 0.453110 0.506616
2.000000 -2.362602 1.017499 0.000000 -1.000000 0.000000 0.444649 0.599214
2.000000 -2.362602 1.422000 0.000000 -1.000000 0.000000 0.444649 0.649457
1.953494 -2.362602 1.375494 0.000000 -1.000000 0.000000 0.438873 0.643681
1.953494 -2.362602 1.064005 0.000000 -1.000000 0.000000 0.438873 0.604991
2.000000 -2.362602 1.422000 0.000000 -1.000000 0.000000 0.457903 0.502106
1.000000 -2.362602 1.422000 0.000000 -1.000000 0.000000 0.457903 0.602120
1.046506 -2.362602 1.375494 0.000000 -1.000000 0.000000 0.453252 0.597469
1.953494 -2.362602 1.375494 0.000000 -1.000000 0.000000 0.453252 0.506757
1.046506 -2.362602 1.064005 -0.000000 -1.000000 0.000000 0.450426 0.604991
1.046506 -2.362602 1.375494 -0.000000 -1.000000 0.000000 0.450426 0.643681
1.000000 -2.362602 1.017499 0.000000 -1.000000 -0.000000 0.457762 0.501965
2.000000 -2.362602 1.017499 0.000000 -1.000000 -0.000000 0.457761 0.601978
1.953494 -2.362602 1.064005 0.000000 -1.000000 -0.000000 0.453110 0.597327
1.046506 -2.362602 1.064005 0.000000 -1.000000 -0.000000 0.453110 0.506616
2.000000 -2.362602 0.612998 0.000000 -1.000000 0.000000 0.444649 0.599214
2.000000 -2.362602 1.017499 0.000000 -1.000000 0.000000 0.444649 0.649457
1.953494 -2.362602 0.970993 0.000000 -1.000000 0.000000 0.438873 0.643681
1.953494 -2.362602 0.659504 0.000000 -1.000000 0.000000 0.438873 0.604991
1.046506 -2.362602 0.970993 0.000000 -1.000000 0.000000 0.462413 0.506616
1.953494 -2.362602 0.970993 0.000000 -1.000000 0.000000 0.462413 0.597327
1.046506 -2.362602 0.659504 -0.000000 -1.000000 0.000000 0.450426 0.604991
1.046506 -2.362602 0.970993 -0.000000 -1.000000 0.000000 0.450426 0.643681
2.000000 -2.362602 0.612998 0.000000 -1.000000 -0.000000 0.457761 0.501965
1.953494 -2.362602 0.659504 0.000000 -1.000000 -0.000000 0.462413 0.506616
1.046506 -2.362602 0.659504 0.000000 -1.000000 -0.000000 0.462413 0.597327
2.000000 -2.362602 0.217397 0.000000 -1.000000 0.000000 0.444649 0.599214
2.000000 -2.362602 0.612998 0.000000 -1.000000 0.000000 0.444649 0.648352
1.953494 -2.362602 0.566492 0.000000 -1.000000 0.000000 0.438873 0.642575
1.953494 -2.362602 0.263903 0.000000 -1.000000 0.000000 0.438873 0.604991
1.046506 -2.362602 0.566492 0.000000 -1.000000 0.000000 0.453110 0.597327
1.953494 -2.362602 0.566492 0.000000 -1.000000 0.000000 0.453110 0.506616
1.046506 -2.362602 0.263903 -0.000000 -1.000000 0.000000 0.450426 0.604991
1.046506 -2.362602 0.566492 -0.000000 -1.000000 0.000000 0.450426 0.642575
2.000000 -2.362602 0.217397 0.000000 -1.000000 -0.000000 0.457761 0.601978
1.953494 -2.362602 0.263903 0.000000 -1.000000 -0.000000 0.453110 0.597327
1.046506 -2.362602 0.263903 0.000000 -1.000000 -0.000000 0.453110 0.506616
2.000000 -2.362602 0.000000 0.000000 -1.000000 0.000000 0.255777 0.722997
2.000000 -2.362602 0.217397 0.000000 -1.000000 0.000000 0.255777 0.750000
1.953494 -2.362602 0.170891 0.000000 -1.000000 0.000000 0.250000 0.744223
1.953494 -2.362602 0.001257 0.000000 -1.000000 0.000000 0.250000 0.723153
1.046506 -2.362602 0.170891 0.000000 -1.000000 0.000000 0.462413 0.506616
1.953494 -2.362602 0.170891 0.000000 -1.000000 0.000000 0.462413 0.597327
1.046506 -2.362602 0.001257 -0.000000 -1.000000 0.000000 0.261553 0.723153
1.046506 -2.362602 0.170891 -0.000000 -1.000000 0.000000 0.261553 0.744223
0.000000 -1.637398 1.017499 0.000000 1.000000 0.000000 0.444649 0.599214
0.000000 -1.637398 1.422000 0.000000 1.000000 0.000000 0.444649 0.649457
0.046506 -1.637398 1.375494 0.000000 1.000000 0.000000 0.438873 0.643681
0.046506 -1.637398 1.064005 0.000000 1.000000 0.000000 0.438873 0.604991
0.000000 -1.637398 1.422000 0.000000 1.000000 -0.000000 0.457761 0.601978
1.000000 -1.637398 1.422000 0.000000 1.000000 -0.000000 0.457761 0.501965
0.953494 -1.637398 1.375494 0.000000 1.000000 -0.000000 0.462413 0.506616
0.046506 -1.637398 1.375494 0.000000 1.000000 -0.000000 0.462413 0.597327
0.953494 -1.637398 1.064005 -0.000000 1.000000 0.000000 0.450426 0.604991
0.953494 -1.637398 1.375494 -0.000000 1.000000 0.000000 0.450426 0.643681
1.000000 -1.637398 1.017499 0.000000 1.000000 0.000000 0.457761 0.601978
0.000000 -1.637398 1.017499 0.000000 1.000000 0.000000 0.457761 0.501965
0.046506 -1.637398 1.064005 0.000000 1.000000 0.000000 0.462413 0.506616
0.953494 -1.637398 1.064005 0.000000 1.000000 0.000000 0.462413 0.597327
0.000000 -1.637398 0.612998 0.000000 1.000000 0.000000 0.444649 0.599214
0.000000 -1.637398 1.017499 0.000000 1.000000 0.000000 0.444649 0.649457
0.046506 -1.637398 0.970993 0.000000 1.000000 0.000000 0.438873 0.643681
0.046506 -1.637398 0.659504 0.000000 1.000000 0.000000 0.438873 0.604991
0.953494 -1.637398 0.970993 0.000000 1.000000 -0.000000 0.453110 0.597327
0.046506 -1.637398 0.970993 0.000000 1.000000 -0.000000 0.453110 0.506616
0.953494 -1.637398 0.659504 -0.000000 1.000000 0.000000 0.450426 0.604991
0.953494 -1.637398 0.970993 -0.000000 1.000000 0.000000 0.450426 0.643681
1.000000 -1.637398 0.612998 0.000000 1.000000 0.000000 0.457761 0.501965
0.000000 -1.637398 0.612998 0.000000 1.000000 0.000000 0.457761 0.601978
0.046506 -1.637398 0.659504 0.000000 1.000000 0.000000 0.453110 0.597327
0.953494 -1.637398 0.659504 0.000000 1.000000 0.000000 0.453110 0.506616
0.000000 -1.637398 0.217397 0.000000 1.000000 0.000000 0.444649 0.599214
0.000000 -1.637398 0.612998 0.000000 1.000000 0.000000 0.444649 0.648352
0.046506 -1.637398 0.566492 0.000000 1.000000 0.000000 0.438873 0.642575
0.046506 -1.637398 0.263903 0.000000 1.000000 0.000000 0.438873 0.604991
0.953494 -1.637398 0.566492 0.000000 1.000000 -0.000000 0.462413 0.506616
0.046506 -1.637398 0.566492 0.000000 1.000000 -0.000000 0.462413 0.597327
0.953494 -1.637398 0.263903 -0.000000 1.000000 0.000000 0.438873 0.642575
0.953494 -1.637398 0.566492 -0.000000 1.000000 0.000000 0.438873 0.604991
0.000000 -1.637398 0.217397 0.000000 1.000000 0.000000 0.457761 0.501965
0.046506 -1.637398 0.263903 0.000000 1.000000 0.000000 0.462413 0.506616
0.953494 -1.637398 0.263903 0.000000 1.000000 0.000000 0.462413 0.597327
0.000000 -1.637398 0.000000 0.000000 1.000000 0.000000 0.255777 0.722997
0.000000 -1.637398 0.217397 0.000000 1.000000 0.000000 0.255777 0.750000
0.046506 -1.637398 0.170891 0.000000 1.000000 0.000000 0.250000 0.744223
0.046506 -1.637398 0.001257 0.000000 1.000000 0.000000 0.250000 0.723153
0.953494 -1.637398 0.170891 0.000000 1.000000 -0.000000 0.453110 0.597327
0.046506 -1.637398 0.170891 0.000000 1.000000 -0.000000 0.453110 0.506616
0.953494 -1.637398 0.001257 -0.000000 1.000000 0.000000 0.261553 0.723153
0.953494 -1.637398 0.170891 -0.000000 1.000000 0.000000 0.261553 0.744223
0.000000 -1.637398 1.422000 0.000000 1.000000 0.000000 0.444649 0.599214
0.000000 -1.637398 1.800000 0.000000 1.000000 0.000000 0.444649 0.646166
0.046506 -1.637398 1.753494 0.000000 1.000000 0.000000 0.438873 0.640389
0.046506 -1.637398 1.468506 0.000000 1.000000 0.000000 0.438873 0.604991
0.000000 -1.637398 1.800000 0.000000 1.000000 -0.000000 0.448996 0.652041
1.000000 -1.637398 1.800000 0.000000 1.000000 -0.000000 0.448996 0.746511
0.953494 -1.637398 1.753494 0.000000 1.000000 -0.000000 0.444602 0.742117
0.046506 -1.637398 1.753494 0.000000 1.000000 -0.000000 0.444602 0.656434
0.953494 -1.637398 1.468506 -0.000000 1.000000 0.000000 0.450426 0.604991
0.953494 -1.637398 1.753494 -0.000000 1.000000 0.000000 0.450426 0.640389
0.046506 -1.637398 1.468506 0.000000 1.000000 0.000000 0.453110 0.597327
0.953494 -1.637398 1.468506 0.000000 1.000000 0.000000 0.453110 0.506616
2.000000 -2.362602 1.422000 0.000000 -1.000000 0.000000 0.444649 0.599214
2.000000 -2.362602 1.800000 0.000000 -1.000000 0.000000 0.444649 0.646166
1.953494 -2.362602 1.753494 0.000000 -1.000000 0.000000 0.438873 0.640389
1.953494 -2.362602 1.468506 0.000000 -1.000000 0.000000 0.438873 0.604991
2.000000 -2.362602 1.800000 0.000000 -1.000000 0.000000 0.448996 0.652041
1.000000 -2.362602 1.800000 0.000000 -1.000000 0.000000 0.448996 0.746511
1.046506 -2.362602 1.753494 0.000000 -1.000000 0.000000 0.444602 0.742117
1.953494 -2.362602 1.753494 0.000000 -1.000000 0.000000 0.444602 0.656434
1.046506 -2.362602 1.468506 -0.000000 -1.000000 0.000000 0.450426 0.604991
1.046506 -2.362602 1.753494 -0.000000 -1.000000 0.000000 0.450426 0.640389
1.953494 -2.362602 1.468506 0.000000 -1.000000 -0.000000 0.462554 0.506757
1.046506 -2.362602 1.468506 0.000000 -1.000000 -0.000000 0.462554 0.597469
2.000000 -1.637398 1.800000 0.000000 -0.000000 1.000000 0.448996 0.746511
1.000000 -1.637398 1.800000 0.000000 -0.000000 1.000000 0.448996 0.652041
1.000000 -1.683904 1.800000 0.000000 -0.000000 1.000000 0.453389 0.652041
1.953494 -1.683904 1.800000 0.000000 -0.000000 1.000000 0.453389 0.742118
1.000000 -2.362602 1.800000 0.000000 0.000000 1.000000 0.448996 0.746511
2.000000 -2.362602 1.800000 0.000000 0.000000 1.000000 0.448996 0.652041
1.953494 -2.316096 1.800000 0.000000 0.000000 1.000000 0.453389 0.656434
1.000000 -2.316096 1.800000 0.000000 0.000000 1.000000 0.453389 0.746511
2.000000 -2.362602 1.800000 -0.000000 0.000000 1.000000 0.438315 0.507334
2.000000 -1.637398 1.800000 -0.000000 0.000000 1.000000 0.438315 0.597412
1.953494 -1.683904 1.800000 -0.000000 0.000000 1.000000 0.432539 0.591636
1.953494 -2.316096 1.800000 -0.000000 0.000000 1.000000 0.432539 0.513111
-1.000787 -1.605600 2.357130 0.000000 0.000000 1.000000 0.151064 0.652458
-0.295787 -1.605600 2.357130 0.000000 0.000000 1.000000 0.151064 0.701089
-0.295787 -1.545600 2.357130 0.000000 0.000000 1.000000 0.146925 0.701089
-1.000787 -1.545600 2.357130 0.000000 0.000000 1.000000 0.146925 0.652458
-1.000787 -1.545600 2.277130 -0.000000 1.000000 0.000000 0.230265 0.665954
-0.295787 -1.545600 2.277130 -0.000000 1.000000 0.000000 0.230265 0.697403
-0.295787 -1.545600 2.257130 -0.000000 1.000000 0.000000 0.228991 0.697403
-1.000787 -1.545600 2.257130 -0.000000 1.000000 0.000000 0.228991 0.665954
-1.000787 -1.545600 2.257130 0.000000 0.000000 -1.000000 0.151064 0.652458
-0.295787 -1.545600 2.257130 0.000000 0.000000 -1.000000 0.151064 0.701089
-0.295787 -1.605600 2.257130 0.000000 0.000000 -1.000000 0.146925 0.701089
-1.000787 -1.605600 2.257130 0.000000 0.000000 -1.000000 0.146925 0.652458
-1.000787 -1.605600 2.337130 0.000000 -1.000000 0.000000 0.230265 0.665954
-0.295787 -1.605600 2.337130 0.000000 -1.000000 0.000000 0.230265 0.697403
-0.295787 -1.605600 2.357130 0.000000 -1.000000 0.000000 0.228991 0.697403
-1.000787 -1.605600 2.357130 0.000000 -1.000000 0.000000 0.228991 0.665954
-1.000787 -1.605600 2.277130 -0.000000 -0.124249 0.992251 0.235699 0.665954
-0.295787 -1.605600 2.277130 -0.000000 -0.124249 0.992251 0.235699 0.697403
-0.295787 -1.591289 2.278922 -0.000000 -0.124249 0.992251 0.234780 0.697403
-1.000787 -1.591289 2.278922 -0.000000 -0.124249 0.992251 0.234780 0.665954
-1.000787 -1.605600 2.257130 0.000000 -1.000000 0.000000 0.236974 0.665954
-0.295787 -1.605600 2.257130 0.000000 -1.000000 0.000000 0.236973 0.697403
-0.295787 -1.605600 2.277130 0.000000 -1.000000 0.000000 0.235699 0.697403
-1.000787 -1.605600 2.277130 0.000000 -1.000000 0.000000 0.235699 0.665954
-1.000787 -1.591289 2.278922 0.000000 -1.000000 0.000000 0.234780 0.665954
-0.295787 -1.591289 2.278922 0.000000 -1.000000 0.000000 0.234780 0.697403
-0.295787 -1.591289 2.335338 0.000000 -1.000000 0.000000 0.231185 0.697403
-1.000787 -1.591289 2.335338 0.000000 -1.000000 0.000000 0.231185 0.665954
-1.000787 -1.591289 2.335338 0.000000 -0.124274 -0.992248 0.231185 0.665954
-0.295787 -1.591289 2.335338 0.000000 -0.124274 -0.992248 0.231185 0.697403
-0.295787 -1.605600 2.337130 0.000000 -0.124274 -0.992248 0.230265 0.697403
-1.000787 -1.605600 2.337130 0.000000 -0.124274 -0.992248 0.230265 0.665954
-1.000787 -1.545600 2.357130 -0.000000 1.000000 0.000000 0.236973 0.665954
-0.295787 -1.545600 2.357130 -0.000000 1.000000 0.000000 0.236973 0.697403
-0.295787 -1.545600 2.337130 -0.000000 1.000000 0.000000 0.235699 0.697403
-1.000787 -1.545600 2.337130 -0.000000 1.000000 0.000000 0.235699 0.665954
-1.000787 -1.545600 2.337130 0.000000 0.124274 -0.992248 0.235699 0.665954
-0.295787 -1.545600 2.337130 0.000000 0.124274 -0.992248 0.235699 0.697403
-0.295787 -1.559910 2.335338 0.000000 0.124274 -0.992248 0.234780 0.697403
-1.000787 -1.559910 2.335338 0.000000 0.124274 -0.992248 0.234780 0.665954
-1.000787 -1.559910 2.335338 -0.000000 1.000000 -0.000000 0.234780 0.665954
-0.295787 -1.559910 2.335338 -0.000000 1.000000 -0.000000 0.234780 0.697403
-0.295787 -1.559910 2.278922 -0.000000 1.000000 -0.000000 0.231184 0.697403
-1.000787 -1.559910 2.278922 -0.000000 1.000000 -0.000000 0.231185 0.665954
-1.000787 -1.559910 2.278922 -0.000000 0.124249 0.992251 0.231185 0.665954
-0.295787 -1.559910 2.278922 -0.000000 0.124249 0.992251 0.231184 0.697403
-0.295787 -1.545600 2.277130 -0.000000 0.124249 0.992251 0.230265 0.697403
-1.000787 -1.545600 2.277130 -0.000000 0.124249 0.992251 0.230265 0.665954
-1.705787 -1.559910 2.278922 0.000000 0.124249 0.992251 0.231185 0.697394
-1.000787 -1.559910 2.278922 0.000000 0.124249 0.992251 0.231185 0.665945
-1.000787 -1.545600 2.277130 0.000000 0.124249 0.992251 0.230265 0.665945
-1.705787 -1.545600 2.277130 0.000000 0.124249 0.992251 0.230265 0.697394
-1.705787 -1.559910 2.335337 0.000000 1.000000 -0.000000 0.234780 0.697394
-1.000787 -1.559910 2.335338 0.000000 1.000000 -0.000000 0.234780 0.665945
-1.000787 -1.559910 2.278922 0.000000 1.000000 -0.000000 0.231185 0.665945
-1.705787 -1.559910 2.278922 0.000000 1.000000 -0.000000 0.231185 0.697394
-1.705787 -1.545600 2.337130 0.000000 0.124282 -0.992247 0.235699 0.697394
-1.000787 -1.545600 2.337130 0.000000 0.124282 -0.992247 0.235699 0.665945
-1.000787 -1.559910 2.335338 0.000000 0.124282 -0.992247 0.234780 0.665945
-1.705787 -1.559910 2.335337 0.000000 0.124282 -0.992247 0.234780 0.697394
-1.705787 -1.545600 2.357130 0.000000 1.000000 -0.000000 0.236973 0.697394
-1.000787 -1.545600 2.357130 0.000000 1.000000 -0.000000 0.236973 0.665945
-1.000787 -1.545600 2.337130 0.000000 1.000000 -0.000000 0.235699 0.665945
-1.705787 -1.545600 2.337130 0.000000 1.000000 -0.000000 0.235699 0.697394
-1.705787 -1.591289 2.335337 0.000000 -0.124282 -0.992247 0.231197 0.697403
-1.000787 -1.591289 2.335338 0.000000 -0.124282 -0.992247 0.231197 0.665954
-1.000787 -1.605600 2.337130 0.000000 -0.124282 -0.992247 0.230278 0.665954
-1.705787 -1.605600 2.337130 0.000000 -0.124282 -0.992247 0.230278 0.697403
-1.705787 -1.591289 2.278922 0.000000 -1.000000 0.000000 0.234793 0.697403
-1.000787 -1.591289 2.278922 0.000000 -1.000000 0.000000 0.234793 0.665954
-1.000787 -1.591289 2.335338 0.000000 -1.000000 0.000000 0.231197 0.665954
-1.705787 -1.591289 2.335337 0.000000 -1.000000 0.000000 0.231197 0.697403
-1.705787 -1.605600 2.257130 0.000000 -1.000000 0.000000 0.236986 0.697403
-1.000787 -1.605600 2.257130 0.000000 -1.000000 0.000000 0.236986 0.665954
-1.000787 -1.605600 2.277130 0.000000 -1.000000 0.000000 0.235712 0.665954
-1.705787 -1.605600 2.277130 0.000000 -1.000000 0.000000 0.235712 0.697403
-1.705787 -1.605600 2.277130 0.000000 -0.124249 0.992251 0.235712 0.697403
-1.000787 -1.605600 2.277130 0.000000 -0.124249 0.992251 0.235712 0.665954
-1.000787 -1.591289 2.278922 0.000000 -0.124249 0.992251 0.234793 0.665954
-1.705787 -1.591289 2.278922 0.000000 -0.124249 0.992251 0.234793 0.697403
-1.705787 -1.605600 2.337130 0.000000 -1.000000 0.000000 0.230278 0.697403
-1.000787 -1.605600 2.337130 0.000000 -1.000000 0.000000 0.230278 0.665954
-1.000787 -1.605600 2.357130 0.000000 -1.000000 0.000000 0.229004 0.665954
-1.705787 -1.605600 2.357130 0.000000 -1.000000 0.000000 0.229004 0.697403
-1.705787 -1.545600 2.257130 0.000000 0.000000 -1.000000 0.151064 0.652458
-1.000787 -1.545600 2.257130 0.000000 0.000000 -1.000000 0.151064 0.701089
-1.000787 -1.605600 2.257130 0.000000 0.000000 -1.000000 0.146925 0.701089
-1.705787 -1.605600 2.257130 0.000000 0.000000 -1.000000 0.146925 0.652458
-1.705787 -1.545600 2.277130 0.000000 1.000000 -0.000000 0.230265 0.697394
-1.000787 -1.545600 2.277130 0.000000 1.000000 -0.000000 0.230265 0.665945
-1.000787 -1.545600 2.257130 0.000000 1.000000 -0.000000 0.228991 0.665945
-1.705787 -1.545600 2.257130 0.000000 1.000000 -0.000000 0.228991 0.697394
-1.705787 -1.605600 2.357130 -0.000000 0.000000 1.000000 0.151064 0.652458
-1.000787 -1.605600 2.357130 -0.000000 0.000000 1.000000 0.151064 0.701089
-1.000787 -1.545600 2.357130 -0.000000 0.000000 1.000000 0.146925 0.701089
-1.705787 -1.545600 2.357130 -0.000000 0.000000 1.000000 0.146925 0.652458
-0.305803 -1.577867 2.397125 -0.994995 0.099887 0.000000 0.000000 0.500000
-0.304475 -1.562992 2.397125 -0.993988 0.109470 0.000000 0.000000 0.500000
-0.304475 -1.562992 2.137125 -0.993988 0.109470 0.000000 0.000000 0.500000
-0.305803 -1.577867 2.137125 -0.994995 0.099887 0.000000 0.000000 0.500000
-0.303663 -1.556803 2.397125 -0.957671 0.287820 0.000000 0.000000 0.500000
-0.303663 -1.556803 2.137125 -0.957671 0.287820 0.000000 0.000000 0.500000
-0.299697 -1.553962 2.397125 -0.125431 0.992096 0.000000 0.000000 0.500000
-0.294601 -1.553765 2.397125 0.034547 0.999390 0.000000 0.000000 0.500000
-0.294601 -1.553765 2.137125 0.034547 0.999390 0.000000 0.000000 0.500000
-0.299697 -1.553962 2.137125 -0.125431 0.992096 0.000000 0.000000 0.500000
-0.303212 -1.555876 2.397125 -0.840724 0.541429 0.000000 0.000000 0.500000
-0.303212 -1.555876 2.137125 -0.840724 0.541429 0.000000 0.000000 0.500000
-0.302613 -1.555152 2.397125 -0.680288 0.732902 0.000000 0.000000 0.500000
-0.302613 -1.555152 2.137125 -0.680288 0.732902 0.000000 0.000000 0.500000
-0.301843 -1.554607 2.397125 -0.479263 0.877651 0.000000 0.000000 0.500000
-0.301843 -1.554607 2.137125 -0.479263 0.877651 0.000000 0.000000 0.500000
-0.300879 -1.554218 2.397125 -0.293710 0.955870 0.000000 0.000000 0.500000
-0.300879 -1.554218 2.137125 -0.293710 0.955870 0.000000 0.000000 0.500000
-0.285918 -1.554705 2.397125 0.141514 0.989929 0.000000 0.000000 0.500000
-0.285918 -1.554705 2.137125 0.141514 0.989929 0.000000 0.000000 0.500000
-0.276826 -1.556323 2.397125 0.131993 0.991241 0.000000 0.000000 0.500000
-0.276826 -1.556323 2.137125 0.131993 0.991241 0.000000 0.000000 0.500000
-0.267165 -1.557182 2.397125 0.088534 0.996063 0.000000 0.000000 0.500000
-0.267165 -1.557182 2.137125 0.088534 0.996063 0.000000 0.000000 0.500000
-0.309475 -1.610949 2.397125 -0.993957 0.109500 0.000000 0.000000 0.500000
-0.308020 -1.597744 2.397125 -0.993896 0.110172 0.000000 0.000000 0.500000
-0.308020 -1.597744 2.137125 -0.993896 0.110172 0.000000 0.000000 0.500000
-0.309475 -1.610949 2.137125 -0.993957 0.109500 0.000000 0.000000 0.500000
-1.694197 -1.577867 2.397125 -0.994995 -0.099887 0.000000 0.000000 0.500000
-1.695525 -1.562992 2.397125 -0.995727 -0.092166 0.000000 0.000000 0.500000
-1.695525 -1.562992 2.137125 -0.995727 -0.092166 0.000000 0.000000 0.500000
-1.694197 -1.577867 2.137125 -0.994995 -0.099887 0.000000 0.000000 0.500000
-1.696008 -1.557955 2.397125 -0.982604 -0.185614 0.000000 0.000000 0.500000
-1.696008 -1.557955 2.137125 -0.982604 -0.185614 0.000000 0.000000 0.500000
-1.690525 -1.610949 2.397125 -0.993957 -0.109500 0.000000 0.000000 0.500000
-1.691980 -1.597744 2.397125 -0.993896 -0.110172 0.000000 0.000000 0.500000
-1.691980 -1.597744 2.137125 -0.993896 -0.110172 0.000000 0.000000 0.500000
-1.690525 -1.610949 2.137125 -0.993957 -0.109500 0.000000 0.000000 0.500000
-1.705399 -1.553765 2.397125 0.017914 -0.999817 0.000000 0.000000 0.500000
-1.714082 -1.554705 2.397125 0.141514 -0.989929 0.000000 0.000000 0.500000
-1.714082 -1.554705 2.137125 0.141514 -0.989929 0.000000 0.000000 0.500000
-1.705399 -1.553765 2.137125 0.017914 -0.999817 0.000000 0.000000 0.500000
-1.696337 -1.556803 2.397125 -0.933897 -0.357524 0.000000 0.000000 0.500000
-1.696337 -1.556803 2.137125 -0.933897 -0.357524 0.000000 0.000000 0.500000
-1.696788 -1.555876 2.397125 -0.840693 -0.541459 0.000000 0.000000 0.500000
-1.696788 -1.555876 2.137125 -0.840693 -0.541459 0.000000 0.000000 0.500000
-1.697387 -1.555152 2.397125 -0.680288 -0.732933 0.000000 0.000000 0.500000
-1.697387 -1.555152 2.137125 -0.680288 -0.732933 0.000000 0.000000 0.500000
-1.698157 -1.554607 2.397125 -0.479324 -0.877621 0.000000 0.000000 0.500000
-1.698157 -1.554607 2.137125 -0.479324 -0.877621 0.000000 0.000000 0.500000
-1.699121 -1.554218 2.397125 -0.225715 -0.974181 0.000000 0.000000 0.500000
-1.699121 -1.554218 2.137125 -0.225715 -0.974181 0.000000 0.000000 0.500000
-1.723174 -1.556323 2.397125 0.131993 -0.991241 0.000000 0.000000 0.500000
-1.723174 -1.556323 2.137125 0.131993 -0.991241 0.000000 0.000000 0.500000
-1.732835 -1.557182 2.397125 0.088534 -0.996063 0.000000 0.000000 0.500000
-1.732835 -1.557182 2.137125 0.088534 -0.996063 0.000000 0.000000 0.500000
-1.000787 -1.605600 1.317130 -0.000000 0.000000 1.000000 0.151064 0.652458
-0.295787 -1.605600 1.317130 -0.000000 0.000000 1.000000 0.151064 0.701089
-0.295787 -1.545600 1.317130 -0.000000 0.000000 1.000000 0.146925 0.701089
-1.000787 -1.545600 1.317130 -0.000000 0.000000 1.000000 0.146925 0.652458
-1.000787 -1.545600 1.237130 -0.000000 1.000000 0.000000 0.230265 0.665954
-0.295787 -1.545600 1.237130 -0.000000 1.000000 0.000000 0.230265 0.697403
-0.295787 -1.545600 1.217130 -0.000000 1.000000 0.000000 0.228991 0.697403
-1.000787 -1.545600 1.217130 -0.000000 1.000000 0.000000 0.228991 0.665954
-1.000787 -1.545600 1.217130 0.000000 0.000000 -1.000000 0.151064 0.652458
-0.295787 -1.545600 1.217130 0.000000 0.000000 -1.000000 0.151064 0.701089
-0.295787 -1.605600 1.217130 0.000000 0.000000 -1.000000 0.146925 0.701089
-1.000787 -1.605600 1.217130 0.000000 0.000000 -1.000000 0.146925 0.652458
-1.000787 -1.605600 1.297130 0.000000 -1.000000 0.000000 0.230265 0.665954
-0.295787 -1.605600 1.297130 0.000000 -1.000000 0.000000 0.230265 0.697403
-0.295787 -1.605600 1.317130 0.000000 -1.000000 0.000000 0.228991 0.697403
-1.000787 -1.605600 1.317130 0.000000 -1.000000 0.000000 0.228991 0.665954
-1.000787 -1.605600 1.237130 -0.000000 -0.124245 0.992252 0.235699 0.665954
-0.295787 -1.605600 1.237130 -0.000000 -0.124245 0.992252 0.235699 0.697403
-0.295787 -1.591289 1.238922 -0.000000 -0.124245 0.992252 0.234780 0.697403
-1.000787 -1.591289 1.238922 -0.000000 -0.124245 0.992252 0.234780 0.665954
-1.000787 -1.605600 1.217130 0.000000 -1.000000 0.000000 0.236974 0.665954
-0.295787 -1.605600 1.217130 0.000000 -1.000000 0.000000 0.236973 0.697403
-0.295787 -1.605600 1.237130 0.000000 -1.000000 0.000000 0.235699 0.697403
-1.000787 -1.605600 1.237130 0.000000 -1.000000 0.000000 0.235699 0.665954
-1.000787 -1.591289 1.238922 0.000000 -1.000000 0.000000 0.234780 0.665954
-0.295787 -1.591289 1.238922 0.000000 -1.000000 0.000000 0.234780 0.697403
-0.295787 -1.591289 1.295338 0.000000 -1.000000 0.000000 0.231185 0.697403
-1.000787 -1.591289 1.295338 0.000000 -1.000000 0.000000 0.231185 0.665954
-1.000787 -1.591289 1.295338 0.000000 -0.124274 -0.992248 0.231185 0.665954
-0.295787 -1.591289 1.295338 0.000000 -0.124274 -0.992248 0.231185 0.697403
-0.295787 -1.605600 1.297130 0.000000 -0.124274 -0.992248 0.230265 0.697403
-1.000787 -1.605600 1.297130 0.000000 -0.124274 -0.992248 0.230265 0.665954
-1.000787 -1.545600 1.317130 -0.000000 1.000000 0.000000 0.236973 0.665954
-0.295787 -1.545600 1.317130 -0.000000 1.000000 0.000000 0.236973 0.697403
-0.295787 -1.545600 1.297130 -0.000000 1.000000 0.000000 0.235699 0.697403
-1.000787 -1.545600 1.297130 -0.000000 1.000000 0.000000 0.235699 0.665954
-1.000787 -1.545600 1.297130 0.000000 0.124274 -0.992248 0.235699 0.665954
-0.295787 -1.545600 1.297130 0.000000 0.124274 -0.992248 0.235699 0.697403
-0.295787 -1.559910 1.295338 0.000000 0.124274 -0.992248 0.234780 0.697403
-1.000787 -1.559910 1.295338 0.000000 0.124274 -0.992248 0.234780 0.665954
-1.000787 -1.559910 1.295338 -0.000000 1.000000 -0.000000 0.234780 0.665954
-0.295787 -1.559910 1.295338 -0.000000 1.000000 -0.000000 0.234780 0.697403
-0.295787 -1.559910 1.238922 -0.000000 1.000000 -0.000000 0.231184 0.697403
-1.000787 -1.559910 1.238922 -0.000000 1.000000 -0.000000 0.231185 0.665954
-1.000787 -1.559910 1.238922 -0.000000 0.124245 0.992252 0.231185 0.665954
-0.295787 -1.559910 1.238922 -0.000000 0.124245 0.992252 0.231184 0.697403
-0.295787 -1.545600 1.237130 -0.000000 0.124245 0.992252 0.230265 0.697403
-1.000787 -1.545600 1.237130 -0.000000 0.124245 0.992252 0.230265 0.665954
-1.705787 -1.559910 1.238922 -0.000000 0.124241 0.992252 0.231185 0.697394
-1.000787 -1.559910 1.238922 -0.000000 0.124241 0.992252 0.231185 0.665945
-1.000787 -1.545600 1.237130 -0.000000 0.124241 0.992252 0.230265 0.665945
-1.705787 -1.545600 1.237130 -0.000000 0.124241 0.992252 0.230265 0.697394
-1.705787 -1.559910 1.295338 0.000000 1.000000 -0.000000 0.234780 0.697394
-1.000787 -1.559910 1.295338 0.000000 1.000000 -0.000000 0.234780 0.665945
-1.000787 -1.559910 1.238922 0.000000 1.000000 -0.000000 0.231185 0.665945
-1.705787 -1.559910 1.238922 0.000000 1.000000 -0.000000 0.231185 0.697394
-1.705787 -1.545600 1.297130 0.000000 0.124274 -0.992248 0.235699 0.697394
-1.000787 -1.545600 1.297130 0.000000 0.124274 -0.992248 0.235699 0.665945
-1.000787 -1.559910 1.295338 0.000000 0.124274 -0.992248 0.234780 0.665945
-1.705787 -1.559910 1.295338 0.000000 0.124274 -0.992248 0.234780 0.697394
-1.705787 -1.545600 1.317130 0.000000 1.000000 -0.000000 0.236973 0.697394
-1.000787 -1.545600 1.317130 0.000000 1.000000 -0.000000 0.236973 0.665945
-1.000787 -1.545600 1.297130 0.000000 1.000000 -0.000000 0.235699 0.665945
-1.705787 -1.545600 1.297130 0.000000 1.000000 -0.000000 0.235699 0.697394
-1.705787 -1.591289 1.295338 0.000000 -0.124274 -0.992248 0.231197 0.697403
-1.000787 -1.591289 1.295338 0.000000 -0.124274 -0.992248 0.231197 0.665954
-1.000787 -1.605600 1.297130 0.000000 -0.124274 -0.992248 0.230278 0.665954
-1.705787 -1.605600 1.297130 0.000000 -0.124274 -0.992248 0.230278 0.697403
-1.705787 -1.591289 1.238922 0.000000 -1.000000 0.000000 0.234793 0.697403
-1.000787 -1.591289 1.238922 0.000000 -1.000000 0.000000 0.234793 0.665954
-1.000787 -1.591289 1.295338 0.000000 -1.000000 0.000000 0.231197 0.665954
-1.705787 -1.591289 1.295338 0.000000 -1.000000 0.000000 0.231197 0.697403
-1.705787 -1.605600 1.217130 0.000000 -1.000000 0.000000 0.236986 0.697403
-1.000787 -1.605600 1.217130 0.000000 -1.000000 0.000000 0.236986 0.665954
-1.000787 -1.605600 1.237130 0.000000 -1.000000 0.000000 0.235712 0.665954
-1.705787 -1.605600 1.237130 0.000000 -1.000000 0.000000 0.235712 0.697403
-1.705787 -1.605600 1.237130 -0.000000 -0.124241 0.992252 0.235712 0.697403
-1.000787 -1.605600 1.237130 -0.000000 -0.124241 0.992252 0.235712 0.665954
-1.000787 -1.591289 1.238922 -0.000000 -0.124241 0.992252 0.234793 0.665954
-1.705787 -1.591289 1.238922 -0.000000 -0.124241 0.992252 0.234793 0.697403
-1.705787 -1.605600 1.297130 0.000000 -1.000000 0.000000 0.230278 0.697403
-1.000787 -1.605600 1.297130 0.000000 -1.000000 0.000000 0.230278 0.665954
-1.000787 -1.605600 1.317130 0.000000 -1.000000 0.000000 0.229004 0.665954
-1.705787 -1.605600 1.317130 0.000000 -1.000000 0.000000 0.229004 0.697403
-1.705787 -1.545600 1.217130 0.000000 0.000000 -1.000000 0.151064 0.652458
-1.000787 -1.545600 1.217130 0.000000 0.000000 -1.000000 0.151064 0.701089
-1.000787 -1.605600 1.217130 0.000000 0.000000 -1.000000 0.146925 0.701089
-1.705787 -1.605600 1.217130 0.000000 0.000000 -1.000000 0.146925 0.652458
-1.705787 -1.545600 1.237130 0.000000 1.000000 -0.000000 0.230265 0.697394
-1.000787 -1.545600 1.237130 0.000000 1.000000 -0.000000 0.230265 0.665945
-1.000787 -1.545600 1.217130 0.000000 1.000000 -0.000000 0.228991 0.665945
-1.705787 -1.545600 1.217130 0.000000 1.000000 -0.000000 0.228991 0.697394
-1.705787 -1.605600 1.317130 -0.000000 0.000000 1.000000 0.151064 0.652458
-1.000787 -1.605600 1.317130 -0.000000 0.000000 1.000000 0.151064 0.701089
-1.000787 -1.545600 1.317130 -0.000000 0.000000 1.000000 0.146925 0.701089
-1.705787 -1.545600 1.317130 -0.000000 0.000000 1.000000 0.146925 0.652458
-0.305803 -1.577867 1.357125 -0.994995 0.099887 0.000000 0.000000 0.500000
-0.304475 -1.562992 1.357125 -0.993988 0.109470 0.000000 0.000000 0.500000
-0.304475 -1.562992 1.097125 -0.993988 0.109470 0.000000 0.000000 0.500000
-0.305803 -1.577867 1.097125 -0.994995 0.099887 0.000000 0.000000 0.500000
-0.303663 -1.556803 1.357125 -0.957671 0.287820 0.000000 0.000000 0.500000
-0.303663 -1.556803 1.097125 -0.957671 0.287820 0.000000 0.000000 0.500000
-0.299697 -1.553962 1.357125 -0.125431 0.992096 0.000000 0.000000 0.500000
-0.294601 -1.553765 1.357125 0.034547 0.999390 0.000000 0.000000 0.500000
-0.294601 -1.553765 1.097125 0.034547 0.999390 0.000000 0.000000 0.500000
-0.299697 -1.553962 1.097125 -0.125431 0.992096 0.000000 0.000000 0.500000
-0.303212 -1.555876 1.357125 -0.840724 0.541429 0.000000 0.000000 0.500000
-0.303212 -1.555876 1.097125 -0.840724 0.541429 0.000000 0.000000 0.500000
-0.302613 -1.555152 1.357125 -0.680288 0.732902 0.000000 0.000000 0.500000
-0.302613 -1.555152 1.097125 -0.680288 0.732902 0.000000 0.000000 0.500000
-0.301843 -1.554607 1.357125 -0.479263 0.877651 0.000000 0.000000 0.500000
-0.301843 -1.554607 1.097125 -0.479263 0.877651 0.000000 0.000000 0.500000
-0.300879 -1.554218 1.357125 -0.293680 0.955870 0.000000 0.000000 0.500000
-0.300879 -1.554218 1.097125 -0.293680 0.955870 0.000000 0.000000 0.500000
-0.285918 -1.554705 1.357125 0.141514 0.989929 0.000000 0.000000 0.500000
-0.285918 -1.554705 1.097125 0.141514 0.989929 0.000000 0.000000 0.500000
-0.276826 -1.556323 1.357125 0.131993 0.991241 0.000000 0.000000 0.500000
-0.276826 -1.556323 1.097125 0.131993 0.991241 0.000000 0.000000 0.500000
-0.267165 -1.557182 1.357125 0.088534 0.996063 0.000000 0.000000 0.500000
-0.267165 -1.557182 1.097125 0.088534 0.996063 0.000000 0.000000 0.500000
-0.309475 -1.610949 1.357125 -0.993957 0.109500 0.000000 0.000000 0.500000
-0.308020 -1.597744 1.357125 -0.993896 0.110172 0.000000 0.000000 0.500000
-0.308020 -1.597744 1.097125 -0.993896 0.110172 0.000000 0.000000 0.500000
-0.309475 -1.610949 1.097125 -0.993957 0.109500 0.000000 0.000000 0.500000
-1.694197 -1.577867 1.357125 -0.994995 -0.099887 0.000000 0.000000 0.500000
-1.695525 -1.562992 1.357125 -0.995727 -0.092166 0.000000 0.000000 0.500000
-1.695525 -1.562992 1.097125 -0.995727 -0.092166 0.000000 0.000000 0.500000
-1.694197 -1.577867 1.097125 -0.994995 -0.099887 0.000000 0.000000 0.500000
-1.696008 -1.557955 1.357125 -0.982604 -0.185644 0.000000 0.000000 0.500000
-1.696008 -1.557955 1.097125 -0.982604 -0.185644 0.000000 0.000000 0.500000
-1.690525 -1.610949 1.357125 -0.993957 -0.109500 0.000000 0.000000 0.500000
-1.691980 -1.597744 1.357125 -0.993896 -0.110172 0.000000 0.000000 0.500000
-1.691980 -1.597744 1.097125 -0.993896 -0.110172 0.000000 0.000000 0.500000
-1.690525 -1.610949 1.097125 -0.993957 -0.109500 0.000000 0.000000 0.500000
-1.705399 -1.553765 1.357125 0.017914 -0.999817 0.000000 0.000000 0.500000
-1.714082 -1.554705 1.357125 0.141514 -0.989929 0.000000 0.000000 0.500000
-1.714082 -1.554705 1.097125 0.141514 -0.989929 0.000000 0.000000 0.500000
-1.705399 -1.553765 1.097125 0.017914 -0.999817 0.000000 0.000000 0.500000
-1.696337 -1.556803 1.357125 -0.933897 -0.357524 0.000000 0.000000 0.500000
-1.696337 -1.556803 1.097125 -0.933897 -0.357524 0.000000 0.000000 0.500000
-1.696788 -1.555876 1.357125 -0.840724 -0.541398 0.000000 0.000000 0.500000
-1.696788 -1.555876 1.097125 -0.840724 -0.541398 0.000000 0.000000 0.500000
-1.697387 -1.555152 1.357125 -0.680288 -0.732933 0.000000 0.000000 0.500000
-1.697387 -1.555152 1.097125 -0.680288 -0.732933 0.000000 0.000000 0.500000
-1.698157 -1.554607 1.357125 -0.479324 -0.877621 0.000000 0.000000 0.500000
-1.698157 -1.554607 1.097125 -0.479324 -0.877621 0.000000 0.000000 0.500000
-1.699121 -1.554218 1.357125 -0.225715 -0.974181 0.000000 0.000000 0.500000
-1.699121 -1.554218 1.097125 -0.225715 -0.974181 0.000000 0.000000 0.500000
-1.723174 -1.556323 1.357125 0.131993 -0.991241 0.000000 0.000000 0.500000
-1.723174 -1.556323 1.097125 0.131993 -0.991241 0.000000 0.000000 0.500000
-1.732835 -1.557182 1.357125 0.088534 -0.996063 0.000000 0.000000 0.500000
-1.732835 -1.557182 1.097125 0.088534 -0.996063 0.000000 0.000000 0.500000
-1.000787 -1.605600 0.387130 -0.000000 0.000000 1.000000 0.151064 0.652458
-0.295787 -1.605600 0.387130 -0.000000 0.000000 1.000000 0.151064 0.701089
-0.295787 -1.545600 0.387130 -0.000000 0.000000 1.000000 0.146925 0.701089
-1.000787 -1.545600 0.387130 -0.000000 0.000000 1.000000 0.146925 0.652458
-1.000787 -1.545600 0.307130 -0.000000 1.000000 0.000000 0.230265 0.665954
-0.295787 -1.545600 0.307130 -0.000000 1.000000 0.000000 0.230265 0.697403
-0.295787 -1.545600 0.287130 -0.000000 1.000000 0.000000 0.228991 0.697403
-1.000787 -1.545600 0.287130 -0.000000 1.000000 0.000000 0.228991 0.665954
-1.000787 -1.545600 0.287130 0.000000 0.000000 -1.000000 0.151064 0.652458
-0.295787 -1.545600 0.287130 0.000000 0.000000 -1.000000 0.151064 0.701089
-0.295787 -1.605600 0.287130 0.000000 0.000000 -1.000000 0.146925 0.701089
-1.000787 -1.605600 0.287130 0.000000 0.000000 -1.000000 0.146925 0.652458
-1.000787 -1.605600 0.367130 0.000000 -1.000000 0.000000 0.230265 0.665954
-0.295787 -1.605600 0.367130 0.000000 -1.000000 0.000000 0.230265 0.697403
-0.295787 -1.605600 0.387130 0.000000 -1.000000 0.000000 0.228991 0.697403
-1.000787 -1.605600 0.387130 0.000000 -1.000000 0.000000 0.228991 0.665954
-1.000787 -1.605600 0.307130 -0.000000 -0.124247 0.992251 0.235699 0.665954
-0.295787 -1.605600 0.307130 -0.000000 -0.124247 0.992251 0.235699 0.697403
-0.295787 -1.591289 0.308922 -0.000000 -0.124247 0.992251 0.234780 0.697403
-1.000787 -1.591289 0.308922 -0.000000 -0.124247 0.992251 0.234780 0.665954
-1.000787 -1.605600 0.287130 0.000000 -1.000000 0.000000 0.236974 0.665954
-0.295787 -1.605600 0.287130 0.000000 -1.000000 0.000000 0.236973 0.697403
-0.295787 -1.605600 0.307130 0.000000 -1.000000 0.000000 0.235699 0.697403
-1.000787 -1.605600 0.307130 0.000000 -1.000000 0.000000 0.235699 0.665954
-1.000787 -1.591289 0.308922 0.000000 -1.000000 0.000000 0.234780 0.665954
-0.295787 -1.591289 0.308922 0.000000 -1.000000 0.000000 0.234780 0.697403
-0.295787 -1.591289 0.365338 0.000000 -1.000000 0.000000 0.231185 0.697403
-1.000787 -1.591289 0.365338 0.000000 -1.000000 0.000000 0.231185 0.665954
-1.000787 -1.591289 0.365338 0.000000 -0.124277 -0.992248 0.231185 0.665954
-0.295787 -1.591289 0.365338 0.000000 -0.124277 -0.992248 0.231185 0.697403
-0.295787 -1.605600 0.367130 0.000000 -0.124277 -0.992248 0.230265 0.697403
-1.000787 -1.605600 0.367130 0.000000 -0.124277 -0.992248 0.230265 0.665954
-1.000787 -1.545600 0.387130 -0.000000 1.000000 0.000000 0.236973 0.665954
-0.295787 -1.545600 0.387130 -0.000000 1.000000 0.000000 0.236973 0.697403
-0.295787 -1.545600 0.367130 -0.000000 1.000000 0.000000 0.235699 0.697403
-1.000787 -1.545600 0.367130 -0.000000 1.000000 0.000000 0.235699 0.665954
-1.000787 -1.545600 0.367130 0.000000 0.124277 -0.992248 0.235699 0.665954
-0.295787 -1.545600 0.367130 0.000000 0.124277 -0.992248 0.235699 0.697403
-0.295787 -1.559910 0.365338 0.000000 0.124277 -0.992248 0.234780 0.697403
-1.000787 -1.559910 0.365338 0.000000 0.124277 -0.992248 0.234780 0.665954
-1.000787 -1.559910 0.365338 -0.000000 1.000000 -0.000000 0.234780 0.665954
-0.295787 -1.559910 0.365338 -0.000000 1.000000 -0.000000 0.234780 0.697403
-0.295787 -1.559910 0.308922 -0.000000 1.000000 -0.000000 0.231184 0.697403
-1.000787 -1.559910 0.308922 -0.000000 1.000000 -0.000000 0.231185 0.665954
-1.000787 -1.559910 0.308922 -0.000000 0.124247 0.992251 0.231185 0.665954
-0.295787 -1.559910 0.308922 -0.000000 0.124247 0.992251 0.231184 0.697403
-0.295787 -1.545600 0.307130 -0.000000 0.124247 0.992251 0.230265 0.697403
-1.000787 -1.545600 0.307130 -0.000000 0.124247 0.992251 0.230265 0.665954
-1.705787 -1.559910 0.308922 -0.000000 0.124247 0.992251 0.231185 0.697394
-1.000787 -1.559910 0.308922 -0.000000 0.124247 0.992251 0.231185 0.665945
-1.000787 -1.545600 0.307130 -0.000000 0.124247 0.992251 0.230265 0.665945
-1.705787 -1.545600 0.307130 -0.000000 0.124247 0.992251 0.230265 0.697394
-1.705787 -1.559910 0.365337 0.000000 1.000000 -0.000000 0.234780 0.697394
-1.000787 -1.559910 0.365338 0.000000 1.000000 -0.000000 0.234780 0.665945
-1.000787 -1.559910 0.308922 0.000000 1.000000 -0.000000 0.231185 0.665945
-1.705787 -1.559910 0.308922 0.000000 1.000000 -0.000000 0.231185 0.697394
-1.705787 -1.545600 0.367130 0.000000 0.124277 -0.992248 0.235699 0.697394
-1.000787 -1.545600 0.367130 0.000000 0.124277 -0.992248 0.235699 0.665945
-1.000787 -1.559910 0.365338 0.000000 0.124277 -0.992248 0.234780 0.665945
-1.705787 -1.559910 0.365337 0.000000 0.124277 -0.992248 0.234780 0.697394
-1.705787 -1.545600 0.387130 0.000000 1.000000 -0.000000 0.236973 0.697394
-1.000787 -1.545600 0.387130 0.000000 1.000000 -0.000000 0.236973 0.665945
-1.000787 -1.545600 0.367130 0.000000 1.000000 -0.000000 0.235699 0.665945
-1.705787 -1.545600 0.367130 0.000000 1.000000 -0.000000 0.235699 0.697394
-1.705787 -1.591289 0.365337 0.000000 -0.124277 -0.992248 0.231197 0.697403
-1.000787 -1.591289 0.365338 0.000000 -0.124277 -0.992248 0.231197 0.665954
-1.000787 -1.605600 0.367130 0.000000 -0.124277 -0.992248 0.230278 0.665954
-1.705787 -1.605600 0.367130 0.000000 -0.124277 -0.992248 0.230278 0.697403
-1.705787 -1.591289 0.308922 0.000000 -1.000000 0.000000 0.234793 0.697403
-1.000787 -1.591289 0.308922 0.000000 -1.000000 0.000000 0.234793 0.665954
-1.000787 -1.591289 0.365338 0.000000 -1.000000 0.000000 0.231197 0.665954
-1.705787 -1.591289 0.365337 0.000000 -1.000000 0.000000 0.231197 0.697403
-1.705787 -1.605600 0.287130 0.000000 -1.000000 0.000000 0.236986 0.697403
-1.000787 -1.605600 0.287130 0.000000 -1.000000 0.000000 0.236986 0.665954
-1.000787 -1.605600 0.307130 0.000000 -1.000000 0.000000 0.235712 0.665954
-1.705787 -1.605600 0.307130 0.000000 -1.000000 0.000000 0.235712 0.697403
-1.705787 -1.605600 0.307130 -0.000000 -0.124247 0.992251 0.235712 0.697403
-1.000787 -1.605600 0.307130 -0.000000 -0.124247 0.992251 0.235712 0.665954
-1.000787 -1.591289 0.308922 -0.000000 -0.124247 0.992251 0.234793 0.665954
-1.705787 -1.591289 0.308922 -0.000000 -0.124247 0.992251 0.234793 0.697403
-1.705787 -1.605600 0.367130 0.000000 -1.000000 0.000000 0.230278 0.697403
-1.000787 -1.605600 0.367130 0.000000 -1.000000 0.000000 0.230278 0.665954
-1.000787 -1.605600 0.387130 0.000000 -1.000000 0.000000 0.229004 0.665954
-1.705787 -1.605600 0.387130 0.000000 -1.000000 0.000000 0.229004 0.697403
-1.705787 -1.545600 0.287130 0.000000 0.000000 -1.000000 0.151064 0.652458
-1.000787 -1.545600 0.287130 0.000000 0.000000 -1.000000 0.151064 0.701089
-1.000787 -1.605600 0.287130 0.000000 0.000000 -1.000000 0.146925 0.701089
-1.705787 -1.605600 0.287130 0.000000 0.000000 -1.000000 0.146925 0.652458
-1.705787 -1.545600 0.307130 0.000000 1.000000 -0.000000 0.230265 0.697394
-1.000787 -1.545600 0.307130 0.000000 1.000000 -0.000000 0.230265 0.665945
-1.000787 -1.545600 0.287130 0.000000 1.000000 -0.000000 0.228991 0.665945
-1.705787 -1.545600 0.287130 0.000000 1.000000 -0.000000 0.228991 0.697394
-1.705787 -1.605600 0.387130 -0.000000 0.000000 1.000000 0.151064 0.652458
-1.000787 -1.605600 0.387130 -0.000000 0.000000 1.000000 0.151064 0.701089
-1.000787 -1.545600 0.387130 -0.000000 0.000000 1.000000 0.146925 0.701089
-1.705787 -1.545600 0.387130 -0.000000 0.000000 1.000000 0.146925 0.652458
-0.305803 -1.577867 0.427125 -0.994995 0.099887 0.000000 0.000000 0.500000
-0.304475 -1.562992 0.427125 -0.993988 0.109470 0.000000 0.000000 0.500000
-0.304475 -1.562992 0.167125 -0.993988 0.109470 0.000000 0.000000 0.500000
-0.305803 -1.577867 0.167125 -0.994995 0.099887 0.000000 0.000000 0.500000
-0.303663 -1.556803 0.427125 -0.957671 0.287820 0.000000 0.000000 0.500000
-0.303663 -1.556803 0.167125 -0.957671 0.287820 0.000000 0.000000 0.500000
-0.299697 -1.553962 0.427125 -0.125431 0.992096 0.000000 0.000000 0.500000
-0.294601 -1.553765 0.427125 0.034547 0.999390 0.000000 0.000000 0.500000
-0.294601 -1.553765 0.167125 0.034547 0.999390 0.000000 0.000000 0.500000
-0.299697 -1.553962 0.167125 -0.125431 0.992096 0.000000 0.000000 0.500000
-0.303212 -1.555876 0.427125 -0.840724 0.541429 0.000000 0.000000 0.500000
-0.303212 -1.555876 0.167125 -0.840724 0.541429 0.000000 0.000000 0.500000
-0.302613 -1.555152 0.427125 -0.680288 0.732902 0.000000 0.000000 0.500000
-0.302613 -1.555152 0.167125 -0.680288 0.732902 0.000000 0.000000 0.500000
-0.301843 -1.554607 0.427125 -0.479263 0.877651 0.000000 0.000000 0.500000
-0.301843 -1.554607 0.167125 -0.479263 0.877651 0.000000 0.000000 0.500000
-0.300879 -1.554218 0.427125 -0.293710 0.955870 0.000000 0.000000 0.500000
-0.300879 -1.554218 0.167125 -0.293710 0.955870 0.000000 0.000000 0.500000
-0.285918 -1.554705 0.427125 0.141514 0.989929 0.000000 0.000000 0.500000
-0.285918 -1.554705 0.167125 0.141514 0.989929 0.000000 0.000000 0.500000
-0.276826 -1.556323 0.427125 0.131993 0.991241 0.000000 0.000000 0.500000
-0.276826 -1.556323 0.167125 0.131993 0.991241 0.000000 0.000000 0.500000
-0.267165 -1.557182 0.427125 0.088534 0.996063 0.000000 0.000000 0.500000
-0.267165 -1.557182 0.167125 0.088534 0.996063 0.000000 0.000000 0.500000
-0.309475 -1.610949 0.427125 -0.993957 0.109500 0.000000 0.000000 0.500000
-0.308020 -1.597744 0.427125 -0.993896 0.110172 0.000000 0.000000 0.500000
-0.308020 -1.597744 0.167125 -0.993896 0.110172 0.000000 0.000000 0.500000
-0.309475 -1.610949 0.167125 -0.993957 0.109500 0.000000 0.000000 0.500000
-1.694197 -1.577867 0.427125 -0.994995 -0.099887 0.000000 0.000000 0.500000
-1.695525 -1.562992 0.427125 -0.995727 -0.092166 0.000000 0.000000 0.500000
-1.695525 -1.562992 0.167125 -0.995727 -0.092166 0.000000 0.000000 0.500000
-1.694197 -1.577867 0.167125 -0.994995 -0.099887 0.000000 0.000000 0.500000
-1.696008 -1.557955 0.427125 -0.982604 -0.185614 0.000000 0.000000 0.500000
-1.696008 -1.557955 0.167125 -0.982604 -0.185614 0.000000 0.000000 0.500000
-1.690525 -1.610949 0.427125 -0.993957 -0.109500 0.000000 0.000000 0.500000
-1.691980 -1.597744 0.427125 -0.993896 -0.110172 0.000000 0.000000 0.500000
-1.691980 -1.597744 0.167125 -0.993896 -0.110172 0.000000 0.000000 0.500000
-1.690525 -1.610949 0.167125 -0.993957 -0.109500 0.000000 0.000000 0.500000
-1.705399 -1.553765 0.427125 0.017914 -0.999817 0.000000 0.000000 0.500000
-1.714082 -1.554705 0.427125 0.141514 -0.989929 0.000000 0.000000 0.500000
-1.714082 -1.554705 0.167125 0.141514 -0.989929 0.000000 0.000000 0.500000
-1.705399 -1.553765 0.167125 0.017914 -0.999817 0.000000 0.000000 0.500000
-1.696337 -1.556803 0.427125 -0.933897 -0.357524 0.000000 0.000000 0.500000
-1.696337 -1.556803 0.167125 -0.933897 -0.357524 0.000000 0.000000 0.500000
-1.696788 -1.555876 0.427125 -0.840693 -0.541459 0.000000 0.000000 0.500000
-1.696788 -1.555876 0.167125 -0.840693 -0.541459 0.000000 0.000000 0.500000
-1.697387 -1.555152 0.427125 -0.680288 -0.732933 0.000000 0.000000 0.500000
-1.697387 -1.555152 0.167125 -0.680288 -0.732933 0.000000 0.000000 0.500000
-1.698157 -1.554607 0.427125 -0.479324 -0.877621 0.000000 0.000000 0.500000
-1.698157 -1.554607 0.167125 -0.479324 -0.877621 0.000000 0.000000 0.500000
-1.699121 -1.554218 0.427125 -0.225715 -0.974181 0.000000 0.000000 0.500000
-1.699121 -1.554218 0.167125 -0.225715 -0.974181 0.000000 0.000000 0.500000
-1.723174 -1.556323 0.427125 0.131993 -0.991241 0.000000 0.000000 0.500000
-1.723174 -1.556323 0.167125 0.131993 -0.991241 0.000000 0.000000 0.500000
-1.732835 -1.557182 0.427125 0.088534 -0.996063 0.000000 0.000000 0.500000
-1.732835 -1.557182 0.167125 0.088534 -0.996063 0.000000 0.000000 0.500000
-1.000787 -2.405600 2.357130 0.000000 0.000000 -1.000000 0.151064 0.652458
-0.295787 -2.405600 2.357130 0.000000 0.000000 -1.000000 0.151064 0.701089
-0.295787 -2.465600 2.357130 0.000000 0.000000 -1.000000 0.146925 0.701089
-1.000787 -2.465600 2.357130 0.000000 0.000000 -1.000000 0.146925 0.652458
-1.000787 -2.465600 2.277130 0.000000 1.000000 -0.000000 0.230265 0.665954
-0.295787 -2.465600 2.277130 0.000000 1.000000 -0.000000 0.230265 0.697403
-0.295787 -2.465600 2.257130 0.000000 1.000000 -0.000000 0.228991 0.697403
-1.000787 -2.465600 2.257130 0.000000 1.000000 -0.000000 0.228991 0.665954
-1.000787 -2.465600 2.257130 -0.000000 0.000000 1.000000 0.151064 0.652458
-0.295787 -2.465600 2.257130 -0.000000 0.000000 1.000000 0.151064 0.701089
-0.295787 -2.405600 2.257130 -0.000000 0.000000 1.000000 0.146925 0.701089
-1.000787 -2.405600 2.257130 -0.000000 0.000000 1.000000 0.146925 0.652458
-1.000787 -2.405600 2.337130 0.000000 -1.000000 -0.000000 0.230265 0.665954
-0.295787 -2.405600 2.337130 0.000000 -1.000000 -0.000000 0.230265 0.697403
-0.295787 -2.405600 2.357130 0.000000 -1.000000 -0.000000 0.228991 0.697403
-1.000787 -2.405600 2.357130 0.000000 -1.000000 -0.000000 0.228991 0.665954
-1.000787 -2.405600 2.277130 0.000000 -0.124250 -0.992251 0.235699 0.665954
-0.295787 -2.405600 2.277130 0.000000 -0.124250 -0.992251 0.235699 0.697403
-0.295787 -2.419910 2.278922 0.000000 -0.124250 -0.992251 0.234780 0.697403
-1.000787 -2.419910 2.278922 0.000000 -0.124250 -0.992251 0.234780 0.665954
-1.000787 -2.405600 2.257130 0.000000 -1.000000 -0.000000 0.236974 0.665954
-0.295787 -2.405600 2.257130 0.000000 -1.000000 -0.000000 0.236973 0.697403
-0.295787 -2.405600 2.277130 0.000000 -1.000000 -0.000000 0.235699 0.697403
-1.000787 -2.405600 2.277130 0.000000 -1.000000 -0.000000 0.235699 0.665954
-1.000787 -2.419910 2.278922 0.000000 -1.000000 -0.000000 0.234780 0.665954
-0.295787 -2.419910 2.278922 0.000000 -1.000000 -0.000000 0.234780 0.697403
-0.295787 -2.419910 2.335338 0.000000 -1.000000 -0.000000 0.231185 0.697403
-1.000787 -2.419910 2.335338 0.000000 -1.000000 -0.000000 0.231185 0.665954
-1.000787 -2.419910 2.335338 -0.000000 -0.124275 0.992248 0.231185 0.665954
-0.295787 -2.419910 2.335338 -0.000000 -0.124275 0.992248 0.231185 0.697403
-0.295787 -2.405600 2.337130 -0.000000 -0.124275 0.992248 0.230265 0.697403
-1.000787 -2.405600 2.337130 -0.000000 -0.124275 0.992248 0.230265 0.665954
-1.000787 -2.465600 2.357130 0.000000 1.000000 -0.000000 0.236973 0.665954
-0.295787 -2.465600 2.357130 0.000000 1.000000 -0.000000 0.236973 0.697403
-0.295787 -2.465600 2.337130 0.000000 1.000000 -0.000000 0.235699 0.697403
-1.000787 -2.465600 2.337130 0.000000 1.000000 -0.000000 0.235699 0.665954
-1.000787 -2.465600 2.337130 -0.000000 0.124274 0.992248 0.235699 0.665954
-0.295787 -2.465600 2.337130 -0.000000 0.124274 0.992248 0.235699 0.697403
-0.295787 -2.451289 2.335338 -0.000000 0.124274 0.992248 0.234780 0.697403
-1.000787 -2.451289 2.335338 -0.000000 0.124274 0.992248 0.234780 0.665954
-1.000787 -2.451289 2.335338 -0.000000 1.000000 -0.000000 0.234780 0.665954
-0.295787 -2.451289 2.335338 -0.000000 1.000000 -0.000000 0.234780 0.697403
-0.295787 -2.451289 2.278922 -0.000000 1.000000 -0.000000 0.231184 0.697403
-1.000787 -2.451289 2.278922 -0.000000 1.000000 -0.000000 0.231185 0.665954
-1.000787 -2.451289 2.278922 0.000000 0.124249 -0.992251 0.231185 0.665954
-0.295787 -2.451289 2.278922 0.000000 0.124249 -0.992251 0.231184 0.697403
-0.295787 -2.465600 2.277130 0.000000 0.124249 -0.992251 0.230265 0.697403
-1.000787 -2.465600 2.277130 0.000000 0.124249 -0.992251 0.230265 0.665954
-1.705787 -2.451289 2.278922 -0.000000 0.124249 -0.992251 0.231185 0.697394
-1.000787 -2.451289 2.278922 -0.000000 0.124249 -0.992251 0.231185 0.665945
-1.000787 -2.465600 2.277130 -0.000000 0.124249 -0.992251 0.230265 0.665945
-1.705787 -2.465600 2.277130 -0.000000 0.124249 -0.992251 0.230265 0.697394
-1.705787 -2.451289 2.335337 0.000000 1.000000 -0.000000 0.234780 0.697394
-1.000787 -2.451289 2.335338 0.000000 1.000000 -0.000000 0.234780 0.665945
-1.000787 -2.451289 2.278922 0.000000 1.000000 -0.000000 0.231185 0.665945
-1.705787 -2.451289 2.278922 0.000000 1.000000 -0.000000 0.231185 0.697394
-1.705787 -2.465600 2.337130 -0.000000 0.124282 0.992247 0.235699 0.697394
-1.000787 -2.465600 2.337130 -0.000000 0.124282 0.992247 0.235699 0.665945
-1.000787 -2.451289 2.335338 -0.000000 0.124282 0.992247 0.234780 0.665945
-1.705787 -2.451289 2.335337 -0.000000 0.124282 0.992247 0.234780 0.697394
-1.705787 -2.465600 2.357130 -0.000000 1.000000 0.000000 0.236973 0.697394
-1.000787 -2.465600 2.357130 -0.000000 1.000000 0.000000 0.236973 0.665945
-1.000787 -2.465600 2.337130 -0.000000 1.000000 0.000000 0.235699 0.665945
-1.705787 -2.465600 2.337130 -0.000000 1.000000 0.000000 0.235699 0.697394
-1.705787 -2.419910 2.335337 -0.000000 -0.124282 0.992247 0.231197 0.697403
-1.000787 -2.419910 2.335338 -0.000000 -0.124282 0.992247 0.231197 0.665954
-1.000787 -2.405600 2.337130 -0.000000 -0.124282 0.992247 0.230278 0.665954
-1.705787 -2.405600 2.337130 -0.000000 -0.124282 0.992247 0.230278 0.697403
-1.705787 -2.419910 2.278922 0.000000 -1.000000 0.000000 0.234793 0.697403
-1.000787 -2.419910 2.278922 0.000000 -1.000000 0.000000 0.234793 0.665954
-1.000787 -2.419910 2.335338 0.000000 -1.000000 0.000000 0.231197 0.665954
-1.705787 -2.419910 2.335337 0.000000 -1.000000 0.000000 0.231197 0.697403
-1.705787 -2.405600 2.257130 0.000000 -1.000000 -0.000000 0.236986 0.697403
-1.000787 -2.405600 2.257130 0.000000 -1.000000 -0.000000 0.236986 0.665954
-1.000787 -2.405600 2.277130 0.000000 -1.000000 -0.000000 0.235712 0.665954
-1.705787 -2.405600 2.277130 0.000000 -1.000000 -0.000000 0.235712 0.697403
-1.705787 -2.405600 2.277130 0.000000 -0.124249 -0.992251 0.235712 0.697403
-1.000787 -2.405600 2.277130 0.000000 -0.124249 -0.992251 0.235712 0.665954
-1.000787 -2.419910 2.278922 0.000000 -0.124249 -0.992251 0.234793 0.665954
-1.705787 -2.419910 2.278922 0.000000 -0.124249 -0.992251 0.234793 0.697403
-1.705787 -2.405600 2.337130 0.000000 -1.000000 -0.000000 0.230278 0.697403
-1.000787 -2.405600 2.337130 0.000000 -1.000000 -0.000000 0.230278 0.665954
-1.000787 -2.405600 2.357130 0.000000 -1.000000 -0.000000 0.229004 0.665954
-1.705787 -2.405600 2.357130 0.000000 -1.000000 -0.000000 0.229004 0.697403
-1.705787 -2.465600 2.257130 0.000000 0.000000 1.000000 0.151064 0.652458
-1.000787 -2.465600 2.257130 0.000000 0.000000 1.000000 0.151064 0.701089
-1.000787 -2.405600 2.257130 0.000000 0.000000 1.000000 0.146925 0.701089
-1.705787 -2.405600 2.257130 0.000000 0.000000 1.000000 0.146925 0.652458
-1.705787 -2.465600 2.277130 -0.000000 1.000000 0.000000 0.230265 0.697394
-1.000787 -2.465600 2.277130 -0.000000 1.000000 0.000000 0.230265 0.665945
-1.000787 -2.465600 2.257130 -0.000000 1.000000 0.000000 0.228991 0.665945
-1.705787 -2.465600 2.257130 -0.000000 1.000000 0.000000 0.228991 0.697394
-1.705787 -2.405600 2.357130 0.000000 0.000000 -1.000000 0.151064 0.652458
-1.000787 -2.405600 2.357130 0.000000 0.000000 -1.000000 0.151064 0.701089
-1.000787 -2.465600 2.357130 0.000000 0.000000 -1.000000 0.146925 0.701089
-1.705787 -2.465600 2.357130 0.000000 0.000000 -1.000000 0.146925 0.652458
-0.305803 -2.433332 2.397125 0.994995 0.099887 0.000000 0.000000 0.500000
-0.304475 -2.448207 2.397125 0.993988 0.109470 0.000000 0.000000 0.500000
-0.304475 -2.448207 2.137125 0.993988 0.109470 0.000000 0.000000 0.500000
-0.305803 -2.433332 2.137125 0.994995 0.099887 0.000000 0.000000 0.500000
-0.303663 -2.454396 2.397125 0.957671 0.287790 0.000000 0.000000 0.500000
-0.303663 -2.454396 2.137125 0.957671 0.287790 0.000000 0.000000 0.500000
-0.299697 -2.457237 2.397125 0.125431 0.992096 0.000000 0.000000 0.500000
-0.294601 -2.457435 2.397125 -0.034547 0.999390 0.000000 0.000000 0.500000
-0.294601 -2.457435 2.137125 -0.034547 0.999390 0.000000 0.000000 0.500000
-0.299697 -2.457237 2.137125 0.125431 0.992096 0.000000 0.000000 0.500000
-0.303212 -2.455323 2.397125 0.840724 0.541429 0.000000 0.000000 0.500000
-0.303212 -2.455323 2.137125 0.840724 0.541429 0.000000 0.000000 0.500000
-0.302613 -2.456048 2.397125 0.680319 0.732871 0.000000 0.000000 0.500000
-0.302613 -2.456048 2.137125 0.680319 0.732871 0.000000 0.000000 0.500000
-0.301843 -2.456593 2.397125 0.479324 0.877621 0.000000 0.000000 0.500000
-0.301843 -2.456593 2.137125 0.479324 0.877621 0.000000 0.000000 0.500000
-0.300879 -2.456982 2.397125 0.293710 0.955870 0.000000 0.000000 0.500000
-0.300879 -2.456982 2.137125 0.293710 0.955870 0.000000 0.000000 0.500000
-0.285918 -2.456494 2.397125 -0.141514 0.989929 0.000000 0.000000 0.500000
-0.285918 -2.456494 2.137125 -0.141514 0.989929 0.000000 0.000000 0.500000
-0.276826 -2.454876 2.397125 -0.131993 0.991241 0.000000 0.000000 0.500000
-0.276826 -2.454876 2.137125 -0.131993 0.991241 0.000000 0.000000 0.500000
-0.267165 -2.454017 2.397125 -0.088534 0.996063 0.000000 0.000000 0.500000
-0.267165 -2.454017 2.137125 -0.088534 0.996063 0.000000 0.000000 0.500000
-0.309475 -2.400250 2.397125 0.993957 0.109500 0.000000 0.000000 0.500000
-0.308020 -2.413455 2.397125 0.993896 0.110172 0.000000 0.000000 0.500000
-0.308020 -2.413455 2.137125 0.993896 0.110172 0.000000 0.000000 0.500000
-0.309475 -2.400250 2.137125 0.993957 0.109500 0.000000 0.000000 0.500000
-1.694197 -2.433333 2.397125 0.994995 -0.099887 0.000000 0.000000 0.500000
-1.695525 -2.448208 2.397125 0.995727 -0.092166 0.000000 0.000000 0.500000
-1.695525 -2.448208 2.137125 0.995727 -0.092166 0.000000 0.000000 0.500000
-1.694197 -2.433333 2.137125 0.994995 -0.099887 0.000000 0.000000 0.500000
-1.696008 -2.453245 2.397125 0.982604 -0.185614 0.000000 0.000000 0.500000
-1.696008 -2.453245 2.137125 0.982604 -0.185614 0.000000 0.000000 0.500000
-1.690525 -2.400251 2.397125 0.993957 -0.109500 0.000000 0.000000 0.500000
-1.691980 -2.413455 2.397125 0.993896 -0.110172 0.000000 0.000000 0.500000
-1.691980 -2.413455 2.137125 0.993896 -0.110172 0.000000 0.000000 0.500000
-1.690525 -2.400251 2.137125 0.993957 -0.109500 0.000000 0.000000 0.500000
-1.705399 -2.457435 2.397125 -0.017914 -0.999817 0.000000 0.000000 0.500000
-1.714082 -2.456495 2.397125 -0.141514 -0.989929 0.000000 0.000000 0.500000
-1.714082 -2.456495 2.137125 -0.141514 -0.989929 0.000000 0.000000 0.500000
-1.705399 -2.457435 2.137125 -0.017914 -0.999817 0.000000 0.000000 0.500000
-1.696337 -2.454397 2.397125 0.933866 -0.357555 0.000000 0.000000 0.500000
-1.696337 -2.454397 2.137125 0.933866 -0.357555 0.000000 0.000000 0.500000
-1.696788 -2.455324 2.397125 0.840693 -0.541459 0.000000 0.000000 0.500000
-1.696788 -2.455324 2.137125 0.840693 -0.541459 0.000000 0.000000 0.500000
-1.697387 -2.456048 2.397125 0.680258 -0.732963 0.000000 0.000000 0.500000
-1.697387 -2.456048 2.137125 0.680258 -0.732963 0.000000 0.000000 0.500000
-1.698157 -2.456593 2.397125 0.479293 -0.877621 0.000000 0.000000 0.500000
-1.698157 -2.456593 2.137125 0.479293 -0.877621 0.000000 0.000000 0.500000
-1.699121 -2.456982 2.397125 0.225715 -0.974181 0.000000 0.000000 0.500000
-1.699121 -2.456982 2.137125 0.225715 -0.974181 0.000000 0.000000 0.500000
-1.723174 -2.454876 2.397125 -0.131993 -0.991241 0.000000 0.000000 0.500000
-1.723174 -2.454876 2.137125 -0.131993 -0.991241 0.000000 0.000000 0.500000
-1.732835 -2.454018 2.397125 -0.088534 -0.996063 0.000000 0.000000 0.500000
-1.732835 -2.454018 2.137125 -0.088534 -0.996063 0.000000 0.000000 0.500000
-1.000787 -2.405600 1.317130 0.000000 0.000000 -1.000000 0.151064 0.652458
-0.295787 -2.405600 1.317130 0.000000 0.000000 -1.000000 0.151064 0.701089
-0.295787 -2.465600 1.317130 0.000000 0.000000 -1.000000 0.146925 0.701089
-1.000787 -2.465600 1.317130 0.000000 0.000000 -1.000000 0.146925 0.652458
-1.000787 -2.465600 1.237130 0.000000 1.000000 -0.000000 0.230265 0.665954
-0.295787 -2.465600 1.237130 0.000000 1.000000 -0.000000 0.230265 0.697403
-0.295787 -2.465600 1.217130 0.000000 1.000000 -0.000000 0.228991 0.697403
-1.000787 -2.465600 1.217130 0.000000 1.000000 -0.000000 0.228991 0.665954
-1.000787 -2.465600 1.217130 -0.000000 0.000000 1.000000 0.151064 0.652458
-0.295787 -2.465600 1.217130 -0.000000 0.000000 1.000000 0.151064 0.701089
-0.295787 -2.405600 1.217130 -0.000000 0.000000 1.000000 0.146925 0.701089
-1.000787 -2.405600 1.217130 -0.000000 0.000000 1.000000 0.146925 0.652458
-1.000787 -2.405600 1.297130 0.000000 -1.000000 -0.000000 0.230265 0.665954
-0.295787 -2.405600 1.297130 0.000000 -1.000000 -0.000000 0.230265 0.697403
-0.295787 -2.405600 1.317130 0.000000 -1.000000 -0.000000 0.228991 0.697403
-1.000787 -2.405600 1.317130 0.000000 -1.000000 -0.000000 0.228991 0.665954
-1.000787 -2.405600 1.237130 0.000000 -0.124246 -0.992251 0.235699 0.665954
-0.295787 -2.405600 1.237130 0.000000 -0.124246 -0.992251 0.235699 0.697403
-0.295787 -2.419910 1.238922 0.000000 -0.124246 -0.992251 0.234780 0.697403
-1.000787 -2.419910 1.238922 0.000000 -0.124246 -0.992251 0.234780 0.665954
-1.000787 -2.405600 1.217130 0.000000 -1.000000 -0.000000 0.236974 0.665954
-0.295787 -2.405600 1.217130 0.000000 -1.000000 -0.000000 0.236973 0.697403
-0.295787 -2.405600 1.237130 0.000000 -1.000000 -0.000000 0.235699 0.697403
-1.000787 -2.405600 1.237130 0.000000 -1.000000 -0.000000 0.235699 0.665954
-1.000787 -2.419910 1.238922 0.000000 -1.000000 -0.000000 0.234780 0.665954
-0.295787 -2.419910 1.238922 0.000000 -1.000000 -0.000000 0.234780 0.697403
-0.295787 -2.419910 1.295338 0.000000 -1.000000 -0.000000 0.231185 0.697403
-1.000787 -2.419910 1.295338 0.000000 -1.000000 -0.000000 0.231185 0.665954
-1.000787 -2.419910 1.295338 -0.000000 -0.124275 0.992248 0.231185 0.665954
-0.295787 -2.419910 1.295338 -0.000000 -0.124275 0.992248 0.231185 0.697403
-0.295787 -2.405600 1.297130 -0.000000 -0.124275 0.992248 0.230265 0.697403
-1.000787 -2.405600 1.297130 -0.000000 -0.124275 0.992248 0.230265 0.665954
-1.000787 -2.465600 1.317130 0.000000 1.000000 -0.000000 0.236973 0.665954
-0.295787 -2.465600 1.317130 0.000000 1.000000 -0.000000 0.236973 0.697403
-0.295787 -2.465600 1.297130 0.000000 1.000000 -0.000000 0.235699 0.697403
-1.000787 -2.465600 1.297130 0.000000 1.000000 -0.000000 0.235699 0.665954
-1.000787 -2.465600 1.297130 -0.000000 0.124274 0.992248 0.235699 0.665954
-0.295787 -2.465600 1.297130 -0.000000 0.124274 0.992248 0.235699 0.697403
-0.295787 -2.451289 1.295338 -0.000000 0.124274 0.992248 0.234780 0.697403
-1.000787 -2.451289 1.295338 -0.000000 0.124274 0.992248 0.234780 0.665954
-1.000787 -2.451289 1.295338 -0.000000 1.000000 -0.000000 0.234780 0.665954
-0.295787 -2.451289 1.295338 -0.000000 1.000000 -0.000000 0.234780 0.697403
-0.295787 -2.451289 1.238922 -0.000000 1.000000 -0.000000 0.231184 0.697403
-1.000787 -2.451289 1.238922 -0.000000 1.000000 -0.000000 0.231185 0.665954
-1.000787 -2.451289 1.238922 0.000000 0.124245 -0.992252 0.231185 0.665954
-0.295787 -2.451289 1.238922 0.000000 0.124245 -0.992252 0.231184 0.697403
-0.295787 -2.465600 1.237130 0.000000 0.124245 -0.992252 0.230265 0.697403
-1.000787 -2.465600 1.237130 0.000000 0.124245 -0.992252 0.230265 0.665954
-1.705787 -2.451289 1.238922 0.000000 0.124241 -0.992252 0.231185 0.697394
-1.000787 -2.451289 1.238922 0.000000 0.124241 -0.992252 0.231185 0.665945
-1.000787 -2.465600 1.237130 0.000000 0.124241 -0.992252 0.230265 0.665945
-1.705787 -2.465600 1.237130 0.000000 0.124241 -0.992252 0.230265 0.697394
-1.705787 -2.451289 1.295338 0.000000 1.000000 -0.000000 0.234780 0.697394
-1.000787 -2.451289 1.295338 0.000000 1.000000 -0.000000 0.234780 0.665945
-1.000787 -2.451289 1.238922 0.000000 1.000000 -0.000000 0.231185 0.665945
-1.705787 -2.451289 1.238922 0.000000 1.000000 -0.000000 0.231185 0.697394
-1.705787 -2.465600 1.297130 -0.000000 0.124274 0.992248 0.235699 0.697394
-1.000787 -2.465600 1.297130 -0.000000 0.124274 0.992248 0.235699 0.665945
-1.000787 -2.451289 1.295338 -0.000000 0.124274 0.992248 0.234780 0.665945
-1.705787 -2.451289 1.295338 -0.000000 0.124274 0.992248 0.234780 0.697394
-1.705787 -2.465600 1.317130 -0.000000 1.000000 0.000000 0.236973 0.697394
-1.000787 -2.465600 1.317130 -0.000000 1.000000 0.000000 0.236973 0.665945
-1.000787 -2.465600 1.297130 -0.000000 1.000000 0.000000 0.235699 0.665945
-1.705787 -2.465600 1.297130 -0.000000 1.000000 0.000000 0.235699 0.697394
-1.705787 -2.419910 1.295338 -0.000000 -0.124274 0.992248 0.231197 0.697403
-1.000787 -2.419910 1.295338 -0.000000 -0.124274 0.992248 0.231197 0.665954
-1.000787 -2.405600 1.297130 -0.000000 -0.124274 0.992248 0.230278 0.665954
-1.705787 -2.405600 1.297130 -0.000000 -0.124274 0.992248 0.230278 0.697403
-1.705787 -2.419910 1.238922 0.000000 -1.000000 0.000000 0.234793 0.697403
-1.000787 -2.419910 1.238922 0.000000 -1.000000 0.000000 0.234793 0.665954
-1.000787 -2.419910 1.295338 0.000000 -1.000000 0.000000 0.231197 0.665954
-1.705787 -2.419910 1.295338 0.000000 -1.000000 0.000000 0.231197 0.697403
-1.705787 -2.405600 1.217130 0.000000 -1.000000 -0.000000 0.236986 0.697403
-1.000787 -2.405600 1.217130 0.000000 -1.000000 -0.000000 0.236986 0.665954
-1.000787 -2.405600 1.237130 0.000000 -1.000000 -0.000000 0.235712 0.665954
-1.705787 -2.405600 1.237130 0.000000 -1.000000 -0.000000 0.235712 0.697403
-1.705787 -2.405600 1.237130 0.000000 -0.124241 -0.992252 0.235712 0.697403
-1.000787 -2.405600 1.237130 0.000000 -0.124241 -0.992252 0.235712 0.665954
-1.000787 -2.419910 1.238922 0.000000 -0.124241 -0.992252 0.234793 0.665954
-1.705787 -2.419910 1.238922 0.000000 -0.124241 -0.992252 0.234793 0.697403
-1.705787 -2.405600 1.297130 0.000000 -1.000000 -0.000000 0.230278 0.697403
-1.000787 -2.405600 1.297130 0.000000 -1.000000 -0.000000 0.230278 0.665954
-1.000787 -2.405600 1.317130 0.000000 -1.000000 -0.000000 0.229004 0.665954
-1.705787 -2.405600 1.317130 0.000000 -1.000000 -0.000000 0.229004 0.697403
-1.705787 -2.465600 1.217130 -0.000000 0.000000 1.000000 0.151064 0.652458
-1.000787 -2.465600 1.217130 -0.000000 0.000000 1.000000 0.151064 0.701089
-1.000787 -2.405600 1.217130 -0.000000 0.000000 1.000000 0.146925 0.701089
-1.705787 -2.405600 1.217130 -0.000000 0.000000 1.000000 0.146925 0.652458
-1.705787 -2.465600 1.237130 -0.000000 1.000000 0.000000 0.230265 0.697394
-1.000787 -2.465600 1.237130 -0.000000 1.000000 0.000000 0.230265 0.665945
-1.000787 -2.465600 1.217130 -0.000000 1.000000 0.000000 0.228991 0.665945
-1.705787 -2.465600 1.217130 -0.000000 1.000000 0.000000 0.228991 0.697394
-1.705787 -2.405600 1.317130 0.000000 0.000000 -1.000000 0.151064 0.652458
-1.000787 -2.405600 1.317130 0.000000 0.000000 -1.000000 0.151064 0.701089
-1.000787 -2.465600 1.317130 0.000000 0.000000 -1.000000 0.146925 0.701089
-1.705787 -2.465600 1.317130 0.000000 0.000000 -1.000000 0.146925 0.652458
-0.305803 -2.433332 1.357125 0.994995 0.099887 0.000000 0.000000 0.500000
-0.304475 -2.448207 1.357125 0.993957 0.109470 0.000000 0.000000 0.500000
-0.304475 -2.448207 1.097125 0.993957 0.109470 0.000000 0.000000 0.500000
-0.305803 -2.433332 1.097125 0.994995 0.099887 0.000000 0.000000 0.500000
-0.303663 -2.454396 1.357125 0.957671 0.287790 0.000000 0.000000 0.500000
-0.303663 -2.454396 1.097125 0.957671 0.287790 0.000000 0.000000 0.500000
-0.299697 -2.457237 1.357125 0.125431 0.992096 0.000000 0.000000 0.500000
-0.294601 -2.457435 1.357125 -0.034547 0.999390 0.000000 0.000000 0.500000
-0.294601 -2.457435 1.097125 -0.034547 0.999390 0.000000 0.000000 0.500000
-0.299697 -2.457237 1.097125 0.125431 0.992096 0.000000 0.000000 0.500000
-0.303212 -2.455323 1.357125 0.840724 0.541398 0.000000 0.000000 0.500000
-0.303212 -2.455323 1.097125 0.840724 0.541398 0.000000 0.000000 0.500000
-0.302613 -2.456048 1.357125 0.680349 0.732871 0.000000 0.000000 0.500000
-0.302613 -2.456048 1.097125 0.680349 0.732871 0.000000 0.000000 0.500000
-0.301843 -2.456593 1.357125 0.479324 0.877621 0.000000 0.000000 0.500000
-0.301843 -2.456593 1.097125 0.479324 0.877621 0.000000 0.000000 0.500000
-0.300879 -2.456982 1.357125 0.293680 0.955870 0.000000 0.000000 0.500000
-0.300879 -2.456982 1.097125 0.293680 0.955870 0.000000 0.000000 0.500000
-0.285918 -2.456494 1.357125 -0.141514 0.989929 0.000000 0.000000 0.500000
-0.285918 -2.456494 1.097125 -0.141514 0.989929 0.000000 0.000000 0.500000
-0.276826 -2.454876 1.357125 -0.131993 0.991241 0.000000 0.000000 0.500000
-0.276826 -2.454876 1.097125 -0.131993 0.991241 0.000000 0.000000 0.500000
-0.267165 -2.454017 1.357125 -0.088534 0.996063 0.000000 0.000000 0.500000
-0.267165 -2.454017 1.097125 -0.088534 0.996063 0.000000 0.000000 0.500000
-0.309475 -2.400250 1.357125 0.993957 0.109500 0.000000 0.000000 0.500000
-0.308020 -2.413455 1.357125 0.993896 0.110172 0.000000 0.000000 0.500000
-0.308020 -2.413455 1.097125 0.993896 0.110172 0.000000 0.000000 0.500000
-0.309475 -2.400250 1.097125 0.993957 0.109500 0.000000 0.000000 0.500000
-1.694197 -2.433333 1.357125 0.994995 -0.099887 0.000000 0.000000 0.500000
-1.695525 -2.448208 1.357125 0.995727 -0.092166 0.000000 0.000000 0.500000
-1.695525 -2.448208 1.097125 0.995727 -0.092166 0.000000 0.000000 0.500000
-1.694197 -2.433333 1.097125 0.994995 -0.099887 0.000000 0.000000 0.500000
-1.696008 -2.453245 1.357125 0.982604 -0.185675 0.000000 0.000000 0.500000
-1.696008 -2.453245 1.097125 0.982604 -0.185675 0.000000 0.000000 0.500000
-1.690525 -2.400251 1.357125 0.993957 -0.109500 0.000000 0.000000 0.500000
-1.691980 -2.413455 1.357125 0.993896 -0.110172 0.000000 0.000000 0.500000
-1.691980 -2.413455 1.097125 0.993896 -0.110172 0.000000 0.000000 0.500000
-1.690525 -2.400251 1.097125 0.993957 -0.109500 0.000000 0.000000 0.500000
-1.705399 -2.457435 1.357125 -0.017914 -0.999817 0.000000 0.000000 0.500000
-1.714082 -2.456495 1.357125 -0.141514 -0.989929 0.000000 0.000000 0.500000
-1.714082 -2.456495 1.097125 -0.141514 -0.989929 0.000000 0.000000 0.500000
-1.705399 -2.457435 1.097125 -0.017914 -0.999817 0.000000 0.000000 0.500000
-1.696337 -2.454397 1.357125 0.933866 -0.357524 0.000000 0.000000 0.500000
-1.696337 -2.454397 1.097125 0.933866 -0.357524 0.000000 0.000000 0.500000
-1.696788 -2.455324 1.357125 0.840724 -0.541398 0.000000 0.000000 0.500000
-1.696788 -2.455324 1.097125 0.840724 -0.541398 0.000000 0.000000 0.500000
-1.697387 -2.456048 1.357125 0.680258 -0.732963 0.000000 0.000000 0.500000
-1.697387 -2.456048 1.097125 0.680258 -0.732963 0.000000 0.000000 0.500000
-1.698157 -2.456593 1.357125 0.479263 -0.877651 0.000000 0.000000 0.500000
-1.698157 -2.456593 1.097125 0.479263 -0.877651 0.000000 0.000000 0.500000
-1.699121 -2.456982 1.357125 0.225715 -0.974181 0.000000 0.000000 0.500000
-1.699121 -2.456982 1.097125 0.225715 -0.974181 0.000000 0.000000 0.500000
-1.723174 -2.454876 1.357125 -0.131993 -0.991241 0.000000 0.000000 0.500000
-1.723174 -2.454876 1.097125 -0.131993 -0.991241 0.000000 0.000000 0.500000
-1.732835 -2.454018 1.357125 -0.088534 -0.996063 0.000000 0.000000 0.500000
-1.732835 -2.454018 1.097125 -0.088534 -0.996063 0.000000 0.000000 0.500000
-1.000787 -2.405600 0.387130 0.000000 0.000000 -1.000000 0.151064 0.652458
-0.295787 -2.405600 0.387130 0.000000 0.000000 -1.000000 0.151064 0.701089
-0.295787 -2.465600 0.387130 0.000000 0.000000 -1.000000 0.146925 0.701089
-1.000787 -2.465600 0.387130 0.000000 0.000000 -1.000000 0.146925 0.652458
-1.000787 -2.465600 0.307130 0.000000 1.000000 -0.000000 0.230265 0.665954
-0.295787 -2.465600 0.307130 0.000000 1.000000 -0.000000 0.230265 0.697403
-0.295787 -2.465600 0.287130 0.000000 1.000000 -0.000000 0.228991 0.697403
-1.000787 -2.465600 0.287130 0.000000 1.000000 -0.000000 0.228991 0.665954
-1.000787 -2.465600 0.287130 -0.000000 0.000000 1.000000 0.151064 0.652458
-0.295787 -2.465600 0.287130 -0.000000 0.000000 1.000000 0.151064 0.701089
-0.295787 -2.405600 0.287130 -0.000000 0.000000 1.000000 0.146925 0.701089
-1.000787 -2.405600 0.287130 -0.000000 0.000000 1.000000 0.146925 0.652458
-1.000787 -2.405600 0.367130 0.000000 -1.000000 -0.000000 0.230265 0.665954
-0.295787 -2.405600 0.367130 0.000000 -1.000000 -0.000000 0.230265 0.697403
-0.295787 -2.405600 0.387130 0.000000 -1.000000 -0.000000 0.228991 0.697403
-1.000787 -2.405600 0.387130 0.000000 -1.000000 -0.000000 0.228991 0.665954
-1.000787 -2.405600 0.307130 0.000000 -0.124248 -0.992251 0.235699 0.665954
-0.295787 -2.405600 0.307130 0.000000 -0.124248 -0.992251 0.235699 0.697403
-0.295787 -2.419910 0.308922 0.000000 -0.124248 -0.992251 0.234780 0.697403
-1.000787 -2.419910 0.308922 0.000000 -0.124248 -0.992251 0.234780 0.665954
-1.000787 -2.405600 0.287130 0.000000 -1.000000 -0.000000 0.236974 0.665954
-0.295787 -2.405600 0.287130 0.000000 -1.000000 -0.000000 0.236973 0.697403
-0.295787 -2.405600 0.307130 0.000000 -1.000000 -0.000000 0.235699 0.697403
-1.000787 -2.405600 0.307130 0.000000 -1.000000 -0.000000 0.235699 0.665954
-1.000787 -2.419910 0.308922 0.000000 -1.000000 -0.000000 0.234780 0.665954
-0.295787 -2.419910 0.308922 0.000000 -1.000000 -0.000000 0.234780 0.697403
-0.295787 -2.419910 0.365338 0.000000 -1.000000 -0.000000 0.231185 0.697403
-1.000787 -2.419910 0.365338 0.000000 -1.000000 -0.000000 0.231185 0.665954
-1.000787 -2.419910 0.365338 -0.000000 -0.124278 0.992247 0.231185 0.665954
-0.295787 -2.419910 0.365338 -0.000000 -0.124278 0.992247 0.231185 0.697403
-0.295787 -2.405600 0.367130 -0.000000 -0.124278 0.992247 0.230265 0.697403
-1.000787 -2.405600 0.367130 -0.000000 -0.124278 0.992247 0.230265 0.665954
-1.000787 -2.465600 0.387130 0.000000 1.000000 -0.000000 0.236973 0.665954
-0.295787 -2.465600 0.387130 0.000000 1.000000 -0.000000 0.236973 0.697403
-0.295787 -2.465600 0.367130 0.000000 1.000000 -0.000000 0.235699 0.697403
-1.000787 -2.465600 0.367130 0.000000 1.000000 -0.000000 0.235699 0.665954
-1.000787 -2.465600 0.367130 -0.000000 0.124277 0.992248 0.235699 0.665954
-0.295787 -2.465600 0.367130 -0.000000 0.124277 0.992248 0.235699 0.697403
-0.295787 -2.451289 0.365338 -0.000000 0.124277 0.992248 0.234780 0.697403
-1.000787 -2.451289 0.365338 -0.000000 0.124277 0.992248 0.234780 0.665954
-1.000787 -2.451289 0.365338 -0.000000 1.000000 -0.000000 0.234780 0.665954
-0.295787 -2.451289 0.365338 -0.000000 1.000000 -0.000000 0.234780 0.697403
-0.295787 -2.451289 0.308922 -0.000000 1.000000 -0.000000 0.231184 0.697403
-1.000787 -2.451289 0.308922 -0.000000 1.000000 -0.000000 0.231185 0.665954
-1.000787 -2.451289 0.308922 0.000000 0.124247 -0.992251 0.231185 0.665954
-0.295787 -2.451289 0.308922 0.000000 0.124247 -0.992251 0.231184 0.697403
-0.295787 -2.465600 0.307130 0.000000 0.124247 -0.992251 0.230265 0.697403
-1.000787 -2.465600 0.307130 0.000000 0.124247 -0.992251 0.230265 0.665954
-1.705787 -2.451289 0.308922 0.000000 0.124247 -0.992251 0.231185 0.697394
-1.000787 -2.451289 0.308922 0.000000 0.124247 -0.992251 0.231185 0.665945
-1.000787 -2.465600 0.307130 0.000000 0.124247 -0.992251 0.230265 0.665945
-1.705787 -2.465600 0.307130 0.000000 0.124247 -0.992251 0.230265 0.697394
-1.705787 -2.451289 0.365337 0.000000 1.000000 -0.000000 0.234780 0.697394
-1.000787 -2.451289 0.365338 0.000000 1.000000 -0.000000 0.234780 0.665945
-1.000787 -2.451289 0.308922 0.000000 1.000000 -0.000000 0.231185 0.665945
-1.705787 -2.451289 0.308922 0.000000 1.000000 -0.000000 0.231185 0.697394
-1.705787 -2.465600 0.367130 -0.000000 0.124277 0.992248 0.235699 0.697394
-1.000787 -2.465600 0.367130 -0.000000 0.124277 0.992248 0.235699 0.665945
-1.000787 -2.451289 0.365338 -0.000000 0.124277 0.992248 0.234780 0.665945
-1.705787 -2.451289 0.365337 -0.000000 0.124277 0.992248 0.234780 0.697394
-1.705787 -2.465600 0.387130 -0.000000 1.000000 0.000000 0.236973 0.697394
-1.000787 -2.465600 0.387130 -0.000000 1.000000 0.000000 0.236973 0.665945
-1.000787 -2.465600 0.367130 -0.000000 1.000000 0.000000 0.235699 0.665945
-1.705787 -2.465600 0.367130 -0.000000 1.000000 0.000000 0.235699 0.697394
-1.705787 -2.419910 0.365337 -0.000000 -0.124277 0.992248 0.231197 0.697403
-1.000787 -2.419910 0.365338 -0.000000 -0.124277 0.992248 0.231197 0.665954
-1.000787 -2.405600 0.367130 -0.000000 -0.124277 0.992248 0.230278 0.665954
-1.705787 -2.405600 0.367130 -0.000000 -0.124277 0.992248 0.230278 0.697403
-1.705787 -2.419910 0.308922 0.000000 -1.000000 0.000000 0.234793 0.697403
-1.000787 -2.419910 0.308922 0.000000 -1.000000 0.000000 0.234793 0.665954
-1.000787 -2.419910 0.365338 0.000000 -1.000000 0.000000 0.231197 0.665954
-1.705787 -2.419910 0.365337 0.000000 -1.000000 0.000000 0.231197 0.697403
-1.705787 -2.405600 0.287130 0.000000 -1.000000 -0.000000 0.236986 0.697403
-1.000787 -2.405600 0.287130 0.000000 -1.000000 -0.000000 0.236986 0.665954
-1.000787 -2.405600 0.307130 0.000000 -1.000000 -0.000000 0.235712 0.665954
-1.705787 -2.405600 0.307130 0.000000 -1.000000 -0.000000 0.235712 0.697403
-1.705787 -2.405600 0.307130 0.000000 -0.124247 -0.992251 0.235712 0.697403
-1.000787 -2.405600 0.307130 0.000000 -0.124247 -0.992251 0.235712 0.665954
-1.000787 -2.419910 0.308922 0.000000 -0.124247 -0.992251 0.234793 0.665954
-1.705787 -2.419910 0.308922 0.000000 -0.124247 -0.992251 0.234793 0.697403
-1.705787 -2.405600 0.367130 0.000000 -1.000000 -0.000000 0.230278 0.697403
-1.000787 -2.405600 0.367130 0.000000 -1.000000 -0.000000 0.230278 0.665954
-1.000787 -2.405600 0.387130 0.000000 -1.000000 -0.000000 0.229004 0.665954
-1.705787 -2.405600 0.387130 0.000000 -1.000000 -0.000000 0.229004 0.697403
-1.705787 -2.465600 0.287130 -0.000000 0.000000 1.000000 0.151064 0.652458
-1.000787 -2.465600 0.287130 -0.000000 0.000000 1.000000 0.151064 0.701089
-1.000787 -2.405600 0.287130 -0.000000 0.000000 1.000000 0.146925 0.701089
-1.705787 -2.405600 0.287130 -0.000000 0.000000 1.000000 0.146925 0.652458
-1.705787 -2.465600 0.307130 -0.000000 1.000000 0.000000 0.230265 0.697394
-1.000787 -2.465600 0.307130 -0.000000 1.000000 0.000000 0.230265 0.665945
-1.000787 -2.465600 0.287130 -0.000000 1.000000 0.000000 0.228991 0.665945
-1.705787 -2.465600 0.287130 -0.000000 1.000000 0.000000 0.228991 0.697394
-1.705787 -2.405600 0.387130 0.000000 0.000000 -1.000000 0.151064 0.652458
-1.000787 -2.405600 0.387130 0.000000 0.000000 -1.000000 0.151064 0.701089
-1.000787 -2.465600 0.387130 0.000000 0.000000 -1.000000 0.146925 0.701089
-1.705787 -2.465600 0.387130 0.000000 0.000000 -1.000000 0.146925 0.652458
-0.305803 -2.433332 0.427125 0.994995 0.099887 0.000000 0.000000 0.500000
-0.304475 -2.448207 0.427125 0.993988 0.109470 0.000000 0.000000 0.500000
-0.304475 -2.448207 0.167125 0.993988 0.109470 0.000000 0.000000 0.500000
-0.305803 -2.433332 0.167125 0.994995 0.099887 0.000000 0.000000 0.500000
-0.303663 -2.454396 0.427125 0.957671 0.287790 0.000000 0.000000 0.500000
-0.303663 -2.454396 0.167125 0.957671 0.287790 0.000000 0.000000 0.500000
-0.299697 -2.457237 0.427125 0.125431 0.992096 0.000000 0.000000 0.500000
-0.294601 -2.457435 0.427125 -0.034547 0.999390 0.000000 0.000000 0.500000
-0.294601 -2.457435 0.167125 -0.034547 0.999390 0.000000 0.000000 0.500000
-0.299697 -2.457237 0.167125 0.125431 0.992096 0.000000 0.000000 0.500000
-0.303212 -2.455323 0.427125 0.840724 0.541398 0.000000 0.000000 0.500000
-0.303212 -2.455323 0.167125 0.840724 0.541398 0.000000 0.000000 0.500000
-0.302613 -2.456048 0.427125 0.680349 0.732871 0.000000 0.000000 0.500000
-0.302613 -2.456048 0.167125 0.680349 0.732871 0.000000 0.000000 0.500000
-0.301843 -2.456593 0.427125 0.479324 0.877621 0.000000 0.000000 0.500000
-0.301843 -2.456593 0.167125 0.479324 0.877621 0.000000 0.000000 0.500000
-0.300879 -2.456982 0.427125 0.293680 0.955870 0.000000 0.000000 0.500000
-0.300879 -2.456982 0.167125 0.293680 0.955870 0.000000 0.000000 0.500000
-0.285918 -2.456494 0.427125 -0.141514 0.989929 0.000000 0.000000 0.500000
-0.285918 -2.456494 0.167125 -0.141514 0.989929 0.000000 0.000000 0.500000
-0.276826 -2.454876 0.427125 -0.131993 0.991241 0.000000 0.000000 0.500000
-0.276826 -2.454876 0.167125 -0.131993 0.991241 0.000000 0.000000 0.500000
-0.267165 -2.454017 0.427125 -0.088534 0.996063 0.000000 0.000000 0.500000
-0.267165 -2.454017 0.167125 -0.088534 0.996063 0.000000 0.000000 0.500000
-0.309475 -2.400250 0.427125 0.993957 0.109500 0.000000 0.000000 0.500000
-0.308020 -2.413455 0.427125 0.993896 0.110172 0.000000 0.000000 0.500000
-0.308020 -2.413455 0.167125 0.993896 0.110172 0.000000 0.000000 0.500000
-0.309475 -2.400250 0.167125 0.993957 0.109500 0.000000 0.000000 0.500000
-1.694197 -2.433333 0.427125 0.994995 -0.099887 0.000000 0.000000 0.500000
-1.695525 -2.448208 0.427125 0.995727 -0.092166 0.000000 0.000000 0.500000
-1.695525 -2.448208 0.167125 0.995727 -0.092166 0.000000 0.000000 0.500000
-1.694197 -2.433333 0.167125 0.994995 -0.099887 0.000000 0.000000 0.500000
-1.696008 -2.453245 0.427125 0.982604 -0.185675 0.000000 0.000000 0.500000
-1.696008 -2.453245 0.167125 0.982604 -0.185675 0.000000 0.000000 0.500000
-1.690525 -2.400251 0.427125 0.993957 -0.109500 0.000000 0.000000 0.500000
-1.691980 -2.413455 0.427125 0.993896 -0.110172 0.000000 0.000000 0.500000
-1.691980 -2.413455 0.167125 0.993896 -0.110172 0.000000 0.000000 0.500000
-1.690525 -2.400251 0.167125 0.993957 -0.109500 0.000000 0.000000 0.500000
-1.705399 -2.457435 0.427125 -0.017914 -0.999817 0.000000 0.000000 0.500000
-1.714082 -2.456495 0.427125 -0.141514 -0.989929 0.000000 0.000000 0.500000
-1.714082 -2.456495 0.167125 -0.141514 -0.989929 0.000000 0.000000 0.500000
-1.705399 -2.457435 0.167125 -0.017914 -0.999817 0.000000 0.000000 0.500000
-1.696337 -2.454397 0.427125 0.933866 -0.357524 0.000000 0.000000 0.500000
-1.696337 -2.454397 0.167125 0.933866 -0.357524 0.000000 0.000000 0.500000
-1.696788 -2.455324 0.427125 0.840724 -0.541398 0.000000 0.000000 0.500000
-1.696788 -2.455324 0.167125 0.840724 -0.541398 0.000000 0.000000 0.500000
-1.697387 -2.456048 0.427125 0.680258 -0.732963 0.000000 0.000000 0.500000
-1.697387 -2.456048 0.167125 0.680258 -0.732963 0.000000 0.000000 0.500000
-1.698157 -2.456593 0.427125 0.479263 -0.877651 0.000000 0.000000 0.500000
-1.698157 -2.456593 0.167125 0.479263 -0.877651 0.000000 0.000000 0.500000
-1.699121 -2.456982 0.427125 0.225715 -0.974181 0.000000 0.000000 0.500000
-1.699121 -2.456982 0.167125 0.225715 -0.974181 0.000000 0.000000 0.500000
-1.723174 -2.454876 0.427125 -0.131993 -0.991241 0.000000 0.000000 0.500000
-1.723174 -2.454876 0.167125 -0.131993 -0.991241 0.000000 0.000000 0.500000
-1.732835 -2.454018 0.427125 -0.088534 -0.996063 0.000000 0.000000 0.500000
-1.732835 -2.454018 0.167125 -0.088534 -0.996063 0.000000 0.000000 0.500000
-0.299287 -0.231621 0.719326 -0.052370 -0.022279 0.998352 0.906549 0.993152
-0.345551 -0.227702 0.714305 -0.700552 -0.085635 0.708396 0.911609 0.992690
-0.346938 -0.254925 0.712839 -0.632740 -0.566973 0.527360 0.911796 0.995659
-0.298546 -0.261880 0.716759 -0.069521 -0.726188 0.683950 0.906514 0.996458
-0.296568 -0.269733 0.635868 -0.065950 -0.994476 0.081240 0.760602 0.762684
-0.298546 -0.261880 0.716759 -0.069521 -0.726188 0.683950 0.751826 0.762381
-0.346938 -0.254925 0.712839 -0.632740 -0.566973 0.527360 0.752230 0.757097
-0.341974 -0.259634 0.628735 -0.692465 -0.717490 0.075198 0.761334 0.757653
-0.361556 0.271469 0.631839 -0.996063 0.062624 0.062624 0.929564 0.858200
-0.349933 0.273395 0.708463 -0.724113 0.045198 0.688162 0.921190 0.857973
-0.350368 0.321048 0.706151 -0.626606 0.552934 0.549181 0.921462 0.852809
-0.347131 0.325012 0.628624 -0.721000 0.689962 0.063997 0.929855 0.852205
0.337522 -0.265191 -0.001236 0.109622 -0.148778 -0.982757 0.840964 0.834814
0.412743 -0.260024 0.023819 0.669790 -0.055452 -0.740440 0.841540 0.843368
0.417779 -0.321496 0.036225 0.616962 -0.604663 -0.503708 0.834776 0.844315
0.343478 -0.342523 0.012396 0.079867 -0.834346 -0.545396 0.832520 0.835841
0.396708 -0.233405 0.639556 0.973968 -0.187811 0.126713 0.979748 0.815434
0.382267 -0.233165 0.714864 0.653890 -0.169958 0.737236 0.988057 0.815394
0.374347 -0.273899 0.701916 0.477584 -0.749931 0.457686 0.986843 0.819967
0.386322 -0.263478 0.645133 0.662984 -0.747276 0.044435 0.980523 0.818849
0.317388 0.343349 0.640827 0.071688 0.996277 0.047853 0.907608 0.856660
0.311550 0.341710 0.718646 0.062380 0.705527 0.705893 0.906892 0.848196
0.370859 0.333151 0.714641 0.558336 0.563250 0.609058 0.913411 0.848540
0.375446 0.341046 0.640677 0.630482 0.765862 0.126133 0.913931 0.856626
0.312039 0.351844 0.261553 0.076388 0.997070 0.003082 0.907418 0.897956
0.313427 0.351034 0.365351 0.086612 0.996216 0.000153 0.907451 0.886654
0.386367 0.336132 0.352287 0.664479 0.747185 -0.012207 0.915566 0.887981
0.380831 0.343352 0.260027 0.618427 0.785791 -0.005951 0.914967 0.898047
-0.117105 0.351496 0.258833 0.018983 0.999786 -0.008118 0.860711 0.898716
-0.116366 0.346933 0.358385 -0.032533 0.999420 0.009796 0.860676 0.887853
0.002832 0.354482 0.349733 -0.004425 0.998840 -0.047914 0.873683 0.888681
0.003827 0.341752 0.257942 0.036287 0.997040 -0.067354 0.873923 0.898761
-0.116010 0.356090 0.646668 -0.056215 0.992492 0.108463 0.860564 0.856524
-0.113916 0.337953 0.710780 -0.038850 0.663839 0.746849 0.860624 0.849298
0.001646 0.342965 0.709701 -0.016968 0.670614 0.741600 0.873209 0.849366
-0.000480 0.358580 0.642656 -0.014893 0.995483 0.093600 0.873058 0.856851
0.407386 -0.235124 0.237757 0.915159 -0.356212 0.188513 0.935727 0.816906
0.410243 -0.224097 0.336991 0.944762 -0.326670 0.026307 0.946676 0.815046
0.385823 -0.272843 0.320863 0.560472 -0.826136 0.057558 0.945160 0.821128
0.390208 -0.282311 0.216640 0.478439 -0.841365 0.251350 0.933768 0.822585
0.415997 0.102124 0.268125 0.999725 0.006165 0.022126 0.938742 0.779051
0.430061 0.100834 0.367214 0.999359 0.030396 0.017701 0.949483 0.779235
0.438384 0.006841 0.382091 0.997192 0.001770 0.074496 0.951067 0.789470
0.436362 0.008052 0.269727 0.998352 0.054048 0.017762 0.938908 0.789383
0.388247 0.109142 0.639980 0.982421 -0.071017 0.172613 0.979575 0.778154
0.374107 0.106971 0.713989 0.672323 -0.019440 0.739982 0.987794 0.778341
0.373278 0.009006 0.715286 0.671987 0.018067 0.740318 0.988016 0.789016
0.378947 0.005800 0.635981 0.995849 0.002472 0.090793 0.979376 0.789455
-0.128607 -0.242117 0.001031 0.015992 -0.291055 -0.956542 0.842349 0.783965
0.000953 -0.236935 -0.002925 0.005585 -0.330515 -0.943754 0.843264 0.798046
0.003113 -0.269927 0.019658 0.001129 -0.837306 -0.546678 0.838947 0.798370
-0.128622 -0.270009 0.021405 0.088992 -0.819330 -0.566363 0.838583 0.784061
-0.117754 0.109690 -0.003266 -0.003113 0.001709 -0.999969 0.880728 0.784487
-0.000332 0.110008 -0.003407 -0.002594 0.003082 -0.999969 0.880978 0.797264
-0.000333 0.010093 -0.003974 -0.003235 0.000458 -0.999969 0.870107 0.797448
-0.117794 0.010190 -0.002983 -0.005005 -0.001068 -0.999969 0.869898 0.784666
0.332603 0.105671 -0.006613 0.134342 0.001221 -0.990905 0.881159 0.833414
0.409083 0.091022 0.023294 0.699332 -0.015992 -0.714560 0.879732 0.842319
0.414081 0.009910 0.012551 0.713828 0.010376 -0.700217 0.870865 0.842713
0.333007 0.009759 -0.002805 0.120365 0.012848 -0.992615 0.870738 0.833731
-0.355388 0.284726 0.268514 -0.946745 0.312143 0.078707 0.969104 0.855995
-0.365271 0.284493 0.379628 -0.975524 0.215369 -0.043733 0.956946 0.856563
-0.351595 0.335317 0.386764 -0.670919 0.741203 -0.021058 0.956076 0.850858
-0.337096 0.353287 0.258788 -0.530869 0.842586 0.090518 0.969969 0.848246
-0.369465 -0.082012 0.262478 -0.988617 -0.089572 0.120609 0.969710 0.897046
-0.373207 -0.095918 0.373602 -0.999390 -0.034455 0.002503 0.957632 0.898372
-0.379710 -0.005169 0.365846 -0.998047 -0.008423 0.061464 0.958662 0.888428
-0.392415 0.025778 0.259059 -0.983428 -0.034333 0.177923 0.970464 0.885099
-0.349447 -0.084308 0.636829 -0.996460 0.016877 0.082064 0.928828 0.896825
-0.344556 -0.089440 0.714611 -0.690634 0.013276 0.723045 0.920364 0.897346
-0.346388 0.011070 0.713674 -0.710532 0.001526 0.703635 0.920520 0.886436
-0.351863 0.001591 0.642198 -0.996124 -0.014069 0.086673 0.928308 0.887485
-0.309063 -0.302838 0.270791 -0.231880 -0.967528 0.100345 0.800495 0.761598
-0.289953 -0.272611 0.382385 -0.084933 -0.994720 0.057375 0.788144 0.763448
-0.346226 -0.268144 0.403276 -0.612751 -0.790124 -0.013703 0.785685 0.757313
-0.340046 -0.275199 0.281763 -0.672811 -0.736930 0.064760 0.798932 0.757407
0.102578 -0.278341 0.246116 -0.034089 -0.999115 0.023865 0.802655 0.806677
0.121923 -0.275804 0.376690 0.003937 -0.994964 0.100131 0.788348 0.808565
0.003145 -0.278346 0.378920 0.034974 -0.998138 0.049409 0.788199 0.795591
0.007852 -0.266425 0.272453 0.015473 -0.999847 0.005737 0.799841 0.796265
0.111691 -0.279347 0.645352 0.006256 -0.999481 0.031159 0.758943 0.806833
0.116728 -0.266440 0.706474 0.001495 -0.811731 0.583972 0.752196 0.807274
-0.004644 -0.265524 0.707997 -0.014100 -0.809839 0.586444 0.752242 0.794168
-0.003266 -0.278333 0.647987 -0.022126 -0.998047 0.058290 0.758861 0.794450
0.116595 -0.238836 0.722693 0.001648 -0.204321 0.978881 0.861339 0.994284
-0.001936 -0.238266 0.723439 -0.001312 -0.180456 0.983551 0.874195 0.994144
-0.004644 -0.265524 0.707997 -0.014100 -0.809839 0.586444 0.874520 0.997541
0.116728 -0.266440 0.706474 0.001495 -0.811731 0.583972 0.861329 0.997766
0.118073 0.112743 0.700557 0.002838 -0.054079 0.998505 0.860923 0.955980
-0.000289 0.112347 0.701671 0.007416 -0.053987 0.998505 0.873771 0.955919
-0.000609 0.010426 0.698890 0.010620 0.002503 0.999939 0.873880 0.966990
0.118002 0.010232 0.697961 -0.000977 0.003845 0.999969 0.861020 0.967097
-0.302735 0.112399 0.718262 -0.010529 -0.006226 0.999908 0.906709 0.955674
-0.345106 0.109079 0.713212 -0.719535 0.001251 0.694418 0.911351 0.956011
-0.346388 0.011070 0.713674 -0.710532 0.001526 0.703635 0.911537 0.966683
-0.302181 0.011279 0.715332 0.025056 -0.004517 0.999664 0.906716 0.966688
-0.120632 0.113010 0.704239 0.035493 -0.044404 0.998352 0.886849 0.955754
-0.239038 0.111689 0.712775 0.077883 -0.028047 0.996551 0.899756 0.955801
-0.242267 0.012469 0.708022 0.089694 -0.009095 0.995911 0.900143 0.966603
-0.124168 0.014663 0.699132 0.039033 -0.003815 0.999207 0.887282 0.966444
-0.116568 0.284275 0.716375 -0.003021 0.014161 0.999878 0.886300 0.937070
-0.233022 0.280060 0.715888 0.011170 0.032044 0.999420 0.898987 0.937470
-0.238995 0.214708 0.712459 0.046113 -0.026582 0.998566 0.899671 0.944593
-0.118511 0.214599 0.709203 0.016480 -0.067598 0.997559 0.886554 0.944694
-0.299504 0.276860 0.715401 -0.058168 0.044771 0.997284 0.906228 0.937792
-0.349933 0.273395 0.708463 -0.724113 0.045198 0.688162 0.911779 0.938103
-0.348107 0.209295 0.709542 -0.733451 -0.022889 0.679342 0.911645 0.945092
-0.300270 0.210936 0.717654 -0.043092 0.009583 0.999023 0.906362 0.944967
0.314255 0.109175 0.718348 -0.071444 -0.012879 0.997345 0.839446 0.956530
0.236962 0.112519 0.701014 -0.103305 -0.037904 0.993896 0.848039 0.956133
0.236696 0.010253 0.699276 -0.116916 0.004883 0.993103 0.848180 0.967193
0.314674 0.009950 0.718457 -0.079928 0.003296 0.996765 0.839481 0.967316
0.311975 0.279825 0.721636 0.008057 -0.007111 0.999939 0.839631 0.937921
0.234208 0.286665 0.720507 -0.030335 -0.019288 0.999329 0.848103 0.937087
0.234636 0.214895 0.707922 -0.062166 -0.094638 0.993561 0.848158 0.945010
0.313363 0.208262 0.719008 -0.035798 -0.045412 0.998321 0.839505 0.945733
0.117426 0.286532 0.719043 -0.011139 -0.008759 0.999878 0.860816 0.936989
0.000880 0.286525 0.717387 -0.009583 0.007324 0.999908 0.873507 0.936899
0.000126 0.214480 0.709628 -0.001251 -0.092013 0.995727 0.873648 0.944784
0.117417 0.214597 0.710412 0.001099 -0.106967 0.994232 0.860892 0.944868
0.315160 -0.238308 0.721390 0.043580 -0.189520 0.980895 0.839780 0.994283
0.235349 -0.239470 0.720885 0.002472 -0.202643 0.979217 0.848417 0.994423
0.235473 -0.268808 0.708079 -0.002777 -0.812952 0.582263 0.848396 0.997906
0.312661 -0.272785 0.704079 0.040284 -0.838130 0.543931 0.840004 0.998460
0.318291 -0.089955 0.718868 -0.037629 0.023560 0.998993 0.839220 0.978173
0.238256 -0.092576 0.703341 -0.086581 0.073092 0.993530 0.848061 0.978328
0.235521 -0.195585 0.719238 -0.026612 0.087374 0.995788 0.848385 0.989636
0.318035 -0.192221 0.719261 0.019654 0.040834 0.998962 0.839410 0.989296
0.117237 -0.093154 0.700626 -0.003845 0.096774 0.995270 0.861175 0.978297
0.000361 -0.094694 0.702533 0.007294 0.092166 0.995697 0.873845 0.978404
0.000383 -0.198321 0.718239 -0.001709 0.133213 0.991058 0.873917 0.989774
0.117804 -0.198418 0.719112 -0.001007 0.123234 0.992370 0.861179 0.989882
0.107561 -0.252702 0.461118 0.047517 -0.997528 0.051180 0.778960 0.806911
0.107594 -0.271014 0.573138 0.023652 -0.994446 -0.102298 0.766795 0.806537
-0.002987 -0.269798 0.581594 0.010010 -0.998474 -0.054292 0.766105 0.794546
-0.002267 -0.274409 0.477235 0.038911 -0.998627 0.034181 0.777442 0.794840
0.318467 -0.265707 0.446770 0.031129 -0.997894 0.056459 0.780106 0.829733
0.312562 -0.269684 0.563455 0.034425 -0.998138 -0.049959 0.767401 0.828810
0.216347 -0.266499 0.565061 -0.012574 -0.995514 -0.093478 0.767471 0.818354
0.226917 -0.259203 0.455007 -0.026551 -0.997986 0.057161 0.779415 0.819738
0.313672 -0.275218 0.643917 0.042299 -0.998627 -0.030244 0.758646 0.828728
0.312661 -0.272785 0.704079 0.040284 -0.838130 0.543931 0.752128 0.828485
0.235473 -0.268808 0.708079 -0.002777 -0.812952 0.582263 0.751842 0.820111
0.226501 -0.274842 0.643734 -0.000427 -0.999969 0.006470 0.758862 0.819269
0.135405 -0.277814 0.086139 -0.121342 -0.991943 0.035676 0.820350 0.810417
0.107565 -0.281356 0.150673 -0.033235 -0.998199 0.049715 0.813170 0.807313
-0.024707 -0.281049 0.139732 0.017151 -0.999695 0.016205 0.814376 0.792772
-0.010094 -0.283533 0.075672 0.001282 -0.995239 -0.097140 0.821346 0.794389
0.335594 -0.318645 0.072655 -0.041566 -0.935545 0.350749 0.821712 0.833545
0.339309 -0.298159 0.118039 -0.071444 -0.963286 0.258705 0.816179 0.833431
0.218547 -0.282052 0.149643 -0.074252 -0.990173 0.118259 0.813177 0.819691
0.252751 -0.311753 0.063270 -0.176885 -0.945067 0.274819 0.823270 0.824203
0.327428 -0.282280 0.238168 -0.009064 -0.997528 0.069521 0.802911 0.831416
0.319928 -0.283136 0.324448 0.037202 -0.996765 0.071108 0.793534 0.830220
0.239059 -0.282804 0.336284 -0.022919 -0.996399 0.081545 0.792501 0.821410
0.230815 -0.278950 0.252436 -0.033723 -0.999207 0.020081 0.801703 0.820740
-0.320012 -0.295755 0.073153 -0.425794 -0.898953 -0.102664 0.821412 0.759926
-0.316307 -0.296141 0.153024 -0.414136 -0.909238 0.041932 0.812743 0.760546
-0.340155 -0.277379 0.157152 -0.703146 -0.707755 0.068148 0.812205 0.757222
-0.363526 -0.276341 0.073883 -0.650319 -0.759301 0.022767 0.821322 0.754746
-0.141329 -0.278617 0.079284 0.130345 -0.989624 -0.060213 0.821081 0.780093
-0.155630 -0.284156 0.146062 0.123508 -0.991913 0.029145 0.813783 0.778490
-0.285762 -0.316924 0.150628 -0.054659 -0.997528 0.044069 0.813409 0.764365
-0.274618 -0.315003 0.078377 -0.100925 -0.991333 -0.084017 0.820893 0.765279
-0.135756 -0.287550 0.260857 0.064455 -0.997192 0.037965 0.801286 0.780534
-0.113184 -0.281578 0.372359 0.024781 -0.998321 0.052004 0.789103 0.782881
-0.229614 -0.280557 0.372550 0.026063 -0.997436 0.066195 0.789167 0.770131
-0.263042 -0.283751 0.259858 0.061251 -0.993042 0.100284 0.801473 0.766760
-0.377337 -0.089827 0.463989 -0.995880 0.020173 0.088382 0.947832 0.897678
-0.354657 -0.083910 0.551304 -0.992492 0.033876 0.117313 0.938130 0.896822
-0.359331 -0.002376 0.559082 -0.994537 -0.018708 0.102603 0.937381 0.887954
-0.363456 -0.002954 0.461205 -0.996399 0.010437 0.083926 0.948082 0.888112
-0.369958 -0.228683 0.465373 -0.964263 -0.263192 0.029603 0.947457 0.912596
-0.360474 -0.228026 0.537195 -0.964476 -0.246040 0.095950 0.939644 0.912571
-0.364508 -0.172990 0.540708 -0.993042 -0.014466 0.116672 0.939328 0.906555
-0.374390 -0.178476 0.463766 -0.997559 -0.049104 0.049501 0.947722 0.907195
-0.353074 -0.217797 0.637143 -0.984588 -0.159490 0.071444 0.928736 0.911397
-0.345551 -0.227702 0.714305 -0.700552 -0.085635 0.708396 0.920291 0.912341
-0.345979 -0.187970 0.713750 -0.698752 -0.002655 0.715323 0.920417 0.908043
-0.359637 -0.189427 0.627294 -0.995911 -0.022523 0.087436 0.929905 0.908272
-0.423637 -0.087352 0.080957 -0.994079 -0.057222 0.092196 0.990266 0.897360
-0.401032 -0.078375 0.162914 -0.974029 -0.088473 0.208289 0.981059 0.896501
-0.413236 0.035623 0.157935 -0.980438 -0.070101 0.183813 0.981747 0.883976
-0.414501 0.018911 0.075869 -0.999695 -0.023804 -0.001129 0.990722 0.885840
-0.386617 -0.231427 0.065125 -0.885556 -0.438490 0.153203 0.991505 0.913644
-0.369637 -0.240823 0.163725 -0.890042 -0.442793 0.108127 0.980541 0.914786
-0.386823 -0.199710 0.168999 -0.962798 -0.211402 0.168157 0.980197 0.909873
-0.404854 -0.186495 0.065853 -0.959044 -0.242836 0.145634 0.991688 0.908328
-0.365027 -0.233500 0.276655 -0.937590 -0.345012 0.043245 0.968100 0.913672
-0.365260 -0.227511 0.394356 -0.960723 -0.275704 -0.030549 0.955154 0.912748
-0.369686 -0.172099 0.386409 -0.997803 -0.058809 -0.030183 0.956141 0.906690
-0.370940 -0.175918 0.267104 -0.991211 -0.090396 0.096530 0.969243 0.907297
-0.402589 0.285012 0.080516 -0.949889 0.298746 0.091891 0.990094 0.856936
-0.383236 0.282671 0.143865 -0.918088 0.351390 0.183355 0.982936 0.856637
-0.358041 0.357080 0.143454 -0.530259 0.842830 0.091739 0.982721 0.848130
-0.373610 0.347267 0.079717 -0.568987 0.822291 -0.005707 0.989819 0.849486
-0.427251 0.112364 0.080124 -0.996857 0.006989 -0.078890 0.990196 0.875683
-0.424462 0.126295 0.157342 -0.985473 0.009827 0.169378 0.982054 0.874142
-0.414531 0.218591 0.151424 -0.960173 0.226844 0.162938 0.982616 0.864317
-0.414775 0.204900 0.086458 -0.990448 0.136540 -0.018433 0.989601 0.865708
-0.381964 0.096876 0.256121 -0.974212 0.028413 0.223701 0.970594 0.877283
-0.368720 0.109982 0.368594 -0.997375 0.017548 0.070070 0.958281 0.875781
-0.368032 0.220900 0.374864 -0.997162 0.074343 0.009705 0.957672 0.863569
-0.388353 0.222554 0.258972 -0.964324 0.189886 0.184332 0.970643 0.863578
0.117275 0.111027 -0.003766 -0.002472 0.003418 -0.999969 0.881305 0.810054
0.234754 0.110929 -0.004815 -0.003662 0.003967 -0.999969 0.881516 0.822812
0.234618 0.009986 -0.003674 -0.002014 -0.001038 -0.999969 0.870549 0.823012
0.117132 0.010013 -0.003883 -0.002655 0.001129 -0.999969 0.870317 0.810233
0.118703 0.282463 -0.002204 0.007477 0.029481 -0.999512 0.899976 0.809923
0.234331 0.283039 -0.004973 0.024598 0.097415 -0.994934 0.900124 0.822473
0.234545 0.210315 -0.002886 0.000000 0.004547 -0.999969 0.892267 0.822597
0.117051 0.210298 -0.003367 -0.003540 0.005097 -0.999969 0.892103 0.809859
0.327004 0.275968 -0.002661 0.154088 0.139744 -0.978118 0.899453 0.832349
0.384755 0.269917 0.016769 0.668996 0.212592 -0.712180 0.899159 0.838901
0.411522 0.185071 0.012056 0.685873 0.106449 -0.719840 0.889997 0.841937
0.332024 0.202628 -0.002164 0.134465 0.019227 -0.990722 0.891642 0.833148
-0.333329 0.104381 -0.002179 -0.125095 0.016999 -0.991974 0.879754 0.761033
-0.234781 0.110076 -0.003068 -0.007172 0.000641 -0.999969 0.880559 0.771746
-0.234633 0.010663 -0.002468 -0.009949 -0.005493 -0.999908 0.869736 0.771945
-0.334409 0.008486 -0.001036 -0.103305 -0.006439 -0.994598 0.869316 0.761088
-0.325237 0.280684 0.000510 -0.112064 0.114353 -0.987091 0.899016 0.761595
-0.239799 0.288007 -0.002133 -0.023865 0.073366 -0.997009 0.899927 0.770897
-0.235121 0.208656 -0.002317 -0.006470 0.012818 -0.999878 0.891293 0.771531
-0.330673 0.202193 -0.001130 -0.121372 -0.006714 -0.992553 0.890434 0.761106
-0.118212 0.284732 0.000630 -0.010193 0.029054 -0.999512 0.899771 0.784122
0.001571 0.282916 -0.002635 -0.010590 0.005554 -0.999908 0.899796 0.797154
-0.000718 0.211405 -0.003066 -0.004761 0.011444 -0.999908 0.892009 0.797037
-0.117794 0.209272 -0.002827 -0.002411 0.015015 -0.999878 0.891562 0.784302
-0.333057 -0.241528 -0.000828 -0.060579 -0.118564 -0.991089 0.842156 0.761712
-0.248509 -0.257165 0.000820 0.027619 -0.232093 -0.972289 0.840577 0.770895
-0.255333 -0.310168 0.020417 0.015625 -0.842555 -0.538347 0.834425 0.770205
-0.325158 -0.276436 0.008903 -0.231758 -0.672170 -0.703146 0.838236 0.762583
-0.334438 -0.089390 -0.000274 -0.098758 0.001556 -0.995086 0.858662 0.761265
-0.235079 -0.089132 -0.001548 -0.010987 -0.002289 -0.999908 0.858870 0.772078
-0.235520 -0.189277 -0.001203 -0.002838 -0.019410 -0.999786 0.847970 0.772208
-0.334953 -0.189163 -0.002022 -0.081820 0.008271 -0.996582 0.847819 0.761417
-0.117114 -0.089542 -0.003856 -0.010224 0.001068 -0.999939 0.859041 0.784929
0.000160 -0.090342 -0.002876 -0.003021 0.005554 -0.999969 0.859182 0.797688
0.001280 -0.191893 -0.006738 0.003510 -0.044984 -0.998962 0.848156 0.798005
-0.116879 -0.189586 -0.002700 -0.016633 -0.029298 -0.999420 0.848136 0.785146
0.427737 0.104536 0.456982 0.985382 -0.043611 0.164586 0.959237 0.778717
0.409856 0.118873 0.534006 0.976440 -0.097507 0.192450 0.967795 0.777130
0.381903 0.000151 0.536129 0.981017 -0.024506 0.192206 0.968712 0.790157
0.420352 0.019117 0.440990 0.972228 -0.044923 0.229652 0.957715 0.788048
0.405044 0.289516 0.451385 0.976989 0.213172 -0.003784 0.958785 0.758338
0.408264 0.279156 0.551652 0.977203 0.185400 0.103214 0.969634 0.759767
0.415147 0.210093 0.550836 0.988922 0.029481 0.145360 0.969452 0.767219
0.421449 0.196837 0.456639 0.993622 0.098819 0.053743 0.959217 0.768652
0.392978 0.275579 0.642700 0.971954 0.114048 0.205603 0.979618 0.760028
0.370585 0.270505 0.716921 0.638874 0.037019 0.768395 0.988057 0.760493
0.371018 0.202025 0.715668 0.635670 -0.017945 0.771722 0.987979 0.767969
0.395442 0.217953 0.625296 0.973205 -0.008057 0.229682 0.977775 0.766318
0.440655 0.102087 0.082568 0.982391 -0.035005 -0.183447 0.918653 0.778685
0.432826 0.110468 0.163717 0.999115 -0.030244 0.028321 0.927404 0.778106
0.439376 -0.003768 0.171796 0.999298 0.016663 -0.033082 0.928177 0.790583
0.419633 0.018271 0.078483 0.986267 -0.029145 -0.162420 0.917752 0.787964
0.402723 0.264138 0.091341 0.952178 0.283456 -0.113926 0.919353 0.760676
0.402383 0.276751 0.163723 0.938597 0.343455 -0.032411 0.927302 0.759287
0.440111 0.196080 0.166615 0.986297 0.164830 -0.001068 0.927764 0.768834
0.433704 0.193656 0.083867 0.963530 0.199255 -0.178503 0.918982 0.769082
0.408837 0.274227 0.261163 0.937468 0.347789 0.011902 0.937905 0.759810
0.405247 0.272797 0.358802 0.962218 0.272164 0.006836 0.948597 0.760009
0.427323 0.193062 0.356236 0.992981 0.114475 0.029115 0.948193 0.769114
0.438901 0.200657 0.262195 0.991363 0.126194 0.034761 0.937914 0.768367
0.434669 -0.258085 0.073523 0.967193 0.018830 -0.253273 0.916973 0.818380
0.442172 -0.256259 0.137793 0.973174 -0.179113 0.144322 0.923984 0.818346
0.437923 -0.315787 0.101972 0.704062 -0.678976 0.207892 0.919929 0.824734
0.432624 -0.328616 0.065553 0.670247 -0.741874 0.018433 0.915877 0.826028
0.428197 -0.094812 0.083049 0.986572 0.027833 -0.160894 0.918243 0.800493
0.434088 -0.097439 0.170839 0.997986 0.024110 -0.058321 0.927949 0.800892
0.440501 -0.190712 0.166932 0.996307 -0.071078 0.047609 0.927460 0.811272
0.433209 -0.189174 0.081911 0.979369 0.037355 -0.198553 0.918028 0.810881
0.438619 -0.088973 0.265345 0.997101 -0.039064 0.064913 0.938367 0.800003
0.427614 -0.074088 0.351272 0.993194 -0.073641 0.089938 0.947849 0.798360
0.414028 -0.170128 0.349641 0.989013 -0.133793 0.062532 0.947933 0.809004
0.437791 -0.173853 0.250425 0.980560 -0.153569 0.121921 0.936703 0.809324
-0.121348 0.343916 0.462398 -0.047151 0.998718 -0.017304 0.860032 0.876542
-0.116543 0.353981 0.574227 -0.051363 0.998077 -0.034333 0.860520 0.864356
-0.003399 0.353424 0.562127 -0.019990 0.998993 -0.039399 0.872801 0.865605
-0.000410 0.353671 0.455529 -0.030122 0.999512 -0.007416 0.873225 0.877183
-0.302176 0.345043 0.466180 -0.091342 0.995605 0.019257 0.840340 0.876241
-0.294659 0.341486 0.557652 -0.127079 0.991577 0.024445 0.841101 0.866270
-0.232278 0.346278 0.573123 -0.049654 0.998749 -0.004730 0.847920 0.864541
-0.240801 0.340256 0.475569 -0.010468 0.999847 -0.013733 0.847026 0.875187
-0.298802 0.341053 0.638724 -0.145268 0.984802 0.095065 0.840651 0.857480
-0.295886 0.324023 0.711895 -0.115268 0.649281 0.751732 0.840736 0.849343
-0.229010 0.333580 0.708745 -0.053346 0.693075 0.718863 0.848080 0.849688
-0.226804 0.340919 0.648437 -0.077059 0.990387 0.114841 0.848432 0.856302
-0.121548 0.347639 0.075249 0.066073 0.997253 -0.033021 0.860417 0.918721
-0.117366 0.349975 0.159268 0.066622 0.997772 -0.002197 0.860766 0.909567
-0.009468 0.334193 0.160356 0.052278 0.998566 -0.009339 0.872583 0.909376
-0.001094 0.339254 0.073620 0.035768 0.999329 -0.005982 0.873562 0.918795
-0.311256 0.349518 0.082219 -0.047884 0.992309 -0.114017 0.839716 0.918240
-0.297905 0.355692 0.151706 0.017212 0.999817 0.006012 0.841087 0.910602
-0.217088 0.353627 0.153844 0.010895 0.999695 0.020875 0.849910 0.910259
-0.233607 0.356531 0.077332 -0.008545 0.997803 -0.065676 0.848202 0.918595
-0.304235 0.346006 0.261299 0.021973 0.997986 0.059297 0.840319 0.898615
-0.312478 0.343555 0.378542 -0.039796 0.998688 0.031709 0.839239 0.885821
-0.229945 0.343753 0.366174 -0.009430 0.999634 0.024659 0.848283 0.887102
-0.236893 0.346083 0.264500 -0.007569 0.999084 0.042055 0.847639 0.898200
0.323361 0.335748 0.089874 0.123661 0.990844 -0.053926 0.909035 0.916658
0.321029 0.348679 0.169404 0.118717 0.991546 -0.052278 0.908549 0.907952
0.385278 0.336633 0.169279 0.651295 0.756432 -0.060060 0.915642 0.907941
0.388073 0.329321 0.097604 0.699057 0.712943 -0.054689 0.916096 0.915776
0.112330 0.338661 0.076330 -0.055208 0.997620 -0.041047 0.885908 0.918385
0.104579 0.340012 0.162663 -0.066958 0.997681 0.010224 0.884968 0.909000
0.226591 0.357026 0.162988 -0.021851 0.999756 -0.000641 0.898313 0.908793
0.232411 0.355270 0.079737 0.015900 0.996643 -0.080264 0.899017 0.917758
0.115086 0.336163 0.260924 -0.033418 0.997986 -0.053529 0.885968 0.898339
0.115970 0.353583 0.357601 -0.000519 0.997650 -0.068453 0.885984 0.887708
0.230606 0.352777 0.364052 -0.002411 0.999451 -0.032594 0.898438 0.886889
0.219219 0.346678 0.260969 -0.043550 0.998993 -0.007660 0.897300 0.898134
0.318801 0.348077 0.457037 0.096683 0.995300 0.001892 0.907949 0.876668
0.320639 0.347987 0.554747 0.082400 0.996368 0.021149 0.908029 0.866039
0.386242 0.339331 0.550582 0.640309 0.765191 0.066378 0.915229 0.866410
0.397754 0.338897 0.454114 0.688192 0.725455 -0.008362 0.916597 0.876884
0.120187 0.353754 0.459130 0.001862 0.999969 -0.003052 0.886330 0.876667
0.113834 0.355358 0.559312 0.011353 0.999756 -0.018250 0.885530 0.865792
0.225624 0.352740 0.554047 0.045503 0.998871 0.011811 0.897683 0.866227
0.233241 0.354117 0.461641 0.030580 0.999512 0.002228 0.898615 0.876269
0.115786 0.359796 0.642722 0.019868 0.996429 0.082003 0.885625 0.856747
0.117594 0.342740 0.712615 -0.000671 0.676595 0.736320 0.885818 0.848962
0.233370 0.343231 0.715592 0.014405 0.704215 0.709799 0.898395 0.848606
0.227876 0.349283 0.641688 0.050539 0.996704 0.063173 0.897836 0.856677
0.413800 -0.229942 0.449825 0.955870 -0.293252 0.016694 0.959088 0.815154
0.403752 -0.225041 0.555674 0.959410 -0.270455 0.079714 0.970618 0.814637
0.389573 -0.261297 0.561356 0.598498 -0.800989 0.013611 0.971390 0.818873
0.395046 -0.261114 0.442427 0.582110 -0.812372 0.033906 0.958420 0.819125
0.421411 -0.088704 0.457472 0.981658 0.022248 0.189276 0.959439 0.799742
0.387128 -0.099546 0.548201 0.982482 0.126469 0.136753 0.969752 0.800672
0.414103 -0.183252 0.558358 0.993988 -0.000183 0.109348 0.970771 0.809982
0.419026 -0.177512 0.456009 0.997070 -0.045656 0.061220 0.959641 0.809418
0.398906 -0.089896 0.617428 0.992035 0.104404 0.070070 0.977262 0.799969
0.377242 -0.085123 0.713858 0.670583 0.044893 0.740471 0.987923 0.799268
0.382154 -0.184446 0.713334 0.676504 0.024720 0.736015 0.987876 0.810099
0.396456 -0.197018 0.638233 0.988983 0.000275 0.147954 0.979583 0.811503
0.122266 -0.247989 0.006624 -0.010102 -0.323099 -0.946287 0.842060 0.811305
0.255076 -0.257200 0.003121 -0.071200 -0.214667 -0.974059 0.841496 0.825849
0.263623 -0.338715 0.027478 -0.206519 -0.906705 -0.367656 0.832260 0.827009
0.137154 -0.272612 0.021680 -0.138218 -0.803888 -0.578448 0.838936 0.812981
0.117543 -0.089911 -0.004616 -0.002319 0.004242 -0.999969 0.859435 0.810472
0.234776 -0.089536 -0.004564 -0.003510 0.008057 -0.999939 0.859726 0.823232
0.235161 -0.187321 -0.005855 -0.017914 -0.061617 -0.997925 0.849095 0.823497
0.118847 -0.190150 -0.003113 0.004883 -0.067476 -0.997681 0.848491 0.810816
0.331698 -0.088148 -0.005453 0.104190 0.008057 -0.994507 0.860078 0.833753
0.413048 -0.086986 0.012370 0.709891 0.014161 -0.704154 0.860367 0.842770
0.408875 -0.185924 0.012230 0.661763 -0.017182 -0.749474 0.849640 0.842521
0.329866 -0.188867 -0.005636 0.109806 -0.045045 -0.992920 0.849174 0.833755
-0.372361 0.277642 0.459993 -0.986114 0.162694 0.032807 0.948264 0.857560
-0.360055 0.270491 0.538890 -0.987548 0.129490 0.089114 0.939634 0.858212
-0.349498 0.330310 0.531928 -0.701743 0.708396 0.075503 0.940329 0.851603
-0.354657 0.335214 0.458595 -0.688345 0.724326 0.038972 0.948303 0.851071
-0.372580 0.109170 0.456716 -0.999023 -0.021607 0.038270 0.948640 0.875819
-0.362516 0.099689 0.570827 -0.991852 -0.023988 0.125004 0.936183 0.876842
-0.367086 0.195205 0.544628 -0.992889 0.001099 0.118839 0.939061 0.866441
-0.376006 0.210851 0.461218 -0.999390 0.025330 0.023438 0.948170 0.864756
-0.348727 0.104380 0.638586 -0.994079 -0.003510 0.108310 0.928676 0.876324
-0.345106 0.109079 0.713212 -0.719535 0.001251 0.694418 0.920577 0.875794
-0.348107 0.209295 0.709542 -0.733451 -0.022889 0.679342 0.921040 0.864922
-0.350996 0.197503 0.635402 -0.994110 -0.033174 0.103092 0.929058 0.866255
-0.298069 -0.280183 0.465426 -0.084262 -0.996368 -0.009888 0.778983 0.762665
-0.311994 -0.277157 0.541592 -0.121525 -0.990112 0.069826 0.770786 0.761171
-0.343998 -0.266124 0.529755 -0.648762 -0.755913 0.087374 0.772024 0.757516
-0.348986 -0.271124 0.465987 -0.612903 -0.790124 0.002625 0.778920 0.757087
-0.109964 -0.264715 0.477991 0.008393 -0.999664 0.024476 0.777499 0.783138
-0.123767 -0.276979 0.566985 -0.006958 -0.999817 0.016785 0.767848 0.781458
-0.248401 -0.275696 0.552237 0.034761 -0.997742 0.057100 0.769585 0.768011
-0.236285 -0.275532 0.464124 0.023194 -0.999634 0.013428 0.779149 0.769366
-0.122057 -0.267568 0.644594 -0.039308 -0.996338 0.075655 0.759390 0.781564
-0.119053 -0.263776 0.711889 -0.024567 -0.798853 0.601001 0.752086 0.781782
-0.233843 -0.261022 0.716389 0.010376 -0.757347 0.652913 0.751748 0.769382
-0.240888 -0.260380 0.638483 0.017670 -0.996216 0.084750 0.760139 0.768742
-0.118171 -0.237048 0.721837 -0.000122 -0.113712 0.993500 0.886834 0.993939
-0.234388 -0.234839 0.721045 -0.001190 -0.048555 0.998810 0.899493 0.993575
-0.233843 -0.261022 0.716389 0.010376 -0.757347 0.652913 0.899469 0.996468
-0.119053 -0.263776 0.711889 -0.024567 -0.798853 0.601001 0.886967 0.997044
-0.117597 -0.094555 0.704817 0.022553 0.075716 0.996857 0.886654 0.978322
-0.239912 -0.091092 0.709518 0.068789 0.045289 0.996582 0.899960 0.977870
-0.235059 -0.195299 0.716535 0.022217 0.082888 0.996307 0.899531 0.989241
-0.117236 -0.196966 0.716413 0.002625 0.119510 0.992798 0.886702 0.989531
-0.301558 -0.089431 0.717363 0.017853 0.016724 0.999695 0.906720 0.977661
-0.344556 -0.089440 0.714611 -0.690634 0.013276 0.723045 0.911409 0.977632
-0.345979 -0.187970 0.713750 -0.698752 -0.002655 0.715323 0.911631 0.988364
-0.299515 -0.190914 0.717622 -0.022950 0.034761 0.999115 0.906552 0.988717
0.117299 0.333238 -0.005238 -0.005554 0.666128 -0.745781 0.886541 0.927278
0.227060 0.340905 0.011131 0.029572 0.754570 -0.655507 0.898479 0.925334
0.004032 0.340645 -0.000960 0.014527 0.705496 -0.708518 0.874194 0.926903
0.320514 0.339229 0.013738 0.166112 0.759362 -0.629078 0.908664 0.924947
0.392894 0.333660 0.034294 0.661367 0.636433 -0.396863 0.916597 0.922708
-0.358041 0.357080 0.143454 -0.530259 0.842830 0.091739 0.834537 0.911572
-0.337096 0.353287 0.258788 -0.530869 0.842586 0.090518 0.836667 0.898975
-0.351595 0.335317 0.386764 -0.670919 0.741203 -0.021058 0.834871 0.884900
-0.316968 0.336797 0.011156 -0.118931 0.697439 -0.706687 0.839144 0.926110
-0.242522 0.348491 0.008304 -0.047792 0.732841 -0.678671 0.847345 0.926155
-0.378743 0.337091 0.029837 -0.514359 0.724509 -0.458754 0.832400 0.924154
-0.373610 0.347267 0.079717 -0.568987 0.822291 -0.005707 0.832918 0.918612
-0.119394 0.340465 -0.001426 0.019379 0.678274 -0.734519 0.860771 0.927091
-0.349498 0.330310 0.531928 -0.701743 0.708396 0.075503 0.834995 0.869065
-0.347131 0.325012 0.628624 -0.721000 0.689962 0.063997 0.835132 0.858526
-0.350368 0.321048 0.706151 -0.626606 0.552934 0.549181 0.834792 0.850072
-0.354657 0.335214 0.458595 -0.688345 0.724326 0.038972 0.834540 0.877070
0.413048 -0.086986 0.012370 0.709891 0.014161 -0.704154 0.910340 0.799493
0.408875 -0.185924 0.012230 0.661763 -0.017182 -0.749474 0.909979 0.810293
0.414081 0.009910 0.012551 0.713828 0.010376 -0.700217 0.910446 0.788882
0.412743 -0.260024 0.023819 0.669790 -0.055452 -0.740440 0.911059 0.818395
0.417779 -0.321496 0.036225 0.616962 -0.604663 -0.503708 0.912313 0.825145
0.385278 0.336633 0.169279 0.651295 0.756432 -0.060060 0.927930 0.752483
0.380831 0.343352 0.260027 0.618427 0.785791 -0.005951 0.937860 0.751676
0.386367 0.336132 0.352287 0.664479 0.747185 -0.012207 0.947963 0.752764
0.384755 0.269917 0.016769 0.668996 0.212592 -0.712180 0.910923 0.759844
0.411522 0.185071 0.012056 0.685873 0.106449 -0.719840 0.910791 0.769594
0.392894 0.333660 0.034294 0.661367 0.636433 -0.396863 0.913128 0.752910
0.388073 0.329321 0.097604 0.699057 0.712943 -0.054689 0.920070 0.753323
0.409083 0.091022 0.023294 0.699332 -0.015992 -0.714560 0.911524 0.779948
0.386242 0.339331 0.550582 0.640309 0.765191 0.066378 0.969775 0.752820
0.375446 0.341046 0.640677 0.630482 0.765862 0.126133 0.979661 0.752658
0.370859 0.333151 0.714641 0.558336 0.563250 0.609058 0.987727 0.753663
0.397754 0.338897 0.454114 0.688192 0.725455 -0.008362 0.959180 0.752881
-0.417269 -0.087957 0.017445 -0.781701 -0.016419 -0.623402 0.858654 0.752047
-0.415899 -0.183983 0.012238 -0.812372 -0.142369 -0.565447 0.848212 0.752484
-0.415557 0.004589 0.012647 -0.740715 0.009156 -0.671712 0.868724 0.752149
-0.404839 -0.223674 0.007384 -0.760613 -0.322520 -0.563372 0.843909 0.753842
-0.382410 -0.255900 0.006372 -0.556047 -0.589465 -0.585925 0.840456 0.756359
-0.242522 0.348491 0.008304 -0.047792 0.732841 -0.678671 0.906594 0.770473
-0.119394 0.340465 -0.001426 0.019379 0.678274 -0.734519 0.905828 0.783897
0.004032 0.340645 -0.000960 0.014527 0.705496 -0.708518 0.906082 0.797304
-0.411219 0.273026 0.007923 -0.745781 0.188025 -0.639058 0.898093 0.752220
-0.408082 0.192439 0.023355 -0.767510 0.037324 -0.639912 0.889185 0.752279
-0.378743 0.337091 0.029837 -0.514359 0.724509 -0.458754 0.905593 0.755397
-0.316968 0.336797 0.011156 -0.118931 0.697439 -0.706687 0.905245 0.762391
-0.407499 0.098918 0.015257 -0.714133 0.032533 -0.699240 0.878994 0.752761
0.227060 0.340905 0.011131 0.029572 0.754570 -0.655507 0.906594 0.821663
0.320514 0.339229 0.013738 0.166112 0.759362 -0.629078 0.906469 0.831781
0.392894 0.333660 0.034294 0.661367 0.636433 -0.396863 0.906275 0.839921
0.117299 0.333238 -0.005238 -0.005554 0.666128 -0.745781 0.905511 0.809639
-0.407499 0.098918 0.015257 -0.714133 0.032533 -0.699240 0.997448 0.877158
-0.408082 0.192439 0.023355 -0.767510 0.037324 -0.639912 0.996499 0.867009
-0.415557 0.004589 0.012647 -0.740715 0.009156 -0.671712 0.997642 0.887450
-0.411219 0.273026 0.007923 -0.745781 0.188025 -0.639058 0.998038 0.858199
-0.378743 0.337091 0.029837 -0.514359 0.724509 -0.458754 0.995311 0.850475
-0.340155 -0.277379 0.157152 -0.703146 -0.707755 0.068148 0.980871 0.919970
-0.340046 -0.275199 0.281763 -0.672811 -0.736930 0.064760 0.967324 0.918953
-0.346226 -0.268144 0.403276 -0.612751 -0.790124 -0.013703 0.954086 0.917647
-0.404839 -0.223674 0.007384 -0.760613 -0.322520 -0.563372 0.998038 0.912440
-0.415899 -0.183983 0.012238 -0.812372 -0.142369 -0.565447 0.997672 0.907967
-0.382410 -0.255900 0.006372 -0.556047 -0.589465 -0.585925 0.997747 0.916677
-0.363526 -0.276341 0.073883 -0.650319 -0.759301 0.022767 0.990213 0.919067
-0.417269 -0.087957 0.017445 -0.781701 -0.016419 -0.623402 0.997109 0.897532
-0.343998 -0.266124 0.529755 -0.648762 -0.755913 0.087374 0.940267 0.917130
-0.341974 -0.259634 0.628735 -0.692465 -0.717490 0.075198 0.929527 0.916124
-0.346938 -0.254925 0.712839 -0.632740 -0.566973 0.527360 0.920415 0.915293
-0.348986 -0.271124 0.465987 -0.612903 -0.790124 0.002625 0.947235 0.917682
-0.128622 -0.270009 0.021405 0.088992 -0.819330 -0.566363 0.827443 0.781530
-0.255333 -0.310168 0.020417 0.015625 -0.842555 -0.538347 0.827226 0.767081
0.003113 -0.269927 0.019658 0.001129 -0.837306 -0.546678 0.827594 0.795823
-0.325158 -0.276436 0.008903 -0.231758 -0.672170 -0.703146 0.828611 0.758608
-0.382410 -0.255900 0.006372 -0.556047 -0.589465 -0.585925 0.828801 0.751956
0.437923 -0.315787 0.101972 0.704062 -0.678976 0.207892 0.817468 0.844471
0.390208 -0.282311 0.216640 0.478439 -0.841365 0.251350 0.804932 0.838375
0.385823 -0.272843 0.320863 0.560472 -0.826136 0.057558 0.793613 0.837459
0.343478 -0.342523 0.012396 0.079867 -0.834346 -0.545396 0.828801 0.834992
0.263623 -0.338715 0.027478 -0.206519 -0.906705 -0.367656 0.827990 0.826177
0.417779 -0.321496 0.036225 0.616962 -0.604663 -0.503708 0.825034 0.842904
0.432624 -0.328616 0.065553 0.670247 -0.741874 0.018433 0.821679 0.844327
0.137154 -0.272612 0.021680 -0.138218 -0.803888 -0.578448 0.827470 0.810386
0.389573 -0.261297 0.561356 0.598498 -0.800989 0.013611 0.767479 0.837211
0.386322 -0.263478 0.645133 0.662984 -0.747276 0.044435 0.758419 0.836694
0.374347 -0.273899 0.701916 0.477584 -0.749931 0.457686 0.752226 0.835164
0.395046 -0.261114 0.442427 0.582110 -0.812372 0.033906 0.780351 0.838089
0.377242 -0.085123 0.713858 0.670583 0.044893 0.740471 0.832778 0.977731
0.382154 -0.184446 0.713334 0.676504 0.024720 0.736015 0.832391 0.988554
0.373278 0.009006 0.715286 0.671987 0.018067 0.740318 0.833099 0.967482
0.382267 -0.233165 0.714864 0.653890 -0.169958 0.737236 0.832472 0.993853
0.374347 -0.273899 0.701916 0.477584 -0.749931 0.457686 0.833276 0.998538
0.233370 0.343231 0.715592 0.014405 0.704215 0.709799 0.848142 0.930899
0.117594 0.342740 0.712615 -0.000671 0.676595 0.736320 0.860759 0.930829
0.001646 0.342965 0.709701 -0.016968 0.670614 0.741600 0.873393 0.930696
0.370585 0.270505 0.716921 0.638874 0.037019 0.768395 0.833227 0.938973
0.371018 0.202025 0.715668 0.635670 -0.017945 0.771722 0.833209 0.946442
0.370859 0.333151 0.714641 0.558336 0.563250 0.609058 0.833138 0.932139
0.311550 0.341710 0.718646 0.062380 0.705527 0.705893 0.839613 0.931166
0.374107 0.106971 0.713989 0.672323 -0.019440 0.739982 0.832913 0.956810
-0.229010 0.333580 0.708745 -0.053346 0.693075 0.718863 0.898529 0.931590
-0.295886 0.324023 0.711895 -0.115268 0.649281 0.751732 0.905821 0.932641
-0.350368 0.321048 0.706151 -0.626606 0.552934 0.549181 0.911796 0.932903
-0.113916 0.337953 0.710780 -0.038850 0.663839 0.746849 0.885985 0.931193
-1.342981 -1.265433 0.718410 -0.626576 0.013550 0.779199 0.562460 0.636022
-1.357476 -1.253228 0.693037 -0.904172 -0.058779 0.423048 0.561139 0.632964
-1.354238 -1.309064 0.703996 -0.885220 -0.323832 0.333903 0.567033 0.634072
-1.338032 -1.325710 0.722928 -0.570025 -0.591784 0.569903 0.568797 0.636678
-1.347946 -1.322093 0.640918 -0.495682 -0.868282 0.019105 0.591364 0.625888
-1.338032 -1.325710 0.722928 -0.570025 -0.591784 0.569903 0.582790 0.626692
-1.354238 -1.309064 0.703996 -0.885220 -0.323832 0.333903 0.584816 0.624307
-1.367430 -1.301543 0.627759 -0.862087 -0.492172 0.120579 0.592802 0.622973
-1.376147 -0.770912 0.634560 -0.969939 0.160405 0.182806 0.670364 0.576872
-1.352084 -0.762690 0.702294 -0.887967 0.059084 0.456069 0.669204 0.584659
-1.352320 -0.719116 0.706358 -0.833979 0.428083 0.348094 0.664422 0.585067
-1.361720 -0.727110 0.634223 -0.842341 0.532334 0.083743 0.665350 0.577094
-0.552260 -1.292835 -0.002619 0.028352 -0.022431 -0.999329 0.510588 0.612246
-0.441500 -1.303502 0.004114 0.883877 0.120182 -0.451979 0.509862 0.623900
-0.429269 -1.359701 0.002353 0.752007 -0.605396 -0.260628 0.504020 0.625400
-0.548505 -1.336578 0.003452 -0.090518 -0.696127 -0.712149 0.505980 0.612820
-0.580748 -1.250392 0.634022 0.972228 -0.111240 0.205847 0.740298 0.672367
-0.611274 -1.251741 0.699429 0.771844 -0.048616 0.633931 0.747525 0.672276
-0.603305 -1.303069 0.691273 0.765709 -0.496902 0.408338 0.746816 0.677582
-0.594599 -1.290342 0.635203 0.841914 -0.531205 0.094699 0.740984 0.676556
-0.634394 -0.702515 0.654486 0.365886 0.930174 -0.029359 0.651407 0.602543
-0.637912 -0.695691 0.733440 0.360729 0.634022 0.683981 0.659718 0.602258
-0.611922 -0.713277 0.723317 0.715232 0.365032 0.595935 0.658500 0.605476
-0.600153 -0.727063 0.644024 0.826167 0.560900 0.052522 0.650118 0.606906
-0.623423 -0.700623 0.249109 0.519364 0.854060 0.028291 0.608799 0.602614
-0.624583 -0.699348 0.347868 0.447371 0.893460 0.039369 0.619128 0.602534
-0.579144 -0.742863 0.350745 0.857356 0.511917 0.053285 0.619407 0.609080
-0.573887 -0.754023 0.245491 0.812952 0.581561 0.029145 0.608416 0.610243
-1.156402 -0.686790 0.269162 0.003265 0.997040 0.076510 0.612467 0.546302
-1.156001 -0.693235 0.375345 -0.030366 0.998474 0.045595 0.623689 0.546716
-1.009566 -0.688935 0.385481 -0.002106 0.999298 0.036805 0.624240 0.562174
-1.018565 -0.689805 0.270268 0.003906 0.999512 0.030061 0.612162 0.560859
-1.147810 -0.691218 0.653094 -0.047853 0.997314 0.055391 0.652860 0.548862
-1.151396 -0.703070 0.712954 -0.044771 0.801782 0.595904 0.659221 0.548651
-0.996831 -0.699632 0.716099 -0.029725 0.813349 0.580981 0.659054 0.564743
-0.995109 -0.683694 0.651833 -0.020447 0.996399 0.081912 0.652169 0.564718
-0.509712 -1.270642 0.208208 0.953215 -0.060945 0.296060 0.694929 0.676825
-0.532623 -1.247682 0.270410 0.923093 -0.187201 0.335826 0.701765 0.674314
-0.526161 -1.300239 0.228793 0.710440 -0.567492 0.416150 0.697585 0.679894
-0.509569 -1.340613 0.177200 0.551958 -0.742119 0.380200 0.692163 0.684159
-0.536121 -0.913959 0.241405 0.984527 0.098910 0.144536 0.697292 0.639123
-0.549302 -0.911848 0.324932 0.979675 0.084262 0.181890 0.706362 0.638698
-0.543994 -0.997214 0.326639 0.977630 0.026917 0.208502 0.706740 0.647746
-0.527014 -1.002204 0.246495 0.984313 0.051759 0.168615 0.698110 0.648652
-0.586304 -0.900878 0.625013 0.978515 -0.057314 0.198004 0.737879 0.636715
-0.601018 -0.908166 0.696054 0.869839 -0.040895 0.491592 0.745325 0.637183
-0.606172 -1.019034 0.700271 0.879452 -0.034669 0.474685 0.746323 0.648466
-0.597244 -0.995883 0.625044 0.979095 -0.053560 0.196173 0.738485 0.646466
-1.155097 -1.282360 -0.005857 -0.002686 -0.004639 -0.999969 0.509298 0.549035
-0.999694 -1.286736 -0.005101 0.001740 -0.013428 -0.999878 0.509469 0.565337
-0.999047 -1.352702 -0.002418 -0.003449 -0.819025 -0.573717 0.502553 0.565671
-1.151221 -1.348835 -0.002728 -0.032014 -0.800989 -0.597797 0.502341 0.549712
-1.158280 -0.898300 -0.002421 -0.003876 0.001373 -0.999969 0.549579 0.547158
-1.000516 -0.898250 -0.001995 0.001160 0.001465 -0.999969 0.550210 0.563707
-1.000689 -1.000013 -0.003022 0.002960 0.005188 -0.999969 0.539535 0.564092
-1.158303 -0.999863 -0.003092 -0.004303 0.007782 -0.999939 0.538925 0.547557
-0.550470 -0.904508 -0.001116 0.032472 0.009156 -0.999420 0.551330 0.611010
-0.437257 -0.903724 0.003242 0.940550 -0.218726 -0.259743 0.551773 0.622902
-0.460395 -0.964473 0.006134 0.894131 -0.146123 -0.423200 0.545325 0.620693
-0.561437 -0.987042 -0.001246 0.040071 -0.010437 -0.999115 0.542610 0.610149
-1.414355 -0.777274 0.218893 -0.862300 0.398328 0.312632 0.671450 0.530884
-1.386455 -0.795481 0.327716 -0.939207 0.307901 0.151799 0.672567 0.543231
-1.366936 -0.727980 0.397703 -0.793970 0.607837 0.010926 0.664910 0.550997
-1.393996 -0.737749 0.202481 -0.751701 0.591357 0.291879 0.666544 0.529423
-1.439950 -1.099968 0.202842 -0.948424 -0.094028 0.302622 0.706422 0.529462
-1.417840 -1.076472 0.356501 -0.999634 -0.022919 0.014222 0.703970 0.546224
-1.419220 -0.990884 0.357927 -0.987823 0.103488 0.116031 0.694680 0.546389
-1.438689 -1.018989 0.177524 -0.925596 0.108188 0.362621 0.698020 0.527230
-1.378344 -1.115242 0.606065 -0.944975 0.070528 0.319376 0.707831 0.573932
-1.367769 -1.092520 0.684368 -0.919187 0.014557 0.393475 0.705513 0.582494
-1.369271 -0.994676 0.682011 -0.923276 0.009278 0.383953 0.694797 0.582302
-1.380149 -1.043918 0.594170 -0.962737 0.061647 0.263283 0.700150 0.572660
-1.357554 -1.320934 0.252057 -0.481094 -0.876247 0.026490 0.632036 0.625964
-1.349166 -1.319393 0.356436 -0.432325 -0.901700 -0.000610 0.621123 0.626391
-1.369551 -1.300360 0.336178 -0.827509 -0.560717 0.028291 0.623304 0.623496
-1.384405 -1.291026 0.236840 -0.828211 -0.554125 0.083407 0.633659 0.621815
-0.833264 -1.330387 0.263656 -0.006806 -0.999878 -0.012909 0.629514 0.680938
-0.829580 -1.334517 0.381794 0.012787 -0.999695 0.019898 0.616998 0.680979
-0.999258 -1.337062 0.362366 0.007172 -0.999969 0.000122 0.619544 0.663169
-1.003114 -1.338259 0.264860 0.014069 -0.999756 -0.016297 0.629790 0.663018
-0.845788 -1.340545 0.644629 0.051546 -0.991668 0.117801 0.589481 0.678256
-0.845924 -1.322114 0.707051 0.038148 -0.701071 0.712058 0.582693 0.678095
-1.003557 -1.326840 0.709509 0.028474 -0.698782 0.714713 0.583007 0.661639
-1.000837 -1.344327 0.646486 0.014374 -0.991852 0.126377 0.589813 0.662123
-0.842732 -1.273820 0.718480 0.005463 -0.074068 0.997223 0.563482 0.688841
-1.001192 -1.277760 0.721060 0.028993 -0.051820 0.998230 0.563895 0.672163
-1.003557 -1.326840 0.709509 0.028474 -0.698782 0.714713 0.569205 0.671942
-0.845924 -1.322114 0.707051 0.038148 -0.701071 0.712058 0.568701 0.688535
-0.838767 -0.897832 0.699859 -0.038240 -0.050539 0.997986 0.523960 0.689309
-1.002122 -0.897552 0.708393 0.019471 -0.087558 0.995941 0.523868 0.672222
-1.000388 -1.014832 0.703180 0.014618 -0.011780 0.999817 0.536187 0.672356
-0.839384 -1.008566 0.712508 -0.062349 -0.002899 0.998047 0.535566 0.689253
-1.343768 -0.901839 0.713491 -0.555895 -0.007508 0.831202 0.524116 0.636069
-1.364635 -0.905237 0.690287 -0.898953 -0.003113 0.437971 0.524472 0.632784
-1.369271 -0.994676 0.682011 -0.923276 0.009278 0.383953 0.533887 0.631776
-1.345920 -0.997443 0.710116 -0.578753 -0.000275 0.815455 0.534208 0.635632
-1.159713 -0.899897 0.710606 0.038606 -0.055147 0.997711 0.524039 0.655659
-1.310728 -0.898337 0.723586 -0.120792 -0.019349 0.992462 0.523781 0.639716
-1.309849 -1.000413 0.725277 -0.128422 -0.003021 0.991699 0.534539 0.639757
-1.159621 -1.010231 0.713630 0.063356 -0.011872 0.997894 0.535639 0.655601
-1.154851 -0.739987 0.732228 -0.035890 0.177740 0.983398 0.507079 0.656199
-1.309776 -0.744704 0.725306 -0.082675 0.140172 0.986663 0.507661 0.639996
-1.313961 -0.797885 0.723702 -0.110416 -0.049837 0.992615 0.513200 0.639495
-1.157230 -0.790309 0.725275 -0.007721 -0.115238 0.993286 0.512425 0.655940
-1.340636 -0.752823 0.719800 -0.480300 0.050844 0.875607 0.508492 0.636771
-1.352084 -0.762690 0.702294 -0.887967 0.059084 0.456069 0.509466 0.634585
-1.358476 -0.813621 0.694997 -0.890103 0.016205 0.455458 0.514821 0.633570
-1.341031 -0.806563 0.717331 -0.542467 -0.011841 0.839961 0.514075 0.636550
-0.631312 -0.903565 0.723702 0.363842 0.002197 0.931455 0.524596 0.711173
-0.677266 -0.898638 0.724235 -0.039308 -0.001862 0.999207 0.524044 0.706332
-0.681131 -1.001913 0.726527 -0.041658 -0.007172 0.999084 0.534872 0.705867
-0.633404 -1.010868 0.725213 0.359020 -0.024476 0.932981 0.535820 0.710841
-0.633142 -0.743962 0.720801 0.236915 -0.135289 0.962035 0.507662 0.711190
-0.685277 -0.725061 0.735320 0.068667 -0.060579 0.995788 0.505473 0.705486
-0.676688 -0.792366 0.723168 0.028535 -0.103916 0.994171 0.512758 0.706447
-0.628747 -0.796526 0.722561 0.340800 -0.031404 0.939604 0.513265 0.711538
-0.841658 -0.735406 0.743621 -0.003845 0.051576 0.998657 0.506429 0.688992
-0.999738 -0.734951 0.738982 -0.029206 0.159337 0.986785 0.506512 0.672506
-1.002799 -0.784455 0.731352 0.002289 -0.193548 0.981079 0.511758 0.672166
-0.843331 -0.784535 0.723955 0.004242 -0.211402 0.977386 0.511950 0.688848
-0.633194 -1.261789 0.715349 0.308512 -0.096255 0.946318 0.562155 0.710758
-0.683962 -1.268586 0.717397 0.021607 -0.106296 0.994079 0.562876 0.705492
-0.688137 -1.315946 0.706770 0.064913 -0.721183 0.689657 0.567968 0.705126
-0.633840 -1.315051 0.705094 0.335215 -0.701987 0.628315 0.567808 0.710843
-0.633636 -1.104262 0.718601 0.344859 -0.033418 0.938047 0.545641 0.710906
-0.678422 -1.102733 0.720672 -0.021058 -0.031404 0.999268 0.545462 0.706166
-0.678542 -1.201406 0.719519 0.001312 0.004456 0.999969 0.555840 0.706087
-0.633780 -1.198537 0.716884 0.331370 -0.019410 0.943266 0.555584 0.710804
-0.838273 -1.107771 0.704880 -0.052797 -0.001282 0.998596 0.545982 0.689303
-1.000500 -1.113049 0.701832 0.016205 0.029237 0.999420 0.546485 0.672313
-1.000318 -1.211788 0.712802 0.022706 0.105838 0.994110 0.556902 0.672286
-0.839413 -1.208502 0.710961 -0.024049 0.067476 0.997406 0.556570 0.689186
-0.838499 -1.331553 0.466359 0.037477 -0.999268 -0.003418 0.608119 0.679760
-0.843918 -1.336425 0.566835 0.051881 -0.998230 -0.028871 0.597592 0.678790
-0.999039 -1.345159 0.567139 0.012391 -0.999359 -0.033357 0.598079 0.662567
-0.997966 -1.339818 0.464363 0.007691 -0.999481 -0.030457 0.608843 0.663005
-0.612115 -1.315682 0.436145 0.482620 -0.874020 0.055910 0.610329 0.703966
-0.629771 -1.319453 0.567594 0.420301 -0.907102 0.021455 0.596535 0.701318
-0.692442 -1.329301 0.564476 0.100345 -0.994903 -0.007141 0.597184 0.694684
-0.671938 -1.324926 0.463778 0.118290 -0.992737 0.020753 0.607726 0.697386
-0.632227 -1.317414 0.638792 0.351878 -0.935728 0.023865 0.589070 0.700740
-0.633840 -1.315051 0.705094 0.335215 -0.701987 0.628315 0.582143 0.700249
-0.688137 -1.315946 0.706770 0.064913 -0.721183 0.689657 0.582172 0.694578
-0.691386 -1.326326 0.642045 0.094119 -0.991729 0.087130 0.589041 0.694452
-0.838176 -1.325943 0.074785 -0.013367 -0.989624 0.142857 0.649396 0.680734
-0.845335 -1.327387 0.161375 -0.009033 -0.999573 -0.027345 0.640332 0.679860
-1.006189 -1.336004 0.168325 0.013550 -0.999146 -0.038453 0.639926 0.662921
-1.006449 -1.330321 0.075581 -0.000855 -0.991791 0.127659 0.649673 0.663105
-0.572551 -1.319007 0.067537 -0.134251 -0.990875 -0.009522 0.650260 0.708636
-0.593173 -1.326516 0.143592 -0.070956 -0.997436 0.007508 0.642145 0.706987
-0.682599 -1.339470 0.155864 0.044313 -0.998779 -0.021424 0.640733 0.697222
-0.686883 -1.335983 0.071044 0.045473 -0.991363 0.122806 0.649783 0.696713
-0.598179 -1.323518 0.221091 0.162114 -0.971038 0.175451 0.633535 0.706640
-0.603167 -1.315303 0.297376 0.343760 -0.931639 0.117649 0.625048 0.705900
-0.660655 -1.336122 0.364538 0.158910 -0.985839 0.052980 0.618278 0.698923
-0.669194 -1.340096 0.262183 0.114597 -0.993225 0.017701 0.629243 0.698472
-1.370283 -1.312131 0.066525 -0.470351 -0.882229 0.019318 0.651371 0.624766
-1.364070 -1.316396 0.147701 -0.474593 -0.880154 0.006836 0.642871 0.625364
-1.403334 -1.279087 0.137076 -0.816462 -0.573016 0.070833 0.644089 0.619753
-1.414813 -1.273669 0.061075 -0.795099 -0.598315 0.099033 0.652028 0.618624
-1.159782 -1.328695 0.070333 -0.024903 -0.995849 0.087252 0.650557 0.647034
-1.159418 -1.332000 0.163759 -0.019623 -0.999329 -0.030030 0.640772 0.646873
-1.304189 -1.331365 0.154733 -0.113529 -0.993378 -0.016968 0.642016 0.631785
-1.303747 -1.328181 0.072413 -0.140446 -0.989715 0.026948 0.650636 0.631942
-1.158126 -1.337276 0.265278 -0.030427 -0.999481 -0.007233 0.630138 0.646775
-1.156923 -1.335232 0.368310 -0.033723 -0.999359 0.009674 0.619356 0.646624
-1.311785 -1.329525 0.374990 -0.122745 -0.992340 0.013153 0.619062 0.630399
-1.313992 -1.325531 0.266651 -0.117924 -0.993011 -0.001923 0.630394 0.630453
-1.425933 -1.103118 0.433505 -0.983612 -0.140355 -0.112918 0.706766 0.554548
-1.430856 -1.136509 0.517791 -0.980193 -0.071108 0.184820 0.710109 0.563280
-1.435915 -1.111466 0.494087 -0.997681 -0.005005 0.067812 0.707447 0.560920
-1.428153 -1.057699 0.424783 -0.995849 0.082064 -0.039064 0.701925 0.553627
-1.400576 -1.233883 0.433776 -0.956969 -0.289621 -0.016449 0.721045 0.554674
-1.399712 -1.229487 0.548724 -0.960967 -0.268715 0.065645 0.720223 0.566963
-1.422749 -1.168018 0.539281 -0.973968 -0.090426 0.207831 0.713415 0.565558
-1.412886 -1.155574 0.434013 -0.977447 -0.207129 -0.040712 0.712536 0.554496
-1.391134 -1.244875 0.621413 -0.955351 -0.166570 0.243965 0.721783 0.574747
-1.357476 -1.253228 0.693037 -0.904172 -0.058779 0.423048 0.723082 0.583139
-1.363162 -1.188472 0.687272 -0.906491 0.014191 0.421918 0.715973 0.582568
-1.397287 -1.199193 0.594785 -0.953734 -0.041047 0.297769 0.716896 0.571892
-1.548577 -1.076512 0.030219 -0.653005 -0.732597 0.192022 0.701878 0.509950
-1.536132 -1.077708 0.033963 -0.790307 -0.550829 0.268258 0.702713 0.510871
-1.578042 -1.049882 0.028133 -0.856838 -0.087832 0.508011 0.698581 0.509661
-1.579034 -1.046734 0.004068 -0.881863 -0.285318 0.375317 0.698291 0.508097
-1.446839 -1.197120 0.062956 -0.901120 -0.375134 0.217231 0.716911 0.514428
-1.429507 -1.220429 0.137458 -0.924406 -0.365581 0.108646 0.719474 0.522475
-1.452109 -1.158655 0.136152 -0.923704 -0.329630 0.195135 0.712382 0.522061
-1.468680 -1.128311 0.053001 -0.777642 -0.588488 0.221198 0.709995 0.513321
-1.416753 -1.225387 0.230407 -0.924467 -0.355052 0.138798 0.720123 0.532505
-1.398419 -1.229031 0.321914 -0.944670 -0.319712 0.073153 0.720871 0.542554
-1.423399 -1.156127 0.307094 -0.983123 -0.143895 0.112674 0.712549 0.540730
-1.438759 -1.160262 0.222722 -0.958770 -0.204871 0.196783 0.712803 0.531453
-1.507394 -0.739177 0.015456 -0.629994 0.087649 0.771599 0.671298 0.505941
-1.448778 -0.745108 0.113202 -0.852199 0.298929 0.429365 0.669785 0.518223
-1.446128 -0.702318 0.066891 -0.625172 0.623463 0.469466 0.665314 0.513125
-1.511077 -0.723496 0.013941 -0.597919 0.569750 0.563768 0.669762 0.505169
-1.495792 -0.896470 0.011057 -0.696585 0.145238 0.702597 0.686306 0.509220
-1.480265 -0.914514 0.023334 -0.867580 0.231513 0.440046 0.687428 0.511318
-1.447406 -0.787425 0.161521 -0.919736 0.183538 0.346904 0.673881 0.524017
-1.478858 -0.779204 0.029746 -0.820185 -0.053072 0.569597 0.675085 0.509568
-1.421930 -0.928222 0.205865 -0.983917 0.027619 0.176336 0.688404 0.530058
-1.424904 -0.918076 0.310314 -0.987732 0.037904 0.151311 0.686864 0.540932
-1.437202 -0.855252 0.261569 -0.983490 0.079775 0.162236 0.680269 0.535292
-1.445249 -0.825951 0.209591 -0.956023 0.136235 0.259621 0.677548 0.529511
-0.842635 -0.897831 -0.002415 0.002350 -0.000336 -0.999969 0.550885 0.580269
-0.684844 -0.897586 -0.001710 0.007843 0.005799 -0.999939 0.551544 0.596840
-0.685039 -0.999670 -0.001811 0.002991 0.000305 -0.999969 0.540818 0.597215
-0.842912 -0.999932 -0.001617 0.003601 0.002289 -0.999969 0.540170 0.580645
-0.844133 -0.713746 -0.001522 0.007019 0.040803 -0.999115 0.570193 0.579367
-0.687765 -0.717591 -0.001301 0.024476 0.049593 -0.998444 0.570430 0.595780
-0.684592 -0.795475 -0.001263 0.014618 0.006867 -0.999847 0.562267 0.596449
-0.842448 -0.795904 -0.002314 0.003449 0.001923 -0.999969 0.561579 0.579879
-0.580406 -0.753950 0.001666 0.068758 0.047517 -0.996490 0.567093 0.607222
-0.471317 -0.839312 0.009996 0.381146 0.665609 -0.641591 0.558682 0.619230
-0.420536 -0.857911 0.007201 0.984405 0.066775 -0.162603 0.556625 0.624542
-0.543152 -0.822031 0.002714 0.070711 0.077364 -0.994476 0.560093 0.611511
-1.445318 -0.901858 -0.002634 -0.046205 0.008942 -0.998871 0.548090 0.517059
-1.313938 -0.896704 -0.001647 0.000122 0.000824 -0.999969 0.549137 0.530821
-1.316910 -1.000051 -0.000142 0.001221 0.008606 -0.999939 0.538278 0.530911
-1.455351 -1.015042 -0.003225 -0.038850 0.020600 -0.999023 0.536168 0.516421
-1.431525 -0.727503 0.004219 -0.017335 0.082797 -0.996399 0.566469 0.517832
-1.314278 -0.706415 -0.001108 -0.024598 0.094211 -0.995239 0.569089 0.530063
-1.315395 -0.796567 -0.001168 -0.008148 0.012238 -0.999878 0.559637 0.530280
-1.433880 -0.788835 -0.001130 -0.033784 0.021729 -0.999176 0.559998 0.517815
-1.157325 -0.707993 -0.002106 -0.012177 0.066744 -0.997681 0.569540 0.546509
-1.000546 -0.709923 -0.002936 -0.000824 0.043489 -0.999023 0.569958 0.562951
-1.000006 -0.796072 -0.002462 0.000458 -0.000763 -0.999969 0.560928 0.563353
-1.157720 -0.796387 -0.002307 -0.003754 0.000275 -0.999969 0.560269 0.546816
-1.405893 -1.235958 -0.003693 -0.136143 -0.051637 -0.989319 0.513118 0.522549
-1.310398 -1.277940 -0.004975 -0.010987 -0.020631 -0.999725 0.509129 0.532742
-1.301484 -1.332665 -0.001130 -0.128239 -0.767052 -0.628590 0.503415 0.533899
-1.377883 -1.310070 -0.001124 -0.393170 -0.672323 -0.627186 0.505462 0.525798
-1.444927 -1.085900 -0.003028 -0.038697 -0.013855 -0.999146 0.528750 0.517779
-1.316004 -1.101394 -0.004272 0.001495 0.007324 -0.999969 0.527632 0.531412
-1.315638 -1.202866 -0.004660 0.001984 0.007538 -0.999969 0.516983 0.531871
-1.433746 -1.156759 -0.003101 -0.131016 -0.087741 -0.987487 0.521319 0.519236
-1.153972 -1.098075 -0.003426 -0.001282 -0.000275 -0.999969 0.528640 0.548405
-1.000590 -1.101541 -0.003491 -0.000641 0.002258 -0.999969 0.528886 0.564506
-1.000551 -1.203074 -0.004455 -0.004273 0.011689 -0.999908 0.518237 0.564912
-1.162777 -1.207511 0.000170 0.002075 0.014740 -0.999878 0.517131 0.547920
-0.569185 -0.900699 0.432605 0.993133 0.085299 0.079806 0.717856 0.637209
-0.568477 -0.892111 0.544835 0.996002 0.024049 0.085788 0.729453 0.636103
-0.563504 -0.964772 0.517164 0.994171 -0.018647 0.105960 0.726817 0.643637
-0.568724 -0.982616 0.423693 0.993805 0.007477 0.110691 0.717187 0.645799
-0.585020 -0.767320 0.445431 0.987304 0.146550 0.061190 0.719098 0.623287
-0.583207 -0.768550 0.560797 0.982177 0.187475 0.012421 0.730921 0.623353
-0.576772 -0.814673 0.564358 0.995605 0.088198 0.031129 0.731342 0.628109
-0.581107 -0.830027 0.437479 0.990356 0.117832 0.072665 0.718316 0.629755
-0.587909 -0.762639 0.641311 0.972900 0.190161 0.131382 0.739086 0.622615
-0.604352 -0.753345 0.710877 0.792383 0.041108 0.608600 0.746284 0.621327
-0.600032 -0.800517 0.698667 0.839137 0.001160 0.543870 0.745192 0.626197
-0.578452 -0.807500 0.635262 0.985046 0.048219 0.165288 0.738476 0.627218
-0.453526 -0.919560 0.007655 0.761834 -0.087741 0.641774 0.668913 0.641506
-0.524731 -0.913552 0.156703 0.971435 0.003265 0.237159 0.687746 0.639300
-0.518620 -1.006158 0.173809 0.996826 0.007660 0.078921 0.690385 0.649449
-0.529750 -0.985568 0.094282 0.952849 -0.124027 0.276894 0.681938 0.647951
-0.537890 -0.801234 0.067060 0.750114 0.637715 0.174963 0.678312 0.624683
-0.547139 -0.788602 0.144397 0.851070 0.519333 0.076968 0.687090 0.624803
-0.534032 -0.823444 0.147059 0.918241 0.335826 0.209845 0.686770 0.629057
-0.459255 -0.843625 0.012106 0.684927 0.642964 0.342723 0.667519 0.631681
-0.553269 -0.784868 0.241001 0.928312 0.361888 0.084933 0.697548 0.625227
-0.568606 -0.777948 0.332181 0.963561 0.239631 0.118778 0.707245 0.624485
-0.557819 -0.826068 0.320689 0.977386 0.133183 0.164068 0.705898 0.629640
-0.544352 -0.821970 0.233972 0.976257 0.176855 0.125034 0.696556 0.629242
-0.476822 -1.303246 0.063146 0.918058 0.114872 0.379406 0.679734 0.680907
-0.493236 -1.292607 0.143062 0.976501 0.041963 0.211371 0.688128 0.679382
-0.495972 -1.369257 0.122883 0.417890 -0.890866 0.177953 0.686597 0.687346
-0.465180 -1.371333 0.045112 0.411389 -0.875210 0.254372 0.678087 0.688103
-0.521274 -1.108715 0.076042 0.961913 0.056703 0.267312 0.680981 0.660571
-0.514053 -1.107409 0.167849 0.997375 0.066286 0.028016 0.690309 0.660067
-0.510037 -1.203216 0.160248 0.989502 0.117405 0.083956 0.689824 0.669994
-0.501605 -1.218057 0.064829 0.936155 0.170568 0.307352 0.680082 0.671798
-0.523003 -1.101621 0.239818 0.980651 0.026978 0.193762 0.697831 0.659148
-0.546268 -1.097686 0.317965 0.972137 0.005768 0.234230 0.706361 0.658367
-0.542477 -1.195129 0.310951 0.964995 -0.037080 0.259590 0.705969 0.668660
-0.516596 -1.199996 0.236163 0.971435 0.018525 0.236457 0.697704 0.669440
-1.151378 -0.688422 0.476888 -0.035401 0.999237 0.015290 0.634316 0.547667
-1.145124 -0.705027 0.580583 -0.046449 0.998138 -0.038881 0.645191 0.548830
-0.991532 -0.681295 0.577482 -0.022004 0.998566 -0.048341 0.644465 0.564893
-0.999531 -0.702065 0.487721 -0.012177 0.999908 -0.005493 0.634986 0.563559
-1.342964 -0.711185 0.473554 -0.381634 0.924284 -0.005737 0.635002 0.527489
-1.343009 -0.709937 0.566164 -0.435591 0.900082 -0.006317 0.644638 0.528063
-1.297569 -0.698869 0.579591 -0.116153 0.992950 -0.022645 0.645804 0.532986
-1.301686 -0.707527 0.475295 -0.110874 0.993805 -0.001099 0.634922 0.531826
-1.339008 -0.709683 0.643789 -0.416883 0.908628 0.023286 0.652668 0.528835
-1.339148 -0.712076 0.714527 -0.449904 0.655446 0.606555 0.660018 0.529109
-1.305145 -0.708983 0.712521 -0.108249 0.781732 0.614093 0.659692 0.532657
-1.302482 -0.699496 0.650023 -0.124027 0.991302 0.043580 0.653132 0.532790
-1.164812 -0.682907 0.087852 0.032838 0.969726 0.241920 0.593294 0.544920
-1.165820 -0.680223 0.161731 0.024720 0.999420 0.022095 0.601123 0.544993
-1.016962 -0.682240 0.155056 0.020478 0.999634 0.016053 0.600004 0.560697
-1.008569 -0.680733 0.072168 0.038240 0.961913 0.270547 0.591243 0.561378
-1.423089 -0.671494 0.045315 -0.392621 0.839900 0.374645 0.588674 0.517380
-1.382894 -0.693399 0.114808 -0.413770 0.877132 0.243751 0.596724 0.521134
-1.317465 -0.672329 0.168017 -0.150334 0.985504 0.078494 0.602142 0.528924
-1.322475 -0.677382 0.085698 -0.087039 0.961943 0.258919 0.593301 0.528006
-1.354110 -0.699519 0.247722 -0.501236 0.853389 0.142949 0.610998 0.524949
-1.342857 -0.712028 0.378635 -0.420270 0.904996 0.065767 0.624989 0.526793
-1.300828 -0.704211 0.362280 -0.138310 0.986602 0.086367 0.622974 0.531261
-1.311151 -0.683523 0.263388 -0.158788 0.978668 0.130131 0.612253 0.529926
-0.621612 -0.695704 0.069483 0.531266 0.845332 0.055818 0.589946 0.602461
-0.619505 -0.699057 0.150460 0.548936 0.835170 0.033174 0.598443 0.602821
-0.568896 -0.754737 0.139062 0.794214 0.606494 0.036836 0.597300 0.610692
-0.567353 -0.748928 0.067047 0.754265 0.647450 0.108860 0.589766 0.610430
-0.843564 -0.692625 0.068704 -0.010468 0.970641 0.240211 0.590625 0.578607
-0.843324 -0.689791 0.158958 -0.031678 0.999481 0.001709 0.599961 0.578916
-0.689315 -0.674312 0.159521 0.121830 0.992431 0.013794 0.599470 0.595091
-0.692758 -0.672336 0.073879 0.141881 0.981597 0.127659 0.590428 0.594518
-0.847326 -0.685890 0.263876 -0.020600 0.999329 0.029267 0.610968 0.578835
-0.849771 -0.689845 0.363229 -0.003571 0.998840 0.048006 0.621415 0.578901
-0.695602 -0.689839 0.340447 0.090396 0.993866 0.063478 0.618487 0.595041
-0.691459 -0.678168 0.251976 0.114811 0.992401 0.043550 0.609131 0.595108
-0.627601 -0.706811 0.457441 0.394757 0.918485 0.022309 0.630619 0.602734
-0.628143 -0.706912 0.568233 0.387524 0.921781 -0.011444 0.642311 0.602998
-0.592512 -0.730429 0.555278 0.826655 0.562548 0.011628 0.640815 0.607424
-0.590122 -0.735521 0.455177 0.849971 0.525864 0.031312 0.630322 0.607703
-0.846794 -0.690262 0.472248 0.007782 0.999939 -0.001312 0.632883 0.579561
-0.837784 -0.691111 0.577225 0.027161 0.999115 -0.031159 0.643895 0.580885
-0.681614 -0.695786 0.579720 0.108280 0.993835 -0.022492 0.643694 0.597296
-0.691016 -0.698573 0.462795 0.090335 0.995727 0.018830 0.631387 0.595991
-0.839965 -0.689865 0.658586 0.019440 0.997497 0.067598 0.652429 0.580902
-0.841657 -0.699704 0.726639 -0.015442 0.786859 0.616901 0.659614 0.580948
-0.684923 -0.695753 0.735182 0.072848 0.710776 0.699606 0.660018 0.597353
-0.685069 -0.692720 0.664063 0.072146 0.997375 0.004028 0.652565 0.597150
-0.577563 -1.234992 0.434463 0.969237 -0.216224 0.117344 0.719660 0.672472
-0.577528 -1.244882 0.564314 0.981079 -0.192297 0.021821 0.733274 0.672342
-0.589703 -1.282006 0.570671 0.852443 -0.522507 0.017853 0.734290 0.676301
-0.597517 -1.303012 0.386491 0.712851 -0.680929 0.167730 0.715475 0.680376
-0.564611 -1.086093 0.426464 0.992004 -0.008148 0.125828 0.717884 0.656652
-0.575982 -1.086863 0.540730 0.987640 0.003571 0.156560 0.729910 0.656181
-0.574419 -1.202303 0.559227 0.995514 -0.015900 0.093234 0.732427 0.667999
-0.569209 -1.199139 0.439351 0.990295 -0.064821 0.122868 0.719854 0.668558
-0.601010 -1.095699 0.624860 0.979553 0.034700 0.198035 0.738991 0.656655
-0.605926 -1.105492 0.697782 0.862423 0.007843 0.506088 0.746505 0.657286
-0.609257 -1.195163 0.699774 0.808832 0.020295 0.587664 0.747195 0.666446
-0.579854 -1.205901 0.622855 0.976470 0.040498 0.211707 0.738931 0.668018
-0.842981 -1.286896 -0.004391 0.007050 -0.025941 -0.999634 0.510074 0.581764
-0.686050 -1.286928 -0.003113 0.008515 -0.031404 -0.999451 0.510682 0.598214
-0.689465 -1.351743 0.000203 0.049379 -0.823847 -0.564623 0.503869 0.598109
-0.843153 -1.356859 0.000829 0.000946 -0.836726 -0.547563 0.502721 0.582026
-0.842910 -1.101515 -0.002640 0.005646 0.007324 -0.999939 0.529513 0.581044
-0.684834 -1.101068 -0.001626 0.004517 0.003784 -0.999969 0.530176 0.597626
-0.685208 -1.203117 -0.002261 0.006592 0.008240 -0.999939 0.519472 0.597978
-0.842908 -1.203098 -0.003664 0.006531 0.008850 -0.999939 0.518859 0.581443
-0.561255 -1.098657 -0.001356 0.047975 0.001923 -0.998840 0.530899 0.610578
-0.481234 -1.104145 0.008042 0.886502 0.021668 -0.462142 0.530622 0.619040
-0.460282 -1.223602 0.005122 0.868526 0.183966 -0.460189 0.518175 0.621652
-0.560865 -1.210071 -0.001429 0.041108 0.015229 -0.999023 0.519221 0.611039
-1.390313 -0.780712 0.445739 -0.971496 0.236488 0.014954 0.671296 0.556215
-1.383106 -0.776155 0.557786 -0.980193 0.190466 0.053682 0.670872 0.568497
-1.370278 -0.734929 0.551643 -0.832606 0.552568 0.037263 0.666110 0.567966
-1.371578 -0.730868 0.475533 -0.807062 0.590381 0.006195 0.665514 0.559588
-1.393199 -0.946849 0.436027 -0.982727 0.148350 0.110599 0.689489 0.555059
-1.397872 -0.955362 0.512437 -0.985595 0.112247 0.126408 0.690568 0.563384
-1.388431 -0.829155 0.565000 -0.995849 0.031587 0.084994 0.676720 0.569211
-1.388209 -0.842255 0.422199 -0.985382 0.129643 0.110508 0.678016 0.553511
-1.375275 -0.939239 0.615480 -0.980651 0.018586 0.194830 0.688736 0.574963
-1.364635 -0.905237 0.690287 -0.898953 -0.003113 0.437971 0.684951 0.583234
-1.358476 -0.813621 0.694997 -0.890103 0.016205 0.455458 0.674858 0.583829
-1.381942 -0.813517 0.625645 -0.980255 0.040040 0.193487 0.675003 0.575846
-1.352744 -1.319160 0.454968 -0.428907 -0.903317 0.000244 0.610785 0.625821
-1.351339 -1.319776 0.554334 -0.448958 -0.893521 0.001770 0.600399 0.625712
-1.378910 -1.295586 0.545626 -0.838496 -0.543779 0.034425 0.601413 0.621908
-1.378634 -1.299701 0.444181 -0.818812 -0.573809 -0.016083 0.611992 0.622472
-1.157802 -1.332874 0.465359 -0.041749 -0.998718 -0.028504 0.609204 0.646255
-1.152940 -1.342655 0.563188 -0.047609 -0.998230 -0.035066 0.598936 0.646546
-1.305107 -1.330063 0.560367 -0.131199 -0.990936 -0.028321 0.599637 0.630641
-1.309208 -1.325248 0.473297 -0.120945 -0.992553 -0.014069 0.608760 0.630376
-1.156148 -1.341954 0.649396 -0.030610 -0.995544 0.089084 0.589971 0.645965
-1.161034 -1.327576 0.717499 0.018067 -0.710807 0.703146 0.582749 0.645196
-1.317967 -1.329482 0.726430 -0.171392 -0.710990 0.681967 0.582355 0.628806
-1.310217 -1.329920 0.651874 -0.125523 -0.991882 0.019623 0.590104 0.629866
-1.158796 -1.277007 0.727029 0.043001 -0.035859 0.998413 0.563761 0.655567
-1.314951 -1.276759 0.731675 -0.149724 -0.010987 0.988647 0.563677 0.639248
-1.317967 -1.329482 0.726430 -0.171392 -0.710990 0.681967 0.569205 0.638828
-1.161034 -1.327576 0.717499 0.018067 -0.710807 0.703146 0.569186 0.655339
-1.158971 -1.107560 0.710450 0.061708 0.026551 0.997711 0.545868 0.655661
-1.314814 -1.103535 0.721616 -0.124454 0.020875 0.991974 0.545443 0.639161
-1.311454 -1.205873 0.727642 -0.131962 0.061892 0.989288 0.556252 0.639565
-1.157236 -1.209390 0.718558 0.049287 0.094516 0.994293 0.556610 0.655786
-1.346358 -1.096080 0.712980 -0.589984 0.012207 0.807306 0.544643 0.635698
-1.367769 -1.092520 0.684368 -0.919187 0.014557 0.393475 0.544199 0.631940
-1.363162 -1.188472 0.687272 -0.906491 0.014191 0.421918 0.554311 0.632246
-1.346232 -1.197199 0.716089 -0.625843 0.011475 0.779839 0.555294 0.635738
-0.846557 -0.645265 0.002759 0.018677 0.879208 -0.476028 0.582223 0.578018
-0.696882 -0.660177 0.004788 0.147069 0.830775 -0.536821 0.583020 0.593785
-1.001028 -0.642340 0.002691 0.037141 0.886380 -0.461440 0.582836 0.561837
-0.623884 -0.692238 0.004036 0.409040 0.676168 -0.612720 0.583081 0.602125
-0.563722 -0.741774 0.004066 0.590503 0.547166 -0.593188 0.583145 0.610254
-1.446128 -0.702318 0.066891 -0.625172 0.623463 0.469466 0.591781 0.514122
-1.393996 -0.737749 0.202481 -0.751701 0.591357 0.291879 0.607116 0.518515
-1.366936 -0.727980 0.397703 -0.793970 0.607837 0.010926 0.627277 0.523934
-1.427029 -0.668892 0.009266 -0.332896 0.796472 -0.504715 0.585004 0.516633
-1.311771 -0.629115 0.015388 -0.091220 0.920377 -0.380169 0.584180 0.529269
-1.536717 -0.730517 0.003972 -0.869808 0.414441 -0.267617 0.586238 0.503712
-1.511077 -0.723496 0.013941 -0.597919 0.569750 0.563768 0.587106 0.506507
-1.156766 -0.636769 0.006296 0.021241 0.895596 -0.444288 0.583435 0.545509
-1.370278 -0.734929 0.551643 -0.832606 0.552568 0.037263 0.643336 0.524147
-1.361720 -0.727110 0.634223 -0.842341 0.532334 0.083743 0.651838 0.525810
-1.352320 -0.719116 0.706358 -0.833979 0.428083 0.348094 0.659256 0.527512
-1.371578 -0.730868 0.475533 -0.807062 0.590381 0.006195 0.635412 0.523876
-0.481234 -1.104145 0.008042 0.886502 0.021668 -0.462142 0.672877 0.660853
-0.460282 -1.223602 0.005122 0.868526 0.183966 -0.460189 0.672840 0.673240
-0.460395 -0.964473 0.006134 0.894131 -0.146123 -0.423200 0.670231 0.646664
-0.441500 -1.303502 0.004114 0.883877 0.120182 -0.451979 0.672656 0.681608
-0.429269 -1.359701 0.002353 0.752007 -0.605396 -0.260628 0.672282 0.687486
-0.568896 -0.754737 0.139062 0.794214 0.606494 0.036836 0.687286 0.620401
-0.573887 -0.754023 0.245491 0.812952 0.581561 0.029145 0.698393 0.621406
-0.579144 -0.742863 0.350745 0.857356 0.511917 0.053285 0.709331 0.620771
-0.471317 -0.839312 0.009996 0.381146 0.665609 -0.641591 0.668338 0.629975
-0.420536 -0.857911 0.007201 0.984405 0.066775 -0.162603 0.663630 0.635983
-0.563722 -0.741774 0.004066 0.590503 0.547166 -0.593188 0.673487 0.615751
-0.567353 -0.748928 0.067047 0.754265 0.647450 0.108860 0.679981 0.618264
-0.437257 -0.903724 0.003242 0.940550 -0.218726 -0.259743 0.666728 0.639994
-0.592512 -0.730429 0.555278 0.826655 0.562548 0.011628 0.730338 0.619352
-0.600153 -0.727063 0.644024 0.826167 0.560900 0.052522 0.739402 0.618801
-0.611922 -0.713277 0.723317 0.715232 0.365032 0.595935 0.747525 0.617165
-0.590122 -0.735521 0.455177 0.849971 0.525864 0.031312 0.720107 0.619981
-1.565727 -1.062351 0.002373 -0.563036 -0.491043 -0.664663 0.530803 0.504995
-1.536844 -1.094939 0.006155 -0.609516 -0.588458 -0.531175 0.527435 0.508109
-1.576698 -1.043857 0.004026 -0.954650 -0.150426 0.256813 0.532704 0.503769
-1.468880 -1.184421 0.013495 -0.822138 -0.429273 -0.373852 0.518101 0.515375
-1.431506 -1.262722 0.004591 -0.730552 -0.447249 -0.515915 0.510141 0.519901
-1.311771 -0.629115 0.015388 -0.091220 0.920377 -0.380169 0.577378 0.529980
-1.156766 -0.636769 0.006296 0.021241 0.895596 -0.444288 0.577061 0.546278
-1.001028 -0.642340 0.002691 0.037141 0.886380 -0.461440 0.577065 0.562630
-1.534742 -0.744920 0.003395 -0.978393 0.046724 -0.201331 0.564258 0.507070
-1.528589 -0.770564 0.001887 -0.963500 -0.057344 -0.261361 0.561589 0.507810
-1.536717 -0.730517 0.003972 -0.869808 0.414441 -0.267617 0.565762 0.506809
-1.427029 -0.668892 0.009266 -0.332896 0.796472 -0.504715 0.572657 0.518079
-1.499952 -0.884207 0.008107 -0.972961 -0.032044 -0.228614 0.549749 0.511162
-0.696882 -0.660177 0.004788 0.147069 0.830775 -0.536821 0.576447 0.594588
-0.623884 -0.692238 0.004036 0.409040 0.676168 -0.612720 0.573397 0.602380
-0.563722 -0.741774 0.004066 0.590503 0.547166 -0.593188 0.568466 0.608931
-0.846557 -0.645265 0.002759 0.018677 0.879208 -0.476028 0.577378 0.578834
-1.499952 -0.884207 0.008107 -0.972961 -0.032044 -0.228614 0.685434 0.508570
-1.528589 -0.770564 0.001887 -0.963500 -0.057344 -0.261361 0.674963 0.503851
-1.576698 -1.043857 0.004026 -0.954650 -0.150426 0.256813 0.697606 0.507987
-1.534742 -0.744920 0.003395 -0.978393 0.046724 -0.201331 0.672431 0.502936
-1.536717 -0.730517 0.003972 -0.869808 0.414441 -0.267617 0.671012 0.502511
-1.403334 -1.279087 0.137076 -0.816462 -0.573016 0.070833 0.726321 0.522716
-1.384405 -1.291026 0.236840 -0.828211 -0.554125 0.083407 0.727923 0.533525
-1.369551 -1.300360 0.336178 -0.827509 -0.560717 0.028291 0.729152 0.544303
-1.468880 -1.184421 0.013495 -0.822138 -0.429273 -0.373852 0.714913 0.508980
-1.536844 -1.094939 0.006155 -0.609516 -0.588458 -0.531175 0.703978 0.507716
-1.431506 -1.262722 0.004591 -0.730552 -0.447249 -0.515915 0.724090 0.508442
-1.414813 -1.273669 0.061075 -0.795099 -0.598315 0.099033 0.725631 0.514567
-1.565727 -1.062351 0.002373 -0.563036 -0.491043 -0.664663 0.699714 0.507432
-1.378910 -1.295586 0.545626 -0.838496 -0.543779 0.034425 0.727707 0.566922
-1.367430 -1.301543 0.627759 -0.862087 -0.492172 0.120579 0.728258 0.575929
-1.354238 -1.309064 0.703996 -0.885220 -0.323832 0.333903 0.729152 0.584313
-1.378634 -1.299701 0.444181 -0.818812 -0.573809 -0.016083 0.728487 0.555995
-1.151221 -1.348835 -0.002728 -0.032014 -0.800989 -0.597797 0.658448 0.648142
-1.301484 -1.332665 -0.001130 -0.128239 -0.767052 -0.628590 0.658325 0.632382
-0.999047 -1.352702 -0.002418 -0.003449 -0.819025 -0.573717 0.658163 0.664039
-1.377883 -1.310070 -0.001124 -0.393170 -0.672323 -0.627186 0.658461 0.624088
-1.431506 -1.262722 0.004591 -0.730552 -0.447249 -0.515915 0.657944 0.616626
-0.495972 -1.369257 0.122883 0.417890 -0.890866 0.177953 0.644920 0.718121
-0.509569 -1.340613 0.177200 0.551958 -0.742119 0.380200 0.638791 0.716085
-0.526161 -1.300239 0.228793 0.710440 -0.567492 0.416150 0.631947 0.714726
-0.548505 -1.336578 0.003452 -0.090518 -0.696127 -0.712149 0.657050 0.711042
-0.689465 -1.351743 0.000203 0.049379 -0.823847 -0.564623 0.657445 0.696384
-0.429269 -1.359701 0.002353 0.752007 -0.605396 -0.260628 0.658461 0.723575
-0.465180 -1.371333 0.045112 0.411389 -0.875210 0.254372 0.653304 0.720663
-0.843153 -1.356859 0.000829 0.000946 -0.836726 -0.547563 0.657782 0.680327
-0.589703 -1.282006 0.570671 0.852443 -0.522507 0.017853 0.595806 0.707034
-0.594599 -1.290342 0.635203 0.841914 -0.531205 0.094699 0.589141 0.705608
-0.603305 -1.303069 0.691273 0.765709 -0.496902 0.408338 0.583367 0.703751
-0.597517 -1.303012 0.386491 0.712851 -0.680929 0.167730 0.615409 0.706436
-0.605926 -1.105492 0.697782 0.862423 0.007843 0.506088 0.545870 0.714561
-0.609257 -1.195163 0.699774 0.808832 0.020295 0.587664 0.555308 0.713947
-0.606172 -1.019034 0.700271 0.879452 -0.034669 0.474685 0.536765 0.714677
-0.611274 -1.251741 0.699429 0.771844 -0.048616 0.633931 0.561246 0.713624
-0.603305 -1.303069 0.691273 0.765709 -0.496902 0.408338 0.566720 0.714457
-0.684923 -0.695753 0.735182 0.072848 0.710776 0.699606 0.502374 0.705575
-0.841657 -0.699704 0.726639 -0.015442 0.786859 0.616901 0.502302 0.689010
-0.996831 -0.699632 0.716099 -0.029725 0.813349 0.580981 0.502073 0.672697
-0.604352 -0.753345 0.710877 0.792383 0.041108 0.608600 0.508711 0.714401
-0.600032 -0.800517 0.698667 0.839137 0.001160 0.543870 0.513741 0.715480
-0.611922 -0.713277 0.723317 0.715232 0.365032 0.595935 0.504350 0.713364
-0.637912 -0.695691 0.733440 0.360729 0.634022 0.683981 0.502405 0.710511
-0.601018 -0.908166 0.696054 0.869839 -0.040895 0.491592 0.525118 0.715503
-1.305145 -0.708983 0.712521 -0.108249 0.781732 0.614093 0.503686 0.640325
-1.339148 -0.712076 0.714527 -0.449904 0.655446 0.606555 0.504229 0.636760
-1.352320 -0.719116 0.706358 -0.833979 0.428083 0.348094 0.504918 0.635097
-1.151396 -0.703070 0.712954 -0.044771 0.801782 0.595904 0.502694 0.656442
0.578206 -1.242956 0.808378 -0.373760 -0.455580 0.807917 0.767789 0.624369
0.466791 -1.237586 0.772627 -0.238411 -0.478256 0.845210 0.755231 0.623107
0.512969 -1.333772 0.745716 -0.301157 -0.387188 0.871395 0.755231 0.614521
0.585463 -1.325915 0.777844 -0.399152 -0.344829 0.849544 0.767789 0.617045
0.538025 -1.390127 0.730759 -0.369030 -0.360790 0.856502 0.842909 0.554739
0.585463 -1.325915 0.777844 -0.399152 -0.344829 0.849544 0.842160 0.563578
0.512969 -1.333772 0.745716 -0.301157 -0.387188 0.871395 0.831100 0.560202
0.398492 -1.378996 0.685197 -0.315958 -0.411237 0.854976 0.831100 0.553051
0.350791 -0.669434 0.897241 -0.806299 -0.068331 0.587481 0.873107 0.728526
0.365264 -0.703803 0.911624 -0.500900 -0.019654 0.865261 0.873107 0.734332
0.359333 -0.611560 0.909195 -0.447798 0.054445 0.892453 0.864521 0.734332
0.344487 -0.559636 0.899516 -0.485641 0.471267 0.736198 0.864521 0.727181
1.563154 -1.378502 0.141396 0.000000 0.000000 -1.000000 0.762177 0.593140
1.696129 -1.377195 0.141396 0.707907 0.000061 -0.706259 0.762177 0.605699
1.696129 -1.452338 0.141396 0.574480 -0.598682 -0.558123 0.753591 0.605699
1.562526 -1.452338 0.141396 0.000000 -0.731193 -0.682150 0.753591 0.593140
1.660502 -1.348920 0.926690 0.950987 -0.158391 0.265511 0.762177 0.739851
1.620813 -1.342800 1.032472 0.457015 -0.073366 0.886410 0.762177 0.747001
1.620373 -1.431393 1.015512 0.465560 -0.557085 0.687643 0.753591 0.747001
1.629931 -1.441354 0.920826 0.664449 -0.718345 0.205939 0.753591 0.739851
1.483979 -0.596583 0.764253 0.061647 0.268502 0.961303 0.954070 0.621079
1.431834 -0.663245 0.772887 0.062563 0.143925 0.987579 0.954070 0.613928
1.591132 -0.676509 0.778388 -0.045259 0.260018 0.964538 0.966628 0.613928
1.631954 -0.610055 0.763287 0.200751 0.290353 0.935606 0.966628 0.621079
1.555901 -0.534384 0.492783 0.129246 0.991455 0.016175 0.954070 0.649680
1.559516 -0.533577 0.603280 0.171331 0.985168 -0.007447 0.954070 0.642530
1.696544 -0.574587 0.596908 0.685049 0.727775 0.031892 0.966628 0.642530
1.691542 -0.568660 0.488653 0.666311 0.744591 0.039247 0.966628 0.649680
0.801410 -0.519521 0.498221 0.016266 0.999542 0.024537 0.903836 0.649680
0.801831 -0.522878 0.590081 0.007324 0.998932 0.045228 0.903836 0.642530
1.001180 -0.522025 0.598055 -0.025758 0.999481 -0.017914 0.916394 0.642530
1.000619 -0.523216 0.494966 0.007874 0.999939 0.006531 0.916394 0.649680
0.800140 -0.555665 0.885121 0.163549 0.686514 0.708457 0.904763 0.617416
0.768537 -0.641142 0.927062 0.205084 0.256111 0.944609 0.905664 0.606897
0.921369 -0.677514 0.864324 0.326334 0.225898 0.917844 0.920051 0.599865
0.961836 -0.580910 0.841407 0.251991 0.392071 0.884701 0.917195 0.614459
1.707051 -1.362582 0.482072 0.976867 -0.164068 0.136967 0.762177 0.711249
1.706611 -1.357362 0.611093 0.977355 -0.192602 0.087252 0.762177 0.718400
1.688434 -1.438102 0.597204 0.731101 -0.679098 0.065432 0.753591 0.718400
1.692698 -1.440869 0.498267 0.723319 -0.672872 0.154851 0.753591 0.711249
1.732963 -0.859419 0.480813 0.979553 -0.042543 0.196478 0.796521 0.711249
1.690660 -0.860209 0.597587 0.987976 -0.068667 0.138462 0.796521 0.718400
1.691745 -0.998241 0.585444 0.996399 0.033265 0.077853 0.787935 0.718400
1.716929 -0.992826 0.466225 0.971038 -0.046876 0.234230 0.787935 0.711249
1.674343 -0.914615 0.837928 0.763512 0.145848 0.629078 0.796521 0.739851
1.646090 -0.929253 0.858683 0.378979 0.318613 0.868801 0.796521 0.747001
1.644443 -1.045664 0.915602 0.579394 0.331339 0.744621 0.787935 0.747001
1.656388 -1.023048 0.873150 0.871456 0.109134 0.478133 0.787935 0.739851
0.798225 -1.387016 0.141396 0.000000 0.000000 -1.000000 0.762177 0.542906
0.969485 -1.387876 0.141396 0.000000 0.000000 -1.000000 0.762177 0.555465
0.999145 -1.452338 0.141396 0.000000 -0.731193 -0.682150 0.753591 0.555465
0.802239 -1.452338 0.141396 0.000000 -0.731193 -0.682150 0.753591 0.542906
0.813656 -0.847990 0.141396 0.000000 0.000000 -1.000000 0.796521 0.542906
1.008555 -0.882240 0.141396 0.000000 0.000000 -1.000000 0.796521 0.555465
1.042129 -1.000110 0.141396 0.000000 0.000000 -1.000000 0.787935 0.555465
0.828009 -1.000932 0.141396 0.000000 0.000000 -1.000000 0.787935 0.542906
1.559138 -0.865096 0.141396 0.000000 0.000000 -1.000000 0.796521 0.593140
1.696129 -0.866186 0.141396 0.707816 0.000122 -0.706381 0.796521 0.605699
1.696129 -1.001819 0.141396 0.707724 0.000000 -0.706442 0.787935 0.605699
1.570566 -1.000915 0.141396 0.000000 0.000000 -1.000000 0.787935 0.593140
0.287161 -0.624565 0.472349 -0.994201 0.106449 -0.014496 0.873107 0.698580
0.276301 -0.623852 0.598972 -0.981506 0.191107 -0.008393 0.873107 0.705730
0.309542 -0.537617 0.588031 -0.635914 0.769402 0.060121 0.864521 0.705730
0.307356 -0.530957 0.476386 -0.652058 0.756554 0.048921 0.864521 0.698580
0.272425 -1.139002 0.500315 -0.996063 0.085238 -0.023988 0.907450 0.698580
0.272133 -1.155656 0.594452 -0.973968 0.082186 0.211249 0.907450 0.705730
0.296356 -0.999816 0.569443 -0.985839 -0.025300 0.165624 0.898864 0.705730
0.269894 -0.992138 0.488623 -0.994934 0.022034 -0.097934 0.898864 0.698580
0.332207 -1.104809 0.817603 -0.747368 -0.311167 0.586993 0.907450 0.726203
0.365219 -1.074774 0.853489 -0.463454 -0.457015 0.759148 0.907450 0.734332
0.343786 -0.991202 0.898828 -0.652028 -0.193304 0.733085 0.898864 0.734332
0.326409 -1.012745 0.829223 -0.963073 -0.061861 0.261940 0.899997 0.727097
0.444264 -1.451105 0.487686 -0.081393 -0.996155 0.031770 0.843659 0.524450
0.450605 -1.457742 0.598871 -0.118870 -0.989929 0.076724 0.843659 0.531600
0.321617 -1.433897 0.581699 -0.559038 -0.817927 0.135868 0.831100 0.531600
0.309564 -1.433859 0.475110 -0.619617 -0.782525 0.060701 0.831100 0.524450
1.203818 -1.468782 0.516636 0.012391 -0.998688 0.049623 0.893893 0.524450
1.220080 -1.471401 0.612363 0.018952 -0.999084 0.038148 0.893893 0.531600
1.019644 -1.474834 0.616947 -0.004975 -0.999603 0.027528 0.881335 0.531600
0.991890 -1.486464 0.488182 -0.012543 -0.998016 0.061678 0.881335 0.524450
1.195043 -1.457767 0.915333 -0.035951 -0.975860 0.215369 0.893774 0.553567
1.184149 -1.437211 0.977831 -0.077090 -0.577441 0.812738 0.893655 0.561233
1.014419 -1.422316 0.962821 -0.197150 -0.487381 0.850612 0.880857 0.562265
1.021065 -1.458426 0.914328 -0.112827 -0.921323 0.371990 0.881096 0.554083
1.187328 -1.331896 0.981999 -0.066347 -0.056154 0.996185 0.818023 0.624009
1.014569 -1.341710 0.970068 -0.161565 -0.120365 0.979461 0.805465 0.624910
1.014419 -1.422316 0.962821 -0.197150 -0.487381 0.850612 0.805465 0.618128
1.184149 -1.437211 0.977831 -0.077090 -0.577441 0.812738 0.818023 0.616325
1.166816 -0.957247 0.893546 0.135319 0.352153 0.926084 0.818023 0.657450
0.949223 -0.940141 0.943111 0.059786 0.177465 0.982299 0.805465 0.657450
0.969110 -1.029770 0.956224 -0.020753 0.203131 0.978912 0.805465 0.648864
1.186515 -1.059373 0.937617 0.053407 0.394299 0.917417 0.818023 0.648864
0.474379 -0.903543 0.935981 -0.160314 -0.006012 0.987030 0.767789 0.657450
0.348296 -0.896651 0.897356 -0.684255 0.007050 0.729179 0.755230 0.657450
0.343786 -0.991202 0.898828 -0.652028 -0.193304 0.733085 0.755230 0.648864
0.471555 -1.002136 0.930283 -0.211371 -0.244331 0.946348 0.767789 0.648864
0.778402 -0.927600 0.921596 0.004303 0.023713 0.999695 0.792906 0.657450
0.603776 -0.914835 0.938889 0.014069 0.006378 0.999878 0.780348 0.657450
0.624038 -1.024018 0.949499 -0.050295 -0.110843 0.992553 0.780348 0.648864
0.790536 -1.029509 0.924342 -0.031861 0.061617 0.997589 0.792906 0.648864
0.781466 -0.728362 0.938849 0.178991 0.114505 0.977142 0.792906 0.672923
0.600610 -0.704414 0.941250 -0.010651 0.017731 0.999756 0.780348 0.674622
0.597731 -0.803045 0.942228 -0.006500 -0.019776 0.999756 0.780348 0.666036
0.787661 -0.815990 0.930551 0.069124 0.021516 0.997345 0.792906 0.666036
0.484058 -0.699650 0.931553 -0.119083 0.001587 0.992859 0.767789 0.674622
0.365264 -0.703803 0.911624 -0.500900 -0.019654 0.865261 0.755230 0.674622
0.367341 -0.797778 0.912371 -0.542619 0.002564 0.839961 0.755230 0.666036
0.486565 -0.804088 0.933728 -0.131046 -0.000519 0.991363 0.767789 0.666036
1.509853 -0.949718 0.872226 0.024018 0.422376 0.906064 0.843140 0.657450
1.391074 -0.956380 0.880396 0.041383 0.426252 0.903623 0.830582 0.657450
1.396291 -1.071093 0.944860 0.009186 0.499191 0.866421 0.830582 0.648864
1.533850 -1.060215 0.935399 0.039888 0.519486 0.853511 0.843140 0.648864
1.462670 -0.748727 0.789796 -0.006195 0.291787 0.956450 0.843140 0.674622
1.336013 -0.752867 0.800453 0.097415 0.287057 0.952910 0.830582 0.674622
1.373493 -0.833805 0.828802 0.070650 0.365886 0.927946 0.830582 0.666036
1.489888 -0.827883 0.820937 -0.015015 0.345836 0.938139 0.843140 0.666036
1.128738 -0.776616 0.839402 0.196265 0.322275 0.926054 0.818023 0.672923
0.917553 -0.771192 0.900184 0.271767 0.262459 0.925871 0.805465 0.671223
0.921901 -0.863380 0.931327 0.128422 0.170690 0.976897 0.805465 0.666036
1.156069 -0.846741 0.857724 0.173101 0.330241 0.927885 0.818023 0.666036
1.503051 -1.331537 1.000713 -0.119175 -0.038026 0.992126 0.843140 0.623107
1.367631 -1.322044 0.994785 -0.059145 -0.050233 0.996979 0.830582 0.623107
1.356694 -1.446064 0.986731 -0.063326 -0.618793 0.782952 0.830582 0.614521
1.502138 -1.446668 0.997657 -0.033692 -0.661733 0.748955 0.843140 0.614521
1.519828 -1.134121 0.984224 0.024049 0.453139 0.891079 0.843140 0.640279
1.386333 -1.134694 0.985855 -0.020447 0.393170 0.919218 0.830582 0.640279
1.373192 -1.189997 1.003532 -0.050935 0.104068 0.993255 0.830582 0.631693
1.503909 -1.198280 1.006889 -0.043092 0.176305 0.983367 0.843140 0.631693
1.192881 -1.142989 0.980132 -0.024018 0.256447 0.966247 0.818023 0.640279
0.990441 -1.146537 0.976246 -0.090823 0.117557 0.988891 0.805465 0.640278
1.017345 -1.260552 0.977424 -0.114139 -0.039369 0.992676 0.805465 0.631693
1.195583 -1.228853 0.986772 -0.062044 0.019257 0.997864 0.818023 0.631693
1.205440 -1.462459 0.714961 0.024018 -0.999268 0.029695 0.893893 0.538751
1.211454 -1.459041 0.831182 -0.002960 -0.999512 0.030519 0.893893 0.545901
1.008960 -1.471762 0.820745 -0.034089 -0.996124 0.080752 0.881335 0.545901
1.012855 -1.478863 0.716079 -0.015625 -0.998657 0.048952 0.881335 0.538751
1.556511 -1.472599 0.712607 0.115787 -0.993194 -0.011933 0.919010 0.538751
1.541743 -1.477453 0.819867 0.117130 -0.992615 0.030885 0.919010 0.545901
1.403171 -1.474179 0.834755 -0.037111 -0.999237 0.009827 0.906452 0.545901
1.419499 -1.462594 0.722106 -0.031098 -0.999481 -0.007965 0.906452 0.538751
1.520475 -1.466138 0.926942 0.098239 -0.980132 0.172185 0.919010 0.553051
1.502138 -1.446668 0.997657 -0.033692 -0.661733 0.748955 0.919010 0.560202
1.356694 -1.446064 0.986731 -0.063326 -0.618793 0.782952 0.906452 0.560202
1.379282 -1.466215 0.926962 -0.036348 -0.982940 0.180273 0.906452 0.553051
1.193161 -1.443503 0.268526 0.003754 -0.996368 -0.084902 0.893893 0.510149
1.190661 -1.459273 0.420983 0.019593 -0.995972 -0.087344 0.893893 0.517300
0.980332 -1.507381 0.422184 -0.016053 -0.996918 -0.076724 0.881335 0.517300
0.990090 -1.443503 0.268526 0.009980 -0.994568 -0.103397 0.881335 0.510149
1.564137 -1.443503 0.268526 0.026032 -0.994385 -0.102298 0.919010 0.510149
1.567381 -1.487453 0.414807 0.096072 -0.994873 -0.030641 0.919010 0.517300
1.401697 -1.501471 0.429036 -0.032289 -0.998444 -0.044771 0.906452 0.517300
1.396404 -1.443503 0.268526 -0.017853 -0.994568 -0.102390 0.906452 0.510149
1.572487 -1.472956 0.508667 0.140873 -0.981506 0.129429 0.919010 0.524450
1.566018 -1.469345 0.604027 0.126865 -0.991516 0.027924 0.919010 0.531600
1.413569 -1.470783 0.607705 -0.007263 -0.999237 0.038270 0.906452 0.531600
1.404770 -1.475099 0.506294 -0.015992 -0.994934 0.098972 0.906452 0.524450
0.444936 -1.443503 0.268526 -0.011444 -0.999451 -0.031068 0.843659 0.510149
0.443442 -1.465303 0.375394 -0.049745 -0.998444 -0.024079 0.843659 0.517300
0.308508 -1.443730 0.369096 -0.624378 -0.779992 -0.041749 0.831100 0.517300
0.309053 -1.443503 0.268040 -0.684866 -0.725761 -0.064791 0.831100 0.510149
0.797915 -1.443503 0.268526 -0.024323 -0.996734 -0.076754 0.868776 0.510149
0.808090 -1.465162 0.384744 -0.078219 -0.992401 -0.094668 0.868776 0.517300
0.601893 -1.457012 0.384589 -0.004151 -0.998291 -0.057955 0.856218 0.517300
0.605259 -1.443503 0.268526 0.002289 -0.999115 -0.041749 0.856218 0.510149
0.802050 -1.460945 0.510351 -0.078341 -0.996277 0.035798 0.868776 0.524450
0.809956 -1.467823 0.614512 -0.047121 -0.998871 0.002258 0.868776 0.531600
0.600247 -1.456085 0.619794 -0.034700 -0.999329 -0.009125 0.856218 0.531600
0.602043 -1.458606 0.494475 -0.019532 -0.999756 0.007813 0.856218 0.524450
0.303050 -1.132261 0.667899 -0.964782 0.112918 0.237556 0.907450 0.711902
0.321796 -1.129032 0.755518 -0.957701 -0.056612 0.282113 0.907450 0.718074
0.314319 -1.034644 0.754891 -0.990844 -0.018799 0.133610 0.900037 0.718689
0.329081 -1.018674 0.660072 -0.977355 -0.030457 0.209296 0.899453 0.712165
0.293531 -1.346990 0.645471 -0.902188 -0.273446 0.333537 0.924622 0.712881
0.311171 -1.318398 0.683129 -0.652821 -0.360607 0.666128 0.924622 0.720031
0.317013 -1.221513 0.741663 -0.778344 -0.245613 0.577746 0.916036 0.720031
0.288926 -1.257021 0.666591 -0.939177 -0.056764 0.338664 0.916036 0.712881
0.370852 -1.276077 0.734236 -0.286477 -0.470717 0.834468 0.924622 0.727181
0.466791 -1.237586 0.772627 -0.238411 -0.478256 0.845210 0.924622 0.734332
0.407472 -1.156509 0.809523 -0.220618 -0.510422 0.831111 0.916036 0.734332
0.357481 -1.194052 0.783732 -0.438093 -0.436964 0.785546 0.916036 0.727181
0.309053 -1.132359 0.268040 -0.996155 0.049684 -0.072024 0.907450 0.684279
0.306082 -1.133511 0.377646 -0.981262 0.099246 -0.165105 0.907450 0.691430
0.306186 -0.999833 0.380727 -0.988678 0.011933 -0.149388 0.898864 0.691430
0.309053 -0.997990 0.268040 -0.999908 0.000183 -0.011689 0.898864 0.684279
0.309053 -1.369455 0.268040 -0.986816 -0.078890 -0.141270 0.924622 0.684279
0.273017 -1.353786 0.362138 -0.964507 -0.215888 -0.151860 0.924622 0.691430
0.251114 -1.268395 0.372900 -0.985412 0.032899 -0.166875 0.916036 0.691430
0.309053 -1.266670 0.268040 -0.984252 0.030396 -0.173986 0.916036 0.684279
0.277364 -1.364010 0.493482 -0.949950 -0.304056 0.071535 0.924622 0.698580
0.289154 -1.363964 0.598925 -0.942473 -0.302927 0.141240 0.924622 0.705730
0.278236 -1.292029 0.612032 -0.981903 -0.079775 0.171667 0.916036 0.705730
0.265087 -1.275684 0.507854 -0.998535 -0.032350 0.043275 0.916036 0.698580
0.309053 -0.618968 0.268040 -0.996338 -0.010071 -0.084597 0.873107 0.684279
0.275917 -0.607364 0.396101 -0.997101 0.056520 -0.050417 0.873107 0.691430
0.296057 -0.530838 0.370095 -0.709769 0.700461 -0.074496 0.864521 0.691430
0.309053 -0.534936 0.268040 -0.698080 0.707694 -0.108554 0.864521 0.684279
0.309053 -0.863624 0.268040 -0.999908 -0.000031 -0.011505 0.890278 0.684279
0.306216 -0.865011 0.380163 -0.991852 0.006989 -0.127049 0.890278 0.691430
0.306171 -0.730087 0.379940 -0.990631 -0.063051 -0.120914 0.881693 0.691430
0.309053 -0.728418 0.268040 -0.998688 -0.029939 -0.041231 0.881693 0.684279
0.288293 -0.858323 0.490508 -0.991028 -0.003906 -0.133488 0.890278 0.698580
0.265898 -0.859053 0.594084 -0.996734 -0.076998 0.023835 0.890278 0.705730
0.279278 -0.729729 0.593235 -0.998993 0.016175 -0.041597 0.881693 0.705730
0.277780 -0.728375 0.484810 -0.993530 -0.021821 -0.111179 0.881693 0.698580
1.201389 -0.873754 0.141396 0.000000 0.000000 -1.000000 0.796521 0.568023
1.395857 -0.864541 0.141396 0.000000 0.000000 -1.000000 0.796521 0.580582
1.392577 -0.999610 0.141396 0.000000 0.000000 -1.000000 0.787935 0.580582
1.232212 -1.000666 0.141396 0.000000 0.000000 -1.000000 0.787935 0.568023
1.190029 -0.628226 0.141396 0.000000 0.000000 -1.000000 0.813693 0.568023
1.394336 -0.617945 0.141396 0.000000 0.000000 -1.000000 0.813693 0.580582
1.394465 -0.730022 0.141396 0.000000 0.000000 -1.000000 0.805107 0.580582
1.183459 -0.747086 0.141396 0.000000 0.000000 -1.000000 0.805107 0.568023
1.555755 -0.619775 0.141396 0.000000 0.000000 -1.000000 0.813693 0.593140
1.696129 -0.620371 0.141396 0.707877 0.000000 -0.706290 0.813693 0.605699
1.696129 -0.730552 0.141396 0.707877 0.000000 -0.706290 0.805107 0.605699
1.557801 -0.729881 0.141396 0.000000 0.000000 -1.000000 0.805107 0.593140
0.449009 -0.847902 0.141396 0.000000 0.000000 -1.000000 0.796521 0.517789
0.619626 -0.848360 0.141396 0.000000 0.000000 -1.000000 0.796521 0.530348
0.612825 -1.000536 0.141396 0.000000 0.000000 -1.000000 0.787935 0.530348
0.448506 -0.999842 0.141396 0.000000 0.000000 -1.000000 0.787935 0.517789
0.443392 -0.612924 0.141396 0.000000 0.000000 -1.000000 0.813693 0.517789
0.615549 -0.604730 0.141396 0.000000 0.000000 -1.000000 0.813693 0.530348
0.624694 -0.702429 0.141396 0.000000 0.000000 -1.000000 0.805107 0.530348
0.449633 -0.716949 0.141396 0.000000 0.000000 -1.000000 0.805107 0.517789
0.800599 -0.644360 0.141396 0.000000 0.000000 -1.000000 0.813693 0.542906
0.967942 -0.646829 0.141396 0.000000 0.000000 -1.000000 0.813693 0.555465
0.971119 -0.779783 0.141396 0.000000 0.000000 -1.000000 0.805107 0.555465
0.798362 -0.735235 0.141396 0.000000 0.000000 -1.000000 0.805107 0.542906
0.447969 -1.378034 0.141396 0.000000 0.000000 -1.000000 0.762177 0.517789
0.607695 -1.386441 0.141396 0.000000 0.000000 -1.000000 0.762177 0.530348
0.605462 -1.452338 0.141396 0.000000 -0.731193 -0.682150 0.753591 0.530348
0.446523 -1.452338 0.141396 -0.000031 -0.731223 -0.682119 0.753592 0.517789
0.448858 -1.141396 0.141396 0.000000 0.000000 -1.000000 0.779349 0.517789
0.612294 -1.140787 0.141396 0.000000 0.000000 -1.000000 0.779349 0.530348
0.609520 -1.290566 0.141396 0.000000 0.000000 -1.000000 0.770763 0.530348
0.449612 -1.292866 0.141396 0.000000 0.000000 -1.000000 0.770763 0.517789
0.810899 -1.140641 0.141396 0.000000 0.000000 -1.000000 0.779349 0.542906
1.009750 -1.153198 0.141396 0.000000 0.000000 -1.000000 0.779349 0.555465
0.969822 -1.305937 0.141396 0.000000 0.000000 -1.000000 0.770763 0.555465
0.793753 -1.290237 0.141396 0.000000 0.000000 -1.000000 0.770763 0.542906
1.691755 -0.856829 0.715888 0.998779 -0.005219 0.048524 0.796521 0.725550
1.690123 -0.897529 0.792093 0.961333 0.059114 0.268960 0.796521 0.732700
1.690377 -1.035631 0.795946 0.964873 0.084231 0.248756 0.787935 0.732700
1.700028 -1.038612 0.696679 0.993561 0.110202 0.025452 0.787935 0.725550
1.710951 -0.633286 0.669037 0.945860 0.185278 0.266457 0.813693 0.725550
1.672733 -0.665141 0.756293 0.787011 0.192206 0.586200 0.813693 0.732700
1.685399 -0.777689 0.774358 0.911557 0.112674 0.395398 0.805107 0.732700
1.698058 -0.764547 0.679264 0.988098 -0.053102 0.144169 0.805107 0.725550
1.645454 -0.699345 0.790138 0.342326 0.291238 0.893277 0.813693 0.739851
1.605228 -0.743878 0.807242 0.014557 0.294626 0.955473 0.813693 0.747001
1.620495 -0.813694 0.829574 0.123630 0.300241 0.945799 0.805107 0.747001
1.661862 -0.788706 0.808796 0.573748 0.243141 0.782098 0.805107 0.739851
1.695855 -0.865003 0.263098 0.988861 -0.005646 -0.148595 0.796521 0.696949
1.739906 -0.870018 0.393793 0.993561 -0.016327 -0.112003 0.796521 0.704099
1.746805 -0.994307 0.401808 0.998627 -0.032563 -0.040864 0.787935 0.704099
1.695855 -0.994879 0.319923 0.959929 0.023743 -0.279122 0.787935 0.696949
1.695855 -0.626337 0.263142 0.994934 0.055513 -0.083682 0.813693 0.696949
1.727997 -0.631141 0.386750 0.983123 0.178320 -0.040407 0.813693 0.704099
1.732995 -0.732303 0.401746 0.994385 0.056887 -0.089053 0.805107 0.704099
1.695855 -0.730731 0.264784 0.990387 0.009400 -0.137944 0.805107 0.696949
1.713549 -0.645935 0.470457 0.973907 0.220679 0.052522 0.813693 0.711249
1.728498 -0.639021 0.605850 0.981750 0.170537 0.083865 0.813693 0.718400
1.713199 -0.720356 0.609253 0.985443 -0.090060 0.144108 0.805107 0.718400
1.727844 -0.725807 0.525774 0.993469 -0.009095 0.113529 0.805107 0.711249
1.695855 -1.377228 0.258994 0.989288 -0.074099 -0.125675 0.762177 0.696949
1.733452 -1.375531 0.391520 0.988189 -0.153020 0.003876 0.762177 0.704099
1.704575 -1.464592 0.407864 0.667379 -0.744499 0.017945 0.753591 0.704099
1.695855 -1.443503 0.268526 0.688955 -0.715018 -0.118442 0.753591 0.696949
1.695855 -1.134996 0.259938 0.980804 0.032228 -0.192267 0.779349 0.696949
1.738096 -1.127024 0.355576 0.988739 0.053804 -0.139561 0.779349 0.704099
1.745090 -1.271798 0.371563 0.997681 -0.024171 -0.063448 0.770763 0.704099
1.695855 -1.269024 0.249457 0.985198 -0.019105 -0.170324 0.770763 0.696949
1.708075 -1.117681 0.478537 0.987548 0.027223 0.154851 0.779349 0.711249
1.711240 -1.131663 0.599654 0.996582 0.081942 0.007355 0.779349 0.718400
1.721187 -1.263692 0.616032 0.996918 -0.064364 0.044771 0.770763 0.718400
1.723342 -1.270190 0.464393 0.990020 -0.021363 0.139225 0.770763 0.711249
0.818148 -0.537640 0.704521 -0.029908 0.998199 0.051851 0.904820 0.633523
0.827581 -0.535000 0.814473 0.016419 0.962584 0.270363 0.906027 0.624735
0.990458 -0.518339 0.794501 0.067904 0.880551 0.469008 0.917266 0.624947
0.996821 -0.516079 0.704978 -0.045473 0.998383 0.033967 0.916779 0.633263
0.479871 -0.533910 0.697639 -0.046236 0.990570 0.128819 0.878718 0.635379
0.465656 -0.549283 0.846293 0.008362 0.992981 0.117924 0.878718 0.628229
0.641596 -0.540860 0.800612 -0.007691 0.992279 0.123600 0.891277 0.628229
0.618212 -0.528151 0.704933 0.004700 0.992859 0.119114 0.891277 0.635379
0.473979 -0.550474 0.913071 -0.014863 0.775201 0.631489 0.878718 0.621079
0.467559 -0.602857 0.934775 -0.102695 0.193854 0.975616 0.878718 0.613928
0.613137 -0.601440 0.936797 0.043855 0.298013 0.953520 0.891277 0.613928
0.629864 -0.559962 0.900854 0.051637 0.816401 0.575152 0.891277 0.621079
0.802226 -0.534936 0.265224 0.007630 0.998138 -0.060335 0.903836 0.663981
0.803839 -0.515945 0.384318 0.015778 0.998016 -0.060762 0.903836 0.656830
1.002177 -0.518870 0.390792 0.012452 0.998962 -0.043489 0.916394 0.656830
1.000435 -0.534936 0.265224 0.003693 0.999084 -0.042085 0.916394 0.663981
0.436395 -0.534936 0.265224 -0.019471 0.996887 -0.076296 0.878718 0.663981
0.432280 -0.507099 0.372755 -0.055544 0.996094 -0.068361 0.878718 0.656830
0.602399 -0.510041 0.371385 0.015076 0.996521 -0.081698 0.891277 0.656830
0.604230 -0.534936 0.265224 0.007141 0.996338 -0.084841 0.891277 0.663981
0.437092 -0.515415 0.484462 -0.069765 0.997375 0.019227 0.878718 0.649680
0.443688 -0.507741 0.596722 -0.077181 0.993408 0.084689 0.878718 0.642530
0.603143 -0.514989 0.602138 0.023499 0.997131 0.071688 0.891277 0.642530
0.604704 -0.517558 0.484925 0.021455 0.999573 0.019715 0.891277 0.649680
1.553033 -0.534936 0.265224 0.015839 0.999481 0.027711 0.954070 0.663981
1.555438 -0.530855 0.379245 0.065798 0.997314 0.031343 0.954070 0.656830
1.689699 -0.550026 0.383218 0.640950 0.765984 0.048677 0.966628 0.656830
1.695855 -0.534936 0.265224 0.676626 0.736290 0.005005 0.966628 0.663981
1.196001 -0.534936 0.265224 0.007843 0.999695 -0.023164 0.928953 0.663981
1.194326 -0.521920 0.381930 0.021363 0.999207 -0.033326 0.928953 0.656830
1.387989 -0.532075 0.381955 0.016663 0.999695 -0.017762 0.941511 0.656830
1.391467 -0.534936 0.265224 0.005371 0.999969 -0.000763 0.941511 0.663981
1.195286 -0.526767 0.494185 0.018067 0.999451 -0.027497 0.928953 0.649680
1.193752 -0.514149 0.606104 0.008179 0.998321 -0.057009 0.928953 0.642530
1.388487 -0.519924 0.608171 0.047487 0.998291 -0.033937 0.941511 0.642530
1.389881 -0.530964 0.496241 0.029969 0.998993 -0.033296 0.941511 0.649680
1.549698 -0.530351 0.679004 0.150426 0.983184 0.103366 0.954070 0.635379
1.539127 -0.547854 0.742474 0.102573 0.774834 0.623737 0.954070 0.628229
1.658003 -0.565962 0.744289 0.498733 0.637501 0.587207 0.966628 0.628229
1.678692 -0.568616 0.670989 0.643727 0.739189 0.197882 0.966628 0.635379
1.195744 -0.508749 0.691600 0.033326 0.996124 0.081362 0.929051 0.634334
1.190143 -0.528118 0.762695 0.092746 0.806818 0.583422 0.929485 0.626405
1.392860 -0.541320 0.749295 0.086062 0.769921 0.632252 0.941511 0.628229
1.393532 -0.525934 0.678266 0.060884 0.990326 0.124454 0.941511 0.635379
1.155816 -0.586319 0.792385 0.149327 0.264351 0.952788 0.929286 0.617705
1.108723 -0.670752 0.802155 0.204230 0.180700 0.962096 0.930781 0.606897
1.298491 -0.663077 0.788946 0.091403 0.146947 0.984893 0.941511 0.613928
1.347285 -0.590907 0.782122 0.094638 0.244789 0.964934 0.941511 0.621079
1.692058 -1.358487 0.703939 0.965392 -0.209265 0.155553 0.762177 0.725550
1.676233 -1.358098 0.806216 0.961760 -0.225105 0.155980 0.762177 0.732700
1.649598 -1.446884 0.801225 0.678182 -0.725608 0.116214 0.753591 0.732700
1.672196 -1.440546 0.697272 0.709220 -0.698630 0.094363 0.753591 0.725550
1.722353 -1.142346 0.702779 0.996460 0.055727 0.062624 0.779349 0.725550
1.707049 -1.151845 0.798541 0.971770 0.046663 0.231208 0.779349 0.732700
1.693657 -1.261718 0.794286 0.979492 -0.111545 0.167760 0.770763 0.732700
1.708943 -1.258301 0.703454 0.986938 -0.112735 0.114902 0.770763 0.725550
1.673941 -1.155197 0.871789 0.924223 0.102573 0.367748 0.779349 0.739851
1.618547 -1.127738 0.974716 0.494858 0.389447 0.776788 0.779349 0.747001
1.606980 -1.214096 1.014804 0.406781 0.194952 0.892453 0.770763 0.747001
1.678001 -1.237053 0.926314 0.928495 0.044984 0.368542 0.770763 0.739851
1.191622 -1.387330 0.141396 0.000000 0.000000 -1.000000 0.762177 0.568023
1.394478 -1.387081 0.141396 0.000000 0.000000 -1.000000 0.762177 0.580582
1.394071 -1.452338 0.141396 0.000000 -0.731193 -0.682150 0.753591 0.580582
1.196925 -1.452338 0.141396 0.000000 -0.731193 -0.682150 0.753591 0.568023
1.202756 -1.139977 0.141396 0.000000 0.000000 -1.000000 0.779349 0.568023
1.396028 -1.139513 0.141396 0.000000 0.000000 -1.000000 0.779349 0.580582
1.394739 -1.288332 0.141396 0.000000 0.000000 -1.000000 0.770763 0.580582
1.186302 -1.289499 0.141396 0.000000 0.000000 -1.000000 0.770763 0.568023
1.562026 -1.139447 0.141396 0.000000 0.000000 -1.000000 0.779349 0.593140
1.696129 -1.135435 0.141396 0.707846 -0.000153 -0.706351 0.779349 0.605699
1.696129 -1.268826 0.141396 0.707938 0.000000 -0.706229 0.770763 0.605699
1.563715 -1.285133 0.141396 0.000000 0.000000 -1.000000 0.770763 0.593140
0.272625 -0.639384 0.726942 -0.981201 0.132481 0.140202 0.873107 0.714226
0.303255 -0.619601 0.841500 -0.929411 0.069094 0.362468 0.871357 0.721496
0.330770 -0.530225 0.870021 -0.510422 0.805048 0.302225 0.864521 0.720031
0.316836 -0.554685 0.739131 -0.613330 0.784661 0.089938 0.864521 0.712881
0.274774 -0.872092 0.693770 -0.965850 -0.136357 0.220283 0.889519 0.713648
0.344175 -0.874033 0.809500 -0.978942 -0.032991 0.201300 0.889529 0.722537
0.335503 -0.742024 0.835992 -0.930357 -0.117313 0.347301 0.880216 0.724357
0.272872 -0.735906 0.723940 -0.969756 -0.072451 0.233039 0.880454 0.714992
0.336624 -0.885330 0.863625 -0.975677 0.046266 0.214240 0.890380 0.729375
0.348296 -0.896651 0.897356 -0.684255 0.007050 0.729179 0.890278 0.734332
0.367341 -0.797778 0.912371 -0.542619 0.002564 0.839961 0.881693 0.734332
0.345697 -0.769289 0.884598 -0.918638 -0.032991 0.393689 0.881693 0.729871
0.461669 -1.447009 0.650744 -0.179846 -0.959105 0.218543 0.843659 0.538751
0.471454 -1.436934 0.688115 -0.304025 -0.713736 0.630970 0.843659 0.545901
0.317427 -1.411975 0.636183 -0.558519 -0.601581 0.571062 0.831100 0.545901
0.317678 -1.422725 0.610366 -0.624897 -0.723289 0.293771 0.831100 0.538751
0.818467 -1.460674 0.701770 -0.045289 -0.996704 0.066836 0.868776 0.538751
0.825388 -1.448178 0.795443 -0.142949 -0.959075 0.244362 0.868776 0.545901
0.649140 -1.453364 0.754768 -0.219153 -0.832545 0.508713 0.856218 0.545901
0.621162 -1.467253 0.691550 -0.082705 -0.988006 0.130314 0.856218 0.538751
0.847018 -1.449441 0.869921 -0.297464 -0.789727 0.536485 0.867907 0.555255
0.846715 -1.383313 0.906551 -0.390912 -0.395032 0.831324 0.867038 0.564609
0.680528 -1.339234 0.822917 -0.464431 -0.348247 0.814234 0.853219 0.566954
0.669443 -1.398024 0.796641 -0.405316 -0.503616 0.762902 0.854718 0.556427
0.842206 -1.305714 0.936302 -0.347484 -0.257607 0.901578 0.792906 0.625271
0.684429 -1.255024 0.865616 -0.441054 -0.397900 0.804407 0.780348 0.625631
0.680528 -1.339234 0.822917 -0.464431 -0.348247 0.814234 0.780348 0.619569
0.846715 -1.383313 0.906551 -0.390912 -0.395032 0.831324 0.792906 0.618849
0.809517 -1.135670 0.936509 -0.132176 -0.015107 0.991089 0.792906 0.640278
0.652301 -1.102195 0.935977 -0.170446 -0.247017 0.953887 0.780348 0.640278
0.679267 -1.184261 0.907242 -0.330912 -0.353221 0.875027 0.780348 0.631693
0.839711 -1.229530 0.947891 -0.252205 -0.145512 0.956664 0.792906 0.631693
0.521702 -1.082325 0.891505 -0.276162 -0.474136 0.835994 0.767789 0.640278
0.365219 -1.074774 0.853489 -0.463454 -0.457015 0.759148 0.755231 0.640278
0.407472 -1.156509 0.809523 -0.220618 -0.510422 0.831111 0.755231 0.631693
0.551078 -1.163931 0.854080 -0.332102 -0.512467 0.791864 0.767789 0.631693
1.196697 -0.529137 0.141396 0.000000 0.723441 -0.690359 0.928953 0.671131
1.393798 -0.529137 0.141396 0.000000 0.723441 -0.690359 0.941511 0.671131
0.999753 -0.529137 0.141396 0.000000 0.723441 -0.690359 0.916394 0.671131
1.553280 -0.529137 0.141396 0.000000 0.723441 -0.690359 0.954070 0.671131
1.696129 -0.529137 0.141396 0.575610 0.591784 -0.564287 0.966628 0.671131
0.296057 -0.530838 0.370095 -0.709769 0.700461 -0.074496 0.866160 0.656830
0.307356 -0.530957 0.476386 -0.652058 0.756554 0.048921 0.866160 0.649680
0.309542 -0.537617 0.588031 -0.635914 0.769402 0.060121 0.866160 0.642530
0.437712 -0.529137 0.141396 0.000153 0.723350 -0.690451 0.878718 0.671131
0.605596 -0.529137 0.141396 0.000000 0.723441 -0.690359 0.891277 0.671131
0.308747 -0.529137 0.141396 -0.575610 0.591662 -0.564409 0.866160 0.671131
0.309053 -0.534936 0.268040 -0.698080 0.707694 -0.108554 0.866160 0.663981
0.802709 -0.529137 0.141396 0.000000 0.723441 -0.690359 0.903836 0.671131
0.330770 -0.530225 0.870021 -0.510422 0.805048 0.302225 0.866160 0.628229
0.344487 -0.559636 0.899516 -0.485641 0.471267 0.736198 0.866160 0.621079
0.359333 -0.611560 0.909195 -0.447798 0.054445 0.892453 0.866160 0.613928
0.316836 -0.554685 0.739131 -0.613330 0.784661 0.089938 0.866160 0.635379
1.696129 -1.135435 0.141396 0.707846 -0.000153 -0.706351 0.779349 0.689798
1.696129 -1.268826 0.141396 0.707938 0.000000 -0.706229 0.770763 0.689798
1.696129 -1.001819 0.141396 0.707724 0.000000 -0.706442 0.787935 0.689798
1.696129 -1.377195 0.141396 0.707907 0.000061 -0.706259 0.762177 0.689798
1.696129 -1.452338 0.141396 0.574480 -0.598682 -0.558123 0.753591 0.689798
1.689699 -0.550026 0.383218 0.640950 0.765984 0.048677 0.822279 0.704099
1.691542 -0.568660 0.488653 0.666311 0.744591 0.039247 0.822279 0.711249
1.696544 -0.574587 0.596908 0.685049 0.727775 0.031892 0.822279 0.718400
1.696129 -0.620371 0.141396 0.707877 0.000000 -0.706290 0.813693 0.689798
1.696129 -0.730552 0.141396 0.707877 0.000000 -0.706290 0.805107 0.689798
1.696129 -0.529137 0.141396 0.575610 0.591784 -0.564287 0.822279 0.689798
1.695855 -0.534936 0.265224 0.676626 0.736290 0.005005 0.822279 0.696949
1.696129 -0.866186 0.141396 0.707816 0.000122 -0.706381 0.796521 0.689798
1.658003 -0.565962 0.744289 0.498733 0.637501 0.587207 0.822279 0.732700
1.631954 -0.610055 0.763287 0.200751 0.290353 0.935606 0.822279 0.739851
1.591132 -0.676509 0.778388 -0.045259 0.260018 0.964538 0.822279 0.747001
1.678692 -0.568616 0.670989 0.643727 0.739189 0.197882 0.822279 0.725550
0.308747 -1.132022 0.141396 -0.707938 0.000000 -0.706229 0.779349 0.505230
0.308747 -1.267270 0.141396 -0.707938 0.000000 -0.706229 0.770763 0.505230
0.308747 -0.997199 0.141396 -0.707938 0.000000 -0.706229 0.787935 0.505230
0.308747 -1.372269 0.141396 -0.707938 0.000000 -0.706229 0.762177 0.505230
0.308747 -1.452338 0.141396 -0.574511 -0.598743 -0.558031 0.753592 0.505230
0.605596 -0.529137 0.141396 0.000000 0.723441 -0.690359 0.822279 0.530348
0.802709 -0.529137 0.141396 0.000000 0.723441 -0.690359 0.822279 0.542906
0.999753 -0.529137 0.141396 0.000000 0.723441 -0.690359 0.822279 0.555465
0.308747 -0.620339 0.141396 -0.707938 0.000000 -0.706229 0.813693 0.505230
0.308747 -0.727801 0.141396 -0.707938 0.000000 -0.706229 0.805107 0.505230
0.308747 -0.529137 0.141396 -0.575610 0.591662 -0.564409 0.822279 0.505230
0.437712 -0.529137 0.141396 0.000153 0.723350 -0.690451 0.822279 0.517789
0.308747 -0.863337 0.141396 -0.707938 0.000000 -0.706229 0.796521 0.505230
1.393798 -0.529137 0.141396 0.000000 0.723441 -0.690359 0.822279 0.580582
1.553280 -0.529137 0.141396 0.000000 0.723441 -0.690359 0.822279 0.593140
1.696129 -0.529137 0.141396 0.575610 0.591784 -0.564287 0.822279 0.605699
1.196697 -0.529137 0.141396 0.000000 0.723441 -0.690359 0.822279 0.568023
0.308747 -0.863337 0.141396 -0.707938 0.000000 -0.706229 0.890278 0.677129
0.308747 -0.727801 0.141396 -0.707938 0.000000 -0.706229 0.881693 0.677129
0.308747 -0.997199 0.141396 -0.707938 0.000000 -0.706229 0.898864 0.677129
0.308747 -0.620339 0.141396 -0.707938 0.000000 -0.706229 0.873107 0.677129
0.308747 -0.529137 0.141396 -0.575610 0.591662 -0.564409 0.864521 0.677129
0.308508 -1.443730 0.369096 -0.624378 -0.779992 -0.041749 0.933208 0.691430
0.309564 -1.433859 0.475110 -0.619617 -0.782525 0.060701 0.933208 0.698580
0.321617 -1.433897 0.581699 -0.559038 -0.817927 0.135868 0.933208 0.705730
0.308747 -1.372269 0.141396 -0.707938 0.000000 -0.706229 0.924622 0.677129
0.308747 -1.267270 0.141396 -0.707938 0.000000 -0.706229 0.916036 0.677129
0.308747 -1.452338 0.141396 -0.574511 -0.598743 -0.558031 0.933208 0.677129
0.309053 -1.443503 0.268040 -0.684866 -0.725761 -0.064791 0.933208 0.684279
0.308747 -1.132022 0.141396 -0.707938 0.000000 -0.706229 0.907450 0.677129
0.317427 -1.411975 0.636183 -0.558519 -0.601581 0.571062 0.933208 0.720031
0.398492 -1.378996 0.685197 -0.315958 -0.411237 0.854976 0.933208 0.727181
0.512969 -1.333772 0.745716 -0.301157 -0.387188 0.871395 0.933208 0.734332
0.317678 -1.422725 0.610366 -0.624897 -0.723289 0.293771 0.933208 0.712881
0.802239 -1.452338 0.141396 0.000000 -0.731193 -0.682150 0.868776 0.502999
0.605462 -1.452338 0.141396 0.000000 -0.731193 -0.682150 0.856218 0.502999
0.999145 -1.452338 0.141396 0.000000 -0.731193 -0.682150 0.881335 0.502999
0.446523 -1.452338 0.141396 -0.000031 -0.731223 -0.682119 0.843659 0.502999
0.308747 -1.452338 0.141396 -0.574511 -0.598743 -0.558031 0.831100 0.502999
1.704575 -1.464592 0.407864 0.667379 -0.744499 0.017945 0.931569 0.517300
1.692698 -1.440869 0.498267 0.723319 -0.672872 0.154851 0.931569 0.524450
1.688434 -1.438102 0.597204 0.731101 -0.679098 0.065432 0.931569 0.531600
1.562526 -1.452338 0.141396 0.000000 -0.731193 -0.682150 0.919010 0.502999
1.394071 -1.452338 0.141396 0.000000 -0.731193 -0.682150 0.906452 0.502999
1.696129 -1.452338 0.141396 0.574480 -0.598682 -0.558123 0.931569 0.502999
1.695855 -1.443503 0.268526 0.688955 -0.715018 -0.118442 0.931569 0.510149
1.196925 -1.452338 0.141396 0.000000 -0.731193 -0.682150 0.893893 0.502999
1.649598 -1.446884 0.801225 0.678182 -0.725608 0.116214 0.931569 0.545901
1.629931 -1.441354 0.920826 0.664449 -0.718345 0.205939 0.931569 0.553051
1.620373 -1.431393 1.015512 0.465560 -0.557085 0.687643 0.931569 0.560202
1.672196 -1.440546 0.697272 0.709220 -0.698630 0.094363 0.931569 0.538751
1.618547 -1.127738 0.974716 0.494858 0.389447 0.776788 0.855699 0.640279
1.606980 -1.214096 1.014804 0.406781 0.194952 0.892453 0.855699 0.631693
1.644443 -1.045664 0.915602 0.579394 0.331339 0.744621 0.855699 0.648864
1.620813 -1.342800 1.032472 0.457015 -0.073366 0.886410 0.855699 0.623107
1.620373 -1.431393 1.015512 0.465560 -0.557085 0.687643 0.855699 0.614521
1.298491 -0.663077 0.788946 0.091403 0.146947 0.984893 0.830582 0.683208
1.108723 -0.670752 0.802155 0.204230 0.180700 0.962096 0.818023 0.679809
0.921369 -0.677514 0.864324 0.326334 0.225898 0.917844 0.805465 0.676411
1.605228 -0.743878 0.807242 0.014557 0.294626 0.955473 0.855699 0.674622
1.620495 -0.813694 0.829574 0.123630 0.300241 0.945799 0.855699 0.666036
1.591132 -0.676509 0.778388 -0.045259 0.260018 0.964538 0.855699 0.683208
1.431834 -0.663245 0.772887 0.062563 0.143925 0.987579 0.843140 0.683208
1.646090 -0.929253 0.858683 0.378979 0.318613 0.868801 0.855699 0.657450
0.613137 -0.601440 0.936797 0.043855 0.298013 0.953520 0.780348 0.683208
0.467559 -0.602857 0.934775 -0.102695 0.193854 0.975616 0.767789 0.683208
0.359333 -0.611560 0.909195 -0.447798 0.054445 0.892453 0.755230 0.683208
0.768537 -0.641142 0.927062 0.205084 0.256111 0.944609 0.792906 0.679809
-1.162259 -0.139711 0.698726 0.191107 0.156346 0.969024 0.682388 0.972996
-1.215910 -0.131145 0.724114 0.130619 0.041871 0.990539 0.683013 0.979642
-1.216282 -0.187206 0.724336 0.064333 0.033784 0.997345 0.676516 0.979468
-1.162760 -0.193827 0.724754 0.084506 0.093783 0.991974 0.675694 0.973297
-1.332205 -0.139542 0.720753 -0.016083 0.036225 0.999207 0.681771 0.992897
-1.356939 -0.142334 0.719077 -0.645863 0.075716 0.759667 0.681406 0.995715
-1.361186 -0.189448 0.723246 -0.643300 -0.053865 0.763695 0.676017 0.996101
-1.333297 -0.186575 0.724023 -0.015717 -0.019898 0.999664 0.676385 0.992923
-1.338549 -0.262683 0.724642 -0.194098 -0.152348 0.969054 0.667745 0.993296
-1.367792 -0.261419 0.708616 -0.798700 -0.049654 0.599628 0.667573 0.996984
-1.371492 -0.275632 0.702786 -0.776330 -0.523515 0.350963 0.665853 0.997507
-1.340745 -0.286536 0.714345 -0.237617 -0.772485 0.588855 0.664889 0.993689
-1.163096 -0.271684 0.722686 0.017060 -0.134098 0.990814 0.666746 0.973377
-1.217600 -0.269610 0.724610 -0.007904 -0.138646 0.990295 0.667041 0.979595
-1.217473 -0.290771 0.717759 -0.027589 -0.787652 0.615467 0.664512 0.979590
-1.163130 -0.287823 0.717151 0.001984 -0.776543 0.630055 0.664797 0.973393
-1.164180 -0.292852 0.677455 -0.016755 -0.997223 0.072298 0.565252 0.757339
-1.163130 -0.287823 0.717151 0.001984 -0.776543 0.630055 0.565185 0.752796
-1.217473 -0.290771 0.717759 -0.027589 -0.787652 0.615467 0.571348 0.752827
-1.220821 -0.293411 0.679260 -0.030610 -0.998016 0.054781 0.571684 0.757200
-1.341711 -0.287590 0.670511 -0.185888 -0.981475 0.045747 0.585412 0.758248
-1.340745 -0.286536 0.714345 -0.237617 -0.772485 0.588855 0.585315 0.753281
-1.371492 -0.275632 0.702786 -0.776330 -0.523515 0.350963 0.589015 0.754561
-1.370248 -0.277801 0.667629 -0.777551 -0.628681 0.010804 0.588833 0.758545
-1.342302 -0.300187 0.496645 -0.130558 -0.990143 0.050325 0.585338 0.777988
-1.346725 -0.289056 0.540759 -0.156743 -0.983154 0.093814 0.586024 0.772932
-1.374995 -0.285633 0.539102 -0.714682 -0.688925 0.120731 0.589247 0.773155
-1.375712 -0.290209 0.492572 -0.671773 -0.739036 0.050203 0.589236 0.778447
-1.363823 0.130725 0.680070 -0.985839 -0.038423 0.163060 0.611699 0.992775
-1.355890 0.134427 0.712266 -0.771722 -0.026276 0.635395 0.611320 0.996527
-1.362019 0.177862 0.713473 -0.784173 -0.089846 0.613971 0.606349 0.996644
-1.361799 0.172114 0.679802 -0.991791 -0.052889 0.116276 0.607008 0.992825
-1.366008 0.265971 0.672848 -0.968566 0.228736 0.097507 0.596220 0.992104
-1.355064 0.265347 0.712041 -0.726829 0.196753 0.657979 0.596317 0.996647
-1.353089 0.286899 0.710923 -0.654683 0.542619 0.526231 0.593837 0.996578
-1.349678 0.290926 0.670673 -0.734733 0.666463 0.126316 0.592886 0.992056
-1.376079 0.270176 0.489507 -0.993988 0.090274 0.061769 0.595358 0.971142
-1.367263 0.275569 0.539335 -0.994873 0.082888 0.057833 0.594802 0.976895
-1.367158 0.298346 0.532911 -0.783959 0.612568 0.100497 0.592198 0.976200
-1.370911 0.305695 0.487638 -0.721000 0.688772 0.075777 0.591282 0.971044
-0.654414 -0.128951 0.000132 0.144871 -0.062136 -0.987487 0.593915 0.861783
-0.618048 -0.124605 0.009158 0.555681 -0.120762 -0.822535 0.589677 0.862445
-0.625539 -0.167112 0.009390 0.544237 -0.142644 -0.826685 0.590295 0.857591
-0.656878 -0.173527 0.002702 0.166478 -0.072451 -0.983367 0.593892 0.856703
-0.666472 -0.280704 0.012792 0.236488 -0.174627 -0.955779 0.594263 0.844505
-0.640636 -0.277210 0.023987 0.684805 -0.164678 -0.709830 0.591070 0.844902
-0.641479 -0.309692 0.026581 0.582018 -0.540513 -0.607501 0.591044 0.841196
-0.671828 -0.314178 0.019065 0.149480 -0.717917 -0.679861 0.594587 0.840605
-0.843370 -0.281467 0.004491 0.005432 -0.268868 -0.963134 0.614394 0.843152
-0.791486 -0.281785 0.006238 0.029359 -0.226264 -0.973601 0.608441 0.843475
-0.797543 -0.309555 0.010943 0.005188 -0.695730 -0.718253 0.608935 0.840231
-0.841894 -0.306336 0.018409 0.006653 -0.697012 -0.717002 0.614053 0.839901
-0.639742 -0.130731 0.683313 0.998016 0.024079 0.058016 0.598645 0.773240
-0.641213 -0.131812 0.713539 0.796747 0.026887 0.603656 0.595213 0.773066
-0.640440 -0.174395 0.716701 0.767113 0.019013 0.641224 0.594933 0.768226
-0.639638 -0.177935 0.681016 0.994385 0.085116 0.062349 0.598991 0.767877
-0.635078 -0.262891 0.676578 0.995148 -0.091830 0.034730 0.599582 0.758173
-0.638189 -0.267669 0.718011 0.722129 -0.106754 0.683462 0.594857 0.757648
-0.638034 -0.290422 0.714517 0.628193 -0.557085 0.543107 0.595242 0.755065
-0.640828 -0.299745 0.674941 0.690664 -0.722129 0.038392 0.599723 0.753931
-0.621580 -0.269029 0.491592 0.975799 -0.211371 0.055727 0.620690 0.757432
-0.628207 -0.271501 0.540884 0.962249 -0.251198 0.104465 0.615110 0.757136
-0.635779 -0.292724 0.542032 0.767937 -0.635456 0.080294 0.614885 0.754587
-0.630386 -0.293212 0.490649 0.773339 -0.631519 0.055574 0.620736 0.754534
-0.839291 0.314449 0.675756 0.074831 0.983337 0.165502 0.507765 0.863673
-0.839318 0.297203 0.711776 0.042238 0.660421 0.749687 0.503330 0.863442
-0.784171 0.298031 0.710161 0.031953 0.750114 0.660512 0.503721 0.857249
-0.788242 0.303308 0.674902 0.097354 0.990326 0.098575 0.507751 0.857811
-0.663869 0.293573 0.677178 0.152226 0.987701 0.035005 0.507547 0.843651
-0.665654 0.291361 0.717137 0.138218 0.721122 0.678823 0.503024 0.843821
-0.634567 0.285306 0.713586 0.595538 0.570971 0.565050 0.503410 0.840240
-0.627751 0.285915 0.679830 0.741722 0.664235 0.092532 0.507229 0.839482
-0.661236 0.293161 0.494113 0.114414 0.993378 0.009766 0.528256 0.843316
-0.659758 0.296371 0.543160 0.163427 0.986419 0.016114 0.522714 0.843228
-0.625243 0.286802 0.540216 0.754692 0.651173 0.079775 0.523062 0.839182
-0.620472 0.288540 0.492036 0.707602 0.701163 0.087313 0.528517 0.838688
-0.661242 0.299563 0.300962 0.179724 0.983703 0.004700 0.550164 0.843469
-0.665680 0.294887 0.348477 0.163121 0.985992 0.034120 0.544812 0.843904
-0.628975 0.287588 0.344686 0.581500 0.812952 0.030335 0.545245 0.839670
-0.627176 0.282631 0.292233 0.528886 0.845943 0.067995 0.551169 0.839233
-0.656328 0.291427 0.116848 0.153874 0.985473 -0.071657 0.571003 0.842857
-0.658155 0.297488 0.154401 0.119877 0.991913 -0.041047 0.566760 0.843020
-0.624832 0.287209 0.154063 0.667623 0.741935 -0.061373 0.566872 0.839155
-0.627291 0.282727 0.122337 0.707846 0.699362 -0.099033 0.570510 0.839391
-0.952940 0.303438 0.113318 0.035340 0.999329 0.007233 0.571344 0.876461
-1.062164 0.302891 0.107709 0.059572 0.998016 0.019715 0.571946 0.888811
-1.054717 0.292247 0.196881 0.058718 0.997986 0.023377 0.561878 0.887923
-0.955336 0.300288 0.199982 0.000519 0.999847 0.016816 0.561550 0.876705
-1.249747 0.306286 0.680489 -0.046754 0.992767 0.110538 0.506885 0.909860
-1.251650 0.298872 0.719029 -0.061830 0.677664 0.732749 0.502440 0.910100
-1.211601 0.303204 0.719100 -0.020905 0.689840 0.723624 0.502492 0.905542
-1.207247 0.308030 0.683964 -0.059175 0.989837 0.129185 0.506517 0.905014
-1.053099 0.319850 0.678137 0.007874 0.973632 0.227851 0.507408 0.887664
-1.053781 0.299214 0.713910 0.019990 0.578356 0.815516 0.502730 0.887702
-1.000385 0.299995 0.712280 0.012513 0.613269 0.789727 0.502998 0.881658
-1.000570 0.319214 0.676254 0.018036 0.976440 0.214972 0.507620 0.881730
-0.950692 0.303804 0.500720 0.050844 0.997223 -0.053896 0.527488 0.876104
-1.052066 0.312039 0.499387 0.011841 0.998810 -0.046907 0.527596 0.887541
-1.052170 0.315285 0.591764 0.000610 0.998077 -0.061953 0.517164 0.887578
-0.949199 0.311958 0.590646 0.039888 0.996185 -0.077486 0.517317 0.875950
-0.623223 -0.264506 0.293690 0.999756 0.016633 0.013703 0.643271 0.757959
-0.622946 -0.260409 0.342982 0.999298 -0.034700 0.013367 0.637591 0.758284
-0.618256 -0.286441 0.338003 0.876034 -0.475570 0.079684 0.638293 0.755276
-0.616418 -0.294081 0.289858 0.886715 -0.457778 0.064302 0.643794 0.754522
-0.626253 -0.282138 0.109940 0.992035 -0.042238 -0.118442 0.664432 0.756393
-0.613410 -0.281934 0.149456 0.997894 -0.060915 -0.020936 0.659753 0.756558
-0.614776 -0.317621 0.144323 0.764611 -0.643208 0.040010 0.660398 0.752306
-0.613707 -0.318528 0.113588 0.814112 -0.568621 -0.117679 0.663888 0.752100
-0.593093 -0.047092 0.113835 0.999237 0.003540 0.038606 0.663482 0.783215
-0.597599 0.044569 0.108529 0.999481 -0.005036 0.031648 0.664010 0.793594
-0.602612 0.023038 0.208516 0.999817 -0.011261 0.013977 0.652862 0.791163
-0.597001 -0.050240 0.202569 0.999390 0.003632 0.033906 0.653554 0.782748
-0.628356 0.206356 0.678713 0.980651 -0.058504 0.186743 0.599226 0.811673
-0.639038 0.207011 0.721011 0.617756 -0.055055 0.784417 0.594227 0.811703
-0.643023 0.179036 0.717061 0.629170 -0.100497 0.770714 0.594578 0.808461
-0.631815 0.177173 0.680092 0.972777 -0.094424 0.211554 0.599007 0.808301
-0.634677 0.044545 0.680423 0.990753 -0.026643 0.132878 0.598919 0.793144
-0.644897 0.045463 0.716558 0.658528 -0.009644 0.752464 0.594646 0.793233
-0.643598 0.001106 0.713931 0.713797 -0.011414 0.700217 0.594996 0.788184
-0.635091 0.000004 0.676782 0.995025 0.010468 0.098972 0.599328 0.788083
-0.630223 -0.046241 0.489146 0.987304 -0.008759 0.158544 0.620607 0.782918
-0.616766 0.049729 0.489462 0.981750 -0.102634 0.159978 0.620833 0.793948
-0.641130 0.041709 0.590236 0.993927 -0.070803 0.084140 0.609127 0.792770
-0.635090 -0.048115 0.589218 0.997894 -0.004242 0.064333 0.609271 0.782627
-1.057273 -0.274658 0.008476 0.012818 -0.225745 -0.974090 0.638716 0.842533
-0.999217 -0.280027 0.009147 -0.061586 -0.251015 -0.966002 0.632062 0.842268
-0.998789 -0.311489 0.020940 -0.036012 -0.717399 -0.695669 0.631853 0.838451
-1.051228 -0.306658 0.018888 -0.017945 -0.670705 -0.741478 0.637814 0.838764
-1.255365 -0.268232 0.002742 -0.010865 -0.300668 -0.953642 0.661124 0.842234
-1.214092 -0.270454 0.000458 0.020936 -0.299448 -0.953856 0.656434 0.842313
-1.213835 -0.293721 0.012501 -0.029176 -0.712638 -0.700888 0.656258 0.839366
-1.252932 -0.297087 0.015511 0.007050 -0.762505 -0.646901 0.660661 0.838671
-1.258776 -0.044390 -0.027850 -0.009033 -0.006623 -0.999908 0.662966 0.867837
-1.250885 0.041502 -0.024834 -0.010529 0.041627 -0.999054 0.662642 0.877546
-1.159475 0.041266 -0.023658 0.042604 0.010376 -0.999023 0.652227 0.878030
-1.162730 -0.042043 -0.022131 0.070772 -0.013001 -0.997406 0.652133 0.868630
-0.655478 0.196331 -0.008387 0.188269 0.105228 -0.976440 0.595926 0.898759
-0.615763 0.174828 0.007572 0.721702 0.248451 -0.646046 0.590888 0.896604
-0.610077 0.157859 0.004208 0.701285 0.152165 -0.696432 0.590337 0.894603
-0.648184 0.164762 -0.010284 0.195807 0.090823 -0.976409 0.594984 0.895169
-0.645107 0.041433 -0.008166 0.168584 -0.057527 -0.983978 0.593965 0.881293
-0.605778 0.039759 0.007375 0.669973 -0.051057 -0.740593 0.589224 0.881179
-0.604750 0.001858 0.008526 0.658986 0.002136 -0.752129 0.588931 0.876910
-0.644578 -0.001085 0.002427 0.131657 0.005036 -0.991272 0.593495 0.876382
-0.843890 -0.044114 -0.004325 -0.012635 0.035890 -0.999268 0.615986 0.870210
-0.844592 0.039652 0.006149 -0.002655 -0.041688 -0.999115 0.616566 0.879666
-0.736090 0.041131 -0.003627 -0.023896 -0.028535 -0.999298 0.604254 0.880609
-0.742206 -0.043646 -0.006252 -0.003723 0.007874 -0.999939 0.604375 0.870933
-1.376209 0.271950 0.294900 -0.945830 0.324503 0.008026 0.594667 0.949013
-1.370376 0.269146 0.345668 -0.959044 0.278909 -0.048830 0.594964 0.954786
-1.360304 0.294938 0.345816 -0.712210 0.700461 -0.045259 0.591801 0.954866
-1.351393 0.298763 0.295614 -0.674978 0.736747 0.039552 0.590574 0.949209
-1.370368 0.275550 0.107933 -0.973144 0.229469 -0.016480 0.594009 0.928021
-1.373477 0.274043 0.142596 -0.974059 0.218818 -0.057222 0.594212 0.931942
-1.355108 0.314819 0.146027 -0.685629 0.727744 -0.014649 0.589183 0.932267
-1.349404 0.318948 0.111298 -0.648213 0.760888 -0.028840 0.588546 0.928344
-1.382178 0.033621 0.101493 -0.998535 0.017090 0.050813 0.621784 0.926650
-1.384295 -0.041054 0.105536 -0.990600 0.126194 0.052187 0.630057 0.927016
-1.388834 -0.049434 0.196752 -0.991516 0.129917 0.000763 0.631357 0.937049
-1.374385 0.034319 0.192881 -0.999878 -0.004669 -0.014252 0.621836 0.936846
-1.367028 -0.208331 0.681841 -0.983642 -0.019318 0.179022 0.650424 0.992516
-1.357421 -0.213118 0.717508 -0.674306 -0.085208 0.733512 0.650994 0.996746
-1.361186 -0.189448 0.723246 -0.643300 -0.053865 0.763695 0.648232 0.997294
-1.370866 -0.187809 0.683068 -0.984680 0.013367 0.173772 0.648029 0.992582
-1.365227 -0.046432 0.681677 -0.984497 0.009064 0.175115 0.631867 0.992599
-1.354996 -0.047116 0.717933 -0.686148 0.009980 0.727378 0.631975 0.996871
-1.354418 0.000208 0.718804 -0.691977 0.026887 0.721397 0.626601 0.997033
-1.361512 -0.001475 0.681273 -0.985595 0.048219 0.161962 0.626748 0.992689
-1.375743 0.037105 0.495640 -0.998932 -0.006989 0.045259 0.622048 0.971467
-1.376273 -0.046056 0.495899 -0.997711 0.036134 0.056612 0.631566 0.971329
-1.374413 -0.046245 0.591693 -0.996155 0.022401 0.084384 0.631732 0.982307
-1.373165 0.038622 0.592019 -0.995972 -0.009186 0.089114 0.622037 0.982474
-1.336197 -0.303824 0.306971 -0.188726 -0.981872 0.016419 0.584689 0.799512
-1.332340 -0.300704 0.357820 -0.201086 -0.979339 0.020875 0.584278 0.793735
-1.361120 -0.289479 0.351591 -0.626118 -0.779351 0.023957 0.587804 0.794393
-1.365979 -0.293342 0.300320 -0.635426 -0.771294 0.035829 0.588260 0.800225
-1.337286 -0.307815 0.121677 -0.211371 -0.977355 -0.009033 0.585005 0.820527
-1.339245 -0.311038 0.156389 -0.211646 -0.976806 0.032075 0.585119 0.816653
-1.369298 -0.292218 0.156113 -0.703696 -0.710471 -0.000641 0.589053 0.816615
-1.365233 -0.293552 0.121815 -0.689230 -0.722007 -0.060152 0.588574 0.820533
-1.058166 -0.324062 0.113226 0.028321 -0.997742 0.060579 0.553353 0.821821
-0.953545 -0.306757 0.109520 0.030915 -0.990753 0.132023 0.541471 0.822094
-0.947805 -0.294038 0.200174 0.034211 -0.990905 0.130100 0.540742 0.811858
-1.059341 -0.309235 0.203397 0.075503 -0.991607 0.104801 0.553353 0.811637
-0.744332 -0.297393 0.677562 -0.026368 -0.996918 0.073794 0.517542 0.757282
-0.741186 -0.295473 0.720072 -0.026551 -0.715873 0.697684 0.517172 0.752429
-0.790108 -0.291276 0.717983 -0.026368 -0.707480 0.706229 0.522765 0.752615
-0.783593 -0.295499 0.678843 -0.011567 -0.995849 0.090182 0.522034 0.757108
-0.944187 -0.302816 0.677610 -0.009674 -0.990143 0.139531 0.540335 0.757255
-0.945567 -0.291332 0.715572 -0.008179 -0.718833 0.695120 0.540485 0.752750
-0.997830 -0.290075 0.714309 -0.015015 -0.745720 0.666066 0.546437 0.752868
-0.997781 -0.302218 0.676965 -0.029664 -0.991211 0.128880 0.546388 0.757304
-1.053602 -0.285034 0.509290 -0.033174 -0.996551 -0.075930 0.552678 0.776371
-0.944362 -0.282568 0.501405 -0.009003 -0.998566 -0.052461 0.540275 0.777255
-0.940786 -0.301519 0.590249 -0.005799 -0.994720 -0.102237 0.539947 0.767107
-1.053584 -0.297101 0.590644 -0.037477 -0.994232 -0.100314 0.552646 0.767109
-0.714117 -0.131514 0.723156 0.083529 -0.000397 0.996490 0.683359 0.922530
-0.757478 -0.131550 0.722706 -0.115604 0.002838 0.993286 0.683379 0.927451
-0.758374 -0.175197 0.722605 -0.107395 0.090487 0.990081 0.678407 0.927607
-0.714761 -0.175212 0.723255 0.084384 -0.010559 0.996368 0.678386 0.922615
-0.941585 -0.151551 0.700908 -0.018921 0.221900 0.974853 0.681091 0.948455
-1.002868 -0.156981 0.700646 0.000916 0.269539 0.962981 0.680479 0.955308
-1.005616 -0.200017 0.725280 0.009064 0.115085 0.993286 0.674944 0.955623
-0.943412 -0.206487 0.724324 -0.000763 0.093814 0.995575 0.674349 0.948596
-0.945189 -0.274695 0.720742 0.000336 -0.136326 0.990661 0.666493 0.948684
-0.999837 -0.275964 0.721128 0.002564 -0.194006 0.980987 0.666280 0.954879
-0.997830 -0.290075 0.714309 -0.015015 -0.745720 0.666066 0.664507 0.954627
-0.945567 -0.291332 0.715572 -0.008179 -0.718833 0.695120 0.664515 0.948692
-0.741854 -0.269551 0.722325 -0.012299 -0.060823 0.998047 0.667556 0.925609
-0.781273 -0.270311 0.720465 -0.035585 -0.055757 0.997803 0.667353 0.930099
-0.790108 -0.291276 0.717983 -0.026368 -0.707480 0.706229 0.664931 0.931047
-0.741186 -0.295473 0.720072 -0.026551 -0.715873 0.697684 0.664600 0.925477
-0.744949 0.208517 0.719587 -0.095431 -0.050417 0.994140 0.721895 0.926412
-0.783035 0.208799 0.717483 -0.050386 -0.083651 0.995209 0.721896 0.930792
-0.772399 0.177176 0.709901 -0.129032 -0.117527 0.984619 0.718172 0.929659
-0.734859 0.177201 0.719671 -0.150304 -0.046052 0.987548 0.718315 0.925211
-0.999646 0.212376 0.712077 0.036805 -0.147038 0.988433 0.722111 0.955436
-0.999113 0.135400 0.700122 0.004028 -0.126682 0.991913 0.713238 0.955236
-0.887147 0.134683 0.702705 -0.055177 -0.069826 0.996002 0.713331 0.942578
-0.891473 0.210794 0.713962 -0.025025 -0.110324 0.993561 0.722061 0.943112
-0.945446 0.211566 0.713232 -0.012726 -0.137059 0.990448 0.722094 0.949251
-0.999010 0.044813 0.696012 -0.017762 -0.025056 0.999512 0.703045 0.955065
-1.000198 -0.051160 0.695879 -0.018677 0.017975 0.999634 0.692307 0.955081
-0.877052 -0.047689 0.699674 -0.105350 -0.003052 0.994415 0.692798 0.941284
-0.879746 0.044310 0.700007 -0.099521 0.000824 0.995025 0.703133 0.941658
-0.723918 0.044044 0.721900 0.052705 -0.000092 0.998596 0.703231 0.923673
-0.759675 0.043643 0.723164 -0.075930 0.010895 0.997040 0.703151 0.927706
-0.754568 -0.000637 0.722983 -0.082461 -0.002075 0.996582 0.698167 0.927116
-0.712327 -0.000424 0.722646 0.082095 0.010559 0.996551 0.698213 0.922343
-1.331522 0.208012 0.721815 -0.099216 0.007843 0.995025 0.721237 0.993124
-1.361921 0.204213 0.718738 -0.707511 -0.003784 0.706656 0.720824 0.996613
-1.362019 0.177862 0.713473 -0.784173 -0.089846 0.613971 0.717776 0.996784
-1.333372 0.177347 0.722361 -0.135228 -0.052583 0.989410 0.717728 0.993362
-1.330382 0.044892 0.723484 -0.046785 -0.015229 0.998779 0.702707 0.992971
-1.353706 0.043990 0.717733 -0.731254 0.001984 0.682058 0.702567 0.995688
-1.354418 0.000208 0.718804 -0.691977 0.026887 0.721397 0.697594 0.995690
-1.328151 0.000528 0.721593 -0.008026 -0.004547 0.999939 0.697667 0.992688
-1.215658 -0.000029 0.723603 0.149998 -0.002106 0.988678 0.697721 0.979904
-1.215924 -0.043771 0.723866 0.140324 -0.012635 0.990020 0.692828 0.979879
-1.107891 -0.047409 0.694270 0.119327 -0.001953 0.992828 0.692612 0.967079
-1.107329 0.045561 0.695451 0.119541 -0.023530 0.992523 0.702944 0.967161
-1.215493 0.043595 0.723542 0.135624 -0.000214 0.990753 0.702603 0.979922
-1.107606 0.135429 0.700736 0.101444 -0.129917 0.986297 0.712973 0.967381
-1.214883 0.087270 0.723340 0.116337 -0.008179 0.993164 0.707514 0.979862
-1.214189 0.130941 0.723135 0.095309 -0.058412 0.993713 0.712451 0.979761
-1.250990 0.043768 0.724886 -0.058138 0.009064 0.998260 0.702599 0.983908
-1.294850 0.043895 0.717740 0.003143 -0.011261 0.999908 0.702593 0.988907
-1.293958 0.000304 0.717714 -0.017853 -0.004028 0.999817 0.697673 0.988782
-1.249995 0.000096 0.725271 -0.061678 -0.000366 0.998077 0.697698 0.983757
-1.253144 0.132027 0.723234 -0.033631 -0.020142 0.999207 0.712598 0.984190
-1.295654 0.132397 0.721007 -0.002503 -0.003845 0.999969 0.712611 0.989049
-1.296591 0.089193 0.719253 0.023316 -0.011200 0.999664 0.707700 0.989116
-1.252757 0.087605 0.722729 -0.046999 0.000183 0.998871 0.707547 0.984143
-1.332103 0.132665 0.722516 -0.146672 0.010834 0.989105 0.712621 0.993218
-1.355890 0.134427 0.712266 -0.771722 -0.026276 0.635395 0.712827 0.996162
-1.352578 0.088877 0.716422 -0.739067 -0.005188 0.673574 0.707655 0.995660
-1.330336 0.088657 0.725116 -0.101749 0.006623 0.994781 0.707641 0.992967
-1.252031 0.208464 0.726214 -0.025422 0.009949 0.999603 0.721357 0.984062
-1.292037 0.202176 0.726609 -0.055452 -0.007782 0.998413 0.720609 0.988601
-1.295056 0.176632 0.719676 -0.036836 -0.055452 0.997772 0.717631 0.989008
-1.251932 0.175728 0.726310 -0.024934 -0.058412 0.997955 0.717605 0.984042
-1.249717 0.274477 0.722774 -0.038942 0.087985 0.995331 0.728884 0.983861
-1.290291 0.271558 0.719859 -0.043031 0.083316 0.995575 0.728529 0.988482
-1.291041 0.241950 0.719127 -0.046236 0.060335 0.997101 0.725168 0.988545
-1.248840 0.241165 0.725663 -0.029054 0.064516 0.997467 0.725089 0.983717
-1.327776 0.269432 0.721084 -0.120182 0.103488 0.987335 0.728214 0.992702
-1.355064 0.265347 0.712041 -0.726829 0.196753 0.657979 0.727821 0.995945
-1.362667 0.237288 0.715564 -0.758660 0.103519 0.643178 0.724595 0.996731
-1.329729 0.238702 0.720871 -0.096652 0.069582 0.992859 0.724747 0.992938
-1.053638 0.277188 0.718238 0.007477 0.096225 0.995300 0.729530 0.961585
-1.107169 0.277194 0.718171 0.009125 0.069979 0.997497 0.729497 0.967650
-1.107256 0.243716 0.718319 0.002136 0.071383 0.997436 0.725723 0.967613
-1.053568 0.244069 0.718416 0.029054 0.030549 0.999084 0.725781 0.961563
-1.160930 0.277590 0.719337 0.042207 0.063417 0.997070 0.729441 0.973763
-1.211875 0.277239 0.722701 0.042299 0.079714 0.995911 0.729270 0.979570
-1.212454 0.242982 0.722644 0.055574 0.053621 0.997009 0.725367 0.979563
-1.160943 0.243363 0.718223 0.036348 0.059999 0.997528 0.725550 0.973680
-0.665250 0.044941 0.718873 0.098483 -0.008148 0.995086 0.703401 0.917028
-0.696978 0.044489 0.719530 0.061739 -0.006012 0.998047 0.703310 0.920622
-0.693382 0.000157 0.719461 0.075564 0.009003 0.997070 0.698295 0.920170
-0.663470 0.000513 0.719104 0.126408 -0.004730 0.991943 0.698361 0.916779
-0.668330 0.133415 0.718896 0.109745 -0.003204 0.993927 0.713440 0.917509
-0.704095 0.133112 0.721996 0.021455 0.008606 0.999725 0.713344 0.921593
-0.701998 0.088812 0.721954 0.043947 -0.007141 0.998993 0.708321 0.921270
-0.666739 0.089197 0.719215 0.109195 -0.000580 0.993988 0.708419 0.917262
-0.736888 0.132916 0.720518 -0.146001 0.042390 0.988342 0.713244 0.925326
-0.762900 0.133132 0.710009 -0.173986 0.011658 0.984649 0.713268 0.928542
-0.758689 0.087788 0.723139 -0.108707 0.060121 0.992248 0.708095 0.927653
-0.728862 0.088060 0.722565 -0.022248 0.028871 0.999329 0.708186 0.924300
-0.755601 -0.044263 0.722900 -0.089145 -0.009766 0.995941 0.693241 0.927210
-0.837071 0.208534 0.716942 -0.027009 -0.089511 0.995605 0.721879 0.936936
-0.838180 0.275143 0.717515 -0.002136 0.137547 0.990478 0.729443 0.937108
-0.892156 0.275826 0.717753 0.002289 0.111515 0.993744 0.729466 0.943248
-0.891771 0.243154 0.716741 -0.014344 -0.049471 0.998657 0.725752 0.943174
-0.837741 0.242497 0.718083 -0.018830 -0.022675 0.999542 0.725730 0.937033
-0.946124 0.276505 0.717968 0.007263 0.108493 0.994049 0.729499 0.949381
-1.000098 0.277188 0.718243 0.008850 0.114200 0.993408 0.729547 0.955512
-0.999869 0.244403 0.718160 0.029786 -0.048036 0.998383 0.725825 0.955475
-0.945834 0.243780 0.716762 0.002350 -0.075045 0.997162 0.725776 0.949325
-0.668787 0.207492 0.722783 0.054018 -0.003632 0.998505 0.721895 0.917704
-0.706723 0.208998 0.723472 -0.021729 0.003235 0.999756 0.722002 0.922020
-0.707576 0.177430 0.722024 -0.011567 -0.026978 0.999542 0.718395 0.922073
-0.669671 0.177717 0.719336 0.078341 -0.059114 0.995148 0.718483 0.917736
-0.666135 0.266734 0.719424 0.057466 0.062471 0.996368 0.728659 0.917493
-0.705425 0.269377 0.721672 -0.003845 0.065310 0.997833 0.728878 0.921969
-0.706143 0.238735 0.721857 -0.010590 0.030854 0.999451 0.725396 0.922005
-0.667496 0.237293 0.718962 0.047700 0.043184 0.997925 0.725309 0.917593
-0.744990 0.271930 0.718935 -0.048647 0.095950 0.994171 0.729142 0.926477
-0.784237 0.274448 0.718512 -0.020325 0.138859 0.990081 0.729401 0.930956
-0.783696 0.241857 0.718560 -0.016633 -0.007660 0.999817 0.725682 0.930874
-0.744933 0.240290 0.719008 -0.050539 0.008484 0.998657 0.725529 0.926445
-0.666010 -0.268424 0.722481 0.066836 -0.104373 0.992279 0.667818 0.917002
-0.704329 -0.269060 0.721092 0.023865 -0.083712 0.996185 0.667665 0.921330
-0.708348 -0.293542 0.719274 0.015961 -0.692892 0.720817 0.664872 0.921755
-0.667732 -0.292695 0.715530 0.062349 -0.711417 0.699942 0.664970 0.917139
-0.662147 -0.205976 0.719882 0.082156 0.027985 0.996216 0.674881 0.916566
-0.697019 -0.206946 0.719679 0.041322 0.017151 0.998993 0.674766 0.920551
-0.700890 -0.237773 0.721342 0.021668 0.016572 0.999603 0.671240 0.920981
-0.664247 -0.237167 0.722885 0.073092 0.034547 0.996704 0.671329 0.916820
-0.731469 -0.209166 0.722751 0.043062 0.005524 0.999054 0.674486 0.924514
-0.765861 -0.207835 0.724445 -0.047090 0.074618 0.996094 0.674615 0.928525
-0.772850 -0.238475 0.720432 -0.025544 -0.064821 0.997559 0.671008 0.929240
-0.738510 -0.238148 0.724725 0.004852 -0.016114 0.999847 0.671154 0.925291
-0.835857 -0.271790 0.720639 -0.004669 -0.071139 0.997436 0.667028 0.936284
-0.890538 -0.273277 0.720662 -0.002045 -0.092380 0.995697 0.666760 0.942478
-0.893593 -0.291990 0.716395 0.009278 -0.709098 0.705008 0.664575 0.942787
-0.841305 -0.291898 0.716735 0.015717 -0.716025 0.697867 0.664695 0.936853
-0.825214 -0.211246 0.727211 -0.026307 0.124729 0.991821 0.673922 0.935221
-0.884868 -0.218845 0.722805 -0.011261 0.010559 0.999878 0.672999 0.941916
-0.887402 -0.245470 0.719324 -0.017609 -0.027558 0.999451 0.669930 0.942174
-0.830394 -0.242148 0.719595 -0.003113 -0.080081 0.996765 0.670378 0.935736
-0.943704 -0.226424 0.717528 -0.004669 -0.074984 0.997162 0.671969 0.948597
-1.003089 -0.229788 0.718410 0.004578 -0.070681 0.997467 0.671512 0.955303
-1.001592 -0.252116 0.720750 0.009461 0.067446 0.997650 0.668975 0.955107
-0.944616 -0.248870 0.719446 -0.003021 0.039430 0.999207 0.669425 0.948661
-0.818390 -0.138877 0.703622 -0.144719 0.050111 0.988189 0.682654 0.934622
-0.879284 -0.143410 0.702129 -0.037385 0.140110 0.989410 0.682028 0.941441
-0.882337 -0.194851 0.719793 0.009308 0.263649 0.964538 0.675817 0.941667
-0.819288 -0.189822 0.707924 -0.087283 0.277779 0.956633 0.677064 0.934671
-0.756585 -0.087899 0.722817 -0.088961 -0.014985 0.995911 0.688316 0.927321
-0.661105 -0.130893 0.722056 0.134312 0.024964 0.990600 0.683415 0.916479
-0.693437 -0.130910 0.719292 0.066683 0.005371 0.997742 0.683423 0.920143
-0.693639 -0.175293 0.719441 0.052705 -0.015351 0.998474 0.678376 0.920168
-0.659900 -0.174177 0.720875 0.108798 -0.006714 0.994018 0.678511 0.916322
-0.662507 -0.043231 0.719416 0.151708 -0.001648 0.988403 0.693397 0.916644
-0.693358 -0.043597 0.719548 0.089175 -0.000244 0.996002 0.693337 0.920140
-0.693017 -0.087423 0.719672 0.082400 0.006684 0.996551 0.688361 0.920089
-0.662454 -0.087282 0.718401 0.147832 0.019776 0.988800 0.688378 0.916601
-0.712964 -0.044121 0.722771 0.082553 0.001495 0.996582 0.693269 0.922392
-0.713543 -0.087812 0.722963 0.081393 0.000305 0.996673 0.688318 0.922450
-0.949708 -0.282433 0.416773 -0.013092 -0.999298 0.034272 0.540776 0.786524
-1.051451 -0.290591 0.417985 0.009156 -0.997925 0.063631 0.552422 0.786688
-1.053331 -0.298902 0.677250 -0.032991 -0.993103 0.112217 0.552661 0.757279
-0.837498 -0.297732 0.678274 0.019501 -0.994263 0.104923 0.528197 0.757172
-0.841305 -0.291898 0.716735 0.015717 -0.716025 0.697867 0.528599 0.752730
-0.893593 -0.291990 0.716395 0.009278 -0.709098 0.705008 0.534560 0.752710
-0.890639 -0.301248 0.677711 0.017731 -0.992157 0.123722 0.534258 0.757237
-0.735796 -0.303312 0.590002 -0.059328 -0.998138 0.011811 0.516594 0.767325
-0.828916 -0.302728 0.606589 -0.023530 -0.998993 -0.037904 0.527205 0.765344
-0.666123 -0.302490 0.676732 0.070498 -0.991638 0.107974 0.508602 0.757458
-0.667732 -0.292695 0.715530 0.062349 -0.711417 0.699942 0.508804 0.752910
-0.708348 -0.293542 0.719274 0.015961 -0.692892 0.720817 0.513427 0.752513
-0.704680 -0.299391 0.677950 -0.025178 -0.994903 0.097507 0.513005 0.757269
-0.949984 -0.316155 0.043029 -0.002045 -0.994415 -0.105472 0.541174 0.829859
-1.055689 -0.318503 0.043265 -0.028443 -0.977020 -0.211158 0.553117 0.829714
-1.003231 -0.322251 0.043620 0.036805 -0.986633 -0.158666 0.547239 0.829647
-0.936784 -0.277430 0.310005 -0.018555 -0.999359 0.030183 0.539570 0.799688
-1.058074 -0.299585 0.322359 0.065157 -0.993011 0.098331 0.553018 0.798057
-0.728740 -0.315357 0.200331 -0.051302 -0.997314 0.051820 0.515818 0.812006
-0.731332 -0.312906 0.297773 -0.015900 -0.999725 0.016327 0.516075 0.800836
-0.828192 -0.298373 0.303685 -0.140049 -0.990112 -0.003632 0.527296 0.800165
-0.837253 -0.299762 0.196959 -0.095523 -0.990814 0.095676 0.528306 0.812248
-1.337616 -0.306987 0.049345 -0.215918 -0.969481 -0.116031 0.585068 0.828669
-1.337177 -0.306105 0.084785 -0.213813 -0.976836 0.006989 0.585059 0.824715
-1.362724 -0.294037 0.085934 -0.689627 -0.723075 -0.038820 0.588260 0.824606
-1.363766 -0.292637 0.050056 -0.723106 -0.683828 -0.097324 0.588407 0.828660
-1.328440 -0.302637 0.206712 -0.132908 -0.990600 0.031770 0.583979 0.810940
-1.333947 -0.301680 0.256525 -0.155522 -0.987579 -0.021332 0.584548 0.805232
-1.370456 -0.289910 0.252944 -0.673727 -0.738945 0.004944 0.588914 0.805586
-1.372859 -0.290907 0.203867 -0.698447 -0.714377 0.042604 0.589247 0.811166
-1.154122 -0.312660 0.209799 -0.041597 -0.997711 0.052950 0.564036 0.810829
-1.156298 -0.301448 0.318330 0.019562 -0.994293 0.104831 0.564171 0.798447
-1.251904 -0.304779 0.316592 0.015107 -0.999054 0.040040 0.575117 0.798489
-1.245496 -0.301145 0.209793 -0.025330 -0.999573 0.012513 0.574493 0.810669
-0.825544 -0.308147 0.382244 -0.126682 -0.991699 0.021058 0.527009 0.791062
-0.826592 -0.281608 0.500083 -0.062471 -0.998016 -0.006195 0.527233 0.777514
-1.387614 -0.041948 0.397967 -0.998474 0.022095 0.050325 0.630911 0.960081
-1.381993 0.044941 0.394062 -0.998810 0.033235 0.035676 0.620814 0.959811
-1.357955 0.043940 0.680213 -0.988098 0.004395 0.153691 0.621552 0.992694
-1.366856 -0.138428 0.683185 -0.983337 0.054231 0.173376 0.642402 0.992718
-1.356939 -0.142334 0.719077 -0.645863 0.075716 0.759667 0.642829 0.996958
-1.355735 -0.094999 0.718204 -0.679769 0.013794 0.733268 0.637422 0.996858
-1.361653 -0.093741 0.683917 -0.984710 -0.005097 0.173986 0.637273 0.992881
-1.378811 -0.201844 0.589558 -0.996460 0.011414 0.083254 0.649556 0.981810
-1.361662 -0.134530 0.641196 -0.993805 0.024873 0.108158 0.641830 0.987967
-1.375367 -0.130225 0.594292 -0.995209 0.031678 0.092288 0.641323 0.982442
-1.373797 -0.260160 0.673363 -0.996399 -0.010315 0.083926 0.656389 0.991388
-1.367792 -0.261419 0.708616 -0.798700 -0.049654 0.599628 0.656582 0.995449
-1.358126 -0.236613 0.717214 -0.675741 0.041963 0.735923 0.653659 0.996690
-1.372234 -0.237582 0.673914 -0.984619 0.057131 0.164983 0.653810 0.991502
-1.398626 -0.043873 0.024468 -0.993835 0.085452 -0.070498 0.630602 0.917897
-1.390501 0.040621 0.025273 -0.997070 0.065096 -0.039460 0.620908 0.918080
-1.392843 -0.002655 0.023777 -0.996277 0.073916 -0.044099 0.625831 0.917836
-1.385288 -0.049082 0.294292 -0.998321 0.053896 0.020569 0.631470 0.948116
-1.391205 0.036117 0.291401 -0.999542 0.029817 0.001251 0.621609 0.948024
-1.374451 -0.190568 0.203083 -0.989410 -0.129948 0.064486 0.648108 0.937813
-1.378413 -0.191863 0.303311 -0.995849 -0.090701 -0.005066 0.648272 0.948810
-1.391186 -0.127984 0.299077 -0.997040 -0.067598 0.036012 0.640585 0.948517
-1.404610 -0.121505 0.201947 -0.997681 -0.040468 0.054445 0.639741 0.937514
-1.367646 0.280005 0.039383 -0.959471 0.269082 -0.083499 0.593465 0.920320
-1.368790 0.277691 0.073557 -0.964690 0.257424 0.055544 0.593673 0.924149
-1.350104 0.314785 0.077229 -0.706626 0.707022 -0.027711 0.589025 0.924522
-1.351594 0.311510 0.041808 -0.734642 0.677114 -0.042299 0.589484 0.920530
-1.375788 0.275552 0.193229 -0.963073 0.269112 -0.001740 0.594113 0.937600
-1.375308 0.273136 0.244050 -0.947966 0.317484 0.023255 0.594416 0.943307
-1.350305 0.307820 0.244322 -0.645039 0.757622 0.099307 0.589583 0.943411
-1.348339 0.319286 0.192749 -0.603076 0.795984 0.051759 0.588324 0.937558
-1.396568 0.108127 0.187785 -0.999512 0.023560 -0.019318 0.613340 0.936417
-1.374718 0.119058 0.292980 -0.998505 0.047182 0.027436 0.612064 0.948376
-1.377155 0.207046 0.293533 -0.999176 0.039155 0.009278 0.602140 0.948712
-1.375149 0.209955 0.189427 -0.997559 0.060518 -0.034059 0.601569 0.937023
-0.947145 0.040400 -0.008644 0.068331 -0.050722 -0.996368 0.628205 0.879201
-0.945560 -0.046924 0.003440 0.041292 0.003937 -0.999115 0.627475 0.869188
-0.647112 -0.042475 -0.005236 0.119053 -0.001343 -0.992859 0.593640 0.871601
-0.647059 0.123319 -0.007070 0.155766 0.007233 -0.987762 0.594551 0.890484
-0.607403 0.123358 0.003764 0.691092 0.036164 -0.721824 0.589876 0.890695
-0.608084 0.081992 0.005096 0.677328 0.005310 -0.735618 0.589672 0.885972
-0.645396 0.082266 -0.011589 0.179815 -0.025178 -0.983367 0.594267 0.885849
-0.742026 0.199216 -0.002006 -0.023621 0.125767 -0.991760 0.605885 0.898678
-0.741034 0.127461 -0.012392 -0.022675 -0.003906 -0.999725 0.605320 0.890412
-0.659584 0.255883 -0.000273 0.007233 0.220801 -0.975280 0.596789 0.905592
-0.621751 0.254017 0.003113 0.744224 0.178503 -0.643605 0.592452 0.905686
-0.626503 0.226652 0.008902 0.773980 0.064669 -0.629871 0.592291 0.902438
-0.655721 0.227895 -0.009747 0.159459 0.102145 -0.981872 0.596165 0.902311
-1.350615 0.043979 -0.021760 -0.271004 0.070711 -0.959960 0.673823 0.877131
-1.353542 -0.044072 -0.022074 -0.245277 -0.004822 -0.969420 0.673623 0.867258
-1.352110 -0.001143 -0.022976 -0.254524 0.031129 -0.966552 0.673715 0.872079
-1.053363 0.042108 -0.016354 0.078555 -0.028413 -0.996490 0.640247 0.878757
-1.054556 -0.046655 -0.011033 0.095370 -0.027528 -0.995056 0.639820 0.868683
-1.154295 0.199595 -0.008796 0.008057 0.131901 -0.991211 0.652654 0.896140
-1.052777 0.203761 -0.012543 0.022217 0.134404 -0.990661 0.641194 0.897076
-1.052043 0.130706 -0.015527 0.049654 0.041261 -0.997894 0.640633 0.888799
-1.154940 0.131362 -0.020560 0.012879 0.078310 -0.996826 0.652257 0.888181
-1.339774 -0.266087 0.007281 -0.247841 -0.249001 -0.936216 0.670664 0.841889
-1.297583 -0.269488 -0.001722 -0.066713 -0.294015 -0.953459 0.665868 0.842014
-1.295598 -0.296869 0.015973 -0.005219 -0.752190 -0.658895 0.665460 0.838404
-1.333207 -0.298191 0.014650 -0.223823 -0.712912 -0.664541 0.669728 0.838207
-1.161728 -0.272151 0.003408 0.022279 -0.276528 -0.960723 0.650494 0.842325
-1.106477 -0.266615 0.000619 0.028932 -0.217444 -0.975616 0.644339 0.843259
-1.105948 -0.302650 0.014370 -0.016968 -0.681783 -0.731315 0.644017 0.838963
-1.158801 -0.299130 0.016515 -0.036714 -0.715842 -0.697287 0.650001 0.838944
-1.162226 -0.131010 -0.023821 0.080264 -0.106174 -0.991089 0.651782 0.858540
-1.051383 -0.127042 -0.006859 0.060732 -0.048280 -0.996979 0.638962 0.859552
-1.055596 -0.201693 0.000359 0.007599 -0.114536 -0.993378 0.638943 0.850881
-1.160696 -0.205093 -0.002737 0.063051 -0.153508 -0.986114 0.650718 0.849949
-0.602963 0.044892 0.396568 0.993194 -0.059358 0.099887 0.631543 0.793502
-0.605820 -0.037337 0.394275 0.991974 -0.036683 0.120945 0.631782 0.784115
-0.636098 -0.043741 0.678438 0.995392 -0.010834 0.095248 0.599158 0.783112
-0.633269 0.133246 0.680127 0.981658 -0.062685 0.179907 0.598983 0.803255
-0.642999 0.134013 0.715015 0.662221 -0.016266 0.749107 0.594846 0.803324
-0.643662 0.089724 0.715221 0.666890 -0.003449 0.745140 0.594815 0.798277
-0.633341 0.088574 0.678058 0.987518 -0.061495 0.144810 0.599207 0.798155
-0.612900 0.201549 0.588738 0.992248 0.027589 0.121128 0.609673 0.811158
-0.622717 0.137888 0.582655 0.983551 -0.112766 0.140996 0.610209 0.803825
-0.624422 0.264492 0.678370 0.986908 0.073702 0.143376 0.599272 0.818324
-0.636072 0.264760 0.718766 0.604785 0.040498 0.795343 0.594494 0.818319
-0.637053 0.236063 0.717967 0.642140 -0.006409 0.766533 0.594586 0.815029
-0.626458 0.237592 0.676401 0.985473 -0.000183 0.169774 0.599487 0.815258
-0.590880 0.039966 0.035858 0.979186 0.004700 -0.202887 0.672194 0.793139
-0.591288 -0.042503 0.037269 0.980499 -0.011750 -0.196142 0.672079 0.783759
-0.594323 -0.000823 0.037269 0.983398 0.018159 -0.180364 0.672117 0.788515
-0.595897 0.043531 0.298575 0.999298 -0.026124 0.026490 0.642704 0.793270
-0.601643 -0.047498 0.300349 0.998810 -0.026887 0.040284 0.642507 0.782975
-0.604232 0.193943 0.201565 0.990844 0.134465 -0.011139 0.653600 0.810702
-0.606037 0.203077 0.298516 0.994842 0.100101 0.014679 0.642641 0.811690
-0.597044 0.130518 0.298228 0.998779 0.044130 0.022095 0.642728 0.803331
-0.592366 0.126880 0.201732 0.998840 0.047609 0.007080 0.653581 0.802961
-0.630703 -0.279264 0.051505 0.955412 -0.125370 -0.267220 0.671160 0.756735
-0.626521 -0.290385 0.083057 0.987671 0.019288 -0.155217 0.667487 0.755472
-0.619582 -0.319040 0.082161 0.775536 -0.600574 -0.194464 0.667471 0.752113
-0.630128 -0.314143 0.052889 0.727073 -0.620655 -0.293435 0.670947 0.752771
-0.623476 -0.273181 0.197307 0.996918 -0.069033 0.036683 0.654155 0.757306
-0.624839 -0.273413 0.241133 0.999481 -0.002411 0.031648 0.649246 0.757159
-0.616241 -0.301994 0.241400 0.861568 -0.504501 0.056001 0.649312 0.753798
-0.616575 -0.310881 0.193053 0.777795 -0.613910 0.134556 0.654781 0.753012
-0.600008 -0.134835 0.202643 0.997711 -0.042543 0.052126 0.653648 0.773271
-0.601828 -0.129762 0.292895 0.995117 -0.068911 0.070223 0.643468 0.773622
-0.617984 -0.213869 0.301599 0.988739 -0.136692 0.060427 0.642231 0.763654
-0.597713 -0.212035 0.199218 0.985321 -0.164434 0.045228 0.654108 0.764693
-1.051896 0.304666 0.402675 0.028291 0.998962 -0.035493 0.538508 0.887649
-0.950587 0.303121 0.404653 0.036622 0.998718 -0.034883 0.538324 0.876109
-0.947243 0.318624 0.675935 0.023072 0.978484 0.204993 0.507688 0.875712
-1.158863 0.315951 0.682660 -0.038026 0.980987 0.190222 0.506811 0.899471
-1.160710 0.301011 0.715556 0.006134 0.620624 0.784051 0.502765 0.899788
-1.107510 0.298989 0.715735 0.010651 0.556627 0.830653 0.502521 0.893792
-1.105479 0.321270 0.680179 -0.012696 0.973205 0.229469 0.507207 0.893515
-1.251233 0.311906 0.590845 -0.013825 0.999664 0.020631 0.517066 0.910112
-1.153107 0.313020 0.593864 -0.022370 0.999329 -0.028626 0.516844 0.898986
-1.328207 0.307683 0.674352 -0.266518 0.951353 0.154515 0.507622 0.918614
-1.326974 0.293630 0.715077 -0.224708 0.659871 0.716941 0.502824 0.918633
-1.288343 0.296530 0.717040 -0.053499 0.670125 0.740287 0.502632 0.914258
-1.288761 0.306727 0.677504 -0.024537 0.988769 0.147404 0.507224 0.914262
-1.058308 0.305275 0.041251 0.038484 0.993042 -0.111240 0.579500 0.888367
-0.947589 0.299125 0.044126 0.077548 0.991241 -0.106723 0.579165 0.875830
-1.000938 0.302798 0.044028 0.039735 0.994568 -0.095950 0.579170 0.881870
-1.050789 0.294673 0.302946 0.049318 0.998505 -0.023316 0.550117 0.887539
-0.949551 0.301122 0.306307 0.007202 0.999695 -0.022889 0.549538 0.876002
-1.263038 0.322145 0.194232 0.022584 0.999207 0.032655 0.562239 0.911819
-1.258995 0.317392 0.294232 -0.005829 0.999084 0.041810 0.550827 0.911356
-1.169805 0.316097 0.295193 0.099643 0.994934 0.012513 0.550778 0.901182
-1.170575 0.317542 0.194946 0.118015 0.992920 0.012299 0.562146 0.901320
-0.663476 0.287480 0.037640 0.078799 0.985107 -0.152654 0.579903 0.843760
-0.664979 0.289936 0.076235 0.124760 0.990905 -0.050111 0.575588 0.843883
-0.630322 0.282172 0.075560 0.668508 0.741539 -0.056307 0.575782 0.839885
-0.631352 0.279841 0.032551 0.615284 0.783868 -0.083285 0.580630 0.840104
-0.664347 0.290825 0.200260 0.060244 0.998047 -0.015595 0.561602 0.843724
-0.656086 0.291827 0.253339 0.111911 0.993530 -0.018586 0.555561 0.842703
-0.622744 0.290396 0.251089 0.492477 0.870296 0.001282 0.555907 0.838915
-0.626565 0.290157 0.201410 0.536363 0.842769 -0.044954 0.561520 0.839437
-0.842970 0.295450 0.205407 0.019807 0.999695 -0.014039 0.560939 0.863963
-0.841325 0.294314 0.309196 0.009033 0.999908 -0.007416 0.549252 0.863780
-0.740714 0.299205 0.308368 0.009247 0.999939 -0.004151 0.549304 0.852402
-0.736972 0.298313 0.206593 0.007324 0.999298 -0.036653 0.560788 0.851964
-0.660953 0.292321 0.399813 0.137303 0.990326 -0.019684 0.538974 0.843315
-0.660962 0.298458 0.446436 0.119816 0.992553 -0.021149 0.533653 0.843386
-0.619526 0.289900 0.442577 0.655538 0.753807 -0.044801 0.534109 0.838626
-0.623540 0.283001 0.399491 0.663045 0.743431 -0.087405 0.539043 0.838937
-0.660754 0.294543 0.587632 0.195105 0.980682 0.013550 0.517678 0.843301
-0.662695 0.293644 0.632621 0.172857 0.984893 -0.006226 0.512581 0.843510
-0.629930 0.285354 0.633998 0.704886 0.709128 -0.014771 0.512409 0.839690
-0.628388 0.281643 0.584858 0.778222 0.627461 0.025117 0.517969 0.839353
-0.746606 0.299567 0.675862 0.068880 0.996490 0.047487 0.507669 0.853047
-0.746083 0.296498 0.715435 -0.010102 0.733909 0.679128 0.503172 0.852936
-0.704401 0.294137 0.717973 0.039552 0.712394 0.700644 0.502910 0.848212
-0.704951 0.299152 0.676588 0.070742 0.996307 0.048128 0.507618 0.848332
-0.845120 0.308006 0.594836 0.056063 0.996399 -0.063204 0.516852 0.864229
-0.748790 0.301042 0.589058 0.069338 0.997345 -0.020783 0.517514 0.853319
-0.946577 0.299097 0.712444 0.010865 0.614521 0.788812 0.503008 0.875566
-0.892682 0.298431 0.712208 0.019684 0.620624 0.783837 0.503115 0.869464
-0.893865 0.317959 0.675197 0.034486 0.980529 0.193152 0.507816 0.869731
-0.617320 -0.256502 0.392941 0.988525 -0.150792 -0.004730 0.631876 0.758863
-0.622202 -0.270658 0.442742 0.977111 -0.211768 -0.018952 0.626215 0.757224
-0.628354 -0.295419 0.444794 0.764550 -0.643941 -0.027711 0.625953 0.754320
-0.631240 -0.285491 0.390037 0.797540 -0.603168 -0.007447 0.632209 0.755251
-0.632978 -0.272387 0.585649 0.970122 -0.222846 0.095798 0.610002 0.757054
-0.638292 -0.261406 0.628267 0.985137 -0.164068 0.050600 0.605099 0.758213
-0.643085 -0.294407 0.638076 0.757256 -0.652974 -0.011353 0.603927 0.754439
-0.643218 -0.297718 0.587554 0.727103 -0.682333 0.075716 0.609652 0.753965
-0.635433 -0.206090 0.676817 0.995025 0.036683 0.092288 0.599550 0.764655
-0.640741 -0.205088 0.716052 0.738304 0.045808 0.672872 0.595050 0.764750
-0.639654 -0.237068 0.718055 0.718650 0.035035 0.694479 0.594851 0.761123
-0.633311 -0.239969 0.674777 0.993133 -0.052004 0.104678 0.599824 0.760791
-0.639984 -0.139102 0.587634 0.993011 0.068880 0.095584 0.609647 0.772492
-0.622543 -0.213793 0.580574 0.993866 -0.009400 0.109989 0.610685 0.763835
-0.643110 -0.043092 0.712622 0.744346 -0.007447 0.667745 0.595191 0.783153
-0.643799 -0.086479 0.714262 0.746361 0.011597 0.665395 0.595042 0.778217
-0.637196 -0.085678 0.677465 0.996368 -0.027436 0.080233 0.599282 0.778351
-0.946910 -0.281180 0.003619 -0.037141 -0.261086 -0.964568 0.626108 0.842551
-0.895136 -0.279182 0.003239 0.015351 -0.283425 -0.958861 0.620306 0.843065
-0.895946 -0.310129 0.016321 0.022187 -0.696249 -0.717429 0.620192 0.839263
-0.947458 -0.312096 0.015297 -0.037782 -0.716086 -0.696982 0.626021 0.838827
-0.749303 -0.282563 0.006055 0.032228 -0.242988 -0.969481 0.603635 0.843736
-0.709638 -0.281321 0.003826 0.043886 -0.229438 -0.972320 0.599204 0.844260
-0.710848 -0.309800 0.017330 -0.012543 -0.732475 -0.680654 0.599045 0.840726
-0.749552 -0.304507 0.016828 0.009278 -0.710562 -0.703543 0.603468 0.840967
-0.661214 -0.206733 0.003222 0.210028 -0.101016 -0.972442 0.594219 0.852928
-0.630417 -0.199831 0.014791 0.600574 -0.182073 -0.778527 0.590522 0.853799
-0.632451 -0.240096 0.021655 0.687338 -0.195685 -0.699454 0.590352 0.849164
-0.666479 -0.244295 0.006126 0.236579 -0.116062 -0.964629 0.594573 0.848662
-0.742447 -0.128925 -0.003775 0.028474 -0.026124 -0.999237 0.603924 0.861242
-0.745584 -0.207063 -0.000548 0.049440 -0.064943 -0.996643 0.603777 0.852359
-0.604567 -0.043813 0.003177 0.623280 0.005768 -0.781945 0.588749 0.871723
-0.611260 -0.083409 0.008177 0.593188 -0.112217 -0.797174 0.589137 0.867157
-0.650899 -0.084574 -0.005167 0.145451 -0.073153 -0.986633 0.593847 0.866850
-1.378878 0.270358 0.393845 -0.981262 0.183294 -0.058931 0.595142 0.960345
-1.379738 0.269409 0.442112 -0.993378 0.114689 0.002869 0.595357 0.965763
-1.371968 0.304006 0.440859 -0.707633 0.704886 -0.048524 0.591346 0.965728
-1.368428 0.294912 0.395762 -0.732841 0.671590 -0.108982 0.592146 0.960568
-1.368509 0.269529 0.582855 -0.991729 0.103702 0.075564 0.595581 0.981851
-1.362695 0.271202 0.627470 -0.973357 0.205512 0.101474 0.595383 0.987022
-1.358052 0.293863 0.626121 -0.770775 0.628681 0.103030 0.592734 0.986905
-1.365889 0.295287 0.580493 -0.810877 0.580004 0.077700 0.592619 0.981618
-1.368722 0.205075 0.676830 -0.995666 0.024903 0.089297 0.603186 0.992482
-1.361921 0.204213 0.718738 -0.707511 -0.003784 0.706656 0.603374 0.997287
-1.362667 0.237288 0.715564 -0.758660 0.103519 0.643178 0.599624 0.996986
-1.360169 0.237445 0.676809 -0.992309 0.092044 0.082522 0.599424 0.992630
-1.375661 0.124429 0.589020 -0.995453 -0.019654 0.093020 0.612251 0.982236
-1.374423 0.201689 0.589606 -0.995331 0.053346 0.080111 0.603431 0.982483
-1.353706 0.043990 0.717733 -0.731254 0.001984 0.682058 0.621621 0.996998
-1.352578 0.088877 0.716422 -0.739067 -0.005188 0.673574 0.616504 0.997002
-1.362174 0.087250 0.681064 -0.982269 -0.040712 0.182897 0.616607 0.992844
-1.339585 -0.299872 0.401672 -0.174963 -0.984558 0.005249 0.585048 0.788764
-1.337743 -0.294812 0.450344 -0.127018 -0.991882 0.003357 0.584923 0.783231
-1.375239 -0.290827 0.446429 -0.645009 -0.762963 -0.042604 0.589193 0.783650
-1.366152 -0.290491 0.406208 -0.600330 -0.797754 -0.056093 0.588216 0.788201
-1.342987 -0.291321 0.584622 -0.173315 -0.983520 0.051424 0.585511 0.767979
-1.343748 -0.289145 0.628433 -0.193365 -0.980346 0.039033 0.585618 0.763021
-1.364907 -0.281674 0.625651 -0.715598 -0.697806 0.030427 0.588164 0.763310
-1.369922 -0.280767 0.581510 -0.736351 -0.670797 0.088260 0.588785 0.768304
-1.259914 -0.289523 0.675922 -0.037111 -0.997955 0.051943 0.576135 0.757589
-1.258903 -0.287197 0.716558 -0.056185 -0.768456 0.637410 0.576054 0.752979
-1.299482 -0.286302 0.716898 -0.015259 -0.766137 0.642476 0.580646 0.752965
-1.301043 -0.290529 0.672327 -0.026368 -0.998230 0.052828 0.580792 0.758034
-1.168166 -0.295020 0.600496 -0.001770 -0.998474 -0.054964 0.565629 0.766082
-1.267169 -0.293946 0.589657 0.003296 -0.999878 0.013245 0.576906 0.767410
-1.053246 -0.291104 0.713868 -0.010468 -0.780084 0.625568 0.552717 0.753036
-1.108144 -0.288207 0.716610 -0.016022 -0.774224 0.632679 0.558950 0.752761
-1.108960 -0.296926 0.677401 -0.037233 -0.994690 0.095706 0.558968 0.757315
-1.054522 -0.274282 0.721370 0.012909 -0.194739 0.980743 0.666400 0.961080
-1.108705 -0.272846 0.724036 0.005310 -0.153203 0.988159 0.666594 0.967206
-1.108144 -0.288207 0.716610 -0.016022 -0.774224 0.632679 0.664666 0.967141
-1.053246 -0.291104 0.713868 -0.010468 -0.780084 0.625568 0.664312 0.960911
-1.056401 -0.226477 0.717221 -0.020173 -0.069735 0.997345 0.671840 0.961309
-1.110203 -0.220037 0.716021 0.006531 -0.093326 0.995605 0.672594 0.967340
-1.109110 -0.245637 0.720010 0.011597 0.101657 0.994720 0.669685 0.967239
-1.055217 -0.249345 0.721336 0.005066 0.098605 0.995086 0.669227 0.961168
-1.163236 -0.215429 0.722182 0.046602 -0.076449 0.995972 0.673231 0.973361
-1.216633 -0.206417 0.724416 -0.006073 -0.038057 0.999237 0.674281 0.979499
-1.217027 -0.238001 0.724495 0.002075 0.003571 0.999969 0.670642 0.979537
-1.163354 -0.241297 0.719512 0.044130 0.039125 0.998230 0.670238 0.973374
-1.257978 -0.267260 0.722259 -0.038057 -0.136814 0.989837 0.667257 0.984205
-1.298416 -0.264599 0.720992 0.003449 -0.138157 0.990387 0.667527 0.988840
-1.299482 -0.286302 0.716898 -0.015259 -0.766137 0.642476 0.664984 0.988964
-1.258903 -0.287197 0.716558 -0.056185 -0.768456 0.637410 0.664885 0.984317
-1.248888 -0.207902 0.722436 -0.039979 -0.027863 0.998810 0.674079 0.983229
-1.297800 -0.209718 0.719359 0.009919 -0.029542 0.999512 0.673785 0.988822
-1.297097 -0.237250 0.722849 0.008515 0.022126 0.999695 0.670636 0.988715
-1.256672 -0.238317 0.722089 -0.037446 0.011536 0.999207 0.670574 0.984091
-1.335898 -0.210858 0.722912 -0.061525 -0.057375 0.996429 0.673591 0.993184
-1.357421 -0.213118 0.717508 -0.674306 -0.085208 0.733512 0.673237 0.995719
-1.358126 -0.236613 0.717214 -0.675741 0.041963 0.735923 0.670548 0.995716
-1.336963 -0.236532 0.722037 -0.137089 0.005463 0.990539 0.670648 0.993228
-1.249805 -0.133658 0.724453 -0.048555 0.017487 0.998657 0.682617 0.983479
-1.296072 -0.136695 0.718845 -0.020295 0.033113 0.999237 0.682178 0.988780
-1.294268 -0.185081 0.723390 -0.009552 -0.026612 0.999573 0.676637 0.988463
-1.247937 -0.178129 0.724805 -0.031922 -0.019898 0.999268 0.677519 0.983151
-1.249659 -0.044484 0.724836 -0.064119 -0.002869 0.997925 0.692692 0.983663
-1.295076 -0.045338 0.717497 -0.010346 -0.000519 0.999939 0.692519 0.988842
-1.295279 -0.091205 0.717779 -0.012909 0.000488 0.999908 0.687340 0.988779
-1.248786 -0.088851 0.724523 -0.061159 0.002503 0.998108 0.687699 0.983479
-1.329554 -0.046629 0.722686 -0.012818 0.004242 0.999908 0.692311 0.992777
-1.354996 -0.047116 0.717933 -0.686148 0.009980 0.727378 0.692214 0.995711
-1.355735 -0.094999 0.718204 -0.679769 0.013794 0.733268 0.686782 0.995693
-1.331498 -0.091882 0.722603 -0.020783 -0.002564 0.999756 0.687190 0.992911
-1.056835 -0.149332 0.699281 0.008545 0.257210 0.966308 0.681317 0.961324
-1.109955 -0.144054 0.699576 0.070742 0.225196 0.971709 0.681851 0.967232
-1.110289 -0.195395 0.723549 0.012268 0.101779 0.994720 0.675498 0.967330
-1.057636 -0.201723 0.726235 -0.010102 0.066469 0.997711 0.674790 0.961421
-1.215858 -0.087445 0.723946 0.129582 -0.020844 0.991333 0.687939 0.979778
-1.158377 -0.278043 0.413918 0.055116 -0.993286 0.101596 0.564241 0.786833
-1.164366 -0.275242 0.509072 0.050111 -0.997925 -0.039979 0.565028 0.776519
-1.268723 -0.299021 0.502510 0.054048 -0.998230 0.024720 0.577075 0.777317
-1.252876 -0.303951 0.414028 0.081637 -0.994720 0.061861 0.575195 0.787326
-1.379355 0.126677 0.397730 -0.999542 0.029420 -0.003906 0.611483 0.960414
-1.382812 0.124876 0.496423 -0.999634 0.001556 0.026551 0.611938 0.971546
-1.377330 0.201119 0.495868 -0.998657 0.042634 0.029328 0.603223 0.971721
-1.378038 0.204174 0.395755 -0.999756 0.018952 -0.009278 0.602650 0.960349
-0.948294 -0.130538 -0.007629 -0.001312 0.020356 -0.999786 0.627249 0.859752
-0.842371 -0.130441 -0.006246 0.006897 0.017945 -0.999786 0.615267 0.860437
-0.842932 -0.208873 -0.007871 0.026276 -0.073641 -0.996918 0.614849 0.851570
-0.948036 -0.208783 -0.007726 -0.026154 -0.087283 -0.995819 0.626694 0.850940
-0.612039 -0.137051 0.398526 0.996490 -0.045137 0.070406 0.631242 0.772579
-0.616455 -0.140438 0.490673 0.992462 0.045534 0.113651 0.620787 0.772015
-0.613679 -0.210872 0.492093 0.997406 -0.031159 0.064547 0.620734 0.764128
-0.619837 -0.207266 0.397566 0.996887 -0.078524 0.005615 0.631382 0.764528
-0.843130 0.296096 0.407933 0.013611 0.999725 -0.017914 0.537970 0.863967
-0.847418 0.299250 0.500915 0.026673 0.998535 -0.046693 0.527491 0.864443
-0.748965 0.300281 0.498828 0.028596 0.999298 -0.023560 0.527726 0.853328
-0.746040 0.299405 0.405659 0.008545 0.999939 -0.002289 0.538280 0.852996
-0.945879 0.292292 0.016981 0.050172 0.800745 -0.596881 0.582317 0.875571
-0.895916 0.293700 0.043800 0.082278 0.989196 -0.121220 0.579225 0.869962
-0.893952 0.288614 0.015757 0.052309 0.815119 -0.576891 0.582438 0.869702
-0.996829 0.300013 0.018470 0.054903 0.794061 -0.605335 0.582072 0.881385
-0.842024 0.284936 0.014534 0.048463 0.772637 -0.632954 0.582595 0.863832
-0.842295 0.290554 0.043991 0.039979 0.991546 -0.123295 0.579205 0.863878
-0.788859 0.292926 0.043833 0.007294 0.989563 -0.143895 0.579154 0.857860
-0.791051 0.282801 0.015275 0.019807 0.711386 -0.702475 0.582554 0.858091
-0.843014 0.292284 0.116195 0.040529 0.998840 -0.025880 0.571026 0.863977
-0.744656 0.291236 0.117175 0.003723 0.999329 -0.036256 0.570924 0.852863
-0.749475 0.283056 0.014666 0.011322 0.709891 -0.704184 0.582581 0.853415
-0.749592 0.290417 0.041624 0.024781 0.987274 -0.156896 0.579437 0.853453
-0.703898 0.286981 0.039436 0.022095 0.984436 -0.174291 0.579722 0.848287
-0.706900 0.279885 0.015070 0.001373 0.735618 -0.677389 0.582592 0.848604
-0.662899 0.277558 0.011453 -0.025300 0.741386 -0.670553 0.583029 0.843641
-0.631695 0.279050 0.004368 0.400739 0.685568 -0.607746 0.583800 0.840124
-1.350104 0.314785 0.077229 -0.706626 0.707022 -0.027711 0.575442 0.921940
-1.349404 0.318948 0.111298 -0.648213 0.760888 -0.028840 0.571567 0.921750
-1.330347 0.325026 0.110170 -0.168157 0.985687 -0.011841 0.571693 0.919504
-1.331498 0.324007 0.074989 -0.215094 0.975494 -0.045808 0.575654 0.919592
-1.355108 0.314819 0.146027 -0.685629 0.727744 -0.014649 0.567636 0.922483
-1.329517 0.324354 0.145337 -0.156011 0.987579 0.018189 0.567740 0.919404
-1.331862 0.317554 0.008220 -0.214667 0.706748 -0.674062 0.583182 0.919579
-1.332611 0.324429 0.040139 -0.214820 0.972839 -0.086032 0.579538 0.919623
-1.297937 0.321669 0.037998 0.023499 0.996033 -0.085665 0.579805 0.915754
-1.299944 0.315865 0.005126 -0.051912 0.707572 -0.704703 0.583565 0.915983
-1.356170 0.311931 0.016744 -0.703879 0.566301 -0.428724 0.582314 0.922451
-1.351594 0.311510 0.041808 -0.734642 0.677114 -0.042299 0.579438 0.922184
-1.257107 0.321365 0.003200 0.043580 0.773827 -0.631855 0.583800 0.911112
-1.264677 0.318214 0.036168 0.041780 0.997864 -0.049867 0.580076 0.911993
-1.233617 0.322153 0.031974 0.113926 0.984771 -0.131108 0.580540 0.908447
-1.236179 0.312753 0.005692 0.155156 0.679434 -0.717093 0.583719 0.908547
-1.350305 0.307820 0.244322 -0.645039 0.757622 0.099307 0.556413 0.922024
-1.351393 0.298763 0.295614 -0.674978 0.736747 0.039552 0.550512 0.922424
-1.329656 0.313289 0.295052 -0.286447 0.956542 0.054079 0.550675 0.919456
-1.336428 0.315012 0.246328 -0.267037 0.956999 0.113132 0.556263 0.920237
-1.360304 0.294938 0.345816 -0.712210 0.700461 -0.045259 0.544805 0.923387
-1.331967 0.311750 0.347699 -0.286782 0.957976 0.002991 0.544660 0.919648
-1.348339 0.319286 0.192749 -0.603076 0.795984 0.051759 0.562371 0.921542
-1.329579 0.324058 0.195159 -0.169286 0.983642 0.061495 0.562135 0.919362
-1.263936 0.325383 0.108089 0.056459 0.998291 -0.013337 0.571941 0.911826
-1.245979 0.317038 0.394845 0.016083 0.999695 0.018372 0.539346 0.909785
-1.160172 0.307510 0.395745 0.067415 0.997711 0.003296 0.539284 0.899975
-1.170977 0.313782 0.104500 0.104343 0.994507 -0.003723 0.572380 0.901237
-1.175040 0.304580 0.013947 0.107181 0.722556 -0.682943 0.582785 0.901571
-1.174473 0.312420 0.035800 0.110446 0.981445 -0.156529 0.580161 0.901630
-1.118500 0.305386 0.039210 0.073611 0.989196 -0.126652 0.579791 0.895207
-1.115687 0.300638 0.010785 0.039125 0.743492 -0.667562 0.583057 0.894834
-1.057197 0.296612 0.010199 0.054018 0.715842 -0.696127 0.583149 0.888197
-1.371968 0.304006 0.440859 -0.707633 0.704886 -0.048524 0.533894 0.924212
-1.370911 0.305695 0.487638 -0.721000 0.688772 0.075777 0.528585 0.923960
-1.332978 0.311860 0.490945 -0.140873 0.989502 0.032167 0.528270 0.919584
-1.332489 0.313428 0.442023 -0.152715 0.987518 -0.038148 0.533846 0.919597
-1.367158 0.298346 0.532911 -0.783959 0.612568 0.100497 0.523383 0.923623
-1.333508 0.311337 0.539065 -0.185553 0.980651 0.061892 0.522809 0.919525
-1.368428 0.294912 0.395762 -0.732841 0.671590 -0.108982 0.539130 0.924160
-1.331480 0.309990 0.393688 -0.219977 0.974853 -0.034974 0.539386 0.919602
-1.358052 0.293863 0.626121 -0.770775 0.628681 0.103030 0.512816 0.922544
-1.349678 0.290926 0.670673 -0.734733 0.666463 0.126316 0.507772 0.921665
-1.329505 0.309481 0.629334 -0.257881 0.964385 0.058321 0.512579 0.918887
-1.353089 0.286899 0.710923 -0.654683 0.542619 0.526231 0.503154 0.921743
-1.365889 0.295287 0.580493 -0.810877 0.580004 0.077700 0.517976 0.923445
-1.331405 0.308202 0.584024 -0.213507 0.975677 0.049593 0.517693 0.919248
-1.252422 0.315678 0.494392 0.014222 0.999847 0.008515 0.528035 0.910392
-1.156257 0.305752 0.500969 0.022523 0.999481 -0.022156 0.527385 0.899436
-0.604567 -0.043813 0.003177 0.623280 0.005768 -0.781945 0.676205 0.783648
-0.591108 -0.085519 0.035295 0.955168 -0.083865 -0.283822 0.672217 0.778995
-0.611260 -0.083409 0.008177 0.593188 -0.112217 -0.797174 0.675971 0.779102
-0.604750 0.001858 0.008526 0.658986 0.002136 -0.752129 0.675603 0.788836
-0.618048 -0.124605 0.009158 0.555681 -0.120762 -0.822535 0.676079 0.774368
-0.597754 -0.129243 0.036235 0.933470 -0.127720 -0.335032 0.672242 0.774125
-0.606067 -0.171328 0.036369 0.913297 -0.181005 -0.364757 0.672380 0.769347
-0.625539 -0.167112 0.009390 0.544237 -0.142644 -0.826685 0.676158 0.769472
-0.594494 -0.131022 0.113693 0.997711 -0.066927 -0.007660 0.663600 0.773835
-0.602752 -0.210304 0.113319 0.982208 -0.177404 -0.061342 0.663764 0.764896
-0.630417 -0.199831 0.014791 0.600574 -0.182073 -0.778527 0.675609 0.765697
-0.613818 -0.207462 0.041429 0.922300 -0.206000 -0.326914 0.671980 0.765171
-0.621561 -0.243881 0.045595 0.928495 -0.239174 -0.284036 0.671633 0.760938
-0.632451 -0.240096 0.021655 0.687338 -0.195685 -0.699454 0.674637 0.761160
-0.640636 -0.277210 0.023987 0.684805 -0.164678 -0.709830 0.674501 0.756855
-0.641479 -0.309692 0.026581 0.582018 -0.540513 -0.607501 0.674170 0.753209
-0.630322 0.282172 0.075560 0.668508 0.741539 -0.056307 0.668048 0.821060
-0.627291 0.282727 0.122337 0.707846 0.699362 -0.099033 0.662732 0.821189
-0.617814 0.260300 0.114568 0.965697 0.246223 -0.082186 0.663508 0.818402
-0.623580 0.251993 0.078521 0.961394 0.265603 -0.071810 0.667680 0.817540
-0.624832 0.287209 0.154063 0.667623 0.741935 -0.061373 0.659130 0.821746
-0.621799 0.266888 0.150604 0.963408 0.263131 -0.050508 0.659461 0.819403
-0.621751 0.254017 0.003113 0.744224 0.178503 -0.643605 0.676205 0.817763
-0.620543 0.259695 0.030679 0.969939 0.237159 -0.054384 0.673106 0.818333
-0.622251 0.228074 0.030004 0.980895 0.128666 -0.145848 0.673212 0.814733
-0.626503 0.226652 0.008902 0.773980 0.064669 -0.629871 0.675675 0.814613
-0.631695 0.279050 0.004368 0.400739 0.685568 -0.607746 0.676082 0.820801
-0.631352 0.279841 0.032551 0.615284 0.783868 -0.083285 0.672907 0.820895
-0.615763 0.174828 0.007572 0.721702 0.248451 -0.646046 0.675772 0.808587
-0.609886 0.190549 0.035435 0.955443 0.235115 -0.178320 0.672453 0.810226
-0.600945 0.163583 0.034496 0.956816 0.214667 -0.195929 0.672435 0.807030
-0.610077 0.157859 0.004208 0.701285 0.152165 -0.696432 0.676019 0.806527
-0.622744 0.290396 0.251089 0.492477 0.870296 0.001282 0.648091 0.822264
-0.627176 0.282631 0.292233 0.528886 0.845943 0.067995 0.643325 0.821908
-0.606288 0.267354 0.298167 0.913663 0.401807 0.060915 0.642835 0.818963
-0.605105 0.268398 0.249798 0.931425 0.363720 -0.010529 0.648156 0.819119
-0.628975 0.287588 0.344686 0.581500 0.812952 0.030335 0.637297 0.821877
-0.617782 0.263717 0.345219 0.932340 0.359874 0.034577 0.637326 0.818822
-0.626565 0.290157 0.201410 0.536363 0.842769 -0.044954 0.653751 0.822249
-0.610005 0.261096 0.202860 0.959319 0.274789 -0.064638 0.653437 0.818463
-0.604740 0.193257 0.113300 0.980468 0.191076 -0.046297 0.663633 0.810535
-0.602992 0.201796 0.396093 0.994476 0.103854 0.015046 0.631517 0.811423
-0.601744 0.133958 0.395691 0.999268 0.002655 0.038057 0.631630 0.803679
-0.592654 0.125124 0.113805 0.997528 0.069979 -0.000214 0.663481 0.802729
-0.607403 0.123358 0.003764 0.691092 0.036164 -0.721824 0.676093 0.802605
-0.595008 0.122984 0.034359 0.978393 0.073794 -0.193121 0.672390 0.802454
-0.593640 0.081529 0.035421 0.978210 0.006531 -0.207404 0.672290 0.797799
-0.608084 0.081992 0.005096 0.677328 0.005310 -0.735618 0.676082 0.797914
-0.605778 0.039759 0.007375 0.669973 -0.051057 -0.740593 0.675798 0.793135
-0.619526 0.289900 0.442577 0.655538 0.753807 -0.044801 0.626056 0.821587
-0.620472 0.288540 0.492036 0.707602 0.701163 0.087313 0.620440 0.821344
-0.615969 0.265699 0.491298 0.979797 0.184545 0.076907 0.620551 0.818696
-0.610648 0.264947 0.444198 0.972076 0.234199 -0.013520 0.625923 0.818591
-0.625243 0.286802 0.540216 0.754692 0.651173 0.079775 0.614964 0.821221
-0.626153 0.260018 0.543528 0.984649 0.151982 0.085604 0.614583 0.818230
-0.623540 0.283001 0.399491 0.663045 0.743431 -0.087405 0.631008 0.821047
-0.618009 0.267950 0.392674 0.959746 0.279183 -0.030427 0.631808 0.819215
-0.629930 0.285354 0.633998 0.704886 0.709128 -0.014771 0.604261 0.820873
-0.627751 0.285915 0.679830 0.741722 0.664235 0.092532 0.599031 0.820777
-0.622891 0.263432 0.633630 0.988128 0.149419 0.035188 0.604356 0.818241
-0.634567 0.285306 0.713586 0.595538 0.570971 0.565050 0.595099 0.820676
-0.628388 0.281643 0.584858 0.778222 0.627461 0.025117 0.609889 0.820547
-0.624531 0.261655 0.588467 0.986847 0.155217 0.044465 0.609534 0.818210
-0.604829 0.203089 0.495044 0.993591 0.091372 0.066164 0.620239 0.811414
-0.602348 0.129873 0.495767 0.989380 -0.079257 0.121647 0.620299 0.803113
-1.390731 -0.044233 -0.004308 -0.778069 0.042909 -0.626667 0.678268 0.866962
-1.355074 -0.087021 -0.021482 -0.226295 -0.028809 -0.973601 0.673528 0.862452
-1.392297 -0.087709 -0.004747 -0.750847 0.025880 -0.659932 0.678085 0.862035
-1.386615 -0.001582 -0.006233 -0.776025 0.062136 -0.627613 0.678026 0.871811
-1.396111 -0.131197 -0.005921 -0.721000 0.066103 -0.689749 0.678097 0.857103
-1.357861 -0.135306 -0.015193 -0.189367 -0.053224 -0.980438 0.673615 0.856985
-1.359195 -0.169435 -0.019525 -0.171941 -0.233436 -0.957030 0.673493 0.853256
-1.399254 -0.173664 -0.005708 -0.644063 -0.216010 -0.733818 0.677999 0.852226
-1.261107 -0.130311 -0.025296 -0.009705 -0.116184 -0.993164 0.662683 0.858187
-1.259491 -0.204527 -0.013611 -0.015259 -0.173833 -0.984649 0.661995 0.849717
-1.406562 -0.186788 0.004611 -0.788202 -0.317423 -0.527177 0.678899 0.850349
-1.349339 -0.199492 0.000840 -0.140477 -0.266610 -0.953490 0.672331 0.849308
-1.344659 -0.234905 0.003293 -0.189886 -0.165777 -0.967681 0.671464 0.845366
-1.370983 -0.244097 0.015882 -0.593310 -0.314005 -0.741172 0.674590 0.843901
-1.371989 -0.253679 0.017398 -0.722251 -0.291269 -0.627277 0.674618 0.842798
-1.363024 -0.291032 0.026050 -0.662374 -0.585803 -0.466933 0.673442 0.838479
-1.299944 0.315865 0.005126 -0.051912 0.707572 -0.704703 0.670036 0.908394
-1.257107 0.321365 0.003200 0.043580 0.773827 -0.631855 0.665211 0.909310
-1.269247 0.283206 -0.005537 -0.011139 0.162297 -0.986663 0.666274 0.904821
-1.299420 0.282337 0.000635 -0.084536 0.153081 -0.984588 0.669725 0.904571
-1.236179 0.312753 0.005692 0.155156 0.679434 -0.717093 0.662729 0.908561
-1.227984 0.271790 -0.002071 0.086184 0.184515 -0.979034 0.661510 0.903869
-1.357755 0.284291 0.011548 -0.720847 0.221870 -0.656606 0.676517 0.904530
-1.335786 0.283887 0.001810 -0.234046 0.140996 -0.961943 0.673821 0.904503
-1.338723 0.247677 0.000425 -0.270363 0.142033 -0.952208 0.673976 0.900363
-1.367181 0.245508 0.013273 -0.729484 0.205725 -0.652303 0.677550 0.900143
-1.356170 0.311931 0.016744 -0.703879 0.566301 -0.428724 0.676596 0.907716
-1.331862 0.317554 0.008220 -0.214667 0.706748 -0.674062 0.673682 0.908381
-1.371767 0.202951 0.004896 -0.695791 0.225532 -0.681875 0.677685 0.895200
-1.343276 0.216494 -0.008513 -0.263161 0.165990 -0.950346 0.674134 0.896675
-1.346627 0.178228 -0.013374 -0.254616 0.083438 -0.963408 0.674223 0.892381
-1.383439 0.176557 0.005878 -0.782311 0.124821 -0.610218 0.678899 0.892143
-1.115687 0.300638 0.010785 0.039125 0.743492 -0.667562 0.648908 0.908074
-1.057197 0.296612 0.010199 0.054018 0.715842 -0.696127 0.642263 0.907927
-1.054168 0.274681 0.004768 0.041261 0.244392 -0.968780 0.641788 0.905383
-1.111873 0.275322 0.001425 0.003601 0.254280 -0.967101 0.648331 0.905043
-0.996829 0.300013 0.018470 0.054903 0.794061 -0.605335 0.635398 0.908912
-1.000378 0.272812 0.009424 0.033143 0.292032 -0.955809 0.635622 0.905629
-1.175040 0.304580 0.013947 0.107181 0.722556 -0.682943 0.655664 0.908288
-1.168832 0.275335 0.001566 0.031861 0.241096 -0.969970 0.654790 0.904718
-1.261848 0.207257 -0.009960 -0.008271 0.110508 -0.993835 0.664920 0.896217
-0.945163 0.202517 -0.005997 0.027406 0.111270 -0.993408 0.628923 0.897687
-0.947822 0.120687 -0.008623 0.052004 -0.000763 -0.998627 0.628723 0.888300
-1.261823 0.128852 -0.017685 -0.016144 0.088565 -0.995911 0.664410 0.887300
-1.376716 0.135458 0.002677 -0.749290 -0.000427 -0.662191 0.677967 0.887466
-1.346960 0.133583 -0.013536 -0.257179 0.065828 -0.964110 0.674096 0.887331
-1.349356 0.088878 -0.017464 -0.276742 0.090213 -0.956694 0.674029 0.882215
-1.380977 0.088246 0.000880 -0.798975 0.096683 -0.593524 0.678186 0.882063
-1.385995 0.042514 -0.000697 -0.819330 0.086215 -0.566759 0.678463 0.876828
-0.893952 0.288614 0.015757 0.052309 0.815119 -0.576891 0.623687 0.908260
-0.842024 0.284936 0.014534 0.048463 0.772637 -0.632954 0.617803 0.908138
-0.842994 0.265329 0.003400 0.042177 0.287698 -0.956786 0.617812 0.905602
-0.893770 0.267518 0.003797 0.022401 0.323862 -0.945799 0.623521 0.905513
-0.791051 0.282801 0.015275 0.019807 0.711386 -0.702475 0.612017 0.908103
-0.789123 0.261300 0.011498 0.024781 0.237465 -0.971068 0.611661 0.905628
-0.945879 0.292292 0.016981 0.050172 0.800745 -0.596881 0.629585 0.908381
-0.945336 0.269744 0.002231 0.013428 0.328837 -0.944273 0.629338 0.905359
-0.706900 0.279885 0.015070 0.001373 0.735618 -0.677389 0.602438 0.908373
-0.662899 0.277558 0.011453 -0.025300 0.741386 -0.670553 0.597413 0.908352
-0.701656 0.247886 0.002975 -0.077792 0.257088 -0.963225 0.601571 0.904515
-0.631695 0.279050 0.004368 0.400739 0.685568 -0.607746 0.593767 0.908459
-0.749475 0.283056 0.014666 0.011322 0.709891 -0.704184 0.607292 0.908385
-0.746704 0.258521 0.006782 -0.018097 0.234779 -0.971862 0.606789 0.905481
-0.841041 0.210985 -0.002489 0.016053 0.126133 -0.991852 0.617161 0.899352
-0.842752 0.131899 -0.010639 0.002411 -0.008484 -0.999939 0.616810 0.890289
-1.385995 0.042514 -0.000697 -0.819330 0.086215 -0.566759 0.620598 0.915100
-1.387256 0.083605 0.026932 -0.995514 0.068789 -0.064516 0.616040 0.918383
-1.380977 0.088246 0.000880 -0.798975 0.096683 -0.593524 0.615371 0.915376
-1.386615 -0.001582 -0.006233 -0.776025 0.062136 -0.627613 0.625598 0.914346
-1.376716 0.135458 0.002677 -0.749290 -0.000427 -0.662191 0.609968 0.915731
-1.384729 0.126709 0.027359 -0.996002 0.032044 -0.083102 0.611127 0.918634
-1.393361 0.170020 0.031092 -0.993866 0.075259 -0.080813 0.606265 0.919554
-1.383439 0.176557 0.005878 -0.782311 0.124821 -0.610218 0.605311 0.916624
-1.380808 0.107169 0.095860 -0.998505 0.046602 0.027589 0.613704 0.926146
-1.367123 0.197659 0.099796 -0.996094 0.083987 0.026429 0.602607 0.927138
-1.371767 0.202951 0.004896 -0.695791 0.225532 -0.681875 0.602059 0.916330
-1.382934 0.192764 0.024650 -0.969878 0.210761 -0.122013 0.603481 0.918799
-1.376816 0.251233 0.036346 -0.980163 0.144810 -0.135136 0.596858 0.920126
-1.367181 0.245508 0.013273 -0.729484 0.205725 -0.652303 0.597271 0.917324
-1.357755 0.284291 0.011548 -0.720847 0.221870 -0.656606 0.592809 0.917036
-1.356170 0.311931 0.016744 -0.703879 0.566301 -0.428724 0.589717 0.917685
-1.362724 -0.294037 0.085934 -0.689627 -0.723075 -0.038820 0.660341 0.924174
-1.365233 -0.293552 0.121815 -0.689230 -0.722007 -0.060152 0.660240 0.928261
-1.381884 -0.265836 0.118282 -0.938200 -0.346019 -0.002991 0.656538 0.927954
-1.378914 -0.264598 0.081983 -0.920743 -0.388440 -0.036134 0.656493 0.923776
-1.369298 -0.292218 0.156113 -0.703696 -0.710471 -0.000641 0.659986 0.932184
-1.384501 -0.264380 0.155123 -0.966643 -0.250679 0.052309 0.656386 0.932158
-1.371989 -0.253679 0.017398 -0.722251 -0.291269 -0.627277 0.655689 0.916264
-1.374181 -0.265392 0.045640 -0.933226 -0.341197 -0.112339 0.656801 0.919574
-1.387741 -0.230358 0.038086 -0.903165 -0.397198 -0.162755 0.652483 0.918669
-1.370983 -0.244097 0.015882 -0.593310 -0.314005 -0.741172 0.654664 0.915849
-1.363024 -0.291032 0.026050 -0.662374 -0.585803 -0.466933 0.660011 0.917381
-1.363766 -0.292637 0.050056 -0.723106 -0.683828 -0.097324 0.660118 0.920105
-1.406562 -0.186788 0.004611 -0.788202 -0.317423 -0.527177 0.646902 0.915078
-1.401649 -0.205499 0.023725 -0.932035 -0.336283 -0.134892 0.649143 0.917211
-1.409600 -0.168096 0.025358 -0.997528 0.007935 -0.069643 0.644841 0.917507
-1.399254 -0.173664 -0.005708 -0.644063 -0.216010 -0.733818 0.645279 0.913764
-1.370456 -0.289910 0.252944 -0.673727 -0.738945 0.004944 0.659829 0.943224
-1.365979 -0.293342 0.300320 -0.635426 -0.771294 0.035829 0.660341 0.948598
-1.381471 -0.265879 0.301893 -0.969573 -0.244240 0.016388 0.656786 0.948720
-1.381076 -0.265383 0.252908 -0.984710 -0.174047 0.000946 0.656808 0.943210
-1.361120 -0.289479 0.351591 -0.626118 -0.779351 0.023957 0.660173 0.954441
-1.377035 -0.266388 0.350731 -0.951140 -0.308603 -0.007599 0.656942 0.954353
-1.372859 -0.290907 0.203867 -0.698447 -0.714377 0.042604 0.659815 0.937641
-1.381065 -0.265597 0.204020 -0.981597 -0.187689 0.034761 0.656801 0.937697
-1.396860 -0.195731 0.113891 -0.984863 -0.154027 0.079196 0.648318 0.927420
-1.384929 -0.200600 0.398849 -0.999329 -0.033204 -0.014954 0.649253 0.959931
-1.384239 -0.127120 0.397188 -0.999817 -0.008118 0.016236 0.640716 0.959860
-1.401706 -0.122506 0.109584 -0.997925 0.020753 0.060671 0.639939 0.927265
-1.396111 -0.131197 -0.005921 -0.721000 0.066103 -0.689749 0.640407 0.913931
-1.402574 -0.126751 0.025209 -0.993561 0.070498 -0.088473 0.640084 0.917590
-1.400098 -0.086572 0.025700 -0.992096 0.094058 -0.082675 0.635502 0.917808
-1.392297 -0.087709 -0.004747 -0.750847 0.025880 -0.659932 0.635439 0.914223
-1.390731 -0.044233 -0.004308 -0.778069 0.042909 -0.626667 0.630483 0.914489
-1.375239 -0.290827 0.446429 -0.645009 -0.762963 -0.042604 0.659766 0.965394
-1.375712 -0.290209 0.492572 -0.671773 -0.739036 0.050203 0.659658 0.970645
-1.383795 -0.263122 0.494064 -0.986358 -0.159642 0.039888 0.656440 0.970794
-1.385570 -0.264960 0.445905 -0.976196 -0.213233 -0.039308 0.656607 0.965337
-1.374995 -0.285633 0.539102 -0.714682 -0.688925 0.120731 0.659128 0.975951
-1.379939 -0.258209 0.541254 -0.986541 -0.133854 0.093631 0.655945 0.976189
-1.366152 -0.290491 0.406208 -0.600330 -0.797754 -0.056093 0.660094 0.960708
-1.380893 -0.265003 0.398083 -0.959838 -0.273049 -0.064302 0.656696 0.959861
-1.364907 -0.281674 0.625651 -0.715598 -0.697806 0.030427 0.658926 0.985897
-1.370248 -0.277801 0.667629 -0.777551 -0.628681 0.010804 0.658422 0.990706
-1.371100 -0.261201 0.628341 -0.990265 -0.135960 0.029756 0.656481 0.986226
-1.371492 -0.275632 0.702786 -0.776330 -0.523515 0.350963 0.658217 0.994703
-1.369922 -0.280767 0.581510 -0.736351 -0.670797 0.088260 0.658679 0.980835
-1.374637 -0.260136 0.582895 -0.986663 -0.134678 0.091250 0.656257 0.980987
-1.385487 -0.199855 0.495696 -0.999268 -0.009705 0.036866 0.649218 0.971040
-1.385292 -0.126381 0.497324 -0.998321 0.031220 0.048708 0.640781 0.971314
-1.051228 -0.306658 0.018888 -0.017945 -0.670705 -0.741478 0.552696 0.832802
-1.106020 -0.314106 0.043049 -0.074038 -0.969878 -0.231971 0.558856 0.829741
-1.105948 -0.302650 0.014370 -0.016968 -0.681783 -0.731315 0.558946 0.833259
-0.998789 -0.311489 0.020940 -0.036012 -0.717399 -0.695669 0.546745 0.832459
-1.158801 -0.299130 0.016515 -0.036714 -0.715842 -0.697287 0.564965 0.833030
-1.159073 -0.312366 0.044112 -0.079287 -0.973510 -0.214331 0.564879 0.829571
-1.210808 -0.307956 0.043090 -0.073916 -0.979247 -0.188574 0.570737 0.829650
-1.213835 -0.293721 0.012501 -0.029176 -0.712638 -0.700888 0.571233 0.833449
-1.154696 -0.312282 0.117141 -0.085452 -0.996216 0.014191 0.564233 0.821270
-1.246398 -0.302551 0.119247 -0.027863 -0.999359 0.021210 0.574721 0.820945
-1.252932 -0.297087 0.015511 0.007050 -0.762505 -0.646901 0.575659 0.832887
-1.251432 -0.303826 0.044816 -0.005615 -0.988311 -0.152196 0.575410 0.829437
-1.289622 -0.309285 0.044430 0.031922 -0.987304 -0.155431 0.579777 0.829341
-1.295598 -0.296869 0.015973 -0.005219 -0.752190 -0.658895 0.580526 0.832802
-1.333207 -0.298191 0.014650 -0.223823 -0.712912 -0.664541 0.584805 0.832718
-1.363024 -0.291032 0.026050 -0.662374 -0.585803 -0.466933 0.588332 0.831420
-0.619582 -0.319040 0.082161 0.775536 -0.600574 -0.194464 0.503396 0.825567
-0.613707 -0.318528 0.113588 0.814112 -0.568621 -0.117679 0.502691 0.821986
-0.655174 -0.323997 0.114233 0.013276 -0.999817 0.013611 0.507404 0.821902
-0.660663 -0.320341 0.080731 0.002319 -0.998932 -0.045564 0.508076 0.825689
-0.614776 -0.317621 0.144323 0.764611 -0.643208 0.040010 0.502803 0.818497
-0.650589 -0.320555 0.147455 0.022217 -0.996551 0.079714 0.506876 0.818151
-0.671828 -0.314178 0.019065 0.149480 -0.717917 -0.679861 0.509379 0.832744
-0.666199 -0.318511 0.047470 0.038362 -0.989990 -0.135685 0.508750 0.829472
-0.711583 -0.318955 0.044728 -0.070132 -0.986755 -0.146092 0.513891 0.829809
-0.710848 -0.309800 0.017330 -0.012543 -0.732475 -0.680654 0.513827 0.833073
-0.641479 -0.309692 0.026581 0.582018 -0.540513 -0.607501 0.505871 0.831978
-0.630128 -0.314143 0.052889 0.727073 -0.620655 -0.293435 0.504604 0.828937
-0.749552 -0.304507 0.016828 0.009278 -0.710562 -0.703543 0.518246 0.833310
-0.748476 -0.315896 0.041769 -0.010712 -0.985778 -0.167577 0.518107 0.830182
-0.790730 -0.315851 0.040425 0.038423 -0.986755 -0.157567 0.522978 0.830335
-0.797543 -0.309555 0.010943 0.005188 -0.695730 -0.718253 0.523753 0.833781
-0.616241 -0.301994 0.241400 0.861568 -0.504501 0.056001 0.502797 0.807311
-0.616418 -0.294081 0.289858 0.886715 -0.457778 0.064302 0.502609 0.801730
-0.647281 -0.306324 0.293376 0.225990 -0.969878 0.090670 0.506404 0.801393
-0.649403 -0.310833 0.244778 0.150273 -0.985351 0.080477 0.506707 0.806959
-0.618256 -0.286441 0.338003 0.876034 -0.475570 0.079684 0.502554 0.796164
-0.650185 -0.299356 0.342041 0.299112 -0.951811 0.067293 0.506532 0.795698
-0.616575 -0.310881 0.193053 0.777795 -0.613910 0.134556 0.502960 0.812896
-0.652145 -0.313347 0.195275 0.058840 -0.994385 0.087710 0.507037 0.812634
-0.741648 -0.312330 0.111875 -0.038972 -0.998199 0.045106 0.517353 0.822122
-0.729832 -0.310639 0.396445 -0.041322 -0.998596 0.032624 0.515930 0.789449
-0.841703 -0.316958 0.114484 -0.036348 -0.993286 0.109714 0.528780 0.821837
-0.841894 -0.306336 0.018409 0.006653 -0.697012 -0.717002 0.528854 0.833217
-0.842705 -0.319837 0.043206 0.013001 -0.985382 -0.169836 0.528979 0.829983
-0.897665 -0.326050 0.042221 -0.027711 -0.987396 -0.155644 0.535195 0.829944
-0.895946 -0.310129 0.016321 0.022187 -0.696249 -0.717429 0.535017 0.833333
-0.947458 -0.312096 0.015297 -0.037782 -0.716086 -0.696982 0.540905 0.833090
-0.628354 -0.295419 0.444794 0.764550 -0.643941 -0.027711 0.504054 0.783846
-0.630386 -0.293212 0.490649 0.773339 -0.631519 0.055574 0.504153 0.778623
-0.657139 -0.308444 0.493738 0.253700 -0.966918 0.026307 0.507648 0.778292
-0.654576 -0.307215 0.442815 0.271767 -0.962035 -0.024995 0.507317 0.784060
-0.635779 -0.292724 0.542032 0.767937 -0.635456 0.080294 0.504716 0.772771
-0.659624 -0.308034 0.544026 0.238533 -0.970275 0.040651 0.507939 0.772606
-0.631240 -0.285491 0.390037 0.797540 -0.603168 -0.007447 0.503775 0.790175
-0.649735 -0.302249 0.392278 0.319376 -0.947478 -0.014649 0.506618 0.789850
-0.643085 -0.294407 0.638076 0.757256 -0.652974 -0.011353 0.505785 0.761829
-0.640828 -0.299745 0.674941 0.690664 -0.722129 0.038392 0.505705 0.757579
-0.664910 -0.303375 0.632872 0.134678 -0.990509 0.026856 0.508473 0.762452
-0.638034 -0.290422 0.714517 0.628193 -0.557085 0.543107 0.505408 0.752948
-0.643218 -0.297718 0.587554 0.727103 -0.682333 0.075716 0.505866 0.767607
-0.663952 -0.304980 0.588909 0.181494 -0.982360 0.044801 0.508379 0.767484
-0.731006 -0.306800 0.496065 -0.092532 -0.995483 0.019654 0.516037 0.778036
-0.643110 -0.043092 0.712622 0.744346 -0.007447 0.667745 0.693426 0.914309
-0.643799 -0.086479 0.714262 0.746361 0.011597 0.665395 0.688484 0.914420
-0.643598 0.001106 0.713931 0.713797 -0.011414 0.700217 0.698446 0.914447
-0.641213 -0.131812 0.713539 0.796747 0.026887 0.603656 0.683327 0.914029
-0.640440 -0.174395 0.716701 0.767113 0.019013 0.641224 0.678472 0.914058
-0.640741 -0.205088 0.716052 0.738304 0.045808 0.672872 0.674984 0.914092
-0.639654 -0.237068 0.718055 0.718650 0.035035 0.694479 0.671355 0.913993
-0.638189 -0.267669 0.718011 0.722129 -0.106754 0.683462 0.667891 0.913824
-0.638034 -0.290422 0.714517 0.628193 -0.557085 0.543107 0.665274 0.913767
-0.704401 0.294137 0.717973 0.039552 0.712394 0.700644 0.731718 0.921890
-0.746083 0.296498 0.715435 -0.010102 0.733909 0.679128 0.731963 0.926629
-0.784171 0.298031 0.710161 0.031953 0.750114 0.660512 0.732248 0.930991
-0.636072 0.264760 0.718766 0.604785 0.040498 0.795343 0.728483 0.914070
-0.637053 0.236063 0.717967 0.642140 -0.006409 0.766533 0.725220 0.914130
-0.634567 0.285306 0.713586 0.595538 0.570971 0.565050 0.730889 0.913913
-0.665654 0.291361 0.717137 0.138218 0.721122 0.678823 0.731474 0.917484
-0.639038 0.207011 0.721011 0.617756 -0.055055 0.784417 0.721897 0.914318
-0.643023 0.179036 0.717061 0.629170 -0.100497 0.770714 0.718672 0.914693
-0.892682 0.298431 0.712208 0.019684 0.620624 0.783837 0.732110 0.943326
-0.946577 0.299097 0.712444 0.010865 0.614521 0.788812 0.732141 0.949444
-1.000385 0.299995 0.712280 0.012513 0.613269 0.789727 0.732223 0.955552
-0.839318 0.297203 0.711776 0.042238 0.660421 0.749687 0.732035 0.937263
-0.642999 0.134013 0.715015 0.662221 -0.016266 0.749107 0.713548 0.914597
-0.643662 0.089724 0.715221 0.666890 -0.003449 0.745140 0.708515 0.914605
-0.644897 0.045463 0.716558 0.658528 -0.009644 0.752464 0.703487 0.914704
-1.107510 0.298989 0.715735 0.010651 0.556627 0.830653 0.731985 0.967714
-1.160710 0.301011 0.715556 0.006134 0.620624 0.784051 0.732141 0.973772
-1.211601 0.303204 0.719100 -0.020905 0.689840 0.723624 0.732248 0.979584
-1.053781 0.299214 0.713910 0.019990 0.578356 0.815516 0.732077 0.961612
-1.053429 0.208763 0.722602 0.062014 -0.098666 0.993164 0.721812 0.961609
-1.107127 0.206349 0.724648 0.044771 -0.038209 0.998260 0.721486 0.967542
-1.288343 0.296530 0.717040 -0.053499 0.670125 0.740287 0.731385 0.988301
-1.326974 0.293630 0.715077 -0.224708 0.659871 0.716941 0.731021 0.992686
-1.353089 0.286899 0.710923 -0.654683 0.542619 0.526231 0.730283 0.995706
-1.251650 0.298872 0.719029 -0.061830 0.677664 0.732749 0.731686 0.984128
-1.214263 0.202377 0.727223 0.059511 -0.020142 0.998016 0.720685 0.979717
-1.213477 0.174730 0.722936 0.070864 -0.110935 0.991272 0.717459 0.979609
-1.161724 0.206178 0.723271 0.069765 -0.013977 0.997436 0.721263 0.973672
-0.825175 -0.278478 0.455385 0.592486 -0.796411 0.121036 0.527181 0.782412
0.720000 2.650000 0.016905 0.000000 -1.000000 0.000000 0.068118 0.424406
0.720000 2.650000 0.101467 0.000000 -1.000000 0.000000 0.053371 0.424406
-0.280000 2.650000 0.101467 0.000000 -1.000000 0.000000 0.053371 0.250016
-0.280000 2.650000 0.016905 0.000000 -1.000000 0.000000 0.068118 0.250016
0.720000 2.742281 0.109186 0.000000 -0.000000 1.000000 0.035581 0.424422
-0.280000 2.742281 0.109186 0.000000 -0.000000 1.000000 0.035581 0.250032
-0.280000 2.657719 0.109186 0.000000 -0.000000 1.000000 0.050328 0.250032
0.720000 2.657719 0.109186 0.000000 -0.000000 1.000000 0.050328 0.424423
-0.280000 2.742281 0.009186 0.000000 0.000000 -1.000000 0.014747 0.250065
0.720000 2.742281 0.009186 0.000000 0.000000 -1.000000 0.014747 0.424455
0.720000 2.657719 0.009186 0.000000 0.000000 -1.000000 0.000000 0.424455
-0.280000 2.657719 0.009186 0.000000 0.000000 -1.000000 0.000000 0.250065
-0.280000 2.657719 0.009186 0.000000 -0.707108 -0.707105 0.071162 0.250000
0.720000 2.657719 0.009186 0.000000 -0.707108 -0.707105 0.071162 0.424390
0.720000 2.650000 0.016905 0.000000 -0.707108 -0.707105 0.068118 0.424406
-0.280000 2.650000 0.016905 0.000000 -0.707108 -0.707105 0.068118 0.250016
-0.280000 2.742281 0.109186 0.000000 0.707108 0.707105 0.035581 0.250032
0.720000 2.742281 0.109186 0.000000 0.707108 0.707105 0.035581 0.424422
0.720000 2.750000 0.101467 0.000000 0.707108 0.707105 0.032537 0.424439
-0.280000 2.750000 0.101467 0.000000 0.707108 0.707105 0.032537 0.250049
0.720000 2.742281 0.009186 0.000000 0.707108 -0.707105 0.014747 0.424455
-0.280000 2.742281 0.009186 0.000000 0.707108 -0.707105 0.014747 0.250065
-0.280000 2.750000 0.016905 0.000000 0.707108 -0.707105 0.017791 0.250049
0.720000 2.750000 0.016905 0.000000 0.707108 -0.707105 0.017790 0.424439
0.720000 2.657719 0.109186 0.000000 -0.707108 0.707105 0.050328 0.424423
-0.280000 2.657719 0.109186 0.000000 -0.707108 0.707105 0.050328 0.250032
-0.280000 2.650000 0.101467 0.000000 -0.707108 0.707105 0.053371 0.250016
0.720000 2.650000 0.101467 0.000000 -0.707108 0.707105 0.053371 0.424406
-0.280000 2.750000 0.016905 0.000000 1.000000 0.000000 0.017791 0.250049
-0.280000 2.750000 0.101467 0.000000 1.000000 0.000000 0.032537 0.250049
0.720000 2.750000 0.101467 0.000000 1.000000 0.000000 0.032537 0.424439
0.720000 2.750000 0.016905 0.000000 1.000000 0.000000 0.017790 0.424439
-1.000000 3.042281 0.009186 0.000000 0.000000 -1.000000 0.059856 0.422959
1.000000 3.042281 0.009186 0.000000 0.000000 -1.000000 0.059857 0.250000
1.000000 2.957719 0.009186 0.000000 0.000000 -1.000000 0.072726 0.250000
-1.000000 2.957719 0.009186 0.000000 0.000000 -1.000000 0.072726 0.422959
1.000000 2.950000 0.016905 0.000000 -1.000000 0.000000 0.005312 0.250050
1.000000 2.950000 0.101467 0.000000 -1.000000 0.000000 0.018181 0.250050
-1.000000 2.950000 0.101467 0.000000 -1.000000 0.000000 0.018182 0.423009
-1.000000 2.950000 0.016905 0.000000 -1.000000 0.000000 0.005312 0.423009
1.000000 3.042281 0.109186 0.000000 -0.000000 1.000000 0.036363 0.250033
-1.000000 3.042281 0.109186 0.000000 -0.000000 1.000000 0.036363 0.422992
-1.000000 2.957719 0.109186 0.000000 -0.000000 1.000000 0.023494 0.422992
1.000000 2.957719 0.109186 0.000000 -0.000000 1.000000 0.023493 0.250033
1.000000 3.042281 0.009186 0.000000 0.707108 -0.707105 0.059857 0.250000
-1.000000 3.042281 0.009186 0.000000 0.707108 -0.707105 0.059856 0.422959
-1.000000 3.050000 0.016905 0.000000 0.707108 -0.707105 0.054544 0.422976
1.000000 3.050000 0.016905 0.000000 0.707108 -0.707105 0.054544 0.250017
1.000000 2.957719 0.109186 0.000000 -0.707108 0.707105 0.023493 0.250033
-1.000000 2.957719 0.109186 0.000000 -0.707108 0.707105 0.023494 0.422992
-1.000000 2.950000 0.101467 0.000000 -0.707108 0.707105 0.018182 0.423009
1.000000 2.950000 0.101467 0.000000 -0.707108 0.707105 0.018181 0.250050
-1.000000 2.957719 0.009186 0.000000 -0.707108 -0.707105 0.000000 0.423025
1.000000 2.957719 0.009186 0.000000 -0.707108 -0.707105 0.000000 0.250066
1.000000 2.950000 0.016905 0.000000 -0.707108 -0.707105 0.005312 0.250050
-1.000000 2.950000 0.016905 0.000000 -0.707108 -0.707105 0.005312 0.423009
-1.000000 3.042281 0.109186 0.000000 0.707108 0.707105 0.036363 0.422992
1.000000 3.042281 0.109186 0.000000 0.707108 0.707105 0.036363 0.250033
1.000000 3.050000 0.101467 0.000000 0.707108 0.707105 0.041675 0.250017
-1.000000 3.050000 0.101467 0.000000 0.707108 0.707105 0.041675 0.422976
-1.000000 3.050000 0.016905 0.000000 1.000000 0.000000 0.054544 0.422976
-1.000000 3.050000 0.101467 0.000000 1.000000 0.000000 0.041675 0.422976
1.000000 3.050000 0.101467 0.000000 1.000000 0.000000 0.041675 0.250017
1.000000 3.050000 0.016905 0.000000 1.000000 0.000000 0.054544 0.250017
-0.790000 2.742281 0.284100 -0.004879 -0.001759 -0.999987 0.093206 0.403854
-0.590378 2.742281 0.282978 -0.004879 -0.001759 -0.999987 0.093206 0.352051
-0.590980 2.657719 0.283278 -0.004879 -0.001759 -0.999987 0.115150 0.352207
-0.790000 2.657719 0.284100 -0.004879 -0.001759 -0.999987 0.115150 0.403854
-0.583355 2.650000 0.377153 0.000000 -1.000000 0.000000 0.074429 0.250218
-0.790000 2.650000 0.376328 0.000000 -1.000000 0.000000 0.074247 0.295916
-0.790000 2.650000 0.291820 0.000000 -1.000000 0.000000 0.055558 0.295916
-0.583355 2.650000 0.290994 0.000000 -1.000000 0.000000 0.055376 0.250218
-0.488957 2.657719 0.283250 0.003897 0.000888 -0.999992 0.049178 0.353388
-0.489221 2.742281 0.283399 0.003897 0.000888 -0.999992 0.027234 0.353456
-0.290000 2.742281 0.284100 0.003897 0.000888 -0.999992 0.027234 0.301758
-0.290000 2.657719 0.284100 0.003897 0.000888 -0.999992 0.049178 0.301758
-0.490000 2.742281 0.084100 0.999988 0.001562 -0.004572 0.093206 0.454551
-0.489221 2.742281 0.283399 0.999988 0.001562 -0.004572 0.093206 0.402832
-0.488957 2.657719 0.283250 0.999988 0.001562 -0.004572 0.115150 0.402870
-0.490000 2.657719 0.084100 0.999988 0.001562 -0.004572 0.115150 0.454551
-0.582281 2.650000 0.084100 0.000000 -1.000000 -0.000000 0.002635 0.340852
-0.497719 2.650000 0.084100 0.000000 -1.000000 -0.000000 0.021335 0.340852
-0.496612 2.650000 0.290922 0.000000 -1.000000 -0.000000 0.021579 0.386589
-0.583355 2.650000 0.290994 0.000000 -1.000000 -0.000000 0.002397 0.386605
-0.582616 2.750000 0.290625 0.000000 1.000000 -0.000000 0.074323 0.433391
-0.496935 2.750000 0.291105 0.000000 1.000000 -0.000000 0.055376 0.433498
-0.497719 2.750000 0.084100 0.000000 1.000000 -0.000000 0.055546 0.387721
-0.582281 2.750000 0.084100 0.000000 1.000000 -0.000000 0.074246 0.387720
-0.590000 2.742281 0.084100 -0.999988 0.003554 -0.003411 0.049232 0.301687
-0.590000 2.657719 0.084100 -0.999988 0.003554 -0.003411 0.027289 0.301687
-0.590980 2.657719 0.283278 -0.999988 0.003554 -0.003411 0.027288 0.250000
-0.590378 2.742281 0.282978 -0.999988 0.003554 -0.003411 0.049232 0.250078
-0.488957 2.657719 0.283250 0.003049 -0.706789 -0.707418 0.023895 0.251696
-0.290000 2.657719 0.284100 0.003049 -0.706789 -0.707418 0.023706 0.295694
-0.290000 2.650000 0.291820 0.003049 -0.706789 -0.707418 0.021291 0.295690
-0.496612 2.650000 0.290922 0.003049 -0.706789 -0.707418 0.021490 0.250000
-0.590378 2.742281 0.282978 -0.004029 0.706475 -0.707726 0.077034 0.343517
-0.790000 2.742281 0.284100 -0.004029 0.706475 -0.707726 0.076784 0.387662
-0.790000 2.750000 0.291820 -0.004029 0.706475 -0.707726 0.074370 0.387658
-0.582616 2.750000 0.290625 -0.004029 0.706475 -0.707726 0.074634 0.341797
-0.490000 2.657719 0.084100 0.707658 -0.706545 -0.003748 0.023749 0.340849
-0.488957 2.657719 0.283250 0.707658 -0.706545 -0.003748 0.023981 0.384889
-0.496612 2.650000 0.290922 0.707658 -0.706545 -0.003748 0.021579 0.386589
-0.497719 2.650000 0.084100 0.707658 -0.706545 -0.003748 0.021335 0.340852
-0.290000 2.742281 0.284100 0.002464 0.707428 -0.706781 0.023671 0.386184
-0.489221 2.742281 0.283399 0.002464 0.707428 -0.706781 0.023825 0.430240
-0.496935 2.750000 0.291105 0.002464 0.707428 -0.706781 0.021415 0.431948
-0.290000 2.750000 0.291820 0.002464 0.707428 -0.706781 0.021257 0.386186
-0.790000 2.657719 0.284100 -0.002869 -0.707753 -0.706454 0.053144 0.295919
-0.590980 2.657719 0.283278 -0.002869 -0.707753 -0.706454 0.052964 0.251907
-0.583355 2.650000 0.290994 -0.002869 -0.707753 -0.706454 0.055376 0.250218
-0.790000 2.650000 0.291820 -0.002869 -0.707753 -0.706454 0.055558 0.295916
-0.489221 2.742281 0.283399 0.706538 0.707670 -0.002719 0.052964 0.431792
-0.490000 2.742281 0.084100 0.706538 0.707670 -0.002719 0.053132 0.387718
-0.497719 2.750000 0.084100 0.706538 0.707670 -0.002719 0.055546 0.387721
-0.496935 2.750000 0.291105 0.706538 0.707670 -0.002719 0.055376 0.433498
-0.590000 2.742281 0.084100 -0.705823 0.708387 -0.001241 0.076660 0.387718
-0.590378 2.742281 0.282978 -0.705823 0.708387 -0.001241 0.076743 0.431699
-0.582616 2.750000 0.290625 -0.705823 0.708387 -0.001241 0.074323 0.433391
-0.582281 2.750000 0.084100 -0.705823 0.708387 -0.001241 0.074246 0.387720
-0.590980 2.657719 0.283278 -0.708370 -0.705832 -0.003585 0.000000 0.384895
-0.590000 2.657719 0.084100 -0.708370 -0.705832 -0.003585 0.000220 0.340849
-0.582281 2.650000 0.084100 -0.708370 -0.705832 -0.003585 0.002635 0.340852
-0.583355 2.650000 0.290994 -0.708370 -0.705832 -0.003585 0.002397 0.386605
-0.496935 2.750000 0.377042 -0.000000 1.000000 0.000000 0.118038 0.293182
-0.496935 2.750000 0.291105 -0.000000 1.000000 0.000000 0.118038 0.271958
-0.582616 2.750000 0.290625 -0.000000 1.000000 0.000000 0.139198 0.271839
-0.582616 2.750000 0.377522 -0.000000 1.000000 0.000000 0.139198 0.293300
-0.790000 2.750000 0.376327 0.000000 1.000000 -0.000000 0.055682 0.387658
-0.582616 2.750000 0.377522 0.000000 1.000000 -0.000000 0.055417 0.341797
-0.582616 2.750000 0.290625 0.000000 1.000000 -0.000000 0.074634 0.341797
-0.790000 2.750000 0.291820 0.000000 1.000000 -0.000000 0.074370 0.387658
-0.290000 2.650000 0.376328 0.000000 -1.000000 0.000000 0.002603 0.295690
-0.496612 2.650000 0.377225 0.000000 -1.000000 0.000000 0.002405 0.250000
-0.496612 2.650000 0.290922 0.000000 -1.000000 0.000000 0.021490 0.250000
-0.290000 2.650000 0.291820 0.000000 -1.000000 0.000000 0.021291 0.295690
-0.496612 2.650000 0.290922 0.000000 -1.000000 0.000000 0.139198 0.250000
-0.496612 2.650000 0.377225 0.000000 -1.000000 0.000000 0.139198 0.271314
-0.583355 2.650000 0.377153 0.000000 -1.000000 0.000000 0.117775 0.271297
-0.583355 2.650000 0.290994 0.000000 -1.000000 0.000000 0.117775 0.250018
-0.790000 2.742281 0.384047 -0.004879 -0.001759 0.999987 0.027288 0.250000
-0.790000 2.657719 0.384047 -0.004879 -0.001759 0.999987 0.049232 0.250000
-0.590980 2.657719 0.384869 -0.004879 -0.001759 0.999987 0.049232 0.301646
-0.590378 2.742281 0.385170 -0.004879 -0.001759 0.999987 0.027288 0.301803
-0.488957 2.657719 0.384897 0.003897 0.000888 0.999992 0.115150 0.300849
-0.290000 2.657719 0.384047 0.003897 0.000888 0.999992 0.115150 0.352480
-0.290000 2.742281 0.384047 0.003897 0.000888 0.999992 0.093206 0.352480
-0.489221 2.742281 0.384748 0.003897 0.000888 0.999992 0.093206 0.300781
-0.490000 2.742281 0.584047 0.999988 0.001562 0.004572 0.027288 0.353516
-0.490000 2.657719 0.584047 0.999988 0.001562 0.004572 0.049232 0.353516
-0.488957 2.657719 0.384897 0.999988 0.001562 0.004572 0.049232 0.405196
-0.489221 2.742281 0.384748 0.999988 0.001562 0.004572 0.027288 0.405234
-0.582281 2.650000 0.584047 -0.000000 -1.000000 0.000000 0.021346 0.295121
-0.583355 2.650000 0.377153 -0.000000 -1.000000 0.000000 0.021584 0.340874
-0.496612 2.650000 0.377225 -0.000000 -1.000000 0.000000 0.002401 0.340858
-0.497719 2.650000 0.584047 -0.000000 -1.000000 0.000000 0.002646 0.295121
-0.582616 2.750000 0.377522 0.000000 1.000000 0.000000 0.055384 0.341710
-0.582281 2.750000 0.584047 0.000000 1.000000 0.000000 0.055461 0.296038
-0.497719 2.750000 0.584047 0.000000 1.000000 0.000000 0.074161 0.296039
-0.496935 2.750000 0.377042 0.000000 1.000000 0.000000 0.074332 0.341817
-0.590000 2.742281 0.584047 -0.999988 0.003554 0.003411 0.114662 0.250000
-0.590378 2.742281 0.385170 -0.999988 0.003554 0.003411 0.114662 0.301609
-0.590980 2.657719 0.384869 -0.999988 0.003554 0.003411 0.092718 0.301687
-0.590000 2.657719 0.584047 -0.999988 0.003554 0.003411 0.092718 0.250000
-0.488957 2.657719 0.384897 0.003049 -0.706789 0.707418 0.000000 0.251696
-0.496612 2.650000 0.377225 0.003049 -0.706789 0.707418 0.002405 0.250000
-0.290000 2.650000 0.376328 0.003049 -0.706789 0.707418 0.002603 0.295690
-0.290000 2.657719 0.384047 0.003049 -0.706789 0.707418 0.000189 0.295694
-0.590378 2.742281 0.385170 -0.004029 0.706475 0.707726 0.053017 0.343517
-0.582616 2.750000 0.377522 -0.004029 0.706475 0.707726 0.055417 0.341797
-0.790000 2.750000 0.376327 -0.004029 0.706475 0.707726 0.055682 0.387658
-0.790000 2.742281 0.384047 -0.004029 0.706475 0.707726 0.053267 0.387662
-0.490000 2.657719 0.584047 0.707658 -0.706545 0.003748 0.000232 0.295118
-0.497719 2.650000 0.584047 0.707658 -0.706545 0.003748 0.002646 0.295121
-0.496612 2.650000 0.377225 0.707658 -0.706545 0.003748 0.002401 0.340858
-0.488957 2.657719 0.384897 0.707658 -0.706545 0.003748 0.000000 0.339158
-0.290000 2.742281 0.384047 0.002464 0.707428 0.706781 0.000154 0.386184
-0.290000 2.750000 0.376328 0.002464 0.707428 0.706781 0.002568 0.386186
-0.496935 2.750000 0.377042 0.002464 0.707428 0.706781 0.002410 0.431948
-0.489221 2.742281 0.384748 0.002464 0.707428 0.706781 0.000000 0.430240
-0.790000 2.657719 0.384047 -0.002869 -0.707753 0.706454 0.076661 0.295919
-0.790000 2.650000 0.376328 -0.002869 -0.707753 0.706454 0.074247 0.295916
-0.583355 2.650000 0.377153 -0.002869 -0.707753 0.706454 0.074429 0.250218
-0.590980 2.657719 0.384869 -0.002869 -0.707753 0.706454 0.076841 0.251907
-0.489221 2.742281 0.384748 0.706538 0.707670 0.002719 0.076743 0.340110
-0.496935 2.750000 0.377042 0.706538 0.707670 0.002719 0.074332 0.341817
-0.497719 2.750000 0.584047 0.706538 0.707670 0.002719 0.074161 0.296039
-0.490000 2.742281 0.584047 0.706538 0.707670 0.002719 0.076575 0.296037
-0.590000 2.742281 0.584047 -0.705823 0.708387 0.001241 0.053047 0.296037
-0.582281 2.750000 0.584047 -0.705823 0.708387 0.001241 0.055461 0.296038
-0.582616 2.750000 0.377522 -0.705823 0.708387 0.001241 0.055384 0.341710
-0.590378 2.742281 0.385170 -0.705823 0.708387 0.001241 0.052964 0.340017
-0.590980 2.657719 0.384869 -0.708370 -0.705832 0.003585 0.023981 0.339164
-0.583355 2.650000 0.377153 -0.708370 -0.705832 0.003585 0.021584 0.340874
-0.582281 2.650000 0.584047 -0.708370 -0.705832 0.003585 0.021346 0.295121
-0.590000 2.657719 0.584047 -0.708370 -0.705832 0.003585 0.023760 0.295118
-0.496935 2.750000 0.377042 0.000000 1.000000 -0.000000 0.002410 0.431948
-0.290000 2.750000 0.376328 0.000000 1.000000 -0.000000 0.002568 0.386186
-0.290000 2.750000 0.291820 0.000000 1.000000 -0.000000 0.021257 0.386186
-0.496935 2.750000 0.291105 0.000000 1.000000 -0.000000 0.021415 0.431948
-1.102545 2.751067 0.016464 0.001886 0.999981 0.005840 0.092288 0.405671
-1.101778 2.750078 0.101004 0.001886 0.999981 0.005840 0.077816 0.405518
-0.800000 2.750000 0.101467 0.001886 0.999981 0.005840 0.077814 0.353863
-0.800000 2.750000 0.016905 0.001886 0.999981 0.005840 0.092288 0.353885
-1.202605 2.752091 0.017834 -0.999835 -0.000431 0.018141 0.077901 0.250000
-1.201071 2.750113 0.102357 -0.999835 -0.000431 0.018141 0.092375 0.250000
-1.201073 3.052498 0.109433 -0.999835 -0.000431 0.018141 0.092375 0.301773
-1.202607 3.054476 0.024910 -0.999835 -0.000431 0.018141 0.077901 0.301773
-1.110482 3.054696 0.015520 -0.015510 0.022536 -0.999626 0.035913 0.250001
-1.110330 2.743468 0.008724 -0.015510 0.022536 -0.999626 0.035934 0.305732
-1.195025 2.752185 0.010012 -0.015510 0.022536 -0.999626 0.020535 0.305732
-1.195028 3.054660 0.017054 -0.015510 0.022536 -0.999626 0.020540 0.250000
-1.109446 2.742269 0.108703 0.015603 -0.022566 0.999624 0.002123 0.305732
-1.108667 3.052357 0.115476 0.015603 -0.022566 0.999624 0.001985 0.250001
-1.193215 3.052321 0.117010 0.015603 -0.022566 0.999624 0.017358 0.250002
-1.193212 2.749937 0.109969 0.015603 -0.022566 0.999624 0.017354 0.305732
-1.109446 2.742269 0.108703 0.010087 0.001061 0.999949 0.201614 0.353526
-1.193212 2.749937 0.109969 0.010087 0.001061 0.999949 0.183220 0.355929
-1.192363 2.657786 0.109629 0.010087 0.001061 0.999949 0.183834 0.337506
-1.102409 2.657719 0.109150 0.010087 0.001061 0.999949 0.201614 0.334845
-1.201071 2.750113 0.102357 -0.999811 -0.013733 0.013775 0.165836 0.364974
-1.202605 2.752091 0.017834 -0.999811 -0.013733 0.013775 0.183388 0.364650
-1.200988 2.658870 0.017405 -0.999811 -0.013733 0.013775 0.183376 0.384006
-1.200152 2.657882 0.101946 -0.999811 -0.013733 0.013775 0.165823 0.384123
-1.102468 2.650000 0.016906 -0.006732 -0.999963 -0.005276 0.183388 0.405130
-1.102468 2.650000 0.101467 -0.006732 -0.999963 -0.005276 0.165833 0.405063
-1.192362 2.650157 0.101876 -0.006732 -0.999963 -0.005276 0.165818 0.386401
-1.193130 2.651054 0.017334 -0.006732 -0.999963 -0.005276 0.183371 0.386307
-0.800000 2.742281 0.109186 -0.000848 0.002610 0.999996 0.017358 0.362458
-1.109446 2.742269 0.108703 -0.000848 0.002610 0.999996 0.017351 0.418189
-1.102409 2.657719 0.109150 -0.000848 0.002610 0.999996 0.001980 0.418189
-0.800000 2.657719 0.109186 -0.000848 0.002610 0.999996 0.001985 0.362457
-0.800000 2.650000 0.016906 0.000000 -1.000000 0.000000 0.053873 0.301773
-0.800000 2.650000 0.101467 0.000000 -1.000000 0.000000 0.039398 0.301773
-1.102468 2.650000 0.101467 0.000000 -1.000000 0.000000 0.039398 0.250000
-1.102468 2.650000 0.016906 0.000000 -1.000000 0.000000 0.053873 0.250000
-1.102479 2.657720 0.009152 -0.010225 -0.000924 -0.999947 0.176811 0.356610
-1.193337 2.658866 0.009651 -0.010225 -0.000924 -0.999947 0.158877 0.353576
-1.195025 2.752185 0.010012 -0.010225 -0.000924 -0.999947 0.158257 0.334897
-1.110330 2.743468 0.008724 -0.010225 -0.000924 -0.999947 0.176811 0.337669
-1.110330 2.743468 0.008724 0.000805 -0.002479 -0.999997 0.001969 0.362174
-0.800000 2.742281 0.009186 0.000805 -0.002479 -0.999997 0.002173 0.306446
-0.800000 2.657720 0.009186 0.000805 -0.002479 -0.999997 0.017546 0.306443
-1.102479 2.657720 0.009152 0.000805 -0.002479 -0.999997 0.017558 0.362174
-1.200152 2.657882 0.101946 -0.573744 -0.583822 0.574430 0.181638 0.337182
-1.192362 2.650157 0.101876 -0.573744 -0.583822 0.574430 0.183247 0.335378
-1.192363 2.657786 0.109629 -0.573744 -0.583822 0.574430 0.183834 0.337506
-1.200988 2.658870 0.017405 -0.580719 -0.578647 -0.572655 0.156689 0.353885
-1.193337 2.658866 0.009651 -0.580719 -0.578647 -0.572655 0.158877 0.353576
-1.193130 2.651054 0.017334 -0.580719 -0.578647 -0.572655 0.158291 0.355720
-0.800000 2.742281 0.009186 0.003649 0.709417 -0.704779 0.002173 0.306446
-1.110330 2.743468 0.008724 0.003649 0.709417 -0.704779 0.001969 0.362174
-1.102545 2.751067 0.016464 0.003649 0.709417 -0.704779 0.000000 0.362174
-0.800000 2.750000 0.016905 0.003649 0.709417 -0.704779 0.000188 0.306442
-0.800000 2.657719 0.109186 -0.000042 -0.706295 0.707918 0.001985 0.362457
-1.102409 2.657719 0.109150 -0.000042 -0.706295 0.707918 0.001980 0.418189
-1.102468 2.650000 0.101467 -0.000042 -0.706295 0.707918 0.000000 0.418189
-0.800000 2.650000 0.101467 -0.000042 -0.706295 0.707918 0.000000 0.362457
-1.102479 2.657720 0.009152 0.000039 -0.707870 -0.706343 0.017558 0.362174
-0.800000 2.657720 0.009186 0.000039 -0.707870 -0.706343 0.017546 0.306443
-0.800000 2.650000 0.016906 0.000039 -0.707870 -0.706343 0.019531 0.306442
-1.102468 2.650000 0.016906 0.000039 -0.707870 -0.706343 0.019547 0.362174
-1.109446 2.742269 0.108703 -0.001022 0.704847 0.709359 0.017351 0.418189
-0.800000 2.742281 0.109186 -0.001022 0.704847 0.709359 0.017358 0.362458
-0.800000 2.750000 0.101467 -0.001022 0.704847 0.709359 0.019343 0.362460
-1.101778 2.750078 0.101004 -0.001022 0.704847 0.709359 0.019347 0.418189
-1.193212 2.749937 0.109969 -0.694998 -0.016785 0.718815 0.017354 0.305732
-1.193215 3.052321 0.117010 -0.694998 -0.016785 0.718815 0.017358 0.250002
-1.201073 3.052498 0.109433 -0.694998 -0.016785 0.718815 0.019343 0.250002
-1.201071 2.750113 0.102357 -0.694998 -0.016785 0.718815 0.019343 0.305732
-1.195028 3.054660 0.017054 -0.718975 0.016213 -0.694847 0.020540 0.250000
-1.195025 2.752185 0.010012 -0.718975 0.016213 -0.694847 0.020535 0.305732
-1.202605 2.752091 0.017834 -0.718975 0.016213 -0.694847 0.018555 0.305732
-1.202607 3.054476 0.024910 -0.718975 0.016213 -0.694847 0.018555 0.250000
-1.110330 2.743468 0.008724 0.695628 0.015951 -0.718225 0.035934 0.305732
-1.110482 3.054696 0.015520 0.695628 0.015951 -0.718225 0.035913 0.250001
-1.102624 3.054519 0.023096 0.695628 0.015951 -0.718225 0.037898 0.250003
-1.102545 2.751067 0.016464 0.695628 0.015951 -0.718225 0.037908 0.305732
-1.108667 3.052357 0.115476 0.718398 -0.016920 0.695426 0.001985 0.250001
-1.109446 2.742269 0.108703 0.718398 -0.016920 0.695426 0.002123 0.305732
-1.101778 2.750078 0.101004 0.718398 -0.016920 0.695426 0.000125 0.305732
-1.101089 3.052541 0.107620 0.718398 -0.016920 0.695426 0.000000 0.250000
-1.193130 2.651054 0.017334 -0.704651 -0.709553 -0.001231 0.183371 0.386307
-1.192362 2.650157 0.101876 -0.704651 -0.709553 -0.001231 0.165818 0.386401
-1.200152 2.657882 0.101946 -0.704651 -0.709553 -0.001231 0.165823 0.384123
-1.200988 2.658870 0.017405 -0.704651 -0.709553 -0.001231 0.183376 0.384006
-1.193337 2.658866 0.009651 -0.012167 -0.704966 -0.709136 0.158877 0.353576
-1.102479 2.657720 0.009152 -0.012167 -0.704966 -0.709136 0.176811 0.356610
-1.102468 2.650000 0.016906 -0.012167 -0.704966 -0.709136 0.176452 0.358803
-1.193130 2.651054 0.017334 -0.012167 -0.704966 -0.709136 0.158291 0.355720
-1.102409 2.657719 0.109150 0.002600 -0.709137 0.705065 0.201614 0.334845
-1.192363 2.657786 0.109629 0.002600 -0.709137 0.705065 0.183834 0.337506
-1.192362 2.650157 0.101876 0.002600 -0.709137 0.705065 0.183247 0.335378
-1.102468 2.650000 0.101467 0.002600 -0.709137 0.705065 0.201283 0.332660
-1.195025 2.752185 0.010012 -0.714945 -0.009710 -0.699113 0.158257 0.334897
-1.193337 2.658866 0.009651 -0.714945 -0.009710 -0.699113 0.158877 0.353576
-1.200988 2.658870 0.017405 -0.714945 -0.009710 -0.699113 0.156689 0.353885
-1.202605 2.752091 0.017834 -0.714945 -0.009710 -0.699113 0.156045 0.334957
-1.192363 2.657786 0.109629 -0.699024 -0.009611 0.715034 0.183834 0.337506
-1.193212 2.749937 0.109969 -0.699024 -0.009611 0.715034 0.183220 0.355929
-1.201071 2.750113 0.102357 -0.699024 -0.009611 0.715034 0.180998 0.355898
-1.200152 2.657882 0.101946 -0.699024 -0.009611 0.715034 0.181638 0.337182
-1.102624 3.054519 0.023096 0.999907 -0.000707 -0.013625 0.092349 0.353712
-1.101089 3.052541 0.107620 0.999907 -0.000707 -0.013625 0.077875 0.353690
-1.101778 2.750078 0.101004 0.999907 -0.000707 -0.013625 0.077878 0.301905
-1.102545 2.751067 0.016464 0.999907 -0.000707 -0.013625 0.092349 0.301758
1.010000 2.742281 0.238035 -0.004879 -0.001759 -0.999987 0.152742 0.365658
1.209622 2.742281 0.236913 -0.004879 -0.001759 -0.999987 0.152741 0.325172
1.209020 2.657719 0.237213 -0.004879 -0.001759 -0.999987 0.169892 0.325294
1.010000 2.657719 0.238035 -0.004879 -0.001759 -0.999987 0.169892 0.365658
1.311043 2.657719 0.237185 0.003897 0.000888 -0.999992 0.186717 0.408536
1.310779 2.742281 0.237334 0.003897 0.000888 -0.999992 0.169567 0.408589
1.510000 2.742281 0.238035 0.003897 0.000888 -0.999992 0.169567 0.368184
1.510000 2.657719 0.238035 0.003897 0.000888 -0.999992 0.186717 0.368184
1.310000 2.742281 0.038035 0.999988 0.001562 -0.004571 0.169952 0.365592
1.310779 2.742281 0.237334 0.999988 0.001562 -0.004571 0.169952 0.325172
1.311043 2.657719 0.237185 0.999988 0.001562 -0.004571 0.187102 0.325202
1.310000 2.657719 0.038035 0.999988 0.001562 -0.004571 0.187102 0.365592
1.217719 2.650000 0.038035 0.000000 -1.000000 -0.000000 0.076095 0.360338
1.302281 2.650000 0.038035 0.000000 -1.000000 -0.000000 0.093245 0.360338
1.303388 2.650000 0.244857 0.000000 -1.000000 -0.000000 0.093469 0.402284
1.216645 2.650000 0.244929 0.000000 -1.000000 -0.000000 0.075876 0.402298
1.217384 2.750000 0.244560 0.000000 1.000000 -0.000000 0.115320 0.402200
1.303065 2.750000 0.245040 0.000000 1.000000 -0.000000 0.097943 0.402298
1.302281 2.750000 0.038035 0.000000 1.000000 -0.000000 0.098100 0.360315
1.217719 2.750000 0.038035 0.000000 1.000000 -0.000000 0.115250 0.360314
1.210000 2.742281 0.038035 -0.999988 0.003554 -0.003411 0.204313 0.365568
1.210000 2.657719 0.038035 -0.999988 0.003554 -0.003411 0.187163 0.365568
1.209020 2.657719 0.237213 -0.999988 0.003554 -0.003411 0.187162 0.325172
1.209622 2.742281 0.236913 -0.999988 0.003554 -0.003411 0.204313 0.325233
1.311043 2.657719 0.237185 0.003049 -0.706788 -0.707419 0.035605 0.290351
1.510000 2.657719 0.238035 0.003049 -0.706788 -0.707419 0.035778 0.250000
1.510000 2.650000 0.245755 0.003049 -0.706788 -0.707419 0.037993 0.250003
1.303388 2.650000 0.244857 0.003049 -0.706788 -0.707419 0.037810 0.291906
1.209622 2.742281 0.236913 -0.004029 0.706475 -0.707726 0.013748 0.290486
1.010000 2.742281 0.238035 -0.004029 0.706475 -0.707726 0.013977 0.250000
1.010000 2.750000 0.245755 -0.004029 0.706475 -0.707726 0.016192 0.250004
1.217384 2.750000 0.244560 -0.004029 0.706475 -0.707726 0.015949 0.292064
1.310000 2.657719 0.038035 0.707659 -0.706544 -0.003748 0.095459 0.360335
1.311043 2.657719 0.237185 0.707659 -0.706544 -0.003748 0.095671 0.400724
1.303388 2.650000 0.244857 0.707659 -0.706544 -0.003748 0.093469 0.402284
1.302281 2.650000 0.038035 0.707659 -0.706544 -0.003748 0.093245 0.360338
1.510000 2.742281 0.238035 0.002464 0.707428 -0.706781 0.013977 0.351412
1.310779 2.742281 0.237334 0.002464 0.707428 -0.706781 0.013836 0.311007
1.303065 2.750000 0.245040 0.002464 0.707428 -0.706781 0.016047 0.309441
1.510000 2.750000 0.245755 0.002464 0.707428 -0.706781 0.016191 0.351410
1.010000 2.657719 0.238035 -0.002869 -0.707753 -0.706454 0.035778 0.351411
1.209020 2.657719 0.237213 -0.002869 -0.707753 -0.706454 0.035613 0.311048
1.216645 2.650000 0.244929 -0.002869 -0.707753 -0.706454 0.037825 0.309499
1.010000 2.650000 0.245755 -0.002869 -0.707753 -0.706454 0.037992 0.351409
1.310779 2.742281 0.237334 0.706537 0.707671 -0.002718 0.095732 0.400733
1.310000 2.742281 0.038035 0.706537 0.707671 -0.002718 0.095886 0.360313
1.302281 2.750000 0.038035 0.706537 0.707671 -0.002718 0.098100 0.360315
1.303065 2.750000 0.245040 0.706537 0.707671 -0.002718 0.097943 0.402298
1.210000 2.742281 0.038035 -0.705825 0.708385 -0.001241 0.117464 0.360313
1.209622 2.742281 0.236913 -0.705825 0.708385 -0.001241 0.117540 0.400648
1.217384 2.750000 0.244560 -0.705825 0.708385 -0.001241 0.115320 0.402200
1.217719 2.750000 0.038035 -0.705825 0.708385 -0.001241 0.115250 0.360314
1.209020 2.657719 0.237213 -0.708371 -0.705831 -0.003585 0.073678 0.400730
1.210000 2.657719 0.038035 -0.708371 -0.705831 -0.003585 0.073881 0.360335
1.217719 2.650000 0.038035 -0.708371 -0.705831 -0.003585 0.076095 0.360338
1.216645 2.650000 0.244929 -0.708371 -0.705831 -0.003585 0.075876 0.402298
1.010000 2.750000 0.330263 0.000000 1.000000 0.000000 0.033331 0.250004
1.510000 2.750000 0.330263 0.000000 1.000000 0.000000 0.033331 0.351410
1.510000 2.750000 0.245755 0.000000 1.000000 0.000000 0.016191 0.351410
1.303065 2.750000 0.245040 0.000000 1.000000 0.000000 0.016047 0.309441
1.217384 2.750000 0.244560 0.000000 1.000000 0.000000 0.015949 0.292064
1.010000 2.750000 0.245755 0.000000 1.000000 0.000000 0.016192 0.250004
1.510000 2.650000 0.330263 0.000000 -1.000000 -0.000001 0.055132 0.250003
1.010000 2.650000 0.330263 0.000000 -1.000000 -0.000001 0.055132 0.351409
1.010000 2.650000 0.245755 0.000000 -1.000000 -0.000001 0.037992 0.351409
1.216645 2.650000 0.244929 0.000000 -1.000000 -0.000001 0.037825 0.309499
1.303388 2.650000 0.244857 0.000000 -1.000000 -0.000001 0.037810 0.291906
1.510000 2.650000 0.245755 0.000000 -1.000000 -0.000001 0.037993 0.250003
1.010000 2.657719 0.337982 0.000000 0.000000 1.000000 0.074556 0.250000
1.510000 2.657719 0.337982 0.000000 0.000000 1.000000 0.074556 0.351406
1.510000 2.742281 0.337982 0.000000 0.000000 1.000000 0.057406 0.351406
1.010000 2.742281 0.337982 0.000000 0.000000 1.000000 0.057406 0.250000
1.010000 2.742281 0.337982 -0.000000 0.707113 0.707101 0.035545 0.250004
1.510000 2.742281 0.337982 -0.000000 0.707113 0.707101 0.035545 0.351410
1.510000 2.750000 0.330263 -0.000000 0.707113 0.707101 0.033331 0.351410
1.010000 2.750000 0.330263 -0.000000 0.707113 0.707101 0.033331 0.250004
1.510000 2.657719 0.337982 0.000000 -0.707118 0.707096 0.057346 0.250003
1.010000 2.657719 0.337982 0.000000 -0.707118 0.707096 0.057346 0.351409
1.010000 2.650000 0.330263 0.000000 -0.707118 0.707096 0.055132 0.351409
1.510000 2.650000 0.330263 0.000000 -0.707118 0.707096 0.055132 0.250003
-0.196314 1.206090 0.010000 -1.000000 -0.000000 0.000000 0.383347 0.224485
-0.196314 1.206090 0.310000 -1.000000 -0.000000 0.000000 0.435013 0.224485
-0.196314 1.246090 0.310000 -1.000000 -0.000000 0.000000 0.435013 0.231373
-0.196314 1.246090 0.010000 -1.000000 -0.000000 0.000000 0.383347 0.231373
-0.196314 1.246090 0.010000 0.000000 1.000000 0.000000 0.435013 0.231373
-0.196314 1.246090 0.310000 0.000000 1.000000 0.000000 0.383347 0.231373
-0.156314 1.246090 0.310000 0.000000 1.000000 0.000000 0.383347 0.224485
-0.156314 1.246090 0.010000 0.000000 1.000000 0.000000 0.435013 0.224485
0.191466 1.206090 0.010000 -1.000000 -0.000000 0.000000 0.435013 0.231373
0.191466 1.206090 0.310000 -1.000000 -0.000000 0.000000 0.383347 0.231373
0.191466 1.246090 0.310000 -1.000000 -0.000000 0.000000 0.383347 0.224485
0.191466 1.246090 0.010000 -1.000000 -0.000000 0.000000 0.435013 0.224485
0.191466 1.246090 0.010000 0.000000 -1.000000 0.000000 0.383347 0.224485
0.191466 1.246090 0.310000 0.000000 -1.000000 0.000000 0.435013 0.224485
0.151466 1.246090 0.310000 0.000000 -1.000000 0.000000 0.435013 0.231373
0.151466 1.246090 0.010000 0.000000 -1.000000 0.000000 0.383347 0.231373
-0.196314 1.246090 0.010000 0.000000 0.000000 -1.000000 0.317732 0.230706
-0.156314 1.246090 0.010000 0.000000 0.000000 -1.000000 0.322028 0.226073
-0.196314 1.206090 0.010000 0.000000 0.000000 -1.000000 0.322028 0.235339
-0.156314 1.246090 0.310000 0.000000 0.000000 1.000000 0.367592 0.226073
-0.196314 1.246090 0.310000 0.000000 0.000000 1.000000 0.371887 0.230706
-0.196314 1.206090 0.310000 0.000000 0.000000 1.000000 0.367592 0.235339
-0.156314 1.246090 0.310000 0.707106 -0.707107 0.000000 0.367592 0.226073
-0.196314 1.206090 0.310000 0.707106 -0.707107 0.000000 0.367592 0.235339
-0.196314 1.206090 0.010000 0.707106 -0.707107 0.000000 0.322028 0.235339
-0.156314 1.246090 0.010000 0.707106 -0.707107 0.000000 0.322028 0.226073
0.191466 1.246090 0.010000 0.000000 -0.000000 1.000000 0.317732 0.230706
0.151466 1.246090 0.010000 0.000000 -0.000000 1.000000 0.322028 0.226073
0.191466 1.206090 0.010000 0.000000 -0.000000 1.000000 0.322028 0.235339
0.151466 1.246090 0.310000 0.000000 0.000000 -1.000000 0.367592 0.226073
0.191466 1.246090 0.310000 0.000000 0.000000 -1.000000 0.371887 0.230706
0.191466 1.206090 0.310000 0.000000 0.000000 -1.000000 0.367592 0.235339
0.151466 1.246090 0.310000 0.707106 0.707107 0.000000 0.367592 0.226073
0.191466 1.206090 0.310000 0.707106 0.707107 0.000000 0.367592 0.235339
0.191466 1.206090 0.010000 0.707106 0.707107 0.000000 0.322028 0.235339
0.151466 1.246090 0.010000 0.707106 0.707107 0.000000 0.322028 0.226073
-0.196314 0.797608 0.010000 1.000000 -0.000000 0.000000 0.435013 0.231373
-0.196314 0.797608 0.310000 1.000000 -0.000000 0.000000 0.383347 0.231373
-0.196314 0.757608 0.310000 1.000000 -0.000000 0.000000 0.383347 0.224485
-0.196314 0.757608 0.010000 1.000000 -0.000000 0.000000 0.435013 0.224485
-0.196314 0.757608 0.010000 0.000000 1.000000 0.000000 0.435013 0.231373
-0.196314 0.757608 0.310000 0.000000 1.000000 0.000000 0.383347 0.231373
-0.156314 0.757608 0.310000 0.000000 1.000000 0.000000 0.383347 0.224485
-0.156314 0.757608 0.010000 0.000000 1.000000 0.000000 0.435013 0.224485
0.191466 0.797608 0.010000 1.000000 -0.000000 0.000000 0.435013 0.231373
0.191466 0.797608 0.310000 1.000000 -0.000000 0.000000 0.383347 0.231373
0.191466 0.757608 0.310000 1.000000 -0.000000 0.000000 0.383347 0.224485
0.191466 0.757608 0.010000 1.000000 -0.000000 0.000000 0.435013 0.224485
0.191466 0.757608 0.010000 0.000000 -1.000000 0.000000 0.383347 0.224485
0.191466 0.757608 0.310000 0.000000 -1.000000 0.000000 0.435013 0.224485
0.151466 0.757608 0.310000 0.000000 -1.000000 0.000000 0.435013 0.231373
0.151466 0.757608 0.010000 0.000000 -1.000000 0.000000 0.383347 0.231373
-0.196314 0.757608 0.010000 0.000000 0.000000 1.000000 0.317754 0.230682
-0.156314 0.757608 0.010000 0.000000 0.000000 1.000000 0.322050 0.226049
-0.196314 0.797608 0.010000 0.000000 0.000000 1.000000 0.322050 0.235315
-0.156314 0.757608 0.310000 0.000000 0.000000 -1.000000 0.367614 0.226049
-0.196314 0.757608 0.310000 0.000000 0.000000 -1.000000 0.371909 0.230682
-0.196314 0.797608 0.310000 0.000000 0.000000 -1.000000 0.367614 0.235315
-0.156314 0.757608 0.310000 -0.707107 -0.707107 0.000000 0.367614 0.226049
-0.196314 0.797608 0.310000 -0.707107 -0.707107 0.000000 0.367614 0.235315
-0.196314 0.797608 0.010000 -0.707107 -0.707107 0.000000 0.322050 0.235315
-0.156314 0.757608 0.010000 -0.707107 -0.707107 0.000000 0.322050 0.226049
0.191466 0.757608 0.010000 0.000000 -0.000000 -1.000000 0.317732 0.230706
0.151466 0.757608 0.010000 0.000000 -0.000000 -1.000000 0.322028 0.226073
0.191466 0.797608 0.010000 0.000000 -0.000000 -1.000000 0.322028 0.235339
0.151466 0.757608 0.310000 0.000000 0.000000 1.000000 0.367592 0.226073
0.191466 0.757608 0.310000 0.000000 0.000000 1.000000 0.371887 0.230706
0.191466 0.797608 0.310000 0.000000 0.000000 1.000000 0.367592 0.235339
0.151466 0.757608 0.310000 -0.707107 0.707107 0.000000 0.367592 0.226073
0.191466 0.797608 0.310000 -0.707107 0.707107 0.000000 0.367592 0.235339
0.191466 0.797608 0.010000 -0.707107 0.707107 0.000000 0.322028 0.235339
0.151466 0.757608 0.010000 -0.707107 0.707107 0.000000 0.322028 0.226073
0.189381 0.750376 0.007841 -0.064073 -0.922759 0.380013 0.331845 0.003918
0.124130 0.759946 0.008474 -0.064073 -0.922759 0.380013 0.320380 0.003705
0.120573 0.750376 -0.003761 -0.064073 -0.922759 0.380013 0.320416 0.001771
0.189381 0.750376 -0.003761 -0.064073 -0.922759 0.380013 0.331882 0.001985
0.189381 0.750376 -0.003761 0.000000 0.000000 -1.000000 0.313324 0.088771
0.120573 0.750376 -0.003761 0.000000 0.000000 -1.000000 0.301421 0.088568
0.120573 1.252775 -0.003761 0.000000 0.000000 -1.000000 0.302899 0.001656
0.189381 1.252775 -0.003761 0.000000 0.000000 -1.000000 0.314802 0.001859
0.189381 1.252775 -0.003761 0.062493 0.926670 0.370643 0.330248 0.089570
0.120573 1.252775 -0.003761 0.062493 0.926670 0.370643 0.318783 0.089357
0.120573 1.252775 0.007841 0.062493 0.926670 0.370643 0.318819 0.087423
0.184493 1.244147 0.007033 0.062493 0.926670 0.370643 0.330285 0.087637
0.184493 1.244147 0.007033 0.011375 0.001558 0.999934 0.330285 0.087637
0.120573 1.252775 0.007841 0.011375 0.001558 0.999934 0.318819 0.087423
0.124130 0.759946 0.008474 0.011375 0.001558 0.999934 0.320380 0.003705
0.189381 0.750376 0.007841 0.011375 0.001558 0.999934 0.331845 0.003918
0.189381 0.750376 -0.003761 0.976586 0.004967 0.215070 0.313324 0.088771
0.189381 1.252775 -0.003761 0.976586 0.004967 0.215070 0.314802 0.001859
0.184493 1.244147 0.007033 0.976586 0.004967 0.215070 0.316809 0.001893
0.189381 0.750376 0.007841 0.976586 0.004967 0.215070 0.315331 0.088805
0.120573 1.252775 -0.003761 -0.988843 -0.003439 0.148923 0.302899 0.001656
0.120573 0.750376 -0.003761 -0.988843 -0.003439 0.148923 0.301421 0.088568
0.124130 0.759946 0.008474 -0.988843 -0.003439 0.148923 0.299414 0.088534
0.120573 1.252775 0.007841 -0.988843 -0.003439 0.148923 0.300892 0.001622
-0.193357 0.745775 0.008541 -1.000000 -0.000001 0.000000 0.429989 0.204969
-0.193357 0.745775 0.077349 -1.000000 -0.000001 0.000000 0.430310 0.193978
-0.193357 0.757377 0.077349 -1.000000 -0.000001 0.000000 0.432164 0.194032
-0.193357 0.757377 0.008541 -1.000000 -0.000001 0.000000 0.431842 0.205023
-0.193357 0.757377 0.008541 0.000000 1.000000 0.000000 0.377740 0.220616
-0.193357 0.757377 0.077349 0.000000 1.000000 0.000000 0.377740 0.210023
0.193357 0.757377 0.077349 0.000000 1.000000 0.000000 0.442728 0.210023
0.193357 0.757377 0.008541 0.000000 1.000000 0.000000 0.442728 0.220616
0.193357 0.757377 0.008541 1.000000 0.000001 -0.000000 0.366366 0.203109
0.193357 0.757377 0.077349 1.000000 0.000001 -0.000000 0.366688 0.192119
0.193357 0.745775 0.077349 1.000000 0.000001 -0.000000 0.368541 0.192173
0.193357 0.745775 0.008541 1.000000 0.000001 -0.000000 0.368220 0.203164
0.193357 0.745775 0.008541 0.000000 -1.000000 0.000000 0.368220 0.203164
0.193357 0.745775 0.077349 0.000000 -1.000000 0.000000 0.368541 0.192173
-0.193357 0.745775 0.077349 0.000000 -1.000000 0.000000 0.430310 0.193978
-0.193357 0.745775 0.008541 0.000000 -1.000000 0.000000 0.429989 0.204969
-0.193357 0.757377 0.008541 -0.000000 0.000000 -1.000000 0.377740 0.220616
0.193357 0.757377 0.008541 -0.000000 0.000000 -1.000000 0.442728 0.220616
0.193357 0.745775 0.008541 -0.000000 0.000000 -1.000000 0.442728 0.222402
-0.193357 0.745775 0.008541 -0.000000 0.000000 -1.000000 0.377740 0.222402
0.193357 0.757377 0.077349 -0.000000 0.000000 1.000000 0.442728 0.210023
-0.193357 0.757377 0.077349 -0.000000 0.000000 1.000000 0.377740 0.210023
-0.193357 0.745775 0.077349 -0.000000 0.000000 1.000000 0.377740 0.208237
0.193357 0.745775 0.077349 -0.000000 0.000000 1.000000 0.442728 0.208237
0.189168 0.745775 0.307487 1.000000 -0.000000 0.000000 0.429989 0.204969
0.189168 0.745775 0.246722 1.000000 -0.000000 0.000000 0.430310 0.193978
0.189168 0.757377 0.246722 1.000000 -0.000000 0.000000 0.432164 0.194032
0.189168 0.757377 0.307487 1.000000 -0.000000 0.000000 0.431842 0.205023
0.189168 0.757377 0.307487 -0.000000 1.000000 0.000000 0.377740 0.220616
0.189168 0.757377 0.246722 -0.000000 1.000000 0.000000 0.377740 0.210023
-0.197547 0.757377 0.246722 -0.000000 1.000000 0.000000 0.442728 0.210023
-0.197547 0.757377 0.307487 -0.000000 1.000000 0.000000 0.442728 0.220616
-0.197547 0.757377 0.307487 -1.000000 -0.000001 -0.000000 0.366366 0.203109
-0.197547 0.757377 0.246722 -1.000000 -0.000001 -0.000000 0.366688 0.192119
-0.197547 0.745775 0.246722 -1.000000 -0.000001 -0.000000 0.368541 0.192173
-0.197547 0.745775 0.307487 -1.000000 -0.000001 -0.000000 0.368220 0.203164
-0.197547 0.745775 0.307487 -0.000000 -1.000000 0.000000 0.368220 0.203164
-0.197547 0.745775 0.246722 -0.000000 -1.000000 0.000000 0.368541 0.192173
0.189168 0.745775 0.246722 -0.000000 -1.000000 0.000000 0.430310 0.193978
0.189168 0.745775 0.307487 -0.000000 -1.000000 0.000000 0.429989 0.204969
0.189168 0.757377 0.307487 -0.000000 0.000000 1.000000 0.377740 0.220616
-0.197547 0.757377 0.307487 -0.000000 0.000000 1.000000 0.442728 0.220616
-0.197547 0.745775 0.307487 -0.000000 0.000000 1.000000 0.442728 0.222402
0.189168 0.745775 0.307487 -0.000000 0.000000 1.000000 0.377740 0.222402
-0.197547 0.757377 0.246722 0.000000 0.000001 -1.000000 0.442728 0.210023
0.189168 0.757377 0.246722 0.000000 0.000001 -1.000000 0.377740 0.210023
0.189168 0.745775 0.246722 0.000000 0.000001 -1.000000 0.377740 0.208237
-0.197547 0.745775 0.246722 0.000000 0.000001 -1.000000 0.442728 0.208237
0.190739 0.757377 0.159368 1.000000 0.000001 -0.000000 0.429989 0.204969
0.190739 0.757377 0.228175 1.000000 0.000001 -0.000000 0.430310 0.193978
0.190739 0.745775 0.228175 1.000000 0.000001 -0.000000 0.432164 0.194032
0.190739 0.745775 0.159368 1.000000 0.000001 -0.000000 0.431842 0.205023
0.190739 0.745775 0.159368 0.000000 -1.000000 0.000000 0.377740 0.220616
0.190739 0.745775 0.228175 0.000000 -1.000000 0.000000 0.377740 0.210023
-0.195976 0.745775 0.228175 0.000000 -1.000000 0.000000 0.442728 0.210023
-0.195976 0.745775 0.159368 0.000000 -1.000000 0.000000 0.442728 0.220616
-0.195976 0.745775 0.159368 -1.000000 0.000000 -0.000000 0.366366 0.203109
-0.195976 0.745775 0.228175 -1.000000 0.000000 -0.000000 0.366688 0.192119
-0.195976 0.757377 0.228175 -1.000000 0.000000 -0.000000 0.368541 0.192173
-0.195976 0.757377 0.159368 -1.000000 0.000000 -0.000000 0.368220 0.203164
-0.195976 0.757377 0.159368 0.000000 1.000000 0.000000 0.368220 0.203164
-0.195976 0.757377 0.228175 0.000000 1.000000 0.000000 0.368541 0.192173
0.190739 0.757377 0.228175 0.000000 1.000000 0.000000 0.430310 0.193978
0.190739 0.757377 0.159368 0.000000 1.000000 0.000000 0.429989 0.204969
0.190739 0.745775 0.159368 -0.000000 0.000001 -1.000000 0.377740 0.220616
-0.195976 0.745775 0.159368 -0.000000 0.000001 -1.000000 0.442728 0.220616
-0.195976 0.757377 0.159368 -0.000000 0.000001 -1.000000 0.442728 0.222402
0.190739 0.757377 0.159368 -0.000000 0.000001 -1.000000 0.377740 0.222402
-0.195976 0.745775 0.228175 0.000000 -0.000001 1.000000 0.442728 0.210023
0.190739 0.745775 0.228175 0.000000 -0.000001 1.000000 0.377740 0.210023
0.190739 0.757377 0.228175 0.000000 -0.000001 1.000000 0.377740 0.208237
-0.195976 0.757377 0.228175 0.000000 -0.000001 1.000000 0.442728 0.208237
-0.194916 0.757368 0.153828 -1.000000 0.000000 0.000000 0.429989 0.204969
-0.194916 0.757368 0.085020 -1.000000 0.000000 0.000000 0.430310 0.193978
-0.194916 0.745766 0.085020 -1.000000 0.000000 0.000000 0.432164 0.194032
-0.194916 0.745766 0.153828 -1.000000 0.000000 0.000000 0.431842 0.205023
-0.194916 0.745766 0.153828 0.000000 -1.000000 0.000000 0.377740 0.220616
-0.194916 0.745766 0.085020 0.000000 -1.000000 0.000000 0.377740 0.210023
0.191799 0.745766 0.085020 0.000000 -1.000000 0.000000 0.442728 0.210023
0.191799 0.745766 0.153828 0.000000 -1.000000 0.000000 0.442728 0.220616
0.191799 0.745766 0.153828 1.000000 0.000001 -0.000000 0.366366 0.203109
0.191799 0.745766 0.085020 1.000000 0.000001 -0.000000 0.366688 0.192119
0.191799 0.757368 0.085020 1.000000 0.000001 -0.000000 0.368541 0.192173
0.191799 0.757368 0.153828 1.000000 0.000001 -0.000000 0.368220 0.203164
0.191799 0.757368 0.153828 0.000000 1.000000 -0.000000 0.368220 0.203164
0.191799 0.757368 0.085020 0.000000 1.000000 -0.000000 0.368541 0.192173
-0.194916 0.757368 0.085020 0.000000 1.000000 -0.000000 0.430310 0.193978
-0.194916 0.757368 0.153828 0.000000 1.000000 -0.000000 0.429989 0.204969
-0.194916 0.745766 0.153828 0.000000 -0.000001 1.000000 0.377740 0.220616
0.191799 0.745766 0.153828 0.000000 -0.000001 1.000000 0.442728 0.220616
0.191799 0.757368 0.153828 0.000000 -0.000001 1.000000 0.442728 0.222402
-0.194916 0.757368 0.153828 0.000000 -0.000001 1.000000 0.377740 0.222402
0.191799 0.745766 0.085020 -0.000000 0.000000 -1.000000 0.442728 0.210023
-0.194916 0.745766 0.085020 -0.000000 0.000000 -1.000000 0.377740 0.210023
-0.194916 0.757368 0.085020 -0.000000 0.000000 -1.000000 0.377740 0.208237
0.191799 0.757368 0.085020 -0.000000 0.000000 -1.000000 0.442728 0.208237
-0.193357 1.245775 0.008541 -1.000000 -0.000001 0.000001 0.429989 0.204969
-0.193357 1.245775 0.077349 -1.000000 -0.000001 0.000001 0.430310 0.193978
-0.193357 1.257377 0.077349 -1.000000 -0.000001 0.000001 0.432164 0.194032
-0.193357 1.257377 0.008541 -1.000000 -0.000001 0.000001 0.431842 0.205023
-0.193357 1.257377 0.008541 0.000000 1.000000 0.000000 0.377740 0.220616
-0.193357 1.257377 0.077349 0.000000 1.000000 0.000000 0.377740 0.210023
0.193357 1.257377 0.077349 0.000000 1.000000 0.000000 0.442728 0.210023
0.193357 1.257377 0.008541 0.000000 1.000000 0.000000 0.442728 0.220616
0.193357 1.257377 0.008541 1.000000 0.000001 -0.000000 0.366366 0.203109
0.193357 1.257377 0.077349 1.000000 0.000001 -0.000000 0.366688 0.192119
0.193357 1.245775 0.077349 1.000000 0.000001 -0.000000 0.368541 0.192173
0.193357 1.245775 0.008541 1.000000 0.000001 -0.000000 0.368220 0.203164
0.193357 1.245775 0.008541 0.000000 -1.000000 0.000000 0.368220 0.203164
0.193357 1.245775 0.077349 0.000000 -1.000000 0.000000 0.368541 0.192173
-0.193357 1.245775 0.077349 0.000000 -1.000000 0.000000 0.430310 0.193978
-0.193357 1.245775 0.008541 0.000000 -1.000000 0.000000 0.429989 0.204969
-0.193357 1.257377 0.008541 -0.000000 -0.000000 -1.000000 0.377740 0.220616
0.193357 1.257377 0.008541 -0.000000 -0.000000 -1.000000 0.442728 0.220616
0.193357 1.245775 0.008541 -0.000000 -0.000000 -1.000000 0.442728 0.222402
-0.193357 1.245775 0.008541 -0.000000 -0.000000 -1.000000 0.377740 0.222402
0.193357 1.257377 0.077349 -0.000000 0.000000 1.000000 0.442728 0.210023
-0.193357 1.257377 0.077349 -0.000000 0.000000 1.000000 0.377740 0.210023
-0.193357 1.245775 0.077349 -0.000000 0.000000 1.000000 0.377740 0.208237
0.193357 1.245775 0.077349 -0.000000 0.000000 1.000000 0.442728 0.208237
0.189168 1.245775 0.307487 1.000000 0.000001 0.000000 0.429989 0.204969
0.189168 1.245775 0.246722 1.000000 0.000001 0.000000 0.430310 0.193978
0.189168 1.257377 0.246722 1.000000 0.000001 0.000000 0.432164 0.194032
0.189168 1.257377 0.307487 1.000000 0.000001 0.000000 0.431842 0.205023
0.189168 1.257377 0.307487 -0.000000 1.000000 0.000000 0.377740 0.220616
0.189168 1.257377 0.246722 -0.000000 1.000000 0.000000 0.377740 0.210023
-0.197547 1.257377 0.246722 -0.000000 1.000000 0.000000 0.442728 0.210023
-0.197547 1.257377 0.307487 -0.000000 1.000000 0.000000 0.442728 0.220616
-0.197547 1.257377 0.307487 -1.000000 0.000000 -0.000000 0.366366 0.203109
-0.197547 1.257377 0.246722 -1.000000 0.000000 -0.000000 0.366688 0.192119
-0.197547 1.245775 0.246722 -1.000000 0.000000 -0.000000 0.368541 0.192173
-0.197547 1.245775 0.307487 -1.000000 0.000000 -0.000000 0.368220 0.203164
-0.197547 1.245775 0.307487 -0.000000 -1.000000 0.000000 0.368220 0.203164
-0.197547 1.245775 0.246722 -0.000000 -1.000000 0.000000 0.368541 0.192173
0.189168 1.245775 0.246722 -0.000000 -1.000000 0.000000 0.430310 0.193978
0.189168 1.245775 0.307487 -0.000000 -1.000000 0.000000 0.429989 0.204969
0.189168 1.257377 0.307487 -0.000000 0.000000 1.000000 0.377740 0.220616
-0.197547 1.257377 0.307487 -0.000000 0.000000 1.000000 0.442728 0.220616
-0.197547 1.245775 0.307487 -0.000000 0.000000 1.000000 0.442728 0.222402
0.189168 1.245775 0.307487 -0.000000 0.000000 1.000000 0.377740 0.222402
-0.197547 1.257377 0.246722 0.000000 0.000001 -1.000000 0.442728 0.210023
0.189168 1.257377 0.246722 0.000000 0.000001 -1.000000 0.377740 0.210023
0.189168 1.245775 0.246722 0.000000 0.000001 -1.000000 0.377740 0.208237
-0.197547 1.245775 0.246722 0.000000 0.000001 -1.000000 0.442728 0.208237
0.190739 1.257377 0.159368 1.000000 0.000001 -0.000000 0.429989 0.204969
0.190739 1.257377 0.228175 1.000000 0.000001 -0.000000 0.430310 0.193978
0.190739 1.245775 0.228175 1.000000 0.000001 -0.000000 0.432164 0.194032
0.190739 1.245775 0.159368 1.000000 0.000001 -0.000000 0.431842 0.205023
0.190739 1.245775 0.159368 0.000000 -1.000000 0.000000 0.377740 0.220616
0.190739 1.245775 0.228175 0.000000 -1.000000 0.000000 0.377740 0.210023
-0.195976 1.245775 0.228175 0.000000 -1.000000 0.000000 0.442728 0.210023
-0.195976 1.245775 0.159368 0.000000 -1.000000 0.000000 0.442728 0.220616
-0.195976 1.245775 0.159368 -1.000000 -0.000000 0.000000 0.366366 0.203109
-0.195976 1.245775 0.228175 -1.000000 -0.000000 0.000000 0.366688 0.192119
-0.195976 1.257377 0.228175 -1.000000 -0.000000 0.000000 0.368541 0.192173
-0.195976 1.257377 0.159368 -1.000000 -0.000000 0.000000 0.368220 0.203164
-0.195976 1.257377 0.159368 0.000000 1.000000 0.000000 0.368220 0.203164
-0.195976 1.257377 0.228175 0.000000 1.000000 0.000000 0.368541 0.192173
0.190739 1.257377 0.228175 0.000000 1.000000 0.000000 0.430310 0.193978
0.190739 1.257377 0.159368 0.000000 1.000000 0.000000 0.429989 0.204969
0.190739 1.245775 0.159368 -0.000000 0.000001 -1.000000 0.377740 0.220616
-0.195976 1.245775 0.159368 -0.000000 0.000001 -1.000000 0.442728 0.220616
-0.195976 1.257377 0.159368 -0.000000 0.000001 -1.000000 0.442728 0.222402
0.190739 1.257377 0.159368 -0.000000 0.000001 -1.000000 0.377740 0.222402
-0.195976 1.245775 0.228175 0.000000 -0.000001 1.000000 0.442728 0.210023
0.190739 1.245775 0.228175 0.000000 -0.000001 1.000000 0.377740 0.210023
0.190739 1.257377 0.228175 0.000000 -0.000001 1.000000 0.377740 0.208237
-0.195976 1.257377 0.228175 0.000000 -0.000001 1.000000 0.442728 0.208237
-0.194916 1.257368 0.153828 -1.000000 -0.000001 -0.000000 0.429989 0.204969
-0.194916 1.257368 0.085020 -1.000000 -0.000001 -0.000000 0.430310 0.193978
-0.194916 1.245766 0.085020 -1.000000 -0.000001 -0.000000 0.432164 0.194032
-0.194916 1.245767 0.153828 -1.000000 -0.000001 -0.000000 0.431842 0.205023
-0.194916 1.245767 0.153828 -0.000000 -1.000000 0.000001 0.377740 0.220616
-0.194916 1.245766 0.085020 -0.000000 -1.000000 0.000001 0.377740 0.210023
0.191799 1.245766 0.085020 -0.000000 -1.000000 0.000001 0.442728 0.210023
0.191799 1.245766 0.153828 -0.000000 -1.000000 0.000001 0.442728 0.220616
0.191799 1.245766 0.153828 1.000000 0.000001 -0.000000 0.366366 0.203109
0.191799 1.245766 0.085020 1.000000 0.000001 -0.000000 0.366688 0.192119
0.191799 1.257368 0.085020 1.000000 0.000001 -0.000000 0.368541 0.192173
0.191799 1.257368 0.153828 1.000000 0.000001 -0.000000 0.368220 0.203164
0.191799 1.257368 0.153828 -0.000000 1.000000 0.000000 0.368220 0.203164
0.191799 1.257368 0.085020 -0.000000 1.000000 0.000000 0.368541 0.192173
-0.194916 1.257368 0.085020 -0.000000 1.000000 0.000000 0.430310 0.193978
-0.194916 1.257368 0.153828 -0.000000 1.000000 0.000000 0.429989 0.204969
-0.194916 1.245767 0.153828 0.000000 -0.000001 1.000000 0.377740 0.220616
0.191799 1.245766 0.153828 0.000000 -0.000001 1.000000 0.442728 0.220616
0.191799 1.257368 0.153828 0.000000 -0.000001 1.000000 0.442728 0.222402
-0.194916 1.257368 0.153828 0.000000 -0.000001 1.000000 0.377740 0.222402
0.191799 1.245766 0.085020 -0.000000 -0.000000 -1.000000 0.442728 0.210023
-0.194916 1.245766 0.085020 -0.000000 -0.000000 -1.000000 0.377740 0.210023
-0.194916 1.257368 0.085020 -0.000000 -0.000000 -1.000000 0.377740 0.208237
0.191799 1.257368 0.085020 -0.000000 -0.000000 -1.000000 0.442728 0.208237
0.203182 0.750376 0.012589 0.380013 -0.922759 0.064073 0.331845 0.003918
0.203816 0.759946 0.077840 0.380013 -0.922759 0.064073 0.320380 0.003705
0.191581 0.750376 0.081397 0.380013 -0.922759 0.064073 0.320416 0.001771
0.191581 0.750376 0.012589 0.380013 -0.922759 0.064073 0.331882 0.001985
0.191581 0.750376 0.012589 -1.000000 -0.000000 -0.000000 0.313324 0.088771
0.191581 0.750376 0.081397 -1.000000 -0.000000 -0.000000 0.301421 0.088568
0.191581 1.252775 0.081397 -1.000000 -0.000000 -0.000000 0.302899 0.001656
0.191581 1.252775 0.012589 -1.000000 -0.000000 -0.000000 0.314802 0.001859
0.191581 1.252775 0.012589 0.370643 0.926670 -0.062493 0.330248 0.089570
0.191581 1.252775 0.081397 0.370643 0.926670 -0.062493 0.318783 0.089357
0.203182 1.252775 0.081397 0.370643 0.926670 -0.062493 0.318819 0.087423
0.202375 1.244147 0.017478 0.370643 0.926670 -0.062493 0.330285 0.087637
0.202375 1.244147 0.017478 0.999934 0.001558 -0.011375 0.330285 0.087637
0.203182 1.252775 0.081397 0.999934 0.001558 -0.011375 0.318819 0.087423
0.203816 0.759946 0.077840 0.999934 0.001558 -0.011375 0.320380 0.003705
0.203182 0.750376 0.012589 0.999934 0.001558 -0.011375 0.331845 0.003918
0.191581 0.750376 0.012589 0.215071 0.004967 -0.976586 0.313324 0.088771
0.191581 1.252775 0.012589 0.215071 0.004967 -0.976586 0.314802 0.001859
0.202375 1.244147 0.017478 0.215071 0.004967 -0.976586 0.316809 0.001893
0.203182 0.750376 0.012589 0.215071 0.004967 -0.976586 0.315331 0.088805
0.191581 1.252775 0.081397 0.148923 -0.003439 0.988843 0.302899 0.001656
0.191581 0.750376 0.081397 0.148923 -0.003439 0.988843 0.301421 0.088568
0.203816 0.759946 0.077840 0.148923 -0.003439 0.988843 0.299414 0.088534
0.203182 1.252775 0.081397 0.148923 -0.003439 0.988843 0.300892 0.001622
0.203182 1.252775 0.231397 -0.000000 1.000000 0.000000 0.331845 0.003918
0.203182 1.252775 0.162590 -0.000000 1.000000 0.000000 0.320380 0.003705
0.191581 1.252775 0.162590 -0.000000 1.000000 0.000000 0.320416 0.001771
0.191581 1.252775 0.231397 -0.000000 1.000000 0.000000 0.331882 0.001985
0.191581 1.252775 0.231397 -1.000000 -0.000000 0.000000 0.313324 0.088771
0.191581 1.252775 0.162590 -1.000000 -0.000000 0.000000 0.301421 0.088568
0.191581 0.750376 0.162589 -1.000000 -0.000000 0.000000 0.302899 0.001656
0.191581 0.750376 0.231397 -1.000000 -0.000000 0.000000 0.314802 0.001859
0.191581 0.750376 0.231397 -0.000000 -1.000000 0.000000 0.330248 0.089570
0.191581 0.750376 0.162589 -0.000000 -1.000000 0.000000 0.318783 0.089357
0.203182 0.750376 0.162589 -0.000000 -1.000000 0.000000 0.318819 0.087423
0.203182 0.750376 0.231397 -0.000000 -1.000000 0.000000 0.330285 0.087637
0.203182 0.750376 0.231397 1.000000 0.000000 -0.000000 0.330285 0.087637
0.203182 0.750376 0.162589 1.000000 0.000000 -0.000000 0.318819 0.087423
0.203182 1.252775 0.162590 1.000000 0.000000 -0.000000 0.320380 0.003705
0.203182 1.252775 0.231397 1.000000 0.000000 -0.000000 0.331845 0.003918
0.191581 1.252775 0.231397 0.000001 -0.000001 1.000000 0.313324 0.088771
0.191581 0.750376 0.231397 0.000001 -0.000001 1.000000 0.314802 0.001859
0.203182 0.750376 0.231397 0.000001 -0.000001 1.000000 0.316809 0.001893
0.203182 1.252775 0.231397 0.000001 -0.000001 1.000000 0.315331 0.088805
0.191581 0.750376 0.162589 -0.000001 0.000001 -1.000000 0.302899 0.001656
0.191581 1.252775 0.162590 -0.000001 0.000001 -1.000000 0.301421 0.088568
0.203182 1.252775 0.162590 -0.000001 0.000001 -1.000000 0.299414 0.088534
0.203182 0.750376 0.162589 -0.000001 0.000001 -1.000000 0.300892 0.001622
0.191581 1.251728 0.088400 -0.000000 1.000000 -0.000002 0.331845 0.003918
0.191581 1.251728 0.157207 -0.000000 1.000000 -0.000002 0.320380 0.003705
0.203182 1.251728 0.157207 -0.000000 1.000000 -0.000002 0.320416 0.001771
0.203182 1.251728 0.088400 -0.000000 1.000000 -0.000002 0.331882 0.001985
0.203182 1.251728 0.088400 1.000000 0.000000 -0.000000 0.313324 0.088771
0.203182 1.251728 0.157207 1.000000 0.000000 -0.000000 0.301421 0.088568
0.203182 0.749329 0.157207 1.000000 0.000000 -0.000000 0.302899 0.001656
0.203182 0.749329 0.088400 1.000000 0.000000 -0.000000 0.314802 0.001859
0.203182 0.749329 0.088400 0.000000 -1.000000 0.000001 0.330248 0.089570
0.203182 0.749329 0.157207 0.000000 -1.000000 0.000001 0.318783 0.089357
0.191581 0.749329 0.157207 0.000000 -1.000000 0.000001 0.318819 0.087423
0.191581 0.749329 0.088400 0.000000 -1.000000 0.000001 0.330285 0.087637
0.191581 0.749329 0.088400 -1.000000 -0.000000 0.000000 0.330285 0.087637
0.191581 0.749329 0.157207 -1.000000 -0.000000 0.000000 0.318819 0.087423
0.191581 1.251728 0.157207 -1.000000 -0.000000 0.000000 0.320380 0.003705
0.191581 1.251728 0.088400 -1.000000 -0.000000 0.000000 0.331845 0.003918
0.203182 1.251728 0.088400 -0.000001 -0.000000 -1.000000 0.313324 0.088771
0.203182 0.749329 0.088400 -0.000001 -0.000000 -1.000000 0.314802 0.001859
0.191581 0.749329 0.088400 -0.000001 -0.000000 -1.000000 0.316809 0.001893
0.191581 1.251728 0.088400 -0.000001 -0.000000 -1.000000 0.315331 0.088805
0.203182 0.749329 0.157207 0.000000 0.000000 1.000000 0.302899 0.001656
0.203182 1.251728 0.157207 0.000000 0.000000 1.000000 0.301421 0.088568
0.191581 1.251728 0.157207 0.000000 0.000000 1.000000 0.299414 0.088534
0.191581 0.749329 0.157207 0.000000 0.000000 1.000000 0.300892 0.001622
0.191581 0.750376 0.311397 -0.000750 -0.999862 0.016612 0.331845 0.003918
0.191581 0.750376 0.242590 -0.000750 -0.999862 0.016612 0.320380 0.003705
0.203182 0.749329 0.248874 -0.000750 -0.999862 0.016612 0.320416 0.001771
0.203182 0.751424 0.306160 -0.000750 -0.999862 0.016612 0.331882 0.001985
0.203182 0.751424 0.306160 0.999991 -0.000532 -0.004194 0.313324 0.088771
0.203182 0.749329 0.248874 0.999991 -0.000532 -0.004194 0.301421 0.088568
0.203182 1.252775 0.242589 0.999991 -0.000532 -0.004194 0.302899 0.001656
0.203687 1.242518 0.306784 0.999991 -0.000532 -0.004194 0.314802 0.001859
0.203687 1.242518 0.306784 0.407363 0.910680 0.068683 0.330248 0.089570
0.203182 1.252775 0.242589 0.407363 0.910680 0.068683 0.318783 0.089357
0.191581 1.252775 0.242589 0.407363 0.910680 0.068683 0.318819 0.087423
0.191581 1.252775 0.311397 0.407363 0.910680 0.068683 0.330285 0.087637
0.191581 1.252775 0.311397 -1.000000 0.000000 -0.000000 0.330285 0.087637
0.191581 1.252775 0.242589 -1.000000 0.000000 -0.000000 0.318819 0.087423
0.191581 0.750376 0.242590 -1.000000 0.000000 -0.000000 0.320380 0.003705
0.191581 0.750376 0.311397 -1.000000 0.000000 -0.000000 0.331845 0.003918
0.203182 0.751424 0.306160 0.383429 -0.000775 0.923570 0.313324 0.088771
0.203687 1.242518 0.306784 0.383429 -0.000775 0.923570 0.314802 0.001859
0.191581 1.252775 0.311397 0.383429 -0.000775 0.923570 0.316809 0.001893
0.191581 0.750376 0.311397 0.383429 -0.000775 0.923570 0.315331 0.088805
0.203182 1.252775 0.242589 0.261175 -0.006032 -0.965273 0.302899 0.001656
0.203182 0.749329 0.248874 0.261175 -0.006032 -0.965273 0.301421 0.088568
0.191581 0.750376 0.242590 0.261175 -0.006032 -0.965273 0.299414 0.088534
0.191581 1.252775 0.242589 0.261175 -0.006032 -0.965273 0.300892 0.001622
-0.196818 0.750376 0.012589 0.380013 -0.922759 0.064073 0.331845 0.003918
-0.196184 0.759946 0.077840 0.380013 -0.922759 0.064073 0.320380 0.003705
-0.208419 0.750376 0.081397 0.380013 -0.922759 0.064073 0.320416 0.001771
-0.208419 0.750376 0.012589 0.380013 -0.922759 0.064073 0.331882 0.001985
-0.208419 0.750376 0.012589 -1.000000 -0.000000 -0.000000 0.313324 0.088771
-0.208419 0.750376 0.081397 -1.000000 -0.000000 -0.000000 0.301421 0.088568
-0.208419 1.252775 0.081397 -1.000000 -0.000000 -0.000000 0.302899 0.001656
-0.208419 1.252775 0.012589 -1.000000 -0.000000 -0.000000 0.314802 0.001859
-0.208419 1.252775 0.012589 0.370643 0.926671 -0.062493 0.330248 0.089570
-0.208419 1.252775 0.081397 0.370643 0.926671 -0.062493 0.318783 0.089357
-0.196818 1.252775 0.081397 0.370643 0.926671 -0.062493 0.318819 0.087423
-0.197625 1.244147 0.017478 0.370643 0.926671 -0.062493 0.330285 0.087637
-0.197625 1.244147 0.017478 0.999934 0.001558 -0.011375 0.330285 0.087637
-0.196818 1.252775 0.081397 0.999934 0.001558 -0.011375 0.318819 0.087423
-0.196184 0.759946 0.077840 0.999934 0.001558 -0.011375 0.320380 0.003705
-0.196818 0.750376 0.012589 0.999934 0.001558 -0.011375 0.331845 0.003918
-0.208419 0.750376 0.012589 0.215070 0.004967 -0.976586 0.313324 0.088771
-0.208419 1.252775 0.012589 0.215070 0.004967 -0.976586 0.314802 0.001859
-0.197625 1.244147 0.017478 0.215070 0.004967 -0.976586 0.316809 0.001893
-0.196818 0.750376 0.012589 0.215070 0.004967 -0.976586 0.315331 0.088805
-0.208419 1.252775 0.081397 0.148923 -0.003439 0.988843 0.302899 0.001656
-0.208419 0.750376 0.081397 0.148923 -0.003439 0.988843 0.301421 0.088568
-0.196184 0.759946 0.077840 0.148923 -0.003439 0.988843 0.299414 0.088534
-0.196818 1.252775 0.081397 0.148923 -0.003439 0.988843 0.300892 0.001622
-0.196818 1.252775 0.231397 -0.000000 1.000000 0.000000 0.331845 0.003918
-0.196818 1.252775 0.162590 -0.000000 1.000000 0.000000 0.320380 0.003705
-0.208419 1.252775 0.162590 -0.000000 1.000000 0.000000 0.320416 0.001771
-0.208419 1.252775 0.231397 -0.000000 1.000000 0.000000 0.331882 0.001985
-0.208419 1.252775 0.231397 -1.000000 0.000000 0.000000 0.313324 0.088771
-0.208419 1.252775 0.162590 -1.000000 0.000000 0.000000 0.301421 0.088568
-0.208419 0.750376 0.162589 -1.000000 0.000000 0.000000 0.302899 0.001656
-0.208419 0.750376 0.231397 -1.000000 0.000000 0.000000 0.314802 0.001859
-0.208419 0.750376 0.231397 -0.000000 -1.000000 0.000000 0.330248 0.089570
-0.208419 0.750376 0.162589 -0.000000 -1.000000 0.000000 0.318783 0.089357
-0.196818 0.750376 0.162589 -0.000000 -1.000000 0.000000 0.318819 0.087423
-0.196818 0.750376 0.231397 -0.000000 -1.000000 0.000000 0.330285 0.087637
-0.196818 0.750376 0.231397 1.000000 -0.000000 -0.000000 0.330285 0.087637
-0.196818 0.750376 0.162589 1.000000 -0.000000 -0.000000 0.318819 0.087423
-0.196818 1.252775 0.162590 1.000000 -0.000000 -0.000000 0.320380 0.003705
-0.196818 1.252775 0.231397 1.000000 -0.000000 -0.000000 0.331845 0.003918
-0.208419 1.252775 0.231397 -0.000001 -0.000001 1.000000 0.313324 0.088771
-0.208419 0.750376 0.231397 -0.000001 -0.000001 1.000000 0.314802 0.001859
-0.196818 0.750376 0.231397 -0.000001 -0.000001 1.000000 0.316809 0.001893
-0.196818 1.252775 0.231397 -0.000001 -0.000001 1.000000 0.315331 0.088805
-0.208419 0.750376 0.162589 0.000000 0.000001 -1.000000 0.302899 0.001656
-0.208419 1.252775 0.162590 0.000000 0.000001 -1.000000 0.301421 0.088568
-0.196818 1.252775 0.162590 0.000000 0.000001 -1.000000 0.299414 0.088534
-0.196818 0.750376 0.162589 0.000000 0.000001 -1.000000 0.300892 0.001622
-0.208419 1.251728 0.088400 0.000000 1.000000 -0.000002 0.331845 0.003918
-0.208419 1.251728 0.157207 0.000000 1.000000 -0.000002 0.320380 0.003705
-0.196818 1.251728 0.157207 0.000000 1.000000 -0.000002 0.320416 0.001771
-0.196818 1.251728 0.088400 0.000000 1.000000 -0.000002 0.331882 0.001985
-0.196818 1.251728 0.088400 1.000000 0.000000 -0.000001 0.313324 0.088771
-0.196818 1.251728 0.157207 1.000000 0.000000 -0.000001 0.301421 0.088568
-0.196818 0.749329 0.157207 1.000000 0.000000 -0.000001 0.302899 0.001656
-0.196818 0.749329 0.088400 1.000000 0.000000 -0.000001 0.314802 0.001859
-0.196818 0.749329 0.088400 0.000000 -1.000000 0.000001 0.330248 0.089570
-0.196818 0.749329 0.157207 0.000000 -1.000000 0.000001 0.318783 0.089357
-0.208419 0.749329 0.157207 0.000000 -1.000000 0.000001 0.318819 0.087423
-0.208419 0.749329 0.088400 0.000000 -1.000000 0.000001 0.330285 0.087637
-0.208419 0.749329 0.088400 -1.000000 -0.000000 0.000001 0.330285 0.087637
-0.208419 0.749329 0.157207 -1.000000 -0.000000 0.000001 0.318819 0.087423
-0.208419 1.251728 0.157207 -1.000000 -0.000000 0.000001 0.320380 0.003705
-0.208419 1.251728 0.088400 -1.000000 -0.000000 0.000001 0.331845 0.003918
-0.196818 1.251728 0.088400 -0.000001 -0.000000 -1.000000 0.313324 0.088771
-0.196818 0.749329 0.088400 -0.000001 -0.000000 -1.000000 0.314802 0.001859
-0.208419 0.749329 0.088400 -0.000001 -0.000000 -1.000000 0.316809 0.001893
-0.208419 1.251728 0.088400 -0.000001 -0.000000 -1.000000 0.315331 0.088805
-0.196818 0.749329 0.157207 -0.000001 0.000000 1.000000 0.302899 0.001656
-0.196818 1.251728 0.157207 -0.000001 0.000000 1.000000 0.301421 0.088568
-0.208419 1.251728 0.157207 -0.000001 0.000000 1.000000 0.299414 0.088534
-0.208419 0.749329 0.157207 -0.000001 0.000000 1.000000 0.300892 0.001622
-0.208419 0.750376 0.311397 -0.000750 -0.999862 0.016612 0.331845 0.003918
-0.208419 0.750376 0.242590 -0.000750 -0.999862 0.016612 0.320380 0.003705
-0.196818 0.749329 0.248874 -0.000750 -0.999862 0.016612 0.320416 0.001771
-0.196818 0.751424 0.306160 -0.000750 -0.999862 0.016612 0.331882 0.001985
-0.196818 0.751424 0.306160 0.999991 -0.000532 -0.004194 0.313324 0.088771
-0.196818 0.749329 0.248874 0.999991 -0.000532 -0.004194 0.301421 0.088568
-0.196818 1.252775 0.242589 0.999991 -0.000532 -0.004194 0.302899 0.001656
-0.196313 1.242518 0.306784 0.999991 -0.000532 -0.004194 0.314802 0.001859
-0.196313 1.242518 0.306784 0.407364 0.910680 0.068683 0.330248 0.089570
-0.196818 1.252775 0.242589 0.407364 0.910680 0.068683 0.318783 0.089357
-0.208419 1.252775 0.242589 0.407364 0.910680 0.068683 0.318819 0.087423
-0.208419 1.252775 0.311397 0.407364 0.910680 0.068683 0.330285 0.087637
-0.208419 1.252775 0.311397 -1.000000 0.000000 -0.000000 0.330285 0.087637
-0.208419 1.252775 0.242589 -1.000000 0.000000 -0.000000 0.318819 0.087423
-0.208419 0.750376 0.242590 -1.000000 0.000000 -0.000000 0.320380 0.003705
-0.208419 0.750376 0.311397 -1.000000 0.000000 -0.000000 0.331845 0.003918
-0.196818 0.751424 0.306160 0.383431 -0.000775 0.923569 0.313324 0.088771
-0.196313 1.242518 0.306784 0.383431 -0.000775 0.923569 0.314802 0.001859
-0.208419 1.252775 0.311397 0.383431 -0.000775 0.923569 0.316809 0.001893
-0.208419 0.750376 0.311397 0.383431 -0.000775 0.923569 0.315331 0.088805
-0.196818 1.252775 0.242589 0.261176 -0.006032 -0.965272 0.302899 0.001656
-0.196818 0.749329 0.248874 0.261176 -0.006032 -0.965272 0.301421 0.088568
-0.208419 0.750376 0.242590 0.261176 -0.006032 -0.965272 0.299414 0.088534
-0.208419 1.252775 0.242589 0.261176 -0.006032 -0.965272 0.300892 0.001622
-0.029427 1.252775 0.007841 0.000000 1.000000 -0.000000 0.331845 0.003918
0.039381 1.252775 0.007841 0.000000 1.000000 -0.000000 0.320380 0.003705
0.039381 1.252775 -0.003761 0.000000 1.000000 -0.000000 0.320416 0.001771
-0.029427 1.252775 -0.003761 0.000000 1.000000 -0.000000 0.331882 0.001985
-0.029427 1.252775 -0.003761 0.000000 0.000000 -1.000000 0.313324 0.088771
0.039381 1.252775 -0.003761 0.000000 0.000000 -1.000000 0.301421 0.088568
0.039381 0.750376 -0.003761 0.000000 0.000000 -1.000000 0.302899 0.001656
-0.029427 0.750376 -0.003761 0.000000 0.000000 -1.000000 0.314802 0.001859
-0.029427 0.750376 -0.003761 0.000000 -1.000000 -0.000000 0.330248 0.089570
0.039381 0.750376 -0.003761 0.000000 -1.000000 -0.000000 0.318783 0.089357
0.039381 0.750376 0.007841 0.000000 -1.000000 -0.000000 0.318819 0.087423
-0.029427 0.750376 0.007841 0.000000 -1.000000 -0.000000 0.330285 0.087637
-0.029427 0.750376 0.007841 -0.000000 -0.000000 1.000000 0.330285 0.087637
0.039381 0.750376 0.007841 -0.000000 -0.000000 1.000000 0.318819 0.087423
0.039381 1.252775 0.007841 -0.000000 -0.000000 1.000000 0.320380 0.003705
-0.029427 1.252775 0.007841 -0.000000 -0.000000 1.000000 0.331845 0.003918
-0.029427 1.252775 -0.003761 -1.000000 -0.000000 0.000001 0.313324 0.088771
-0.029427 0.750376 -0.003761 -1.000000 -0.000000 0.000001 0.314802 0.001859
-0.029427 0.750376 0.007841 -1.000000 -0.000000 0.000001 0.316809 0.001893
-0.029427 1.252775 0.007841 -1.000000 -0.000000 0.000001 0.315331 0.088805
0.039381 0.750376 -0.003761 1.000000 0.000000 0.000001 0.302899 0.001656
0.039381 1.252775 -0.003761 1.000000 0.000000 0.000001 0.301421 0.088568
0.039381 1.252775 0.007841 1.000000 0.000000 0.000001 0.299414 0.088534
0.039381 0.750376 0.007841 1.000000 0.000000 0.000001 0.300892 0.001622
0.113571 1.251728 -0.003761 0.000000 1.000000 0.000000 0.331845 0.003918
0.044763 1.251728 -0.003761 0.000000 1.000000 0.000000 0.320380 0.003705
0.044763 1.251728 0.007841 0.000000 1.000000 0.000000 0.320416 0.001771
0.113571 1.251728 0.007841 0.000000 1.000000 0.000000 0.331882 0.001985
0.113571 1.251728 0.007841 0.000000 -0.000000 1.000000 0.313324 0.088771
0.044763 1.251728 0.007841 0.000000 -0.000000 1.000000 0.301421 0.088568
0.044763 0.749329 0.007841 0.000000 -0.000000 1.000000 0.302899 0.001656
0.113570 0.749329 0.007841 0.000000 -0.000000 1.000000 0.314802 0.001859
0.113570 0.749329 0.007841 -0.000001 -1.000000 -0.000000 0.330248 0.089570
0.044763 0.749329 0.007841 -0.000001 -1.000000 -0.000000 0.318783 0.089357
0.044763 0.749329 -0.003761 -0.000001 -1.000000 -0.000000 0.318819 0.087423
0.113570 0.749329 -0.003761 -0.000001 -1.000000 -0.000000 0.330285 0.087637
0.113570 0.749329 -0.003761 -0.000000 0.000000 -1.000000 0.330285 0.087637
0.044763 0.749329 -0.003761 -0.000000 0.000000 -1.000000 0.318819 0.087423
0.044763 1.251728 -0.003761 -0.000000 0.000000 -1.000000 0.320380 0.003705
0.113571 1.251728 -0.003761 -0.000000 0.000000 -1.000000 0.331845 0.003918
0.113571 1.251728 0.007841 1.000000 -0.000000 0.000000 0.313324 0.088771
0.113570 0.749329 0.007841 1.000000 -0.000000 0.000000 0.314802 0.001859
0.113570 0.749329 -0.003761 1.000000 -0.000000 0.000000 0.316809 0.001893
0.113571 1.251728 -0.003761 1.000000 -0.000000 0.000000 0.315331 0.088805
0.044763 0.749329 0.007841 -1.000000 0.000000 -0.000001 0.302899 0.001656
0.044763 1.251728 0.007841 -1.000000 0.000000 -0.000001 0.301421 0.088568
0.044763 1.251728 -0.003761 -1.000000 0.000000 -0.000001 0.299414 0.088534
0.044763 0.749329 -0.003761 -1.000000 0.000000 -0.000001 0.300892 0.001622
-0.109427 0.750376 -0.003761 -0.016612 -0.999862 -0.000747 0.331845 0.003918
-0.040619 0.750376 -0.003761 -0.016612 -0.999862 -0.000747 0.320380 0.003705
-0.046904 0.749329 0.007841 -0.016612 -0.999862 -0.000747 0.320416 0.001771
-0.104190 0.751424 0.007841 -0.016612 -0.999862 -0.000747 0.331882 0.001985
-0.104190 0.751424 0.007841 0.004194 -0.000532 0.999991 0.313324 0.088771
-0.046904 0.749329 0.007841 0.004194 -0.000532 0.999991 0.301421 0.088568
-0.040619 1.252775 0.007841 0.004194 -0.000532 0.999991 0.302899 0.001656
-0.104813 1.242518 0.008346 0.004194 -0.000532 0.999991 0.314802 0.001859
-0.104813 1.242518 0.008346 -0.068684 0.910681 0.407360 0.330248 0.089570
-0.040619 1.252775 0.007841 -0.068684 0.910681 0.407360 0.318783 0.089357
-0.040619 1.252775 -0.003761 -0.068684 0.910681 0.407360 0.318819 0.087423
-0.109427 1.252775 -0.003761 -0.068684 0.910681 0.407360 0.330285 0.087637
-0.109427 1.252775 -0.003761 -0.000000 0.000000 -1.000000 0.330285 0.087637
-0.040619 1.252775 -0.003761 -0.000000 0.000000 -1.000000 0.318819 0.087423
-0.040619 0.750376 -0.003761 -0.000000 0.000000 -1.000000 0.320380 0.003705
-0.109427 0.750376 -0.003761 -0.000000 0.000000 -1.000000 0.331845 0.003918
-0.104190 0.751424 0.007841 -0.923569 -0.000775 0.383431 0.313324 0.088771
-0.104813 1.242518 0.008346 -0.923569 -0.000775 0.383431 0.314802 0.001859
-0.109427 1.252775 -0.003761 -0.923569 -0.000775 0.383431 0.316809 0.001893
-0.109427 0.750376 -0.003761 -0.923569 -0.000775 0.383431 0.315331 0.088805
-0.040619 1.252775 0.007841 0.965273 -0.006032 0.261176 0.302899 0.001656
-0.046904 0.749329 0.007841 0.965273 -0.006032 0.261176 0.301421 0.088568
-0.040619 0.750376 -0.003761 0.965273 -0.006032 0.261176 0.299414 0.088534
-0.040619 1.252775 -0.003761 0.965273 -0.006032 0.261176 0.300892 0.001622
-0.189427 1.252775 0.007841 0.000000 1.000000 -0.000000 0.331845 0.003918
-0.120619 1.252775 0.007841 0.000000 1.000000 -0.000000 0.320380 0.003705
-0.120619 1.252775 -0.003761 0.000000 1.000000 -0.000000 0.320416 0.001771
-0.189427 1.252775 -0.003761 0.000000 1.000000 -0.000000 0.331882 0.001985
-0.189427 1.252775 -0.003761 0.000000 0.000000 -1.000000 0.313324 0.088771
-0.120619 1.252775 -0.003761 0.000000 0.000000 -1.000000 0.301421 0.088568
-0.120619 0.750376 -0.003761 0.000000 0.000000 -1.000000 0.302899 0.001656
-0.189427 0.750376 -0.003761 0.000000 0.000000 -1.000000 0.314802 0.001859
-0.189427 0.750376 -0.003761 0.000000 -1.000000 -0.000000 0.330248 0.089570
-0.120619 0.750376 -0.003761 0.000000 -1.000000 -0.000000 0.318783 0.089357
-0.120619 0.750376 0.007841 0.000000 -1.000000 -0.000000 0.318819 0.087423
-0.189427 0.750376 0.007841 0.000000 -1.000000 -0.000000 0.330285 0.087637
-0.189427 0.750376 0.007841 -0.000000 -0.000000 1.000000 0.330285 0.087637
-0.120619 0.750376 0.007841 -0.000000 -0.000000 1.000000 0.318819 0.087423
-0.120619 1.252775 0.007841 -0.000000 -0.000000 1.000000 0.320380 0.003705
-0.189427 1.252775 0.007841 -0.000000 -0.000000 1.000000 0.331845 0.003918
-0.189427 1.252775 -0.003761 -1.000000 -0.000000 0.000000 0.313324 0.088771
-0.189427 0.750376 -0.003761 -1.000000 -0.000000 0.000000 0.314802 0.001859
-0.189427 0.750376 0.007841 -1.000000 -0.000000 0.000000 0.316809 0.001893
-0.189427 1.252775 0.007841 -1.000000 -0.000000 0.000000 0.315331 0.088805
-0.120619 0.750376 -0.003761 1.000000 0.000000 0.000000 0.302899 0.001656
-0.120619 1.252775 -0.003761 1.000000 0.000000 0.000000 0.301421 0.088568
-0.120619 1.252775 0.007841 1.000000 0.000000 0.000000 0.299414 0.088534
-0.120619 0.750376 0.007841 1.000000 0.000000 0.000000 0.300892 0.001622
-0.870784 2.640872 -0.039076 0.000000 -0.707099 -0.707115 0.245963 0.471488
-0.850889 2.640872 -0.039076 0.000000 -0.707099 -0.707115 0.245963 0.467931
-0.850889 2.635872 -0.034076 0.000000 -0.707099 -0.707115 0.247227 0.467931
-0.870784 2.635872 -0.034076 0.000000 -0.707099 -0.707115 0.247227 0.471488
-0.870784 2.645872 -0.034076 0.000000 0.707116 -0.707098 0.244699 0.471488
-0.850889 2.645872 -0.034076 0.000000 0.707116 -0.707098 0.244699 0.467931
-0.850889 2.640872 -0.039076 0.000000 0.707116 -0.707098 0.245963 0.467931
-0.870784 2.640872 -0.039076 0.000000 0.707116 -0.707098 0.245963 0.471488
-0.870784 2.645872 0.145924 0.000000 1.000000 0.000000 0.212522 0.471488
-0.850889 2.645872 0.145924 0.000000 1.000000 0.000000 0.212522 0.467931
-0.850889 2.645872 0.055172 0.000000 1.000000 0.000000 0.228745 0.467931
-0.852103 2.645872 0.054669 0.000000 1.000000 0.000000 0.228835 0.468148
-0.854391 2.645872 0.049144 0.000000 1.000000 0.000000 0.229822 0.468557
-0.852103 2.645872 0.043619 0.000000 1.000000 0.000000 0.230810 0.468148
-0.850889 2.645872 0.043116 0.000000 1.000000 0.000000 0.230900 0.467931
-0.850889 2.645872 -0.034076 0.000000 1.000000 0.000000 0.244699 0.467931
-0.870784 2.645872 -0.034076 0.000000 1.000000 0.000000 0.244699 0.471488
-0.870784 2.640872 0.150924 0.000000 0.707115 0.707098 0.211258 0.471488
-0.850889 2.640872 0.150924 0.000000 0.707115 0.707098 0.211258 0.467931
-0.850889 2.645872 0.145924 0.000000 0.707115 0.707098 0.212522 0.467931
-0.870784 2.645872 0.145924 0.000000 0.707115 0.707098 0.212522 0.471488
-0.870784 2.635872 0.145924 0.000000 -0.707098 0.707115 0.209994 0.471488
-0.850889 2.635872 0.145924 0.000000 -0.707098 0.707115 0.209994 0.467931
-0.850889 2.640872 0.150924 0.000000 -0.707098 0.707115 0.211258 0.467931
-0.870784 2.640872 0.150924 0.000000 -0.707098 0.707115 0.211258 0.471488
-0.870784 2.635872 -0.034076 0.000000 -1.000000 0.000000 0.211933 0.472231
-0.850889 2.635872 -0.034076 0.000000 -1.000000 0.000000 0.211933 0.468550
-0.850889 2.635872 0.043116 0.000000 -1.000000 0.000000 0.226214 0.468550
-0.852103 2.635872 0.043619 0.000000 -1.000000 0.000000 0.226307 0.468775
-0.854391 2.635872 0.049144 0.000000 -1.000000 0.000000 0.227330 0.469198
-0.852103 2.635872 0.054669 0.000000 -1.000000 0.000000 0.228352 0.468775
-0.850889 2.635872 0.055172 0.000000 -1.000000 0.000000 0.228445 0.468550
-0.850889 2.635872 0.145924 0.000000 -1.000000 0.000000 0.245235 0.468550
-0.870784 2.635872 0.145924 0.000000 -1.000000 0.000000 0.245235 0.472231
-0.826391 2.640872 -0.039076 0.000000 -0.707099 -0.707115 0.245963 0.463552
-0.826391 2.635872 -0.034076 0.000000 -0.707099 -0.707115 0.247227 0.463552
-0.826391 2.645872 -0.034076 0.000000 0.707116 -0.707098 0.244699 0.463552
-0.826391 2.640872 -0.039076 0.000000 0.707116 -0.707098 0.245963 0.463552
-0.826391 2.645872 0.145924 0.000000 1.000000 0.000000 0.212522 0.463552
-0.826391 2.645872 -0.034076 0.000000 1.000000 0.000000 0.244699 0.463552
-0.846578 2.645872 0.041330 0.000000 1.000000 0.000000 0.231219 0.467161
-0.841052 2.645872 0.043619 0.000000 1.000000 0.000000 0.230810 0.466173
-0.838764 2.645872 0.049144 0.000000 1.000000 0.000000 0.229822 0.465764
-0.841052 2.645872 0.054669 0.000000 1.000000 0.000000 0.228835 0.466173
-0.846578 2.645872 0.056958 0.000000 1.000000 0.000000 0.228426 0.467161
-0.826391 2.640872 0.150924 0.000000 0.707115 0.707098 0.211258 0.463552
-0.826391 2.645872 0.145924 0.000000 0.707115 0.707098 0.212522 0.463552
-0.826391 2.635872 0.145924 0.000000 -0.707098 0.707115 0.209994 0.463552
-0.826391 2.640872 0.150924 0.000000 -0.707098 0.707115 0.211258 0.463552
-0.826391 2.635872 -0.034076 0.000000 -1.000000 0.000000 0.211933 0.464018
-0.826391 2.635872 0.145924 0.000000 -1.000000 0.000000 0.245235 0.464018
-0.846578 2.635872 0.056958 0.000000 -1.000000 0.000000 0.228775 0.467753
-0.841052 2.635872 0.054669 0.000000 -1.000000 0.000000 0.228352 0.466730
-0.838764 2.635872 0.049144 0.000000 -1.000000 0.000000 0.227330 0.466307
-0.841052 2.635872 0.043619 0.000000 -1.000000 0.000000 0.226307 0.466730
-0.846578 2.635872 0.041330 0.000000 -1.000000 0.000000 0.225884 0.467753
-0.805600 2.640872 -0.039076 0.000000 -0.707099 -0.707115 0.245963 0.459835
-0.805600 2.635872 -0.034076 0.000000 -0.707099 -0.707115 0.247227 0.459835
-0.805600 2.645872 -0.034076 0.000000 0.707116 -0.707098 0.244699 0.459835
-0.805600 2.640872 -0.039076 0.000000 0.707116 -0.707098 0.245963 0.459835
-0.805600 2.645872 0.145924 0.000000 1.000000 -0.000000 0.212522 0.459835
-0.805600 2.645872 -0.034076 0.000000 1.000000 -0.000000 0.244699 0.459835
-0.805600 2.640872 0.150924 0.000000 0.707115 0.707098 0.211258 0.459835
-0.805600 2.645872 0.145924 0.000000 0.707115 0.707098 0.212522 0.459835
-0.805600 2.635872 0.145924 0.000000 -0.707098 0.707115 0.209994 0.459835
-0.805600 2.640872 0.150924 0.000000 -0.707098 0.707115 0.211258 0.459835
-0.805600 2.635872 -0.034076 0.000000 -1.000000 -0.000000 0.211933 0.460171
-0.805600 2.635872 0.145924 0.000000 -1.000000 -0.000000 0.245235 0.460171
-0.796823 2.640872 -0.039076 0.000000 -0.707099 -0.707115 0.245963 0.458266
-0.791823 2.635872 -0.034076 0.000000 -0.707099 -0.707115 0.247227 0.457372
-0.801823 2.645872 -0.034076 0.000000 0.707116 -0.707098 0.244699 0.459160
-0.796823 2.640872 -0.039076 0.000000 0.707116 -0.707098 0.245963 0.458266
-0.801823 2.645872 0.145924 0.000000 1.000000 -0.000000 0.212522 0.459160
-0.801823 2.645872 -0.034076 0.000000 1.000000 -0.000000 0.244699 0.459160
-0.796823 2.640872 0.150924 0.000000 0.707115 0.707098 0.211258 0.458266
-0.801823 2.645872 0.145924 0.000000 0.707115 0.707098 0.212522 0.459160
-0.791823 2.635872 0.145924 0.000000 -0.707098 0.707115 0.209994 0.457373
-0.796823 2.640872 0.150924 0.000000 -0.707098 0.707115 0.211258 0.458266
-0.791823 2.635872 -0.034076 0.000000 -1.000000 -0.000000 0.211933 0.457622
-0.791823 2.635872 0.145924 0.000000 -1.000000 -0.000000 0.245235 0.457622
-0.796823 2.640872 -0.039076 0.707107 0.000000 -0.707106 0.245978 0.456089
-0.796823 2.656121 -0.039076 0.707107 0.000000 -0.707106 0.245978 0.453362
-0.791823 2.656121 -0.034076 0.707107 0.000000 -0.707106 0.247243 0.453362
-0.791823 2.635872 -0.034076 0.707107 0.000000 -0.707106 0.247243 0.456983
-0.801823 2.645872 -0.034076 -0.707107 0.000000 -0.707106 0.244713 0.455195
-0.801823 2.656121 -0.034076 -0.707107 0.000000 -0.707106 0.244713 0.453362
-0.796823 2.656121 -0.039076 -0.707107 0.000000 -0.707106 0.245978 0.453362
-0.796823 2.640872 -0.039076 -0.707107 0.000000 -0.707106 0.245978 0.456089
-0.801823 2.645872 0.145924 -0.999987 -0.005160 0.000000 0.212520 0.455195
-0.801823 2.656121 0.145924 -0.999987 -0.005160 0.000000 0.212520 0.453362
-0.801823 2.656121 0.105330 -0.999987 -0.005160 0.000000 0.219780 0.453362
-0.801904 2.651185 0.101979 -0.999987 -0.005160 0.000000 0.220503 0.454084
-0.801904 2.651185 0.016046 -0.999987 -0.005160 0.000000 0.235626 0.454084
-0.801823 2.656121 0.012695 -0.999987 -0.005160 0.000000 0.236348 0.453362
-0.801823 2.656121 -0.034076 -0.999987 -0.005160 0.000000 0.244713 0.453362
-0.801823 2.645872 -0.034076 -0.999987 -0.005160 0.000000 0.244713 0.455195
-0.796823 2.640872 0.150924 -0.707107 0.000000 0.707107 0.211256 0.456089
-0.796823 2.656121 0.150924 -0.707107 0.000000 0.707107 0.211256 0.453362
-0.801823 2.656121 0.145924 -0.707107 0.000000 0.707107 0.212520 0.453362
-0.801823 2.645872 0.145924 -0.707107 0.000000 0.707107 0.212520 0.455195
-0.791823 2.635872 0.145924 0.707107 0.000000 0.707107 0.209991 0.456983
-0.791823 2.656121 0.145924 0.707107 0.000000 0.707107 0.209991 0.453362
-0.796823 2.656121 0.150924 0.707107 0.000000 0.707107 0.211256 0.453362
-0.796823 2.640872 0.150924 0.707107 0.000000 0.707107 0.211256 0.456089
-0.791823 2.635872 -0.034076 0.999997 -0.002263 0.000000 0.211933 0.457622
-0.791823 2.656121 -0.034076 0.999997 -0.002263 0.000000 0.211933 0.453876
-0.791823 2.656121 0.012695 0.999997 -0.002263 0.000000 0.220586 0.453876
-0.791742 2.651185 0.016046 0.999997 -0.002263 0.000000 0.221333 0.454623
-0.791742 2.651185 0.101979 0.999997 -0.002263 0.000000 0.236978 0.454623
-0.791823 2.656121 0.105330 0.999997 -0.002263 0.000000 0.237725 0.453876
-0.791823 2.656121 0.145924 0.999997 -0.002263 0.000000 0.245235 0.453876
-0.791823 2.635872 0.145924 0.999997 -0.002263 0.000000 0.245235 0.457622
-0.796823 2.693934 -0.039076 0.707107 0.000000 -0.707106 0.245978 0.446599
-0.791823 2.693934 -0.034076 0.707107 0.000000 -0.707106 0.247243 0.446599
-0.801823 2.693934 -0.034076 -0.707107 0.000000 -0.707106 0.244713 0.446599
-0.796823 2.693934 -0.039076 -0.707107 0.000000 -0.707106 0.245978 0.446599
-0.801823 2.656121 0.145924 -0.999997 -0.001203 0.002150 0.212520 0.453362
-0.801823 2.693934 0.145924 -0.999997 -0.001203 0.002150 0.212520 0.446599
-0.801904 2.693715 0.109824 -0.999997 -0.001203 0.002150 0.219122 0.446599
-0.801904 2.659030 0.109824 -0.999997 -0.001203 0.002150 0.219122 0.452703
-0.801823 2.656121 0.105330 -0.999997 -0.001203 0.002150 0.219780 0.453362
-0.796823 2.693934 0.150924 -0.707107 0.000000 0.707107 0.211256 0.446599
-0.801823 2.693934 0.145924 -0.707107 0.000000 0.707107 0.212520 0.446599
-0.791823 2.693934 0.145924 0.707107 0.000000 0.707107 0.209991 0.446599
-0.796823 2.693934 0.150924 0.707107 0.000000 0.707107 0.211256 0.446599
-0.791823 2.656121 -0.034076 0.999998 -0.001185 -0.001837 0.211933 0.453876
-0.791823 2.693934 -0.034076 0.999998 -0.001185 -0.001837 0.211933 0.446881
-0.791742 2.693715 0.008201 0.999998 -0.001185 -0.001837 0.219905 0.446881
-0.791742 2.659030 0.008201 0.999998 -0.001185 -0.001837 0.219905 0.453195
-0.791823 2.656121 0.012695 0.999998 -0.001185 -0.001837 0.220586 0.453876
-0.796823 2.742415 -0.039076 0.707107 0.000000 -0.707106 0.245978 0.437928
-0.791823 2.742415 -0.034076 0.707107 0.000000 -0.707106 0.247243 0.437928
-0.801823 2.742415 -0.034076 -0.707107 0.000000 -0.707106 0.244713 0.437928
-0.796823 2.742415 -0.039076 -0.707107 0.000000 -0.707106 0.245978 0.437928
-0.801823 2.693934 0.145924 -0.999997 0.000000 0.002247 0.212520 0.446599
-0.801823 2.742415 0.145924 -0.999997 0.000000 0.002247 0.212520 0.437928
-0.801904 2.742982 0.109824 -0.999997 0.000000 0.002247 0.219122 0.437928
-0.801904 2.693715 0.109824 -0.999997 0.000000 0.002247 0.219122 0.446599
-0.796823 2.742415 0.150924 -0.707107 0.000000 0.707107 0.211256 0.437928
-0.801823 2.742415 0.145924 -0.707107 0.000000 0.707107 0.212520 0.437928
-0.791823 2.742415 0.145924 0.707107 0.000000 0.707107 0.209991 0.437928
-0.796823 2.742415 0.150924 0.707107 0.000000 0.707107 0.211256 0.437928
-0.791823 2.693934 -0.034076 0.999998 0.000000 -0.001919 0.211933 0.446881
-0.791823 2.742415 -0.034076 0.999998 0.000000 -0.001919 0.211933 0.437911
-0.791742 2.742982 0.008201 0.999998 0.000000 -0.001919 0.219905 0.437911
-0.791742 2.693715 0.008201 0.999998 0.000000 -0.001919 0.219905 0.446881
-0.796823 2.789664 -0.039076 0.707107 0.000000 -0.707106 0.245978 0.429478
-0.791823 2.789664 -0.034076 0.707107 0.000000 -0.707106 0.247243 0.429478
-0.801823 2.789664 -0.034076 -0.707107 0.000000 -0.707106 0.244713 0.429478
-0.796823 2.789664 -0.039076 -0.707107 0.000000 -0.707106 0.245978 0.429478
-0.801823 2.742415 0.145924 -0.999999 0.001526 0.000000 0.212520 0.437928
-0.801823 2.789664 0.145924 -0.999999 0.001526 0.000000 0.212520 0.429478
-0.801823 2.789664 -0.034076 -0.999999 0.001526 0.000000 0.244713 0.429478
-0.801823 2.742415 -0.034076 -0.999999 0.001526 0.000000 0.244713 0.437928
-0.801904 2.742982 0.008201 -0.999999 0.001526 0.000000 0.237007 0.437928
-0.801904 2.744963 0.008201 -0.999999 0.001526 0.000000 0.237007 0.437579
-0.801904 2.752808 0.016046 -0.999999 0.001526 0.000000 0.235626 0.436199
-0.801904 2.752808 0.101979 -0.999999 0.001526 0.000000 0.220503 0.436199
-0.801904 2.744963 0.109824 -0.999999 0.001526 0.000000 0.219122 0.437579
-0.801904 2.742982 0.109824 -0.999999 0.001526 0.000000 0.219122 0.437928
-0.796823 2.789664 0.150924 -0.707107 0.000000 0.707107 0.211256 0.429478
-0.801823 2.789664 0.145924 -0.707107 0.000000 0.707107 0.212520 0.429478
-0.791823 2.789664 0.145924 0.707107 0.000000 0.707107 0.209991 0.429478
-0.796823 2.789664 0.150924 0.707107 0.000000 0.707107 0.211256 0.429478
-0.791823 2.742415 -0.034076 0.999999 0.001526 0.000000 0.211933 0.437911
-0.791823 2.789664 -0.034076 0.999999 0.001526 0.000000 0.211933 0.429170
-0.791823 2.789664 0.145924 0.999999 0.001526 0.000000 0.245235 0.429170
-0.791823 2.742415 0.145924 0.999999 0.001526 0.000000 0.245235 0.437911
-0.791742 2.742982 0.109824 0.999999 0.001526 0.000000 0.238406 0.437911
-0.791742 2.744963 0.109824 0.999999 0.001526 0.000000 0.238406 0.437551
-0.791742 2.752808 0.101979 0.999999 0.001526 0.000000 0.236978 0.436122
-0.791742 2.752808 0.016046 0.999999 0.001526 0.000000 0.221333 0.436122
-0.791742 2.744963 0.008201 0.999999 0.001526 0.000000 0.219905 0.437551
-0.791742 2.742982 0.008201 0.999999 0.001526 0.000000 0.219905 0.437911
-0.791823 2.789664 -0.034076 0.000000 1.000000 0.000000 0.211933 0.429170
-0.796823 2.789664 -0.039076 0.000000 1.000000 0.000000 0.211008 0.428245
-0.801823 2.789664 -0.034076 0.000000 1.000000 0.000000 0.211933 0.427320
-0.801823 2.789664 0.145924 0.000000 1.000000 0.000000 0.245235 0.427320
-0.796823 2.789664 0.150924 0.000000 1.000000 0.000000 0.246160 0.428245
-0.791823 2.789664 0.145924 0.000000 1.000000 0.000000 0.245235 0.429170
-0.870784 2.635872 -0.034076 -1.000000 0.000002 0.000000 0.211933 0.472231
-0.870784 2.635872 0.145924 -1.000000 0.000002 0.000000 0.245235 0.472231
-0.870784 2.640872 0.150924 -1.000000 0.000002 0.000000 0.246160 0.473156
-0.870784 2.645872 0.145924 -1.000000 0.000002 0.000000 0.245235 0.474081
-0.870784 2.645872 -0.034076 -1.000000 0.000002 0.000000 0.211933 0.474081
-0.870784 2.640872 -0.039076 -1.000000 0.000002 0.000000 0.211008 0.473156
-0.801823 2.656121 0.012695 -0.999998 -0.001185 -0.001837 0.236348 0.453362
-0.801904 2.659030 0.008201 -0.999998 -0.001185 -0.001837 0.237007 0.452703
-0.801904 2.693715 0.008201 -0.999998 -0.001185 -0.001837 0.237007 0.446599
-0.801823 2.693934 -0.034076 -0.999998 -0.001185 -0.001837 0.244713 0.446599
-0.801823 2.656121 -0.034076 -0.999998 -0.001185 -0.001837 0.244713 0.453362
-0.801904 2.693715 0.008201 -0.999998 0.000000 -0.001919 0.237007 0.446599
-0.801904 2.742982 0.008201 -0.999998 0.000000 -0.001919 0.237007 0.437928
-0.801823 2.742415 -0.034076 -0.999998 0.000000 -0.001919 0.244713 0.437928
-0.801823 2.693934 -0.034076 -0.999998 0.000000 -0.001919 0.244713 0.446599
-0.791823 2.656121 0.105330 0.999997 -0.001204 0.002150 0.237725 0.453876
-0.791742 2.659030 0.109824 0.999997 -0.001204 0.002150 0.238406 0.453195
-0.791742 2.693715 0.109824 0.999997 -0.001204 0.002150 0.238406 0.446880
-0.791823 2.693934 0.145924 0.999997 -0.001204 0.002150 0.245235 0.446880
-0.791823 2.656121 0.145924 0.999997 -0.001204 0.002150 0.245235 0.453876
-0.791742 2.693715 0.109824 0.999998 0.000000 0.002247 0.238406 0.446880
-0.791742 2.742982 0.109824 0.999998 0.000000 0.002247 0.238406 0.437911
-0.791823 2.742415 0.145924 0.999998 0.000000 0.002247 0.245235 0.437911
-0.791823 2.693934 0.145924 0.999998 0.000000 0.002247 0.245235 0.446880
-0.803488 2.652084 0.101293 0.000000 1.000000 -0.000000 0.000000 0.250000
-0.789512 2.652084 0.101293 0.000000 1.000000 -0.000000 0.000000 0.250000
-0.789512 2.652084 0.016732 0.000000 1.000000 -0.000000 0.000000 0.250000
-0.803488 2.652084 0.016732 0.000000 1.000000 -0.000000 0.000000 0.250000
-0.803488 2.744364 0.109013 0.000000 0.000000 -1.000000 0.000000 0.250000
-0.789512 2.744364 0.109013 0.000000 0.000000 -1.000000 0.000000 0.250000
-0.789512 2.659803 0.109013 0.000000 0.000000 -1.000000 0.000000 0.250000
-0.803488 2.659803 0.109013 0.000000 0.000000 -1.000000 0.000000 0.250000
-0.803488 2.752084 0.101293 0.000000 -0.707108 -0.707105 0.000000 0.250000
-0.789512 2.752084 0.101293 0.000000 -0.707108 -0.707105 0.000000 0.250000
-0.789512 2.744364 0.109013 0.000000 -0.707108 -0.707105 0.000000 0.250000
-0.803488 2.744364 0.109013 0.000000 -0.707108 -0.707105 0.000000 0.250000
-0.803488 2.659803 0.109013 0.000000 0.707108 -0.707105 0.000000 0.250000
-0.789512 2.659803 0.109013 0.000000 0.707108 -0.707105 0.000000 0.250000
-0.789512 2.652084 0.101293 0.000000 0.707108 -0.707105 0.000000 0.250000
-0.803488 2.652084 0.101293 0.000000 0.707108 -0.707105 0.000000 0.250000
-0.803488 2.659803 0.009013 0.000000 0.000000 1.000000 0.000000 0.250000
-0.789512 2.659803 0.009013 0.000000 0.000000 1.000000 0.000000 0.250000
-0.789512 2.744364 0.009013 0.000000 0.000000 1.000000 0.000000 0.250000
-0.803488 2.744364 0.009013 0.000000 0.000000 1.000000 0.000000 0.250000
-0.803488 2.752084 0.016732 0.000000 -1.000000 -0.000000 0.000000 0.250000
-0.789512 2.752084 0.016732 0.000000 -1.000000 -0.000000 0.000000 0.250000
-0.789512 2.752084 0.101293 0.000000 -1.000000 -0.000000 0.000000 0.250000
-0.803488 2.752084 0.101293 0.000000 -1.000000 -0.000000 0.000000 0.250000
-0.803488 2.652084 0.016732 0.000000 0.707108 0.707105 0.000000 0.250000
-0.789512 2.652084 0.016732 0.000000 0.707108 0.707105 0.000000 0.250000
-0.789512 2.659803 0.009013 0.000000 0.707108 0.707105 0.000000 0.250000
-0.803488 2.659803 0.009013 0.000000 0.707108 0.707105 0.000000 0.250000
-0.803488 2.744364 0.009013 0.000000 -0.707108 0.707105 0.000000 0.250000
-0.789512 2.744364 0.009013 0.000000 -0.707108 0.707105 0.000000 0.250000
-0.789512 2.752084 0.016732 0.000000 -0.707108 0.707105 0.000000 0.250000
-0.803488 2.752084 0.016732 0.000000 -0.707108 0.707105 0.000000 0.250000
-0.803488 2.646413 0.106088 -0.000000 -1.000000 0.000000 0.000000 0.250000
-0.803488 2.646413 0.011937 -0.000000 -1.000000 0.000000 0.000000 0.250000
-0.789512 2.646413 0.011937 -0.000000 -1.000000 0.000000 0.000000 0.250000
-0.789512 2.646413 0.106088 -0.000000 -1.000000 0.000000 0.000000 0.250000
-0.803488 2.749159 0.114683 0.000000 0.000000 1.000000 0.000000 0.250000
-0.803488 2.655008 0.114683 0.000000 0.000000 1.000000 0.000000 0.250000
-0.789512 2.655008 0.114683 0.000000 0.000000 1.000000 0.000000 0.250000
-0.789512 2.749159 0.114683 0.000000 0.000000 1.000000 0.000000 0.250000
-0.803488 2.757754 0.106088 0.000000 0.707107 0.707106 0.000000 0.250000
-0.803488 2.749159 0.114683 0.000000 0.707107 0.707106 0.000000 0.250000
-0.789512 2.749159 0.114683 0.000000 0.707107 0.707106 0.000000 0.250000
-0.789512 2.757754 0.106088 0.000000 0.707107 0.707106 0.000000 0.250000
-0.803488 2.655008 0.114683 0.000000 -0.707107 0.707106 0.000000 0.250000
-0.803488 2.646413 0.106088 0.000000 -0.707107 0.707106 0.000000 0.250000
-0.789512 2.646413 0.106088 0.000000 -0.707107 0.707106 0.000000 0.250000
-0.789512 2.655008 0.114683 0.000000 -0.707107 0.707106 0.000000 0.250000
-0.803488 2.655008 0.003342 -0.000000 0.000000 -1.000000 0.000000 0.250000
-0.803488 2.749159 0.003342 -0.000000 0.000000 -1.000000 0.000000 0.250000
-0.789512 2.749159 0.003342 -0.000000 0.000000 -1.000000 0.000000 0.250000
-0.789512 2.655008 0.003342 -0.000000 0.000000 -1.000000 0.000000 0.250000
-0.803488 2.757754 0.011937 0.000000 1.000000 0.000000 0.000000 0.250000
-0.803488 2.757754 0.106088 0.000000 1.000000 0.000000 0.000000 0.250000
-0.789512 2.757754 0.106088 0.000000 1.000000 0.000000 0.000000 0.250000
-0.789512 2.757754 0.011937 0.000000 1.000000 0.000000 0.000000 0.250000
-0.803488 2.646413 0.011937 0.000000 -0.707107 -0.707106 0.000000 0.250000
-0.803488 2.655008 0.003342 0.000000 -0.707107 -0.707106 0.000000 0.250000
-0.789512 2.655008 0.003342 0.000000 -0.707107 -0.707106 0.000000 0.250000
-0.789512 2.646413 0.011937 0.000000 -0.707107 -0.707106 0.000000 0.250000
-0.803488 2.749159 0.003342 0.000000 0.707107 -0.707106 0.000000 0.250000
-0.803488 2.757754 0.011937 0.000000 0.707107 -0.707106 0.000000 0.250000
-0.789512 2.757754 0.011937 0.000000 0.707107 -0.707106 0.000000 0.250000
-0.789512 2.749159 0.003342 0.000000 0.707107 -0.707106 0.000000 0.250000
-0.803488 2.652084 0.101293 -1.000000 0.000000 0.000000 0.000000 0.250000
-0.803488 2.652084 0.016732 -1.000000 0.000000 0.000000 0.000000 0.250000
-0.803488 2.646413 0.011937 -1.000000 0.000000 0.000000 0.000000 0.250000
-0.803488 2.646413 0.106088 -1.000000 0.000000 0.000000 0.000000 0.250000
-0.803488 2.744364 0.009013 -1.000000 -0.000000 0.000000 0.000000 0.250000
-0.803488 2.752084 0.016732 -1.000000 -0.000000 0.000000 0.000000 0.250000
-0.803488 2.757754 0.011937 -1.000000 -0.000000 0.000000 0.000000 0.250000
-0.803488 2.749159 0.003342 -1.000000 -0.000000 0.000000 0.000000 0.250000
-0.789512 2.652084 0.016732 1.000000 -0.000000 0.000000 0.000000 0.250000
-0.789512 2.652084 0.101293 1.000000 -0.000000 0.000000 0.000000 0.250000
-0.789512 2.646413 0.106088 1.000000 -0.000000 0.000000 0.000000 0.250000
-0.789512 2.646413 0.011937 1.000000 -0.000000 0.000000 0.000000 0.250000
-0.789512 2.752084 0.016732 1.000000 0.000000 -0.000000 0.000000 0.250000
-0.789512 2.744364 0.009013 1.000000 0.000000 -0.000000 0.000000 0.250000
-0.789512 2.749159 0.003342 1.000000 0.000000 -0.000000 0.000000 0.250000
-0.789512 2.757754 0.011937 1.000000 0.000000 -0.000000 0.000000 0.250000
-0.803488 2.659803 0.109013 -1.000000 0.000000 -0.000000 0.000000 0.250000
-0.803488 2.655008 0.114683 -1.000000 0.000000 -0.000000 0.000000 0.250000
-0.789512 2.659803 0.109013 1.000000 -0.000000 0.000000 0.000000 0.250000
-0.789512 2.655008 0.114683 1.000000 -0.000000 0.000000 0.000000 0.250000
-0.803488 2.659803 0.009013 -1.000000 0.000000 0.000000 0.000000 0.250000
-0.803488 2.655008 0.003342 -1.000000 0.000000 0.000000 0.000000 0.250000
-0.789512 2.659803 0.009013 1.000000 -0.000000 -0.000000 0.000000 0.250000
-0.789512 2.655008 0.003342 1.000000 -0.000000 -0.000000 0.000000 0.250000
-0.803488 2.752084 0.101293 -1.000000 -0.000000 -0.000000 0.000000 0.250000
-0.803488 2.744364 0.109013 -1.000000 -0.000000 -0.000000 0.000000 0.250000
-0.803488 2.749159 0.114683 -1.000000 -0.000000 -0.000000 0.000000 0.250000
-0.803488 2.757754 0.106088 -1.000000 -0.000000 -0.000000 0.000000 0.250000
-0.789512 2.744364 0.109013 1.000000 0.000000 0.000000 0.000000 0.250000
-0.789512 2.752084 0.101293 1.000000 0.000000 0.000000 0.000000 0.250000
-0.789512 2.757754 0.106088 1.000000 0.000000 0.000000 0.000000 0.250000
-0.789512 2.749159 0.114683 1.000000 0.000000 0.000000 0.000000 0.250000
-0.785000 2.769630 -0.022861 1.000000 0.000000 0.000000 0.063317 0.437177
-0.785000 2.774630 -0.014200 1.000000 0.000000 0.000000 0.058989 0.439676
-0.785000 2.769630 -0.005540 1.000000 0.000000 0.000000 0.054661 0.437177
-0.785000 2.759630 -0.005540 1.000000 0.000000 0.000000 0.054661 0.432179
-0.785000 2.754630 -0.014200 1.000000 0.000000 0.000000 0.058989 0.429680
-0.785000 2.759630 -0.022861 1.000000 0.000000 0.000000 0.063317 0.432179
-0.795000 2.774630 0.125800 0.000000 0.866031 -0.499991 0.021686 0.458588
-0.785000 2.774630 0.125800 0.000000 0.866031 -0.499991 0.019020 0.458588
-0.785000 2.769630 0.117139 0.000000 0.866031 -0.499991 0.019020 0.455923
-0.795000 2.769630 0.117139 0.000000 0.866031 -0.499991 0.021686 0.455923
-0.795000 2.754630 -0.014200 0.000000 -0.866021 0.500008 0.019013 0.450592
-0.785000 2.754630 -0.014200 0.000000 -0.866021 0.500008 0.016347 0.450592
-0.785000 2.759630 -0.005540 0.000000 -0.866021 0.500008 0.016347 0.447927
-0.795000 2.759630 -0.005540 0.000000 -0.866021 0.500008 0.019013 0.447927
-0.795000 2.769630 0.117139 0.000000 0.000000 -1.000000 0.021686 0.455923
-0.785000 2.769630 0.117139 0.000000 0.000000 -1.000000 0.019020 0.455923
-0.785000 2.759630 0.117139 0.000000 0.000000 -1.000000 0.019020 0.453258
-0.795000 2.759630 0.117139 0.000000 0.000000 -1.000000 0.021686 0.453258
-0.795000 2.759630 -0.022861 0.000000 -0.866020 -0.500009 0.019013 0.453258
-0.785000 2.759630 -0.022861 0.000000 -0.866020 -0.500009 0.016347 0.453258
-0.785000 2.754630 -0.014200 0.000000 -0.866020 -0.500009 0.016347 0.450592
-0.795000 2.754630 -0.014200 0.000000 -0.866020 -0.500009 0.019013 0.450592
-0.795000 2.759630 0.117139 0.000000 -0.866021 -0.500008 0.021686 0.453258
-0.785000 2.759630 0.117139 0.000000 -0.866021 -0.500008 0.019020 0.453258
-0.785000 2.754630 0.125800 0.000000 -0.866021 -0.500008 0.019020 0.450592
-0.795000 2.754630 0.125800 0.000000 -0.866021 -0.500008 0.021686 0.450592
-0.795000 2.769630 -0.005540 0.000000 0.866031 0.499991 0.019013 0.445261
-0.785000 2.769630 -0.005540 0.000000 0.866031 0.499991 0.016347 0.445261
-0.785000 2.774630 -0.014200 0.000000 0.866031 0.499991 0.016347 0.442596
-0.795000 2.774630 -0.014200 0.000000 0.866031 0.499991 0.019013 0.442596
-0.795000 2.769630 -0.022861 0.000000 0.000000 -1.000000 0.019013 0.455923
-0.785000 2.769630 -0.022861 0.000000 0.000000 -1.000000 0.016347 0.455923
-0.785000 2.759630 -0.022861 0.000000 0.000000 -1.000000 0.016347 0.453258
-0.795000 2.759630 -0.022861 0.000000 0.000000 -1.000000 0.019013 0.453258
-0.795000 2.754630 0.125800 0.000000 -0.866021 0.500008 0.021686 0.450592
-0.785000 2.754630 0.125800 0.000000 -0.866021 0.500008 0.019020 0.450592
-0.785000 2.759630 0.134460 0.000000 -0.866021 0.500008 0.019020 0.447927
-0.795000 2.759630 0.134460 0.000000 -0.866021 0.500008 0.021686 0.447927
-0.785000 2.769630 0.117139 1.000000 0.000000 0.000000 0.079930 0.427704
-0.785000 2.774630 0.125800 1.000000 0.000000 0.000000 0.084258 0.425205
-0.785000 2.769630 0.134460 1.000000 0.000000 0.000000 0.088586 0.427704
-0.785000 2.759630 0.134460 1.000000 0.000000 0.000000 0.088586 0.432702
-0.785000 2.754630 0.125800 1.000000 0.000000 0.000000 0.084258 0.435200
-0.785000 2.759630 0.117139 1.000000 0.000000 0.000000 0.079930 0.432702
-0.795000 2.774630 -0.014200 0.000000 0.866031 -0.499991 0.019013 0.458588
-0.785000 2.774630 -0.014200 0.000000 0.866031 -0.499991 0.016347 0.458588
-0.785000 2.769630 -0.022861 0.000000 0.866031 -0.499991 0.016347 0.455923
-0.795000 2.769630 -0.022861 0.000000 0.866031 -0.499991 0.019013 0.455923
-0.795000 2.759630 0.134460 0.000000 0.000000 1.000000 0.021686 0.447927
-0.785000 2.759630 0.134460 0.000000 0.000000 1.000000 0.019020 0.447927
-0.785000 2.769630 0.134460 0.000000 0.000000 1.000000 0.019020 0.445261
-0.795000 2.769630 0.134460 0.000000 0.000000 1.000000 0.021686 0.445261
-0.795000 2.759630 -0.005540 0.000000 0.000000 1.000000 0.019013 0.447927
-0.785000 2.759630 -0.005540 0.000000 0.000000 1.000000 0.016347 0.447927
-0.785000 2.769630 -0.005540 0.000000 0.000000 1.000000 0.016347 0.445261
-0.795000 2.769630 -0.005540 0.000000 0.000000 1.000000 0.019013 0.445261
-0.795000 2.769630 0.134460 0.000000 0.866031 0.499991 0.021686 0.445261
-0.785000 2.769630 0.134460 0.000000 0.866031 0.499991 0.019020 0.445261
-0.785000 2.774630 0.125800 0.000000 0.866031 0.499991 0.019020 0.442596
-0.795000 2.774630 0.125800 0.000000 0.866031 0.499991 0.021686 0.442596
-0.785139 2.764385 -0.008937 0.000000 0.382683 0.923880 0.030133 0.447923
-0.774861 2.764385 -0.008937 0.000000 0.382683 0.923880 0.027394 0.447923
-0.774861 2.768019 -0.010442 0.000000 0.382683 0.923880 0.027394 0.446874
-0.785139 2.768019 -0.010442 0.000000 0.382683 0.923880 0.030133 0.446874
-0.785139 2.769524 0.125924 0.000000 0.923867 -0.382713 0.030141 0.445826
-0.774861 2.769524 0.125924 0.000000 0.923867 -0.382713 0.032881 0.445826
-0.774861 2.768019 0.122290 0.000000 0.923867 -0.382713 0.032881 0.446874
-0.785139 2.768019 0.122290 0.000000 0.923867 -0.382713 0.030141 0.446874
-0.774861 2.768019 -0.017710 1.000000 0.000008 0.000000 0.078433 0.430282
-0.774861 2.769524 -0.014076 1.000000 0.000008 0.000000 0.080750 0.427965
-0.774861 2.768019 -0.010442 1.000000 0.000008 0.000000 0.084026 0.427965
-0.774861 2.764385 -0.008937 1.000000 0.000008 0.000000 0.086343 0.430282
-0.774861 2.760751 -0.010442 1.000000 0.000008 0.000000 0.086343 0.433558
-0.774861 2.759246 -0.014076 1.000000 0.000008 0.000000 0.084026 0.435875
-0.774861 2.760751 -0.017710 1.000000 0.000008 0.000000 0.080750 0.435875
-0.774861 2.764385 -0.019216 1.000000 0.000008 0.000000 0.078433 0.433558
-0.785139 2.768019 0.122290 0.000000 0.382682 -0.923880 0.030141 0.446874
-0.774861 2.768019 0.122290 0.000000 0.382682 -0.923880 0.032881 0.446874
-0.774861 2.764385 0.120784 0.000000 0.382682 -0.923880 0.032881 0.447923
-0.785139 2.764385 0.120784 0.000000 0.382682 -0.923880 0.030141 0.447923
-0.785139 2.760751 -0.010442 0.000000 -0.382683 0.923880 0.030133 0.448971
-0.774861 2.760751 -0.010442 0.000000 -0.382683 0.923880 0.027394 0.448971
-0.774861 2.764385 -0.008937 0.000000 -0.382683 0.923880 0.027394 0.447923
-0.785139 2.764385 -0.008937 0.000000 -0.382683 0.923880 0.030133 0.447923
-0.785139 2.764385 0.120784 0.000000 -0.382682 -0.923880 0.030141 0.447923
-0.774861 2.764385 0.120784 0.000000 -0.382682 -0.923880 0.032881 0.447923
-0.774861 2.760751 0.122290 0.000000 -0.382682 -0.923880 0.032881 0.448971
-0.785139 2.760751 0.122290 0.000000 -0.382682 -0.923880 0.030141 0.448971
-0.785139 2.759246 -0.014076 0.000000 -0.923888 0.382662 0.030133 0.450019
-0.774861 2.759246 -0.014076 0.000000 -0.923888 0.382662 0.027394 0.450019
-0.774861 2.760751 -0.010442 0.000000 -0.923888 0.382662 0.027394 0.448971
-0.785139 2.760751 -0.010442 0.000000 -0.923888 0.382662 0.030133 0.448971
-0.785139 2.760751 0.122290 0.000000 -0.923889 -0.382661 0.030141 0.448971
-0.774861 2.760751 0.122290 0.000000 -0.923889 -0.382661 0.032881 0.448971
-0.774861 2.759246 0.125924 0.000000 -0.923889 -0.382661 0.032881 0.450019
-0.785139 2.759246 0.125924 0.000000 -0.923889 -0.382661 0.030141 0.450019
-0.785139 2.760751 -0.017710 0.000000 -0.923889 -0.382661 0.030133 0.451068
-0.774861 2.760751 -0.017710 0.000000 -0.923889 -0.382661 0.027394 0.451068
-0.774861 2.759246 -0.014076 0.000000 -0.923889 -0.382661 0.027394 0.450019
-0.785139 2.759246 -0.014076 0.000000 -0.923889 -0.382661 0.030133 0.450019
-0.785139 2.759246 0.125924 0.000000 -0.923888 0.382662 0.030141 0.450019
-0.774861 2.759246 0.125924 0.000000 -0.923888 0.382662 0.032881 0.450019
-0.774861 2.760751 0.129558 0.000000 -0.923888 0.382662 0.032881 0.451068
-0.785139 2.760751 0.129558 0.000000 -0.923888 0.382662 0.030141 0.451068
-0.785139 2.764385 -0.019216 0.000000 -0.382682 -0.923880 0.030133 0.452116
-0.774861 2.764385 -0.019216 0.000000 -0.382682 -0.923880 0.027394 0.452116
-0.774861 2.760751 -0.017710 0.000000 -0.382682 -0.923880 0.027394 0.451068
-0.785139 2.760751 -0.017710 0.000000 -0.382682 -0.923880 0.030133 0.451068
-0.785139 2.760751 0.129558 0.000000 -0.382683 0.923880 0.030141 0.451068
-0.774861 2.760751 0.129558 0.000000 -0.382683 0.923880 0.032881 0.451068
-0.774861 2.764385 0.131063 0.000000 -0.382683 0.923880 0.032881 0.452116
-0.785139 2.764385 0.131063 0.000000 -0.382683 0.923880 0.030141 0.452116
-0.774861 2.768019 0.122290 1.000000 0.000008 0.000000 0.059367 0.438614
-0.774861 2.769524 0.125924 1.000000 0.000008 0.000000 0.057050 0.440931
-0.774861 2.768019 0.129558 1.000000 0.000008 0.000000 0.053774 0.440931
-0.774861 2.764385 0.131063 1.000000 0.000008 0.000000 0.051457 0.438614
-0.774861 2.760751 0.129558 1.000000 0.000008 0.000000 0.051457 0.435338
-0.774861 2.759246 0.125924 1.000000 0.000008 0.000000 0.053774 0.433021
-0.774861 2.760751 0.122290 1.000000 0.000008 0.000000 0.057050 0.433021
-0.774861 2.764385 0.120784 1.000000 0.000008 0.000000 0.059367 0.435338
-0.785139 2.768019 -0.017710 0.000000 0.382682 -0.923880 0.030133 0.453165
-0.774861 2.768019 -0.017710 0.000000 0.382682 -0.923880 0.027394 0.453165
-0.774861 2.764385 -0.019216 0.000000 0.382682 -0.923880 0.027394 0.452116
-0.785139 2.764385 -0.019216 0.000000 0.382682 -0.923880 0.030133 0.452116
-0.785139 2.764385 0.131063 0.000000 0.382683 0.923880 0.030141 0.452116
-0.774861 2.764385 0.131063 0.000000 0.382683 0.923880 0.032881 0.452116
-0.774861 2.768019 0.129558 0.000000 0.382683 0.923880 0.032881 0.453165
-0.785139 2.768019 0.129558 0.000000 0.382683 0.923880 0.030141 0.453165
-0.785139 2.768019 -0.010442 0.000000 0.923867 0.382714 0.030133 0.446874
-0.774861 2.768019 -0.010442 0.000000 0.923867 0.382714 0.027394 0.446874
-0.774861 2.769524 -0.014076 0.000000 0.923867 0.382714 0.027394 0.445826
-0.785139 2.769524 -0.014076 0.000000 0.923867 0.382714 0.030133 0.445826
-0.785139 2.768019 0.129558 0.000000 0.923867 0.382714 0.030141 0.453165
-0.774861 2.768019 0.129558 0.000000 0.923867 0.382714 0.032881 0.453165
-0.774861 2.769524 0.125924 0.000000 0.923867 0.382714 0.032881 0.454213
-0.785139 2.769524 0.125924 0.000000 0.923867 0.382714 0.030141 0.454213
-0.785139 2.769524 -0.014076 0.000000 0.923867 -0.382713 0.030133 0.454213
-0.774861 2.769524 -0.014076 0.000000 0.923867 -0.382713 0.027394 0.454213
-0.774861 2.768019 -0.017710 0.000000 0.923867 -0.382713 0.027394 0.453165
-0.785139 2.768019 -0.017710 0.000000 0.923867 -0.382713 0.030133 0.453165
-0.841052 2.645872 0.054669 -0.382685 0.000000 -0.923879 0.031440 0.453165
-0.841052 2.635872 0.054669 -0.382685 0.000000 -0.923879 0.031998 0.453165
-0.846578 2.635872 0.056958 -0.382685 0.000000 -0.923879 0.031998 0.452116
-0.846578 2.645872 0.056958 -0.382685 0.000000 -0.923879 0.031440 0.452116
-0.846578 2.645872 0.041330 -0.382684 0.000000 0.923879 0.031440 0.447923
-0.846578 2.635872 0.041330 -0.382684 0.000000 0.923879 0.031998 0.447923
-0.841052 2.635872 0.043619 -0.382684 0.000000 0.923879 0.031998 0.446874
-0.841052 2.645872 0.043619 -0.382684 0.000000 0.923879 0.031440 0.446874
-0.846578 2.645872 0.056958 0.382685 0.000000 -0.923879 0.031440 0.452116
-0.846578 2.635872 0.056958 0.382685 0.000000 -0.923879 0.031998 0.452116
-0.850889 2.635872 0.055172 0.382685 0.000000 -0.923879 0.031998 0.451298
-0.852103 2.635872 0.054669 0.382685 0.000000 -0.923879 0.031998 0.451068
-0.852103 2.645872 0.054669 0.382685 0.000000 -0.923879 0.031440 0.451068
-0.850889 2.645872 0.055172 0.382685 0.000000 -0.923879 0.031440 0.451298
-0.852103 2.645872 0.043619 0.382682 -0.000002 0.923880 0.031440 0.448971
-0.852103 2.635872 0.043619 0.382682 -0.000002 0.923880 0.031998 0.448971
-0.850889 2.635872 0.043116 0.382682 -0.000002 0.923880 0.031998 0.448741
-0.846578 2.635872 0.041330 0.382682 -0.000002 0.923880 0.031998 0.447923
-0.846578 2.645872 0.041330 0.382682 -0.000002 0.923880 0.031440 0.447923
-0.850889 2.645872 0.043116 0.382682 -0.000002 0.923880 0.031440 0.448741
-0.854391 2.645872 0.049144 0.923879 0.000000 0.382684 0.031440 0.450019
-0.854391 2.635872 0.049144 0.923879 0.000000 0.382684 0.031998 0.450019
-0.852103 2.635872 0.043619 0.923879 0.000000 0.382684 0.031998 0.448971
-0.852103 2.645872 0.043619 0.923879 0.000000 0.382684 0.031440 0.448971
-0.838764 2.645872 0.049144 -0.923876 0.000000 -0.382693 0.031440 0.454213
-0.838764 2.635872 0.049144 -0.923876 0.000000 -0.382693 0.031998 0.454213
-0.841052 2.635872 0.054669 -0.923876 0.000000 -0.382693 0.031998 0.453165
-0.841052 2.645872 0.054669 -0.923876 0.000000 -0.382693 0.031440 0.453165
-0.841052 2.645872 0.043619 -0.923876 0.000000 0.382693 0.031440 0.446874
-0.841052 2.635872 0.043619 -0.923876 0.000000 0.382693 0.031998 0.446874
-0.838764 2.635872 0.049144 -0.923876 0.000000 0.382693 0.031998 0.445826
-0.838764 2.645872 0.049144 -0.923876 0.000000 0.382693 0.031440 0.445826
-0.852103 2.645872 0.054669 0.923879 0.000000 -0.382685 0.031440 0.451068
-0.852103 2.635872 0.054669 0.923879 0.000000 -0.382685 0.031998 0.451068
-0.854391 2.635872 0.049144 0.923879 0.000000 -0.382685 0.031998 0.450019
-0.854391 2.645872 0.049144 0.923879 0.000000 -0.382685 0.031440 0.450019
-0.445394 2.602021 0.573238 0.000000 -1.000000 0.000000 0.045503 0.467181
-0.445394 2.602021 0.593238 0.000000 -1.000000 0.000000 0.042221 0.466094
-0.629555 2.602021 0.593238 0.000000 -1.000000 0.000000 0.042270 0.434626
-0.629555 2.602021 0.573238 0.000000 -1.000000 0.000000 0.046236 0.434680
-0.629555 2.802021 0.573238 0.000000 0.000000 -1.000000 0.008637 0.433256
-0.584550 2.757691 0.573238 0.000000 0.000000 -1.000000 0.016513 0.441015
-0.593145 2.749096 0.573238 0.000000 0.000000 -1.000000 0.015009 0.442519
-0.637474 2.794101 0.573238 0.000000 0.000000 -1.000000 0.007251 0.434642
-0.445394 2.602021 0.593238 -0.000000 0.000000 1.000000 0.042221 0.466094
-0.490399 2.646350 0.593238 -0.000000 0.000000 1.000000 0.034515 0.458935
-0.584550 2.646350 0.593238 -0.000000 0.000000 1.000000 0.034698 0.442998
-0.629555 2.602021 0.593238 -0.000000 0.000000 1.000000 0.042270 0.434626
-0.437474 2.794101 0.593238 0.000000 -0.000000 1.000000 0.009324 0.468391
-0.481804 2.749096 0.593238 0.000000 -0.000000 1.000000 0.016779 0.460426
-0.481804 2.654945 0.593238 0.000000 -0.000000 1.000000 0.033071 0.460407
-0.437474 2.609940 0.593238 0.000000 -0.000000 1.000000 0.041201 0.467772
-0.437474 2.794101 0.573238 1.000000 -0.000000 0.000000 0.008354 0.471851
-0.437474 2.794101 0.593238 1.000000 -0.000000 0.000000 0.009324 0.468391
-0.437474 2.609940 0.593238 1.000000 -0.000000 0.000000 0.041201 0.467772
-0.437474 2.609940 0.573238 1.000000 -0.000000 0.000000 0.041247 0.471782
-0.606709 2.775605 0.594189 0.499991 0.866031 0.000000 0.119191 0.428471
-0.606709 2.775605 0.604189 0.499991 0.866031 0.000000 0.123152 0.428471
-0.598049 2.770605 0.604189 0.499991 0.866031 0.000000 0.123152 0.432433
-0.598049 2.770605 0.594189 0.499991 0.866031 0.000000 0.119191 0.432433
-0.466709 2.755605 0.594189 -0.500008 -0.866021 0.000000 0.131191 0.440357
-0.466709 2.755605 0.604189 -0.500008 -0.866021 0.000000 0.127229 0.440357
-0.475370 2.760605 0.604189 -0.500008 -0.866021 0.000000 0.127229 0.436395
-0.475370 2.760605 0.594189 -0.500008 -0.866021 0.000000 0.131191 0.436395
-0.598049 2.770605 0.594189 1.000000 -0.000000 0.000000 0.119191 0.432433
-0.598049 2.770605 0.604189 1.000000 -0.000000 0.000000 0.123152 0.432433
-0.598049 2.760605 0.604189 1.000000 -0.000000 0.000000 0.123152 0.436395
-0.598049 2.760605 0.594189 1.000000 -0.000000 0.000000 0.119191 0.436395
-0.458049 2.760605 0.594189 0.500008 -0.866021 0.000000 0.131191 0.444319
-0.458049 2.760605 0.604189 0.500008 -0.866021 0.000000 0.127229 0.444319
-0.466709 2.755605 0.604189 0.500008 -0.866021 0.000000 0.127229 0.440357
-0.466709 2.755605 0.594189 0.500008 -0.866021 0.000000 0.131191 0.440357
-0.598049 2.760605 0.594189 0.500008 -0.866021 0.000000 0.119191 0.436395
-0.598049 2.760605 0.604189 0.500008 -0.866021 0.000000 0.123152 0.436395
-0.606709 2.755605 0.604189 0.500008 -0.866021 0.000000 0.123152 0.440357
-0.606709 2.755605 0.594189 0.500008 -0.866021 0.000000 0.119191 0.440357
-0.475370 2.770605 0.594189 -0.499991 0.866031 0.000000 0.131191 0.432433
-0.475370 2.770605 0.604189 -0.499991 0.866031 0.000000 0.127229 0.432433
-0.466709 2.775605 0.604189 -0.499991 0.866031 0.000000 0.127229 0.428471
-0.466709 2.775605 0.594189 -0.499991 0.866031 0.000000 0.131191 0.428471
-0.458049 2.770605 0.594189 1.000000 -0.000000 0.000000 0.131191 0.448281
-0.458049 2.770605 0.604189 1.000000 -0.000000 0.000000 0.127229 0.448281
-0.458049 2.760605 0.604189 1.000000 -0.000000 0.000000 0.127229 0.444319
-0.458049 2.760605 0.594189 1.000000 -0.000000 0.000000 0.131191 0.444319
-0.606709 2.755605 0.594189 -0.500008 -0.866021 0.000000 0.119191 0.440357
-0.606709 2.755605 0.604189 -0.500008 -0.866021 0.000000 0.123152 0.440357
-0.615370 2.760605 0.604189 -0.500008 -0.866021 0.000000 0.123152 0.444319
-0.615370 2.760605 0.594189 -0.500008 -0.866021 0.000000 0.119191 0.444319
-0.466709 2.775605 0.594189 0.499991 0.866031 0.000000 0.131191 0.452243
-0.466709 2.775605 0.604189 0.499991 0.866031 0.000000 0.127229 0.452243
-0.458049 2.770605 0.604189 0.499991 0.866031 0.000000 0.127229 0.448281
-0.458049 2.770605 0.594189 0.499991 0.866031 0.000000 0.131191 0.448281
-0.615370 2.760605 0.594189 -1.000000 -0.000000 0.000000 0.119191 0.444319
-0.615370 2.760605 0.604189 -1.000000 -0.000000 0.000000 0.123152 0.444319
-0.615370 2.770605 0.604189 -1.000000 -0.000000 0.000000 0.123152 0.448281
-0.615370 2.770605 0.594189 -1.000000 -0.000000 0.000000 0.119191 0.448281
-0.475370 2.760605 0.594189 -1.000000 -0.000000 0.000000 0.131191 0.436395
-0.475370 2.760605 0.604189 -1.000000 -0.000000 0.000000 0.127229 0.436395
-0.475370 2.770605 0.604189 -1.000000 -0.000000 0.000000 0.127229 0.432433
-0.475370 2.770605 0.594189 -1.000000 -0.000000 0.000000 0.131191 0.432433
-0.615370 2.770605 0.594189 -0.499991 0.866031 0.000000 0.119191 0.448281
-0.615370 2.770605 0.604189 -0.499991 0.866031 0.000000 0.123152 0.448281
-0.606709 2.775605 0.604189 -0.499991 0.866031 0.000000 0.123152 0.452243
-0.606709 2.775605 0.594189 -0.499991 0.866031 0.000000 0.119191 0.452243
-0.471972 2.765359 0.604050 -0.923881 0.382680 0.000000 0.141255 0.438382
-0.471972 2.765359 0.614328 -0.923881 0.382680 0.000000 0.135438 0.438382
-0.470467 2.768993 0.614328 -0.923881 0.382680 0.000000 0.135438 0.436156
-0.470467 2.768993 0.604050 -0.923881 0.382680 0.000000 0.141255 0.436156
-0.606833 2.770499 0.604050 0.382712 0.923868 0.000000 0.141255 0.451739
-0.606833 2.770499 0.614328 0.382712 0.923868 0.000000 0.135438 0.451739
-0.603199 2.768993 0.614328 0.382712 0.923868 0.000000 0.135438 0.449513
-0.603199 2.768993 0.604050 0.382712 0.923868 0.000000 0.141255 0.449513
-0.603199 2.768993 0.604050 0.923878 0.382686 0.000000 0.141255 0.449513
-0.603199 2.768993 0.614328 0.923878 0.382686 0.000000 0.135438 0.449513
-0.601694 2.765359 0.614328 0.923878 0.382686 0.000000 0.135438 0.447287
-0.601694 2.765359 0.604050 0.923878 0.382686 0.000000 0.141255 0.447287
-0.470467 2.761725 0.604050 -0.923881 -0.382680 0.000000 0.141255 0.440608
-0.470467 2.761725 0.614328 -0.923881 -0.382680 0.000000 0.135438 0.440608
-0.471972 2.765359 0.614328 -0.923881 -0.382680 0.000000 0.135438 0.438382
-0.471972 2.765359 0.604050 -0.923881 -0.382680 0.000000 0.141255 0.438382
-0.601694 2.765359 0.604050 0.923878 -0.382686 0.000000 0.141255 0.447287
-0.601694 2.765359 0.614328 0.923878 -0.382686 0.000000 0.135438 0.447287
-0.603199 2.761725 0.614328 0.923878 -0.382686 0.000000 0.135438 0.445061
-0.603199 2.761725 0.604050 0.923878 -0.382686 0.000000 0.141255 0.445061
-0.466833 2.760220 0.604050 -0.382663 -0.923888 0.000000 0.141255 0.442834
-0.466833 2.760220 0.614328 -0.382663 -0.923888 0.000000 0.135438 0.442834
-0.470467 2.761725 0.614328 -0.382663 -0.923888 0.000000 0.135438 0.440608
-0.470467 2.761725 0.604050 -0.382663 -0.923888 0.000000 0.141255 0.440608
-0.603199 2.761725 0.604050 0.382661 -0.923889 0.000000 0.141255 0.445061
-0.603199 2.761725 0.614328 0.382661 -0.923889 0.000000 0.135438 0.445061
-0.606833 2.760220 0.614328 0.382661 -0.923889 0.000000 0.135438 0.442834
-0.606833 2.760220 0.604050 0.382661 -0.923889 0.000000 0.141255 0.442834
-0.463199 2.761725 0.604050 0.382661 -0.923889 0.000000 0.141255 0.445061
-0.463199 2.761725 0.614328 0.382661 -0.923889 0.000000 0.135438 0.445061
-0.466833 2.760220 0.614328 0.382661 -0.923889 0.000000 0.135438 0.442834
-0.466833 2.760220 0.604050 0.382661 -0.923889 0.000000 0.141255 0.442834
-0.606833 2.760220 0.604050 -0.382661 -0.923889 0.000000 0.141255 0.442834
-0.606833 2.760220 0.614328 -0.382661 -0.923889 0.000000 0.135438 0.442834
-0.610467 2.761725 0.614328 -0.382661 -0.923889 0.000000 0.135438 0.440608
-0.610467 2.761725 0.604050 -0.382661 -0.923889 0.000000 0.141255 0.440608
-0.461694 2.765359 0.604050 0.923878 -0.382686 0.000000 0.141255 0.447287
-0.461694 2.765359 0.614328 0.923878 -0.382686 0.000000 0.135438 0.447287
-0.463199 2.761725 0.614328 0.923878 -0.382686 0.000000 0.135438 0.445061
-0.463199 2.761725 0.604050 0.923878 -0.382686 0.000000 0.141255 0.445061
-0.610467 2.761725 0.604050 -0.923878 -0.382686 0.000000 0.141255 0.440608
-0.610467 2.761725 0.614328 -0.923878 -0.382686 0.000000 0.135438 0.440608
-0.611972 2.765359 0.614328 -0.923878 -0.382686 0.000000 0.135438 0.438382
-0.611972 2.765359 0.604050 -0.923878 -0.382686 0.000000 0.141255 0.438382
-0.463199 2.768993 0.604050 0.923878 0.382686 0.000000 0.141255 0.449513
-0.463199 2.768993 0.614328 0.923878 0.382686 0.000000 0.135438 0.449513
-0.461694 2.765359 0.614328 0.923878 0.382686 0.000000 0.135438 0.447287
-0.461694 2.765359 0.604050 0.923878 0.382686 0.000000 0.141255 0.447287
-0.611972 2.765359 0.604050 -0.923878 0.382686 0.000000 0.141255 0.438382
-0.611972 2.765359 0.614328 -0.923878 0.382686 0.000000 0.135438 0.438382
-0.610467 2.768993 0.614328 -0.923878 0.382686 0.000000 0.135438 0.436156
-0.610467 2.768993 0.604050 -0.923878 0.382686 0.000000 0.141255 0.436156
-0.470467 2.768993 0.604050 -0.382715 0.923866 0.000000 0.141255 0.436156
-0.470467 2.768993 0.614328 -0.382715 0.923866 0.000000 0.135438 0.436156
-0.466833 2.770499 0.614328 -0.382715 0.923866 0.000000 0.135438 0.433930
-0.466833 2.770499 0.604050 -0.382715 0.923866 0.000000 0.141255 0.433930
-0.610467 2.768993 0.604050 -0.382712 0.923868 0.000000 0.141255 0.436156
-0.610467 2.768993 0.614328 -0.382712 0.923868 0.000000 0.135438 0.436156
-0.606833 2.770499 0.614328 -0.382712 0.923868 0.000000 0.135438 0.433930
-0.606833 2.770499 0.604050 -0.382712 0.923868 0.000000 0.141255 0.433930
-0.466833 2.770499 0.604050 0.382712 0.923868 0.000000 0.141255 0.451739
-0.466833 2.770499 0.614328 0.382712 0.923868 0.000000 0.135438 0.451739
-0.463199 2.768993 0.614328 0.382712 0.923868 0.000000 0.135438 0.449513
-0.463199 2.768993 0.604050 0.382712 0.923868 0.000000 0.141255 0.449513
-0.606709 2.641605 0.594189 0.499991 0.866031 0.000000 0.115171 0.428471
-0.606709 2.641605 0.604189 0.499991 0.866031 0.000000 0.119133 0.428471
-0.598049 2.636605 0.604189 0.499991 0.866031 0.000000 0.119133 0.432433
-0.598049 2.636605 0.594189 0.499991 0.866031 0.000000 0.115171 0.432433
-0.466709 2.621605 0.594189 -0.500008 -0.866021 0.000000 0.127172 0.440357
-0.466709 2.621605 0.604189 -0.500008 -0.866021 0.000000 0.123210 0.440357
-0.475370 2.626605 0.604189 -0.500008 -0.866021 0.000000 0.123210 0.436395
-0.475370 2.626605 0.594189 -0.500008 -0.866021 0.000000 0.127172 0.436395
-0.598049 2.636605 0.594189 1.000000 -0.000000 0.000000 0.115171 0.432433
-0.598049 2.636605 0.604189 1.000000 -0.000000 0.000000 0.119133 0.432433
-0.598049 2.626605 0.604189 1.000000 -0.000000 0.000000 0.119133 0.436395
-0.598049 2.626605 0.594189 1.000000 -0.000000 0.000000 0.115171 0.436395
-0.458049 2.626605 0.594189 0.500008 -0.866021 0.000000 0.127172 0.444319
-0.458049 2.626605 0.604189 0.500008 -0.866021 0.000000 0.123210 0.444319
-0.466709 2.621605 0.604189 0.500008 -0.866021 0.000000 0.123210 0.440357
-0.466709 2.621605 0.594189 0.500008 -0.866021 0.000000 0.127172 0.440357
-0.598049 2.626605 0.594189 0.500008 -0.866021 0.000000 0.115171 0.436395
-0.598049 2.626605 0.604189 0.500008 -0.866021 0.000000 0.119133 0.436395
-0.606709 2.621605 0.604189 0.500008 -0.866021 0.000000 0.119133 0.440357
-0.606709 2.621605 0.594189 0.500008 -0.866021 0.000000 0.115171 0.440357
-0.475370 2.636605 0.594189 -0.499991 0.866031 0.000000 0.127172 0.432433
-0.475370 2.636605 0.604189 -0.499991 0.866031 0.000000 0.123210 0.432433
-0.466709 2.641605 0.604189 -0.499991 0.866031 0.000000 0.123210 0.428471
-0.466709 2.641605 0.594189 -0.499991 0.866031 0.000000 0.127172 0.428471
-0.458049 2.636605 0.594189 1.000000 -0.000000 0.000000 0.127172 0.448281
-0.458049 2.636605 0.604189 1.000000 -0.000000 0.000000 0.123210 0.448281
-0.458049 2.626605 0.604189 1.000000 -0.000000 0.000000 0.123210 0.444319
-0.458049 2.626605 0.594189 1.000000 -0.000000 0.000000 0.127172 0.444319
-0.606709 2.621605 0.594189 -0.500008 -0.866021 0.000000 0.115171 0.440357
-0.606709 2.621605 0.604189 -0.500008 -0.866021 0.000000 0.119133 0.440357
-0.615370 2.626605 0.604189 -0.500008 -0.866021 0.000000 0.119133 0.444319
-0.615370 2.626605 0.594189 -0.500008 -0.866021 0.000000 0.115171 0.444319
-0.466709 2.641605 0.594189 0.499991 0.866031 0.000000 0.127172 0.452243
-0.466709 2.641605 0.604189 0.499991 0.866031 0.000000 0.123210 0.452243
-0.458049 2.636605 0.604189 0.499991 0.866031 0.000000 0.123210 0.448281
-0.458049 2.636605 0.594189 0.499991 0.866031 0.000000 0.127172 0.448281
-0.615370 2.626605 0.594189 -1.000000 -0.000000 0.000000 0.115171 0.444319
-0.615370 2.626605 0.604189 -1.000000 -0.000000 0.000000 0.119133 0.444319
-0.615370 2.636605 0.604189 -1.000000 -0.000000 0.000000 0.119133 0.448281
-0.615370 2.636605 0.594189 -1.000000 -0.000000 0.000000 0.115171 0.448281
-0.475370 2.626605 0.594189 -1.000000 -0.000000 0.000000 0.127172 0.436395
-0.475370 2.626605 0.604189 -1.000000 -0.000000 0.000000 0.123210 0.436395
-0.475370 2.636605 0.604189 -1.000000 -0.000000 0.000000 0.123210 0.432433
-0.475370 2.636605 0.594189 -1.000000 -0.000000 0.000000 0.127172 0.432433
-0.615370 2.636605 0.594189 -0.499991 0.866031 0.000000 0.115171 0.448281
-0.615370 2.636605 0.604189 -0.499991 0.866031 0.000000 0.119133 0.448281
-0.606709 2.641605 0.604189 -0.499991 0.866031 0.000000 0.119133 0.452243
-0.606709 2.641605 0.594189 -0.499991 0.866031 0.000000 0.115171 0.452243
-0.471972 2.631359 0.604050 -0.923872 0.382701 0.000000 0.135438 0.447287
-0.471972 2.631359 0.614328 -0.923872 0.382701 0.000000 0.141255 0.447287
-0.470467 2.634993 0.614328 -0.923872 0.382701 0.000000 0.141255 0.449513
-0.470467 2.634993 0.604050 -0.923872 0.382701 0.000000 0.135438 0.449513
-0.606833 2.636498 0.604050 0.382712 0.923868 0.000000 0.141255 0.451739
-0.606833 2.636498 0.614328 0.382712 0.923868 0.000000 0.135438 0.451739
-0.603199 2.634993 0.614328 0.382712 0.923868 0.000000 0.135438 0.449513
-0.603199 2.634993 0.604050 0.382712 0.923868 0.000000 0.141255 0.449513
-0.603199 2.634993 0.604050 0.923869 0.382708 0.000000 0.141255 0.449513
-0.603199 2.634993 0.614328 0.923869 0.382708 0.000000 0.135438 0.449513
-0.601694 2.631359 0.614328 0.923869 0.382708 0.000000 0.135438 0.447287
-0.601694 2.631359 0.604050 0.923869 0.382708 0.000000 0.141255 0.447287
-0.470467 2.627725 0.604050 -0.923881 -0.382680 0.000000 0.135438 0.445061
-0.470467 2.627725 0.614328 -0.923881 -0.382680 0.000000 0.141255 0.445061
-0.471972 2.631359 0.614328 -0.923881 -0.382680 0.000000 0.141255 0.447287
-0.471972 2.631359 0.604050 -0.923881 -0.382680 0.000000 0.135438 0.447287
-0.601694 2.631359 0.604050 0.923878 -0.382686 0.000000 0.141255 0.447287
-0.601694 2.631359 0.614328 0.923878 -0.382686 0.000000 0.135438 0.447287
-0.603199 2.627725 0.614328 0.923878 -0.382686 0.000000 0.135438 0.445061
-0.603199 2.627725 0.604050 0.923878 -0.382686 0.000000 0.141255 0.445061
-0.466833 2.626220 0.604050 -0.382715 -0.923866 0.000000 0.135438 0.442834
-0.466833 2.626220 0.614328 -0.382715 -0.923866 0.000000 0.141255 0.442834
-0.470467 2.627725 0.614328 -0.382715 -0.923866 0.000000 0.141255 0.445061
-0.470467 2.627725 0.604050 -0.382715 -0.923866 0.000000 0.135438 0.445061
-0.603199 2.627725 0.604050 0.382712 -0.923868 0.000000 0.141255 0.445061
-0.603199 2.627725 0.614328 0.382712 -0.923868 0.000000 0.135438 0.445061
-0.606833 2.626220 0.614328 0.382712 -0.923868 0.000000 0.135438 0.442834
-0.606833 2.626220 0.604050 0.382712 -0.923868 0.000000 0.141255 0.442834
-0.463199 2.627725 0.604050 0.382712 -0.923868 0.000000 0.135438 0.440608
-0.463199 2.627725 0.614328 0.382712 -0.923868 0.000000 0.141255 0.440608
-0.466833 2.626220 0.614328 0.382712 -0.923868 0.000000 0.141255 0.442834
-0.466833 2.626220 0.604050 0.382712 -0.923868 0.000000 0.135438 0.442834
-0.606833 2.626220 0.604050 -0.382712 -0.923868 0.000000 0.141255 0.442834
-0.606833 2.626220 0.614328 -0.382712 -0.923868 0.000000 0.135438 0.442834
-0.610467 2.627725 0.614328 -0.382712 -0.923868 0.000000 0.135438 0.440608
-0.610467 2.627725 0.604050 -0.382712 -0.923868 0.000000 0.141255 0.440608
-0.461694 2.631359 0.604050 0.923878 -0.382686 0.000000 0.135438 0.438382
-0.461694 2.631359 0.614328 0.923878 -0.382686 0.000000 0.141255 0.438382
-0.463199 2.627725 0.614328 0.923878 -0.382686 0.000000 0.141255 0.440608
-0.463199 2.627725 0.604050 0.923878 -0.382686 0.000000 0.135438 0.440608
-0.610467 2.627725 0.604050 -0.923878 -0.382686 0.000000 0.141255 0.440608
-0.610467 2.627725 0.614328 -0.923878 -0.382686 0.000000 0.135438 0.440608
-0.611972 2.631359 0.614328 -0.923878 -0.382686 0.000000 0.135438 0.438382
-0.611972 2.631359 0.604050 -0.923878 -0.382686 0.000000 0.141255 0.438382
-0.463199 2.634993 0.604050 0.923869 0.382708 0.000000 0.135438 0.436156
-0.463199 2.634993 0.614328 0.923869 0.382708 0.000000 0.141255 0.436156
-0.461694 2.631359 0.614328 0.923869 0.382708 0.000000 0.141255 0.438382
-0.461694 2.631359 0.604050 0.923869 0.382708 0.000000 0.135438 0.438382
-0.611972 2.631359 0.604050 -0.923869 0.382708 0.000000 0.141255 0.438382
-0.611972 2.631359 0.614328 -0.923869 0.382708 0.000000 0.135438 0.438382
-0.610467 2.634993 0.614328 -0.923869 0.382708 0.000000 0.135438 0.436156
-0.610467 2.634993 0.604050 -0.923869 0.382708 0.000000 0.141255 0.436156
-0.470467 2.634993 0.604050 -0.382715 0.923866 0.000000 0.135438 0.449513
-0.470467 2.634993 0.614328 -0.382715 0.923866 0.000000 0.141255 0.449513
-0.466833 2.636498 0.614328 -0.382715 0.923866 0.000000 0.141255 0.451739
-0.466833 2.636498 0.604050 -0.382715 0.923866 0.000000 0.135438 0.451739
-0.610467 2.634993 0.604050 -0.382712 0.923868 0.000000 0.141255 0.436156
-0.610467 2.634993 0.614328 -0.382712 0.923868 0.000000 0.135438 0.436156
-0.606833 2.636498 0.614328 -0.382712 0.923868 0.000000 0.135438 0.433930
-0.606833 2.636498 0.604050 -0.382712 0.923868 0.000000 0.141255 0.433930
-0.466833 2.636498 0.604050 0.382712 0.923868 0.000000 0.135438 0.433930
-0.466833 2.636498 0.614328 0.382712 0.923868 0.000000 0.141255 0.433930
-0.463199 2.634993 0.614328 0.382712 0.923868 0.000000 0.141255 0.436156
-0.463199 2.634993 0.604050 0.382712 0.923868 0.000000 0.135438 0.436156
-0.470467 2.761725 0.614328 0.000000 0.000000 1.000000 0.193339 0.284358
-0.466833 2.760220 0.614328 0.000000 0.000000 1.000000 0.193339 0.282132
-0.463199 2.761725 0.614328 0.000000 0.000000 1.000000 0.194913 0.280558
-0.461694 2.765359 0.614328 0.000000 0.000000 1.000000 0.197139 0.280558
-0.463199 2.768993 0.614328 0.000000 0.000000 1.000000 0.198713 0.282132
-0.466833 2.770499 0.614328 0.000000 0.000000 1.000000 0.198713 0.284358
-0.470467 2.768993 0.614328 0.000000 0.000000 1.000000 0.197139 0.285933
-0.471972 2.765359 0.614328 0.000000 0.000000 1.000000 0.194913 0.285933
-0.475370 2.760605 0.604189 0.000002 0.000000 1.000000 0.203142 0.289048
-0.466709 2.755605 0.604189 0.000002 0.000000 1.000000 0.198240 0.291878
-0.458049 2.760605 0.604189 0.000002 0.000000 1.000000 0.193339 0.289048
-0.458049 2.770605 0.604189 0.000002 0.000000 1.000000 0.193339 0.283388
-0.466709 2.775605 0.604189 0.000002 0.000000 1.000000 0.198240 0.280558
-0.475370 2.770605 0.604189 0.000002 0.000000 1.000000 0.203142 0.283388
-0.470467 2.627725 0.614328 0.000000 0.000000 1.000000 0.193339 0.284358
-0.466833 2.626220 0.614328 0.000000 0.000000 1.000000 0.193339 0.282132
-0.463199 2.627725 0.614328 0.000000 0.000000 1.000000 0.194913 0.280558
-0.461694 2.631359 0.614328 0.000000 0.000000 1.000000 0.197139 0.280558
-0.463199 2.634993 0.614328 0.000000 0.000000 1.000000 0.198713 0.282132
-0.466833 2.636498 0.614328 0.000000 0.000000 1.000000 0.198713 0.284358
-0.470467 2.634993 0.614328 0.000000 0.000000 1.000000 0.197139 0.285933
-0.471972 2.631359 0.614328 0.000000 0.000000 1.000000 0.194913 0.285933
-0.475370 2.626605 0.604189 0.000002 0.000000 1.000000 0.203142 0.283388
-0.466709 2.621605 0.604189 0.000002 0.000000 1.000000 0.203142 0.289048
-0.458049 2.626605 0.604189 0.000002 0.000000 1.000000 0.198240 0.291878
-0.458049 2.636605 0.604189 0.000002 0.000000 1.000000 0.193339 0.289048
-0.466709 2.641605 0.604189 0.000002 0.000000 1.000000 0.193339 0.283388
-0.475370 2.636605 0.604189 0.000002 0.000000 1.000000 0.198240 0.280558
-0.603199 2.768993 0.614328 0.000000 0.000000 1.000000 0.194913 0.285933
-0.606833 2.770499 0.614328 0.000000 0.000000 1.000000 0.193339 0.284358
-0.610467 2.768993 0.614328 0.000000 0.000000 1.000000 0.193339 0.282132
-0.611972 2.765359 0.614328 0.000000 0.000000 1.000000 0.194913 0.280558
-0.610467 2.761725 0.614328 0.000000 0.000000 1.000000 0.197139 0.280558
-0.606833 2.760220 0.614328 0.000000 0.000000 1.000000 0.198713 0.282132
-0.603199 2.761725 0.614328 0.000000 0.000000 1.000000 0.198713 0.284358
-0.601694 2.765359 0.614328 0.000000 0.000000 1.000000 0.197139 0.285933
-0.598049 2.770605 0.604189 0.000000 0.000000 1.000000 0.198240 0.280558
-0.606709 2.775605 0.604189 0.000000 0.000000 1.000000 0.203142 0.283388
-0.615370 2.770605 0.604189 0.000000 0.000000 1.000000 0.203142 0.289048
-0.615370 2.760605 0.604189 0.000000 0.000000 1.000000 0.198240 0.291878
-0.606709 2.755605 0.604189 0.000000 0.000000 1.000000 0.193339 0.289048
-0.598049 2.760605 0.604189 0.000000 0.000000 1.000000 0.193339 0.283388
-0.603199 2.634993 0.614328 0.000000 0.000000 1.000000 0.194913 0.285933
-0.606833 2.636498 0.614328 0.000000 0.000000 1.000000 0.193339 0.284358
-0.610467 2.634993 0.614328 0.000000 0.000000 1.000000 0.193339 0.282132
-0.611972 2.631359 0.614328 0.000000 0.000000 1.000000 0.194913 0.280558
-0.610467 2.627725 0.614328 0.000000 0.000000 1.000000 0.197139 0.280558
-0.606833 2.626220 0.614328 0.000000 0.000000 1.000000 0.198713 0.282132
-0.603199 2.627725 0.614328 0.000000 0.000000 1.000000 0.198713 0.284358
-0.601694 2.631359 0.614328 0.000000 0.000000 1.000000 0.197139 0.285933
-0.598049 2.636605 0.604189 0.000000 0.000000 1.000000 0.203142 0.283388
-0.606709 2.641605 0.604189 0.000000 0.000000 1.000000 0.203142 0.289048
-0.615370 2.636605 0.604189 0.000000 0.000000 1.000000 0.198240 0.291878
-0.615370 2.626605 0.604189 0.000000 0.000000 1.000000 0.193339 0.289048
-0.606709 2.621605 0.604189 0.000000 0.000000 1.000000 0.193339 0.283388
-0.598049 2.626605 0.604189 0.000000 0.000000 1.000000 0.198240 0.280558
-0.629555 2.802021 0.573238 0.000000 1.000000 0.000000 0.004520 0.434620
-0.629555 2.802021 0.593238 0.000000 1.000000 0.000000 0.007804 0.435734
-0.445394 2.802021 0.593238 0.000000 1.000000 0.000000 0.007437 0.467406
-0.445394 2.802021 0.573238 0.000000 1.000000 0.000000 0.003446 0.467311
-0.637474 2.609940 0.573238 -1.000000 -0.000000 0.000000 0.041383 0.430340
-0.637474 2.609940 0.593238 -1.000000 -0.000000 0.000000 0.040456 0.433720
-0.637474 2.794101 0.593238 -1.000000 -0.000000 0.000000 0.008831 0.434064
-0.637474 2.794101 0.573238 -1.000000 -0.000000 0.000000 0.008826 0.430091
-0.495194 2.652021 0.601502 -0.000003 1.000000 0.000000 0.028450 0.352691
-0.495194 2.652021 0.572550 -0.000003 1.000000 0.000000 0.022894 0.352645
-0.579755 2.652020 0.572550 -0.000003 1.000000 0.000000 0.024657 0.338885
-0.579755 2.652020 0.601502 -0.000003 1.000000 0.000000 0.028098 0.339133
-0.487474 2.744301 0.601502 -1.000000 -0.000000 -0.000001 0.027908 0.371263
-0.487474 2.744301 0.572550 -1.000000 -0.000000 -0.000001 0.022305 0.371198
-0.487474 2.659740 0.572550 -1.000000 -0.000000 -0.000001 0.022801 0.354691
-0.487474 2.659740 0.601502 -1.000000 -0.000000 -0.000001 0.028269 0.354622
-0.495194 2.752021 0.601502 -0.707105 -0.707108 0.000000 0.027886 0.373241
-0.495194 2.752021 0.572550 -0.707105 -0.707108 0.000000 0.022177 0.373430
-0.487474 2.744301 0.572550 -0.707105 -0.707108 0.000000 0.022305 0.371198
-0.487474 2.744301 0.601502 -0.707105 -0.707108 0.000000 0.027908 0.371263
-0.487474 2.659740 0.601502 -0.707106 0.707107 -0.000000 0.028269 0.354622
-0.487474 2.659740 0.572550 -0.707106 0.707107 -0.000000 0.022801 0.354691
-0.495194 2.652021 0.572550 -0.707106 0.707107 -0.000000 0.022894 0.352645
-0.495194 2.652021 0.601502 -0.707106 0.707107 -0.000000 0.028450 0.352691
-0.587474 2.659740 0.601502 1.000000 0.000000 0.000000 0.028337 0.409117
-0.587474 2.659740 0.572550 1.000000 0.000000 0.000000 0.023100 0.409059
-0.587474 2.744301 0.572550 1.000000 0.000000 0.000000 0.022151 0.392436
-0.587474 2.744301 0.601502 1.000000 0.000000 0.000000 0.027967 0.392044
-0.579755 2.752021 0.601502 -0.000000 -1.000000 0.000000 0.028080 0.389993
-0.579755 2.752021 0.572550 -0.000000 -1.000000 0.000000 0.022190 0.390152
-0.495194 2.752021 0.572550 -0.000000 -1.000000 0.000000 0.022177 0.373430
-0.495194 2.752021 0.601502 -0.000000 -1.000000 0.000000 0.027886 0.373241
-0.579755 2.652020 0.601502 0.707115 0.707099 0.000000 0.027823 0.410927
-0.579755 2.652020 0.572550 0.707115 0.707099 0.000000 0.023470 0.410886
-0.587474 2.659740 0.572550 0.707115 0.707099 0.000000 0.023100 0.409059
-0.587474 2.659740 0.601502 0.707115 0.707099 0.000000 0.028337 0.409117
-0.587474 2.744301 0.601502 0.707104 -0.707109 0.000000 0.027967 0.392044
-0.587474 2.744301 0.572550 0.707104 -0.707109 0.000000 0.022151 0.392436
-0.579755 2.752021 0.572550 0.707104 -0.707109 0.000000 0.022190 0.390152
-0.579755 2.752021 0.601502 0.707104 -0.707109 0.000000 0.028080 0.389993
-0.490399 2.646350 0.601502 0.000000 -1.000000 0.000000 0.017343 0.352225
-0.584550 2.646350 0.601502 0.000000 -1.000000 0.000000 0.018963 0.337503
-0.584550 2.646350 0.572550 0.000000 -1.000000 0.000000 0.023959 0.338110
-0.490399 2.646350 0.572550 0.000000 -1.000000 0.000000 0.021914 0.352821
-0.481804 2.749096 0.601502 1.000000 0.000000 0.000000 0.016160 0.371046
-0.481804 2.654945 0.601502 1.000000 0.000000 0.000000 0.017132 0.354266
-0.481804 2.654945 0.572550 1.000000 0.000000 0.000000 0.021718 0.354264
-0.481804 2.749096 0.572550 1.000000 0.000000 0.000000 0.021150 0.371464
-0.490399 2.757691 0.601502 0.707107 0.707107 0.000000 0.016073 0.373258
-0.481804 2.749096 0.601502 0.707107 0.707107 0.000000 0.016160 0.371046
-0.481804 2.749096 0.572550 0.707107 0.707107 0.000000 0.021150 0.371464
-0.490399 2.757691 0.572550 0.707107 0.707107 0.000000 0.021022 0.373021
-0.481804 2.654945 0.601502 0.707106 -0.707108 0.000000 0.017132 0.354266
-0.490399 2.646350 0.601502 0.707106 -0.707108 0.000000 0.017343 0.352225
-0.490399 2.646350 0.572550 0.707106 -0.707108 0.000000 0.021914 0.352821
-0.481804 2.654945 0.572550 0.707106 -0.707108 0.000000 0.021718 0.354264
-0.593145 2.654945 0.601502 -1.000000 0.000000 0.000000 0.017308 0.410544
-0.593145 2.749096 0.601502 -1.000000 0.000000 0.000000 0.015861 0.392636
-0.593145 2.749096 0.572550 -1.000000 0.000000 0.000000 0.020962 0.392081
-0.593145 2.654945 0.572550 -1.000000 0.000000 0.000000 0.021934 0.409642
-0.584550 2.757691 0.601502 0.000000 1.000000 -0.000000 0.015836 0.390328
-0.490399 2.757691 0.601502 0.000000 1.000000 -0.000000 0.016073 0.373258
-0.490399 2.757691 0.572550 0.000000 1.000000 -0.000000 0.021022 0.373021
-0.584550 2.757691 0.572550 0.000000 1.000000 -0.000000 0.021017 0.390472
-0.584550 2.646350 0.601502 -0.707107 -0.707107 0.000000 0.017801 0.412497
-0.593145 2.654945 0.601502 -0.707107 -0.707107 0.000000 0.017308 0.410544
-0.593145 2.654945 0.572550 -0.707107 -0.707107 0.000000 0.021934 0.409642
-0.584550 2.646350 0.572550 -0.707107 -0.707107 0.000000 0.022452 0.411324
-0.593145 2.749096 0.601502 -0.707107 0.707107 0.000000 0.015861 0.392636
-0.584550 2.757691 0.601502 -0.707107 0.707107 0.000000 0.015836 0.390328
-0.584550 2.757691 0.572550 -0.707107 0.707107 0.000000 0.021017 0.390472
-0.593145 2.749096 0.572550 -0.707107 0.707107 0.000000 0.020962 0.392081
-0.495194 2.652021 0.601502 0.000000 -0.000000 1.000000 0.028450 0.352691
-0.579755 2.652020 0.601502 0.000000 -0.000000 1.000000 0.028098 0.339133
-0.584550 2.646350 0.601502 0.000000 -0.000000 1.000000 0.028960 0.338362
-0.490399 2.646350 0.601502 0.000000 -0.000000 1.000000 0.029370 0.353020
-0.587474 2.744301 0.601502 -0.000000 0.000000 1.000000 0.027967 0.392044
-0.579755 2.752021 0.601502 -0.000000 0.000000 1.000000 0.028080 0.389993
-0.584550 2.757691 0.601502 -0.000000 0.000000 1.000000 0.029055 0.390337
-0.593145 2.749096 0.601502 -0.000000 0.000000 1.000000 0.029129 0.391583
-0.579755 2.652020 0.572550 0.000000 0.000000 -1.000000 0.024657 0.338885
-0.495194 2.652021 0.572550 0.000000 0.000000 -1.000000 0.022894 0.352645
-0.490399 2.646350 0.572550 0.000000 0.000000 -1.000000 0.021914 0.352821
-0.584550 2.646350 0.572550 0.000000 0.000000 -1.000000 0.023959 0.338110
-0.579755 2.752021 0.572550 0.000000 -0.000000 -1.000000 0.022190 0.390152
-0.587474 2.744301 0.572550 0.000000 -0.000000 -1.000000 0.022151 0.392436
-0.593145 2.749096 0.572550 0.000000 -0.000000 -1.000000 0.020962 0.392081
-0.584550 2.757691 0.572550 0.000000 -0.000000 -1.000000 0.021017 0.390472
-0.487474 2.659740 0.601502 0.000001 -0.000005 1.000000 0.028269 0.354622
-0.495194 2.652021 0.601502 0.000001 -0.000005 1.000000 0.028450 0.352691
-0.490399 2.646350 0.601502 0.000001 -0.000005 1.000000 0.029370 0.353020
-0.481804 2.654945 0.601502 0.000001 -0.000005 1.000000 0.029400 0.354221
-0.487474 2.659740 0.572550 -0.000000 0.000000 -1.000000 0.022801 0.354691
-0.481804 2.654945 0.572550 -0.000000 0.000000 -1.000000 0.021718 0.354264
-0.579755 2.652020 0.601502 -0.000000 -0.000000 1.000000 0.027823 0.410927
-0.587474 2.659740 0.601502 -0.000000 -0.000000 1.000000 0.028337 0.409117
-0.593145 2.654945 0.601502 -0.000000 -0.000000 1.000000 0.029400 0.409779
-0.584550 2.646350 0.601502 -0.000000 -0.000000 1.000000 0.028716 0.411345
-0.587474 2.659740 0.572550 0.000000 0.000000 -1.000000 0.023100 0.409059
-0.579755 2.652020 0.572550 0.000000 0.000000 -1.000000 0.023470 0.410886
-0.584550 2.646350 0.572550 0.000000 0.000000 -1.000000 0.022452 0.411324
-0.593145 2.654945 0.572550 0.000000 0.000000 -1.000000 0.021934 0.409642
-0.495194 2.752021 0.601502 0.000000 0.000000 1.000000 0.027886 0.373241
-0.487474 2.744301 0.601502 0.000000 0.000000 1.000000 0.027908 0.371263
-0.481804 2.749096 0.601502 0.000000 0.000000 1.000000 0.028973 0.371737
-0.490399 2.757691 0.601502 0.000000 0.000000 1.000000 0.028896 0.372926
-0.487474 2.744301 0.572550 -0.000000 -0.000000 -1.000000 0.022305 0.371198
-0.495194 2.752021 0.572550 -0.000000 -0.000000 -1.000000 0.022177 0.373430
-0.490399 2.757691 0.572550 -0.000000 -0.000000 -1.000000 0.021022 0.373021
-0.481804 2.749096 0.572550 -0.000000 -0.000000 -1.000000 0.021150 0.371464
-0.487474 2.744301 0.601502 0.000005 -0.000000 1.000000 0.027908 0.371263
-0.487474 2.659740 0.601502 0.000005 -0.000000 1.000000 0.028269 0.354622
-0.481804 2.654945 0.601502 0.000005 -0.000000 1.000000 0.029400 0.354221
-0.481804 2.749096 0.601502 0.000005 -0.000000 1.000000 0.028973 0.371737
-0.587474 2.659740 0.601502 0.000000 -0.000001 1.000000 0.028337 0.409117
-0.587474 2.744301 0.601502 0.000000 -0.000001 1.000000 0.027967 0.392044
-0.593145 2.749096 0.601502 0.000000 -0.000001 1.000000 0.029129 0.391583
-0.593145 2.654945 0.601502 0.000000 -0.000001 1.000000 0.029400 0.409779
-0.445394 2.802021 0.573238 -0.000000 0.000000 -1.000000 0.040868 0.433256
-0.490399 2.757691 0.573238 -0.000000 0.000000 -1.000000 0.032992 0.441015
-0.445394 2.602021 0.573238 -0.000000 -0.000000 -1.000000 0.040868 0.468260
-0.490399 2.646350 0.573238 -0.000000 -0.000000 -1.000000 0.032992 0.460502
-0.481804 2.654945 0.573238 -0.000000 -0.000000 -1.000000 0.034496 0.458997
-0.437474 2.609940 0.573238 -0.000000 -0.000000 -1.000000 0.042254 0.466874
-0.490399 2.757691 0.593238 -0.000000 0.000000 1.000000 0.015282 0.458938
-0.445394 2.802021 0.593238 -0.000000 0.000000 1.000000 0.007437 0.467406
-0.629555 2.802021 0.593238 -0.000000 0.000000 1.000000 0.007804 0.435734
-0.584550 2.757691 0.593238 -0.000000 0.000000 1.000000 0.015466 0.442903
-0.629555 2.602021 0.573238 -0.707110 -0.707104 0.000000 0.043422 0.430985
-0.629555 2.602021 0.593238 -0.707110 -0.707104 0.000000 0.042270 0.434626
-0.637474 2.609940 0.593238 -0.707110 -0.707104 0.000000 0.040456 0.433720
-0.637474 2.609940 0.573238 -0.707110 -0.707104 0.000000 0.041383 0.430340
-0.629555 2.802021 0.593238 -0.707099 0.707115 0.000000 0.007804 0.435734
-0.629555 2.802021 0.573238 -0.707099 0.707115 0.000000 0.004520 0.434620
-0.637474 2.794101 0.573238 -0.707099 0.707115 0.000000 0.005313 0.432649
-0.637474 2.794101 0.593238 -0.707099 0.707115 0.000000 0.008831 0.434064
-0.437474 2.794101 0.593238 0.707101 0.707112 0.000000 0.009324 0.468391
-0.437474 2.794101 0.573238 0.707101 0.707112 0.000000 0.008354 0.471851
-0.445394 2.802021 0.573238 0.707101 0.707112 0.000000 0.006240 0.471181
-0.445394 2.802021 0.593238 0.707101 0.707112 0.000000 0.007437 0.467406
-0.445394 2.602021 0.593238 0.707112 -0.707101 0.000000 0.042221 0.466094
-0.445394 2.602021 0.573238 0.707112 -0.707101 0.000000 0.045503 0.467181
-0.437474 2.609940 0.573238 0.707112 -0.707101 0.000000 0.044728 0.469156
-0.437474 2.609940 0.593238 0.707112 -0.707101 0.000000 0.041201 0.467772
-0.593145 2.654945 0.573238 0.000000 0.000000 -1.000000 0.015009 0.458997
-0.637474 2.609940 0.573238 0.000000 0.000000 -1.000000 0.007251 0.466874
-0.593145 2.654945 0.593238 -0.000000 0.000000 1.000000 0.033081 0.441452
-0.637474 2.609940 0.593238 -0.000000 0.000000 1.000000 0.040456 0.433720
-0.593145 2.749096 0.593238 0.000000 0.000000 1.000000 0.016908 0.441440
-0.637474 2.794101 0.593238 0.000000 0.000000 1.000000 0.008831 0.434064
-0.437474 2.794101 0.573238 -0.000000 0.000000 -1.000000 0.042254 0.434642
-0.481804 2.749096 0.573238 -0.000000 0.000000 -1.000000 0.034496 0.442519
-0.584550 2.646350 0.573238 -0.000000 0.000000 -1.000000 0.016513 0.460502
-0.629555 2.602021 0.573238 -0.000000 0.000000 -1.000000 0.008637 0.468260
0.705539 0.186479 0.682183 -0.000000 1.000000 -0.000000 0.250000 0.416016
1.318365 0.186479 0.069357 -0.000000 1.000000 -0.000000 0.434837 0.416016
1.281636 0.186479 0.032628 -0.000000 1.000000 -0.000000 0.434837 0.424907
1.205114 0.186479 0.127303 -0.000000 1.000000 -0.000000 0.409019 0.422710
1.223689 0.186479 0.145878 -0.000000 1.000000 -0.000000 0.409019 0.418213
1.223689 0.186479 0.152759 -0.000000 1.000000 -0.000000 0.407982 0.417380
1.210291 0.186479 0.166157 -0.000000 1.000000 -0.000000 0.403941 0.417380
1.203410 0.186479 0.166157 -0.000000 1.000000 -0.000000 0.402903 0.418213
1.184835 0.186479 0.147582 -0.000000 1.000000 -0.000000 0.402903 0.422710
1.002326 0.186479 0.330091 -0.000000 1.000000 -0.000000 0.347856 0.422710
1.020901 0.186479 0.348666 -0.000000 1.000000 -0.000000 0.347856 0.418213
1.020901 0.186479 0.355547 -0.000000 1.000000 -0.000000 0.346818 0.417380
1.007503 0.186479 0.368945 -0.000000 1.000000 -0.000000 0.342777 0.417380
1.000623 0.186479 0.368945 -0.000000 1.000000 -0.000000 0.341739 0.418213
0.982047 0.186479 0.350370 -0.000000 1.000000 -0.000000 0.341739 0.422710
0.799539 0.186479 0.532879 -0.000000 1.000000 -0.000000 0.286692 0.422710
0.818114 0.186479 0.551454 -0.000000 1.000000 -0.000000 0.286692 0.418213
0.818114 0.186479 0.558335 -0.000000 1.000000 -0.000000 0.285654 0.417380
0.804716 0.186479 0.571733 -0.000000 1.000000 -0.000000 0.281613 0.417380
0.797835 0.186479 0.571733 -0.000000 1.000000 -0.000000 0.280576 0.418213
-0.556842 -0.168595 1.871105 -0.707107 0.000000 0.707107 0.435044 0.424674
-0.520113 -0.168595 1.907835 -0.707107 0.000000 0.707107 0.435044 0.414988
-0.520113 -0.139554 1.907835 -0.707107 0.000000 0.707107 0.442795 0.414683
-0.556842 -0.139554 1.871105 -0.707107 0.000000 0.707107 0.442795 0.425516
0.099368 -0.139554 1.298336 0.707107 0.000000 0.707107 0.251999 0.409469
-0.510130 -0.139554 1.907835 0.707107 0.000000 0.707107 0.432634 0.409469
-0.510130 -0.161536 1.907835 0.707107 0.000000 0.707107 0.432824 0.411560
0.099368 -0.161536 1.298336 0.707107 0.000000 0.707107 0.251999 0.411560
0.662154 0.179420 0.642126 -0.707107 0.000000 -0.707107 0.250000 0.427971
1.271652 0.179420 0.032628 -0.707107 0.000000 -0.707107 0.432732 0.427971
1.271652 0.148932 0.032628 -0.707107 0.000000 -0.707107 0.432732 0.431151
0.662154 0.148932 0.642126 -0.707107 0.000000 -0.707107 0.250000 0.431151
-0.556842 0.148932 1.871105 -0.707107 0.000000 0.707107 0.439521 0.327104
-0.520113 0.148932 1.907835 -0.707107 0.000000 0.707107 0.439521 0.338636
-0.520113 0.186479 1.907835 -0.707107 0.000000 0.707107 0.431799 0.338348
-0.556842 0.186479 1.871105 -0.707107 0.000000 0.707107 0.431799 0.327240
1.281636 -0.139554 0.032628 0.707107 -0.000000 -0.707107 0.439564 0.326205
1.318365 -0.139554 0.069357 0.707107 -0.000000 -0.707107 0.439564 0.337682
1.318365 -0.168595 0.069357 0.707107 -0.000000 -0.707107 0.432584 0.337197
1.281636 -0.168595 0.032628 0.707107 -0.000000 -0.707107 0.432584 0.327613
0.708867 0.148932 0.688838 -0.000000 -1.000000 0.000000 0.250000 0.410096
0.662154 0.148932 0.642126 -0.000000 -1.000000 0.000000 0.250000 0.397887
0.779260 0.148932 0.553157 -0.000000 -1.000000 0.000000 0.281110 0.401564
0.797835 0.148932 0.571733 -0.000000 -1.000000 0.000000 0.280987 0.406419
0.804716 0.148932 0.571733 -0.000000 -1.000000 0.000000 0.281998 0.407318
0.818114 0.148932 0.558335 -0.000000 -1.000000 0.000000 0.286024 0.407318
0.818114 0.148932 0.551454 -0.000000 -1.000000 0.000000 0.287085 0.406419
0.799539 0.148932 0.532879 -0.000000 -1.000000 0.000000 0.287233 0.401564
0.982048 0.148932 0.350370 -0.000000 -1.000000 0.000000 0.342340 0.401565
1.000623 0.148932 0.368945 -0.000000 -1.000000 0.000000 0.341969 0.406420
1.007503 0.148932 0.368945 -0.000000 -1.000000 0.000000 0.342934 0.407319
1.020901 0.148932 0.355547 -0.000000 -1.000000 0.000000 0.346960 0.407319
1.020901 0.148932 0.348666 -0.000000 -1.000000 0.000000 0.348067 0.406420
1.002326 0.148932 0.330091 -0.000000 -1.000000 0.000000 0.348463 0.401565
1.184835 0.148932 0.147582 -0.000000 -1.000000 0.000000 0.403566 0.401573
1.203410 0.148932 0.166157 -0.000000 -1.000000 0.000000 0.402947 0.406428
1.210291 0.148932 0.166157 -0.000000 -1.000000 0.000000 0.403867 0.407326
1.223689 0.148932 0.152759 -0.000000 -1.000000 0.000000 0.407892 0.407328
1.223689 0.148932 0.145878 -0.000000 -1.000000 0.000000 0.409043 0.406432
1.318365 0.148932 0.069357 -0.000000 -1.000000 0.000000 0.434837 0.409269
1.320432 0.148932 0.074349 -0.000000 -1.000000 0.000000 0.434837 0.410145
1.318365 0.148932 0.079340 -0.000000 -1.000000 0.000000 0.432732 0.410096
0.662154 -0.139554 0.642126 -0.000001 1.000000 -0.000001 0.250000 0.355612
0.708867 -0.139554 0.688838 -0.000001 1.000000 -0.000001 0.250000 0.344232
0.797835 -0.139554 0.571733 -0.000001 1.000000 -0.000001 0.280212 0.347659
0.779260 -0.139554 0.553157 -0.000001 1.000000 -0.000001 0.280337 0.352184
0.779260 -0.139554 0.546277 -0.000001 1.000000 -0.000001 0.281374 0.353022
0.792658 -0.139554 0.532879 -0.000001 1.000000 -0.000001 0.285322 0.353022
0.799539 -0.139554 0.532879 -0.000001 1.000000 -0.000001 0.286308 0.352184
0.982048 -0.139554 0.350370 -0.000001 1.000000 -0.000001 0.340047 0.352183
0.982047 -0.139554 0.343489 -0.000001 1.000000 -0.000001 0.341130 0.353022
0.995445 -0.139554 0.330091 -0.000001 1.000000 -0.000001 0.345078 0.353022
1.002326 -0.139554 0.330091 -0.000001 1.000000 -0.000001 0.346018 0.352183
1.184835 -0.139554 0.147582 -0.000001 1.000000 -0.000001 0.399788 0.352176
1.184835 -0.139554 0.140701 -0.000001 1.000000 -0.000001 0.400914 0.353015
1.198233 -0.139554 0.127303 -0.000001 1.000000 -0.000001 0.404872 0.353013
1.205114 -0.139554 0.127303 -0.000001 1.000000 -0.000001 0.405778 0.352172
1.281636 -0.139554 0.032628 -0.000001 1.000000 -0.000001 0.432584 0.354100
1.276644 -0.139554 0.030560 -0.000001 1.000000 -0.000001 0.431132 0.355089
1.271652 -0.139554 0.032628 -0.000001 1.000000 -0.000001 0.430022 0.355612
0.099368 0.179420 1.298336 0.707107 0.000000 0.707107 0.250000 0.341102
-0.510130 0.179420 1.907835 0.707107 0.000000 0.707107 0.428513 0.341102
-0.510130 0.148932 1.907835 0.707107 0.000000 0.707107 0.428513 0.343068
0.099368 0.148932 1.298336 0.707107 0.000000 0.707107 0.250000 0.343068
0.092713 -0.168595 1.295009 -0.000001 -1.000000 -0.000001 0.251999 0.414988
0.006963 -0.168595 1.362604 -0.000001 -1.000000 -0.000001 0.280714 0.417382
-0.011612 -0.168595 1.344029 -0.000001 -1.000000 -0.000001 0.280714 0.422280
-0.018493 -0.168595 1.344030 -0.000001 -1.000000 -0.000001 0.281742 0.423187
-0.031891 -0.168595 1.357427 -0.000001 -1.000000 -0.000001 0.285744 0.423187
-0.031891 -0.168595 1.364308 -0.000001 -1.000000 -0.000001 0.286771 0.422280
-0.214400 -0.168595 1.546817 -0.000001 -1.000000 -0.000001 0.341285 0.422280
-0.221281 -0.168595 1.546817 -0.000001 -1.000000 -0.000001 0.342312 0.423187
-0.234679 -0.168595 1.560215 -0.000001 -1.000000 -0.000001 0.346314 0.423187
-0.234679 -0.168595 1.567096 -0.000001 -1.000000 -0.000001 0.347342 0.422280
-0.417187 -0.168595 1.749605 -0.000001 -1.000000 -0.000001 0.401855 0.422280
-0.424068 -0.168595 1.749605 -0.000001 -1.000000 -0.000001 0.402883 0.423187
-0.437466 -0.168595 1.763003 -0.000001 -1.000000 -0.000001 0.406885 0.423187
-0.437466 -0.168595 1.769884 -0.000001 -1.000000 -0.000001 0.407912 0.422280
-0.556842 -0.168595 1.871105 -0.000001 -1.000000 -0.000001 0.435044 0.424674
0.055984 -0.168595 1.258279 -0.000001 -1.000000 -0.000001 0.251999 0.424674
0.662154 -0.139554 0.642126 -0.707107 0.000000 -0.707107 0.250000 0.318914
1.271652 -0.139554 0.032628 -0.707107 0.000000 -0.707107 0.428125 0.318914
1.271652 -0.161536 0.032628 -0.707107 0.000000 -0.707107 0.428125 0.322527
0.662154 -0.161536 0.642126 -0.707107 0.000000 -0.707107 0.250000 0.322527
-0.556842 -0.139554 1.861122 -0.923879 0.000000 -0.382684 0.432957 0.431700
-0.556842 -0.161536 1.861122 -0.923879 0.000000 -0.382684 0.432808 0.428181
-0.558910 -0.166527 1.866114 -0.923879 0.000000 -0.382684 0.435044 0.426332
-0.558910 -0.139554 1.866114 -0.923879 0.000000 -0.382684 0.435044 0.431601
-0.558910 -0.139554 1.866114 -0.923886 0.000000 0.382669 0.440642 0.426807
-0.558910 -0.166527 1.866114 -0.923886 0.000000 0.382669 0.435044 0.426332
-0.556842 -0.168595 1.871105 -0.923886 0.000000 0.382669 0.435044 0.424674
-0.556842 -0.139554 1.871105 -0.923886 0.000000 0.382669 0.442795 0.425516
1.318365 -0.139554 0.079340 0.923880 0.000000 0.382682 0.428125 0.344232
1.318365 -0.161536 0.079340 0.923880 0.000000 0.382682 0.428125 0.339663
1.320432 -0.166527 0.074349 0.923880 0.000000 0.382682 0.432584 0.337752
1.320432 -0.139554 0.074349 0.923880 0.000000 0.382682 0.432584 0.344033
1.320432 -0.139554 0.074349 0.923884 0.000000 -0.382673 0.439564 0.339050
1.320432 -0.166527 0.074349 0.923884 0.000000 -0.382673 0.432584 0.337752
1.318365 -0.168595 0.069357 0.923884 0.000000 -0.382673 0.432584 0.337197
1.318365 -0.139554 0.069357 0.923884 0.000000 -0.382673 0.439564 0.337682
-0.510130 0.148932 1.907835 0.382684 0.000000 0.923879 0.428513 0.343068
-0.510130 0.179420 1.907835 0.382684 0.000000 0.923879 0.428513 0.341102
-0.515121 0.184411 1.909902 0.382684 0.000000 0.923879 0.431799 0.339259
-0.515121 0.148932 1.909902 0.382684 0.000000 0.923879 0.431799 0.345803
-0.515121 0.148932 1.909902 -0.382669 0.000000 0.923886 0.439521 0.339939
-0.515121 0.184411 1.909902 -0.382669 0.000000 0.923886 0.431799 0.339259
-0.520113 0.186479 1.907835 -0.382669 0.000000 0.923886 0.431799 0.338348
-0.520113 0.148932 1.907835 -0.382669 0.000000 0.923886 0.439521 0.338636
-0.556842 0.179420 1.861122 -0.923879 0.000000 -0.382684 0.428513 0.324563
-0.556842 0.148932 1.861122 -0.923879 0.000000 -0.382684 0.428513 0.319713
-0.558910 0.148932 1.866114 -0.923879 0.000000 -0.382684 0.431799 0.319706
-0.558910 0.184411 1.866114 -0.923879 0.000000 -0.382684 0.431799 0.326404
-0.558910 0.184411 1.866114 -0.923886 0.000000 0.382669 0.431799 0.326404
-0.558910 0.148932 1.866114 -0.923886 0.000000 0.382669 0.439521 0.325949
-0.556842 0.148932 1.871105 -0.923886 0.000000 0.382669 0.439521 0.327104
-0.556842 0.186479 1.871105 -0.923886 0.000000 0.382669 0.431799 0.327240
1.271652 0.148932 0.032628 -0.382678 0.000000 -0.923882 0.432732 0.431151
1.271652 0.179420 0.032628 -0.382678 0.000000 -0.923882 0.432732 0.427971
1.276644 0.184411 0.030560 -0.382678 0.000000 -0.923882 0.434837 0.426159
1.276644 0.148932 0.030560 -0.382678 0.000000 -0.923882 0.434837 0.431034
1.276644 0.148932 0.030560 0.382668 0.000000 -0.923886 0.440257 0.426793
1.276644 0.184411 0.030560 0.382668 0.000000 -0.923886 0.434837 0.426159
1.281636 0.186479 0.032628 0.382668 0.000000 -0.923886 0.434837 0.424907
1.281636 0.148932 0.032628 0.382668 0.000000 -0.923886 0.442641 0.424756
0.052656 0.179420 1.251624 -0.653283 0.382677 -0.653283 0.250000 0.324563
-0.556842 0.179420 1.861122 -0.653283 0.382677 -0.653283 0.428513 0.324563
-0.558910 0.184411 1.866114 -0.653283 0.382677 -0.653283 0.431799 0.326404
0.052941 0.184411 1.254262 -0.653283 0.382677 -0.653283 0.250000 0.326404
0.052941 0.184411 1.254262 -0.270600 0.923878 -0.270600 0.250000 0.326404
-0.558910 0.184411 1.866114 -0.270600 0.923878 -0.270600 0.431799 0.326404
-0.556842 0.186479 1.871105 -0.270600 0.923878 -0.270600 0.431799 0.327240
0.055984 0.186479 1.258279 -0.270600 0.923878 -0.270600 0.250000 0.327240
0.099368 -0.161536 1.298336 0.653283 -0.382677 0.653283 0.251999 0.411560
-0.510130 -0.161536 1.907835 0.653283 -0.382677 0.653283 0.432824 0.411560
-0.515121 -0.166527 1.909902 0.653283 -0.382677 0.653283 0.435044 0.413411
0.096730 -0.166527 1.298051 0.653283 -0.382677 0.653283 0.251999 0.413411
0.096730 -0.166527 1.298051 0.270600 -0.923878 0.270600 0.251999 0.413411
-0.515121 -0.166527 1.909902 0.270600 -0.923878 0.270600 0.435044 0.413411
-0.520113 -0.168595 1.907835 0.270600 -0.923878 0.270600 0.435044 0.414988
0.092713 -0.168595 1.295009 0.270600 -0.923878 0.270600 0.251999 0.414988
0.662154 -0.161536 0.642126 -0.653280 -0.382688 -0.653280 0.250000 0.322527
1.271652 -0.161536 0.032628 -0.653280 -0.382688 -0.653280 0.428125 0.322527
1.276644 -0.166527 0.030560 -0.653280 -0.382688 -0.653280 0.432584 0.324431
0.664793 -0.166527 0.642411 -0.653280 -0.382688 -0.653280 0.250000 0.324431
0.664793 -0.166527 0.642411 -0.270603 -0.923877 -0.270603 0.250000 0.324431
1.276644 -0.166527 0.030560 -0.270603 -0.923877 -0.270603 0.432584 0.324431
1.281636 -0.168595 0.032628 -0.270603 -0.923877 -0.270603 0.432584 0.327613
0.668810 -0.168595 0.645454 -0.270603 -0.923877 -0.270603 0.250000 0.327613
1.271652 -0.161536 0.032628 -0.382678 0.000000 -0.923882 0.428125 0.322527
1.271652 -0.139554 0.032628 -0.382678 0.000000 -0.923882 0.428125 0.318914
1.276644 -0.139554 0.030560 -0.382678 0.000000 -0.923882 0.432584 0.318902
1.276644 -0.166527 0.030560 -0.382678 0.000000 -0.923882 0.432584 0.324431
1.276644 -0.166527 0.030560 0.382668 -0.000000 -0.923886 0.432584 0.324431
1.276644 -0.139554 0.030560 0.382668 -0.000000 -0.923886 0.439564 0.324999
1.281636 -0.139554 0.032628 0.382668 -0.000000 -0.923886 0.439564 0.326205
1.281636 -0.168595 0.032628 0.382668 -0.000000 -0.923886 0.432584 0.327613
-0.510130 -0.161536 1.907835 0.382684 0.000000 0.923879 0.432824 0.411560
-0.510130 -0.139554 1.907835 0.382684 0.000000 0.923879 0.432634 0.409469
-0.515121 -0.139554 1.909902 0.382684 0.000000 0.923879 0.435044 0.409668
-0.515121 -0.166527 1.909902 0.382684 0.000000 0.923879 0.435044 0.413411
-0.515121 -0.166527 1.909902 -0.382669 0.000000 0.923886 0.435044 0.413411
-0.515121 -0.139554 1.909902 -0.382669 0.000000 0.923886 0.440642 0.413544
-0.520113 -0.139554 1.907835 -0.382669 0.000000 0.923886 0.442795 0.414683
-0.520113 -0.168595 1.907835 -0.382669 0.000000 0.923886 0.435044 0.414988
1.318365 0.179420 0.079340 0.923880 0.000000 0.382682 0.432732 0.413019
1.318365 0.148932 0.079340 0.923880 0.000000 0.382682 0.432732 0.410096
1.320432 0.148932 0.074349 0.923880 0.000000 0.382682 0.434837 0.410145
1.320432 0.184411 0.074349 0.923880 0.000000 0.382682 0.434837 0.414684
1.320432 0.184411 0.074349 0.923884 0.000000 -0.382673 0.434837 0.414684
1.320432 0.148932 0.074349 0.923884 0.000000 -0.382673 0.440257 0.414195
1.318365 0.148932 0.069357 0.923884 0.000000 -0.382673 0.442641 0.416098
1.318365 0.186479 0.069357 0.923884 0.000000 -0.382673 0.434837 0.416016
0.708867 0.179420 0.688838 0.653280 0.382688 0.653280 0.250000 0.413019
1.318365 0.179420 0.079340 0.653280 0.382688 0.653280 0.432732 0.413019
1.320432 0.184411 0.074349 0.653280 0.382688 0.653280 0.434837 0.414684
0.708581 0.184411 0.686200 0.653280 0.382688 0.653280 0.250000 0.414684
0.708581 0.184411 0.686200 0.270604 0.923876 0.270604 0.250000 0.414684
1.320432 0.184411 0.074349 0.270604 0.923876 0.270604 0.434837 0.414684
1.318365 0.186479 0.069357 0.270604 0.923876 0.270604 0.434837 0.416016
0.705539 0.186479 0.682183 0.270604 0.923876 0.270604 0.250000 0.416016
1.281636 0.186479 0.032628 0.707107 0.000000 -0.707107 0.434837 0.424907
1.318365 0.186479 0.069357 0.707107 0.000000 -0.707107 0.434837 0.416016
1.318365 0.148932 0.069357 0.707107 0.000000 -0.707107 0.442641 0.416098
1.281636 0.148932 0.032628 0.707107 0.000000 -0.707107 0.442641 0.424756
-0.558910 -0.166527 1.866114 -0.270600 -0.923878 -0.270600 0.435044 0.426332
0.052941 -0.166527 1.254262 -0.270600 -0.923878 -0.270600 0.251999 0.426332
0.055984 -0.168595 1.258279 -0.270600 -0.923878 -0.270600 0.251999 0.424674
-0.556842 -0.168595 1.871105 -0.270600 -0.923878 -0.270600 0.435044 0.424674
0.052941 -0.166527 1.254262 -0.270603 -0.923877 -0.270603 0.434847 0.278943
0.664793 -0.166527 0.642411 -0.270603 -0.923877 -0.270603 0.250000 0.278943
0.668810 -0.168595 0.645454 -0.270603 -0.923877 -0.270603 0.250000 0.276629
0.055984 -0.168595 1.258279 -0.270603 -0.923877 -0.270603 0.434847 0.276629
-0.556842 -0.161536 1.861122 -0.653283 -0.382677 -0.653283 0.432808 0.428181
0.052656 -0.161536 1.251624 -0.653283 -0.382677 -0.653283 0.251999 0.428181
0.052941 -0.166527 1.254262 -0.653283 -0.382677 -0.653283 0.251999 0.426332
-0.558910 -0.166527 1.866114 -0.653283 -0.382677 -0.653283 0.435044 0.426332
0.052656 -0.161536 1.251624 -0.653281 -0.382685 -0.653281 0.434847 0.281246
0.662154 -0.161536 0.642126 -0.653281 -0.382685 -0.653281 0.250000 0.281245
0.664793 -0.166527 0.642411 -0.653281 -0.382685 -0.653281 0.250000 0.278943
0.052941 -0.166527 1.254262 -0.653281 -0.382685 -0.653281 0.434847 0.278943
1.320432 -0.166527 0.074349 0.270604 -0.923876 0.270604 0.432584 0.337752
0.708581 -0.166527 0.686200 0.270604 -0.923876 0.270604 0.250000 0.337752
0.705539 -0.168595 0.682183 0.270604 -0.923876 0.270604 0.250000 0.337197
1.318365 -0.168595 0.069357 0.270604 -0.923876 0.270604 0.432584 0.337197
0.708581 -0.166527 0.686200 0.270603 -0.923877 0.270603 0.250000 0.266357
0.096730 -0.166527 1.298051 0.270603 -0.923877 0.270603 0.434847 0.266357
0.092713 -0.168595 1.295009 0.270603 -0.923877 0.270603 0.434847 0.268671
0.705539 -0.168595 0.682183 0.270603 -0.923877 0.270603 0.250000 0.268671
1.318365 -0.161536 0.079340 0.653280 -0.382688 0.653280 0.428125 0.339663
0.708867 -0.161536 0.688838 0.653280 -0.382688 0.653280 0.250000 0.339663
0.708581 -0.166527 0.686200 0.653280 -0.382688 0.653280 0.250000 0.337752
1.320432 -0.166527 0.074349 0.653280 -0.382688 0.653280 0.432584 0.337752
0.708867 -0.161536 0.688838 0.653281 -0.382685 0.653281 0.250000 0.264054
0.099368 -0.161536 1.298336 0.653281 -0.382685 0.653281 0.434847 0.264054
0.096730 -0.166527 1.298051 0.653281 -0.382685 0.653281 0.434847 0.266357
0.708581 -0.166527 0.686200 0.653281 -0.382685 0.653281 0.250000 0.266357
-0.556842 -0.139554 1.861122 -0.707107 0.000000 -0.707107 0.432957 0.431700
0.052656 -0.139554 1.251624 -0.707107 0.000000 -0.707107 0.251999 0.431700
0.052656 -0.161536 1.251624 -0.707107 0.000000 -0.707107 0.251999 0.428181
-0.556842 -0.161536 1.861122 -0.707107 0.000000 -0.707107 0.432808 0.428181
0.052656 -0.139554 1.251624 -0.707107 0.000000 -0.707107 0.434847 0.285225
0.662154 -0.139554 0.642126 -0.707107 0.000000 -0.707107 0.250000 0.285225
0.662154 -0.161536 0.642126 -0.707107 0.000000 -0.707107 0.250000 0.281245
0.052656 -0.161536 1.251624 -0.707107 0.000000 -0.707107 0.434847 0.281246
1.318365 -0.168595 0.069357 -0.000001 -1.000000 -0.000001 0.432584 0.337197
1.223689 -0.168595 0.145878 -0.000001 -1.000000 -0.000001 0.407081 0.334829
1.205114 -0.168595 0.127303 -0.000001 -1.000000 -0.000001 0.407081 0.329982
1.198233 -0.168595 0.127303 -0.000001 -1.000000 -0.000001 0.406056 0.329084
1.184835 -0.168595 0.140701 -0.000001 -1.000000 -0.000001 0.402064 0.329084
1.184835 -0.168595 0.147582 -0.000001 -1.000000 -0.000001 0.401039 0.329982
1.002326 -0.168595 0.330091 -0.000001 -1.000000 -0.000001 0.346663 0.329982
0.995445 -0.168595 0.330091 -0.000001 -1.000000 -0.000001 0.345638 0.329084
0.982047 -0.168595 0.343489 -0.000001 -1.000000 -0.000001 0.341646 0.329084
0.982048 -0.168595 0.350370 -0.000001 -1.000000 -0.000001 0.340621 0.329982
0.799539 -0.168595 0.532879 -0.000001 -1.000000 -0.000001 0.286245 0.329982
0.792658 -0.168595 0.532879 -0.000001 -1.000000 -0.000001 0.285220 0.329084
0.779260 -0.168595 0.546277 -0.000001 -1.000000 -0.000001 0.281228 0.329084
0.779260 -0.168595 0.553157 -0.000001 -1.000000 -0.000001 0.280203 0.329982
0.668810 -0.168595 0.645454 -0.000001 -1.000000 -0.000001 0.250000 0.327613
1.281636 -0.168595 0.032628 -0.000001 -1.000000 -0.000001 0.432584 0.327613
0.705539 -0.168595 0.682183 0.000000 -1.000000 0.000001 0.250000 0.268671
0.092713 -0.168595 1.295009 0.000000 -1.000000 0.000001 0.434847 0.268671
0.055984 -0.168595 1.258279 0.000000 -1.000000 0.000001 0.434847 0.276629
0.170897 -0.168595 1.161521 0.000000 -1.000000 0.000001 0.408349 0.274662
0.189472 -0.168595 1.180096 0.000000 -1.000000 0.000001 0.408349 0.270638
0.196352 -0.168595 1.180096 0.000000 -1.000000 0.000001 0.407312 0.269892
0.209750 -0.168595 1.166698 0.000000 -1.000000 0.000001 0.403270 0.269892
0.209751 -0.168595 1.159817 0.000000 -1.000000 0.000001 0.402233 0.270638
0.191176 -0.168595 1.141242 0.000000 -1.000000 0.000001 0.402233 0.274662
0.373684 -0.168595 0.958733 0.000000 -1.000000 0.000001 0.347182 0.274662
0.392259 -0.168595 0.977308 0.000000 -1.000000 0.000001 0.347182 0.270638
0.399140 -0.168595 0.977308 0.000000 -1.000000 0.000001 0.346145 0.269892
0.412538 -0.168595 0.963910 0.000000 -1.000000 0.000001 0.342103 0.269892
0.412538 -0.168595 0.957029 0.000000 -1.000000 0.000001 0.341066 0.270638
0.393963 -0.168595 0.938454 0.000000 -1.000000 0.000001 0.341066 0.274662
0.576472 -0.168595 0.755945 0.000000 -1.000000 0.000001 0.286015 0.274662
0.595047 -0.168595 0.774520 0.000000 -1.000000 0.000001 0.286015 0.270638
0.601928 -0.168595 0.774520 0.000000 -1.000000 0.000001 0.284978 0.269892
0.615326 -0.168595 0.761122 0.000000 -1.000000 0.000001 0.280936 0.269892
0.615326 -0.168595 0.754242 0.000000 -1.000000 0.000001 0.279899 0.270638
-0.520113 -0.139554 1.907835 -0.000001 1.000000 -0.000001 0.435044 0.408801
-0.418891 -0.139554 1.788458 -0.000001 1.000000 -0.000001 0.407775 0.405956
-0.437466 -0.139554 1.769884 -0.000001 1.000000 -0.000001 0.408491 0.401306
-0.437466 -0.139554 1.763003 -0.000001 1.000000 -0.000001 0.407595 0.400444
-0.424068 -0.139554 1.749605 -0.000001 1.000000 -0.000001 0.403587 0.400442
-0.417187 -0.139554 1.749605 -0.000001 1.000000 -0.000001 0.402431 0.401304
-0.234679 -0.139554 1.567096 -0.000001 1.000000 -0.000001 0.347888 0.401300
-0.234679 -0.139554 1.560215 -0.000001 1.000000 -0.000001 0.346938 0.400438
-0.221281 -0.139554 1.546817 -0.000001 1.000000 -0.000001 0.342930 0.400438
-0.214400 -0.139554 1.546817 -0.000001 1.000000 -0.000001 0.341828 0.401300
-0.031891 -0.139554 1.364308 -0.000001 1.000000 -0.000001 0.287283 0.401299
-0.031891 -0.139554 1.357427 -0.000001 1.000000 -0.000001 0.286279 0.400438
-0.018493 -0.139554 1.344030 -0.000001 1.000000 -0.000001 0.282272 0.400438
-0.011612 -0.139554 1.344029 -0.000001 1.000000 -0.000001 0.281222 0.401299
0.052656 -0.139554 1.251624 -0.000001 1.000000 -0.000001 0.251999 0.397777
-0.556842 -0.139554 1.861122 -0.000001 1.000000 -0.000001 0.434804 0.397777
-0.558910 -0.139554 1.866114 -0.000001 1.000000 -0.000001 0.434945 0.398308
-0.556842 -0.139554 1.871105 -0.000001 1.000000 -0.000001 0.435044 0.399325
0.052656 -0.139554 1.251624 -0.000001 1.000000 -0.000001 0.434847 0.250000
0.099368 -0.139554 1.298336 -0.000001 1.000000 -0.000001 0.434847 0.260074
0.189472 -0.139554 1.180096 -0.000001 1.000000 -0.000001 0.408680 0.257040
0.170897 -0.139554 1.161521 -0.000001 1.000000 -0.000001 0.408680 0.253034
0.170897 -0.139554 1.154640 -0.000001 1.000000 -0.000001 0.407636 0.252292
0.184295 -0.139554 1.141242 -0.000001 1.000000 -0.000001 0.403573 0.252292
0.191176 -0.139554 1.141242 -0.000001 1.000000 -0.000001 0.402530 0.253034
0.373684 -0.139554 0.958733 -0.000001 1.000000 -0.000001 0.347179 0.253034
0.373684 -0.139554 0.951852 -0.000001 1.000000 -0.000001 0.346135 0.252292
0.387082 -0.139554 0.938454 -0.000001 1.000000 -0.000001 0.342072 0.252292
0.393963 -0.139554 0.938454 -0.000001 1.000000 -0.000001 0.341029 0.253034
0.576472 -0.139554 0.755945 -0.000001 1.000000 -0.000001 0.285678 0.253034
0.576472 -0.139554 0.749064 -0.000001 1.000000 -0.000001 0.284634 0.252292
0.589870 -0.139554 0.735666 -0.000001 1.000000 -0.000001 0.280571 0.252292
0.596751 -0.139554 0.735666 -0.000001 1.000000 -0.000001 0.279528 0.253034
0.662154 -0.139554 0.642126 -0.000001 1.000000 -0.000001 0.250000 0.250000
1.318365 -0.139554 0.079340 0.707107 0.000000 0.707107 0.428125 0.344232
0.708867 -0.139554 0.688838 0.707107 0.000000 0.707107 0.250000 0.344232
0.708867 -0.161536 0.688838 0.707107 0.000000 0.707107 0.250000 0.339663
1.318365 -0.161536 0.079340 0.707107 0.000000 0.707107 0.428125 0.339663
0.708867 -0.139554 0.688838 0.707107 0.000000 0.707107 0.250000 0.260074
0.099368 -0.139554 1.298336 0.707107 0.000000 0.707107 0.434847 0.260074
0.099368 -0.161536 1.298336 0.707107 0.000000 0.707107 0.434847 0.264054
0.708867 -0.161536 0.688838 0.707107 0.000000 0.707107 0.250000 0.264054
-0.515121 0.184411 1.909902 0.270600 0.923878 0.270600 0.431799 0.339259
0.096730 0.184411 1.298051 0.270600 0.923878 0.270600 0.250000 0.339259
0.092713 0.186479 1.295009 0.270600 0.923878 0.270600 0.250000 0.338348
-0.520113 0.186479 1.907835 0.270600 0.923878 0.270600 0.431799 0.338348
0.096730 0.184411 1.298051 0.270603 0.923877 0.270603 0.434926 0.375170
0.708581 0.184411 0.686200 0.270603 0.923877 0.270603 0.250079 0.375170
0.705539 0.186479 0.682183 0.270603 0.923877 0.270603 0.250079 0.372856
0.092713 0.186479 1.295009 0.270603 0.923877 0.270603 0.434926 0.372856
-0.510130 0.179420 1.907835 0.653283 0.382677 0.653283 0.428513 0.341102
0.099368 0.179420 1.298336 0.653283 0.382677 0.653283 0.250000 0.341102
0.096730 0.184411 1.298051 0.653283 0.382677 0.653283 0.250000 0.339259
-0.515121 0.184411 1.909902 0.653283 0.382677 0.653283 0.431799 0.339259
0.099368 0.179420 1.298336 0.653281 0.382685 0.653281 0.434926 0.377472
0.708867 0.179420 0.688838 0.653281 0.382685 0.653281 0.250079 0.377472
0.708581 0.184411 0.686200 0.653281 0.382685 0.653281 0.250079 0.375170
0.096730 0.184411 1.298051 0.653281 0.382685 0.653281 0.434926 0.375170
1.276644 0.184411 0.030560 -0.270603 0.923877 -0.270603 0.434837 0.426159
0.664793 0.184411 0.642411 -0.270603 0.923877 -0.270603 0.250000 0.426454
0.668810 0.186479 0.645454 -0.270603 0.923877 -0.270603 0.250000 0.424907
1.281636 0.186479 0.032628 -0.270603 0.923877 -0.270603 0.434837 0.424907
0.664793 0.184411 0.642411 -0.270603 0.923877 -0.270603 0.250079 0.362584
0.052941 0.184411 1.254262 -0.270603 0.923877 -0.270603 0.434926 0.362584
0.055984 0.186479 1.258279 -0.270603 0.923877 -0.270603 0.434926 0.364898
0.668810 0.186479 0.645454 -0.270603 0.923877 -0.270603 0.250079 0.364898
1.271652 0.179420 0.032628 -0.653280 0.382688 -0.653280 0.432732 0.427971
0.662154 0.179420 0.642126 -0.653280 0.382688 -0.653280 0.250000 0.427971
0.664793 0.184411 0.642411 -0.653280 0.382688 -0.653280 0.250000 0.426454
1.276644 0.184411 0.030560 -0.653280 0.382688 -0.653280 0.434837 0.426159
0.662154 0.179420 0.642126 -0.653281 0.382685 -0.653281 0.250079 0.360281
0.052656 0.179420 1.251624 -0.653281 0.382685 -0.653281 0.434926 0.360281
0.052941 0.184411 1.254262 -0.653281 0.382685 -0.653281 0.434926 0.362584
0.664793 0.184411 0.642411 -0.653281 0.382685 -0.653281 0.250079 0.362584
1.318365 0.179420 0.079340 0.707107 0.000000 0.707107 0.432732 0.413019
0.708867 0.179420 0.688838 0.707107 0.000000 0.707107 0.250000 0.413019
0.708867 0.148932 0.688838 0.707107 0.000000 0.707107 0.250000 0.410096
1.318365 0.148932 0.079340 0.707107 0.000000 0.707107 0.432732 0.410096
0.708867 0.179420 0.688838 0.707107 0.000000 0.707107 0.250079 0.377472
0.099368 0.179420 1.298336 0.707107 0.000000 0.707107 0.434926 0.377472
0.099368 0.148932 1.298336 0.707107 0.000000 0.707107 0.434926 0.381452
0.708867 0.148932 0.688838 0.707107 0.000000 0.707107 0.250079 0.381452
-0.556842 0.148932 1.871105 0.000000 -1.000000 0.000000 0.431799 0.354620
-0.437466 0.148932 1.769884 0.000000 -1.000000 0.000000 0.403684 0.352180
-0.418891 0.148932 1.788458 0.000000 -1.000000 0.000000 0.403138 0.347006
-0.412010 0.148932 1.788458 0.000000 -1.000000 0.000000 0.402023 0.346043
-0.398612 0.148932 1.775061 0.000000 -1.000000 0.000000 0.398088 0.346041
-0.398612 0.148932 1.768180 0.000000 -1.000000 0.000000 0.397177 0.347001
-0.417187 0.148932 1.749605 0.000000 -1.000000 0.000000 0.397701 0.352175
-0.234679 0.148932 1.567096 0.000000 -1.000000 0.000000 0.343889 0.352164
-0.216104 0.148932 1.585671 0.000000 -1.000000 0.000000 0.343564 0.346990
-0.209223 0.148932 1.585671 0.000000 -1.000000 0.000000 0.342493 0.346031
-0.195825 0.148932 1.572273 0.000000 -1.000000 0.000000 0.338561 0.346031
-0.195825 0.148932 1.565392 0.000000 -1.000000 0.000000 0.337607 0.346989
-0.214400 0.148932 1.546817 0.000000 -1.000000 0.000000 0.337911 0.352164
-0.031891 0.148932 1.364308 0.000000 -1.000000 0.000000 0.284108 0.352162
-0.013316 0.148932 1.382883 0.000000 -1.000000 0.000000 0.284004 0.346988
-0.006435 0.148932 1.382883 0.000000 -1.000000 0.000000 0.282974 0.346030
0.006963 0.148932 1.369485 0.000000 -1.000000 0.000000 0.279042 0.346030
0.006963 0.148932 1.362604 0.000000 -1.000000 0.000000 0.278048 0.346988
0.099368 0.148932 1.298336 0.000000 -1.000000 0.000000 0.250000 0.343068
-0.510130 0.148932 1.907835 0.000000 -1.000000 0.000000 0.428513 0.343068
-0.515121 0.148932 1.909902 0.000000 -1.000000 0.000000 0.431799 0.345803
-0.520113 0.148932 1.907835 0.000000 -1.000000 0.000000 0.431799 0.346540
0.099368 0.148932 1.298336 0.000000 -1.000000 -0.000000 0.434926 0.381452
0.052656 0.148932 1.251624 0.000000 -1.000000 -0.000000 0.434926 0.391526
0.170897 0.148932 1.161521 0.000000 -1.000000 -0.000000 0.412635 0.388492
0.189472 0.148932 1.180096 0.000000 -1.000000 -0.000000 0.412635 0.384486
0.196352 0.148932 1.180096 0.000000 -1.000000 -0.000000 0.411591 0.383744
0.209750 0.148932 1.166698 0.000000 -1.000000 -0.000000 0.407528 0.383744
0.209751 0.148932 1.159817 0.000000 -1.000000 -0.000000 0.406484 0.384486
0.191176 0.148932 1.141242 0.000000 -1.000000 -0.000000 0.406484 0.388492
0.373684 0.148932 0.958733 0.000000 -1.000000 -0.000000 0.351134 0.388492
0.392259 0.148932 0.977308 0.000000 -1.000000 -0.000000 0.351134 0.384486
0.399140 0.148932 0.977308 0.000000 -1.000000 -0.000000 0.350090 0.383744
0.412538 0.148932 0.963910 0.000000 -1.000000 -0.000000 0.346027 0.383744
0.412538 0.148932 0.957029 0.000000 -1.000000 -0.000000 0.344984 0.384486
0.393963 0.148932 0.938454 0.000000 -1.000000 -0.000000 0.344984 0.388492
0.576472 0.148932 0.755945 0.000000 -1.000000 -0.000000 0.289633 0.388492
0.595047 0.148932 0.774520 0.000000 -1.000000 -0.000000 0.289633 0.384486
0.601928 0.148932 0.774520 0.000000 -1.000000 -0.000000 0.288589 0.383744
0.615326 0.148932 0.761122 0.000000 -1.000000 -0.000000 0.284526 0.383744
0.615326 0.148932 0.754242 0.000000 -1.000000 -0.000000 0.283483 0.384486
0.708867 0.148932 0.688838 0.000000 -1.000000 -0.000000 0.250079 0.381452
-0.556842 0.179420 1.861122 -0.707107 0.000000 -0.707107 0.428513 0.324563
0.052656 0.179420 1.251624 -0.707107 0.000000 -0.707107 0.250000 0.324563
0.052656 0.148932 1.251624 -0.707107 0.000000 -0.707107 0.250000 0.319713
-0.556842 0.148932 1.861122 -0.707107 0.000000 -0.707107 0.428513 0.319713
0.052656 0.179420 1.251624 -0.707107 0.000000 -0.707107 0.434926 0.360281
0.662154 0.179420 0.642126 -0.707107 0.000000 -0.707107 0.250079 0.360281
0.662154 0.148932 0.642126 -0.707107 0.000000 -0.707107 0.250079 0.356301
0.052656 0.148932 1.251624 -0.707107 0.000000 -0.707107 0.434926 0.356301
-0.520113 0.186479 1.907835 0.000001 1.000000 0.000001 0.431799 0.338348
-0.418891 0.186479 1.788458 0.000001 1.000000 0.000001 0.404116 0.335603
-0.437466 0.186479 1.769884 0.000001 1.000000 0.000001 0.404116 0.329985
-0.437466 0.186479 1.763003 0.000001 1.000000 0.000001 0.403096 0.328945
-0.424068 0.186479 1.749605 0.000001 1.000000 0.000001 0.399121 0.328945
-0.417187 0.186479 1.749605 0.000001 1.000000 0.000001 0.398100 0.329985
-0.234679 0.186479 1.567096 0.000001 1.000000 0.000001 0.343958 0.329985
-0.234679 0.186479 1.560215 0.000001 1.000000 0.000001 0.342937 0.328945
-0.221281 0.186479 1.546817 0.000001 1.000000 0.000001 0.338963 0.328945
-0.214400 0.186479 1.546817 0.000001 1.000000 0.000001 0.337942 0.329985
-0.031891 0.186479 1.364308 0.000001 1.000000 0.000001 0.283800 0.329985
-0.031891 0.186479 1.357427 0.000001 1.000000 0.000001 0.282779 0.328945
-0.018493 0.186479 1.344030 0.000001 1.000000 0.000001 0.278804 0.328945
-0.011612 0.186479 1.344029 0.000001 1.000000 0.000001 0.277784 0.329985
0.055984 0.186479 1.258279 0.000001 1.000000 0.000001 0.250000 0.327240
-0.556842 0.186479 1.871105 0.000001 1.000000 0.000001 0.431799 0.327240
0.092713 0.186479 1.295009 -0.000000 1.000000 -0.000000 0.434926 0.372856
0.705539 0.186479 0.682183 -0.000000 1.000000 -0.000000 0.250079 0.372856
0.668810 0.186479 0.645454 -0.000000 1.000000 -0.000000 0.250079 0.364898
0.596751 0.186479 0.735666 -0.000000 1.000000 -0.000000 0.283854 0.366864
0.615326 0.186479 0.754242 -0.000000 1.000000 -0.000000 0.283854 0.370889
0.615326 0.186479 0.761122 -0.000000 1.000000 -0.000000 0.284891 0.371634
0.601928 0.186479 0.774520 -0.000000 1.000000 -0.000000 0.288933 0.371634
0.595047 0.186479 0.774520 -0.000000 1.000000 -0.000000 0.289970 0.370889
0.404599 0.186479 0.949090 -0.000000 1.000000 -0.000000 0.345021 0.369169
0.412538 0.186479 0.957029 -0.000000 1.000000 -0.000000 0.345021 0.370889
0.412538 0.186479 0.963910 -0.000000 1.000000 -0.000000 0.346058 0.371634
0.399140 0.186479 0.977308 -0.000000 1.000000 -0.000000 0.350100 0.371634
0.392259 0.186479 0.977308 -0.000000 1.000000 -0.000000 0.351137 0.370889
0.373684 0.186479 0.958733 -0.000000 1.000000 -0.000000 0.351137 0.366864
0.191176 0.186479 1.141242 -0.000000 1.000000 -0.000000 0.406188 0.366864
0.209751 0.186479 1.159817 -0.000000 1.000000 -0.000000 0.406188 0.370889
0.209750 0.186479 1.166698 -0.000000 1.000000 -0.000000 0.407225 0.371634
0.196353 0.186479 1.180096 -0.000000 1.000000 -0.000000 0.411267 0.371634
0.189472 0.186479 1.180096 -0.000000 1.000000 -0.000000 0.412304 0.370889
1.184835 -0.168595 0.147582 0.707106 0.000000 -0.707107 0.250537 0.499958
1.184835 -0.139554 0.147582 0.707106 0.000000 -0.707107 0.255572 0.499958
1.203410 -0.139554 0.166157 0.707106 0.000000 -0.707107 0.255572 0.495403
1.203410 -0.168595 0.166157 0.707106 0.000000 -0.707107 0.250537 0.495403
1.184835 0.148932 0.147582 0.707107 0.000000 -0.707107 0.305589 0.499958
1.184835 0.186479 0.147582 0.707107 0.000000 -0.707107 0.312098 0.499958
1.203410 0.186479 0.166157 0.707107 0.000000 -0.707107 0.312098 0.495403
1.203410 0.148932 0.166157 0.707107 0.000000 -0.707107 0.305589 0.495403
0.412538 0.186479 0.963910 -0.707107 0.000000 -0.707107 0.312098 0.490925
0.412538 0.148932 0.963910 -0.707107 0.000000 -0.707107 0.305589 0.490925
0.399140 0.148932 0.977308 -0.707107 0.000000 -0.707107 0.305589 0.494210
0.399140 0.186479 0.977308 -0.707107 0.000000 -0.707107 0.312098 0.494210
0.412538 -0.139554 0.963910 -0.707107 0.000000 -0.707107 0.255572 0.490925
0.412538 -0.168595 0.963910 -0.707107 0.000000 -0.707107 0.250537 0.490925
0.399140 -0.168595 0.977308 -0.707107 0.000000 -0.707107 0.250537 0.494210
0.399140 -0.139554 0.977308 -0.707107 0.000000 -0.707107 0.255572 0.494210
0.055984 0.186479 1.258279 -0.000000 1.000000 0.000000 0.250000 0.327240
-0.011612 0.186479 1.344029 -0.000000 1.000000 0.000000 0.277784 0.329985
0.006963 0.186479 1.362604 -0.000000 1.000000 0.000000 0.277784 0.335603
0.006963 0.186479 1.369485 -0.000000 1.000000 0.000000 0.278804 0.336643
-0.006435 0.186479 1.382883 -0.000000 1.000000 0.000000 0.282779 0.336643
-0.013316 0.186479 1.382883 -0.000000 1.000000 0.000000 0.283800 0.335603
-0.031891 0.186479 1.364308 -0.000000 1.000000 0.000000 0.283800 0.329985
-0.214400 0.186479 1.546817 -0.000000 1.000000 0.000000 0.337942 0.329985
-0.195825 0.186479 1.565392 -0.000000 1.000000 0.000000 0.337942 0.335603
-0.195825 0.186479 1.572273 -0.000000 1.000000 0.000000 0.338963 0.336643
-0.209223 0.186479 1.585671 -0.000000 1.000000 0.000000 0.342937 0.336643
-0.216104 0.186479 1.585671 -0.000000 1.000000 0.000000 0.343958 0.335603
-0.234679 0.186479 1.567096 -0.000000 1.000000 0.000000 0.343958 0.329985
-0.417187 0.186479 1.749605 -0.000000 1.000000 0.000000 0.398100 0.329985
-0.398612 0.186479 1.768180 -0.000000 1.000000 0.000000 0.398100 0.335603
-0.398612 0.186479 1.775061 -0.000000 1.000000 0.000000 0.399121 0.336643
-0.412010 0.186479 1.788458 -0.000000 1.000000 0.000000 0.403096 0.336643
-0.418891 0.186479 1.788458 -0.000000 1.000000 0.000000 0.404116 0.335603
-0.520113 0.186479 1.907835 -0.000000 1.000000 0.000000 0.431799 0.338348
0.092713 0.186479 1.295009 -0.000000 1.000000 0.000000 0.250000 0.338348
1.002326 0.186479 0.330091 -0.707107 0.000000 0.707107 0.312098 0.485178
1.002326 0.148932 0.330091 -0.707107 0.000000 0.707107 0.305589 0.485178
1.020901 0.148932 0.348666 -0.707107 0.000000 0.707107 0.305589 0.489732
1.020901 0.186479 0.348666 -0.707107 0.000000 0.707107 0.312098 0.489732
1.002326 -0.139554 0.330091 -0.707107 0.000000 0.707107 0.255572 0.485178
1.002326 -0.168595 0.330091 -0.707107 0.000000 0.707107 0.250537 0.485178
1.020901 -0.168595 0.348666 -0.707107 0.000000 0.707107 0.250537 0.489732
1.020901 -0.139554 0.348666 -0.707107 0.000000 0.707107 0.255572 0.489732
0.170897 0.186479 1.161521 0.000000 1.000000 0.000000 0.412304 0.366864
0.170897 0.186479 1.154640 0.000000 1.000000 0.000000 0.411267 0.366119
0.184295 0.186479 1.141242 0.000000 1.000000 0.000000 0.407225 0.366119
0.373684 0.186479 0.951852 0.000000 1.000000 0.000000 0.350100 0.366119
0.387082 0.186479 0.938454 0.000000 1.000000 0.000000 0.346058 0.366119
0.393963 0.186479 0.938454 0.000000 1.000000 0.000000 0.345021 0.366864
0.576472 0.186479 0.755945 0.000000 1.000000 0.000000 0.289970 0.366864
0.576472 0.186479 0.749064 0.000000 1.000000 0.000000 0.288933 0.366119
0.589870 0.186479 0.735666 0.000000 1.000000 0.000000 0.284891 0.366119
0.055984 0.186479 1.258279 0.000000 1.000000 0.000000 0.434926 0.364898
0.982047 0.186479 0.350370 1.000000 0.000002 -0.000004 0.312098 0.479507
0.982048 0.148932 0.350370 1.000000 0.000002 -0.000004 0.305589 0.479507
0.982047 0.148932 0.343489 1.000000 0.000002 -0.000004 0.305589 0.480700
0.982047 0.186479 0.343489 1.000000 0.000002 -0.000004 0.312098 0.480700
0.982048 -0.139554 0.350370 1.000000 0.000000 -0.000009 0.255572 0.479507
0.982048 -0.168595 0.350370 1.000000 0.000000 -0.000009 0.250537 0.479507
0.982047 -0.168595 0.343489 1.000000 0.000000 -0.000009 0.250537 0.480700
0.982047 -0.139554 0.343489 1.000000 0.000000 -0.000009 0.255572 0.480700
0.170897 0.186479 1.161521 1.000000 0.000000 -0.000000 0.250359 0.500000
0.170897 0.148932 1.161521 1.000000 0.000000 -0.000000 0.256869 0.500000
0.170897 0.148932 1.154640 1.000000 0.000000 -0.000000 0.256869 0.498807
0.170897 0.186479 1.154640 1.000000 0.000000 -0.000000 0.250359 0.498807
0.170897 -0.139554 1.161521 1.000000 0.000000 -0.000000 0.306886 0.500000
0.170897 -0.168595 1.161521 1.000000 0.000000 -0.000000 0.311921 0.500000
0.170897 -0.168595 1.154640 1.000000 0.000000 -0.000000 0.311921 0.498807
0.170897 -0.139554 1.154640 1.000000 0.000000 -0.000000 0.306886 0.498807
-0.398612 0.186479 1.768180 -1.000000 0.000000 -0.000000 0.250317 0.489732
-0.398612 0.148932 1.768180 -1.000000 0.000000 -0.000000 0.256827 0.489732
-0.398612 0.148932 1.775061 -1.000000 0.000000 -0.000000 0.256827 0.488539
-0.398612 0.186479 1.775061 -1.000000 0.000000 -0.000000 0.250317 0.488539
-0.398612 -0.139554 1.768180 -1.000000 0.000000 -0.000000 0.306844 0.489732
-0.398612 -0.168595 1.768180 -1.000000 0.000000 -0.000000 0.311879 0.489732
-0.398612 -0.168595 1.775061 -1.000000 0.000000 -0.000000 0.311879 0.488539
-0.398612 -0.139554 1.775061 -1.000000 0.000000 -0.000000 0.306844 0.488539
-0.013316 -0.168595 1.382883 -0.000017 0.000000 -1.000000 0.311879 0.484061
-0.013316 -0.139554 1.382883 -0.000017 0.000000 -1.000000 0.306844 0.484061
-0.006435 -0.139554 1.382883 -0.000017 0.000000 -1.000000 0.306844 0.485254
-0.006435 -0.168595 1.382883 -0.000017 0.000000 -1.000000 0.311879 0.485254
-0.013316 0.148932 1.382883 -0.000017 -0.000000 -1.000000 0.256827 0.484061
-0.013316 0.186479 1.382883 -0.000017 -0.000000 -1.000000 0.250317 0.484061
-0.006435 0.186479 1.382883 -0.000017 -0.000000 -1.000000 0.250317 0.485254
-0.006435 0.148932 1.382883 -0.000017 -0.000000 -1.000000 0.256827 0.485254
-0.437466 0.186479 1.769884 1.000000 0.000000 -0.000000 0.250317 0.499958
-0.437466 0.148932 1.769884 1.000000 0.000000 -0.000000 0.256827 0.499958
-0.437466 0.148932 1.763003 1.000000 0.000000 -0.000000 0.256827 0.498765
-0.437466 0.186479 1.763003 1.000000 0.000000 -0.000000 0.250317 0.498765
-0.437466 -0.139554 1.769884 1.000000 0.000000 -0.000000 0.306844 0.499958
-0.437466 -0.168595 1.769884 1.000000 0.000000 -0.000000 0.311879 0.499958
-0.437466 -0.168595 1.763003 1.000000 0.000000 -0.000000 0.311879 0.498765
-0.437466 -0.139554 1.763003 1.000000 0.000000 -0.000000 0.306844 0.498765
-0.214400 0.186479 1.546817 -0.707107 0.000000 0.707107 0.312098 0.485178
-0.214400 0.148932 1.546817 -0.707107 0.000000 0.707107 0.305589 0.485178
-0.195825 0.148932 1.565392 -0.707107 0.000000 0.707107 0.305589 0.489732
-0.195825 0.186479 1.565392 -0.707107 0.000000 0.707107 0.312098 0.489732
-0.214400 -0.139554 1.546817 -0.707107 0.000000 0.707107 0.255572 0.485178
-0.214400 -0.168595 1.546817 -0.707107 0.000000 0.707107 0.250537 0.485178
-0.195825 -0.168595 1.565392 -0.707107 0.000000 0.707107 0.250537 0.489732
-0.195825 -0.139554 1.565392 -0.707107 0.000000 0.707107 0.255572 0.489732
-0.031891 0.186479 1.364308 1.000000 -0.000000 0.000017 0.250317 0.499958
-0.031891 0.148932 1.364308 1.000000 -0.000000 0.000017 0.256827 0.499958
-0.031891 0.148932 1.357427 1.000000 -0.000000 0.000017 0.256827 0.498765
-0.031891 0.186479 1.357427 1.000000 -0.000000 0.000017 0.250317 0.498765
-0.031891 -0.139554 1.364308 1.000000 0.000000 0.000017 0.306844 0.499958
-0.031891 -0.168595 1.364308 1.000000 0.000000 0.000017 0.311879 0.499958
-0.031891 -0.168595 1.357427 1.000000 0.000000 0.000017 0.311879 0.498765
-0.031891 -0.139554 1.357427 1.000000 0.000000 0.000017 0.306844 0.498765
0.668810 -0.168595 0.645454 0.000000 -1.000000 0.000000 0.250000 0.327613
0.779260 -0.168595 0.553157 0.000000 -1.000000 0.000000 0.280203 0.329982
0.797835 -0.168595 0.571733 0.000000 -1.000000 0.000000 0.280203 0.334829
0.804716 -0.168595 0.571733 0.000000 -1.000000 0.000000 0.281228 0.335727
0.818114 -0.168595 0.558335 0.000000 -1.000000 0.000000 0.285220 0.335727
0.818114 -0.168595 0.551454 0.000000 -1.000000 0.000000 0.286245 0.334829
0.799539 -0.168595 0.532879 0.000000 -1.000000 0.000000 0.286245 0.329982
0.982048 -0.168595 0.350370 0.000000 -1.000000 0.000000 0.340621 0.329982
1.000623 -0.168595 0.368945 0.000000 -1.000000 0.000000 0.340621 0.334829
1.007503 -0.168595 0.368945 0.000000 -1.000000 0.000000 0.341646 0.335727
1.020901 -0.168595 0.355547 0.000000 -1.000000 0.000000 0.345638 0.335727
1.020901 -0.168595 0.348666 0.000000 -1.000000 0.000000 0.346663 0.334829
1.002326 -0.168595 0.330091 0.000000 -1.000000 0.000000 0.346663 0.329982
1.184835 -0.168595 0.147582 0.000000 -1.000000 0.000000 0.401039 0.329982
1.203410 -0.168595 0.166157 0.000000 -1.000000 0.000000 0.401039 0.334829
1.210291 -0.168595 0.166157 0.000000 -1.000000 0.000000 0.402064 0.335727
1.223689 -0.168595 0.152759 0.000000 -1.000000 0.000000 0.406056 0.335727
1.223689 -0.168595 0.145878 0.000000 -1.000000 0.000000 0.407081 0.334829
1.318365 -0.168595 0.069357 0.000000 -1.000000 0.000000 0.432584 0.337197
0.705539 -0.168595 0.682183 0.000000 -1.000000 0.000000 0.250000 0.337197
0.393963 -0.168595 0.938454 -0.000000 0.000000 1.000000 0.250537 0.485178
0.393963 -0.139554 0.938454 -0.000000 0.000000 1.000000 0.255572 0.485178
0.387082 -0.139554 0.938454 -0.000000 0.000000 1.000000 0.255572 0.483985
0.387082 -0.168595 0.938454 -0.000000 0.000000 1.000000 0.250537 0.483985
0.393963 0.148932 0.938454 -0.000000 0.000000 1.000000 0.305589 0.485178
0.393963 0.186479 0.938454 -0.000000 0.000000 1.000000 0.312098 0.485178
0.387082 0.186479 0.938454 -0.000000 0.000000 1.000000 0.312098 0.483985
0.387082 0.148932 0.938454 -0.000000 0.000000 1.000000 0.305589 0.483985
-0.437466 -0.168595 1.769884 0.707107 0.000000 -0.707107 0.311879 0.479507
-0.437466 -0.139554 1.769884 0.707107 0.000000 -0.707107 0.306844 0.479507
-0.418891 -0.139554 1.788458 0.707107 0.000000 -0.707107 0.306844 0.484061
-0.418891 -0.168595 1.788458 0.707107 0.000000 -0.707107 0.311879 0.484061
-0.437466 0.148932 1.769884 0.707107 0.000000 -0.707107 0.256827 0.479507
-0.437466 0.186479 1.769884 0.707107 0.000000 -0.707107 0.250317 0.479507
-0.418891 0.186479 1.788458 0.707107 0.000000 -0.707107 0.250317 0.484061
-0.418891 0.148932 1.788458 0.707107 0.000000 -0.707107 0.256827 0.484061
0.052656 -0.139554 1.251624 0.000001 1.000000 0.000001 0.251999 0.397777
-0.011612 -0.139554 1.344029 0.000001 1.000000 0.000001 0.281222 0.401299
0.006963 -0.139554 1.362604 0.000001 1.000000 0.000001 0.281115 0.405948
0.006963 -0.139554 1.369485 0.000001 1.000000 0.000001 0.282117 0.406809
-0.006435 -0.139554 1.382883 0.000001 1.000000 0.000001 0.286098 0.406809
-0.013316 -0.139554 1.382883 0.000001 1.000000 0.000001 0.287146 0.405948
-0.031891 -0.139554 1.364308 0.000001 1.000000 0.000001 0.287283 0.401299
-0.214400 -0.139554 1.546817 0.000001 1.000000 0.000001 0.341828 0.401300
-0.195825 -0.139554 1.565392 0.000001 1.000000 0.000001 0.341430 0.405949
-0.195825 -0.139554 1.572273 0.000001 1.000000 0.000001 0.342378 0.406810
-0.209223 -0.139554 1.585671 0.000001 1.000000 0.000001 0.346360 0.406810
-0.216104 -0.139554 1.585671 0.000001 1.000000 0.000001 0.347461 0.405949
-0.234679 -0.139554 1.567096 0.000001 1.000000 0.000001 0.347888 0.401300
-0.417187 -0.139554 1.749605 0.000001 1.000000 0.000001 0.402431 0.401304
-0.398612 -0.139554 1.768180 0.000001 1.000000 0.000001 0.401744 0.405954
-0.398612 -0.139554 1.775061 0.000001 1.000000 0.000001 0.402640 0.406814
-0.412010 -0.139554 1.788458 0.000001 1.000000 0.000001 0.406621 0.406815
-0.418891 -0.139554 1.788458 0.000001 1.000000 0.000001 0.407775 0.405956
-0.520113 -0.139554 1.907835 0.000001 1.000000 0.000001 0.435044 0.408801
-0.515121 -0.139554 1.909902 0.000001 1.000000 0.000001 0.435044 0.409668
-0.510130 -0.139554 1.907835 0.000001 1.000000 0.000001 0.432634 0.409469
0.099368 -0.139554 1.298336 0.000001 1.000000 0.000001 0.251999 0.409469
1.020901 0.186479 0.348666 -1.000000 0.000000 -0.000000 0.312098 0.489732
1.020901 0.148932 0.348666 -1.000000 0.000000 -0.000000 0.305589 0.489732
1.020901 0.148932 0.355547 -1.000000 0.000000 -0.000000 0.305589 0.490925
1.020901 0.186479 0.355547 -1.000000 0.000000 -0.000000 0.312098 0.490925
1.020901 -0.139554 0.348666 -1.000000 0.000000 -0.000000 0.255572 0.489732
1.020901 -0.168595 0.348666 -1.000000 0.000000 -0.000000 0.250537 0.489732
1.020901 -0.168595 0.355547 -1.000000 0.000000 -0.000000 0.250537 0.490925
1.020901 -0.139554 0.355547 -1.000000 0.000000 -0.000000 0.255572 0.490925
1.223689 0.186479 0.145878 -1.000000 0.000000 -0.000000 0.312098 0.489732
1.223689 0.148932 0.145878 -1.000000 0.000000 -0.000000 0.305589 0.489732
1.223689 0.148932 0.152759 -1.000000 0.000000 -0.000000 0.305589 0.490925
1.223689 0.186479 0.152759 -1.000000 0.000000 -0.000000 0.312098 0.490925
1.223689 -0.139554 0.145878 -1.000000 0.000000 -0.000000 0.255572 0.489732
1.223689 -0.168595 0.145878 -1.000000 0.000000 -0.000000 0.250537 0.489732
1.223689 -0.168595 0.152759 -1.000000 0.000000 -0.000000 0.250537 0.490925
1.223689 -0.139554 0.152759 -1.000000 0.000000 -0.000000 0.255572 0.490925
-0.398612 0.186479 1.775061 -0.707110 -0.000002 -0.707104 0.250317 0.488539
-0.398612 0.148932 1.775061 -0.707110 -0.000002 -0.707104 0.256827 0.488539
-0.412010 0.148932 1.788458 -0.707110 -0.000002 -0.707104 0.256827 0.485254
-0.412010 0.186479 1.788458 -0.707110 -0.000002 -0.707104 0.250317 0.485254
-0.398612 -0.139554 1.775061 -0.707107 0.000000 -0.707107 0.306844 0.488539
-0.398612 -0.168595 1.775061 -0.707107 0.000000 -0.707107 0.311879 0.488539
-0.412010 -0.168595 1.788458 -0.707107 0.000000 -0.707107 0.311879 0.485254
-0.412010 -0.139554 1.788458 -0.707107 0.000000 -0.707107 0.306844 0.485254
0.596751 0.148932 0.735666 0.000000 -1.000000 0.000000 0.283483 0.388492
0.589870 0.148932 0.735666 0.000000 -1.000000 0.000000 0.284526 0.389234
0.576472 0.148932 0.749064 0.000000 -1.000000 0.000000 0.288589 0.389234
0.387082 0.148932 0.938454 0.000000 -1.000000 0.000000 0.346027 0.389234
0.373684 0.148932 0.951852 0.000000 -1.000000 0.000000 0.350090 0.389234
0.184295 0.148932 1.141242 0.000000 -1.000000 0.000000 0.407528 0.389234
0.170897 0.148932 1.154640 0.000000 -1.000000 0.000000 0.411591 0.389234
0.662154 0.148932 0.642126 0.000000 -1.000000 0.000000 0.250079 0.391526
-0.234679 0.186479 1.567096 1.000000 0.000000 -0.000000 0.312098 0.479507
-0.234679 0.148932 1.567096 1.000000 0.000000 -0.000000 0.305589 0.479507
-0.234679 0.148932 1.560215 1.000000 0.000000 -0.000000 0.305589 0.480700
-0.234679 0.186479 1.560215 1.000000 0.000000 -0.000000 0.312098 0.480700
-0.234679 -0.139554 1.567096 1.000000 0.000000 -0.000000 0.255572 0.479507
-0.234679 -0.168595 1.567096 1.000000 0.000000 -0.000000 0.250537 0.479507
-0.234679 -0.168595 1.560215 1.000000 0.000000 -0.000000 0.250537 0.480700
-0.234679 -0.139554 1.560215 1.000000 0.000000 -0.000000 0.255572 0.480700
0.982047 0.186479 0.343489 0.707106 0.000000 0.707107 0.312098 0.480700
0.982047 0.148932 0.343489 0.707106 0.000000 0.707107 0.305589 0.480700
0.995445 0.148932 0.330091 0.707106 0.000000 0.707107 0.305589 0.483985
0.995445 0.186479 0.330091 0.707106 0.000000 0.707107 0.312098 0.483985
0.982047 -0.139554 0.343489 0.707107 0.000000 0.707107 0.255572 0.480700
0.982047 -0.168595 0.343489 0.707107 0.000000 0.707107 0.250537 0.480700
0.995445 -0.168595 0.330091 0.707107 0.000000 0.707107 0.250537 0.483985
0.995445 -0.139554 0.330091 0.707107 0.000000 0.707107 0.255572 0.483985
1.203410 -0.168595 0.166157 0.000002 0.000000 -1.000000 0.250537 0.495403
1.203410 -0.139554 0.166157 0.000002 0.000000 -1.000000 0.255572 0.495403
1.210291 -0.139554 0.166157 0.000002 0.000000 -1.000000 0.255572 0.494210
1.210291 -0.168595 0.166157 0.000002 0.000000 -1.000000 0.250537 0.494210
1.203410 0.148932 0.166157 0.000002 0.000000 -1.000000 0.305589 0.495403
1.203410 0.186479 0.166157 0.000002 0.000000 -1.000000 0.312098 0.495403
1.210291 0.186479 0.166157 0.000002 0.000000 -1.000000 0.312098 0.494210
1.210291 0.148932 0.166157 0.000002 0.000000 -1.000000 0.305589 0.494210
-0.214400 -0.168595 1.546817 -0.000000 0.000000 1.000000 0.250537 0.485178
-0.214400 -0.139554 1.546817 -0.000000 0.000000 1.000000 0.255572 0.485178
-0.221281 -0.139554 1.546817 -0.000000 0.000000 1.000000 0.255572 0.483985
-0.221281 -0.168595 1.546817 -0.000000 0.000000 1.000000 0.250537 0.483985
-0.214400 0.148932 1.546817 -0.000000 0.000000 1.000000 0.305589 0.485178
-0.214400 0.186479 1.546817 -0.000000 0.000000 1.000000 0.312098 0.485178
-0.221281 0.186479 1.546817 -0.000000 0.000000 1.000000 0.312098 0.483985
-0.221281 0.148932 1.546817 -0.000000 0.000000 1.000000 0.305589 0.483985
-0.195825 0.186479 1.565392 -1.000000 0.000000 -0.000000 0.312098 0.489732
-0.195825 0.148932 1.565392 -1.000000 0.000000 -0.000000 0.305589 0.489732
-0.195825 0.148932 1.572273 -1.000000 0.000000 -0.000000 0.305589 0.490925
-0.195825 0.186479 1.572273 -1.000000 0.000000 -0.000000 0.312098 0.490925
-0.195825 -0.139554 1.565392 -1.000000 0.000000 -0.000000 0.255572 0.489732
-0.195825 -0.168595 1.565392 -1.000000 0.000000 -0.000000 0.250537 0.489732
-0.195825 -0.168595 1.572273 -1.000000 0.000000 -0.000000 0.250537 0.490925
-0.195825 -0.139554 1.572273 -1.000000 0.000000 -0.000000 0.255572 0.490925
0.662154 -0.139554 0.642126 0.000001 1.000000 0.000000 0.250000 0.250000
0.596751 -0.139554 0.735666 0.000001 1.000000 0.000000 0.279528 0.253034
0.615326 -0.139554 0.754242 0.000001 1.000000 0.000000 0.279528 0.257040
0.615326 -0.139554 0.761122 0.000001 1.000000 0.000000 0.280571 0.257782
0.601928 -0.139554 0.774520 0.000001 1.000000 0.000000 0.284634 0.257782
0.595047 -0.139554 0.774520 0.000001 1.000000 0.000000 0.285678 0.257040
0.576472 -0.139554 0.755945 0.000001 1.000000 0.000000 0.285678 0.253034
0.393963 -0.139554 0.938454 0.000001 1.000000 0.000000 0.341029 0.253034
0.412538 -0.139554 0.957029 0.000001 1.000000 0.000000 0.341029 0.257040
0.412538 -0.139554 0.963910 0.000001 1.000000 0.000000 0.342072 0.257782
0.399140 -0.139554 0.977308 0.000001 1.000000 0.000000 0.346135 0.257782
0.392259 -0.139554 0.977308 0.000001 1.000000 0.000000 0.347179 0.257040
0.373684 -0.139554 0.958733 0.000001 1.000000 0.000000 0.347179 0.253034
0.191176 -0.139554 1.141242 0.000001 1.000000 0.000000 0.402530 0.253034
0.209751 -0.139554 1.159817 0.000001 1.000000 0.000000 0.402530 0.257040
0.209750 -0.139554 1.166698 0.000001 1.000000 0.000000 0.403573 0.257782
0.196352 -0.139554 1.180096 0.000001 1.000000 0.000000 0.407636 0.257782
0.189472 -0.139554 1.180096 0.000001 1.000000 0.000000 0.408680 0.257040
0.099368 -0.139554 1.298336 0.000001 1.000000 0.000000 0.434847 0.260074
0.708867 -0.139554 0.688838 0.000001 1.000000 0.000000 0.250000 0.260074
0.191176 0.186479 1.141242 -0.707107 0.000000 0.707107 0.250359 0.494329
0.191176 0.148932 1.141242 -0.707107 0.000000 0.707107 0.256869 0.494329
0.209751 0.148932 1.159817 -0.707107 0.000000 0.707107 0.256869 0.489774
0.209751 0.186479 1.159817 -0.707107 0.000000 0.707107 0.250359 0.489774
0.191176 -0.139554 1.141242 -0.707107 0.000000 0.707107 0.306886 0.494329
0.191176 -0.168595 1.141242 -0.707107 0.000000 0.707107 0.311921 0.494329
0.209751 -0.168595 1.159817 -0.707107 0.000000 0.707107 0.311921 0.489774
0.209751 -0.139554 1.159817 -0.707107 0.000000 0.707107 0.306886 0.489774
0.392259 -0.168595 0.977308 -0.000000 0.000000 -1.000000 0.250537 0.495403
0.392259 -0.139554 0.977308 -0.000000 0.000000 -1.000000 0.255572 0.495403
0.399140 -0.139554 0.977308 -0.000000 0.000000 -1.000000 0.255572 0.494210
0.399140 -0.168595 0.977308 -0.000000 0.000000 -1.000000 0.250537 0.494210
0.392259 0.148932 0.977308 -0.000000 0.000000 -1.000000 0.305589 0.495403
0.392259 0.186479 0.977308 -0.000000 0.000000 -1.000000 0.312098 0.495403
0.399140 0.186479 0.977308 -0.000000 0.000000 -1.000000 0.312098 0.494210
0.399140 0.148932 0.977308 -0.000000 0.000000 -1.000000 0.305589 0.494210
0.412538 0.186479 0.957029 -1.000000 0.000000 -0.000000 0.312098 0.489732
0.412538 0.148932 0.957029 -1.000000 0.000000 -0.000000 0.305589 0.489732
0.412538 0.148932 0.963910 -1.000000 0.000000 -0.000000 0.305589 0.490925
0.412538 0.186479 0.963910 -1.000000 0.000000 -0.000000 0.312098 0.490925
0.412538 -0.139554 0.957029 -1.000000 0.000000 -0.000000 0.255572 0.489732
0.412538 -0.168595 0.957029 -1.000000 0.000000 -0.000000 0.250537 0.489732
0.412538 -0.168595 0.963910 -1.000000 0.000000 -0.000000 0.250537 0.490925
0.412538 -0.139554 0.963910 -1.000000 0.000000 -0.000000 0.255572 0.490925
0.006963 0.186479 1.369485 -0.707110 -0.000002 -0.707104 0.250317 0.488539
0.006963 0.148932 1.369485 -0.707110 -0.000002 -0.707104 0.256827 0.488539
-0.006435 0.148932 1.382883 -0.707110 -0.000002 -0.707104 0.256827 0.485254
-0.006435 0.186479 1.382883 -0.707110 -0.000002 -0.707104 0.250317 0.485254
0.006963 -0.139554 1.369485 -0.707107 0.000000 -0.707107 0.306844 0.488539
0.006963 -0.168595 1.369485 -0.707107 0.000000 -0.707107 0.311879 0.488539
-0.006435 -0.168595 1.382883 -0.707107 0.000000 -0.707107 0.311879 0.485254
-0.006435 -0.139554 1.382883 -0.707107 0.000000 -0.707107 0.306844 0.485254
0.576472 0.186479 0.755945 1.000000 0.000000 -0.000000 0.312098 0.479507
0.576472 0.148932 0.755945 1.000000 0.000000 -0.000000 0.305589 0.479507
0.576472 0.148932 0.749064 1.000000 0.000000 -0.000000 0.305589 0.480700
0.576472 0.186479 0.749064 1.000000 0.000000 -0.000000 0.312098 0.480700
0.576472 -0.139554 0.755945 1.000000 0.000000 -0.000000 0.255572 0.479507
0.576472 -0.168595 0.755945 1.000000 0.000000 -0.000000 0.250537 0.479507
0.576472 -0.168595 0.749064 1.000000 0.000000 -0.000000 0.250537 0.480700
0.576472 -0.139554 0.749064 1.000000 0.000000 -0.000000 0.255572 0.480700
-0.556842 -0.168595 1.871105 0.000000 -1.000000 0.000000 0.435044 0.424674
-0.437466 -0.168595 1.769884 0.000000 -1.000000 0.000000 0.407912 0.422280
-0.418891 -0.168595 1.788458 0.000000 -1.000000 0.000000 0.407912 0.417382
-0.412010 -0.168595 1.788458 0.000000 -1.000000 0.000000 0.406885 0.416474
-0.398612 -0.168595 1.775061 0.000000 -1.000000 0.000000 0.402883 0.416474
-0.398612 -0.168595 1.768180 0.000000 -1.000000 0.000000 0.401855 0.417382
-0.417187 -0.168595 1.749605 0.000000 -1.000000 0.000000 0.401855 0.422280
-0.234679 -0.168595 1.567096 0.000000 -1.000000 0.000000 0.347342 0.422280
-0.216104 -0.168595 1.585671 0.000000 -1.000000 0.000000 0.347342 0.417382
-0.209223 -0.168595 1.585671 0.000000 -1.000000 0.000000 0.346314 0.416474
-0.195825 -0.168595 1.572273 0.000000 -1.000000 0.000000 0.342312 0.416474
-0.195825 -0.168595 1.565392 0.000000 -1.000000 0.000000 0.341285 0.417382
-0.214400 -0.168595 1.546817 0.000000 -1.000000 0.000000 0.341285 0.422280
-0.031891 -0.168595 1.364308 0.000000 -1.000000 0.000000 0.286771 0.422280
-0.013316 -0.168595 1.382883 0.000000 -1.000000 0.000000 0.286771 0.417382
-0.006435 -0.168595 1.382883 0.000000 -1.000000 0.000000 0.285744 0.416474
0.006963 -0.168595 1.369485 0.000000 -1.000000 0.000000 0.281742 0.416474
0.006963 -0.168595 1.362604 0.000000 -1.000000 0.000000 0.280714 0.417382
0.092713 -0.168595 1.295009 0.000000 -1.000000 0.000000 0.251999 0.414988
-0.520113 -0.168595 1.907835 0.000000 -1.000000 0.000000 0.435044 0.414988
1.000623 -0.168595 0.368945 0.000004 0.000000 -1.000000 0.250537 0.495403
1.000623 -0.139554 0.368945 0.000004 0.000000 -1.000000 0.255572 0.495403
1.007503 -0.139554 0.368945 0.000004 0.000000 -1.000000 0.255572 0.494210
1.007503 -0.168595 0.368945 0.000004 0.000000 -1.000000 0.250537 0.494210
1.000623 0.148932 0.368945 0.000002 0.000001 -1.000000 0.305589 0.495403
1.000623 0.186479 0.368945 0.000002 0.000001 -1.000000 0.312098 0.495403
1.007503 0.186479 0.368945 0.000002 0.000001 -1.000000 0.312098 0.494210
1.007503 0.148932 0.368945 0.000002 0.000001 -1.000000 0.305589 0.494210
1.020901 0.186479 0.355547 -0.707106 0.000000 -0.707108 0.312098 0.490925
1.020901 0.148932 0.355547 -0.707106 0.000000 -0.707108 0.305589 0.490925
1.007503 0.148932 0.368945 -0.707106 0.000000 -0.707108 0.305589 0.494210
1.007503 0.186479 0.368945 -0.707106 0.000000 -0.707108 0.312098 0.494210
1.020901 -0.139554 0.355547 -0.707105 0.000000 -0.707108 0.255572 0.490925
1.020901 -0.168595 0.355547 -0.707105 0.000000 -0.707108 0.250537 0.490925
1.007503 -0.168595 0.368945 -0.707105 0.000000 -0.707108 0.250537 0.494210
1.007503 -0.139554 0.368945 -0.707105 0.000000 -0.707108 0.255572 0.494210
0.779260 -0.168595 0.553157 0.707107 0.000000 -0.707107 0.311879 0.479507
0.779260 -0.139554 0.553157 0.707107 0.000000 -0.707107 0.306844 0.479507
0.797835 -0.139554 0.571733 0.707107 0.000000 -0.707107 0.306844 0.484061
0.797835 -0.168595 0.571733 0.707107 0.000000 -0.707107 0.311879 0.484061
0.779260 0.148932 0.553157 0.707107 0.000000 -0.707107 0.256827 0.479507
0.779260 0.186479 0.553157 0.707107 0.000000 -0.707107 0.250317 0.479507
0.797835 0.186479 0.571733 0.707107 0.000000 -0.707107 0.250317 0.484061
0.797835 0.148932 0.571733 0.707107 0.000000 -0.707107 0.256827 0.484061
1.205114 0.148932 0.127303 -0.000000 -1.000000 0.000000 0.409686 0.401577
1.198233 0.148932 0.127303 -0.000000 -1.000000 0.000000 0.408767 0.400675
1.184835 0.148932 0.140701 -0.000000 -1.000000 0.000000 0.404720 0.400673
0.995445 0.148932 0.330091 -0.000000 -1.000000 0.000000 0.347497 0.400666
0.982047 0.148932 0.343489 -0.000000 -1.000000 0.000000 0.343448 0.400666
0.792658 0.148932 0.532879 -0.000000 -1.000000 0.000000 0.286221 0.400665
0.779260 0.148932 0.546277 -0.000000 -1.000000 0.000000 0.282172 0.400665
1.271652 0.148932 0.032628 -0.000000 -1.000000 0.000000 0.434591 0.397887
1.276644 0.148932 0.030560 -0.000000 -1.000000 0.000000 0.434837 0.398662
1.281636 0.148932 0.032628 -0.000000 -1.000000 0.000000 0.434837 0.399639
1.184835 0.186479 0.147582 1.000000 0.000000 -0.000000 0.312098 0.479507
1.184835 0.148932 0.147582 1.000000 0.000000 -0.000000 0.305589 0.479507
1.184835 0.148932 0.140701 1.000000 0.000000 -0.000000 0.305589 0.480700
1.184835 0.186479 0.140701 1.000000 0.000000 -0.000000 0.312098 0.480700
1.184835 -0.139554 0.147582 1.000000 0.000000 -0.000000 0.255572 0.479507
1.184835 -0.168595 0.147582 1.000000 0.000000 -0.000000 0.250537 0.479507
1.184835 -0.168595 0.140701 1.000000 0.000000 -0.000000 0.250537 0.480700
1.184835 -0.139554 0.140701 1.000000 0.000000 -0.000000 0.255572 0.480700
0.373684 0.186479 0.951852 0.707107 0.000000 0.707107 0.312098 0.480700
0.373684 0.148932 0.951852 0.707107 0.000000 0.707107 0.305589 0.480700
0.387082 0.148932 0.938454 0.707107 0.000000 0.707107 0.305589 0.483985
0.387082 0.186479 0.938454 0.707107 0.000000 0.707107 0.312098 0.483985
0.373684 -0.139554 0.951852 0.707107 0.000000 0.707107 0.255572 0.480700
0.373684 -0.168595 0.951852 0.707107 0.000000 0.707107 0.250537 0.480700
0.387082 -0.168595 0.938454 0.707107 0.000000 0.707107 0.250537 0.483985
0.387082 -0.139554 0.938454 0.707107 0.000000 0.707107 0.255572 0.483985
1.184835 0.186479 0.140701 0.707108 0.000000 0.707106 0.312098 0.480700
1.184835 0.148932 0.140701 0.707108 0.000000 0.707106 0.305589 0.480700
1.198233 0.148932 0.127303 0.707108 0.000000 0.707106 0.305589 0.483985
1.198233 0.186479 0.127303 0.707108 0.000000 0.707106 0.312098 0.483985
1.184835 -0.139554 0.140701 0.707108 0.000000 0.707106 0.255572 0.480700
1.184835 -0.168595 0.140701 0.707108 0.000000 0.707106 0.250537 0.480700
1.198233 -0.168595 0.127303 0.707108 0.000000 0.707106 0.250537 0.483985
1.198233 -0.139554 0.127303 0.707108 0.000000 0.707106 0.255572 0.483985
0.615326 -0.168595 0.754242 -0.000001 -1.000000 -0.000000 0.279899 0.270638
0.596751 -0.168595 0.735666 -0.000001 -1.000000 -0.000000 0.279899 0.274662
0.589870 -0.168595 0.735666 -0.000001 -1.000000 -0.000000 0.280936 0.275408
0.576472 -0.168595 0.749064 -0.000001 -1.000000 -0.000000 0.284978 0.275408
0.576472 -0.168595 0.755945 -0.000001 -1.000000 -0.000000 0.286015 0.274662
0.393963 -0.168595 0.938454 -0.000001 -1.000000 -0.000000 0.341066 0.274662
0.387082 -0.168595 0.938454 -0.000001 -1.000000 -0.000000 0.342103 0.275408
0.373684 -0.168595 0.951852 -0.000001 -1.000000 -0.000000 0.346145 0.275408
0.373684 -0.168595 0.958733 -0.000001 -1.000000 -0.000000 0.347182 0.274662
0.191176 -0.168595 1.141242 -0.000001 -1.000000 -0.000000 0.402233 0.274662
0.184295 -0.168595 1.141242 -0.000001 -1.000000 -0.000000 0.403270 0.275408
0.170897 -0.168595 1.154640 -0.000001 -1.000000 -0.000000 0.407312 0.275408
0.170897 -0.168595 1.161521 -0.000001 -1.000000 -0.000000 0.408349 0.274662
0.055984 -0.168595 1.258279 -0.000001 -1.000000 -0.000000 0.434847 0.276629
0.668810 -0.168595 0.645454 -0.000001 -1.000000 -0.000000 0.250000 0.276629
0.705539 -0.168595 0.682183 -0.000001 -1.000000 -0.000000 0.250000 0.268671
1.205114 -0.168595 0.127303 -0.000004 0.000000 1.000000 0.250537 0.485178
1.205114 -0.139554 0.127303 -0.000004 0.000000 1.000000 0.255572 0.485178
1.198233 -0.139554 0.127303 -0.000004 0.000000 1.000000 0.255572 0.483985
1.198233 -0.168595 0.127303 -0.000004 0.000000 1.000000 0.250537 0.483985
1.205114 0.148932 0.127303 -0.000004 0.000000 1.000000 0.305589 0.485178
1.205114 0.186479 0.127303 -0.000004 0.000000 1.000000 0.312098 0.485178
1.198233 0.186479 0.127303 -0.000004 0.000000 1.000000 0.312098 0.483985
1.198233 0.148932 0.127303 -0.000004 0.000000 1.000000 0.305589 0.483985
0.615326 0.186479 0.754242 -1.000000 0.000000 0.000009 0.312098 0.489732
0.615326 0.148932 0.754242 -1.000000 0.000000 0.000009 0.305589 0.489732
0.615326 0.148932 0.761122 -1.000000 0.000000 0.000009 0.305589 0.490925
0.615326 0.186479 0.761122 -1.000000 0.000000 0.000009 0.312098 0.490925
0.615326 -0.139554 0.754242 -1.000000 0.000000 0.000009 0.255572 0.489732
0.615326 -0.168595 0.754242 -1.000000 0.000000 0.000009 0.250537 0.489732
0.615326 -0.168595 0.761122 -1.000000 0.000000 0.000009 0.250537 0.490925
0.615326 -0.139554 0.761122 -1.000000 0.000000 0.000009 0.255572 0.490925
0.779260 0.186479 0.553157 1.000000 0.000000 -0.000000 0.250317 0.499958
0.779260 0.148932 0.553157 1.000000 0.000000 -0.000000 0.256827 0.499958
0.779260 0.148932 0.546277 1.000000 0.000000 -0.000000 0.256827 0.498765
0.779260 0.186479 0.546277 1.000000 0.000000 -0.000000 0.250317 0.498765
0.779260 -0.139554 0.553157 1.000000 0.000000 -0.000000 0.306844 0.499958
0.779260 -0.168595 0.553157 1.000000 0.000000 -0.000000 0.311879 0.499958
0.779260 -0.168595 0.546277 1.000000 0.000000 -0.000000 0.311879 0.498765
0.779260 -0.139554 0.546277 1.000000 0.000000 -0.000000 0.306844 0.498765
0.373684 -0.168595 0.958733 0.707107 0.000000 -0.707107 0.250537 0.499958
0.373684 -0.139554 0.958733 0.707107 0.000000 -0.707107 0.255572 0.499958
0.392259 -0.139554 0.977308 0.707107 0.000000 -0.707107 0.255572 0.495403
0.392259 -0.168595 0.977308 0.707107 0.000000 -0.707107 0.250537 0.495403
0.373684 0.148932 0.958733 0.707107 0.000000 -0.707107 0.305589 0.499958
0.373684 0.186479 0.958733 0.707107 0.000000 -0.707107 0.312098 0.499958
0.392259 0.186479 0.977308 0.707107 0.000000 -0.707107 0.312098 0.495403
0.392259 0.148932 0.977308 0.707107 0.000000 -0.707107 0.305589 0.495403
0.818114 0.186479 0.551454 -1.000000 0.000000 -0.000000 0.250317 0.489732
0.818114 0.148932 0.551454 -1.000000 0.000000 -0.000000 0.256827 0.489732
0.818114 0.148932 0.558335 -1.000000 0.000000 -0.000000 0.256827 0.488539
0.818114 0.186479 0.558335 -1.000000 0.000000 -0.000000 0.250317 0.488539
0.818114 -0.139554 0.551454 -1.000000 0.000000 -0.000000 0.306844 0.489732
0.818114 -0.168595 0.551454 -1.000000 0.000000 -0.000000 0.311879 0.489732
0.818114 -0.168595 0.558335 -1.000000 0.000000 -0.000000 0.311879 0.488539
0.818114 -0.139554 0.558335 -1.000000 0.000000 -0.000000 0.306844 0.488539
0.596751 0.186479 0.735666 -0.707107 0.000000 0.707107 0.312098 0.485178
0.596751 0.148932 0.735666 -0.707107 0.000000 0.707107 0.305589 0.485178
0.615326 0.148932 0.754242 -0.707107 0.000000 0.707107 0.305589 0.489732
0.615326 0.186479 0.754242 -0.707107 0.000000 0.707107 0.312098 0.489732
0.596751 -0.139554 0.735666 -0.707107 0.000000 0.707107 0.255572 0.485178
0.596751 -0.168595 0.735666 -0.707107 0.000000 0.707107 0.250537 0.485178
0.615326 -0.168595 0.754242 -0.707107 0.000000 0.707107 0.250537 0.489732
0.615326 -0.139554 0.754242 -0.707107 0.000000 0.707107 0.255572 0.489732
0.006963 0.186479 1.362604 -1.000000 0.000000 -0.000017 0.250317 0.489732
0.006963 0.148932 1.362604 -1.000000 0.000000 -0.000017 0.256827 0.489732
0.006963 0.148932 1.369485 -1.000000 0.000000 -0.000017 0.256827 0.488539
0.006963 0.186479 1.369485 -1.000000 0.000000 -0.000017 0.250317 0.488539
0.006963 -0.139554 1.362604 -1.000000 0.000000 -0.000017 0.306844 0.489732
0.006963 -0.168595 1.362604 -1.000000 0.000000 -0.000017 0.311879 0.489732
0.006963 -0.168595 1.369485 -1.000000 0.000000 -0.000017 0.311879 0.488539
0.006963 -0.139554 1.369485 -1.000000 0.000000 -0.000017 0.306844 0.488539
0.191176 -0.168595 1.141242 0.000017 0.000000 1.000000 0.311921 0.494329
0.191176 -0.139554 1.141242 0.000017 0.000000 1.000000 0.306886 0.494329
0.184295 -0.139554 1.141242 0.000017 0.000000 1.000000 0.306886 0.495522
0.184295 -0.168595 1.141242 0.000017 0.000000 1.000000 0.311921 0.495522
0.191176 0.148932 1.141242 0.000017 0.000000 1.000000 0.256869 0.494329
0.191176 0.186479 1.141242 0.000017 0.000000 1.000000 0.250359 0.494329
0.184295 0.186479 1.141242 0.000017 0.000000 1.000000 0.250359 0.495522
0.184295 0.148932 1.141242 0.000017 0.000000 1.000000 0.256869 0.495522
-0.437466 0.186479 1.763003 0.707107 0.000000 0.707107 0.250317 0.498765
-0.437466 0.148932 1.763003 0.707107 0.000000 0.707107 0.256827 0.498765
-0.424068 0.148932 1.749605 0.707107 0.000000 0.707107 0.256827 0.495480
-0.424068 0.186479 1.749605 0.707107 0.000000 0.707107 0.250317 0.495480
-0.437466 -0.139554 1.763003 0.707107 0.000000 0.707107 0.306844 0.498765
-0.437466 -0.168595 1.763003 0.707107 0.000000 0.707107 0.311879 0.498765
-0.424068 -0.168595 1.749605 0.707107 0.000000 0.707107 0.311879 0.495480
-0.424068 -0.139554 1.749605 0.707107 0.000000 0.707107 0.306844 0.495480
0.393963 0.186479 0.938454 -0.707107 0.000000 0.707106 0.312098 0.485178
0.393963 0.148932 0.938454 -0.707107 0.000000 0.707106 0.305589 0.485178
0.412538 0.148932 0.957029 -0.707107 0.000000 0.707106 0.305589 0.489732
0.412538 0.186479 0.957029 -0.707107 0.000000 0.707106 0.312098 0.489732
0.404599 0.186479 0.949090 -0.707107 0.000000 0.707106 0.312098 0.487785
0.393963 -0.139554 0.938454 -0.707107 0.000000 0.707107 0.255572 0.485178
0.393963 -0.168595 0.938454 -0.707107 0.000000 0.707107 0.250537 0.485178
0.412538 -0.168595 0.957029 -0.707107 0.000000 0.707107 0.250537 0.489732
0.412538 -0.139554 0.957029 -0.707107 0.000000 0.707107 0.255572 0.489732
0.797835 -0.168595 0.571733 -0.000000 0.000000 -1.000000 0.311879 0.484061
0.797835 -0.139554 0.571733 -0.000000 0.000000 -1.000000 0.306844 0.484061
0.804716 -0.139554 0.571733 -0.000000 0.000000 -1.000000 0.306844 0.485254
0.804716 -0.168595 0.571733 -0.000000 0.000000 -1.000000 0.311879 0.485254
0.797835 0.148932 0.571733 -0.000000 0.000000 -1.000000 0.256827 0.484061
0.797835 0.186479 0.571733 -0.000000 0.000000 -1.000000 0.250317 0.484061
0.804716 0.186479 0.571733 -0.000000 0.000000 -1.000000 0.250317 0.485254
0.804716 0.148932 0.571733 -0.000000 0.000000 -1.000000 0.256827 0.485254
1.281636 -0.139554 0.032628 0.000001 1.000000 0.000001 0.432584 0.354100
1.205114 -0.139554 0.127303 0.000001 1.000000 0.000001 0.405778 0.352172
1.223689 -0.139554 0.145878 0.000001 1.000000 0.000001 0.405122 0.347647
1.223689 -0.139554 0.152759 0.000001 1.000000 0.000001 0.403979 0.346812
1.210291 -0.139554 0.166157 0.000001 1.000000 0.000001 0.400043 0.346814
1.203410 -0.139554 0.166157 0.000001 1.000000 0.000001 0.399157 0.347651
1.184835 -0.139554 0.147582 0.000001 1.000000 0.000001 0.399788 0.352176
1.002326 -0.139554 0.330091 0.000001 1.000000 0.000001 0.346018 0.352183
1.020901 -0.139554 0.348666 0.000001 1.000000 0.000001 0.345614 0.347658
1.020901 -0.139554 0.355547 0.000001 1.000000 0.000001 0.344531 0.346821
1.007503 -0.139554 0.368945 0.000001 1.000000 0.000001 0.340605 0.346821
1.000623 -0.139554 0.368945 0.000001 1.000000 0.000001 0.339668 0.347659
0.982048 -0.139554 0.350370 0.000001 1.000000 0.000001 0.340047 0.352183
0.799539 -0.139554 0.532879 0.000001 1.000000 0.000001 0.286308 0.352184
0.818114 -0.139554 0.551454 0.000001 1.000000 0.000001 0.286157 0.347659
0.818114 -0.139554 0.558335 0.000001 1.000000 0.000001 0.285121 0.346821
0.804716 -0.139554 0.571733 0.000001 1.000000 0.000001 0.281196 0.346821
0.797835 -0.139554 0.571733 0.000001 1.000000 0.000001 0.280212 0.347659
0.708867 -0.139554 0.688838 0.000001 1.000000 0.000001 0.250000 0.344232
1.318365 -0.139554 0.079340 0.000001 1.000000 0.000001 0.428125 0.344232
1.320432 -0.139554 0.074349 0.000001 1.000000 0.000001 0.432584 0.344033
1.318365 -0.139554 0.069357 0.000001 1.000000 0.000001 0.432584 0.344876
0.595047 -0.168595 0.774520 -0.000000 0.000000 -1.000000 0.250537 0.495403
0.595047 -0.139554 0.774520 -0.000000 0.000000 -1.000000 0.255572 0.495403
0.601928 -0.139554 0.774520 -0.000000 0.000000 -1.000000 0.255572 0.494210
0.601928 -0.168595 0.774520 -0.000000 0.000000 -1.000000 0.250537 0.494210
0.595047 0.148932 0.774520 -0.000000 0.000000 -1.000000 0.305589 0.495403
0.595047 0.186479 0.774520 -0.000000 0.000000 -1.000000 0.312098 0.495403
0.601928 0.186479 0.774520 -0.000000 0.000000 -1.000000 0.312098 0.494210
0.601928 0.148932 0.774520 -0.000000 0.000000 -1.000000 0.305589 0.494210
0.982048 -0.168595 0.350370 0.707107 0.000000 -0.707107 0.250537 0.499958
0.982048 -0.139554 0.350370 0.707107 0.000000 -0.707107 0.255572 0.499958
1.000623 -0.139554 0.368945 0.707107 0.000000 -0.707107 0.255572 0.495403
1.000623 -0.168595 0.368945 0.707107 0.000000 -0.707107 0.250537 0.495403
0.982048 0.148932 0.350370 0.707107 0.000003 -0.707107 0.305589 0.499958
0.982047 0.186479 0.350370 0.707107 0.000003 -0.707107 0.312098 0.499958
1.000623 0.186479 0.368945 0.707107 0.000003 -0.707107 0.312098 0.495403
1.000623 0.148932 0.368945 0.707107 0.000003 -0.707107 0.305589 0.495403
-0.417187 -0.168595 1.749605 -0.000000 0.000000 1.000000 0.311879 0.494287
-0.417187 -0.139554 1.749605 -0.000000 0.000000 1.000000 0.306844 0.494287
-0.424068 -0.139554 1.749605 -0.000000 0.000000 1.000000 0.306844 0.495480
-0.424068 -0.168595 1.749605 -0.000000 0.000000 1.000000 0.311879 0.495480
-0.417187 0.148932 1.749605 -0.000000 0.000000 1.000000 0.256827 0.494287
-0.417187 0.186479 1.749605 -0.000000 0.000000 1.000000 0.250317 0.494287
-0.424068 0.186479 1.749605 -0.000000 0.000000 1.000000 0.250317 0.495480
-0.424068 0.148932 1.749605 -0.000000 0.000000 1.000000 0.256827 0.495480
-0.031891 0.186479 1.357427 0.707104 -0.000002 0.707110 0.250317 0.498765
-0.031891 0.148932 1.357427 0.707104 -0.000002 0.707110 0.256827 0.498765
-0.018493 0.148932 1.344030 0.707104 -0.000002 0.707110 0.256827 0.495480
-0.018493 0.186479 1.344030 0.707104 -0.000002 0.707110 0.250317 0.495480
-0.031891 -0.139554 1.357427 0.707107 0.000000 0.707107 0.306844 0.498765
-0.031891 -0.168595 1.357427 0.707107 0.000000 0.707107 0.311879 0.498765
-0.018493 -0.168595 1.344030 0.707107 0.000000 0.707107 0.311879 0.495480
-0.018493 -0.139554 1.344030 0.707107 0.000000 0.707107 0.306844 0.495480
-0.417187 0.186479 1.749605 -0.707107 0.000000 0.707107 0.250317 0.494287
-0.417187 0.148932 1.749605 -0.707107 0.000000 0.707107 0.256827 0.494287
-0.398612 0.148932 1.768180 -0.707107 0.000000 0.707107 0.256827 0.489732
-0.398612 0.186479 1.768180 -0.707107 0.000000 0.707107 0.250317 0.489732
-0.417187 -0.139554 1.749605 -0.707107 0.000000 0.707107 0.306844 0.494287
-0.417187 -0.168595 1.749605 -0.707107 0.000000 0.707107 0.311879 0.494287
-0.398612 -0.168595 1.768180 -0.707107 0.000000 0.707107 0.311879 0.489732
-0.398612 -0.139554 1.768180 -0.707107 0.000000 0.707107 0.306844 0.489732
-0.195825 0.186479 1.572273 -0.707107 0.000000 -0.707107 0.312098 0.490925
-0.195825 0.148932 1.572273 -0.707107 0.000000 -0.707107 0.305589 0.490925
-0.209223 0.148932 1.585671 -0.707107 0.000000 -0.707107 0.305589 0.494210
-0.209223 0.186479 1.585671 -0.707107 0.000000 -0.707107 0.312098 0.494210
-0.195825 -0.139554 1.572273 -0.707107 0.000000 -0.707107 0.255572 0.490925
-0.195825 -0.168595 1.572273 -0.707107 0.000000 -0.707107 0.250537 0.490925
-0.209223 -0.168595 1.585671 -0.707107 0.000000 -0.707107 0.250537 0.494210
-0.209223 -0.139554 1.585671 -0.707107 0.000000 -0.707107 0.255572 0.494210
-0.234679 0.186479 1.560215 0.707107 0.000000 0.707107 0.312098 0.480700
-0.234679 0.148932 1.560215 0.707107 0.000000 0.707107 0.305589 0.480700
-0.221281 0.148932 1.546817 0.707107 0.000000 0.707107 0.305589 0.483985
-0.221281 0.186479 1.546817 0.707107 0.000000 0.707107 0.312098 0.483985
-0.234679 -0.139554 1.560215 0.707107 0.000000 0.707107 0.255572 0.480700
-0.234679 -0.168595 1.560215 0.707107 0.000000 0.707107 0.250537 0.480700
-0.221281 -0.168595 1.546817 0.707107 0.000000 0.707107 0.250537 0.483985
-0.221281 -0.139554 1.546817 0.707107 0.000000 0.707107 0.255572 0.483985
0.818114 0.186479 0.558335 -0.707107 0.000000 -0.707107 0.250317 0.488539
0.818114 0.148932 0.558335 -0.707107 0.000000 -0.707107 0.256827 0.488539
0.804716 0.148932 0.571733 -0.707107 0.000000 -0.707107 0.256827 0.485254
0.804716 0.186479 0.571733 -0.707107 0.000000 -0.707107 0.250317 0.485254
0.818114 -0.139554 0.558335 -0.707107 0.000000 -0.707107 0.306844 0.488539
0.818114 -0.168595 0.558335 -0.707107 0.000000 -0.707107 0.311879 0.488539
0.804716 -0.168595 0.571733 -0.707107 0.000000 -0.707107 0.311879 0.485254
0.804716 -0.139554 0.571733 -0.707107 0.000000 -0.707107 0.306844 0.485254
0.209751 0.186479 1.159817 -1.000000 0.000000 -0.000017 0.250359 0.489774
0.209751 0.148932 1.159817 -1.000000 0.000000 -0.000017 0.256869 0.489774
0.209750 0.148932 1.166698 -1.000000 0.000000 -0.000017 0.256869 0.488581
0.209750 0.186479 1.166698 -1.000000 0.000000 -0.000017 0.250359 0.488581
0.209751 -0.139554 1.159817 -1.000000 0.000000 -0.000017 0.306886 0.489774
0.209751 -0.168595 1.159817 -1.000000 0.000000 -0.000017 0.311921 0.489774
0.209750 -0.168595 1.166698 -1.000000 0.000000 -0.000017 0.311921 0.488581
0.209750 -0.139554 1.166698 -1.000000 0.000000 -0.000017 0.306886 0.488581
0.576472 -0.168595 0.755945 0.707107 0.000000 -0.707107 0.250537 0.499958
0.576472 -0.139554 0.755945 0.707107 0.000000 -0.707107 0.255572 0.499958
0.595047 -0.139554 0.774520 0.707107 0.000000 -0.707107 0.255572 0.495403
0.595047 -0.168595 0.774520 0.707107 0.000000 -0.707107 0.250537 0.495403
0.576472 0.148932 0.755945 0.707107 0.000000 -0.707107 0.305589 0.499958
0.576472 0.186479 0.755945 0.707107 0.000000 -0.707107 0.312098 0.499958
0.595047 0.186479 0.774520 0.707107 0.000000 -0.707107 0.312098 0.495403
0.595047 0.148932 0.774520 0.707107 0.000000 -0.707107 0.305589 0.495403
-0.011612 0.186479 1.344029 -0.707107 0.000000 0.707107 0.250317 0.494287
-0.011612 0.148932 1.344029 -0.707107 0.000000 0.707107 0.256827 0.494287
0.006963 0.148932 1.362604 -0.707107 0.000000 0.707107 0.256827 0.489732
0.006963 0.186479 1.362604 -0.707107 0.000000 0.707107 0.250317 0.489732
-0.011612 -0.139554 1.344029 -0.707107 0.000000 0.707107 0.306844 0.494287
-0.011612 -0.168595 1.344029 -0.707107 0.000000 0.707107 0.311879 0.494287
0.006963 -0.168595 1.362604 -0.707107 0.000000 0.707107 0.311879 0.489732
0.006963 -0.139554 1.362604 -0.707107 0.000000 0.707107 0.306844 0.489732
-0.418891 -0.168595 1.788458 -0.000000 0.000000 -1.000000 0.311879 0.484061
-0.418891 -0.139554 1.788458 -0.000000 0.000000 -1.000000 0.306844 0.484061
-0.412010 -0.139554 1.788458 -0.000000 0.000000 -1.000000 0.306844 0.485254
-0.412010 -0.168595 1.788458 -0.000000 0.000000 -1.000000 0.311879 0.485254
-0.418891 0.148932 1.788458 -0.000000 0.000000 -1.000000 0.256827 0.484061
-0.418891 0.186479 1.788458 -0.000000 0.000000 -1.000000 0.250317 0.484061
-0.412010 0.186479 1.788458 -0.000000 0.000000 -1.000000 0.250317 0.485254
-0.412010 0.148932 1.788458 -0.000000 0.000000 -1.000000 0.256827 0.485254
-0.234679 -0.168595 1.567096 0.707107 0.000000 -0.707107 0.250537 0.499958
-0.234679 -0.139554 1.567096 0.707107 0.000000 -0.707107 0.255572 0.499958
-0.216104 -0.139554 1.585671 0.707107 0.000000 -0.707107 0.255572 0.495403
-0.216104 -0.168595 1.585671 0.707107 0.000000 -0.707107 0.250537 0.495403
-0.234679 0.148932 1.567096 0.707107 0.000000 -0.707107 0.305589 0.499958
-0.234679 0.186479 1.567096 0.707107 0.000000 -0.707107 0.312098 0.499958
-0.216104 0.186479 1.585671 0.707107 0.000000 -0.707107 0.312098 0.495403
-0.216104 0.148932 1.585671 0.707107 0.000000 -0.707107 0.305589 0.495403
0.779260 0.186479 0.546277 0.707108 0.000000 0.707105 0.250317 0.498765
0.779260 0.148932 0.546277 0.707108 0.000000 0.707105 0.256827 0.498765
0.792658 0.148932 0.532879 0.707108 0.000000 0.707105 0.256827 0.495480
0.792658 0.186479 0.532879 0.707108 0.000000 0.707105 0.250317 0.495480
0.779260 -0.139554 0.546277 0.707108 0.000000 0.707105 0.306844 0.498765
0.779260 -0.168595 0.546277 0.707108 0.000000 0.707105 0.311879 0.498765
0.792658 -0.168595 0.532879 0.707108 0.000000 0.707105 0.311879 0.495480
0.792658 -0.139554 0.532879 0.707108 0.000000 0.707105 0.306844 0.495480
-0.011612 -0.168595 1.344029 0.000017 0.000000 1.000000 0.311879 0.494287
-0.011612 -0.139554 1.344029 0.000017 0.000000 1.000000 0.306844 0.494287
-0.018493 -0.139554 1.344030 0.000017 0.000000 1.000000 0.306844 0.495480
-0.018493 -0.168595 1.344030 0.000017 0.000000 1.000000 0.311879 0.495480
-0.011612 0.148932 1.344029 0.000017 0.000000 1.000000 0.256827 0.494287
-0.011612 0.186479 1.344029 0.000017 0.000000 1.000000 0.250317 0.494287
-0.018493 0.186479 1.344030 0.000017 0.000000 1.000000 0.250317 0.495480
-0.018493 0.148932 1.344030 0.000017 0.000000 1.000000 0.256827 0.495480
0.799539 -0.168595 0.532879 -0.000000 0.000000 1.000000 0.311879 0.494287
0.799539 -0.139554 0.532879 -0.000000 0.000000 1.000000 0.306844 0.494287
0.792658 -0.139554 0.532879 -0.000000 0.000000 1.000000 0.306844 0.495480
0.792658 -0.168595 0.532879 -0.000000 0.000000 1.000000 0.311879 0.495480
0.799539 0.148932 0.532879 -0.000000 0.000000 1.000000 0.256827 0.494287
0.799539 0.186479 0.532879 -0.000000 0.000000 1.000000 0.250317 0.494287
0.792658 0.186479 0.532879 -0.000000 0.000000 1.000000 0.250317 0.495480
0.792658 0.148932 0.532879 -0.000000 0.000000 1.000000 0.256827 0.495480
0.170897 0.186479 1.154640 0.707104 0.000002 0.707110 0.250359 0.498807
0.170897 0.148932 1.154640 0.707104 0.000002 0.707110 0.256869 0.498807
0.184295 0.148932 1.141242 0.707104 0.000002 0.707110 0.256869 0.495522
0.184295 0.186479 1.141242 0.707104 0.000002 0.707110 0.250359 0.495522
0.170897 -0.139554 1.154640 0.707107 0.000000 0.707107 0.306886 0.498807
0.170897 -0.168595 1.154640 0.707107 0.000000 0.707107 0.311921 0.498807
0.184295 -0.168595 1.141242 0.707107 0.000000 0.707107 0.311921 0.495522
0.184295 -0.139554 1.141242 0.707107 0.000000 0.707107 0.306886 0.495522
0.615326 0.186479 0.761122 -0.707107 0.000000 -0.707107 0.312098 0.490925
0.615326 0.148932 0.761122 -0.707107 0.000000 -0.707107 0.305589 0.490925
0.601928 0.148932 0.774520 -0.707107 0.000000 -0.707107 0.305589 0.494210
0.601928 0.186479 0.774520 -0.707107 0.000000 -0.707107 0.312098 0.494210
0.615326 -0.139554 0.761122 -0.707107 0.000000 -0.707107 0.255572 0.490925
0.615326 -0.168595 0.761122 -0.707107 0.000000 -0.707107 0.250537 0.490925
0.601928 -0.168595 0.774520 -0.707107 0.000000 -0.707107 0.250537 0.494210
0.601928 -0.139554 0.774520 -0.707107 0.000000 -0.707107 0.255572 0.494210
0.170897 -0.168595 1.161521 0.707107 0.000000 -0.707107 0.311921 0.479549
0.170897 -0.139554 1.161521 0.707107 0.000000 -0.707107 0.306886 0.479549
0.189472 -0.139554 1.180096 0.707107 0.000000 -0.707107 0.306886 0.484103
0.189472 -0.168595 1.180096 0.707107 0.000000 -0.707107 0.311921 0.484103
0.170897 0.148932 1.161521 0.707107 0.000000 -0.707107 0.256869 0.479549
0.170897 0.186479 1.161521 0.707107 0.000000 -0.707107 0.250359 0.479549
0.189472 0.186479 1.180096 0.707107 0.000000 -0.707107 0.250359 0.484103
0.189472 0.148932 1.180096 0.707107 0.000000 -0.707107 0.256869 0.484103
1.002326 -0.168595 0.330091 -0.000004 0.000000 1.000000 0.250537 0.485178
1.002326 -0.139554 0.330091 -0.000004 0.000000 1.000000 0.255572 0.485178
0.995445 -0.139554 0.330091 -0.000004 0.000000 1.000000 0.255572 0.483985
0.995445 -0.168595 0.330091 -0.000004 0.000000 1.000000 0.250537 0.483985
1.002326 0.148932 0.330091 -0.000004 0.000000 1.000000 0.305589 0.485178
1.002326 0.186479 0.330091 -0.000004 0.000000 1.000000 0.312098 0.485178
0.995445 0.186479 0.330091 -0.000004 0.000000 1.000000 0.312098 0.483985
0.995445 0.148932 0.330091 -0.000004 0.000000 1.000000 0.305589 0.483985
-0.011612 0.148932 1.344029 0.000000 -1.000000 0.000000 0.278130 0.352162
-0.018493 0.148932 1.344030 0.000000 -1.000000 0.000000 0.279160 0.353121
-0.031891 0.148932 1.357427 0.000000 -1.000000 0.000000 0.283113 0.353121
-0.221281 0.148932 1.546817 0.000000 -1.000000 0.000000 0.338982 0.353122
-0.234679 0.148932 1.560215 0.000000 -1.000000 0.000000 0.342934 0.353122
-0.424068 0.148932 1.749605 0.000000 -1.000000 0.000000 0.398811 0.353131
-0.437466 0.148932 1.763003 0.000000 -1.000000 0.000000 0.402766 0.353134
-0.558910 0.148932 1.866114 0.000000 -1.000000 0.000000 0.431217 0.355440
-0.556842 0.148932 1.861122 0.000000 -1.000000 0.000000 0.430168 0.356080
0.052656 0.148932 1.251624 0.000000 -1.000000 0.000000 0.250000 0.356080
-0.216104 -0.168595 1.585671 -0.000000 0.000000 -1.000000 0.250537 0.495403
-0.216104 -0.139554 1.585671 -0.000000 0.000000 -1.000000 0.255572 0.495403
-0.209223 -0.139554 1.585671 -0.000000 0.000000 -1.000000 0.255572 0.494210
-0.209223 -0.168595 1.585671 -0.000000 0.000000 -1.000000 0.250537 0.494210
-0.216104 0.148932 1.585671 -0.000000 0.000000 -1.000000 0.305589 0.495403
-0.216104 0.186479 1.585671 -0.000000 0.000000 -1.000000 0.312098 0.495403
-0.209223 0.186479 1.585671 -0.000000 0.000000 -1.000000 0.312098 0.494210
-0.209223 0.148932 1.585671 -0.000000 0.000000 -1.000000 0.305589 0.494210
0.189472 -0.168595 1.180096 -0.000000 0.000000 -1.000000 0.311921 0.484103
0.189472 -0.139554 1.180096 -0.000000 0.000000 -1.000000 0.306886 0.484103
0.196352 -0.139554 1.180096 -0.000000 0.000000 -1.000000 0.306886 0.485296
0.196352 -0.168595 1.180096 -0.000000 0.000000 -1.000000 0.311921 0.485296
0.189472 0.148932 1.180096 -0.000000 0.000000 -1.000000 0.256869 0.484103
0.189472 0.186479 1.180096 -0.000000 0.000000 -1.000000 0.250359 0.484103
0.196353 0.186479 1.180096 -0.000000 0.000000 -1.000000 0.250359 0.485296
0.196352 0.148932 1.180096 -0.000000 0.000000 -1.000000 0.256869 0.485296
0.799539 0.186479 0.532879 -0.707108 0.000000 0.707106 0.250317 0.494287
0.799539 0.148932 0.532879 -0.707108 0.000000 0.707106 0.256827 0.494287
0.818114 0.148932 0.551454 -0.707108 0.000000 0.707106 0.256827 0.489732
0.818114 0.186479 0.551454 -0.707108 0.000000 0.707106 0.250317 0.489732
0.799539 -0.139554 0.532879 -0.707108 0.000000 0.707106 0.306844 0.494287
0.799539 -0.168595 0.532879 -0.707108 0.000000 0.707106 0.311879 0.494287
0.818114 -0.168595 0.551454 -0.707108 0.000000 0.707106 0.311879 0.489732
0.818114 -0.139554 0.551454 -0.707108 0.000000 0.707106 0.306844 0.489732
-0.031891 -0.168595 1.364308 0.707107 0.000000 -0.707107 0.311879 0.479507
-0.031891 -0.139554 1.364308 0.707107 0.000000 -0.707107 0.306844 0.479507
-0.013316 -0.139554 1.382883 0.707107 0.000000 -0.707107 0.306844 0.484061
-0.013316 -0.168595 1.382883 0.707107 0.000000 -0.707107 0.311879 0.484061
-0.031891 0.148932 1.364308 0.707107 0.000000 -0.707107 0.256827 0.479507
-0.031891 0.186479 1.364308 0.707107 0.000000 -0.707107 0.250317 0.479507
-0.013316 0.186479 1.382883 0.707107 0.000000 -0.707107 0.250317 0.484061
-0.013316 0.148932 1.382883 0.707107 0.000000 -0.707107 0.256827 0.484061
1.223689 0.186479 0.152759 -0.707108 0.000000 -0.707106 0.312098 0.490925
1.223689 0.148932 0.152759 -0.707108 0.000000 -0.707106 0.305589 0.490925
1.210291 0.148932 0.166157 -0.707108 0.000000 -0.707106 0.305589 0.494210
1.210291 0.186479 0.166157 -0.707108 0.000000 -0.707106 0.312098 0.494210
1.223689 -0.139554 0.152759 -0.707108 0.000000 -0.707106 0.255572 0.490925
1.223689 -0.168595 0.152759 -0.707108 0.000000 -0.707106 0.250537 0.490925
1.210291 -0.168595 0.166157 -0.707108 0.000000 -0.707106 0.250537 0.494210
1.210291 -0.139554 0.166157 -0.707108 0.000000 -0.707106 0.255572 0.494210
0.209750 0.186479 1.166698 -0.707110 0.000002 -0.707104 0.250359 0.488581
0.209750 0.148932 1.166698 -0.707110 0.000002 -0.707104 0.256869 0.488581
0.196352 0.148932 1.180096 -0.707110 0.000002 -0.707104 0.256869 0.485296
0.196353 0.186479 1.180096 -0.707110 0.000002 -0.707104 0.250359 0.485296
0.209750 -0.139554 1.166698 -0.707107 0.000000 -0.707107 0.306886 0.488581
0.209750 -0.168595 1.166698 -0.707107 0.000000 -0.707107 0.311921 0.488581
0.196352 -0.168595 1.180096 -0.707107 0.000000 -0.707107 0.311921 0.485296
0.196352 -0.139554 1.180096 -0.707107 0.000000 -0.707107 0.306886 0.485296
0.373684 0.186479 0.958733 1.000000 0.000000 -0.000000 0.312098 0.479507
0.373684 0.148932 0.958733 1.000000 0.000000 -0.000000 0.305589 0.479507
0.373684 0.148932 0.951852 1.000000 0.000000 -0.000000 0.305589 0.480700
0.373684 0.186479 0.951852 1.000000 0.000000 -0.000000 0.312098 0.480700
0.373684 -0.139554 0.958733 1.000000 0.000000 -0.000000 0.255572 0.479507
0.373684 -0.168595 0.958733 1.000000 0.000000 -0.000000 0.250537 0.479507
0.373684 -0.168595 0.951852 1.000000 0.000000 -0.000000 0.250537 0.480700
0.373684 -0.139554 0.951852 1.000000 0.000000 -0.000000 0.255572 0.480700
0.576472 0.186479 0.749064 0.707107 0.000000 0.707107 0.312098 0.480700
0.576472 0.148932 0.749064 0.707107 0.000000 0.707107 0.305589 0.480700
0.589870 0.148932 0.735666 0.707107 0.000000 0.707107 0.305589 0.483985
0.589870 0.186479 0.735666 0.707107 0.000000 0.707107 0.312098 0.483985
0.576472 -0.139554 0.749064 0.707107 0.000000 0.707107 0.255572 0.480700
0.576472 -0.168595 0.749064 0.707107 0.000000 0.707107 0.250537 0.480700
0.589870 -0.168595 0.735666 0.707107 0.000000 0.707107 0.250537 0.483985
0.589870 -0.139554 0.735666 0.707107 0.000000 0.707107 0.255572 0.483985
0.797835 0.186479 0.571733 0.000001 1.000000 0.000000 0.280576 0.418213
0.779260 0.186479 0.553157 0.000001 1.000000 0.000000 0.280576 0.422710
0.779260 0.186479 0.546277 0.000001 1.000000 0.000000 0.281613 0.423542
0.792658 0.186479 0.532879 0.000001 1.000000 0.000000 0.285654 0.423542
0.799539 0.186479 0.532879 0.000001 1.000000 0.000000 0.286692 0.422710
0.982047 0.186479 0.350370 0.000001 1.000000 0.000000 0.341739 0.422710
0.982047 0.186479 0.343489 0.000001 1.000000 0.000000 0.342777 0.423542
0.995445 0.186479 0.330091 0.000001 1.000000 0.000000 0.346818 0.423542
1.002326 0.186479 0.330091 0.000001 1.000000 0.000000 0.347856 0.422710
1.184835 0.186479 0.147582 0.000001 1.000000 0.000000 0.402903 0.422710
1.184835 0.186479 0.140701 0.000001 1.000000 0.000000 0.403941 0.423542
1.198233 0.186479 0.127303 0.000001 1.000000 0.000000 0.407982 0.423542
1.205114 0.186479 0.127303 0.000001 1.000000 0.000000 0.409019 0.422710
1.281636 0.186479 0.032628 0.000001 1.000000 0.000000 0.434837 0.424907
0.668810 0.186479 0.645454 0.000001 1.000000 0.000000 0.250000 0.424907
0.705539 0.186479 0.682183 0.000001 1.000000 0.000000 0.250000 0.416016
0.596751 -0.168595 0.735666 -0.000009 0.000000 1.000000 0.250537 0.485178
0.596751 -0.139554 0.735666 -0.000009 0.000000 1.000000 0.255572 0.485178
0.589870 -0.139554 0.735666 -0.000009 0.000000 1.000000 0.255572 0.483985
0.589870 -0.168595 0.735666 -0.000009 0.000000 1.000000 0.250537 0.483985
0.596751 0.148932 0.735666 -0.000009 0.000000 1.000000 0.305589 0.485178
0.596751 0.186479 0.735666 -0.000009 0.000000 1.000000 0.312098 0.485178
0.589870 0.186479 0.735666 -0.000009 0.000000 1.000000 0.312098 0.483985
0.589870 0.148932 0.735666 -0.000009 0.000000 1.000000 0.305589 0.483985
1.205114 0.186479 0.127303 -0.707107 0.000000 0.707107 0.312098 0.485178
1.205114 0.148932 0.127303 -0.707107 0.000000 0.707107 0.305589 0.485178
1.223689 0.148932 0.145878 -0.707107 0.000000 0.707107 0.305589 0.489732
1.223689 0.186479 0.145878 -0.707107 0.000000 0.707107 0.312098 0.489732
1.205114 -0.139554 0.127303 -0.707106 0.000000 0.707107 0.255572 0.485178
1.205114 -0.168595 0.127303 -0.707106 0.000000 0.707107 0.250537 0.485178
1.223689 -0.168595 0.145878 -0.707106 0.000000 0.707107 0.250537 0.489732
1.223689 -0.139554 0.145878 -0.707106 0.000000 0.707107 0.255572 0.489732
-0.398612 0.164518 1.775061 0.707107 0.000000 0.707107 0.250000 0.488539
-0.412010 0.164518 1.788458 0.707107 0.000000 0.707107 0.250000 0.485254
-0.412010 -0.147900 1.788458 0.707107 0.000000 0.707107 0.312416 0.485254
-0.398612 -0.147900 1.775061 0.707107 0.000000 0.707107 0.312416 0.488539
-0.437466 0.164518 1.763003 -0.707107 0.000000 -0.707107 0.250000 0.498765
-0.424068 0.164518 1.749605 -0.707107 0.000000 -0.707107 0.250000 0.495480
-0.424068 -0.147900 1.749605 -0.707107 0.000000 -0.707107 0.312416 0.495480
-0.437466 -0.147900 1.763003 -0.707107 0.000000 -0.707107 0.312416 0.498765
-0.424068 -0.147900 1.749605 0.000000 -1.000000 0.000000 0.451400 0.309319
-0.417187 -0.147900 1.749605 0.000000 -1.000000 0.000000 0.449712 0.311006
-0.398612 -0.147900 1.768180 0.000000 -1.000000 0.000000 0.440603 0.311006
-0.398612 -0.147900 1.775061 0.000000 -1.000000 0.000000 0.438916 0.309319
-0.412010 -0.147900 1.788458 0.000000 -1.000000 0.000000 0.438916 0.302748
-0.418891 -0.147900 1.788458 0.000000 -1.000000 0.000000 0.440603 0.301061
-0.437466 -0.147900 1.769884 0.000000 -1.000000 0.000000 0.449712 0.301061
-0.437466 -0.147900 1.763003 0.000000 -1.000000 0.000000 0.451400 0.302748
-0.437466 -0.147900 1.769884 -0.707107 0.000000 0.707107 0.312416 0.479507
-0.418891 -0.147900 1.788458 -0.707107 0.000000 0.707107 0.312416 0.484061
-0.418891 0.164518 1.788458 -0.707107 0.000000 0.707107 0.250000 0.484061
-0.437466 0.164518 1.769884 -0.707107 0.000000 0.707107 0.250000 0.479507
-0.417187 0.164518 1.749605 0.707107 0.000000 -0.707107 0.250000 0.494287
-0.398612 0.164518 1.768180 0.707107 0.000000 -0.707107 0.250000 0.489732
-0.398612 -0.147900 1.768180 0.707107 0.000000 -0.707107 0.312416 0.489732
-0.417187 -0.147900 1.749605 0.707107 0.000000 -0.707107 0.312416 0.494287
-0.398612 0.164518 1.775061 1.000000 0.000000 -0.000000 0.250000 0.488539
-0.398612 -0.147900 1.775061 1.000000 0.000000 -0.000000 0.312416 0.488539
-0.398612 -0.147900 1.768180 1.000000 0.000000 -0.000000 0.312416 0.489732
-0.398612 0.164518 1.768180 1.000000 0.000000 -0.000000 0.250000 0.489732
-0.424068 -0.147900 1.749605 -0.000000 0.000000 -1.000000 0.312416 0.495480
-0.424068 0.164518 1.749605 -0.000000 0.000000 -1.000000 0.250000 0.495480
-0.417187 0.164518 1.749605 -0.000000 0.000000 -1.000000 0.250000 0.494287
-0.417187 -0.147900 1.749605 -0.000000 0.000000 -1.000000 0.312416 0.494287
-0.437466 0.164518 1.763003 -1.000000 0.000000 -0.000000 0.250000 0.498765
-0.437466 -0.147900 1.763003 -1.000000 0.000000 -0.000000 0.312416 0.498765
-0.437466 -0.147900 1.769884 -1.000000 0.000000 -0.000000 0.312416 0.499958
-0.437466 0.164518 1.769884 -1.000000 0.000000 -0.000000 0.250000 0.499958
-0.412010 -0.147900 1.788458 -0.000000 0.000000 1.000000 0.312416 0.485254
-0.412010 0.164518 1.788458 -0.000000 0.000000 1.000000 0.250000 0.485254
-0.418891 0.164518 1.788458 -0.000000 0.000000 1.000000 0.250000 0.484061
-0.418891 -0.147900 1.788458 -0.000000 0.000000 1.000000 0.312416 0.484061
-0.437466 0.164518 1.763003 0.000000 1.000000 -0.000000 0.438916 0.302748
-0.437466 0.164518 1.769884 0.000000 1.000000 -0.000000 0.440603 0.301061
-0.418891 0.164518 1.788458 0.000000 1.000000 -0.000000 0.449712 0.301061
-0.412010 0.164518 1.788458 0.000000 1.000000 -0.000000 0.451400 0.302748
-0.398612 0.164518 1.775061 0.000000 1.000000 -0.000000 0.451400 0.309319
-0.398612 0.164518 1.768180 0.000000 1.000000 -0.000000 0.449712 0.311006
-0.417187 0.164518 1.749605 0.000000 1.000000 -0.000000 0.440603 0.311006
-0.424068 0.164518 1.749605 0.000000 1.000000 -0.000000 0.438916 0.309319
-0.195825 0.164518 1.572273 0.707107 0.000000 0.707107 0.312416 0.490925
-0.209223 0.164518 1.585671 0.707107 0.000000 0.707107 0.312416 0.494210
-0.209223 -0.147900 1.585671 0.707107 0.000000 0.707107 0.250000 0.494210
-0.195825 -0.147900 1.572273 0.707107 0.000000 0.707107 0.250000 0.490925
-0.234679 0.164518 1.560215 -0.707107 0.000000 -0.707107 0.312416 0.480700
-0.221281 0.164518 1.546817 -0.707107 0.000000 -0.707107 0.312416 0.483985
-0.221281 -0.147900 1.546817 -0.707107 0.000000 -0.707107 0.250000 0.483985
-0.234679 -0.147900 1.560215 -0.707107 0.000000 -0.707107 0.250000 0.480700
-0.221281 -0.147900 1.546817 0.000000 -1.000000 0.000000 0.451400 0.309319
-0.214400 -0.147900 1.546817 0.000000 -1.000000 0.000000 0.449712 0.311006
-0.195825 -0.147900 1.565392 0.000000 -1.000000 0.000000 0.440603 0.311006
-0.195825 -0.147900 1.572273 0.000000 -1.000000 0.000000 0.438916 0.309319
-0.209223 -0.147900 1.585671 0.000000 -1.000000 0.000000 0.438916 0.302748
-0.216104 -0.147900 1.585671 0.000000 -1.000000 0.000000 0.440603 0.301061
-0.234679 -0.147900 1.567096 0.000000 -1.000000 0.000000 0.449712 0.301061
-0.234679 -0.147900 1.560215 0.000000 -1.000000 0.000000 0.451400 0.302748
-0.234679 -0.147900 1.567096 -0.707107 0.000000 0.707107 0.250000 0.499958
-0.216104 -0.147900 1.585671 -0.707107 0.000000 0.707107 0.250000 0.495403
-0.216104 0.164518 1.585671 -0.707107 0.000000 0.707107 0.312416 0.495403
-0.234679 0.164518 1.567096 -0.707107 0.000000 0.707107 0.312416 0.499958
-0.214400 0.164518 1.546817 0.707107 0.000000 -0.707107 0.312416 0.485178
-0.195825 0.164518 1.565392 0.707107 0.000000 -0.707107 0.312416 0.489732
-0.195825 -0.147900 1.565392 0.707107 0.000000 -0.707107 0.250000 0.489732
-0.214400 -0.147900 1.546817 0.707107 0.000000 -0.707107 0.250000 0.485178
-0.195825 0.164518 1.572273 1.000000 0.000000 -0.000000 0.312416 0.490925
-0.195825 -0.147900 1.572273 1.000000 0.000000 -0.000000 0.250000 0.490925
-0.195825 -0.147900 1.565392 1.000000 0.000000 -0.000000 0.250000 0.489732
-0.195825 0.164518 1.565392 1.000000 0.000000 -0.000000 0.312416 0.489732
-0.221281 -0.147900 1.546817 -0.000000 0.000000 -1.000000 0.250000 0.483985
-0.221281 0.164518 1.546817 -0.000000 0.000000 -1.000000 0.312416 0.483985
-0.214400 0.164518 1.546817 -0.000000 0.000000 -1.000000 0.312416 0.485178
-0.214400 -0.147900 1.546817 -0.000000 0.000000 -1.000000 0.250000 0.485178
-0.234679 0.164518 1.560215 -1.000000 0.000000 -0.000000 0.312416 0.480700
-0.234679 -0.147900 1.560215 -1.000000 0.000000 -0.000000 0.250000 0.480700
-0.234679 -0.147900 1.567096 -1.000000 0.000000 -0.000000 0.250000 0.479507
-0.234679 0.164518 1.567096 -1.000000 0.000000 -0.000000 0.312416 0.479507
-0.209223 -0.147900 1.585671 -0.000000 0.000000 1.000000 0.250000 0.494210
-0.209223 0.164518 1.585671 -0.000000 0.000000 1.000000 0.312416 0.494210
-0.216104 0.164518 1.585671 -0.000000 0.000000 1.000000 0.312416 0.495403
-0.216104 -0.147900 1.585671 -0.000000 0.000000 1.000000 0.250000 0.495403
-0.234679 0.164518 1.560215 0.000000 1.000000 -0.000000 0.451558 0.354019
-0.234679 0.164518 1.567096 0.000000 1.000000 -0.000000 0.453245 0.355706
-0.216104 0.164518 1.585671 0.000000 1.000000 -0.000000 0.453245 0.364815
-0.209223 0.164518 1.585671 0.000000 1.000000 -0.000000 0.451558 0.366503
-0.195825 0.164518 1.572273 0.000000 1.000000 -0.000000 0.444988 0.366503
-0.195825 0.164518 1.565392 0.000000 1.000000 -0.000000 0.443301 0.364815
-0.214400 0.164518 1.546817 0.000000 1.000000 -0.000000 0.443301 0.355706
-0.221281 0.164518 1.546817 0.000000 1.000000 -0.000000 0.444988 0.354019
0.006963 0.164518 1.369485 0.707107 0.000000 0.707107 0.250000 0.488539
-0.006435 0.164518 1.382883 0.707107 0.000000 0.707107 0.250000 0.485254
-0.006435 -0.147900 1.382883 0.707107 0.000000 0.707107 0.312416 0.485254
0.006963 -0.147900 1.369485 0.707107 0.000000 0.707107 0.312416 0.488539
-0.031891 0.164518 1.357427 -0.707107 0.000000 -0.707107 0.250000 0.498765
-0.018493 0.164518 1.344030 -0.707107 0.000000 -0.707107 0.250000 0.495480
-0.018493 -0.147900 1.344030 -0.707107 0.000000 -0.707107 0.312416 0.495480
-0.031891 -0.147900 1.357427 -0.707107 0.000000 -0.707107 0.312416 0.498765
-0.018493 -0.147900 1.344030 0.000000 -1.000000 -0.000000 0.451400 0.309319
-0.011612 -0.147900 1.344029 0.000000 -1.000000 -0.000000 0.449712 0.311006
0.006963 -0.147900 1.362604 0.000000 -1.000000 -0.000000 0.440603 0.311006
0.006963 -0.147900 1.369485 0.000000 -1.000000 -0.000000 0.438916 0.309319
-0.006435 -0.147900 1.382883 0.000000 -1.000000 -0.000000 0.438916 0.302748
-0.013316 -0.147900 1.382883 0.000000 -1.000000 -0.000000 0.440603 0.301061
-0.031891 -0.147900 1.364308 0.000000 -1.000000 -0.000000 0.449712 0.301061
-0.031891 -0.147900 1.357427 0.000000 -1.000000 -0.000000 0.451400 0.302748
-0.031891 -0.147900 1.364308 -0.707107 0.000000 0.707107 0.312416 0.479507
-0.013316 -0.147900 1.382883 -0.707107 0.000000 0.707107 0.312416 0.484061
-0.013316 0.164518 1.382883 -0.707107 0.000000 0.707107 0.250000 0.484061
-0.031891 0.164518 1.364308 -0.707107 0.000000 0.707107 0.250000 0.479507
-0.011612 0.164518 1.344029 0.707107 0.000000 -0.707107 0.250000 0.494287
0.006963 0.164518 1.362604 0.707107 0.000000 -0.707107 0.250000 0.489732
0.006963 -0.147900 1.362604 0.707107 0.000000 -0.707107 0.312416 0.489732
-0.011612 -0.147900 1.344029 0.707107 0.000000 -0.707107 0.312416 0.494287
0.006963 0.164518 1.369485 1.000000 0.000000 0.000017 0.250000 0.488539
0.006963 -0.147900 1.369485 1.000000 0.000000 0.000017 0.312416 0.488539
0.006963 -0.147900 1.362604 1.000000 0.000000 0.000017 0.312416 0.489732
0.006963 0.164518 1.362604 1.000000 0.000000 0.000017 0.250000 0.489732
-0.018493 -0.147900 1.344030 -0.000017 0.000000 -1.000000 0.312416 0.495480
-0.018493 0.164518 1.344030 -0.000017 0.000000 -1.000000 0.250000 0.495480
-0.011612 0.164518 1.344029 -0.000017 0.000000 -1.000000 0.250000 0.494287
-0.011612 -0.147900 1.344029 -0.000017 0.000000 -1.000000 0.312416 0.494287
-0.031891 0.164518 1.357427 -1.000000 0.000000 -0.000017 0.250000 0.498765
-0.031891 -0.147900 1.357427 -1.000000 0.000000 -0.000017 0.312416 0.498765
-0.031891 -0.147900 1.364308 -1.000000 0.000000 -0.000017 0.312416 0.499958
-0.031891 0.164518 1.364308 -1.000000 0.000000 -0.000017 0.250000 0.499958
-0.006435 -0.147900 1.382883 0.000017 0.000000 1.000000 0.312416 0.485254
-0.006435 0.164518 1.382883 0.000017 0.000000 1.000000 0.250000 0.485254
-0.013316 0.164518 1.382883 0.000017 0.000000 1.000000 0.250000 0.484061
-0.013316 -0.147900 1.382883 0.000017 0.000000 1.000000 0.312416 0.484061
-0.031891 0.164518 1.357427 0.000000 1.000000 -0.000000 0.451558 0.354019
-0.031891 0.164518 1.364308 0.000000 1.000000 -0.000000 0.453245 0.355706
-0.013316 0.164518 1.382883 0.000000 1.000000 -0.000000 0.453245 0.364815
-0.006435 0.164518 1.382883 0.000000 1.000000 -0.000000 0.451558 0.366503
0.006963 0.164518 1.369485 0.000000 1.000000 -0.000000 0.444988 0.366503
0.006963 0.164518 1.362604 0.000000 1.000000 -0.000000 0.443301 0.364815
-0.011612 0.164518 1.344029 0.000000 1.000000 -0.000000 0.443301 0.355706
-0.018493 0.164518 1.344030 0.000000 1.000000 -0.000000 0.444988 0.354019
0.209750 0.164518 1.166698 0.707107 0.000000 0.707107 0.250042 0.488581
0.196352 0.164518 1.180096 0.707107 0.000000 0.707107 0.250042 0.485296
0.196352 -0.147900 1.180096 0.707107 0.000000 0.707107 0.312458 0.485296
0.209750 -0.147900 1.166698 0.707107 0.000000 0.707107 0.312458 0.488581
0.170897 0.164518 1.154640 -0.707107 0.000000 -0.707107 0.250042 0.498807
0.184295 0.164518 1.141242 -0.707107 0.000000 -0.707107 0.250042 0.495522
0.184295 -0.147900 1.141242 -0.707107 0.000000 -0.707107 0.312458 0.495522
0.170897 -0.147900 1.154640 -0.707107 0.000000 -0.707107 0.312458 0.498807
0.184295 -0.147900 1.141242 0.000000 -1.000000 0.000000 0.451400 0.309319
0.191176 -0.147900 1.141242 0.000000 -1.000000 0.000000 0.449712 0.311006
0.209751 -0.147900 1.159817 0.000000 -1.000000 0.000000 0.440603 0.311006
0.209750 -0.147900 1.166698 0.000000 -1.000000 0.000000 0.438916 0.309319
0.196352 -0.147900 1.180096 0.000000 -1.000000 0.000000 0.438916 0.302748
0.189472 -0.147900 1.180096 0.000000 -1.000000 0.000000 0.440603 0.301061
0.170897 -0.147900 1.161521 0.000000 -1.000000 0.000000 0.449712 0.301061
0.170897 -0.147900 1.154640 0.000000 -1.000000 0.000000 0.451400 0.302748
0.170897 -0.147900 1.161521 -0.707107 0.000000 0.707107 0.312458 0.479549
0.189472 -0.147900 1.180096 -0.707107 0.000000 0.707107 0.312458 0.484103
0.189472 0.164518 1.180096 -0.707107 0.000000 0.707107 0.250042 0.484103
0.170897 0.164518 1.161521 -0.707107 0.000000 0.707107 0.250042 0.479549
0.191176 0.164518 1.141242 0.707107 0.000000 -0.707107 0.250042 0.494329
0.209751 0.164518 1.159817 0.707107 0.000000 -0.707107 0.250042 0.489774
0.209751 -0.147900 1.159817 0.707107 0.000000 -0.707107 0.312458 0.489774
0.191176 -0.147900 1.141242 0.707107 0.000000 -0.707107 0.312458 0.494329
0.209750 0.164518 1.166698 1.000000 0.000000 0.000017 0.250042 0.488581
0.209750 -0.147900 1.166698 1.000000 0.000000 0.000017 0.312458 0.488581
0.209751 -0.147900 1.159817 1.000000 0.000000 0.000017 0.312458 0.489774
0.209751 0.164518 1.159817 1.000000 0.000000 0.000017 0.250042 0.489774
0.184295 -0.147900 1.141242 -0.000017 0.000000 -1.000000 0.312458 0.495522
0.184295 0.164518 1.141242 -0.000017 0.000000 -1.000000 0.250042 0.495522
0.191176 0.164518 1.141242 -0.000017 0.000000 -1.000000 0.250042 0.494329
0.191176 -0.147900 1.141242 -0.000017 0.000000 -1.000000 0.312458 0.494329
0.170897 0.164518 1.154640 -1.000000 0.000000 -0.000000 0.250042 0.498807
0.170897 -0.147900 1.154640 -1.000000 0.000000 -0.000000 0.312458 0.498807
0.170897 -0.147900 1.161521 -1.000000 0.000000 -0.000000 0.312458 0.500000
0.170897 0.164518 1.161521 -1.000000 0.000000 -0.000000 0.250042 0.500000
0.196352 -0.147900 1.180096 -0.000000 0.000000 1.000000 0.312458 0.485296
0.196352 0.164518 1.180096 -0.000000 0.000000 1.000000 0.250042 0.485296
0.189472 0.164518 1.180096 -0.000000 0.000000 1.000000 0.250042 0.484103
0.189472 -0.147900 1.180096 -0.000000 0.000000 1.000000 0.312458 0.484103
0.170897 0.164518 1.154640 0.000000 1.000000 -0.000000 0.438916 0.302748
0.170897 0.164518 1.161521 0.000000 1.000000 -0.000000 0.440603 0.301061
0.189472 0.164518 1.180096 0.000000 1.000000 -0.000000 0.449712 0.301061
0.196352 0.164518 1.180096 0.000000 1.000000 -0.000000 0.451400 0.302748
0.209750 0.164518 1.166698 0.000000 1.000000 -0.000000 0.451400 0.309319
0.209751 0.164518 1.159817 0.000000 1.000000 -0.000000 0.449712 0.311006
0.191176 0.164518 1.141242 0.000000 1.000000 -0.000000 0.440603 0.311006
0.184295 0.164518 1.141242 0.000000 1.000000 -0.000000 0.438916 0.309319
0.412538 0.164518 0.963910 0.707107 0.000000 0.707107 0.312416 0.490925
0.399140 0.164518 0.977308 0.707107 0.000000 0.707107 0.312416 0.494210
0.399140 -0.147900 0.977308 0.707107 0.000000 0.707107 0.250000 0.494210
0.412538 -0.147900 0.963910 0.707107 0.000000 0.707107 0.250000 0.490925
0.373684 0.164518 0.951852 -0.707107 0.000000 -0.707107 0.312416 0.480700
0.387082 0.164518 0.938454 -0.707107 0.000000 -0.707107 0.312416 0.483985
0.387082 -0.147900 0.938454 -0.707107 0.000000 -0.707107 0.250000 0.483985
0.373684 -0.147900 0.951852 -0.707107 0.000000 -0.707107 0.250000 0.480700
0.387082 -0.147900 0.938454 0.000000 -1.000000 -0.000000 0.451400 0.309319
0.393963 -0.147900 0.938454 0.000000 -1.000000 -0.000000 0.449712 0.311006
0.412538 -0.147900 0.957029 0.000000 -1.000000 -0.000000 0.440603 0.311006
0.412538 -0.147900 0.963910 0.000000 -1.000000 -0.000000 0.438916 0.309319
0.399140 -0.147900 0.977308 0.000000 -1.000000 -0.000000 0.438916 0.302748
0.392259 -0.147900 0.977308 0.000000 -1.000000 -0.000000 0.440603 0.301061
0.373684 -0.147900 0.958733 0.000000 -1.000000 -0.000000 0.449712 0.301061
0.373684 -0.147900 0.951852 0.000000 -1.000000 -0.000000 0.451400 0.302748
0.373684 -0.147900 0.958733 -0.707107 0.000000 0.707107 0.250000 0.499958
0.392259 -0.147900 0.977308 -0.707107 0.000000 0.707107 0.250000 0.495403
0.392259 0.164518 0.977308 -0.707107 0.000000 0.707107 0.312416 0.495403
0.373684 0.164518 0.958733 -0.707107 0.000000 0.707107 0.312416 0.499958
0.393963 0.164518 0.938454 0.707107 0.000000 -0.707107 0.312416 0.485178
0.412538 0.164518 0.957029 0.707107 0.000000 -0.707107 0.312416 0.489732
0.412538 -0.147900 0.957029 0.707107 0.000000 -0.707107 0.250000 0.489732
0.393963 -0.147900 0.938454 0.707107 0.000000 -0.707107 0.250000 0.485178
0.412538 0.164518 0.963910 1.000000 0.000000 -0.000000 0.312416 0.490925
0.412538 -0.147900 0.963910 1.000000 0.000000 -0.000000 0.250000 0.490925
0.412538 -0.147900 0.957029 1.000000 0.000000 -0.000000 0.250000 0.489732
0.412538 0.164518 0.957029 1.000000 0.000000 -0.000000 0.312416 0.489732
0.387082 -0.147900 0.938454 -0.000000 0.000000 -1.000000 0.250000 0.483985
0.387082 0.164518 0.938454 -0.000000 0.000000 -1.000000 0.312416 0.483985
0.393963 0.164518 0.938454 -0.000000 0.000000 -1.000000 0.312416 0.485178
0.393963 -0.147900 0.938454 -0.000000 0.000000 -1.000000 0.250000 0.485178
0.373684 0.164518 0.951852 -1.000000 0.000000 -0.000000 0.312416 0.480700
0.373684 -0.147900 0.951852 -1.000000 0.000000 -0.000000 0.250000 0.480700
0.373684 -0.147900 0.958733 -1.000000 0.000000 -0.000000 0.250000 0.479507
0.373684 0.164518 0.958733 -1.000000 0.000000 -0.000000 0.312416 0.479507
0.399140 -0.147900 0.977308 -0.000000 0.000000 1.000000 0.250000 0.494210
0.399140 0.164518 0.977308 -0.000000 0.000000 1.000000 0.312416 0.494210
0.392259 0.164518 0.977308 -0.000000 0.000000 1.000000 0.312416 0.495403
0.392259 -0.147900 0.977308 -0.000000 0.000000 1.000000 0.250000 0.495403
0.373684 0.164518 0.951852 0.000000 1.000000 0.000000 0.451558 0.354019
0.373684 0.164518 0.958733 0.000000 1.000000 0.000000 0.453245 0.355706
0.392259 0.164518 0.977308 0.000000 1.000000 0.000000 0.453245 0.364815
0.399140 0.164518 0.977308 0.000000 1.000000 0.000000 0.451558 0.366503
0.412538 0.164518 0.963910 0.000000 1.000000 0.000000 0.444988 0.366503
0.412538 0.164518 0.957029 0.000000 1.000000 0.000000 0.443301 0.364815
0.393963 0.164518 0.938454 0.000000 1.000000 0.000000 0.443301 0.355706
0.387082 0.164518 0.938454 0.000000 1.000000 0.000000 0.444988 0.354019
0.615326 0.164518 0.761122 0.707107 0.000000 0.707107 0.312416 0.490925
0.601928 0.164518 0.774520 0.707107 0.000000 0.707107 0.312416 0.494210
0.601928 -0.147900 0.774520 0.707107 0.000000 0.707107 0.250000 0.494210
0.615326 -0.147900 0.761122 0.707107 0.000000 0.707107 0.250000 0.490925
0.576472 0.164518 0.749064 -0.707107 0.000000 -0.707107 0.312416 0.480700
0.589870 0.164518 0.735666 -0.707107 0.000000 -0.707107 0.312416 0.483985
0.589870 -0.147900 0.735666 -0.707107 0.000000 -0.707107 0.250000 0.483985
0.576472 -0.147900 0.749064 -0.707107 0.000000 -0.707107 0.250000 0.480700
0.589870 -0.147900 0.735666 0.000000 -1.000000 -0.000000 0.451400 0.309319
0.596751 -0.147900 0.735666 0.000000 -1.000000 -0.000000 0.449712 0.311006
0.615326 -0.147900 0.754242 0.000000 -1.000000 -0.000000 0.440603 0.311006
0.615326 -0.147900 0.761122 0.000000 -1.000000 -0.000000 0.438916 0.309319
0.601928 -0.147900 0.774520 0.000000 -1.000000 -0.000000 0.438916 0.302748
0.595047 -0.147900 0.774520 0.000000 -1.000000 -0.000000 0.440603 0.301061
0.576472 -0.147900 0.755945 0.000000 -1.000000 -0.000000 0.449712 0.301061
0.576472 -0.147900 0.749064 0.000000 -1.000000 -0.000000 0.451400 0.302748
0.576472 -0.147900 0.755945 -0.707107 0.000000 0.707107 0.250000 0.499958
0.595047 -0.147900 0.774520 -0.707107 0.000000 0.707107 0.250000 0.495403
0.595047 0.164518 0.774520 -0.707107 0.000000 0.707107 0.312416 0.495403
0.576472 0.164518 0.755945 -0.707107 0.000000 0.707107 0.312416 0.499958
0.596751 0.164518 0.735666 0.707107 0.000000 -0.707107 0.312416 0.485178
0.615326 0.164518 0.754242 0.707107 0.000000 -0.707107 0.312416 0.489732
0.615326 -0.147900 0.754242 0.707107 0.000000 -0.707107 0.250000 0.489732
0.596751 -0.147900 0.735666 0.707107 0.000000 -0.707107 0.250000 0.485178
0.615326 0.164518 0.761122 1.000000 0.000000 -0.000009 0.312416 0.490925
0.615326 -0.147900 0.761122 1.000000 0.000000 -0.000009 0.250000 0.490925
0.615326 -0.147900 0.754242 1.000000 0.000000 -0.000009 0.250000 0.489732
0.615326 0.164518 0.754242 1.000000 0.000000 -0.000009 0.312416 0.489732
0.589870 -0.147900 0.735666 0.000009 0.000000 -1.000000 0.250000 0.483985
0.589870 0.164518 0.735666 0.000009 0.000000 -1.000000 0.312416 0.483985
0.596751 0.164518 0.735666 0.000009 0.000000 -1.000000 0.312416 0.485178
0.596751 -0.147900 0.735666 0.000009 0.000000 -1.000000 0.250000 0.485178
0.576472 0.164518 0.749064 -1.000000 0.000000 -0.000000 0.312416 0.480700
0.576472 -0.147900 0.749064 -1.000000 0.000000 -0.000000 0.250000 0.480700
0.576472 -0.147900 0.755945 -1.000000 0.000000 -0.000000 0.250000 0.479507
0.576472 0.164518 0.755945 -1.000000 0.000000 -0.000000 0.312416 0.479507
0.601928 -0.147900 0.774520 -0.000000 0.000000 1.000000 0.250000 0.494210
0.601928 0.164518 0.774520 -0.000000 0.000000 1.000000 0.312416 0.494210
0.595047 0.164518 0.774520 -0.000000 0.000000 1.000000 0.312416 0.495403
0.595047 -0.147900 0.774520 -0.000000 0.000000 1.000000 0.250000 0.495403
0.576472 0.164518 0.749064 0.000000 1.000000 0.000000 0.451558 0.354019
0.576472 0.164518 0.755945 0.000000 1.000000 0.000000 0.453245 0.355706
0.595047 0.164518 0.774520 0.000000 1.000000 0.000000 0.453245 0.364815
0.601928 0.164518 0.774520 0.000000 1.000000 0.000000 0.451558 0.366502
0.615326 0.164518 0.761122 0.000000 1.000000 0.000000 0.444988 0.366503
0.615326 0.164518 0.754242 0.000000 1.000000 0.000000 0.443301 0.364815
0.596751 0.164518 0.735666 0.000000 1.000000 0.000000 0.443301 0.355706
0.589870 0.164518 0.735666 0.000000 1.000000 0.000000 0.444988 0.354019
0.818114 0.164518 0.558335 0.707107 0.000000 0.707107 0.250000 0.488539
0.804716 0.164518 0.571733 0.707107 0.000000 0.707107 0.250000 0.485254
0.804716 -0.147900 0.571733 0.707107 0.000000 0.707107 0.312416 0.485254
0.818114 -0.147900 0.558335 0.707107 0.000000 0.707107 0.312416 0.488539
0.779260 0.164518 0.546277 -0.707108 0.000000 -0.707105 0.250000 0.498765
0.792658 0.164518 0.532879 -0.707108 0.000000 -0.707105 0.250000 0.495480
0.792658 -0.147900 0.532879 -0.707108 0.000000 -0.707105 0.312416 0.495480
0.779260 -0.147900 0.546277 -0.707108 0.000000 -0.707105 0.312416 0.498765
0.792658 -0.147900 0.532879 0.000000 -1.000000 0.000000 0.451400 0.309319
0.799539 -0.147900 0.532879 0.000000 -1.000000 0.000000 0.449712 0.311006
0.818114 -0.147900 0.551454 0.000000 -1.000000 0.000000 0.440603 0.311006
0.818114 -0.147900 0.558335 0.000000 -1.000000 0.000000 0.438916 0.309319
0.804716 -0.147900 0.571733 0.000000 -1.000000 0.000000 0.438916 0.302748
0.797835 -0.147900 0.571733 0.000000 -1.000000 0.000000 0.440603 0.301061
0.779260 -0.147900 0.553157 0.000000 -1.000000 0.000000 0.449712 0.301061
0.779260 -0.147900 0.546277 0.000000 -1.000000 0.000000 0.451400 0.302748
0.779260 -0.147900 0.553157 -0.707107 0.000000 0.707107 0.312416 0.479507
0.797835 -0.147900 0.571733 -0.707107 0.000000 0.707107 0.312416 0.484061
0.797835 0.164518 0.571733 -0.707107 0.000000 0.707107 0.250000 0.484061
0.779260 0.164518 0.553157 -0.707107 0.000000 0.707107 0.250000 0.479507
0.799539 0.164518 0.532879 0.707108 0.000000 -0.707106 0.250000 0.494287
0.818114 0.164518 0.551454 0.707108 0.000000 -0.707106 0.250000 0.489732
0.818114 -0.147900 0.551454 0.707108 0.000000 -0.707106 0.312416 0.489732
0.799539 -0.147900 0.532879 0.707108 0.000000 -0.707106 0.312416 0.494287
0.818114 0.164518 0.558335 1.000000 0.000000 -0.000000 0.250000 0.488539
0.818114 -0.147900 0.558335 1.000000 0.000000 -0.000000 0.312416 0.488539
0.818114 -0.147900 0.551454 1.000000 0.000000 -0.000000 0.312416 0.489732
0.818114 0.164518 0.551454 1.000000 0.000000 -0.000000 0.250000 0.489732
0.792658 -0.147900 0.532879 -0.000000 0.000000 -1.000000 0.312416 0.495480
0.792658 0.164518 0.532879 -0.000000 0.000000 -1.000000 0.250000 0.495480
0.799539 0.164518 0.532879 -0.000000 0.000000 -1.000000 0.250000 0.494287
0.799539 -0.147900 0.532879 -0.000000 0.000000 -1.000000 0.312416 0.494287
0.779260 0.164518 0.546277 -1.000000 0.000000 -0.000000 0.250000 0.498765
0.779260 -0.147900 0.546277 -1.000000 0.000000 -0.000000 0.312416 0.498765
0.779260 -0.147900 0.553157 -1.000000 0.000000 -0.000000 0.312416 0.499958
0.779260 0.164518 0.553157 -1.000000 0.000000 -0.000000 0.250000 0.499958
0.804716 -0.147900 0.571733 -0.000000 0.000000 1.000000 0.312416 0.485254
0.804716 0.164518 0.571733 -0.000000 0.000000 1.000000 0.250000 0.485254
0.797835 0.164518 0.571733 -0.000000 0.000000 1.000000 0.250000 0.484061
0.797835 -0.147900 0.571733 -0.000000 0.000000 1.000000 0.312416 0.484061
0.779260 0.164518 0.546277 0.000000 1.000000 0.000000 0.451558 0.354019
0.779260 0.164518 0.553157 0.000000 1.000000 0.000000 0.453245 0.355706
0.797835 0.164518 0.571733 0.000000 1.000000 0.000000 0.453245 0.364815
0.804716 0.164518 0.571733 0.000000 1.000000 0.000000 0.451558 0.366502
0.818114 0.164518 0.558335 0.000000 1.000000 0.000000 0.444988 0.366503
0.818114 0.164518 0.551454 0.000000 1.000000 0.000000 0.443301 0.364815
0.799539 0.164518 0.532879 0.000000 1.000000 0.000000 0.443301 0.355706
0.792658 0.164518 0.532879 0.000000 1.000000 0.000000 0.444988 0.354019
1.020901 0.164518 0.355547 0.707105 0.000000 0.707108 0.312416 0.490925
1.007503 0.164518 0.368945 0.707105 0.000000 0.707108 0.312416 0.494210
1.007503 -0.147900 0.368945 0.707105 0.000000 0.707108 0.250000 0.494210
1.020901 -0.147900 0.355547 0.707105 0.000000 0.707108 0.250000 0.490925
0.982047 0.164518 0.343489 -0.707107 0.000000 -0.707107 0.312416 0.480700
0.995445 0.164518 0.330091 -0.707107 0.000000 -0.707107 0.312416 0.483985
0.995445 -0.147900 0.330091 -0.707107 0.000000 -0.707107 0.250000 0.483985
0.982047 -0.147900 0.343489 -0.707107 0.000000 -0.707107 0.250000 0.480700
0.995445 -0.147900 0.330091 0.000000 -1.000000 0.000000 0.451400 0.309319
1.002326 -0.147900 0.330091 0.000000 -1.000000 0.000000 0.449712 0.311006
1.020901 -0.147900 0.348666 0.000000 -1.000000 0.000000 0.440603 0.311006
1.020901 -0.147900 0.355547 0.000000 -1.000000 0.000000 0.438916 0.309319
1.007503 -0.147900 0.368945 0.000000 -1.000000 0.000000 0.438916 0.302748
1.000623 -0.147900 0.368945 0.000000 -1.000000 0.000000 0.440603 0.301061
0.982048 -0.147900 0.350370 0.000000 -1.000000 0.000000 0.449712 0.301061
0.982047 -0.147900 0.343489 0.000000 -1.000000 0.000000 0.451400 0.302748
0.982048 -0.147900 0.350370 -0.707107 0.000000 0.707107 0.250000 0.499958
1.000623 -0.147900 0.368945 -0.707107 0.000000 0.707107 0.250000 0.495403
1.000623 0.164518 0.368945 -0.707107 0.000000 0.707107 0.312416 0.495403
0.982048 0.164518 0.350370 -0.707107 0.000000 0.707107 0.312416 0.499958
1.002326 0.164518 0.330091 0.707107 0.000000 -0.707107 0.312416 0.485178
1.020901 0.164518 0.348666 0.707107 0.000000 -0.707107 0.312416 0.489732
1.020901 -0.147900 0.348666 0.707107 0.000000 -0.707107 0.250000 0.489732
1.002326 -0.147900 0.330091 0.707107 0.000000 -0.707107 0.250000 0.485178
1.020901 0.164518 0.355547 1.000000 0.000000 -0.000000 0.312416 0.490925
1.020901 -0.147900 0.355547 1.000000 0.000000 -0.000000 0.250000 0.490925
1.020901 -0.147900 0.348666 1.000000 0.000000 -0.000000 0.250000 0.489732
1.020901 0.164518 0.348666 1.000000 0.000000 -0.000000 0.312416 0.489732
0.995445 -0.147900 0.330091 0.000004 0.000000 -1.000000 0.250000 0.483985
0.995445 0.164518 0.330091 0.000004 0.000000 -1.000000 0.312416 0.483985
1.002326 0.164518 0.330091 0.000004 0.000000 -1.000000 0.312416 0.485178
1.002326 -0.147900 0.330091 0.000004 0.000000 -1.000000 0.250000 0.485178
0.982047 0.164518 0.343489 -1.000000 0.000000 0.000009 0.312416 0.480700
0.982047 -0.147900 0.343489 -1.000000 0.000000 0.000009 0.250000 0.480700
0.982048 -0.147900 0.350370 -1.000000 0.000000 0.000009 0.250000 0.479507
0.982048 0.164518 0.350370 -1.000000 0.000000 0.000009 0.312416 0.479507
1.007503 -0.147900 0.368945 -0.000004 0.000000 1.000000 0.250000 0.494210
1.007503 0.164518 0.368945 -0.000004 0.000000 1.000000 0.312416 0.494210
1.000623 0.164518 0.368945 -0.000004 0.000000 1.000000 0.312416 0.495403
1.000623 -0.147900 0.368945 -0.000004 0.000000 1.000000 0.250000 0.495403
0.982047 0.164518 0.343489 0.000000 1.000000 0.000000 0.451558 0.354019
0.982048 0.164518 0.350370 0.000000 1.000000 0.000000 0.453245 0.355706
1.000623 0.164518 0.368945 0.000000 1.000000 0.000000 0.453245 0.364815
1.007503 0.164518 0.368945 0.000000 1.000000 0.000000 0.451558 0.366503
1.020901 0.164518 0.355547 0.000000 1.000000 0.000000 0.444988 0.366503
1.020901 0.164518 0.348666 0.000000 1.000000 0.000000 0.443301 0.364815
1.002326 0.164518 0.330091 0.000000 1.000000 0.000000 0.443301 0.355706
0.995445 0.164518 0.330091 0.000000 1.000000 0.000000 0.444988 0.354019
1.223689 0.164518 0.152759 0.707108 0.000000 0.707106 0.312416 0.490925
1.210291 0.164518 0.166157 0.707108 0.000000 0.707106 0.312416 0.494210
1.210291 -0.147900 0.166157 0.707108 0.000000 0.707106 0.250000 0.494210
1.223689 -0.147900 0.152759 0.707108 0.000000 0.707106 0.250000 0.490925
1.184835 0.164518 0.140701 -0.707108 0.000000 -0.707106 0.312416 0.480700
1.198233 0.164518 0.127303 -0.707108 0.000000 -0.707106 0.312416 0.483985
1.198233 -0.147900 0.127303 -0.707108 0.000000 -0.707106 0.250000 0.483985
1.184835 -0.147900 0.140701 -0.707108 0.000000 -0.707106 0.250000 0.480700
1.198233 -0.147900 0.127303 0.000000 -1.000000 -0.000000 0.451400 0.309318
1.205114 -0.147900 0.127303 0.000000 -1.000000 -0.000000 0.449712 0.311006
1.223689 -0.147900 0.145878 0.000000 -1.000000 -0.000000 0.440603 0.311006
1.223689 -0.147900 0.152759 0.000000 -1.000000 -0.000000 0.438916 0.309318
1.210291 -0.147900 0.166157 0.000000 -1.000000 -0.000000 0.438916 0.302748
1.203410 -0.147900 0.166157 0.000000 -1.000000 -0.000000 0.440603 0.301061
1.184835 -0.147900 0.147582 0.000000 -1.000000 -0.000000 0.449712 0.301061
1.184835 -0.147900 0.140701 0.000000 -1.000000 -0.000000 0.451400 0.302748
1.184835 -0.147900 0.147582 -0.707106 0.000000 0.707107 0.250000 0.499958
1.203410 -0.147900 0.166157 -0.707106 0.000000 0.707107 0.250000 0.495403
1.203410 0.164518 0.166157 -0.707106 0.000000 0.707107 0.312416 0.495403
1.184835 0.164518 0.147582 -0.707106 0.000000 0.707107 0.312416 0.499958
1.205114 0.164518 0.127303 0.707106 0.000000 -0.707107 0.312416 0.485178
1.223689 0.164518 0.145878 0.707106 0.000000 -0.707107 0.312416 0.489732
1.223689 -0.147900 0.145878 0.707106 0.000000 -0.707107 0.250000 0.489732
1.205114 -0.147900 0.127303 0.707106 0.000000 -0.707107 0.250000 0.485178
1.223689 0.164518 0.152759 1.000000 0.000000 -0.000000 0.312416 0.490925
1.223689 -0.147900 0.152759 1.000000 0.000000 -0.000000 0.250000 0.490925
1.223689 -0.147900 0.145878 1.000000 0.000000 -0.000000 0.250000 0.489732
1.223689 0.164518 0.145878 1.000000 0.000000 -0.000000 0.312416 0.489732
1.198233 -0.147900 0.127303 0.000004 0.000000 -1.000000 0.250000 0.483985
1.198233 0.164518 0.127303 0.000004 0.000000 -1.000000 0.312416 0.483985
1.205114 0.164518 0.127303 0.000004 0.000000 -1.000000 0.312416 0.485178
1.205114 -0.147900 0.127303 0.000004 0.000000 -1.000000 0.250000 0.485178
1.184835 0.164518 0.140701 -1.000000 0.000000 -0.000000 0.312416 0.480700
1.184835 -0.147900 0.140701 -1.000000 0.000000 -0.000000 0.250000 0.480700
1.184835 -0.147900 0.147582 -1.000000 0.000000 -0.000000 0.250000 0.479507
1.184835 0.164518 0.147582 -1.000000 0.000000 -0.000000 0.312416 0.479507
1.210291 -0.147900 0.166157 -0.000002 0.000000 1.000000 0.250000 0.494210
1.210291 0.164518 0.166157 -0.000002 0.000000 1.000000 0.312416 0.494210
1.203410 0.164518 0.166157 -0.000002 0.000000 1.000000 0.312416 0.495403
1.203410 -0.147900 0.166157 -0.000002 0.000000 1.000000 0.250000 0.495403
1.184835 0.164518 0.140701 0.000000 1.000000 0.000000 0.451558 0.354019
1.184835 0.164518 0.147582 0.000000 1.000000 0.000000 0.453245 0.355706
1.203410 0.164518 0.166157 0.000000 1.000000 0.000000 0.453245 0.364815
1.210291 0.164518 0.166157 0.000000 1.000000 0.000000 0.451558 0.366502
1.223689 0.164518 0.152759 0.000000 1.000000 0.000000 0.444988 0.366503
1.223689 0.164518 0.145878 0.000000 1.000000 0.000000 0.443301 0.364815
1.205114 0.164518 0.127303 0.000000 1.000000 0.000000 0.443301 0.355706
1.198233 0.164518 0.127303 0.000000 1.000000 0.000000 0.444988 0.354019
-0.773003 0.493755 -0.003141 -0.981689 -0.080660 -0.172399 0.049149 0.171377
-0.781988 0.513392 0.038827 -0.981536 -0.080935 -0.173284 0.049165 0.162396
-0.774628 0.525769 0.034625 -0.490555 0.744163 -0.453322 0.052377 0.162393
-0.765640 0.506125 -0.007356 -0.490799 0.744072 -0.453230 0.052360 0.171382
-0.765640 0.482594 0.003657 -0.490799 -0.824732 0.280831 0.065205 0.171413
-0.774625 0.502232 0.045627 -0.490524 -0.825159 0.280129 0.065244 0.162420
-0.781988 0.513392 0.038827 -0.981536 -0.080935 -0.173284 0.068460 0.162439
-0.773003 0.493755 -0.003141 -0.981689 -0.080660 -0.172399 0.068418 0.171424
-0.750914 0.483803 0.006241 0.490921 -0.744011 0.453230 0.061994 0.171402
-0.759902 0.503448 0.048225 0.491104 -0.743828 0.453291 0.062025 0.162405
-0.743551 0.496173 0.002026 0.981689 0.080691 0.172399 0.058782 0.171394
-0.752542 0.515825 0.044024 0.981536 0.081179 0.173162 0.058807 0.162395
-0.750914 0.507334 -0.004772 0.490860 0.824702 -0.280801 0.055570 0.171387
-0.759904 0.526985 0.037224 0.490829 0.825007 -0.280007 0.055591 0.162392
-0.780448 0.538341 0.061554 -0.490127 0.744255 -0.453658 0.052360 0.156615
-0.765734 0.539576 0.064194 0.490524 0.826044 -0.277444 0.055587 0.156597
-0.787800 0.525947 0.065719 -0.980926 -0.082064 -0.176122 0.049144 0.156646
-0.780438 0.514789 0.072523 -0.489761 -0.826380 0.277779 0.065293 0.156638
-0.787800 0.525947 0.065719 -0.980926 -0.082064 -0.176122 0.068517 0.156680
-0.765724 0.516025 0.075163 0.491409 -0.743461 0.453566 0.062056 0.156608
-0.758372 0.528418 0.070999 0.980926 0.082614 0.175848 0.058819 0.156596
-0.785644 0.549266 0.085079 -0.490585 0.743919 -0.453688 0.052285 0.151539
-0.770940 0.550524 0.087766 0.490066 0.827448 -0.274117 0.055549 0.151476
-0.792987 0.536853 0.089201 -0.980377 -0.083468 -0.178564 0.049028 0.151631
-0.785626 0.525697 0.096010 -0.489700 -0.827326 0.275094 0.065381 0.151556
-0.792987 0.536853 0.089201 -0.980377 -0.083468 -0.178564 0.068653 0.151649
-0.770923 0.526955 0.098698 0.491317 -0.743156 0.454207 0.062108 0.151487
-0.763580 0.539368 0.094576 0.980071 0.084414 0.179693 0.058829 0.151459
-0.792842 0.564200 0.117335 -0.519700 0.745384 -0.417463 0.051940 0.144464
-0.777925 0.564861 0.118757 0.475967 0.813532 -0.333995 0.055357 0.144439
-0.800317 0.552155 0.122236 -0.994568 -0.047273 -0.092624 0.048608 0.144515
-0.792874 0.540770 0.128560 -0.517899 -0.793237 0.320170 0.065722 0.144457
-0.800317 0.552155 0.122236 -0.994568 -0.047273 -0.092624 0.069040 0.144506
-0.777957 0.541431 0.129982 0.470534 -0.772942 0.425550 0.062333 0.144434
-0.770482 0.553476 0.125081 0.994415 0.040162 0.097385 0.058851 0.144421
-0.794929 0.666832 0.324464 -0.498276 0.775018 -0.388592 0.052163 0.098054
-0.779930 0.666868 0.324602 0.501938 0.777245 -0.379345 0.055500 0.098056
-0.802454 0.655171 0.330155 -0.999939 -0.002289 -0.009339 0.048779 0.098051
-0.794980 0.643545 0.335984 -0.501907 -0.777306 0.379223 0.065490 0.098056
-0.802454 0.655171 0.330155 -0.999939 -0.002289 -0.009339 0.068886 0.098054
-0.779981 0.643580 0.336122 0.498642 -0.774865 0.388440 0.062142 0.098057
-0.772456 0.655242 0.330431 0.999939 0.002564 0.008972 0.058821 0.098057
-0.799451 0.873297 0.742541 -0.498184 0.775689 -0.387432 0.052112 0.005452
-0.784452 0.873335 0.742683 0.501480 0.778191 -0.377972 0.055464 0.005452
-0.806976 0.861625 0.748211 -0.999939 -0.002197 -0.009583 0.048761 0.005454
-0.799502 0.849991 0.754022 -0.501785 -0.778039 0.377911 0.065518 0.005455
-0.806976 0.861625 0.748211 -0.999939 -0.002197 -0.009583 0.068869 0.005452
-0.784502 0.850028 0.754164 0.498398 -0.775567 0.387371 0.062167 0.005456
-0.776978 0.861700 0.748495 0.999939 0.002777 0.009308 0.058816 0.005454
-0.803974 1.083339 1.169993 -0.497574 0.778130 -0.383251 0.042157 0.101505
-0.788975 1.083370 1.170122 0.500412 0.780450 -0.374737 0.038743 0.101502
-0.784452 0.873335 0.742683 0.501480 0.778191 -0.377972 0.038851 0.006142
-0.799451 0.873297 0.742541 -0.498184 0.775689 -0.387432 0.042194 0.006142
-0.806976 0.861625 0.748211 -0.999939 -0.002197 -0.009583 0.045533 0.006145
-0.811498 1.071642 1.175611 -0.999939 -0.000946 -0.009125 0.045513 0.101505
-0.799502 0.849991 0.754022 -0.501785 -0.778039 0.377911 0.028842 0.006147
-0.804023 1.059977 1.181360 -0.501846 -0.779565 0.374645 0.028784 0.101488
-0.811498 1.071642 1.175611 -0.999939 -0.000946 -0.009125 0.025480 0.101484
-0.806976 0.861625 0.748211 -0.999939 -0.002197 -0.009583 0.025506 0.006144
-0.784502 0.850028 0.754164 0.498398 -0.775567 0.387371 0.032177 0.006147
-0.789024 1.060008 1.181490 0.498245 -0.777642 0.383404 0.032087 0.101493
-0.776978 0.861700 0.748495 0.999939 0.002777 0.009308 0.035513 0.006145
-0.781499 1.071705 1.175871 0.999939 0.003204 0.008148 0.035388 0.101498
-0.806041 1.197073 1.406299 -0.483444 0.831416 -0.273843 0.042195 0.154209
-0.791041 1.197076 1.406358 0.483352 0.832575 -0.270425 0.038905 0.154215
-0.813554 1.184724 1.410304 -0.999054 0.039705 -0.017060 0.045527 0.154218
-0.806068 1.172377 1.414367 -0.522233 -0.811335 0.262612 0.028712 0.154247
-0.813554 1.184724 1.410304 -0.999054 0.039705 -0.017060 0.025303 0.154255
-0.791068 1.172380 1.414425 0.518265 -0.812433 0.267037 0.032163 0.154233
-0.783554 1.184729 1.410420 0.999115 0.040376 -0.009369 0.035574 0.154224
-0.806005 1.212480 1.489144 -0.498703 0.852596 -0.156041 0.042187 0.170858
-0.791005 1.212465 1.489132 0.499863 0.851741 -0.156865 0.038792 0.170852
-0.813516 1.199709 1.491488 -0.999969 0.001434 0.000488 0.045533 0.170865
-0.806027 1.186923 1.493821 -0.500504 -0.851558 0.155828 0.028848 0.170858
-0.813516 1.199709 1.491488 -0.999969 0.001434 0.000488 0.025559 0.170870
-0.791027 1.186908 1.493809 0.498825 -0.852687 0.155034 0.032149 0.170854
-0.783516 1.199679 1.491464 0.999969 -0.000610 -0.001068 0.035449 0.170852
-0.805921 1.222600 1.544898 -0.498856 0.853267 -0.151708 0.042124 0.182184
-0.790921 1.222584 1.544878 0.500351 0.852168 -0.153020 0.038793 0.182169
-0.813432 1.209820 1.547193 -0.999969 0.001953 0.001129 0.045459 0.182201
-0.805943 1.197024 1.549468 -0.501114 -0.851741 0.152928 0.028816 0.182129
-0.813432 1.209820 1.547193 -0.999969 0.001953 0.001129 0.025495 0.182114
-0.790943 1.197008 1.549449 0.499619 -0.852840 0.151646 0.032139 0.182142
-0.783432 1.209787 1.547154 0.999969 -0.000214 -0.001434 0.035464 0.182155
-0.805837 1.232470 1.601020 -0.498917 0.853816 -0.148412 0.042051 0.193546
-0.790837 1.232455 1.601008 0.500656 0.852657 -0.149174 0.038725 0.193528
-0.813348 1.219680 1.603258 -0.999969 0.001434 0.000702 0.045377 0.193565
-0.805859 1.206876 1.605484 -0.500809 -0.852596 0.149174 0.028751 0.193476
-0.813348 1.219680 1.603258 -0.999969 0.001434 0.000702 0.025427 0.193459
-0.790859 1.206861 1.605472 0.499557 -0.853450 0.148350 0.032076 0.193493
-0.783348 1.219650 1.603234 0.999969 -0.000549 -0.000855 0.035400 0.193511
-0.805799 1.246694 1.683276 -0.499100 0.853908 -0.147404 0.041940 0.210189
-0.790799 1.246682 1.683279 0.500809 0.852840 -0.147710 0.038614 0.210172
-0.813310 1.233899 1.685485 -0.999969 0.001007 0.000275 0.045266 0.210205
-0.805821 1.221092 1.687696 -0.500656 -0.852931 0.147710 0.028641 0.210113
-0.813310 1.233899 1.685485 -0.999969 0.001007 0.000275 0.025317 0.210095
-0.790821 1.221079 1.687698 0.499405 -0.853725 0.147374 0.031964 0.210133
-0.783310 1.233874 1.685489 0.999969 -0.000824 -0.000305 0.035288 0.210153
-1.225247 0.525769 0.034625 -0.490555 -0.744163 0.453322 0.052377 0.162391
-1.239970 0.526985 0.037224 0.490829 -0.825007 0.280007 0.055591 0.162390
-1.248961 0.507335 -0.004772 0.490860 -0.824732 0.280801 0.055571 0.171385
-1.234235 0.506125 -0.007356 -0.490799 -0.744072 0.453230 0.052360 0.171380
-0.779811 1.531502 -0.003467 -0.907895 0.119877 -0.401624 0.114098 0.148579
-0.795738 1.521620 0.029585 -0.912168 0.111820 -0.394238 0.113958 0.143125
-0.791120 1.529370 0.033900 -0.454817 0.889828 0.036042 0.117511 0.143109
-0.775273 1.539204 0.001015 -0.454390 0.889523 0.047029 0.117616 0.148567
-0.775273 1.522603 -0.003925 -0.453871 -0.769738 -0.448836 0.131689 0.148567
-0.791233 1.512700 0.029198 -0.461806 -0.774926 -0.431501 0.131747 0.143107
-0.795738 1.521620 0.029585 -0.912168 0.111820 -0.394238 0.135275 0.143117
-0.779811 1.531502 -0.003467 -0.907895 0.119877 -0.401624 0.135216 0.148575
-0.766198 1.521405 0.000100 0.454329 -0.889584 -0.047029 0.128153 0.148558
-0.782112 1.511530 0.033126 0.446059 -0.894040 -0.041261 0.128208 0.143100
-0.761660 1.529107 0.004583 0.907895 -0.119144 0.401868 0.124636 0.148554
-0.777495 1.519280 0.037441 0.912076 -0.122166 0.391339 0.124660 0.143097
-0.766198 1.538006 0.005040 0.453139 0.770226 0.448714 0.121127 0.148558
-0.781999 1.528200 0.037828 0.461592 0.775048 0.431501 0.121092 0.143098
-0.803774 1.522101 0.061942 -0.448073 0.893826 0.016205 0.117474 0.138473
-0.794572 1.520977 0.065690 0.479354 0.783837 0.394696 0.121075 0.138460
-0.808561 1.514254 0.058002 -0.920835 0.105625 -0.375317 0.113811 0.138500
-0.804146 1.505284 0.057812 -0.479019 -0.784661 -0.393445 0.131755 0.138468
-0.808561 1.514254 0.058002 -0.920835 0.105625 -0.375317 0.135382 0.138493
-0.794943 1.504161 0.061561 0.437910 -0.898770 -0.020295 0.128212 0.138455
-0.790156 1.512007 0.065500 0.919584 -0.118656 0.374523 0.124655 0.138455
-0.824300 1.511657 0.110864 -0.507309 0.856655 0.093478 0.116888 0.130380
-0.814506 1.510967 0.112761 0.461074 0.837794 0.292337 0.120680 0.130371
-0.829402 1.503579 0.107912 -0.979492 0.072512 -0.187933 0.113156 0.130395
-0.824710 1.494811 0.106857 -0.551653 -0.779443 -0.296823 0.132384 0.130385
-0.829402 1.503579 0.107912 -0.979492 0.072512 -0.187933 0.136118 0.130404
-0.814916 1.494122 0.108754 0.420789 -0.899106 -0.120396 0.128562 0.130373
-0.809814 1.502200 0.111706 0.979247 -0.064943 0.191809 0.124607 0.130365
-0.828219 1.438426 0.402621 -0.481185 0.851894 0.206671 0.117304 0.083544
-0.818223 1.438176 0.402700 0.520249 0.826594 0.214606 0.121039 0.083545
-0.833411 1.430154 0.400472 -0.999634 0.025147 -0.008118 0.113457 0.083543
-0.828606 1.421632 0.398403 -0.519639 -0.826899 -0.214881 0.132122 0.083548
-0.833411 1.430154 0.400472 -0.999634 0.025147 -0.008118 0.135955 0.083548
-0.818610 1.421381 0.398483 0.481674 -0.851558 -0.206824 0.128399 0.083547
-0.813418 1.429654 0.400631 0.999634 -0.025178 0.007660 0.124719 0.083546
-0.835859 1.313887 0.899613 -0.480056 0.853084 0.204260 0.117359 0.005262
-0.825863 1.313630 0.899721 0.519669 0.826838 0.214972 0.121110 0.005260
-0.841050 1.305616 0.897462 -0.999603 0.025391 -0.010895 0.113608 0.005260
-0.836246 1.297086 0.895420 -0.518418 -0.827601 -0.215125 0.132367 0.005263
-0.841050 1.305616 0.897462 -0.999603 0.025391 -0.010895 0.136118 0.005268
-0.826250 1.296829 0.895529 0.480605 -0.852809 -0.204138 0.128615 0.005259
-0.821058 1.305101 0.897679 0.999573 -0.026185 0.010712 0.124863 0.005259
-0.841669 1.238678 1.203154 -0.473861 0.840510 0.262612 0.174618 0.096956
-0.831672 1.238444 1.203177 0.505936 0.820521 0.265908 0.171335 0.096964
-0.825863 1.313630 0.899721 0.519669 0.826838 0.214972 0.171498 0.004986
-0.835859 1.313887 0.899613 -0.480056 0.853084 0.204260 0.174751 0.004994
-0.841050 1.305616 0.897462 -0.999603 0.025391 -0.010895 0.177953 0.004997
-0.846854 1.230538 1.200534 -0.999115 0.041810 0.004212 0.177809 0.096974
-0.836246 1.297086 0.895420 -0.518418 -0.827601 -0.215125 0.162013 0.004975
-0.842042 1.222165 1.197938 -0.527818 -0.809015 -0.258553 0.161753 0.096984
-0.846854 1.230538 1.200534 -0.999115 0.041810 0.004212 0.158590 0.096932
-0.841050 1.305616 0.897462 -0.999603 0.025391 -0.010895 0.158857 0.004974
-0.826250 1.296829 0.895529 0.480605 -0.852809 -0.204138 0.165160 0.004974
-0.832045 1.221931 1.197962 0.485977 -0.835353 -0.256844 0.164957 0.097001
-0.821058 1.305101 0.897679 0.999573 -0.026185 0.010712 0.168306 0.004978
-0.826860 1.230071 1.200582 0.999939 -0.004181 0.009278 0.168127 0.096987
-0.841682 1.220199 1.250282 -0.454756 0.726066 0.515732 0.174560 0.111264
-0.831684 1.220035 1.250166 0.488479 0.711325 0.505325 0.171523 0.111307
-0.846855 1.213221 1.245328 -0.995178 0.079806 0.056642 0.177731 0.111271
-0.842030 1.206079 1.240257 -0.559404 -0.675863 -0.479812 0.161519 0.111372
-0.846855 1.213221 1.245328 -0.995178 0.079806 0.056642 0.158130 0.111383
-0.832032 1.205915 1.240140 0.522599 -0.695212 -0.493484 0.164988 0.111315
-0.826859 1.212893 1.245095 0.998291 0.047151 0.033631 0.168361 0.111309
-0.841682 1.182530 1.282601 -0.468642 0.505539 0.724387 0.174593 0.125167
-0.831684 1.182415 1.282436 0.502792 0.494675 0.708853 0.171386 0.125193
-0.846855 1.177648 1.275571 -0.998688 0.029817 0.041566 0.177740 0.125146
-0.842030 1.172652 1.268377 -0.530045 -0.482162 -0.697501 0.161854 0.125260
-0.846855 1.177648 1.275571 -0.998688 0.029817 0.041566 0.158700 0.125345
-0.832032 1.172537 1.268212 0.494644 -0.494186 -0.714896 0.165074 0.125202
-0.826859 1.177419 1.275241 0.999939 0.006867 0.008515 0.168235 0.125196
-0.841682 1.108289 1.324132 -0.481582 0.427778 0.764885 0.174785 0.149720
-0.831684 1.108192 1.323956 0.516343 0.418012 0.747398 0.171540 0.149731
-0.846855 1.104138 1.316648 -0.999756 0.010407 0.018342 0.177953 0.149689
-0.842030 1.099889 1.308989 -0.517197 -0.417158 -0.747276 0.162197 0.149751
-0.846855 1.104138 1.316648 -0.999756 0.010407 0.018342 0.159111 0.149795
-0.832032 1.099791 1.308813 0.482376 -0.426954 -0.764824 0.165285 0.149728
-0.826859 1.103943 1.316297 0.999786 -0.009186 -0.016755 0.168376 0.149725
-1.220064 1.531502 -0.003467 -0.907895 -0.119877 0.401624 0.093692 0.144222
-1.204137 1.521620 0.029585 -0.912168 -0.111820 0.394238 0.093551 0.139209
-1.208754 1.529370 0.033900 -0.454817 -0.889828 -0.036042 0.097105 0.139194
-1.224601 1.539204 0.001015 -0.454390 -0.889523 -0.047029 0.097209 0.144211
-1.224601 1.522603 -0.003925 -0.453871 0.769738 0.448836 0.111283 0.144211
-1.208641 1.512700 0.029198 -0.461806 0.774926 0.431501 0.111341 0.139193
-1.204137 1.521620 0.029585 -0.912168 -0.111820 0.394238 0.114869 0.139202
-1.220064 1.531502 -0.003467 -0.907895 -0.119877 0.401624 0.114810 0.144219
-1.233677 1.521405 0.000101 0.454329 0.889584 0.047029 0.107747 0.144204
-1.217763 1.511530 0.033126 0.446059 0.894040 0.041261 0.107802 0.139186
-1.238214 1.529107 0.004583 0.907895 0.119144 -0.401898 0.104230 0.144200
-1.222380 1.519280 0.037441 0.912076 0.122166 -0.391339 0.104255 0.139183
-1.233677 1.538006 0.005040 0.453139 -0.770226 -0.448714 0.100720 0.144203
-1.217875 1.528200 0.037828 0.461592 -0.775048 -0.431501 0.100685 0.139184
-1.196100 1.522101 0.061942 -0.448073 -0.893826 -0.016205 0.097068 0.134933
-1.205302 1.520977 0.065690 0.479354 -0.783837 -0.394696 0.100669 0.134922
-1.191313 1.514254 0.058003 -0.920835 -0.105625 0.375317 0.093405 0.134958
-1.195729 1.505284 0.057812 -0.478988 0.784661 0.393445 0.111349 0.134929
-1.191313 1.514254 0.058003 -0.920835 -0.105625 0.375317 0.114976 0.134952
-1.204931 1.504161 0.061561 0.437910 0.898770 0.020295 0.107806 0.134917
-1.209718 1.512007 0.065500 0.919584 0.118656 -0.374523 0.104249 0.134917
-1.175574 1.511657 0.110864 -0.507309 -0.856655 -0.093478 0.096482 0.127494
-1.185368 1.510967 0.112761 0.461074 -0.837794 -0.292337 0.100274 0.127486
-1.170472 1.503579 0.107912 -0.979492 -0.072481 0.187933 0.092749 0.127508
-1.175164 1.494812 0.106857 -0.551653 0.779443 0.296823 0.111979 0.127499
-1.170472 1.503579 0.107912 -0.979492 -0.072481 0.187933 0.115712 0.127516
-1.184958 1.494122 0.108754 0.420789 0.899106 0.120396 0.108156 0.127487
-1.190060 1.502200 0.111706 0.979278 0.064943 -0.191809 0.104201 0.127480
-1.171655 1.438426 0.402621 -0.481185 -0.851894 -0.206671 0.096898 0.084445
-1.181651 1.438176 0.402700 0.520249 -0.826594 -0.214606 0.100634 0.084446
-1.166463 1.430154 0.400472 -0.999634 -0.025147 0.008118 0.093052 0.084444
-1.171268 1.421632 0.398403 -0.519639 0.826899 0.214881 0.111717 0.084448
-1.166463 1.430154 0.400472 -0.999634 -0.025147 0.008118 0.115550 0.084448
-1.181265 1.421381 0.398483 0.481674 0.851558 0.206824 0.107993 0.084447
-1.186456 1.429654 0.400631 0.999634 0.025147 -0.007660 0.104313 0.084447
-1.164015 1.313888 0.899613 -0.480087 -0.853084 -0.204260 0.096953 0.012490
-1.174011 1.313630 0.899721 0.519669 -0.826838 -0.214972 0.100705 0.012489
-1.158824 1.305616 0.897462 -0.999603 -0.025361 0.010895 0.093203 0.012489
-1.163628 1.297087 0.895420 -0.518418 0.827601 0.215125 0.111962 0.012492
-1.158824 1.305616 0.897462 -0.999603 -0.025361 0.010895 0.115712 0.012496
-1.173624 1.296829 0.895529 0.480605 0.852809 0.204138 0.108209 0.012488
-1.178816 1.305101 0.897679 0.999573 0.026185 -0.010712 0.104457 0.012487
-1.158205 1.238678 1.203154 -0.473861 -0.840510 -0.262612 0.152221 0.095012
-1.168202 1.238444 1.203177 0.505936 -0.820521 -0.265908 0.148458 0.095020
-1.174011 1.313630 0.899721 0.519669 -0.826838 -0.214972 0.148645 0.005654
-1.164015 1.313888 0.899613 -0.480087 -0.853084 -0.204260 0.152374 0.005662
-1.158824 1.305616 0.897462 -0.999603 -0.025361 0.010895 0.156044 0.005666
-1.153020 1.230538 1.200534 -0.999115 -0.041841 -0.004212 0.155879 0.095029
-1.163628 1.297087 0.895420 -0.518418 0.827601 0.215125 0.137773 0.005643
-1.157832 1.222165 1.197938 -0.527818 0.809015 0.258553 0.137475 0.095039
-1.153020 1.230538 1.200534 -0.999115 -0.041841 -0.004212 0.133849 0.094989
-1.158824 1.305616 0.897462 -0.999603 -0.025361 0.010895 0.134155 0.005643
-1.173624 1.296829 0.895529 0.480605 0.852809 0.204138 0.141380 0.005643
-1.167829 1.221931 1.197962 0.485977 0.835353 0.256844 0.141147 0.095055
-1.178816 1.305101 0.897679 0.999573 0.026185 -0.010712 0.144987 0.005647
-1.173014 1.230071 1.200582 0.999939 0.004181 -0.009278 0.144781 0.095042
-1.158192 1.220199 1.250282 -0.454756 -0.726066 -0.515732 0.152155 0.108913
-1.168190 1.220035 1.250166 0.488479 -0.711325 -0.505356 0.148674 0.108955
-1.153019 1.213221 1.245328 -0.995178 -0.079806 -0.056642 0.155790 0.108920
-1.157844 1.206079 1.240257 -0.559404 0.675863 0.479812 0.137207 0.109018
-1.153019 1.213221 1.245328 -0.995178 -0.079806 -0.056642 0.133323 0.109029
-1.167842 1.205915 1.240140 0.522599 0.695212 0.493484 0.141183 0.108963
-1.173015 1.212893 1.245095 0.998291 -0.047151 -0.033631 0.145049 0.108957
-1.158192 1.182530 1.282601 -0.468642 -0.505509 -0.724418 0.152193 0.122421
-1.168190 1.182416 1.282436 0.502792 -0.494675 -0.708853 0.148517 0.122446
-1.153019 1.177648 1.275571 -0.998688 -0.029817 -0.041566 0.155800 0.122401
-1.157844 1.172652 1.268377 -0.530045 0.482162 0.697501 0.137591 0.122512
-1.153019 1.177648 1.275571 -0.998688 -0.029817 -0.041566 0.133976 0.122595
-1.167842 1.172537 1.268212 0.494644 0.494186 0.714896 0.141282 0.122455
-1.173015 1.177419 1.275241 0.999939 -0.006867 -0.008515 0.144905 0.122450
-1.158192 1.108289 1.324132 -0.481582 -0.427778 -0.764885 0.152412 0.146277
-1.168190 1.108192 1.323956 0.516343 -0.418012 -0.747398 0.148693 0.146287
-1.153019 1.104138 1.316648 -0.999756 -0.010407 -0.018342 0.156044 0.146247
-1.157844 1.099889 1.308989 -0.517197 0.417158 0.747276 0.137985 0.146307
-1.153019 1.104138 1.316648 -0.999756 -0.010407 -0.018342 0.134447 0.146349
-1.167842 1.099791 1.308813 0.482376 0.426954 0.764824 0.141524 0.146285
-1.173015 1.103943 1.316297 0.999786 0.009186 0.016755 0.145067 0.146282
-1.226871 0.493755 -0.003141 -0.981689 0.080660 0.172399 0.049149 0.171375
-1.217887 0.513393 0.038827 -0.981536 0.080935 0.173284 0.049165 0.162394
-1.234235 0.482594 0.003657 -0.490799 0.824732 -0.280831 0.065205 0.171411
-1.225250 0.502232 0.045627 -0.490524 0.825159 -0.280129 0.065244 0.162418
-1.217887 0.513393 0.038827 -0.981536 0.080935 0.173284 0.068460 0.162437
-1.226871 0.493755 -0.003141 -0.981689 0.080660 0.172399 0.068418 0.171423
-1.248961 0.483804 0.006241 0.490921 0.744011 -0.453230 0.061994 0.171400
-1.239973 0.503449 0.048225 0.491104 0.743828 -0.453291 0.062026 0.162403
-1.256324 0.496174 0.002026 0.981689 -0.080691 -0.172399 0.058782 0.171392
-1.247333 0.515825 0.044024 0.981506 -0.081179 -0.173162 0.058808 0.162393
-1.219427 0.538341 0.061555 -0.490127 -0.744255 0.453658 0.052360 0.156613
-1.234141 0.539577 0.064194 0.490524 -0.826044 0.277444 0.055587 0.156595
-1.212075 0.525948 0.065719 -0.980926 0.082064 0.176122 0.049144 0.156644
-1.219436 0.514789 0.072523 -0.489761 0.826380 -0.277779 0.065293 0.156636
-1.212075 0.525948 0.065719 -0.980926 0.082064 0.176122 0.068517 0.156678
-1.234150 0.516025 0.075163 0.491409 0.743461 -0.453566 0.062057 0.156606
-1.241503 0.528418 0.070999 0.980926 -0.082644 -0.175848 0.058820 0.156594
-1.214231 0.549267 0.085079 -0.490585 -0.743919 0.453688 0.052286 0.151536
-1.228934 0.550524 0.087766 0.490036 -0.827448 0.274117 0.055549 0.151474
-1.206888 0.536853 0.089201 -0.980377 0.083438 0.178564 0.049028 0.151629
-1.214248 0.525697 0.096010 -0.489731 0.827326 -0.275094 0.065381 0.151554
-1.206888 0.536853 0.089201 -0.980377 0.083438 0.178564 0.068653 0.151646
-1.228952 0.526955 0.098698 0.491317 0.743156 -0.454207 0.062108 0.151485
-1.236295 0.539368 0.094576 0.980071 -0.084414 -0.179693 0.058829 0.151457
-1.207032 0.564201 0.117335 -0.519700 -0.745354 0.417493 0.051940 0.144462
-1.221950 0.564862 0.118757 0.475967 -0.813532 0.333995 0.055357 0.144437
-1.199557 0.552155 0.122236 -0.994568 0.047273 0.092624 0.048608 0.144513
-1.207000 0.540770 0.128560 -0.517899 0.793237 -0.320170 0.065722 0.144455
-1.199557 0.552155 0.122236 -0.994568 0.047273 0.092624 0.069040 0.144504
-1.221918 0.541431 0.129982 0.470534 0.772942 -0.425550 0.062333 0.144432
-1.229393 0.553477 0.125081 0.994415 -0.040132 -0.097385 0.058851 0.144419
-1.204945 0.666832 0.324464 -0.498276 -0.775018 0.388592 0.052163 0.098052
-1.219944 0.666868 0.324603 0.501938 -0.777245 0.379345 0.055501 0.098054
-1.197420 0.655171 0.330155 -0.999939 0.002289 0.009339 0.048779 0.098048
-1.204895 0.643545 0.335984 -0.501907 0.777306 -0.379223 0.065490 0.098053
-1.197420 0.655171 0.330155 -0.999939 0.002289 0.009339 0.068886 0.098051
-1.219894 0.643581 0.336122 0.498642 0.774865 -0.388440 0.062142 0.098055
-1.227419 0.655242 0.330431 0.999939 -0.002564 -0.008972 0.058821 0.098055
-1.200423 0.873297 0.742542 -0.498184 -0.775689 0.387432 0.052112 0.005452
-1.215422 0.873335 0.742684 0.501480 -0.778191 0.377972 0.055464 0.005452
-1.192898 0.861625 0.748211 -0.999939 0.002197 0.009583 0.048761 0.005454
-1.200373 0.849991 0.754022 -0.501785 0.778039 -0.377911 0.065518 0.005455
-1.192898 0.861625 0.748211 -0.999939 0.002197 0.009583 0.068869 0.005452
-1.215372 0.850029 0.754164 0.498398 0.775567 -0.387371 0.062168 0.005456
-1.222897 0.861701 0.748495 0.999939 -0.002777 -0.009308 0.058816 0.005454
-1.195900 1.083339 1.169993 -0.497574 -0.778130 0.383251 0.017786 0.101543
-1.210899 1.083370 1.170122 0.500412 -0.780450 0.374767 0.014372 0.101540
-1.215422 0.873335 0.742684 0.501480 -0.778191 0.377972 0.014480 0.006182
-1.200423 0.873297 0.742542 -0.498184 -0.775689 0.387432 0.017823 0.006182
-1.192898 0.861625 0.748211 -0.999939 0.002197 0.009583 0.021162 0.006184
-1.188376 1.071642 1.175611 -0.999939 0.000946 0.009125 0.021142 0.101544
-1.200373 0.849991 0.754022 -0.501785 0.778039 -0.377911 0.004472 0.006187
-1.195851 1.059977 1.181360 -0.501846 0.779565 -0.374645 0.004413 0.101527
-1.188376 1.071642 1.175611 -0.999939 0.000946 0.009125 0.001109 0.101522
-1.192898 0.861625 0.748211 -0.999939 0.002197 0.009583 0.001136 0.006183
-1.215372 0.850029 0.754164 0.498398 0.775567 -0.387371 0.007807 0.006187
-1.210850 1.060009 1.181490 0.498245 0.777642 -0.383404 0.007716 0.101532
-1.222897 0.861701 0.748495 0.999939 -0.002777 -0.009308 0.011142 0.006185
-1.218374 1.071705 1.175871 0.999939 -0.003204 -0.008148 0.011017 0.101536
-1.193833 1.197074 1.406299 -0.483444 -0.831416 0.273843 0.017824 0.154249
-1.208833 1.197076 1.406358 0.483352 -0.832575 0.270425 0.014534 0.154255
-1.186320 1.184724 1.410304 -0.999054 -0.039735 0.017060 0.021156 0.154258
-1.193806 1.172377 1.414367 -0.522233 0.811335 -0.262612 0.004340 0.154287
-1.186320 1.184724 1.410304 -0.999054 -0.039735 0.017060 0.000932 0.154294
-1.208806 1.172380 1.414425 0.518265 0.812433 -0.267037 0.007792 0.154272
-1.216319 1.184729 1.410420 0.999115 -0.040376 0.009369 0.011203 0.154264
-1.193869 1.212480 1.489144 -0.498703 -0.852596 0.156041 0.017816 0.170898
-1.208869 1.212465 1.489132 0.499863 -0.851741 0.156865 0.014421 0.170892
-1.186358 1.199709 1.491488 -0.999969 -0.001434 -0.000488 0.021162 0.170905
-1.193847 1.186924 1.493821 -0.500504 0.851558 -0.155828 0.004477 0.170898
-1.186358 1.199709 1.491488 -0.999969 -0.001434 -0.000488 0.001188 0.170910
-1.208847 1.186908 1.493809 0.498825 0.852687 -0.155034 0.007778 0.170894
-1.216358 1.199679 1.491464 0.999969 0.000610 0.001068 0.011078 0.170892
-1.193953 1.222600 1.544898 -0.498856 -0.853267 0.151708 0.017753 0.182224
-1.208953 1.222584 1.544878 0.500351 -0.852168 0.153020 0.014421 0.182209
-1.186442 1.209821 1.547193 -0.999969 -0.001953 -0.001129 0.021088 0.182241
-1.193931 1.197025 1.549468 -0.501114 0.851741 -0.152928 0.004445 0.182169
-1.186442 1.209821 1.547193 -0.999969 -0.001953 -0.001129 0.001124 0.182154
-1.208930 1.197008 1.549449 0.499619 0.852840 -0.151646 0.007768 0.182182
-1.216442 1.209788 1.547154 0.999969 0.000214 0.001434 0.011093 0.182195
-1.194037 1.232470 1.601020 -0.498917 -0.853816 0.148412 0.017680 0.193587
-1.209037 1.232455 1.601008 0.500656 -0.852657 0.149174 0.014354 0.193569
-1.186525 1.219681 1.603258 -0.999969 -0.001434 -0.000702 0.021006 0.193605
-1.194014 1.206876 1.605484 -0.500809 0.852596 -0.149174 0.004379 0.193517
-1.186525 1.219681 1.603258 -0.999969 -0.001434 -0.000702 0.001055 0.193500
-1.209014 1.206861 1.605472 0.499557 0.853450 -0.148350 0.007704 0.193534
-1.216525 1.219650 1.603234 0.999969 0.000549 0.000855 0.011029 0.193551
-1.194075 1.246694 1.683276 -0.499100 -0.853908 0.147404 0.017569 0.210229
-1.209075 1.246682 1.683279 0.500809 -0.852840 0.147710 0.014243 0.210212
-1.186563 1.233900 1.685485 -0.999969 -0.001007 -0.000275 0.020895 0.210246
-1.194052 1.221092 1.687696 -0.500656 0.852931 -0.147710 0.004269 0.210154
-1.186563 1.233900 1.685485 -0.999969 -0.001007 -0.000275 0.000946 0.210136
-1.209052 1.221080 1.687698 0.499405 0.853725 -0.147374 0.007593 0.210174
-1.216563 1.233874 1.685489 0.999969 0.000824 0.000305 0.010917 0.210194
-0.799665 0.631516 0.213143 0.000000 -0.000000 1.000000 0.216820 0.247796
-1.200335 0.631516 0.213143 0.000000 -0.000000 1.000000 0.218274 0.172768
-1.200336 0.532151 0.213143 0.000000 -0.000000 1.000000 0.235821 0.173034
-0.799665 0.532151 0.213143 0.000000 -0.000000 1.000000 0.234367 0.248061
-0.799665 0.532151 0.191956 0.000000 -1.000000 0.000000 0.238109 0.248118
-0.799665 0.532151 0.213143 0.000000 -1.000000 0.000000 0.234367 0.248061
-1.200336 0.532151 0.213143 0.000000 -1.000000 0.000000 0.235821 0.173034
-1.200336 0.532151 0.191955 0.000000 -1.000000 0.000000 0.239563 0.173090
-1.200336 0.532151 0.191955 -0.577349 -0.577349 -0.577349 0.196042 0.092234
-1.200336 0.532151 0.213143 -0.577349 -0.577349 0.577349 0.196042 0.088617
-1.200335 0.631516 0.213143 -0.577349 0.577349 0.577349 0.214403 0.088617
-1.200335 0.631516 0.191955 -0.577349 0.577349 -0.577349 0.214403 0.092234
-0.799665 0.631516 0.191956 0.577349 0.577349 -0.577349 0.214403 0.160625
-0.799665 0.532151 0.191956 0.577349 -0.577349 -0.577349 0.196042 0.160625
-0.799665 0.631516 0.213143 0.577349 0.577349 0.577349 0.214403 0.164241
-0.799665 0.532151 0.213143 0.577349 -0.577349 0.577349 0.196042 0.164241
-1.200335 0.631516 0.191955 0.000000 1.000000 0.000000 0.214533 0.172712
-1.200335 0.631516 0.213143 0.000000 1.000000 0.000000 0.218274 0.172768
-0.799665 0.631516 0.213143 0.000000 1.000000 0.000000 0.216820 0.247796
-0.799665 0.631516 0.191956 0.000000 1.000000 0.000000 0.213079 0.247740
-1.200335 0.654076 0.453143 0.000000 0.000000 1.000000 0.216820 0.247796
-0.799665 0.654076 0.453143 0.000000 0.000000 1.000000 0.218274 0.172768
-0.799665 0.753442 0.453143 0.000000 0.000000 1.000000 0.235821 0.173034
-1.200336 0.753442 0.453143 0.000000 0.000000 1.000000 0.234367 0.248061
-1.200336 0.753442 0.431955 -0.000000 1.000000 0.000000 0.238109 0.248118
-1.200336 0.753442 0.453143 -0.000000 1.000000 0.000000 0.234367 0.248061
-0.799665 0.753442 0.453143 -0.000000 1.000000 0.000000 0.235821 0.173034
-0.799665 0.753442 0.431956 -0.000000 1.000000 0.000000 0.239563 0.173090
-0.799665 0.753442 0.431956 0.577349 0.577349 -0.577349 0.196042 0.092234
-0.799665 0.753442 0.453143 0.577349 0.577349 0.577349 0.196042 0.088617
-0.799665 0.654076 0.453143 0.577349 -0.577349 0.577349 0.214403 0.088617
-0.799665 0.654076 0.431956 0.577349 -0.577349 -0.577349 0.214403 0.092234
-1.200336 0.654076 0.431955 -0.577349 -0.577349 -0.577319 0.214403 0.160625
-1.200336 0.753442 0.431955 -0.577349 0.577349 -0.577349 0.196042 0.160625
-1.200335 0.654076 0.453143 -0.577319 -0.577349 0.577349 0.214403 0.164241
-1.200336 0.753442 0.453143 -0.577349 0.577349 0.577349 0.196042 0.164241
-0.799665 0.654076 0.431956 0.000000 -1.000000 -0.000000 0.214533 0.172712
-0.799665 0.654076 0.453143 0.000000 -1.000000 -0.000000 0.218274 0.172768
-1.200335 0.654076 0.453143 0.000000 -1.000000 -0.000000 0.216820 0.247796
-1.200336 0.654076 0.431955 0.000000 -1.000000 -0.000000 0.213079 0.247740
-0.799665 0.871516 0.693143 0.000000 0.000000 1.000000 0.216820 0.247796
-1.200335 0.871516 0.693143 0.000000 0.000000 1.000000 0.218274 0.172768
-1.200335 0.772151 0.693143 0.000000 0.000000 1.000000 0.235821 0.173034
-0.799665 0.772151 0.693143 0.000000 0.000000 1.000000 0.234367 0.248061
-0.799665 0.772151 0.671956 0.000000 -1.000000 0.000000 0.238109 0.248118
-0.799665 0.772151 0.693143 0.000000 -1.000000 0.000000 0.234367 0.248061
-1.200335 0.772151 0.693143 0.000000 -1.000000 0.000000 0.235821 0.173034
-1.200335 0.772151 0.671956 0.000000 -1.000000 0.000000 0.239563 0.173090
-1.200335 0.772151 0.671956 -0.577349 -0.577349 -0.577349 0.196042 0.092234
-1.200335 0.772151 0.693143 -0.577349 -0.577349 0.577349 0.196042 0.088617
-1.200335 0.871516 0.693143 -0.577349 0.577349 0.577349 0.214403 0.088617
-1.200335 0.871516 0.671956 -0.577349 0.577349 -0.577349 0.214403 0.092234
-0.799665 0.871516 0.671956 0.577349 0.577349 -0.577349 0.214403 0.160625
-0.799665 0.772151 0.671956 0.577349 -0.577349 -0.577349 0.196042 0.160625
-0.799665 0.871516 0.693143 0.577349 0.577349 0.577349 0.214403 0.164241
-0.799665 0.772151 0.693143 0.577349 -0.577349 0.577349 0.196042 0.164241
-1.200335 0.871516 0.671956 0.000000 1.000000 0.000000 0.214533 0.172712
-1.200335 0.871516 0.693143 0.000000 1.000000 0.000000 0.218274 0.172768
-0.799665 0.871516 0.693143 0.000000 1.000000 0.000000 0.216820 0.247796
-0.799665 0.871516 0.671956 0.000000 1.000000 0.000000 0.213079 0.247740
-1.200336 0.894076 0.943143 0.000000 0.000000 1.000000 0.216820 0.247796
-0.799665 0.894076 0.943143 0.000000 0.000000 1.000000 0.218274 0.172768
-0.799665 0.993442 0.943143 0.000000 0.000000 1.000000 0.235821 0.173034
-1.200336 0.993442 0.943143 0.000000 0.000000 1.000000 0.234367 0.248061
-1.200336 0.993442 0.921956 -0.000000 1.000000 0.000000 0.238109 0.248118
-1.200336 0.993442 0.943143 -0.000000 1.000000 0.000000 0.234367 0.248061
-0.799665 0.993442 0.943143 -0.000000 1.000000 0.000000 0.235821 0.173034
-0.799665 0.993442 0.921956 -0.000000 1.000000 0.000000 0.239563 0.173090
-0.799665 0.993442 0.921956 0.577349 0.577349 -0.577349 0.196042 0.092234
-0.799665 0.993442 0.943143 0.577349 0.577349 0.577349 0.196042 0.088617
-0.799665 0.894076 0.943143 0.577349 -0.577349 0.577349 0.214403 0.088617
-0.799665 0.894076 0.921956 0.577349 -0.577349 -0.577349 0.214403 0.092234
-1.200335 0.894076 0.921956 -0.577349 -0.577349 -0.577349 0.214403 0.160625
-1.200336 0.993442 0.921956 -0.577349 0.577349 -0.577349 0.196042 0.160625
-1.200336 0.894076 0.943143 -0.577349 -0.577349 0.577349 0.214403 0.164241
-1.200336 0.993442 0.943143 -0.577349 0.577349 0.577319 0.196042 0.164241
-0.799665 0.894076 0.921956 0.000000 -1.000000 0.000000 0.214533 0.172712
-0.799665 0.894076 0.943143 0.000000 -1.000000 0.000000 0.218274 0.172768
-1.200336 0.894076 0.943143 0.000000 -1.000000 0.000000 0.216820 0.247796
-1.200335 0.894076 0.921956 0.000000 -1.000000 0.000000 0.213079 0.247740
-0.799665 1.024076 1.161955 0.000000 0.000001 -1.000000 0.216820 0.247796
-1.200336 1.024076 1.161955 0.000000 0.000001 -1.000000 0.218274 0.172768
-1.200336 1.123442 1.161955 0.000000 0.000001 -1.000000 0.235821 0.173034
-0.799665 1.123442 1.161956 0.000000 0.000001 -1.000000 0.234367 0.248061
-0.799665 1.123442 1.183143 0.000000 1.000000 0.000000 0.238109 0.248118
-0.799665 1.123442 1.161956 0.000000 1.000000 0.000000 0.234367 0.248061
-1.200336 1.123442 1.161955 0.000000 1.000000 0.000000 0.235821 0.173034
-1.200336 1.123442 1.183143 0.000000 1.000000 0.000000 0.239563 0.173090
-1.200336 1.123442 1.183143 -1.000000 -0.000001 0.000003 0.196042 0.092234
-1.200336 1.123442 1.161955 -1.000000 -0.000001 0.000003 0.196042 0.088617
-1.200336 1.024076 1.161955 -1.000000 -0.000001 0.000003 0.214403 0.088617
-1.200335 1.024076 1.183143 -1.000000 -0.000001 0.000003 0.214403 0.092234
-1.200335 1.024076 1.183143 -0.000001 -0.000000 1.000000 0.214403 0.092234
-0.799665 1.024076 1.183143 -0.000001 -0.000000 1.000000 0.214403 0.160625
-0.799665 1.123442 1.183143 -0.000001 -0.000000 1.000000 0.196042 0.160625
-1.200336 1.123442 1.183143 -0.000001 -0.000000 1.000000 0.196042 0.092234
-0.799665 1.024076 1.183143 1.000000 0.000000 -0.000001 0.214403 0.160625
-0.799665 1.024076 1.161955 1.000000 0.000000 -0.000001 0.214403 0.164241
-0.799665 1.123442 1.161956 1.000000 0.000000 -0.000001 0.196042 0.164241
-0.799665 1.123442 1.183143 1.000000 0.000000 -0.000001 0.196042 0.160625
-1.200335 1.024076 1.183143 -0.000000 -1.000000 0.000000 0.214533 0.172712
-1.200336 1.024076 1.161955 -0.000000 -1.000000 0.000000 0.218274 0.172768
-0.799665 1.024076 1.161955 -0.000000 -1.000000 0.000000 0.216820 0.247796
-0.799665 1.024076 1.183143 -0.000000 -1.000000 0.000000 0.213079 0.247740
-1.203288 0.693370 0.387375 0.000000 1.000000 0.000000 0.191634 0.002327
-0.796712 0.693370 0.387375 0.000000 1.000000 0.000000 0.191634 0.078611
-0.796712 0.690441 0.380303 0.000000 0.707083 -0.707083 0.190198 0.078611
-1.203288 0.690441 0.380303 0.000000 0.707083 -0.707083 0.190198 0.002327
-0.796712 0.683370 0.377374 0.000000 0.000000 -1.000000 0.188762 0.078611
-1.203288 0.683370 0.377374 0.000000 0.000000 -1.000000 0.188762 0.002327
-0.796712 0.676299 0.380303 0.000000 -0.707083 -0.707083 0.187326 0.078611
-1.203288 0.676299 0.380303 0.000000 -0.707083 -0.707083 0.187326 0.002327
-0.796712 0.673370 0.387375 0.000000 -1.000000 0.000000 0.185890 0.078611
-1.203288 0.673370 0.387375 0.000000 -1.000000 0.000000 0.185890 0.002327
-0.796712 0.676299 0.394446 0.000000 -0.707083 0.707083 0.184454 0.078611
-1.203288 0.676299 0.394446 0.000000 -0.707083 0.707083 0.184454 0.002327
-0.796712 0.683370 0.397375 0.000000 0.000000 0.999969 0.183018 0.078611
-1.203288 0.683370 0.397375 0.000000 0.000000 1.000000 0.183018 0.002327
-0.796712 0.690441 0.394446 0.000000 0.707083 0.707083 0.181582 0.078611
-1.203288 0.690441 0.394446 0.000000 0.707083 0.707083 0.181582 0.002327
-0.796712 0.693370 0.387375 0.000000 1.000000 0.000000 0.180146 0.078611
-1.203288 0.693370 0.387375 0.000000 1.000000 0.000000 0.180146 0.002327
-1.170000 1.500000 0.167375 0.000000 1.000000 0.000000 0.185890 0.002327
-0.830000 1.500000 0.167375 0.000000 1.000000 0.000000 0.185890 0.066120
-0.830000 1.497071 0.160303 0.000000 0.707083 -0.707083 0.184454 0.066120
-1.170000 1.497071 0.160303 0.000000 0.707083 -0.707083 0.184454 0.002327
-0.830000 1.490000 0.157374 0.000000 0.000000 -1.000000 0.183018 0.066120
-1.170000 1.490000 0.157374 0.000000 0.000000 -1.000000 0.183018 0.002327
-0.830000 1.482929 0.160303 0.000000 -0.707083 -0.707083 0.181582 0.066120
-1.170000 1.482929 0.160303 0.000000 -0.707083 -0.707083 0.181582 0.002327
-0.830000 1.480000 0.167375 0.000000 -1.000000 0.000000 0.180146 0.066120
-1.170000 1.480000 0.167375 0.000000 -1.000000 0.000000 0.180146 0.002327
-1.170000 1.480000 0.167375 0.000000 -1.000000 0.000000 0.191634 0.002327
-0.830000 1.480000 0.167375 0.000000 -1.000000 0.000000 0.191635 0.066120
-0.830000 1.482929 0.174446 0.000000 -0.707083 0.707083 0.190198 0.066120
-1.170000 1.482929 0.174446 0.000000 -0.707083 0.707083 0.190198 0.002327
-0.830000 1.490000 0.177375 0.000000 0.000000 1.000000 0.188762 0.066120
-1.170000 1.490000 0.177375 0.000000 0.000000 1.000000 0.188762 0.002327
-0.830000 1.497071 0.174446 0.000000 0.707083 0.707083 0.187326 0.066120
-1.170000 1.497071 0.174446 0.000000 0.707083 0.707083 0.187326 0.002327
-1.170000 1.433370 0.427375 0.000000 1.000000 0.000000 0.185890 0.186207
-0.830000 1.433370 0.427375 0.000000 1.000000 0.000000 0.185890 0.250000
-0.830000 1.430441 0.420303 0.000000 0.707083 -0.707083 0.184454 0.250000
-1.170000 1.430441 0.420303 0.000000 0.707083 -0.707083 0.184454 0.186207
-0.830000 1.423370 0.417374 0.000000 0.000000 -1.000000 0.183018 0.250000
-1.170000 1.423370 0.417374 0.000000 0.000000 -1.000000 0.183018 0.186207
-0.830000 1.416299 0.420303 0.000000 -0.707083 -0.707083 0.181582 0.250000
-1.170000 1.416299 0.420303 0.000000 -0.707083 -0.707083 0.181582 0.186207
-0.830000 1.413370 0.427375 0.000000 -1.000000 0.000000 0.180146 0.250000
-1.170000 1.413370 0.427375 0.000000 -0.999969 0.000000 0.180146 0.186207
-1.170000 1.413370 0.427375 0.000000 -0.999969 0.000000 0.191634 0.186207
-0.830000 1.413370 0.427375 0.000000 -1.000000 0.000000 0.191634 0.250000
-0.830000 1.416299 0.434446 0.000000 -0.707083 0.707083 0.190198 0.250000
-1.170000 1.416299 0.434446 0.000000 -0.707083 0.707083 0.190198 0.186207
-0.830000 1.423370 0.437375 0.000000 0.000000 1.000000 0.188762 0.250000
-1.170000 1.423370 0.437375 0.000000 0.000000 1.000000 0.188762 0.186207
-0.830000 1.430441 0.434446 0.000000 0.707083 0.707083 0.187326 0.250000
-1.170000 1.430441 0.434446 0.000000 0.707083 0.707083 0.187326 0.186207
-1.170000 1.365668 0.697375 0.000000 0.999969 0.000000 0.185890 0.080452
-0.830000 1.365667 0.697375 0.000000 1.000000 0.000000 0.185890 0.144245
-0.830000 1.362738 0.690303 0.000000 0.707083 -0.707083 0.184454 0.144245
-1.170000 1.362739 0.690303 0.000000 0.707083 -0.707083 0.184454 0.080452
-0.830000 1.355667 0.687374 0.000000 0.000000 -1.000000 0.183018 0.144245
-1.170000 1.355667 0.687374 0.000000 0.000000 -1.000000 0.183018 0.080452
-0.830000 1.348596 0.690303 0.000000 -0.707083 -0.707083 0.181582 0.144245
-1.170000 1.348596 0.690303 0.000000 -0.707083 -0.707083 0.181582 0.080452
-0.830000 1.345667 0.697375 0.000000 -0.999969 0.000000 0.180146 0.144245
-1.170000 1.345667 0.697375 0.000000 -1.000000 0.000000 0.180146 0.080452
-1.170000 1.345667 0.697375 0.000000 -1.000000 0.000000 0.191634 0.080452
-0.830000 1.345667 0.697375 0.000000 -0.999969 0.000000 0.191635 0.144245
-0.830000 1.348596 0.704446 0.000000 -0.707083 0.707083 0.190198 0.144245
-1.170000 1.348596 0.704446 0.000000 -0.707083 0.707083 0.190198 0.080452
-0.830000 1.355667 0.707375 0.000000 0.000000 1.000000 0.188762 0.144245
-1.170000 1.355667 0.707375 0.000000 0.000000 1.000000 0.188762 0.080452
-0.830000 1.362738 0.704446 0.000000 0.707083 0.707083 0.187326 0.144245
-1.170000 1.362739 0.704446 0.000000 0.707083 0.707083 0.187326 0.080452
-1.170000 1.240000 1.207375 0.000000 1.000000 0.000000 0.185890 0.090462
-0.830000 1.240000 1.207375 0.000000 1.000000 0.000000 0.185890 0.154255
-0.830000 1.237071 1.200304 0.000000 0.707083 -0.707083 0.184454 0.154255
-1.170000 1.237071 1.200303 0.000000 0.707083 -0.707083 0.184454 0.090462
-0.830000 1.230000 1.197375 0.000000 0.000000 -1.000000 0.183018 0.154255
-1.170000 1.230000 1.197374 0.000000 0.000000 -1.000000 0.183018 0.090462
-0.830000 1.222929 1.200304 0.000000 -0.707083 -0.707083 0.181582 0.154255
-1.170000 1.222929 1.200303 0.000000 -0.707083 -0.707083 0.181582 0.090462
-0.830000 1.220000 1.207375 0.000000 -1.000000 0.000000 0.180146 0.154255
-1.170000 1.220000 1.207375 0.000000 -1.000000 0.000000 0.180146 0.090462
-1.170000 1.220000 1.207375 0.000000 -1.000000 0.000000 0.191634 0.090462
-0.830000 1.220000 1.207375 0.000000 -1.000000 0.000000 0.191635 0.154255
-0.830000 1.222929 1.214446 0.000000 -0.707083 0.707083 0.190199 0.154255
-1.170000 1.222929 1.214446 0.000000 -0.707083 0.707083 0.190198 0.090462
-0.830000 1.230000 1.217375 0.000000 0.000000 1.000000 0.188762 0.154255
-1.170000 1.230000 1.217375 0.000000 0.000000 1.000000 0.188762 0.090462
-0.830000 1.237071 1.214446 0.000000 0.707083 0.707083 0.187326 0.154255
-1.170000 1.237071 1.214446 0.000000 0.707083 0.707083 0.187326 0.090462
-0.295487 2.652084 0.260214 0.000000 1.000000 -0.000000 0.163461 0.331187
-0.281512 2.652084 0.260214 0.000000 1.000000 -0.000000 0.165941 0.331250
-0.281512 2.652084 0.175653 0.000000 1.000000 -0.000000 0.164678 0.347062
-0.295487 2.652084 0.175653 0.000000 1.000000 -0.000000 0.162019 0.346849
-0.295487 2.744364 0.267933 0.000000 0.000000 -1.000000 0.162095 0.386494
-0.281512 2.744364 0.267933 0.000000 0.000000 -1.000000 0.164739 0.386179
-0.281512 2.659803 0.267933 0.000000 0.000000 -1.000000 0.166029 0.401665
-0.295487 2.659803 0.267933 0.000000 0.000000 -1.000000 0.163959 0.401861
-0.295487 2.752084 0.260214 0.000000 -0.707108 -0.707105 0.162064 0.384286
-0.281512 2.752084 0.260214 0.000000 -0.707108 -0.707105 0.164730 0.384185
-0.281512 2.744364 0.267933 0.000000 -0.707108 -0.707105 0.164739 0.386179
-0.295487 2.744364 0.267933 0.000000 -0.707108 -0.707105 0.162095 0.386494
-0.295487 2.659803 0.267933 0.000000 0.707108 -0.707105 0.164059 0.329465
-0.281512 2.659803 0.267933 0.000000 0.707108 -0.707105 0.165702 0.329661
-0.281512 2.652084 0.260214 0.000000 0.707108 -0.707105 0.165941 0.331250
-0.295487 2.652084 0.260214 0.000000 0.707108 -0.707105 0.163461 0.331187
-0.295487 2.659803 0.167933 0.000000 0.000000 1.000000 0.161788 0.349078
-0.281512 2.659803 0.167933 0.000000 0.000000 1.000000 0.164406 0.349089
-0.281512 2.744364 0.167933 0.000000 0.000000 1.000000 0.164121 0.366206
-0.295487 2.744364 0.167933 0.000000 0.000000 1.000000 0.161600 0.366153
-0.295487 2.752084 0.175653 0.000000 -1.000000 -0.000000 0.161397 0.368399
-0.281512 2.752084 0.175653 0.000000 -1.000000 -0.000000 0.164092 0.368224
-0.281512 2.752084 0.260214 0.000000 -1.000000 -0.000000 0.164730 0.384185
-0.295487 2.752084 0.260214 0.000000 -1.000000 -0.000000 0.162064 0.384286
-0.295487 2.652084 0.175653 0.000000 0.707109 0.707105 0.162019 0.346849
-0.281512 2.652084 0.175653 0.000000 0.707109 0.707105 0.164678 0.347062
-0.281512 2.659803 0.167933 0.000000 0.707109 0.707105 0.164406 0.349089
-0.295487 2.659803 0.167933 0.000000 0.707109 0.707105 0.161788 0.349078
-0.295487 2.744364 0.167933 0.000000 -0.707109 0.707105 0.161600 0.366153
-0.281512 2.744364 0.167933 0.000000 -0.707109 0.707105 0.164121 0.366206
-0.281512 2.752084 0.175653 0.000000 -0.707109 0.707105 0.164092 0.368224
-0.295487 2.752084 0.175653 0.000000 -0.707109 0.707105 0.161397 0.368399
-0.295487 2.646413 0.265009 -0.000000 -1.000000 0.000000 0.162519 0.330618
-0.295487 2.646413 0.170857 -0.000000 -1.000000 0.000000 0.160852 0.347045
-0.281512 2.646413 0.170857 -0.000000 -1.000000 0.000000 0.158461 0.346667
-0.281512 2.646413 0.265009 -0.000000 -1.000000 0.000000 0.160125 0.330296
-0.295487 2.749159 0.273604 0.000000 0.000000 1.000000 0.160897 0.386190
-0.295487 2.655008 0.273604 0.000000 0.000000 1.000000 0.162940 0.402944
-0.281512 2.655008 0.273604 0.000000 0.000000 1.000000 0.160458 0.403196
-0.281512 2.749159 0.273604 0.000000 0.000000 1.000000 0.158758 0.386478
-0.295487 2.757754 0.265009 0.000000 0.707108 0.707106 0.160935 0.384631
-0.295487 2.749159 0.273604 0.000000 0.707108 0.707106 0.160897 0.386190
-0.281512 2.749159 0.273604 0.000000 0.707108 0.707106 0.158758 0.386478
-0.281512 2.757754 0.265009 0.000000 0.707108 0.707106 0.158672 0.384599
-0.295487 2.655008 0.273604 0.000000 -0.707108 0.707106 0.163036 0.328923
-0.295487 2.646413 0.265009 0.000000 -0.707108 0.707106 0.162519 0.330618
-0.281512 2.646413 0.265009 0.000000 -0.707108 0.707106 0.160125 0.330296
-0.281512 2.655008 0.273604 0.000000 -0.707108 0.707106 0.160666 0.328201
-0.295487 2.655008 0.162263 -0.000000 0.000000 -1.000000 0.160640 0.348638
-0.295487 2.749159 0.162263 -0.000000 0.000000 -1.000000 0.160294 0.366507
-0.281512 2.749159 0.162263 -0.000000 0.000000 -1.000000 0.157886 0.366458
-0.281512 2.655008 0.162263 -0.000000 0.000000 -1.000000 0.158244 0.348681
-0.295487 2.757754 0.170857 0.000000 1.000000 0.000000 0.160394 0.368097
-0.295487 2.757754 0.265009 0.000000 1.000000 0.000000 0.160935 0.384631
-0.281512 2.757754 0.265009 0.000000 1.000000 0.000000 0.158672 0.384599
-0.281512 2.757754 0.170857 0.000000 1.000000 0.000000 0.158027 0.368432
-0.295487 2.646413 0.170857 0.000000 -0.707107 -0.707106 0.160852 0.347045
-0.295487 2.655008 0.162263 0.000000 -0.707107 -0.707106 0.160640 0.348638
-0.281512 2.655008 0.162263 0.000000 -0.707107 -0.707106 0.158244 0.348681
-0.281512 2.646413 0.170857 0.000000 -0.707107 -0.707106 0.158461 0.346667
-0.295487 2.749159 0.162263 0.000000 0.707107 -0.707106 0.160294 0.366507
-0.295487 2.757754 0.170857 0.000000 0.707107 -0.707106 0.160394 0.368097
-0.281512 2.757754 0.170857 0.000000 0.707107 -0.707106 0.158027 0.368432
-0.281512 2.749159 0.162263 0.000000 0.707107 -0.707106 0.157886 0.366458
-0.295487 2.652084 0.260214 -1.000000 0.000000 0.000000 0.163461 0.331187
-0.295487 2.652084 0.175653 -1.000000 0.000000 0.000000 0.162019 0.346849
-0.295487 2.646413 0.170857 -1.000000 0.000000 0.000000 0.160852 0.347045
-0.295487 2.646413 0.265009 -1.000000 0.000000 0.000000 0.162519 0.330618
-0.295487 2.744364 0.167933 -1.000000 -0.000000 0.000000 0.161600 0.366153
-0.295487 2.752084 0.175653 -1.000000 -0.000000 0.000000 0.161397 0.368399
-0.295487 2.757754 0.170857 -1.000000 -0.000000 0.000000 0.160394 0.368097
-0.295487 2.749159 0.162263 -1.000000 -0.000000 0.000000 0.160294 0.366507
-0.281512 2.652084 0.175653 1.000000 -0.000000 0.000000 0.164678 0.347062
-0.281512 2.652084 0.260214 1.000000 -0.000000 0.000000 0.165941 0.331250
-0.281512 2.646413 0.265009 1.000000 -0.000000 0.000000 0.166980 0.330845
-0.281512 2.646413 0.170857 1.000000 -0.000000 0.000000 0.165597 0.347478
-0.281512 2.752084 0.175653 1.000000 0.000000 -0.000000 0.164092 0.368224
-0.281512 2.744364 0.167933 1.000000 0.000000 -0.000000 0.164121 0.366206
-0.281512 2.749159 0.162263 1.000000 0.000000 -0.000000 0.165196 0.366689
-0.281512 2.757754 0.170857 1.000000 0.000000 -0.000000 0.165098 0.367895
-0.295487 2.659803 0.267933 -1.000000 0.000000 -0.000000 0.164059 0.329465
-0.295487 2.655008 0.273604 -1.000000 0.000000 -0.000000 0.163036 0.328923
-0.281512 2.659803 0.267933 1.000000 -0.000000 0.000000 0.165702 0.329661
-0.281512 2.655008 0.273604 1.000000 -0.000000 0.000000 0.166593 0.329349
-0.295487 2.659803 0.167933 -1.000000 0.000000 0.000000 0.161788 0.349078
-0.295487 2.655008 0.162263 -1.000000 0.000000 0.000000 0.160640 0.348638
-0.281512 2.659803 0.167933 1.000000 -0.000000 -0.000000 0.164406 0.349089
-0.281512 2.655008 0.162263 1.000000 -0.000000 -0.000000 0.165584 0.348690
-0.295487 2.752084 0.260214 -1.000000 -0.000000 -0.000000 0.162064 0.384286
-0.295487 2.744364 0.267933 -1.000000 -0.000000 -0.000000 0.162095 0.386494
-0.295487 2.749159 0.273604 -1.000000 -0.000000 -0.000000 0.160897 0.386190
-0.295487 2.757754 0.265009 -1.000000 -0.000000 -0.000000 0.160935 0.384631
-0.281512 2.744364 0.267933 1.000000 0.000000 0.000000 0.164739 0.386179
-0.281512 2.752084 0.260214 1.000000 0.000000 0.000000 0.164730 0.384185
-0.281512 2.757754 0.265009 1.000000 0.000000 0.000000 0.165679 0.384482
-0.281512 2.749159 0.273604 1.000000 0.000000 0.000000 0.165812 0.385681
-0.295487 2.659803 0.267933 -1.000000 0.000000 -0.000000 0.163959 0.401861
-0.295487 2.655008 0.273604 -1.000000 0.000000 -0.000000 0.162940 0.402944
-0.281512 2.659803 0.267933 1.000000 0.000000 0.000000 0.166029 0.401665
-0.281512 2.655008 0.273604 1.000000 0.000000 0.000000 0.166980 0.402357
-2.152890 1.641089 1.748542 0.000000 0.000000 1.000000 0.976300 0.224271
-2.152890 0.962256 1.748542 0.000000 0.000000 1.000000 0.916092 0.221894
-1.643765 0.962256 1.748542 0.000000 0.000000 1.000000 0.917875 0.176738
-1.643765 1.301673 1.748542 0.000000 0.000000 1.000000 0.947979 0.177927
-1.643765 1.641089 1.748542 0.000000 0.000000 1.000000 0.978083 0.179115
-1.643765 0.962256 0.900000 0.000000 -1.000000 0.000000 0.905397 0.096859
-1.643765 0.962256 1.748542 0.000000 -1.000000 0.000000 0.903243 0.172406
-2.152890 0.962256 1.748542 0.000000 -1.000000 0.000000 0.857915 0.171114
-2.152890 0.962256 0.900000 0.000000 -1.000000 0.000000 0.860069 0.095567
-2.152890 1.641089 0.900000 0.000000 1.000000 0.000000 0.906670 0.092634
-2.152890 1.641089 1.748542 0.000000 1.000000 0.000000 0.907346 0.014602
-1.643765 1.641089 1.748542 0.000000 1.000000 0.000000 0.954165 0.015007
-1.643765 1.641089 0.900000 0.000000 1.000000 0.000000 0.953490 0.093039
-2.152890 0.962256 0.900000 -1.000000 -0.000000 0.000000 0.819089 0.093541
-2.152890 0.962256 1.748542 -1.000000 -0.000000 0.000000 0.821898 0.176420
-2.152890 1.641089 1.748542 -1.000000 -0.000000 0.000000 0.757145 0.176614
-2.152890 1.641089 0.900000 -1.000000 -0.000000 0.000000 0.755498 0.094897
-1.643765 0.962256 0.051458 1.000000 0.000000 0.000000 0.979820 0.000000
-1.643765 1.301673 0.051458 1.000000 0.000000 0.000000 0.979820 0.052323
-1.643765 1.284702 0.089369 1.000000 0.000000 0.000000 0.973976 0.049707
-1.643765 0.979227 0.089369 1.000000 0.000000 0.000000 0.973976 0.002616
-1.643765 1.301673 0.051458 1.000000 0.000000 0.000000 0.986588 -0.000000
-1.643765 1.641089 0.051458 1.000000 0.000000 0.000000 0.986588 0.052323
-1.643765 1.624119 0.089369 1.000000 0.000000 0.000000 0.980743 0.049706
-1.643765 1.318644 0.089369 1.000000 0.000000 0.000000 0.980743 0.002616
-1.643765 1.624119 0.900000 1.000000 -0.000000 0.000000 0.830747 0.207417
-1.643765 1.624119 1.710631 1.000000 -0.000000 0.000000 0.751000 0.207148
-1.643765 1.318644 1.710631 1.000000 -0.000000 0.000000 0.750615 0.178465
-1.643765 1.318644 0.900000 1.000000 -0.000000 0.000000 0.830401 0.179041
-1.643765 1.641089 0.900000 1.000000 -0.000000 0.000000 0.931541 0.091624
-1.643765 1.641089 1.748542 1.000000 -0.000000 0.000000 0.931541 0.162271
-1.643765 1.624119 1.710631 1.000000 -0.000000 0.000000 0.929168 0.159179
-1.643765 1.624119 0.900000 1.000000 -0.000000 0.000000 0.929149 0.092771
-1.643765 1.641089 1.748542 1.000000 0.000000 -0.000000 0.994156 0.052323
-1.643765 1.301673 1.748542 1.000000 0.000000 -0.000000 0.994156 0.000000
-1.643765 1.318644 1.710631 1.000000 0.000000 -0.000000 1.000000 0.002616
-1.643765 1.624119 1.710631 1.000000 0.000000 -0.000000 1.000000 0.049707
-1.643765 1.301673 0.900000 1.000000 0.000000 0.000000 0.929149 0.091624
-1.643765 1.301673 0.051458 1.000000 0.000000 0.000000 0.929169 0.020976
-1.643765 1.318644 0.089369 1.000000 0.000000 0.000000 0.931541 0.024068
-1.643765 1.318644 0.900000 1.000000 0.000000 0.000000 0.931541 0.090477
-1.643765 1.284702 0.900000 1.000000 -0.000000 0.000000 0.824820 0.090703
-1.643765 1.284702 1.710631 1.000000 -0.000000 0.000000 0.825589 0.010834
-1.643765 0.979227 1.710631 1.000000 -0.000000 0.000000 0.854512 0.009296
-1.643765 0.979227 0.900000 1.000000 -0.000000 0.000000 0.853589 0.090972
-1.643765 1.301673 1.748542 1.000000 0.000000 -0.000000 0.987278 0.052323
-1.643765 0.962256 1.748542 1.000000 0.000000 -0.000000 0.987278 -0.000000
-1.643765 0.979227 1.710631 1.000000 0.000000 -0.000000 0.993122 0.002616
-1.643765 1.284702 1.710631 1.000000 0.000000 -0.000000 0.993122 0.049707
-1.643765 0.962256 0.900000 1.000000 0.000000 0.000000 0.931541 0.091624
-1.643765 0.962256 0.051458 1.000000 0.000000 0.000000 0.931541 0.162271
-1.643765 0.979227 0.089369 1.000000 0.000000 0.000000 0.929168 0.159179
-1.643765 0.979227 0.900000 1.000000 0.000000 0.000000 0.929149 0.092771
-1.643765 1.301673 1.748542 1.000000 -0.000000 0.000000 0.929129 0.162271
-1.643765 1.284702 1.710631 1.000000 -0.000000 0.000000 0.926756 0.159179
-1.643765 1.284702 0.900000 1.000000 -0.000000 0.000000 0.926756 0.092770
-2.152890 1.641089 0.051458 -0.000000 0.000000 1.000000 0.955344 0.167683
-2.152890 1.556235 0.051458 -0.000000 0.000000 1.000000 0.955344 0.159870
-2.152890 1.047110 0.051458 -0.000000 0.000000 1.000000 0.955344 0.112995
-2.152890 0.962256 0.051458 -0.000000 0.000000 1.000000 0.955344 0.105183
-2.025609 0.962256 0.051458 -0.000000 0.000000 1.000000 0.966508 0.105183
-1.771046 0.962256 0.051458 -0.000000 0.000000 1.000000 0.988836 0.105183
-1.643765 0.962256 0.051458 -0.000000 0.000000 1.000000 1.000000 0.105183
-1.643765 1.047110 0.051458 -0.000000 0.000000 1.000000 1.000000 0.112995
-1.643765 1.301673 0.051458 -0.000000 0.000000 1.000000 1.000000 0.136433
-1.643765 1.556235 0.051458 -0.000000 0.000000 1.000000 1.000000 0.159870
-1.643765 1.641089 0.051458 -0.000000 0.000000 1.000000 1.000000 0.167682
-1.771046 1.641089 0.051458 -0.000000 0.000000 1.000000 0.988836 0.167682
-2.025609 1.641089 0.051458 -0.000000 0.000000 1.000000 0.966508 0.167683
-2.152890 1.641089 0.051458 -1.000000 0.000000 0.000000 0.865279 0.221033
-2.152890 1.641089 -0.001786 -1.000000 0.000000 0.000000 0.865279 0.214793
-2.152890 1.591329 -0.001786 -1.000000 0.000000 0.000000 0.871111 0.214793
-2.152890 1.556235 0.051458 -1.000000 0.000000 0.000000 0.875224 0.221033
-1.643765 1.641089 0.051458 -0.000000 1.000000 0.000000 0.860307 0.227283
-1.643765 1.641089 -0.001786 -0.000000 1.000000 0.000000 0.860307 0.221043
-1.727261 1.641089 -0.001786 -0.000000 1.000000 0.000000 0.870092 0.221043
-1.771046 1.641089 0.051458 -0.000000 1.000000 0.000000 0.875224 0.227283
-2.152890 0.962256 0.051458 -0.000000 -1.000000 0.000000 0.865279 0.227293
-2.152890 0.962256 -0.001786 -0.000000 -1.000000 0.000000 0.865279 0.233533
-2.076085 0.962256 -0.001786 -0.000000 -1.000000 0.000000 0.856278 0.233533
-2.025609 0.962256 0.051458 -0.000000 -1.000000 0.000000 0.850362 0.227293
-1.643765 1.284702 0.089369 1.000000 -0.000000 0.000000 0.926756 0.026361
-1.643765 0.962256 1.748542 1.000000 0.000000 0.000000 0.931541 0.020976
-1.643765 0.979227 1.710631 1.000000 0.000000 0.000000 0.929130 0.026362
-1.643765 1.284702 0.089369 1.000000 -0.000000 0.000000 0.824051 0.170572
-1.643765 0.979227 0.089369 1.000000 -0.000000 0.000000 0.852666 0.172648
-1.643765 1.318644 1.710631 1.000000 0.000000 0.000000 0.931541 0.156886
-1.643765 1.641089 0.051458 1.000000 -0.000000 0.000000 0.931541 0.020976
-1.643765 1.624119 0.089369 1.000000 -0.000000 0.000000 0.929130 0.026362
-1.643765 1.624119 0.089369 1.000000 -0.000000 0.000000 0.910494 0.207686
-1.643765 1.318644 0.089369 1.000000 -0.000000 0.000000 0.910186 0.179618
-2.152890 0.962256 0.051458 -1.000000 0.000000 0.000000 0.816279 0.010662
-2.152890 1.641089 0.051458 -1.000000 0.000000 0.000000 0.753851 0.013181
-2.152890 1.556235 0.051458 -1.000000 0.000000 0.000000 0.761655 0.012866
-2.152890 1.047110 0.051458 -1.000000 0.000000 0.000000 0.808475 0.010977
-2.152890 1.641089 0.051458 0.000000 1.000000 0.000000 0.905995 0.170666
-1.643765 1.641089 0.051458 0.000000 1.000000 0.000000 0.952814 0.171071
-1.771046 1.641089 0.051458 0.000000 1.000000 0.000000 0.941109 0.170970
-2.025609 1.641089 0.051458 0.000000 1.000000 0.000000 0.917700 0.170767
-1.643765 0.962256 0.051458 0.000000 -1.000000 0.000000 0.907550 0.021313
-2.152890 0.962256 0.051458 0.000000 -1.000000 0.000000 0.862223 0.020021
-2.025609 0.962256 0.051458 0.000000 -1.000000 0.000000 0.873554 0.020344
-1.771046 0.962256 0.051458 0.000000 -1.000000 0.000000 0.896218 0.020990
-2.025609 1.641089 0.051458 -0.000000 1.000000 0.000000 0.850362 0.221033
-2.076085 1.641089 -0.001786 -0.000000 1.000000 0.000000 0.856278 0.214793
-2.152890 1.641089 -0.001786 -0.000000 1.000000 0.000000 0.865279 0.214793
-2.152890 1.641089 0.051458 -0.000000 1.000000 0.000000 0.865279 0.221033
-1.771046 0.962256 0.051458 -0.000000 -1.000000 0.000000 0.875224 0.208543
-1.727261 0.962256 -0.001786 -0.000000 -1.000000 0.000000 0.870092 0.214783
-1.643765 0.962256 -0.001786 -0.000000 -1.000000 0.000000 0.860307 0.214783
-1.643765 0.962256 0.051458 -0.000000 -1.000000 0.000000 0.860307 0.208543
-2.152890 1.047110 0.051458 -1.000000 0.000000 0.000000 0.875224 0.227293
-2.152890 1.007337 -0.001786 -1.000000 0.000000 0.000000 0.870562 0.233533
-2.152890 0.962256 -0.001786 -1.000000 0.000000 0.000000 0.865279 0.233533
-2.152890 0.962256 0.051458 -1.000000 0.000000 0.000000 0.865279 0.227293
-1.643765 1.007337 -0.001786 1.000000 -0.000000 0.000000 0.855023 0.214783
-1.643765 1.047110 0.051458 1.000000 -0.000000 0.000000 0.850362 0.208543
-1.643765 0.962256 0.051458 1.000000 -0.000000 0.000000 0.860307 0.208543
-1.643765 0.962256 -0.001786 1.000000 -0.000000 0.000000 0.860307 0.214783
-1.643765 1.641089 -0.001786 1.000000 -0.000000 0.000000 0.860307 0.221043
-1.643765 1.641089 0.051458 1.000000 -0.000000 0.000000 0.860307 0.227283
-1.643765 1.556235 0.051458 1.000000 -0.000000 0.000000 0.850362 0.227283
-1.643765 1.591329 -0.001786 1.000000 -0.000000 0.000000 0.854475 0.221043
-1.875257 1.789125 0.245313 0.000000 -1.000000 0.000000 0.709746 0.080535
-1.875257 1.789125 0.980000 0.000000 -1.000000 0.000000 0.709746 0.008875
-2.115257 1.789125 0.980000 0.000000 -1.000000 0.000000 0.733155 0.008875
-2.115257 1.789125 0.245313 0.000000 -1.000000 0.000000 0.733155 0.080535
-1.875257 2.305257 0.245313 1.000000 0.000000 0.000000 0.732194 0.182266
-1.875257 1.789125 0.245313 1.000000 0.000000 0.000000 0.732194 0.124539
-1.875257 1.789125 0.138743 1.000000 0.000000 0.000000 0.744113 0.124539
-1.875257 2.821390 0.138743 1.000000 0.000000 0.000000 0.744113 0.239991
-1.875257 2.821390 0.245313 1.000000 0.000000 0.000000 0.732194 0.239991
-2.115257 2.821390 0.245313 0.000000 1.000000 0.000000 0.567710 0.210907
-2.115257 2.821390 0.980000 0.000000 1.000000 0.000000 0.567710 0.120484
-1.875257 2.821390 0.980000 0.000000 1.000000 0.000000 0.597248 0.120484
-1.875257 2.821390 0.245313 0.000000 1.000000 0.000000 0.597248 0.210907
-2.105257 1.804098 0.000000 -1.000000 -0.000000 0.000000 0.626511 0.123525
-2.105257 1.804098 0.129616 -1.000000 -0.000000 0.000000 0.640789 0.123524
-2.105257 2.805902 0.129616 -1.000000 -0.000000 0.000000 0.640798 0.233874
-2.105257 2.805902 0.000000 -1.000000 -0.000000 0.000000 0.626520 0.233875
-2.105257 1.804098 0.000000 -0.000000 0.000000 -1.000000 0.528029 0.127977
-2.105257 2.805902 0.000000 -0.000000 0.000000 -1.000000 0.528029 0.240023
-1.895257 2.805902 0.000000 -0.000000 0.000000 -1.000000 0.504541 0.240023
-1.895257 1.804098 0.000000 -0.000000 0.000000 -1.000000 0.504541 0.127977
-2.105257 2.805902 0.129616 0.000000 0.507736 -0.861513 0.568940 0.226236
-2.115257 2.821390 0.138743 0.000000 0.507736 -0.861513 0.567710 0.224023
-1.875257 2.821390 0.138743 0.000000 0.507736 -0.861513 0.597248 0.224023
-1.895257 2.805902 0.129616 0.000000 0.507736 -0.861513 0.594787 0.226236
-1.895257 1.804098 0.129616 0.000000 -0.520516 -0.853852 0.711697 0.092640
-1.875257 1.789125 0.138743 0.000000 -0.520516 -0.853852 0.709746 0.090930
-2.115257 1.789125 0.138743 0.000000 -0.520516 -0.853852 0.733155 0.090930
-2.105257 1.804098 0.129616 0.000000 -0.520516 -0.853852 0.732180 0.092640
-2.105257 1.804098 0.129616 -0.674166 0.000000 -0.738580 0.640789 0.123524
-2.115257 1.789125 0.138743 -0.674166 0.000000 -0.738580 0.642762 0.121360
-2.115257 2.821390 0.138743 -0.674166 0.000000 -0.738580 0.642762 0.235595
-2.105257 2.805902 0.129616 -0.674166 0.000000 -0.738580 0.640798 0.233874
-1.895257 2.805902 0.129616 0.415196 0.000000 -0.909732 0.619064 0.117553
-1.875257 2.821390 0.138743 0.415196 0.000000 -0.909732 0.621523 0.115629
-1.875257 1.789125 0.138743 0.415196 0.000000 -0.909732 0.621523 0.243862
-1.895257 1.804098 0.129616 0.415196 0.000000 -0.909732 0.619064 0.242002
-1.895257 1.804098 0.000000 0.000000 -1.000000 0.000000 0.711697 0.105283
-1.895257 1.804098 0.129616 0.000000 -1.000000 0.000000 0.711697 0.092640
-2.105257 1.804098 0.129616 0.000000 -1.000000 0.000000 0.732180 0.092640
-2.105257 1.804098 0.000000 0.000000 -1.000000 0.000000 0.732180 0.105283
-2.105257 2.805902 0.000000 0.000000 1.000000 0.000000 0.568940 0.242188
-2.105257 2.805902 0.129616 0.000000 1.000000 0.000000 0.568940 0.226236
-1.895257 2.805902 0.129616 0.000000 1.000000 0.000000 0.594787 0.226236
-1.895257 2.805902 0.000000 0.000000 1.000000 0.000000 0.594787 0.242188
-1.895257 2.805902 0.000000 1.000000 -0.000000 0.000000 0.604567 0.117553
-1.895257 2.805902 0.129616 1.000000 -0.000000 0.000000 0.619064 0.117553
-1.895257 1.804098 0.129616 1.000000 -0.000000 0.000000 0.619064 0.242002
-1.895257 1.804098 0.000000 1.000000 -0.000000 0.000000 0.604567 0.242002
-2.115257 2.821390 0.980000 0.000000 0.000000 1.000000 0.534434 0.243030
-2.115257 1.789125 0.980000 0.000000 0.000000 1.000000 0.534434 0.127577
-1.875257 1.789125 0.980000 0.000000 0.000000 1.000000 0.561277 0.127577
-1.875257 2.305257 0.980000 0.000000 0.000000 1.000000 0.561277 0.185304
-1.875257 2.821390 0.980000 0.000000 0.000000 1.000000 0.561277 0.243030
-2.115257 1.789125 0.245313 -1.000000 -0.000000 0.000000 0.633621 0.013409
-2.115257 1.789125 0.980000 -1.000000 -0.000000 0.000000 0.633621 0.106426
-2.115257 2.821390 0.980000 -1.000000 -0.000000 0.000000 0.502928 0.106426
-2.115257 2.821390 0.245313 -1.000000 -0.000000 0.000000 0.502928 0.013409
-2.115257 2.821390 0.138743 0.000000 1.000000 0.000000 0.567710 0.224023
-1.875257 2.821390 0.138743 0.000000 1.000000 0.000000 0.597248 0.224023
-1.875257 1.789125 0.138743 0.000000 -1.000000 0.000000 0.709746 0.090930
-2.115257 1.789125 0.138743 0.000000 -1.000000 0.000000 0.733155 0.090930
-2.115257 2.821390 0.138743 -1.000000 0.000000 0.000000 0.502928 -0.000084
-2.115257 1.789125 0.138743 -1.000000 0.000000 0.000000 0.633621 -0.000084
-1.875257 1.789125 0.245313 0.857673 0.000000 -0.514196 0.702384 0.093569
-1.875257 2.305257 0.245313 0.857673 0.000000 -0.514196 0.642281 0.093569
-1.864527 2.292864 0.263211 0.857673 0.000000 -0.514196 0.643725 0.091139
-1.864527 1.828345 0.263211 0.857673 0.000000 -0.514196 0.697817 0.091139
-1.875257 2.305257 0.980000 0.843701 -0.536813 0.000000 0.720574 0.119680
-1.875257 2.305257 0.245313 0.843701 -0.536813 0.000000 0.720574 0.208354
-1.864527 2.322122 0.263211 0.843701 -0.536813 0.000000 0.718162 0.206193
-1.864527 2.322122 0.953160 0.843701 -0.536813 0.000000 0.718162 0.122919
-1.864527 2.786641 0.263211 1.000000 -0.000000 0.000000 0.662096 0.206193
-1.864527 2.786641 0.953160 1.000000 -0.000000 0.000000 0.662096 0.122919
-1.864527 2.322122 0.953160 1.000000 -0.000000 0.000000 0.718162 0.122919
-1.864527 2.322122 0.263211 1.000000 -0.000000 0.000000 0.718162 0.206193
-1.875257 2.821390 0.980000 0.928545 0.000000 0.371221 0.657902 0.119431
-1.875257 2.305257 0.980000 0.928545 0.000000 0.371221 0.720197 0.119431
-1.864527 2.322122 0.953160 0.928545 0.000000 0.371221 0.718162 0.122919
-1.864527 2.786641 0.953160 0.928545 0.000000 0.371221 0.662096 0.122919
-1.875257 2.305257 0.245313 0.857673 0.000000 -0.514196 0.720197 0.208712
-1.875257 2.821390 0.245313 0.857673 0.000000 -0.514196 0.657902 0.208712
-1.864527 2.786641 0.263211 0.857673 0.000000 -0.514196 0.662096 0.206193
-1.864527 2.322122 0.263211 0.857673 0.000000 -0.514196 0.718162 0.206193
-1.875257 2.821390 0.245313 0.955481 0.295052 0.000000 0.657707 0.208354
-1.875257 2.821390 0.980000 0.955481 0.295052 0.000000 0.657707 0.119680
-1.864527 2.786641 0.953160 0.955481 0.295052 0.000000 0.662096 0.122919
-1.864527 2.786641 0.263211 0.955481 0.295052 0.000000 0.662096 0.206193
-1.864527 2.292864 0.263211 1.000000 -0.000000 0.000000 0.643725 0.091139
-1.864527 2.292864 0.953160 1.000000 -0.000000 0.000000 0.643725 0.010796
-1.864527 1.828345 0.953160 1.000000 -0.000000 0.000000 0.697817 0.010796
-1.864527 1.828345 0.263211 1.000000 -0.000000 0.000000 0.697817 0.091139
-1.875257 2.305257 0.245313 0.756010 0.654560 0.000000 0.641816 0.093223
-1.875257 2.305257 0.980000 0.756010 0.654560 0.000000 0.641816 0.007670
-1.864527 2.292864 0.953160 0.756010 0.654560 0.000000 0.643725 0.010796
-1.864527 2.292864 0.263211 0.756010 0.654560 0.000000 0.643725 0.091139
-1.875257 1.789125 0.980000 0.964550 -0.263898 0.000000 0.702552 0.007670
-1.875257 1.789125 0.245313 0.964550 -0.263898 0.000000 0.702552 0.093223
-1.864527 1.828345 0.263211 0.964550 -0.263898 0.000000 0.697817 0.091139
-1.864527 1.828345 0.953160 0.964550 -0.263898 0.000000 0.697817 0.010796
-1.875257 2.305257 0.980000 0.928545 0.000000 0.371221 0.642281 0.007430
-1.875257 1.789125 0.980000 0.928545 0.000000 0.371221 0.702384 0.007430
-1.864527 1.828345 0.953160 0.928545 0.000000 0.371221 0.697817 0.010796
-1.864527 2.292864 0.953160 0.928545 0.000000 0.371221 0.643725 0.010796
1.874447 2.387089 0.028248 0.000398 -0.010254 0.999947 0.639663 0.257902
0.744902 2.381069 0.028299 0.000398 -0.010254 0.999947 0.639663 0.437716
0.743714 2.318566 0.027995 0.000398 -0.010254 0.999947 0.630132 0.437716
1.876878 2.323434 0.027257 0.000398 -0.010254 0.999947 0.630132 0.257902
1.877210 2.320584 0.000894 0.004472 -0.993581 0.113039 0.626048 0.257902
1.876878 2.323434 0.027257 0.004472 -0.993581 0.113039 0.630132 0.257902
0.743714 2.318566 0.027995 0.004472 -0.993581 0.113039 0.630132 0.437716
0.745317 2.315760 0.004563 0.004472 -0.993581 0.113039 0.626048 0.437716
0.745317 2.315760 0.004563 -0.999898 -0.001185 -0.014220 0.626048 0.437716
0.743714 2.318566 0.027995 -0.999898 -0.001185 -0.014220 0.626048 0.443308
0.744902 2.381069 0.028299 -0.999898 -0.001185 -0.014220 0.616518 0.443308
0.744023 2.376524 0.001418 -0.999898 -0.001185 -0.014220 0.616518 0.437716
0.744023 2.376524 0.001418 -0.002506 -0.041402 -0.999139 0.616518 0.437716
1.874033 2.382507 -0.001034 -0.002506 -0.041402 -0.999139 0.616517 0.257902
1.877210 2.320584 0.000894 -0.002506 -0.041402 -0.999139 0.626048 0.257902
0.745317 2.315760 0.004563 -0.002506 -0.041402 -0.999139 0.626048 0.437716
1.874033 2.382507 -0.001034 0.998979 0.044558 -0.007435 0.616517 0.257902
1.874447 2.387089 0.028248 0.998979 0.044558 -0.007435 0.616517 0.252310
1.876878 2.323434 0.027257 0.998979 0.044558 -0.007435 0.626048 0.252310
1.877210 2.320584 0.000894 0.998979 0.044558 -0.007435 0.626048 0.257902
0.744023 2.376524 0.001418 -0.005420 0.987056 -0.160285 0.616518 0.437716
0.744902 2.381069 0.028299 -0.005420 0.987056 -0.160285 0.612433 0.437716
1.874447 2.387089 0.028248 -0.005420 0.987056 -0.160285 0.612433 0.257902
1.874033 2.382507 -0.001034 -0.005420 0.987056 -0.160285 0.616517 0.257902
1.865099 2.048076 0.016559 0.005455 -0.059084 0.998238 0.642869 0.432449
0.732935 2.038253 0.017296 0.005455 -0.059084 0.998238 0.642869 0.252635
0.733014 1.974861 0.018412 0.005455 -0.059084 0.998238 0.651593 0.252635
1.866627 1.986218 0.008021 0.005455 -0.059084 0.998238 0.651592 0.432449
1.865879 1.987632 -0.000333 0.004958 -0.940097 -0.340871 0.655331 0.432449
1.866627 1.986218 0.008021 0.004958 -0.940097 -0.340871 0.651592 0.432449
0.733014 1.974861 0.018412 0.004958 -0.940097 -0.340871 0.651593 0.252635
0.735120 1.980908 0.006210 0.004958 -0.940097 -0.340871 0.655331 0.252635
0.735120 1.980908 0.006210 -0.990011 -0.010533 -0.140596 0.655331 0.252635
0.733014 1.974861 0.018412 -0.990011 -0.010533 -0.140596 0.655331 0.247043
0.732935 2.038253 0.017296 -0.990011 -0.010533 -0.140596 0.664054 0.247043
0.735061 2.039686 -0.000859 -0.990011 -0.010533 -0.140596 0.664054 0.252635
0.735061 2.039686 -0.000859 -0.002532 -0.065081 -0.997877 0.664054 0.252635
1.857425 2.038437 -0.000390 -0.002532 -0.065081 -0.997877 0.664054 0.432449
1.865879 1.987632 -0.000333 -0.002532 -0.065081 -0.997877 0.655331 0.432449
0.735120 1.980908 0.006210 -0.002532 -0.065081 -0.997877 0.655331 0.252635
1.857425 2.038437 -0.000390 0.932092 0.108593 -0.345561 0.664054 0.432449
1.865099 2.048076 0.016559 0.932092 0.108593 -0.345561 0.664054 0.438041
1.866627 1.986218 0.008021 0.932092 0.108593 -0.345561 0.655331 0.438041
1.865879 1.987632 -0.000333 0.932092 0.108593 -0.345561 0.655331 0.432449
0.735061 2.039686 -0.000859 -0.003731 0.973863 -0.227104 0.664054 0.252635
0.732935 2.038253 0.017296 -0.003731 0.973863 -0.227104 0.667793 0.252635
1.865099 2.048076 0.016559 -0.003731 0.973863 -0.227104 0.667793 0.432449
1.857425 2.038437 -0.000390 -0.003731 0.973863 -0.227104 0.664054 0.432449
1.858710 1.712902 0.015608 0.013089 -0.027791 0.999528 0.696319 0.258634
0.727210 1.696392 0.027988 0.013089 -0.027791 0.999528 0.696319 0.438448
0.723742 1.633294 0.028257 0.013089 -0.027791 0.999528 0.686064 0.438448
1.859622 1.651093 0.011900 0.013089 -0.027791 0.999528 0.686064 0.258634
1.859004 1.650950 0.002674 0.016290 -0.999316 0.033204 0.681669 0.258634
1.859622 1.651093 0.011900 0.016290 -0.999316 0.033204 0.686064 0.258634
0.723742 1.633294 0.028257 0.016290 -0.999316 0.033204 0.686064 0.438448
0.728617 1.632111 -0.004486 0.016290 -0.999316 0.033204 0.681669 0.438448
0.728617 1.632111 -0.004486 -0.996929 0.016821 -0.076487 0.681669 0.438448
0.723742 1.633294 0.028257 -0.996929 0.016821 -0.076487 0.681669 0.444040
0.727210 1.696392 0.027988 -0.996929 0.016821 -0.076487 0.671414 0.444040
0.727259 1.692625 -0.004533 -0.996929 0.016821 -0.076487 0.671414 0.438448
0.727259 1.692625 -0.004533 0.006038 -0.008954 -0.999942 0.671414 0.438448
1.858823 1.709954 0.001642 0.006038 -0.008954 -0.999942 0.671414 0.258634
1.859004 1.650950 0.002674 0.006038 -0.008954 -0.999942 0.681669 0.258634
0.728617 1.632111 -0.004486 0.006038 -0.008954 -0.999942 0.681669 0.438448
1.858823 1.709954 0.001642 0.999689 0.009549 -0.023045 0.671414 0.258634
1.858710 1.712902 0.015608 0.999689 0.009549 -0.023045 0.671414 0.253042
1.859622 1.651093 0.011900 0.999689 0.009549 -0.023045 0.681669 0.253042
1.859004 1.650950 0.002674 0.999689 0.009549 -0.023045 0.681669 0.258634
0.727259 1.692625 -0.004533 -0.015190 0.989604 -0.143016 0.671414 0.438448
0.727210 1.696392 0.027988 -0.015190 0.989604 -0.143016 0.667019 0.438448
1.858710 1.712902 0.015608 -0.015190 0.989604 -0.143016 0.667019 0.258634
1.858823 1.709954 0.001642 -0.015190 0.989604 -0.143016 0.671414 0.258634
1.855147 1.706362 0.118261 -0.003383 -0.022323 0.999745 0.503062 0.265882
0.723738 1.697580 0.112495 -0.003383 -0.022323 0.999745 0.503062 0.430101
0.725653 1.633433 0.112810 -0.003383 -0.022323 0.999745 0.512428 0.430101
1.856421 1.641412 0.115075 -0.003383 -0.022323 0.999745 0.512428 0.265882
1.855119 1.635377 0.097915 0.004541 -0.976173 0.216946 0.516442 0.265882
1.856421 1.641412 0.115075 0.004541 -0.976173 0.216946 0.512428 0.265882
0.725653 1.633433 0.112810 0.004541 -0.976173 0.216946 0.512428 0.430101
0.723302 1.631035 0.092100 0.004541 -0.976173 0.216946 0.516442 0.430101
0.723302 1.631035 0.092100 -0.998904 0.019585 -0.042524 0.516442 0.430101
0.725653 1.633433 0.112810 -0.998904 0.019585 -0.042524 0.516442 0.435208
0.723738 1.697580 0.112495 -0.998904 0.019585 -0.042524 0.525807 0.435208
0.728064 1.711659 0.092199 -0.998904 0.019585 -0.042524 0.525807 0.430101
0.728064 1.711659 0.092199 0.001782 -0.048512 -0.998821 0.525807 0.430101
1.857177 1.712429 0.090170 0.001782 -0.048512 -0.998821 0.525807 0.265882
1.855119 1.635377 0.097915 0.001782 -0.048512 -0.998821 0.516442 0.265882
0.723302 1.631035 0.092100 0.001782 -0.048512 -0.998821 0.516442 0.430101
1.857177 1.712429 0.090170 0.999858 -0.005009 0.016099 0.525807 0.265882
1.855147 1.706362 0.118261 0.999858 -0.005009 0.016099 0.525807 0.260775
1.856421 1.641412 0.115075 0.999858 -0.005009 0.016099 0.516442 0.260775
1.855119 1.635377 0.097915 0.999858 -0.005009 0.016099 0.516442 0.265882
0.728064 1.711659 0.092199 -0.004536 0.923387 0.383844 0.525807 0.430101
0.723738 1.697580 0.112495 -0.004536 0.923387 0.383844 0.529821 0.430101
1.855147 1.706362 0.118261 -0.004536 0.923387 0.383844 0.529821 0.265882
1.857177 1.712429 0.090170 -0.004536 0.923387 0.383844 0.525807 0.265882
1.864106 1.870238 0.116193 -0.001535 0.006939 0.999975 0.552536 0.424470
0.731587 1.858891 0.113395 -0.001535 0.006939 0.999975 0.552536 0.280229
0.732207 1.797426 0.114962 -0.001535 0.006939 0.999975 0.544310 0.280229
1.865044 1.808050 0.115488 -0.001535 0.006939 0.999975 0.544310 0.424470
1.861136 1.800516 0.090879 0.005881 -0.988848 0.148813 0.540785 0.424470
1.865044 1.808050 0.115488 0.005881 -0.988848 0.148813 0.544310 0.424470
0.732207 1.797426 0.114962 0.005881 -0.988848 0.148813 0.544310 0.280229
0.730901 1.797715 0.091634 0.005881 -0.988848 0.148813 0.540785 0.280229
0.730901 1.797715 0.091634 -0.999932 0.011609 -0.001132 0.540785 0.280229
0.732207 1.797426 0.114962 -0.999932 0.011609 -0.001132 0.540785 0.275743
0.731587 1.858891 0.113395 -0.999932 0.011609 -0.001132 0.532559 0.275743
0.733210 1.881561 0.091859 -0.999932 0.011609 -0.001132 0.532559 0.280229
0.733210 1.881561 0.091859 -0.001880 -0.014068 -0.999899 0.532559 0.280229
1.864330 1.882468 0.088311 -0.001880 -0.014068 -0.999899 0.532558 0.424470
1.861136 1.800516 0.090879 -0.001880 -0.014068 -0.999899 0.540785 0.424470
0.730901 1.797715 0.091634 -0.001880 -0.014068 -0.999899 0.540785 0.280229
1.864330 1.882468 0.088311 0.997306 -0.016525 -0.071471 0.532558 0.424470
1.864106 1.870238 0.116193 0.997306 -0.016525 -0.071471 0.532558 0.428956
1.865044 1.808050 0.115488 0.997306 -0.016525 -0.071471 0.540785 0.428956
1.861136 1.800516 0.090879 0.997306 -0.016525 -0.071471 0.540785 0.424470
0.733210 1.881561 0.091859 -0.004231 0.816909 0.576751 0.532559 0.280229
0.731587 1.858891 0.113395 -0.004231 0.816909 0.576751 0.529033 0.280229
1.864106 1.870238 0.116193 -0.004231 0.816909 0.576751 0.529033 0.424470
1.864330 1.882468 0.088311 -0.004231 0.816909 0.576751 0.532558 0.424470
1.867626 2.043081 0.117288 0.000221 0.000585 1.000000 0.527680 0.446814
0.735037 2.028597 0.114838 0.000221 0.000585 1.000000 0.671851 0.446814
0.735810 1.968978 0.117582 0.000221 0.000585 1.000000 0.671851 0.455036
1.868042 1.980584 0.114615 0.000221 0.000585 1.000000 0.527680 0.455036
1.865981 1.967007 0.091349 0.004993 -0.957884 0.287113 0.527680 0.458560
1.868042 1.980584 0.114615 0.004993 -0.957884 0.287113 0.527680 0.455036
0.735810 1.968978 0.117582 0.004993 -0.957884 0.287113 0.671851 0.455036
0.735380 1.967738 0.091458 0.004993 -0.957884 0.287113 0.671851 0.458560
0.735380 1.967738 0.091458 -0.999467 0.006646 -0.031948 0.671851 0.458560
0.735810 1.968978 0.117582 -0.999467 0.006646 -0.031948 0.676334 0.458560
0.735037 2.028597 0.114838 -0.999467 0.006646 -0.031948 0.676334 0.466782
0.737180 2.051506 0.091891 -0.999467 0.006646 -0.031948 0.671851 0.466782
0.737180 2.051506 0.091891 -0.000114 0.004896 -0.999988 0.671851 0.466782
1.867752 2.052212 0.091743 -0.000114 0.004896 -0.999988 0.527680 0.466782
1.865981 1.967007 0.091349 -0.000114 0.004896 -0.999988 0.527680 0.458560
0.735380 1.967738 0.091458 -0.000114 0.004896 -0.999988 0.671851 0.458560
1.867752 2.052212 0.091743 0.999210 -0.008361 -0.038859 0.527680 0.466782
1.867626 2.043081 0.117288 0.999210 -0.008361 -0.038859 0.523196 0.466782
1.868042 1.980584 0.114615 0.999210 -0.008361 -0.038859 0.523196 0.458560
1.865981 1.967007 0.091349 0.999210 -0.008361 -0.038859 0.527680 0.458560
0.737180 2.051506 0.091891 -0.006161 0.834455 0.551041 0.671851 0.466782
0.735037 2.028597 0.114838 -0.006161 0.834455 0.551041 0.671851 0.470306
1.867626 2.043081 0.117288 -0.006161 0.834455 0.551041 0.527680 0.470306
1.867752 2.052212 0.091743 -0.006161 0.834455 0.551041 0.527680 0.466782
1.870797 2.210298 0.113213 0.001667 0.016780 0.999858 0.581097 0.270393
0.737324 2.203720 0.117506 0.001667 0.016780 0.999858 0.581944 0.423551
0.736092 2.137609 0.116324 0.001667 0.016780 0.999858 0.573209 0.423600
1.872045 2.145562 0.116590 0.001667 0.016780 0.999858 0.572362 0.270441
1.869705 2.138058 0.092049 0.003700 -0.987991 0.154467 0.568619 0.270462
1.872045 2.145562 0.116590 0.003700 -0.987991 0.154467 0.572362 0.270441
0.736092 2.137609 0.116324 0.003700 -0.987991 0.154467 0.573209 0.423600
0.739437 2.137479 0.092012 0.003700 -0.987991 0.154467 0.569466 0.423620
0.739437 2.137479 0.092012 -0.989415 0.023547 -0.143189 0.569466 0.423620
0.736092 2.137609 0.116324 -0.989415 0.023547 -0.143189 0.569492 0.428383
0.737324 2.203720 0.117506 -0.989415 0.023547 -0.143189 0.560757 0.428432
0.741727 2.221593 0.091202 -0.989415 0.023547 -0.143189 0.560731 0.423669
0.741727 2.221593 0.091202 0.000223 -0.007117 -0.999975 0.560731 0.423669
1.871053 2.222127 0.091662 0.000223 -0.007117 -0.999975 0.559884 0.270510
1.869705 2.138058 0.092049 0.000223 -0.007117 -0.999975 0.568619 0.270462
0.739437 2.137479 0.092012 0.000223 -0.007117 -0.999975 0.569466 0.423620
1.871053 2.222127 0.091662 0.998970 -0.001813 -0.045343 0.559884 0.270510
1.870797 2.210298 0.113213 0.998970 -0.001813 -0.045343 0.559858 0.265747
1.872045 2.145562 0.116590 0.998970 -0.001813 -0.045343 0.568592 0.265699
1.869705 2.138058 0.092049 0.998970 -0.001813 -0.045343 0.568619 0.270462
0.741727 2.221593 0.091202 -0.001777 0.849721 0.527230 0.560731 0.423669
0.737324 2.203720 0.117506 -0.001777 0.849721 0.527230 0.556987 0.423689
1.870797 2.210298 0.113213 -0.001777 0.849721 0.527230 0.556141 0.270531
1.871053 2.222127 0.091662 -0.001777 0.849721 0.527230 0.559884 0.270510
1.875652 2.386180 0.112818 0.005586 0.001972 0.999982 0.609512 0.271130
0.744631 2.378056 0.118190 0.005586 0.001972 0.999982 0.609512 0.423638
0.746258 2.317322 0.119262 0.005586 0.001972 0.999982 0.600814 0.423638
1.874197 2.319131 0.111996 0.005586 0.001972 0.999982 0.600814 0.271130
1.872214 2.308189 0.091571 0.002331 -0.917632 0.397424 0.597087 0.271130
1.874197 2.319131 0.111996 0.002331 -0.917632 0.397424 0.600814 0.271130
0.746258 2.317322 0.119262 0.002331 -0.917632 0.397424 0.600814 0.423638
0.743876 2.307261 0.091220 0.002331 -0.917632 0.397424 0.597087 0.423638
0.743876 2.307261 0.091220 -0.999867 0.004699 0.015626 0.597087 0.423638
0.746258 2.317322 0.119262 -0.999867 0.004699 0.015626 0.597087 0.428381
0.744631 2.378056 0.118190 -0.999867 0.004699 0.015626 0.588389 0.428381
0.746117 2.383380 0.090326 -0.999867 0.004699 0.015626 0.588389 0.423638
0.746117 2.383380 0.090326 0.000419 -0.010284 -0.999947 0.588389 0.423638
1.873075 2.386742 0.090876 0.000419 -0.010284 -0.999947 0.588389 0.271130
1.872214 2.308189 0.091571 0.000419 -0.010284 -0.999947 0.597087 0.271130
0.743876 2.307261 0.091220 0.000419 -0.010284 -0.999947 0.597087 0.423638
1.873075 2.386742 0.090876 0.994539 -0.015733 -0.103168 0.588389 0.271130
1.875652 2.386180 0.112818 0.994539 -0.015733 -0.103168 0.588389 0.266387
1.874197 2.319131 0.111996 0.994539 -0.015733 -0.103168 0.597087 0.266387
1.872214 2.308189 0.091571 0.994539 -0.015733 -0.103168 0.597087 0.271130
0.746117 2.383380 0.090326 -0.004801 0.993066 0.117462 0.588389 0.423638
0.744631 2.378056 0.118190 -0.004801 0.993066 0.117462 0.584661 0.423638
1.875652 2.386180 0.112818 -0.004801 0.993066 0.117462 0.584661 0.271130
1.873075 2.386742 0.090876 -0.004801 0.993066 0.117462 0.588389 0.271130
1.856396 1.641142 0.103333 0.000137 -0.000159 1.000000 0.696319 0.258634
1.869078 2.387084 0.103507 0.000137 -0.000159 1.000000 0.696319 0.438448
1.785094 2.387436 0.103461 0.000137 -0.000159 1.000000 0.686064 0.438448
1.784969 1.639864 0.103400 0.000137 -0.000159 1.000000 0.686064 0.258634
1.800600 1.643103 0.076455 -0.839764 0.002204 -0.542947 0.681669 0.258634
1.784969 1.639864 0.103400 -0.839764 0.002204 -0.542947 0.686064 0.258634
1.785094 2.387436 0.103461 -0.839764 0.002204 -0.542947 0.686064 0.438448
1.804654 2.386638 0.075985 -0.839764 0.002204 -0.542947 0.681669 0.438448
1.804654 2.386638 0.075985 -0.015326 0.999689 0.019655 0.681669 0.438448
1.785094 2.387436 0.103461 -0.015326 0.999689 0.019655 0.681669 0.444040
1.869078 2.387084 0.103507 -0.015326 0.999689 0.019655 0.671414 0.444040
1.869017 2.389253 0.076498 -0.015326 0.999689 0.019655 0.671414 0.438448
1.869017 2.389253 0.076498 0.124922 -0.011398 -0.992101 0.671414 0.438448
1.852311 1.638243 0.090584 0.124922 -0.011398 -0.992101 0.671414 0.258634
1.800600 1.643103 0.076455 0.124922 -0.011398 -0.992101 0.681669 0.258634
1.804654 2.386638 0.075985 0.124922 -0.011398 -0.992101 0.681669 0.438448
1.852311 1.638243 0.090584 -0.027188 -0.999494 -0.016478 0.671414 0.258634
1.856396 1.641142 0.103333 -0.027188 -0.999494 -0.016478 0.671414 0.253042
1.784969 1.639864 0.103400 -0.027188 -0.999494 -0.016478 0.681669 0.253042
1.800600 1.643103 0.076455 -0.027188 -0.999494 -0.016478 0.681669 0.258634
1.869017 2.389253 0.076498 0.994438 -0.020482 -0.103308 0.671414 0.438448
1.869078 2.387084 0.103507 0.994438 -0.020482 -0.103308 0.667019 0.438448
1.856396 1.641142 0.103333 0.994438 -0.020482 -0.103308 0.667019 0.258634
1.852311 1.638243 0.090584 0.994438 -0.020482 -0.103308 0.671414 0.258634
0.802577 1.632247 0.103545 -0.004734 0.000129 0.999989 0.639676 0.267777
0.802550 2.383072 0.103403 -0.004734 0.000129 0.999989 0.639676 0.425430
0.744685 2.381635 0.103174 -0.004734 0.000129 0.999989 0.630413 0.425430
0.723084 1.636040 0.103124 -0.004734 0.000129 0.999989 0.630413 0.267777
0.722958 1.635986 0.076597 -0.999209 0.030043 -0.026037 0.626443 0.267777
0.723084 1.636040 0.103124 -0.999209 0.030043 -0.026037 0.630413 0.267777
0.744685 2.381635 0.103174 -0.999209 0.030043 -0.026037 0.630413 0.425430
0.746270 2.382880 0.075096 -0.999209 0.030043 -0.026037 0.626443 0.425430
0.746270 2.382880 0.075096 -0.012215 0.999772 0.017507 0.626443 0.425430
0.744685 2.381635 0.103174 -0.012215 0.999772 0.017507 0.626443 0.430332
0.802550 2.383072 0.103403 -0.012215 0.999772 0.017507 0.617180 0.430332
0.802529 2.382807 0.076616 -0.012215 0.999772 0.017507 0.617180 0.425430
0.802529 2.382807 0.076616 0.012695 -0.001327 -0.999919 0.617180 0.425430
0.793278 1.636726 0.076683 0.012695 -0.001327 -0.999919 0.617180 0.267777
0.722958 1.635986 0.076597 0.012695 -0.001327 -0.999919 0.626443 0.267777
0.746270 2.382880 0.075096 0.012695 -0.001327 -0.999919 0.626443 0.425430
0.793278 1.636726 0.076683 -0.020046 -0.996668 -0.079067 0.617180 0.267777
0.802577 1.632247 0.103545 -0.020046 -0.996668 -0.079067 0.617180 0.262874
0.723084 1.636040 0.103124 -0.020046 -0.996668 -0.079067 0.626443 0.262874
0.722958 1.635986 0.076597 -0.020046 -0.996668 -0.079067 0.626443 0.267777
0.802529 2.382807 0.076616 0.985146 -0.006094 -0.171610 0.617180 0.425430
0.802550 2.383072 0.103403 0.985146 -0.006094 -0.171610 0.613211 0.425430
0.802577 1.632247 0.103545 0.985146 -0.006094 -0.171610 0.613211 0.267777
0.793278 1.636726 0.076683 0.985146 -0.006094 -0.171610 0.617180 0.267777
1.349869 1.635590 0.103451 -0.000225 -0.000172 1.000000 0.586583 0.425417
1.349859 2.390913 0.103575 -0.000225 -0.000172 1.000000 0.586584 0.265944
1.265851 2.390535 0.103562 -0.000225 -0.000172 1.000000 0.595679 0.265944
1.265871 1.636820 0.103427 -0.000225 -0.000172 1.000000 0.595678 0.425417
1.266032 1.638809 0.076836 -0.978123 0.007157 -0.207902 0.599576 0.425417
1.265871 1.636820 0.103427 -0.978123 0.007157 -0.207902 0.595678 0.425417
1.265851 2.390535 0.103562 -0.978123 0.007157 -0.207902 0.595679 0.265944
1.277068 2.386012 0.076538 -0.978123 0.007157 -0.207902 0.599576 0.265944
1.277068 2.386012 0.076538 -0.000850 0.984359 -0.176174 0.599576 0.265944
1.265851 2.390535 0.103562 -0.000850 0.984359 -0.176174 0.599576 0.260984
1.349859 2.390913 0.103575 -0.000850 0.984359 -0.176174 0.608671 0.260984
1.346985 2.385803 0.076728 -0.000850 0.984359 -0.176174 0.608671 0.265944
1.346985 2.385803 0.076728 -0.001067 -0.000029 -0.999999 0.608671 0.265944
1.327662 1.637378 0.076505 -0.001067 -0.000029 -0.999999 0.608671 0.425417
1.266032 1.638809 0.076836 -0.001067 -0.000029 -0.999999 0.599576 0.425417
1.277068 2.386012 0.076538 -0.001067 -0.000029 -0.999999 0.599576 0.265944
1.327662 1.637378 0.076505 -0.018366 -0.997854 -0.062842 0.608671 0.425417
1.349869 1.635590 0.103451 -0.018366 -0.997854 -0.062842 0.608671 0.430377
1.265871 1.636820 0.103427 -0.018366 -0.997854 -0.062842 0.599576 0.430377
1.266032 1.638809 0.076836 -0.018366 -0.997854 -0.062842 0.599576 0.425417
1.346985 2.385803 0.076728 0.906544 -0.011545 -0.421954 0.608671 0.265944
1.349859 2.390913 0.103575 0.906544 -0.011545 -0.421954 0.612569 0.265944
1.349869 1.635590 0.103451 0.906544 -0.011545 -0.421954 0.612569 0.425417
1.327662 1.637378 0.076505 0.906544 -0.011545 -0.421954 0.608671 0.425417
1.797267 2.321746 0.008758 -0.994384 -0.085777 0.061990 0.696039 0.284410
1.808800 2.312969 0.087073 -0.994384 -0.085777 0.061990 0.694376 0.272863
1.797205 2.386403 0.097224 -0.994384 -0.085777 0.061990 0.705231 0.271138
1.797645 2.384151 0.006646 -0.994384 -0.085777 0.061990 0.705186 0.284410
1.797645 2.384151 0.006646 -0.019351 0.999702 -0.014850 0.728588 0.252878
1.797205 2.386403 0.097224 -0.019351 0.999702 -0.014850 0.728588 0.266149
1.872376 2.386801 0.087600 -0.019351 0.999702 -0.014850 0.717583 0.264688
1.872375 2.386603 0.012716 -0.019351 0.999702 -0.014850 0.717632 0.253719
1.872375 2.386603 0.012716 0.999999 -0.000894 -0.001148 0.723735 0.383615
1.872376 2.386801 0.087600 0.999999 -0.000894 -0.001148 0.734704 0.383588
1.872395 2.312796 0.087611 0.999999 -0.000894 -0.001148 0.734704 0.394428
1.872226 2.320746 0.007769 0.999999 -0.000894 -0.001148 0.723009 0.393262
1.872226 2.320746 0.007769 -0.008755 -0.994483 -0.104535 0.719260 0.337071
1.872395 2.312796 0.087611 -0.008755 -0.994483 -0.104535 0.707507 0.336958
1.808800 2.312969 0.087073 -0.008755 -0.994483 -0.104535 0.707697 0.327644
1.797267 2.321746 0.008758 -0.008755 -0.994483 -0.104535 0.719260 0.326089
1.272580 1.980842 0.012120 -0.998606 0.019843 0.048919 0.723009 0.322675
1.275315 1.975198 0.088864 -0.998606 0.019843 0.048919 0.734259 0.321859
1.277710 2.049904 0.088830 -0.998606 0.019843 0.048919 0.734259 0.332808
1.273108 2.045365 0.015358 -0.998606 0.019843 0.048919 0.723476 0.332127
1.273108 2.045365 0.015358 -0.000557 0.997862 -0.065361 0.722050 0.296602
1.277710 2.049904 0.088830 -0.000557 0.997862 -0.065361 0.711248 0.296405
1.340183 2.050165 0.088066 -0.000557 0.997862 -0.065361 0.710953 0.287258
1.347935 2.044916 0.012073 -0.000557 0.997862 -0.065361 0.722050 0.285630
1.347935 2.044916 0.012073 0.993582 -0.012989 0.112365 0.723427 0.334937
1.340183 2.050165 0.088066 0.993582 -0.012989 0.112365 0.734622 0.334255
1.338389 1.975402 0.088448 0.993582 -0.012989 0.112365 0.734622 0.345209
1.347845 1.981272 0.012351 0.993582 -0.012989 0.112365 0.723397 0.344260
1.347845 1.981272 0.012351 0.004477 -0.997180 -0.074919 0.718778 0.349472
1.338389 1.975402 0.088448 0.004477 -0.997180 -0.074919 0.707594 0.348117
1.275315 1.975198 0.088864 0.004477 -0.997180 -0.074919 0.707507 0.338878
1.272580 1.980842 0.012120 0.004477 -0.997180 -0.074919 0.718778 0.338447
1.272949 2.319464 0.010211 -0.998652 0.006615 0.051476 0.717508 0.404766
1.281011 2.312847 0.088452 -0.998652 0.006615 0.051476 0.705957 0.405280
1.277144 2.387242 0.082884 -0.998652 0.006615 0.051476 0.707255 0.394414
1.277591 2.385542 0.012777 -0.998652 0.006615 0.051476 0.717508 0.395056
1.277591 2.385542 0.012777 0.044523 0.998882 -0.015872 0.738007 0.494246
1.277144 2.387242 0.082884 0.044523 0.998882 -0.015872 0.728103 0.491518
1.345646 2.383703 0.087979 0.044523 0.998882 -0.015872 0.730127 0.481648
1.347586 2.383002 0.013628 0.044523 0.998882 -0.015872 0.740684 0.484342
1.347586 2.383002 0.013628 0.999111 -0.013410 0.039975 0.736348 0.400716
1.345646 2.383703 0.087979 0.999111 -0.013410 0.039975 0.747243 0.400713
1.343647 2.312871 0.088546 0.999111 -0.013410 0.039975 0.747243 0.411093
1.347888 2.319690 0.010463 0.999111 -0.013410 0.039975 0.735798 0.409985
1.347888 2.319690 0.010463 0.002027 -0.996321 -0.085677 0.718230 0.417294
1.343647 2.312871 0.088546 0.002027 -0.996321 -0.085677 0.706747 0.416708
1.281011 2.312847 0.088452 0.002027 -0.996321 -0.085677 0.706732 0.407533
1.272949 2.319464 0.010211 0.002027 -0.996321 -0.085677 0.718230 0.406317
1.250535 1.640857 0.008203 -0.994523 0.035748 0.098214 0.718643 0.451146
1.255691 1.636561 0.086754 -0.994523 0.035748 0.098214 0.730180 0.450640
1.260563 1.702993 0.087140 -0.994523 0.035748 0.098214 0.730180 0.460398
1.250535 1.703623 0.010134 -0.994523 0.035748 0.098214 0.718805 0.460343
1.250535 1.703623 0.010134 -0.010305 0.999752 0.019763 0.722027 0.296602
1.260563 1.702993 0.087140 -0.010305 0.999752 0.019763 0.723510 0.285324
1.325121 1.702909 0.085152 -0.010305 0.999752 0.019763 0.732966 0.285624
1.325202 1.705176 0.010401 -0.010305 0.999752 0.019763 0.732966 0.296579
1.325202 1.705176 0.010401 0.998030 -0.043112 0.045582 0.748358 0.432279
1.325121 1.702909 0.085152 0.998030 -0.043112 0.045582 0.744514 0.442537
1.318594 1.633792 0.087559 0.998030 -0.043112 0.045582 0.734760 0.439636
1.325761 1.640449 0.012058 0.998030 -0.043112 0.045582 0.739304 0.429452
1.325761 1.640449 0.012058 -0.020531 -0.997252 -0.071177 0.734478 0.406830
1.318594 1.633792 0.087559 -0.020531 -0.997252 -0.071177 0.723337 0.406360
1.255691 1.636561 0.086754 -0.020531 -0.997252 -0.071177 0.723009 0.397143
1.250535 1.640857 0.008203 -0.020531 -0.997252 -0.071177 0.734478 0.395796
1.797372 1.985340 0.011841 -0.998299 -0.043039 0.039335 0.707427 0.264987
1.803635 1.975006 0.088910 -0.998299 -0.043039 0.039335 0.705957 0.253655
1.797555 2.048861 0.085989 -0.998299 -0.043039 0.039335 0.716807 0.254190
1.797425 2.049369 0.012659 -0.998299 -0.043039 0.039335 0.716807 0.264932
1.797425 2.049369 0.012659 0.000254 0.999939 -0.011053 0.729453 0.467239
1.797555 2.048861 0.085989 0.000254 0.999939 -0.011053 0.727705 0.477837
1.867812 2.050179 0.087504 0.000254 0.999939 -0.011053 0.717510 0.476405
1.865099 2.048076 0.016559 0.000254 0.999939 -0.011053 0.719576 0.466208
1.865099 2.048076 0.016559 0.999912 -0.002299 -0.013061 0.728233 0.254674
1.867812 2.050179 0.087504 0.999912 -0.002299 -0.013061 0.738635 0.254474
1.865871 1.975792 0.088348 0.999912 -0.002299 -0.013061 0.738635 0.265374
1.866627 1.986218 0.008021 0.999912 -0.002299 -0.013061 0.726885 0.263724
1.866627 1.986218 0.008021 0.008186 -0.991343 -0.131042 0.749861 0.478853
1.865871 1.975792 0.088348 0.008186 -0.991343 -0.131042 0.738022 0.478076
1.803635 1.975006 0.088910 0.008186 -0.991343 -0.131042 0.738438 0.468968
1.797372 1.985340 0.011841 0.008186 -0.991343 -0.131042 0.749861 0.468693
1.802466 1.641016 0.013654 -0.929672 -0.368386 -0.001202 0.739146 0.467597
1.802809 1.638434 0.086144 -0.929672 -0.368386 -0.001202 0.738285 0.478187
1.781440 1.693845 0.085747 -0.929672 -0.368386 -0.001202 0.729651 0.477122
1.775408 1.707814 0.015411 -0.929672 -0.368386 -0.001202 0.728631 0.466630
1.775408 1.707814 0.015411 -0.379859 0.922508 0.068461 0.705957 0.272043
1.781440 1.693845 0.085747 -0.379859 0.922508 0.068461 0.716484 0.272595
1.846271 1.731559 0.088631 -0.379859 0.922508 0.068461 0.716484 0.283589
1.839447 1.722832 0.017004 -0.379859 0.922508 0.068461 0.706040 0.281680
1.839447 1.722832 0.017004 0.931496 0.356615 -0.071696 0.708081 0.474275
1.846271 1.731559 0.088631 0.931496 0.356615 -0.071696 0.709574 0.463764
1.866848 1.665195 0.086315 0.931496 0.356615 -0.071696 0.719411 0.466396
1.866446 1.664337 0.016395 0.931496 0.356615 -0.071696 0.717273 0.476413
1.866446 1.664337 0.016395 0.364551 -0.931090 -0.013180 0.723985 0.435232
1.866848 1.665195 0.086315 0.364551 -0.931090 -0.013180 0.727470 0.425600
1.802809 1.638434 0.086144 0.364551 -0.931090 -0.013180 0.736986 0.429179
1.802466 1.641016 0.013654 0.364551 -0.931090 -0.013180 0.733187 0.439102
0.733136 1.975147 0.012724 -0.999256 0.019947 0.033010 0.731870 0.286283
0.734818 1.975327 0.085667 -0.999256 0.019947 0.033010 0.742553 0.286591
0.737101 2.049909 0.087569 -0.999256 0.019947 0.033010 0.742553 0.297524
0.733759 2.038291 0.015573 -0.999256 0.019947 0.033010 0.732045 0.295540
0.733759 2.038291 0.015573 -0.019844 0.988427 -0.150394 0.718121 0.350891
0.737101 2.049909 0.087569 -0.019844 0.988427 -0.150394 0.718121 0.361584
0.800700 2.050432 0.086539 -0.019844 0.988427 -0.150394 0.708808 0.361874
0.806096 2.039727 0.011546 -0.019844 0.988427 -0.150394 0.707507 0.350826
0.806096 2.039727 0.011546 0.998104 0.009372 0.060829 0.717609 0.282611
0.800700 2.050432 0.086539 0.998104 0.009372 0.060829 0.716033 0.271599
0.802283 1.975781 0.083969 0.998104 0.009372 0.060829 0.726970 0.271983
0.806058 1.975820 0.010121 0.998104 0.009372 0.060829 0.726970 0.282814
0.806058 1.975820 0.010121 0.008060 -0.999967 0.001076 0.695881 0.461474
0.802283 1.975781 0.083969 0.008060 -0.999967 0.001076 0.696683 0.450673
0.734818 1.975327 0.085667 0.008060 -0.999967 0.001076 0.706569 0.450652
0.733136 1.975147 0.012724 0.008060 -0.999967 0.001076 0.706569 0.461339
0.746109 2.316079 0.012207 -0.999959 0.006806 -0.006022 0.723009 0.372378
0.743822 2.312768 0.088984 -0.999959 0.006806 -0.006022 0.734266 0.372064
0.746098 2.383382 0.090040 -0.999959 0.006806 -0.006022 0.734266 0.382414
0.744734 2.380313 0.013931 -0.999959 0.006806 -0.006022 0.723125 0.381792
0.744734 2.380313 0.013931 0.006659 0.999189 -0.039711 0.737998 0.272818
0.746098 2.383382 0.090040 0.006659 0.999189 -0.039711 0.737998 0.283977
0.814461 2.382657 0.084611 0.006659 0.999189 -0.039711 0.727972 0.283357
0.817929 2.379783 0.011536 0.006659 0.999189 -0.039711 0.727272 0.272656
0.817929 2.379783 0.011536 0.998677 -0.007013 0.050951 0.709612 0.460918
0.814461 2.382657 0.084611 0.998677 -0.007013 0.050951 0.709415 0.450196
0.813612 2.318600 0.087730 0.998677 -0.007013 0.050951 0.718806 0.449929
0.817695 2.317019 0.012189 0.998677 -0.007013 0.050951 0.718806 0.461013
0.817695 2.317019 0.012189 0.047758 -0.998815 -0.009336 0.706732 0.394428
0.813612 2.318600 0.087730 0.047758 -0.998815 -0.009336 0.706967 0.383347
0.743822 2.312768 0.088984 0.047758 -0.998815 -0.009336 0.717213 0.382823
0.746109 2.316079 0.012207 0.047758 -0.998815 -0.009336 0.717213 0.394084
0.724190 1.633870 0.011975 -0.997825 0.064916 -0.011419 0.723784 0.346635
0.723688 1.630948 0.086593 -0.997825 0.064916 -0.011419 0.734715 0.346215
0.727854 1.703339 0.086656 -0.997825 0.064916 -0.011419 0.734715 0.356836
0.728807 1.696602 0.012547 -0.997825 0.064916 -0.011419 0.723858 0.355849
0.728807 1.696602 0.012547 0.002017 0.994972 -0.100137 0.740238 0.450266
0.727854 1.703339 0.086656 0.002017 0.994972 -0.100137 0.740238 0.461167
0.791287 1.703895 0.086264 0.002017 0.994972 -0.100137 0.730947 0.460998
0.795412 1.695558 0.010704 0.002017 0.994972 -0.100137 0.730485 0.449856
0.795412 1.695558 0.010704 0.999169 0.010244 0.039462 0.718878 0.490599
0.791287 1.703895 0.086264 0.999169 0.010244 0.039462 0.720586 0.479579
0.793159 1.632782 0.084029 0.999169 0.010244 0.039462 0.730557 0.482623
0.794939 1.631217 0.012647 0.999169 0.010244 0.039462 0.728052 0.492780
0.794939 1.631217 0.012647 -0.005974 -0.999938 -0.009387 0.701765 0.296752
0.793159 1.632782 0.084029 -0.005974 -0.999938 -0.009387 0.701959 0.286292
0.723688 1.630948 0.086593 -0.005974 -0.999938 -0.009387 0.712136 0.285838
0.724190 1.633870 0.011975 -0.005974 -0.999938 -0.009387 0.712136 0.296776
-0.422605 1.618377 0.095180 -1.000000 -0.000000 0.000000 0.837495 0.252777
-0.422605 1.618377 0.114686 -1.000000 -0.000000 0.000000 0.837495 0.254906
-0.422605 2.381623 0.114686 -1.000000 -0.000000 0.000000 0.754198 0.254906
-0.422605 2.381623 0.095180 -1.000000 -0.000000 0.000000 0.754198 0.252777
-0.422605 2.381623 0.095180 0.000000 1.000000 0.000000 0.752069 0.254906
-0.422605 2.381623 0.114686 0.000000 1.000000 0.000000 0.754198 0.254906
0.622605 2.381623 0.114686 0.000000 1.000000 0.000000 0.754198 0.368975
0.622605 2.381623 0.095180 0.000000 1.000000 0.000000 0.752069 0.368975
0.622605 2.381623 0.095180 1.000000 -0.000000 0.000000 0.754198 0.371104
0.622605 2.381623 0.114686 1.000000 -0.000000 0.000000 0.754198 0.368975
0.622605 1.618377 0.114686 1.000000 -0.000000 0.000000 0.837495 0.368975
0.622605 1.618377 0.095180 1.000000 -0.000000 0.000000 0.837495 0.371104
0.622605 1.618377 0.095180 0.000000 -1.000000 0.000000 0.839624 0.368975
0.622605 1.618377 0.114686 0.000000 -1.000000 0.000000 0.837495 0.368975
-0.422605 1.618377 0.114686 0.000000 -1.000000 0.000000 0.837495 0.254906
-0.422605 1.618377 0.095180 0.000000 -1.000000 0.000000 0.839624 0.254906
-0.422605 2.381623 0.095180 0.000000 0.000000 -1.000000 0.752679 0.375852
0.622605 2.381623 0.095180 0.000000 0.000000 -1.000000 0.866749 0.375852
0.622605 1.618377 0.095180 0.000000 0.000000 -1.000000 0.866749 0.459150
-0.422605 1.618377 0.095180 0.000000 0.000000 -1.000000 0.752679 0.459150
0.622605 2.381623 0.114686 0.000000 -0.000000 1.000000 0.754198 0.368975
-0.422605 2.381623 0.114686 0.000000 -0.000000 1.000000 0.754198 0.254906
-0.422605 1.618377 0.114686 0.000000 -0.000000 1.000000 0.837495 0.254906
0.622605 1.618377 0.114686 0.000000 -0.000000 1.000000 0.837495 0.368975
0.057474 2.000000 -0.002585 -1.000000 -0.000000 0.000000 0.934201 0.336209
0.057474 2.000000 0.097415 -1.000000 -0.000000 0.000000 0.934201 0.325295
0.057474 2.376557 0.097415 -1.000000 -0.000000 0.000000 0.975297 0.325295
0.057474 2.376557 -0.002585 -1.000000 -0.000000 0.000000 0.975297 0.336209
0.057474 2.376557 -0.002585 0.000000 1.000000 0.000000 0.984920 0.345832
0.057474 2.376557 0.097415 0.000000 1.000000 0.000000 0.995834 0.345832
0.138367 2.376557 0.097415 0.000000 1.000000 0.000000 0.995834 0.354660
0.138367 2.376557 -0.002585 0.000000 1.000000 0.000000 0.984920 0.354660
0.138367 2.000000 -0.002585 1.000000 -0.000000 0.000000 0.939183 0.275997
0.138367 2.000000 0.097415 1.000000 -0.000000 0.000000 0.950097 0.275997
0.138367 1.623443 0.097415 1.000000 -0.000000 0.000000 0.950097 0.317092
0.138367 1.623443 -0.002585 1.000000 -0.000000 0.000000 0.939183 0.317092
0.138367 1.623443 -0.002585 0.000000 -1.000000 0.000000 0.929560 0.326716
0.138367 1.623443 0.097415 0.000000 -1.000000 0.000000 0.929560 0.337629
0.057474 1.623443 0.097415 0.000000 -1.000000 0.000000 0.920732 0.337629
0.057474 1.623443 -0.002585 0.000000 -1.000000 0.000000 0.920732 0.326716
0.074880 1.664807 -0.002585 1.000000 0.000000 0.000000 0.913008 0.312578
0.074880 1.982594 -0.002585 1.000000 0.000000 0.000000 0.913008 0.277896
0.074880 1.982594 0.085593 1.000000 0.000000 0.000000 0.922631 0.277896
0.074880 1.664807 0.085593 1.000000 0.000000 0.000000 0.922631 0.312578
0.120961 1.664807 -0.002585 0.000000 1.000000 0.000000 0.927660 0.322202
0.074880 1.664807 -0.002585 0.000000 1.000000 0.000000 0.922631 0.322202
0.074880 1.664807 0.085593 0.000000 1.000000 0.000000 0.922631 0.312578
0.120961 1.664807 0.085593 0.000000 1.000000 0.000000 0.927660 0.312578
0.138367 2.376557 -0.002585 1.000000 -0.000000 0.000000 0.975297 0.364284
0.138367 2.376557 0.097415 1.000000 -0.000000 0.000000 0.975297 0.375197
0.138367 2.000000 0.097415 1.000000 -0.000000 0.000000 0.934201 0.375197
0.138367 2.000000 -0.002585 1.000000 -0.000000 0.000000 0.934201 0.364284
0.057474 1.623443 -0.002585 -1.000000 -0.000000 0.000000 0.911108 0.317092
0.057474 1.623443 0.097415 -1.000000 -0.000000 0.000000 0.900195 0.317092
0.057474 2.000000 0.097415 -1.000000 -0.000000 0.000000 0.900195 0.275997
0.057474 2.000000 -0.002585 -1.000000 -0.000000 0.000000 0.911108 0.275997
0.057474 2.000000 -0.002585 0.000000 0.000000 -1.000000 0.920732 0.266373
0.138367 2.000000 -0.002585 0.000000 0.000000 -1.000000 0.929560 0.266373
0.120961 1.982594 -0.002585 0.000000 0.000000 -1.000000 0.927660 0.268273
0.074880 1.982594 -0.002585 0.000000 0.000000 -1.000000 0.922631 0.268273
0.138367 2.000000 -0.002585 0.000000 0.000000 -1.000000 0.939183 0.275997
0.138367 1.623443 -0.002585 0.000000 0.000000 -1.000000 0.939183 0.317092
0.120961 1.664807 -0.002585 0.000000 0.000000 -1.000000 0.937284 0.312578
0.120961 1.982594 -0.002585 0.000000 0.000000 -1.000000 0.937284 0.277896
0.138367 1.623443 -0.002585 0.000000 -0.000000 -1.000000 0.929560 0.326716
0.057474 1.623443 -0.002585 0.000000 -0.000000 -1.000000 0.920732 0.326716
0.074880 1.664807 -0.002585 0.000000 -0.000000 -1.000000 0.922631 0.322202
0.120961 1.664807 -0.002585 0.000000 -0.000000 -1.000000 0.927660 0.322202
0.057474 1.623443 -0.002585 -0.000000 0.000000 -1.000000 0.911108 0.317092
0.057474 2.000000 -0.002585 -0.000000 0.000000 -1.000000 0.911108 0.275997
0.074880 1.982594 -0.002585 -0.000000 0.000000 -1.000000 0.913008 0.277896
0.074880 1.664807 -0.002585 -0.000000 0.000000 -1.000000 0.913008 0.312578
0.057474 2.376557 -0.002585 0.000000 0.000000 -1.000000 0.984920 0.345832
0.138367 2.376557 -0.002585 0.000000 0.000000 -1.000000 0.984920 0.354660
0.120961 2.333197 -0.002585 0.000000 0.000000 -1.000000 0.980188 0.352761
0.074880 2.333197 -0.002585 0.000000 0.000000 -1.000000 0.980188 0.347732
0.138367 2.376557 -0.002585 0.000000 0.000000 -1.000000 0.975297 0.364284
0.138367 2.000000 -0.002585 0.000000 0.000000 -1.000000 0.934201 0.364284
0.120961 2.017406 -0.002585 0.000000 0.000000 -1.000000 0.936101 0.362384
0.120961 2.333197 -0.002585 0.000000 0.000000 -1.000000 0.970565 0.362384
0.138367 2.000000 -0.002585 0.000000 -0.000000 -1.000000 0.924578 0.354660
0.057474 2.000000 -0.002585 0.000000 -0.000000 -1.000000 0.924578 0.345832
0.074880 2.017406 -0.002585 0.000000 -0.000000 -1.000000 0.926477 0.347732
0.120961 2.017406 -0.002585 0.000000 -0.000000 -1.000000 0.926477 0.352761
0.057474 2.000000 -0.002585 -0.000000 0.000000 -1.000000 0.934201 0.336209
0.057474 2.376557 -0.002585 -0.000000 0.000000 -1.000000 0.975297 0.336209
0.074880 2.333197 -0.002585 -0.000000 0.000000 -1.000000 0.970565 0.338108
0.074880 2.017406 -0.002585 -0.000000 0.000000 -1.000000 0.936101 0.338108
0.074880 1.982594 0.085593 0.000000 0.000000 -1.000000 0.922631 0.277896
0.120961 1.982594 0.085593 0.000000 0.000000 -1.000000 0.927660 0.277896
0.120961 1.664807 0.085593 0.000000 0.000000 -1.000000 0.927660 0.312578
0.074880 1.664807 0.085593 0.000000 0.000000 -1.000000 0.922631 0.312578
0.074880 2.333197 0.085593 0.000000 0.000000 -1.000000 0.970565 0.347732
0.120961 2.333197 0.085593 0.000000 0.000000 -1.000000 0.970565 0.352761
0.120961 2.017406 0.085593 0.000000 0.000000 -1.000000 0.936101 0.352761
0.074880 2.017406 0.085593 0.000000 0.000000 -1.000000 0.936101 0.347732
0.120961 2.333197 -0.002585 -1.000000 0.000000 -0.000000 0.970565 0.362384
0.120961 2.017406 -0.002585 -1.000000 0.000000 -0.000000 0.936101 0.362384
0.120961 2.017406 0.085593 -1.000000 0.000000 -0.000000 0.936101 0.352761
0.120961 2.333197 0.085593 -1.000000 0.000000 -0.000000 0.970565 0.352761
0.074880 2.333197 -0.002585 0.000000 -1.000000 -0.000000 0.980188 0.347732
0.120961 2.333197 -0.002585 0.000000 -1.000000 -0.000000 0.980188 0.352761
0.120961 2.333197 0.085593 0.000000 -1.000000 -0.000000 0.970565 0.352761
0.074880 2.333197 0.085593 0.000000 -1.000000 -0.000000 0.970565 0.347732
0.120961 1.982594 -0.002585 -1.000000 0.000000 -0.000000 0.937284 0.277896
0.120961 1.664807 -0.002585 -1.000000 0.000000 -0.000000 0.937284 0.312578
0.120961 1.664807 0.085593 -1.000000 0.000000 -0.000000 0.927660 0.312578
0.120961 1.982594 0.085593 -1.000000 0.000000 -0.000000 0.927660 0.277896
0.120961 2.017406 -0.002585 0.000000 1.000000 0.000000 0.926477 0.352761
0.074880 2.017406 -0.002585 0.000000 1.000000 0.000000 0.926477 0.347732
0.074880 2.017406 0.085593 0.000000 1.000000 0.000000 0.936101 0.347732
0.120961 2.017406 0.085593 0.000000 1.000000 0.000000 0.936101 0.352761
0.074880 1.982594 -0.002585 0.000000 -1.000000 -0.000000 0.922631 0.268273
0.120961 1.982594 -0.002585 0.000000 -1.000000 -0.000000 0.927660 0.268273
0.120961 1.982594 0.085593 0.000000 -1.000000 -0.000000 0.927660 0.277896
0.074880 1.982594 0.085593 0.000000 -1.000000 -0.000000 0.922631 0.277896
0.074880 2.017406 -0.002585 1.000000 0.000000 0.000000 0.936101 0.338108
0.074880 2.333197 -0.002585 1.000000 0.000000 0.000000 0.970565 0.338108
0.074880 2.333197 0.085593 1.000000 0.000000 0.000000 0.970565 0.347732
0.074880 2.017406 0.085593 1.000000 0.000000 0.000000 0.936101 0.347732
-0.422526 2.000000 -0.002585 -1.000000 -0.000000 0.000000 0.874334 0.455644
-0.422526 2.000000 0.097415 -1.000000 -0.000000 0.000000 0.874334 0.444730
-0.422526 2.376557 0.097415 -1.000000 -0.000000 0.000000 0.915430 0.444730
-0.422526 2.376557 -0.002585 -1.000000 -0.000000 0.000000 0.915430 0.455644
-0.422526 2.376557 -0.002585 0.000000 1.000000 0.000000 0.925053 0.465267
-0.422526 2.376557 0.097415 0.000000 1.000000 0.000000 0.935967 0.465267
-0.341633 2.376557 0.097415 0.000000 1.000000 0.000000 0.935967 0.474095
-0.341633 2.376557 -0.002585 0.000000 1.000000 0.000000 0.925053 0.474095
-0.341633 2.000000 -0.002585 1.000000 -0.000000 0.000000 0.913793 0.361933
-0.341633 2.000000 0.097415 1.000000 -0.000000 0.000000 0.924706 0.361933
-0.341633 1.623443 0.097415 1.000000 -0.000000 0.000000 0.924706 0.403029
-0.341633 1.623443 -0.002585 1.000000 -0.000000 0.000000 0.913793 0.403029
-0.341633 1.623443 -0.002585 0.000000 -1.000000 0.000000 0.904169 0.412652
-0.341633 1.623443 0.097415 0.000000 -1.000000 0.000000 0.904169 0.423566
-0.422526 1.623443 0.097415 0.000000 -1.000000 0.000000 0.895341 0.423566
-0.422526 1.623443 -0.002585 0.000000 -1.000000 0.000000 0.895341 0.412652
-0.405120 1.664807 -0.002585 1.000000 0.000000 0.000000 0.887617 0.398515
-0.405120 1.982594 -0.002585 1.000000 0.000000 0.000000 0.887617 0.363833
-0.405120 1.982594 0.085593 1.000000 0.000000 0.000000 0.897241 0.363833
-0.405120 1.664807 0.085593 1.000000 0.000000 0.000000 0.897241 0.398515
-0.359039 1.664807 -0.002585 0.000000 1.000000 0.000000 0.902270 0.408138
-0.405120 1.664807 -0.002585 0.000000 1.000000 0.000000 0.897241 0.408138
-0.405120 1.664807 0.085593 0.000000 1.000000 0.000000 0.897241 0.398515
-0.359039 1.664807 0.085593 0.000000 1.000000 0.000000 0.902270 0.398515
-0.341633 2.376557 -0.002585 1.000000 -0.000000 0.000000 0.915430 0.483719
-0.341633 2.376557 0.097415 1.000000 -0.000000 0.000000 0.915430 0.494632
-0.341633 2.000000 0.097415 1.000000 -0.000000 0.000000 0.874334 0.494632
-0.341633 2.000000 -0.002585 1.000000 -0.000000 0.000000 0.874334 0.483719
-0.422526 1.623443 -0.002585 -1.000000 -0.000000 0.000000 0.885718 0.403029
-0.422526 1.623443 0.097415 -1.000000 -0.000000 0.000000 0.874804 0.403029
-0.422526 2.000000 0.097415 -1.000000 -0.000000 0.000000 0.874804 0.361933
-0.422526 2.000000 -0.002585 -1.000000 -0.000000 0.000000 0.885718 0.361933
-0.422526 2.000000 -0.002585 0.000000 0.000000 -1.000000 0.895341 0.352310
-0.341633 2.000000 -0.002585 0.000000 0.000000 -1.000000 0.904169 0.352310
-0.359039 1.982594 -0.002585 0.000000 0.000000 -1.000000 0.902270 0.354209
-0.405120 1.982594 -0.002585 0.000000 0.000000 -1.000000 0.897241 0.354209
-0.341633 2.000000 -0.002585 0.000000 0.000000 -1.000000 0.913793 0.361933
-0.341633 1.623443 -0.002585 0.000000 0.000000 -1.000000 0.913793 0.403029
-0.359039 1.664807 -0.002585 0.000000 0.000000 -1.000000 0.911893 0.398515
-0.359039 1.982594 -0.002585 0.000000 0.000000 -1.000000 0.911893 0.363833
-0.341633 1.623443 -0.002585 0.000000 -0.000000 -1.000000 0.904169 0.412652
-0.422526 1.623443 -0.002585 0.000000 -0.000000 -1.000000 0.895341 0.412652
-0.405120 1.664807 -0.002585 0.000000 -0.000000 -1.000000 0.897241 0.408138
-0.359039 1.664807 -0.002585 0.000000 -0.000000 -1.000000 0.902270 0.408138
-0.422526 1.623443 -0.002585 -0.000000 0.000000 -1.000000 0.885718 0.403029
-0.422526 2.000000 -0.002585 -0.000000 0.000000 -1.000000 0.885718 0.361933
-0.405120 1.982594 -0.002585 -0.000000 0.000000 -1.000000 0.887617 0.363833
-0.405120 1.664807 -0.002585 -0.000000 0.000000 -1.000000 0.887617 0.398515
-0.422526 2.376557 -0.002585 0.000000 0.000000 -1.000000 0.925053 0.465267
-0.341633 2.376557 -0.002585 0.000000 0.000000 -1.000000 0.925053 0.474095
-0.359039 2.333197 -0.002585 0.000000 0.000000 -1.000000 0.920321 0.472196
-0.405120 2.333197 -0.002585 0.000000 0.000000 -1.000000 0.920321 0.467167
-0.341633 2.376557 -0.002585 0.000000 0.000000 -1.000000 0.915430 0.483719
-0.341633 2.000000 -0.002585 0.000000 0.000000 -1.000000 0.874334 0.483719
-0.359039 2.017406 -0.002585 0.000000 0.000000 -1.000000 0.876234 0.481819
-0.359039 2.333197 -0.002585 0.000000 0.000000 -1.000000 0.910698 0.481819
-0.341633 2.000000 -0.002585 0.000000 -0.000000 -1.000000 0.864711 0.474095
-0.422526 2.000000 -0.002585 0.000000 -0.000000 -1.000000 0.864711 0.465267
-0.405120 2.017406 -0.002585 0.000000 -0.000000 -1.000000 0.866610 0.467167
-0.359039 2.017406 -0.002585 0.000000 -0.000000 -1.000000 0.866610 0.472196
-0.422526 2.000000 -0.002585 -0.000000 0.000000 -1.000000 0.874334 0.455644
-0.422526 2.376557 -0.002585 -0.000000 0.000000 -1.000000 0.915430 0.455644
-0.405120 2.333197 -0.002585 -0.000000 0.000000 -1.000000 0.910698 0.457543
-0.405120 2.017406 -0.002585 -0.000000 0.000000 -1.000000 0.876234 0.457543
-0.405120 1.982594 0.085593 0.000000 0.000000 -1.000000 0.897241 0.363833
-0.359039 1.982594 0.085593 0.000000 0.000000 -1.000000 0.902270 0.363833
-0.359039 1.664807 0.085593 0.000000 0.000000 -1.000000 0.902270 0.398515
-0.405120 1.664807 0.085593 0.000000 0.000000 -1.000000 0.897241 0.398515
-0.405120 2.333197 0.085593 0.000000 0.000000 -1.000000 0.910698 0.467167
-0.359039 2.333197 0.085593 0.000000 0.000000 -1.000000 0.910698 0.472196
-0.359039 2.017406 0.085593 0.000000 0.000000 -1.000000 0.876234 0.472196
-0.405120 2.017406 0.085593 0.000000 0.000000 -1.000000 0.876234 0.467167
-0.359039 2.333197 -0.002585 -1.000000 0.000000 -0.000000 0.910698 0.481819
-0.359039 2.017406 -0.002585 -1.000000 0.000000 -0.000000 0.876234 0.481819
-0.359039 2.017406 0.085593 -1.000000 0.000000 -0.000000 0.876234 0.472196
-0.359039 2.333197 0.085593 -1.000000 0.000000 -0.000000 0.910698 0.472196
-0.405120 2.333197 -0.002585 0.000000 -1.000000 -0.000000 0.920321 0.467167
-0.359039 2.333197 -0.002585 0.000000 -1.000000 -0.000000 0.920321 0.472196
-0.359039 2.333197 0.085593 0.000000 -1.000000 -0.000000 0.910698 0.472196
-0.405120 2.333197 0.085593 0.000000 -1.000000 -0.000000 0.910698 0.467167
-0.359039 1.982594 -0.002585 -1.000000 0.000000 -0.000000 0.911893 0.363833
-0.359039 1.664807 -0.002585 -1.000000 0.000000 -0.000000 0.911893 0.398515
-0.359039 1.664807 0.085593 -1.000000 0.000000 -0.000000 0.902270 0.398515
-0.359039 1.982594 0.085593 -1.000000 0.000000 -0.000000 0.902270 0.363833
-0.359039 2.017406 -0.002585 0.000000 1.000000 0.000000 0.866610 0.472196
-0.405120 2.017406 -0.002585 0.000000 1.000000 0.000000 0.866610 0.467167
-0.405120 2.017406 0.085593 0.000000 1.000000 0.000000 0.876234 0.467167
-0.359039 2.017406 0.085593 0.000000 1.000000 0.000000 0.876234 0.472196
-0.405120 1.982594 -0.002585 0.000000 -1.000000 -0.000000 0.897241 0.354209
-0.359039 1.982594 -0.002585 0.000000 -1.000000 -0.000000 0.902270 0.354209
-0.359039 1.982594 0.085593 0.000000 -1.000000 -0.000000 0.902270 0.363833
-0.405120 1.982594 0.085593 0.000000 -1.000000 -0.000000 0.897241 0.363833
-0.405120 2.017406 -0.002585 1.000000 0.000000 0.000000 0.876234 0.457543
-0.405120 2.333197 -0.002585 1.000000 0.000000 0.000000 0.910698 0.457543
-0.405120 2.333197 0.085593 1.000000 0.000000 0.000000 0.910698 0.467167
-0.405120 2.017406 0.085593 1.000000 0.000000 0.000000 0.876234 0.467167
0.537474 2.000000 -0.002585 -1.000000 -0.000000 0.000000 0.924139 0.420679
0.537474 2.000000 0.097415 -1.000000 -0.000000 0.000000 0.924139 0.409765
0.537474 2.376557 0.097415 -1.000000 -0.000000 0.000000 0.965234 0.409766
0.537474 2.376557 -0.002585 -1.000000 -0.000000 0.000000 0.965234 0.420679
0.537474 2.376557 -0.002585 0.000000 1.000000 0.000000 0.974858 0.430302
0.537474 2.376557 0.097415 0.000000 1.000000 0.000000 0.985771 0.430302
0.618367 2.376557 0.097415 0.000000 1.000000 0.000000 0.985771 0.439131
0.618367 2.376557 -0.002585 0.000000 1.000000 0.000000 0.974858 0.439131
0.618367 2.000000 -0.002585 1.000000 -0.000000 0.000000 0.885176 0.263301
0.618367 2.000000 0.097415 1.000000 -0.000000 0.000000 0.896089 0.263301
0.618367 1.623443 0.097415 1.000000 -0.000000 0.000000 0.896089 0.304397
0.618367 1.623443 -0.002585 1.000000 -0.000000 0.000000 0.885176 0.304397
0.618367 1.623443 -0.002585 0.000000 -1.000000 0.000000 0.875552 0.314021
0.618367 1.623443 0.097415 0.000000 -1.000000 0.000000 0.875552 0.324934
0.537474 1.623443 0.097415 0.000000 -1.000000 0.000000 0.866724 0.324934
0.537474 1.623443 -0.002585 0.000000 -1.000000 0.000000 0.866724 0.314021
0.554880 1.664807 -0.002585 1.000000 0.000000 0.000000 0.859000 0.299883
0.554880 1.982594 -0.002585 1.000000 0.000000 0.000000 0.859000 0.265201
0.554880 1.982594 0.085593 1.000000 0.000000 0.000000 0.868624 0.265201
0.554880 1.664807 0.085593 1.000000 0.000000 0.000000 0.868624 0.299883
0.600961 1.664807 -0.002585 0.000000 1.000000 0.000000 0.873653 0.309506
0.554880 1.664807 -0.002585 0.000000 1.000000 0.000000 0.868624 0.309506
0.554880 1.664807 0.085593 0.000000 1.000000 0.000000 0.868624 0.299883
0.600961 1.664807 0.085593 0.000000 1.000000 0.000000 0.873653 0.299883
0.618367 2.376557 -0.002585 1.000000 -0.000000 0.000000 0.965234 0.448754
0.618367 2.376557 0.097415 1.000000 -0.000000 0.000000 0.965234 0.459668
0.618367 2.000000 0.097415 1.000000 -0.000000 0.000000 0.924139 0.459668
0.618367 2.000000 -0.002585 1.000000 -0.000000 0.000000 0.924139 0.448754
0.537474 1.623443 -0.002585 -1.000000 -0.000000 0.000000 0.857101 0.304397
0.537474 1.623443 0.097415 -1.000000 -0.000000 0.000000 0.846187 0.304397
0.537474 2.000000 0.097415 -1.000000 -0.000000 0.000000 0.846187 0.263301
0.537474 2.000000 -0.002585 -1.000000 -0.000000 0.000000 0.857101 0.263301
0.537474 2.000000 -0.002585 0.000000 0.000000 -1.000000 0.866724 0.253678
0.618367 2.000000 -0.002585 0.000000 0.000000 -1.000000 0.875552 0.253678
0.600961 1.982594 -0.002585 0.000000 0.000000 -1.000000 0.873653 0.255578
0.554880 1.982594 -0.002585 0.000000 0.000000 -1.000000 0.868624 0.255578
0.618367 2.000000 -0.002585 0.000000 0.000000 -1.000000 0.885176 0.263301
0.618367 1.623443 -0.002585 0.000000 0.000000 -1.000000 0.885176 0.304397
0.600961 1.664807 -0.002585 0.000000 0.000000 -1.000000 0.883276 0.299883
0.600961 1.982594 -0.002585 0.000000 0.000000 -1.000000 0.883276 0.265201
0.618367 1.623443 -0.002585 0.000000 -0.000000 -1.000000 0.875552 0.314021
0.537474 1.623443 -0.002585 0.000000 -0.000000 -1.000000 0.866724 0.314021
0.554880 1.664807 -0.002585 0.000000 -0.000000 -1.000000 0.868624 0.309506
0.600961 1.664807 -0.002585 0.000000 -0.000000 -1.000000 0.873653 0.309506
0.537474 1.623443 -0.002585 -0.000000 0.000000 -1.000000 0.857101 0.304397
0.537474 2.000000 -0.002585 -0.000000 0.000000 -1.000000 0.857101 0.263301
0.554880 1.982594 -0.002585 -0.000000 0.000000 -1.000000 0.859000 0.265201
0.554880 1.664807 -0.002585 -0.000000 0.000000 -1.000000 0.859000 0.299883
0.537474 2.376557 -0.002585 0.000000 0.000000 -1.000000 0.974858 0.430302
0.618367 2.376557 -0.002585 0.000000 0.000000 -1.000000 0.974858 0.439131
0.600961 2.333197 -0.002585 0.000000 0.000000 -1.000000 0.970126 0.437231
0.554880 2.333197 -0.002585 0.000000 0.000000 -1.000000 0.970126 0.432202
0.618367 2.376557 -0.002585 0.000000 0.000000 -1.000000 0.965234 0.448754
0.618367 2.000000 -0.002585 0.000000 0.000000 -1.000000 0.924139 0.448754
0.600961 2.017406 -0.002585 0.000000 0.000000 -1.000000 0.926038 0.446854
0.600961 2.333197 -0.002585 0.000000 0.000000 -1.000000 0.960502 0.446854
0.618367 2.000000 -0.002585 0.000000 -0.000000 -1.000000 0.914515 0.439131
0.537474 2.000000 -0.002585 0.000000 -0.000000 -1.000000 0.914515 0.430302
0.554880 2.017406 -0.002585 0.000000 -0.000000 -1.000000 0.916415 0.432202
0.600961 2.017406 -0.002585 0.000000 -0.000000 -1.000000 0.916415 0.437231
0.537474 2.000000 -0.002585 -0.000000 0.000000 -1.000000 0.924139 0.420679
0.537474 2.376557 -0.002585 -0.000000 0.000000 -1.000000 0.965234 0.420679
0.554880 2.333197 -0.002585 -0.000000 0.000000 -1.000000 0.960502 0.422579
0.554880 2.017406 -0.002585 -0.000000 0.000000 -1.000000 0.926038 0.422579
0.554880 1.982594 0.085593 0.000000 0.000000 -1.000000 0.868624 0.265201
0.600961 1.982594 0.085593 0.000000 0.000000 -1.000000 0.873653 0.265201
0.600961 1.664807 0.085593 0.000000 0.000000 -1.000000 0.873653 0.299883
0.554880 1.664807 0.085593 0.000000 0.000000 -1.000000 0.868624 0.299883
0.554880 2.333197 0.085593 0.000000 0.000000 -1.000000 0.960502 0.432202
0.600961 2.333197 0.085593 0.000000 0.000000 -1.000000 0.960502 0.437231
0.600961 2.017406 0.085593 0.000000 0.000000 -1.000000 0.926038 0.437231
0.554880 2.017406 0.085593 0.000000 0.000000 -1.000000 0.926038 0.432202
0.600961 2.333197 -0.002585 -1.000000 0.000000 -0.000000 0.960502 0.446854
0.600961 2.017406 -0.002585 -1.000000 0.000000 -0.000000 0.926038 0.446854
0.600961 2.017406 0.085593 -1.000000 0.000000 -0.000000 0.926038 0.437231
0.600961 2.333197 0.085593 -1.000000 0.000000 -0.000000 0.960502 0.437231
0.554880 2.333197 -0.002585 0.000000 -1.000000 -0.000000 0.970126 0.432202
0.600961 2.333197 -0.002585 0.000000 -1.000000 -0.000000 0.970126 0.437231
0.600961 2.333197 0.085593 0.000000 -1.000000 -0.000000 0.960502 0.437231
0.554880 2.333197 0.085593 0.000000 -1.000000 -0.000000 0.960502 0.432202
0.600961 1.982594 -0.002585 -1.000000 0.000000 -0.000000 0.883276 0.265201
0.600961 1.664807 -0.002585 -1.000000 0.000000 -0.000000 0.883276 0.299883
0.600961 1.664807 0.085593 -1.000000 0.000000 -0.000000 0.873653 0.299883
0.600961 1.982594 0.085593 -1.000000 0.000000 -0.000000 0.873653 0.265201
0.600961 2.017406 -0.002585 0.000000 1.000000 0.000000 0.916415 0.437231
0.554880 2.017406 -0.002585 0.000000 1.000000 0.000000 0.916415 0.432202
0.554880 2.017406 0.085593 0.000000 1.000000 0.000000 0.926038 0.432202
0.600961 2.017406 0.085593 0.000000 1.000000 0.000000 0.926038 0.437231
0.554880 1.982594 -0.002585 0.000000 -1.000000 -0.000000 0.868624 0.255578
0.600961 1.982594 -0.002585 0.000000 -1.000000 -0.000000 0.873653 0.255578
0.600961 1.982594 0.085593 0.000000 -1.000000 -0.000000 0.873653 0.265201
0.554880 1.982594 0.085593 0.000000 -1.000000 -0.000000 0.868624 0.265201
0.554880 2.017406 -0.002585 1.000000 0.000000 0.000000 0.926038 0.422579
0.554880 2.333197 -0.002585 1.000000 0.000000 0.000000 0.960502 0.422579
0.554880 2.333197 0.085593 1.000000 0.000000 0.000000 0.960502 0.432202
0.554880 2.017406 0.085593 1.000000 0.000000 0.000000 0.926038 0.432202
4 0 1 2 3
4 4 5 6 7
4 8 9 10 11
4 12 13 14 15
4 16 17 18 19
4 20 21 22 23
4 24 25 26 27
4 28 29 30 31
4 32 33 34 35
4 36 37 38 39
4 40 41 42 43
4 44 45 46 47
4 48 49 50 51
4 52 53 54 55
4 56 57 58 59
4 60 61 62 63
4 64 65 66 67
4 68 69 70 71
4 72 73 74 75
4 76 77 78 79
4 80 81 82 83
4 84 85 86 87
4 88 89 90 91
4 92 93 94 95
4 96 97 98 99
4 100 101 102 103
4 104 105 106 107
4 108 109 110 111
4 112 113 114 115
4 116 117 118 119
4 120 121 122 123
4 124 125 126 127
4 128 129 130 131
4 132 133 134 135
4 136 137 138 139
4 140 141 142 143
4 144 145 146 147
4 148 149 150 151
4 152 153 154 155
4 156 157 158 159
4 160 161 162 163
4 164 165 166 167
4 168 169 170 171
4 172 173 174 175
4 176 177 178 179
4 180 181 182 183
4 184 185 186 187
4 188 189 190 191
4 192 193 194 195
4 196 197 198 199
4 200 201 202 203
4 204 205 206 207
4 208 209 210 211
4 212 213 214 215
4 216 217 218 219
9 220 221 222 223 224 225 226 227 228
5 229 230 231 232 233
4 234 235 236 237
5 238 239 240 241 242
9 243 244 245 246 247 248 249 250 251
4 252 253 254 255
4 256 257 258 259
4 260 261 262 263
4 264 265 266 267
4 268 269 270 271
4 272 273 274 275
4 276 277 278 279
4 280 281 282 283
4 284 285 286 287
4 288 289 290 291
4 292 293 294 295
4 296 297 298 299
4 300 301 302 303
4 304 305 306 307
4 308 309 310 311
4 312 313 314 315
4 316 317 318 319
4 320 321 322 323
4 324 325 326 327
4 328 329 330 331
4 332 333 334 335
4 336 337 338 339
4 340 341 342 343
4 344 345 346 347
4 348 349 350 351
4 352 353 354 355
4 356 357 358 359
4 360 361 362 363
4 364 365 366 367
4 368 369 370 371
4 372 373 374 375
4 376 377 378 379
4 380 381 382 383
4 384 385 386 387
4 388 389 390 391
4 392 393 394 395
4 396 397 398 399
4 400 401 402 403
4 404 405 406 407
4 408 409 410 411
4 412 413 414 415
4 416 417 418 419
4 420 421 422 423
4 424 425 426 427
4 428 429 430 431
4 432 433 434 435
4 436 437 438 439
4 440 441 442 443
4 444 445 446 447
4 448 449 450 451
4 452 453 454 455
4 456 457 458 459
4 460 461 462 463
4 464 465 466 467
4 468 469 470 471
4 472 473 474 475
4 476 477 478 479
4 480 481 482 483
4 484 485 486 487
4 488 489 490 491
4 492 493 494 495
4 496 497 498 499
4 500 501 502 503
4 504 505 506 507
4 508 509 510 511
4 512 513 514 515
4 516 517 518 519
4 520 521 522 523
4 524 525 526 527
4 528 529 530 531
4 532 533 534 535
4 536 537 538 539
4 540 541 542 543
4 544 545 546 547
4 548 549 550 551
4 552 553 554 555
4 556 557 558 559
4 560 561 562 563
4 564 565 566 567
4 568 569 570 571
4 572 573 574 575
4 576 577 578 579
4 580 581 582 583
4 584 585 586 587
4 588 589 590 591
4 592 593 594 595
4 596 597 598 599
4 600 601 602 603
4 604 605 606 607
4 608 609 610 611
4 612 613 614 615
4 616 617 618 619
4 620 621 622 623
4 624 625 626 627
4 628 629 630 631
4 632 633 634 635
4 636 637 638 639
4 640 641 642 643
4 644 645 646 647
4 648 649 650 651
4 652 653 654 655
4 656 657 658 659
4 660 661 662 663
4 664 665 666 667
4 668 669 670 671
4 672 673 674 675
4 676 677 678 679
4 680 681 682 683
4 681 684 685 682
4 684 686 687 685
4 686 688 689 687
4 688 690 691 689
4 690 692 693 691
4 692 694 695 693
4 694 696 697 695
4 698 699 700 701
4 702 703 704 705
4 703 706 707 704
4 706 708 709 707
4 708 710 711 709
4 710 712 713 711
4 712 714 715 713
4 714 716 717 715
4 716 718 719 717
4 720 721 722 723
4 724 720 723 725
4 726 724 725 727
4 728 726 727 729
4 730 728 729 731
4 732 730 731 733
4 734 732 733 735
4 736 734 735 737
4 738 739 740 741
4 742 743 744 745
4 746 742 745 747
4 748 746 747 749
4 750 748 749 751
4 752 750 751 753
4 754 752 753 755
4 756 754 755 757
4 758 756 757 759
4 760 761 762 763
4 761 764 765 762
4 764 766 767 765
4 766 768 769 767
4 768 770 771 769
4 770 772 773 771
4 772 774 775 773
4 774 776 777 775
4 776 778 779 777
4 780 781 782 783
4 784 785 786 787
4 788 789 790 791
4 789 792 793 790
4 792 794 795 793
4 794 796 797 795
4 796 798 799 797
4 798 800 801 799
4 785 788 791 786
4 800 802 803 801
4 804 805 806 807
4 808 809 810 811
4 812 804 807 813
4 814 812 813 815
4 816 814 815 817
4 818 816 817 819
4 820 818 819 821
4 809 820 821 810
4 822 808 811 823
4 824 825 826 827
4 828 829 830 831
4 832 828 831 833
4 834 832 833 835
4 836 834 835 837
4 838 836 837 839
4 840 838 839 841
4 842 840 841 843
4 844 842 843 845
4 846 844 845 847
4 848 849 850 851
4 852 853 854 855
4 856 857 858 859
4 860 861 862 863
4 864 865 866 867
4 868 869 870 871
4 872 873 874 875
4 876 877 878 879
4 880 881 882 883
4 884 885 886 887
4 888 889 890 891
4 892 893 894 895
4 896 897 898 899
4 900 901 902 903
4 904 905 906 907
4 908 909 910 911
4 909 912 913 910
4 912 914 915 913
4 914 916 917 915
4 916 918 919 917
4 918 920 921 919
4 920 922 923 921
4 922 924 925 923
4 926 927 928 929
4 930 931 932 933
4 931 934 935 932
4 934 936 937 935
4 936 938 939 937
4 938 940 941 939
4 940 942 943 941
4 942 944 945 943
4 944 946 947 945
4 948 949 950 951
4 952 948 951 953
4 954 952 953 955
4 956 954 955 957
4 958 956 957 959
4 960 958 959 961
4 962 960 961 963
4 964 962 963 965
4 966 967 968 969
4 970 971 972 973
4 974 970 973 975
4 976 974 975 977
4 978 976 977 979
4 980 978 979 981
4 982 980 981 983
4 984 982 983 985
4 986 984 985 987
4 988 989 990 991
4 989 992 993 990
4 992 994 995 993
4 994 996 997 995
4 996 998 999 997
4 998 1000 1001 999
4 1000 1002 1003 1001
4 1002 1004 1005 1003
4 1004 1006 1007 1005
4 1008 1009 1010 1011
4 1012 1013 1014 1015
4 1016 1017 1018 1019
4 1017 1020 1021 1018
4 1020 1022 1023 1021
4 1022 1024 1025 1023
4 1024 1026 1027 1025
4 1026 1028 1029 1027
4 1013 1016 1019 1014
4 1028 1030 1031 1029
4 1032 1033 1034 1035
4 1036 1037 1038 1039
4 1040 1032 1035 1041
4 1042 1040 1041 1043
4 1044 1042 1043 1045
4 1046 1044 1045 1047
4 1048 1046 1047 1049
4 1037 1048 1049 1038
4 1050 1036 1039 1051
4 1052 1053 1054 1055
4 1056 1057 1058 1059
4 1060 1056 1059 1061
4 1062 1060 1061 1063
4 1064 1062 1063 1065
4 1066 1064 1065 1067
4 1068 1066 1067 1069
4 1070 1068 1069 1071
4 1072 1070 1071 1073
4 1074 1072 1073 1075
4 1076 1077 1078 1079
4 1080 1081 1082 1083
4 1084 1085 1086 1087
4 1088 1089 1090 1091
4 1092 1093 1094 1095
4 1096 1097 1098 1099
4 1100 1101 1102 1103
4 1104 1105 1106 1107
4 1108 1109 1110 1111
4 1112 1113 1114 1115
4 1116 1117 1118 1119
4 1120 1121 1122 1123
4 1124 1125 1126 1127
4 1128 1129 1130 1131
4 1132 1133 1134 1135
4 1136 1137 1138 1139
4 1140 1141 1142 1143
4 1144 1145 1146 1147
4 1148 1149 1150 1151
4 1152 1153 1154 1155
4 1156 1157 1158 1159
4 1160 1161 1162 1163
4 1164 1165 1166 1167
4 1168 1169 1170 1171
4 1172 1173 1174 1175
4 1176 1177 1178 1179
4 1180 1181 1182 1183
4 1184 1185 1186 1187
4 1188 1189 1190 1191
4 1192 1193 1194 1195
4 1196 1197 1198 1199
4 1200 1201 1202 1203
4 1204 1205 1206 1207
4 1208 1209 1210 1211
4 1212 1213 1214 1215
4 1216 1217 1218 1219
4 1220 1221 1222 1223
4 1224 1225 1226 1227
4 1228 1229 1230 1231
4 1232 1233 1234 1235
4 1217 1216 1236 1237
4 1225 1238 1239 1240
4 1241 1242 1243 1244
4 1245 1232 1246 1247
4 1229 1228 1248 1249
4 1250 1251 1252 1253
4 1209 1208 1254 1255
4 1256 1257 1258 1259
4 1242 1241 1260 1261
4 1262 1263 1264 1265
4 1266 1267 1268 1269
4 1270 1271 1272 1273
4 1274 1275 1276 1277
4 1278 1279 1280 1281
4 1282 1283 1284 1285
4 1267 1266 1286 1287
4 1275 1288 1289 1290
4 1291 1292 1293 1294
4 1295 1296 1297 1298
4 1279 1278 1299 1300
4 1301 1302 1303 1304
4 1193 1192 1305 1306
4 1307 1308 1309 1310
4 1292 1291 1311 1312
4 1313 1314 1315 1316
4 1317 1318 1319 1320
4 1321 1322 1323 1324
4 1325 1326 1327 1328
4 1329 1330 1331 1332
4 1333 1334 1335 1336
4 1318 1317 1337 1338
4 1339 1340 1341 1342
4 1343 1344 1345 1346
4 1347 1348 1349 1350
4 1330 1329 1351 1352
4 1340 1353 1354 1355
4 1177 1176 1356 1357
4 1358 1359 1360 1361
4 1344 1343 1362 1363
4 1364 1365 1366 1367
4 1368 1369 1370 1371
4 1372 1373 1374 1375
4 1376 1377 1378 1379
4 1380 1381 1382 1383
4 1384 1385 1386 1387
4 1369 1368 1388 1389
4 1390 1391 1392 1393
4 1394 1395 1396 1397
4 1398 1399 1400 1401
4 1381 1380 1402 1403
4 1404 1405 1406 1407
4 1161 1160 1408 1409
4 1410 1398 1411 1412
4 1395 1394 1413 1414
4 1415 1416 1417 1418
4 1419 1420 1421 1422
4 1405 1404 1423 1424
4 1425 1426 1427 1428
4 1429 1430 1431 1432
4 1426 1425 1433 1434
4 1391 1390 1435 1436
4 1380 1437 1438 1439
4 1440 1441 1442 1443
4 1437 1380 1444 1445
4 1377 1376 1446 1447
4 1368 1448 1449 1450
4 1451 1452 1453 1454
4 1448 1368 1455 1456
4 1365 1364 1457 1458
4 1459 1460 1461 1462
4 1463 1464 1465 1466
4 1251 1250 1467 1468
4 1469 1470 1471 1472
4 1473 1474 1475 1476
4 1470 1469 1477 1478
4 1238 1225 1479 1480
4 1481 1482 1483 1484
4 1485 1486 1487 1488
4 1482 1481 1489 1490
4 1225 1224 1491 1492
4 1216 1493 1494 1495
4 1496 1497 1498 1499
4 1493 1216 1500 1501
4 1213 1212 1502 1503
4 1504 1505 1506 1507
4 1508 1509 1510 1511
4 1197 1196 1512 1513
4 1464 1463 1514 1515
4 1516 1517 1518 1519
4 1520 1521 1522 1523
4 1149 1148 1524 1525
4 1420 1419 1526 1527
4 1528 1529 1530 1531
4 1532 1533 1534 1535
4 1536 1537 1538 1539
4 1540 1541 1542 1543
4 1544 1545 1546 1547
4 1548 1549 1550 1551
4 1552 1553 1554 1555
4 1556 1557 1558 1559
4 1560 1561 1562 1563
4 1564 1565 1566 1567
4 1568 1569 1570 1571
4 1572 1573 1574 1575
4 1576 1577 1578 1579
4 1580 1581 1582 1583
4 1584 1585 1586 1587
4 1588 1589 1590 1591
4 1592 1593 1594 1595
4 1596 1597 1598 1599
4 1600 1601 1602 1603
4 1604 1605 1606 1607
4 1608 1609 1610 1611
4 1612 1613 1614 1615
4 1616 1617 1618 1619
4 1620 1621 1622 1623
4 1624 1625 1626 1627
4 1628 1629 1630 1631
4 1632 1633 1634 1635
4 1636 1637 1638 1639
4 1637 1640 1641 1638
4 1642 1643 1644 1645
4 1640 1646 1647 1641
4 1646 1648 1649 1647
4 1648 1650 1651 1649
4 1650 1652 1653 1651
4 1652 1642 1645 1653
4 1643 1654 1655 1644
4 1654 1656 1657 1655
4 1656 1658 1659 1657
4 1660 1661 1662 1663
4 1661 1636 1639 1662
4 1664 1665 1666 1667
4 1665 1668 1669 1666
4 1670 1671 1672 1673
4 1674 1675 1676 1677
4 1668 1678 1679 1669
4 1678 1680 1681 1679
4 1680 1682 1683 1681
4 1682 1684 1685 1683
4 1684 1686 1687 1685
4 1675 1688 1689 1676
4 1688 1690 1691 1689
4 1686 1674 1677 1687
4 1671 1664 1667 1672
4 1692 1693 1694 1695
4 1696 1697 1698 1699
4 1700 1701 1702 1703
4 1704 1705 1706 1707
4 1708 1709 1710 1711
4 1712 1713 1714 1715
4 1716 1717 1718 1719
4 1720 1721 1722 1723
4 1724 1725 1726 1727
4 1728 1729 1730 1731
4 1732 1733 1734 1735
4 1736 1737 1738 1739
4 1740 1741 1742 1743
4 1744 1745 1746 1747
4 1748 1749 1750 1751
4 1752 1753 1754 1755
4 1756 1757 1758 1759
4 1760 1761 1762 1763
4 1764 1765 1766 1767
4 1768 1769 1770 1771
4 1772 1773 1774 1775
4 1776 1777 1778 1779
4 1780 1781 1782 1783
4 1784 1785 1786 1787
4 1788 1789 1790 1791
4 1789 1792 1793 1790
4 1794 1795 1796 1797
4 1792 1798 1799 1793
4 1798 1800 1801 1799
4 1800 1802 1803 1801
4 1802 1804 1805 1803
4 1804 1794 1797 1805
4 1795 1806 1807 1796
4 1806 1808 1809 1807
4 1808 1810 1811 1809
4 1812 1813 1814 1815
4 1813 1788 1791 1814
4 1816 1817 1818 1819
4 1817 1820 1821 1818
4 1822 1823 1824 1825
4 1826 1827 1828 1829
4 1820 1830 1831 1821
4 1830 1832 1833 1831
4 1832 1834 1835 1833
4 1834 1836 1837 1835
4 1836 1838 1839 1837
4 1827 1840 1841 1828
4 1840 1842 1843 1841
4 1838 1826 1829 1839
4 1823 1816 1819 1824
4 1844 1845 1846 1847
4 1848 1849 1850 1851
4 1852 1853 1854 1855
4 1856 1857 1858 1859
4 1860 1861 1862 1863
4 1864 1865 1866 1867
4 1868 1869 1870 1871
4 1872 1873 1874 1875
4 1876 1877 1878 1879
4 1880 1881 1882 1883
4 1884 1885 1886 1887
4 1888 1889 1890 1891
4 1892 1893 1894 1895
4 1896 1897 1898 1899
4 1900 1901 1902 1903
4 1904 1905 1906 1907
4 1908 1909 1910 1911
4 1912 1913 1914 1915
4 1916 1917 1918 1919
4 1920 1921 1922 1923
4 1924 1925 1926 1927
4 1928 1929 1930 1931
4 1932 1933 1934 1935
4 1936 1937 1938 1939
4 1940 1941 1942 1943
4 1941 1944 1945 1942
4 1946 1947 1948 1949
4 1944 1950 1951 1945
4 1950 1952 1953 1951
4 1952 1954 1955 1953
4 1954 1956 1957 1955
4 1956 1946 1949 1957
4 1947 1958 1959 1948
4 1958 1960 1961 1959
4 1960 1962 1963 1961
4 1964 1965 1966 1967
4 1965 1940 1943 1966
4 1968 1969 1970 1971
4 1969 1972 1973 1970
4 1974 1975 1976 1977
4 1978 1979 1980 1981
4 1972 1982 1983 1973
4 1982 1984 1985 1983
4 1984 1986 1987 1985
4 1986 1988 1989 1987
4 1988 1990 1991 1989
4 1979 1992 1993 1980
4 1992 1994 1995 1993
4 1990 1978 1981 1991
4 1975 1968 1971 1976
4 1996 1997 1998 1999
4 2000 2001 2002 2003
4 2004 2005 2006 2007
4 2008 2009 2010 2011
4 2012 2013 2014 2015
4 2016 2017 2018 2019
4 2020 2021 2022 2023
4 2024 2025 2026 2027
4 2028 2029 2030 2031
4 2032 2033 2034 2035
4 2036 2037 2038 2039
4 2040 2041 2042 2043
4 2044 2045 2046 2047
4 2048 2049 2050 2051
4 2052 2053 2054 2055
4 2056 2057 2058 2059
4 2060 2061 2062 2063
4 2064 2065 2066 2067
4 2068 2069 2070 2071
4 2072 2073 2074 2075
4 2076 2077 2078 2079
4 2080 2081 2082 2083
4 2084 2085 2086 2087
4 2088 2089 2090 2091
4 2092 2093 2094 2095
4 2093 2096 2097 2094
4 2098 2099 2100 2101
4 2096 2102 2103 2097
4 2102 2104 2105 2103
4 2104 2106 2107 2105
4 2106 2108 2109 2107
4 2108 2098 2101 2109
4 2099 2110 2111 2100
4 2110 2112 2113 2111
4 2112 2114 2115 2113
4 2116 2117 2118 2119
4 2117 2092 2095 2118
4 2120 2121 2122 2123
4 2121 2124 2125 2122
4 2126 2127 2128 2129
4 2130 2131 2132 2133
4 2124 2134 2135 2125
4 2134 2136 2137 2135
4 2136 2138 2139 2137
4 2138 2140 2141 2139
4 2140 2142 2143 2141
4 2131 2144 2145 2132
4 2144 2146 2147 2145
4 2142 2130 2133 2143
4 2127 2120 2123 2128
4 2148 2149 2150 2151
4 2152 2153 2154 2155
4 2156 2157 2158 2159
4 2160 2161 2162 2163
4 2164 2165 2166 2167
4 2168 2169 2170 2171
4 2172 2173 2174 2175
4 2176 2177 2178 2179
4 2180 2181 2182 2183
4 2184 2185 2186 2187
4 2188 2189 2190 2191
4 2192 2193 2194 2195
4 2196 2197 2198 2199
4 2200 2201 2202 2203
4 2204 2205 2206 2207
4 2208 2209 2210 2211
4 2212 2213 2214 2215
4 2216 2217 2218 2219
4 2220 2221 2222 2223
4 2224 2225 2226 2227
4 2228 2229 2230 2231
4 2232 2233 2234 2235
4 2236 2237 2238 2239
4 2240 2241 2242 2243
4 2244 2245 2246 2247
4 2245 2248 2249 2246
4 2250 2251 2252 2253
4 2248 2254 2255 2249
4 2254 2256 2257 2255
4 2256 2258 2259 2257
4 2258 2260 2261 2259
4 2260 2250 2253 2261
4 2251 2262 2263 2252
4 2262 2264 2265 2263
4 2264 2266 2267 2265
4 2268 2269 2270 2271
4 2269 2244 2247 2270
4 2272 2273 2274 2275
4 2273 2276 2277 2274
4 2278 2279 2280 2281
4 2282 2283 2284 2285
4 2276 2286 2287 2277
4 2286 2288 2289 2287
4 2288 2290 2291 2289
4 2290 2292 2293 2291
4 2292 2294 2295 2293
4 2283 2296 2297 2284
4 2296 2298 2299 2297
4 2294 2282 2285 2295
4 2279 2272 2275 2280
4 2300 2301 2302 2303
4 2304 2305 2306 2307
4 2308 2309 2310 2311
4 2312 2313 2314 2315
4 2316 2317 2318 2319
4 2320 2321 2322 2323
4 2324 2325 2326 2327
4 2328 2329 2330 2331
4 2332 2333 2334 2335
4 2336 2337 2338 2339
4 2340 2341 2342 2343
4 2344 2345 2346 2347
4 2348 2349 2350 2351
4 2352 2353 2354 2355
4 2356 2357 2358 2359
4 2360 2361 2362 2363
4 2364 2365 2366 2367
4 2368 2369 2370 2371
4 2372 2373 2374 2375
4 2376 2377 2378 2379
4 2380 2381 2382 2383
4 2384 2385 2386 2387
4 2388 2389 2390 2391
4 2392 2393 2394 2395
4 2396 2397 2398 2399
4 2397 2400 2401 2398
4 2402 2403 2404 2405
4 2400 2406 2407 2401
4 2406 2408 2409 2407
4 2408 2410 2411 2409
4 2410 2412 2413 2411
4 2412 2402 2405 2413
4 2403 2414 2415 2404
4 2414 2416 2417 2415
4 2416 2418 2419 2417
4 2420 2421 2422 2423
4 2421 2396 2399 2422
4 2424 2425 2426 2427
4 2425 2428 2429 2426
4 2430 2431 2432 2433
4 2434 2435 2436 2437
4 2428 2438 2439 2429
4 2438 2440 2441 2439
4 2440 2442 2443 2441
4 2442 2444 2445 2443
4 2444 2446 2447 2445
4 2435 2448 2449 2436
4 2448 2450 2451 2449
4 2446 2434 2437 2447
4 2431 2424 2427 2432
4 2452 2453 2454 2455
4 2456 2457 2458 2459
4 2460 2461 2462 2463
4 2464 2465 2466 2467
4 2468 2469 2470 2471
4 2472 2473 2474 2475
4 2476 2477 2478 2479
4 2480 2481 2482 2483
4 2484 2485 2486 2487
4 2488 2489 2490 2491
4 2492 2493 2494 2495
4 2496 2497 2498 2499
4 2500 2501 2502 2503
4 2504 2505 2506 2507
4 2508 2509 2510 2511
4 2512 2513 2514 2515
4 2516 2517 2518 2519
4 2520 2521 2522 2523
4 2524 2525 2526 2527
4 2528 2529 2530 2531
4 2532 2533 2534 2535
4 2536 2537 2538 2539
4 2540 2541 2542 2543
4 2544 2545 2546 2547
4 2548 2549 2550 2551
4 2552 2553 2554 2555
4 2556 2557 2558 2559
4 2560 2561 2562 2563
4 2564 2565 2566 2567
4 2568 2569 2570 2571
4 2572 2573 2574 2575
4 2576 2577 2578 2579
4 2580 2581 2582 2583
4 2584 2585 2586 2587
4 2588 2589 2590 2591
4 2592 2593 2594 2595
4 2596 2597 2598 2599
4 2600 2601 2602 2603
4 2604 2605 2606 2607
4 2608 2609 2610 2611
4 2612 2613 2614 2615
4 2616 2617 2618 2619
4 2620 2621 2622 2623
4 2624 2625 2626 2627
4 2628 2629 2630 2631
4 2632 2633 2634 2635
4 2636 2637 2638 2639
4 2640 2641 2642 2643
4 2644 2645 2646 2647
4 2648 2649 2650 2651
4 2652 2653 2654 2655
4 2656 2657 2658 2659
4 2660 2661 2662 2663
4 2664 2665 2666 2667
4 2668 2669 2670 2671
4 2672 2673 2674 2675
4 2676 2677 2678 2679
4 2680 2681 2682 2683
4 2684 2685 2686 2687
4 2688 2689 2690 2691
4 2692 2693 2694 2695
4 2696 2697 2698 2699
4 2700 2701 2702 2703
4 2704 2705 2706 2707
4 2708 2709 2710 2711
4 2712 2713 2714 2715
4 2716 2717 2718 2719
4 2720 2721 2722 2723
4 2724 2725 2726 2727
4 2728 2729 2730 2731
4 2732 2733 2734 2735
4 2736 2737 2738 2739
4 2740 2741 2742 2743
4 2744 2745 2746 2747
4 2748 2749 2750 2751
4 2752 2753 2754 2755
4 2756 2757 2758 2759
4 2760 2761 2762 2763
4 2764 2765 2766 2767
4 2768 2769 2770 2771
4 2772 2773 2774 2775
4 2776 2777 2778 2779
4 2780 2781 2782 2783
4 2784 2785 2786 2787
4 2788 2789 2790 2791
4 2792 2793 2794 2795
4 2796 2797 2798 2799
4 2800 2801 2802 2803
4 2804 2805 2806 2807
4 2808 2809 2810 2811
4 2812 2813 2814 2815
4 2816 2817 2818 2819
4 2820 2821 2822 2823
4 2824 2825 2826 2827
4 2828 2829 2830 2831
4 2832 2833 2834 2835
4 2829 2832 2835 2830
4 2550 2547 2832 2829
4 2547 2546 2833 2832
4 2581 2828 2831 2582
4 2542 2551 2828 2581
4 2551 2550 2829 2828
4 2537 2824 2827 2538
4 2582 2831 2824 2537
4 2831 2830 2825 2824
4 2817 2820 2823 2818
4 2586 2535 2820 2817
4 2535 2534 2821 2820
4 2617 2816 2819 2618
4 2530 2587 2816 2617
4 2587 2586 2817 2816
4 2525 2812 2815 2526
4 2618 2819 2812 2525
4 2819 2818 2813 2812
4 2805 2808 2811 2806
4 2622 2523 2808 2805
4 2523 2522 2809 2808
4 2653 2804 2807 2654
4 2518 2623 2804 2653
4 2623 2622 2805 2804
4 2513 2800 2803 2514
4 2654 2807 2800 2513
4 2807 2806 2801 2800
4 2793 2796 2799 2794
4 2658 2511 2796 2793
4 2511 2510 2797 2796
4 2689 2792 2795 2690
4 2506 2659 2792 2689
4 2659 2658 2793 2792
4 2501 2788 2791 2502
4 2690 2795 2788 2501
4 2795 2794 2789 2788
4 2781 2784 2787 2782
4 2694 2499 2784 2781
4 2499 2498 2785 2784
4 2725 2780 2783 2726
4 2494 2695 2780 2725
4 2695 2694 2781 2780
4 2489 2776 2779 2490
4 2726 2783 2776 2489
4 2783 2782 2777 2776
4 2769 2772 2775 2770
4 2730 2487 2772 2769
4 2487 2486 2773 2772
4 2761 2768 2771 2762
4 2482 2731 2768 2761
4 2731 2730 2769 2768
4 2477 2764 2767 2478
4 2762 2771 2764 2477
4 2771 2770 2765 2764
4 2757 2760 2763 2758
4 2742 2483 2760 2757
4 2483 2482 2761 2760
4 2836 2756 2759 2837
4 2838 2743 2756 2836
4 2743 2742 2757 2756
4 2839 2752 2755 2840
4 2837 2759 2752 2839
4 2759 2758 2753 2752
4 2745 2748 2751 2746
4 2841 2842 2748 2745
4 2842 2843 2749 2748
4 2844 2744 2747 2845
4 2846 2847 2744 2844
4 2847 2841 2745 2744
4 2848 2740 2743 2838
4 2845 2747 2740 2848
4 2747 2746 2741 2740
4 2733 2736 2739 2734
4 2849 2850 2736 2733
4 2850 2851 2737 2736
4 2749 2732 2735 2750
4 2843 2852 2732 2749
4 2852 2849 2733 2732
4 2481 2728 2731 2482
4 2750 2735 2728 2481
4 2735 2734 2729 2728
4 2721 2724 2727 2722
4 2706 2495 2724 2721
4 2495 2494 2725 2724
4 2853 2720 2723 2854
4 2855 2707 2720 2853
4 2707 2706 2721 2720
4 2856 2716 2719 2857
4 2854 2723 2716 2856
4 2723 2722 2717 2716
4 2709 2712 2715 2710
4 2858 2859 2712 2709
4 2859 2860 2713 2712
4 2861 2708 2711 2862
4 2863 2864 2708 2861
4 2864 2858 2709 2708
4 2865 2704 2707 2855
4 2862 2711 2704 2865
4 2711 2710 2705 2704
4 2697 2700 2703 2698
4 2866 2867 2700 2697
4 2867 2868 2701 2700
4 2713 2696 2699 2714
4 2860 2869 2696 2713
4 2869 2866 2697 2696
4 2493 2692 2695 2494
4 2714 2699 2692 2493
4 2699 2698 2693 2692
4 2685 2688 2691 2686
4 2670 2507 2688 2685
4 2507 2506 2689 2688
4 2870 2684 2687 2871
4 2872 2671 2684 2870
4 2671 2670 2685 2684
4 2873 2680 2683 2874
4 2871 2687 2680 2873
4 2687 2686 2681 2680
4 2673 2676 2679 2674
4 2875 2876 2676 2673
4 2876 2877 2677 2676
4 2878 2672 2675 2879
4 2880 2881 2672 2878
4 2881 2875 2673 2672
4 2882 2668 2671 2872
4 2879 2675 2668 2882
4 2675 2674 2669 2668
4 2661 2664 2667 2662
4 2883 2884 2664 2661
4 2884 2885 2665 2664
4 2677 2660 2663 2678
4 2877 2886 2660 2677
4 2886 2883 2661 2660
4 2505 2656 2659 2506
4 2678 2663 2656 2505
4 2663 2662 2657 2656
4 2649 2652 2655 2650
4 2634 2519 2652 2649
4 2519 2518 2653 2652
4 2887 2648 2651 2888
4 2889 2635 2648 2887
4 2635 2634 2649 2648
4 2890 2644 2647 2891
4 2888 2651 2644 2890
4 2651 2650 2645 2644
4 2637 2640 2643 2638
4 2892 2893 2640 2637
4 2893 2894 2641 2640
4 2895 2636 2639 2896
4 2897 2898 2636 2895
4 2898 2892 2637 2636
4 2899 2632 2635 2889
4 2896 2639 2632 2899
4 2639 2638 2633 2632
4 2625 2628 2631 2626
4 2900 2901 2628 2625
4 2901 2902 2629 2628
4 2641 2624 2627 2642
4 2894 2903 2624 2641
4 2903 2900 2625 2624
4 2517 2620 2623 2518
4 2642 2627 2620 2517
4 2627 2626 2621 2620
4 2613 2616 2619 2614
4 2598 2531 2616 2613
4 2531 2530 2617 2616
4 2904 2612 2615 2905
4 2906 2599 2612 2904
4 2599 2598 2613 2612
4 2907 2608 2611 2908
4 2905 2615 2608 2907
4 2615 2614 2609 2608
4 2601 2604 2607 2602
4 2909 2910 2604 2601
4 2910 2911 2605 2604
4 2912 2600 2603 2913
4 2914 2915 2600 2912
4 2915 2909 2601 2600
4 2916 2596 2599 2906
4 2913 2603 2596 2916
4 2603 2602 2597 2596
4 2589 2592 2595 2590
4 2917 2918 2592 2589
4 2918 2919 2593 2592
4 2605 2588 2591 2606
4 2911 2920 2588 2605
4 2920 2917 2589 2588
4 2529 2584 2587 2530
4 2606 2591 2584 2529
4 2591 2590 2585 2584
4 2577 2580 2583 2578
4 2562 2543 2580 2577
4 2543 2542 2581 2580
4 2921 2576 2579 2922
4 2923 2563 2576 2921
4 2563 2562 2577 2576
4 2924 2572 2575 2925
4 2922 2579 2572 2924
4 2579 2578 2573 2572
4 2565 2568 2571 2566
4 2926 2927 2568 2565
4 2927 2928 2569 2568
4 2929 2564 2567 2930
4 2931 2932 2564 2929
4 2932 2926 2565 2564
4 2933 2560 2563 2923
4 2930 2567 2560 2933
4 2567 2566 2561 2560
4 2553 2556 2559 2554
4 2934 2935 2556 2553
4 2935 2936 2557 2556
4 2569 2552 2555 2570
4 2928 2937 2552 2569
4 2937 2934 2553 2552
4 2541 2548 2551 2542
4 2570 2555 2548 2541
4 2555 2554 2549 2548
4 2549 2544 2547 2550
4 2554 2559 2544 2549
4 2559 2558 2545 2544
4 2561 2540 2543 2562
4 2566 2571 2540 2561
4 2571 2570 2541 2540
4 2573 2536 2539 2574
4 2578 2583 2536 2573
4 2583 2582 2537 2536
4 2585 2532 2535 2586
4 2590 2595 2532 2585
4 2595 2594 2533 2532
4 2597 2528 2531 2598
4 2602 2607 2528 2597
4 2607 2606 2529 2528
4 2609 2524 2527 2610
4 2614 2619 2524 2609
4 2619 2618 2525 2524
4 2621 2520 2523 2622
4 2626 2631 2520 2621
4 2631 2630 2521 2520
4 2633 2516 2519 2634
4 2638 2643 2516 2633
4 2643 2642 2517 2516
4 2645 2512 2515 2646
4 2650 2655 2512 2645
4 2655 2654 2513 2512
4 2657 2508 2511 2658
4 2662 2667 2508 2657
4 2667 2666 2509 2508
4 2669 2504 2507 2670
4 2674 2679 2504 2669
4 2679 2678 2505 2504
4 2681 2500 2503 2682
4 2686 2691 2500 2681
4 2691 2690 2501 2500
4 2693 2496 2499 2694
4 2698 2703 2496 2693
4 2703 2702 2497 2496
4 2705 2492 2495 2706
4 2710 2715 2492 2705
4 2715 2714 2493 2492
4 2717 2488 2491 2718
4 2722 2727 2488 2717
4 2727 2726 2489 2488
4 2729 2484 2487 2730
4 2734 2739 2484 2729
4 2739 2738 2485 2484
4 2741 2480 2483 2742
4 2746 2751 2480 2741
4 2751 2750 2481 2480
4 2753 2476 2479 2754
4 2758 2763 2476 2753
4 2763 2762 2477 2476
4 2765 2472 2475 2766
4 2770 2775 2472 2765
4 2775 2774 2473 2472
4 2777 2468 2471 2778
4 2782 2787 2468 2777
4 2787 2786 2469 2468
4 2789 2464 2467 2790
4 2794 2799 2464 2789
4 2799 2798 2465 2464
4 2801 2460 2463 2802
4 2806 2811 2460 2801
4 2811 2810 2461 2460
4 2813 2456 2459 2814
4 2818 2823 2456 2813
4 2823 2822 2457 2456
4 2825 2452 2455 2826
4 2830 2835 2452 2825
4 2835 2834 2453 2452
4 2938 2939 2940 2941
4 2942 2943 2944 2945
4 2946 2947 2948 2949
4 2950 2951 2952 2953
4 2954 2955 2956 2957
4 2958 2959 2960 2961
4 2962 2963 2964 2965
4 2966 2967 2968 2969
4 2970 2971 2972 2973
4 2974 2975 2976 2977
4 2978 2979 2980 2981
4 2982 2983 2984 2985
4 2986 2987 2988 2989
4 2990 2991 2992 2993
4 2994 2995 2996 2997
4 2998 2999 3000 3001
4 3002 3003 3004 3005
4 3006 3007 3008 3009
4 3010 3011 3012 3013
4 3014 3015 3016 3017
4 3018 3019 3020 3021
4 3022 3023 3024 3025
4 3026 3027 3028 3029
4 3030 3031 3032 3033
4 3034 3035 3036 3037
4 3038 3039 3040 3041
4 3042 3043 3044 3045
4 3046 3047 3048 3049
4 3050 3051 3052 3053
4 3054 3055 3056 3057
4 3058 3059 3060 3061
4 3062 3063 3064 3065
4 3066 3067 3068 3069
4 3070 3071 3072 3073
4 3074 3075 3076 3077
4 3078 3079 3080 3081
4 3082 3083 3084 3085
4 3086 3087 3088 3089
4 3090 3091 3092 3093
4 3094 3095 3096 3097
4 3098 3099 3100 3101
4 3102 3103 3104 3105
4 3106 3107 3108 3109
4 3110 3111 3112 3113
4 3114 3115 3116 3117
4 3118 3119 3120 3121
4 3122 3123 3124 3125
4 3126 3127 3128 3129
4 3130 3131 3132 3133
4 3134 3135 3136 3137
4 3138 3139 3140 3141
4 3142 3143 3144 3145
4 3146 3147 3148 3149
4 3150 3151 3152 3153
4 3154 3155 3156 3157
4 3158 3159 3160 3161
4 3162 3163 3164 3165
4 3166 3167 3168 3169
4 3170 3171 3172 3173
4 3174 3175 3176 3177
4 3178 3179 3180 3181
4 3182 3183 3184 3185
4 3186 3187 3188 3189
4 3190 3191 3192 3193
4 3194 3195 3196 3197
4 3198 3199 3200 3201
4 3202 3203 3204 3205
4 3206 3207 3208 3209
4 3210 3211 3212 3213
4 3214 3215 3216 3217
4 3218 3219 3220 3221
4 3222 3223 3224 3225
4 3226 3227 3228 3229
4 3230 3231 3232 3233
4 3234 3235 3236 3237
4 3238 3239 3240 3241
4 3242 3243 3244 3245
4 3246 3247 3248 3249
4 3250 3251 3252 3253
4 3254 3255 3256 3257
4 3258 3259 3260 3261
4 3262 3263 3264 3265
4 3266 3267 3268 3269
4 3270 3271 3272 3273
4 3274 3275 3276 3277
4 3278 3279 3280 3281
4 3282 3283 3284 3285
4 3286 3287 3288 3289
4 3290 3291 3292 3293
4 3294 3295 3296 3297
4 3298 3299 3300 3301
4 3302 3303 3304 3305
4 3306 3307 3308 3309
4 3310 3311 3312 3313
4 3314 3315 3316 3317
4 3318 3319 3320 3321
4 3315 3318 3321 3316
4 3036 3033 3318 3315
4 3033 3032 3319 3318
4 3067 3314 3317 3068
4 3028 3037 3314 3067
4 3037 3036 3315 3314
4 3023 3310 3313 3024
4 3068 3317 3310 3023
4 3317 3316 3311 3310
4 3303 3306 3309 3304
4 3072 3021 3306 3303
4 3021 3020 3307 3306
4 3103 3302 3305 3104
4 3016 3073 3302 3103
4 3073 3072 3303 3302
4 3011 3298 3301 3012
4 3104 3305 3298 3011
4 3305 3304 3299 3298
4 3291 3294 3297 3292
4 3108 3009 3294 3291
4 3009 3008 3295 3294
4 3139 3290 3293 3140
4 3004 3109 3290 3139
4 3109 3108 3291 3290
4 2999 3286 3289 3000
4 3140 3293 3286 2999
4 3293 3292 3287 3286
4 3279 3282 3285 3280
4 3144 2997 3282 3279
4 2997 2996 3283 3282
4 3175 3278 3281 3176
4 2992 3145 3278 3175
4 3145 3144 3279 3278
4 2987 3274 3277 2988
4 3176 3281 3274 2987
4 3281 3280 3275 3274
4 3267 3270 3273 3268
4 3180 2985 3270 3267
4 2985 2984 3271 3270
4 3211 3266 3269 3212
4 2980 3181 3266 3211
4 3181 3180 3267 3266
4 2975 3262 3265 2976
4 3212 3269 3262 2975
4 3269 3268 3263 3262
4 3255 3258 3261 3256
4 3216 2973 3258 3255
4 2973 2972 3259 3258
4 3247 3254 3257 3248
4 2968 3217 3254 3247
4 3217 3216 3255 3254
4 2963 3250 3253 2964
4 3248 3257 3250 2963
4 3257 3256 3251 3250
4 3243 3246 3249 3244
4 3228 2969 3246 3243
4 2969 2968 3247 3246
4 3322 3242 3245 3323
4 3324 3229 3242 3322
4 3229 3228 3243 3242
4 3325 3238 3241 3326
4 3323 3245 3238 3325
4 3245 3244 3239 3238
4 3231 3234 3237 3232
4 3327 3328 3234 3231
4 3328 3329 3235 3234
4 3330 3230 3233 3331
4 3332 3333 3230 3330
4 3333 3327 3231 3230
4 3334 3226 3229 3324
4 3331 3233 3226 3334
4 3233 3232 3227 3226
4 3219 3222 3225 3220
4 3335 3336 3222 3219
4 3336 3337 3223 3222
4 3235 3218 3221 3236
4 3329 3338 3218 3235
4 3338 3335 3219 3218
4 2967 3214 3217 2968
4 3236 3221 3214 2967
4 3221 3220 3215 3214
4 3207 3210 3213 3208
4 3192 2981 3210 3207
4 2981 2980 3211 3210
4 3339 3206 3209 3340
4 3341 3193 3206 3339
4 3193 3192 3207 3206
4 3342 3202 3205 3343
4 3340 3209 3202 3342
4 3209 3208 3203 3202
4 3195 3198 3201 3196
4 3344 3345 3198 3195
4 3345 3346 3199 3198
4 3347 3194 3197 3348
4 3349 3350 3194 3347
4 3350 3344 3195 3194
4 3351 3190 3193 3341
4 3348 3197 3190 3351
4 3197 3196 3191 3190
4 3183 3186 3189 3184
4 3352 3353 3186 3183
4 3353 3354 3187 3186
4 3199 3182 3185 3200
4 3346 3355 3182 3199
4 3355 3352 3183 3182
4 2979 3178 3181 2980
4 3200 3185 3178 2979
4 3185 3184 3179 3178
4 3171 3174 3177 3172
4 3156 2993 3174 3171
4 2993 2992 3175 3174
4 3356 3170 3173 3357
4 3358 3157 3170 3356
4 3157 3156 3171 3170
4 3359 3166 3169 3360
4 3357 3173 3166 3359
4 3173 3172 3167 3166
4 3159 3162 3165 3160
4 3361 3362 3162 3159
4 3362 3363 3163 3162
4 3364 3158 3161 3365
4 3366 3367 3158 3364
4 3367 3361 3159 3158
4 3368 3154 3157 3358
4 3365 3161 3154 3368
4 3161 3160 3155 3154
4 3147 3150 3153 3148
4 3369 3370 3150 3147
4 3370 3371 3151 3150
4 3163 3146 3149 3164
4 3363 3372 3146 3163
4 3372 3369 3147 3146
4 2991 3142 3145 2992
4 3164 3149 3142 2991
4 3149 3148 3143 3142
4 3135 3138 3141 3136
4 3120 3005 3138 3135
4 3005 3004 3139 3138
4 3373 3134 3137 3374
4 3375 3121 3134 3373
4 3121 3120 3135 3134
4 3376 3130 3133 3377
4 3374 3137 3130 3376
4 3137 3136 3131 3130
4 3123 3126 3129 3124
4 3378 3379 3126 3123
4 3379 3380 3127 3126
4 3381 3122 3125 3382
4 3383 3384 3122 3381
4 3384 3378 3123 3122
4 3385 3118 3121 3375
4 3382 3125 3118 3385
4 3125 3124 3119 3118
4 3111 3114 3117 3112
4 3386 3387 3114 3111
4 3387 3388 3115 3114
4 3127 3110 3113 3128
4 3380 3389 3110 3127
4 3389 3386 3111 3110
4 3003 3106 3109 3004
4 3128 3113 3106 3003
4 3113 3112 3107 3106
4 3099 3102 3105 3100
4 3084 3017 3102 3099
4 3017 3016 3103 3102
4 3390 3098 3101 3391
4 3392 3085 3098 3390
4 3085 3084 3099 3098
4 3393 3094 3097 3394
4 3391 3101 3094 3393
4 3101 3100 3095 3094
4 3087 3090 3093 3088
4 3395 3396 3090 3087
4 3396 3397 3091 3090
4 3398 3086 3089 3399
4 3400 3401 3086 3398
4 3401 3395 3087 3086
4 3402 3082 3085 3392
4 3399 3089 3082 3402
4 3089 3088 3083 3082
4 3075 3078 3081 3076
4 3403 3404 3078 3075
4 3404 3405 3079 3078
4 3091 3074 3077 3092
4 3397 3406 3074 3091
4 3406 3403 3075 3074
4 3015 3070 3073 3016
4 3092 3077 3070 3015
4 3077 3076 3071 3070
4 3063 3066 3069 3064
4 3048 3029 3066 3063
4 3029 3028 3067 3066
4 3407 3062 3065 3408
4 3409 3049 3062 3407
4 3049 3048 3063 3062
4 3410 3058 3061 3411
4 3408 3065 3058 3410
4 3065 3064 3059 3058
4 3051 3054 3057 3052
4 3412 3413 3054 3051
4 3413 3414 3055 3054
4 3415 3050 3053 3416
4 3417 3418 3050 3415
4 3418 3412 3051 3050
4 3419 3046 3049 3409
4 3416 3053 3046 3419
4 3053 3052 3047 3046
4 3039 3042 3045 3040
4 3420 3421 3042 3039
4 3421 3422 3043 3042
4 3055 3038 3041 3056
4 3414 3423 3038 3055
4 3423 3420 3039 3038
4 3027 3034 3037 3028
4 3056 3041 3034 3027
4 3041 3040 3035 3034
4 3035 3030 3033 3036
4 3040 3045 3030 3035
4 3045 3044 3031 3030
4 3047 3026 3029 3048
4 3052 3057 3026 3047
4 3057 3056 3027 3026
4 3059 3022 3025 3060
4 3064 3069 3022 3059
4 3069 3068 3023 3022
4 3071 3018 3021 3072
4 3076 3081 3018 3071
4 3081 3080 3019 3018
4 3083 3014 3017 3084
4 3088 3093 3014 3083
4 3093 3092 3015 3014
4 3095 3010 3013 3096
4 3100 3105 3010 3095
4 3105 3104 3011 3010
4 3107 3006 3009 3108
4 3112 3117 3006 3107
4 3117 3116 3007 3006
4 3119 3002 3005 3120
4 3124 3129 3002 3119
4 3129 3128 3003 3002
4 3131 2998 3001 3132
4 3136 3141 2998 3131
4 3141 3140 2999 2998
4 3143 2994 2997 3144
4 3148 3153 2994 3143
4 3153 3152 2995 2994
4 3155 2990 2993 3156
4 3160 3165 2990 3155
4 3165 3164 2991 2990
4 3167 2986 2989 3168
4 3172 3177 2986 3167
4 3177 3176 2987 2986
4 3179 2982 2985 3180
4 3184 3189 2982 3179
4 3189 3188 2983 2982
4 3191 2978 2981 3192
4 3196 3201 2978 3191
4 3201 3200 2979 2978
4 3203 2974 2977 3204
4 3208 3213 2974 3203
4 3213 3212 2975 2974
4 3215 2970 2973 3216
4 3220 3225 2970 3215
4 3225 3224 2971 2970
4 3227 2966 2969 3228
4 3232 3237 2966 3227
4 3237 3236 2967 2966
4 3239 2962 2965 3240
4 3244 3249 2962 3239
4 3249 3248 2963 2962
4 3251 2958 2961 3252
4 3256 3261 2958 3251
4 3261 3260 2959 2958
4 3263 2954 2957 3264
4 3268 3273 2954 3263
4 3273 3272 2955 2954
4 3275 2950 2953 3276
4 3280 3285 2950 3275
4 3285 3284 2951 2950
4 3287 2946 2949 3288
4 3292 3297 2946 3287
4 3297 3296 2947 2946
4 3299 2942 2945 3300
4 3304 3309 2942 3299
4 3309 3308 2943 2942
4 3311 2938 2941 3312
4 3316 3321 2938 3311
4 3321 3320 2939 2938
4 3424 3425 3426 3427
4 3428 3429 3430 3431
4 3432 3433 3434 3435
4 3436 3437 3438 3439
4 3440 3441 3442 3443
4 3444 3445 3446 3447
4 3448 3449 3450 3451
4 3452 3453 3454 3455
4 3456 3457 3458 3459
4 3460 3461 3462 3463
4 3464 3465 3466 3467
4 3468 3469 3470 3471
4 3472 3473 3474 3475
4 3476 3477 3478 3479
4 3480 3481 3482 3483
4 3484 3485 3486 3487
4 3488 3489 3490 3491
4 3492 3493 3494 3495
4 3496 3497 3498 3499
4 3500 3501 3502 3503
4 3504 3505 3506 3507
4 3508 3509 3510 3511
4 3512 3513 3514 3515
4 3516 3517 3518 3519
4 3520 3521 3522 3523
4 3524 3525 3526 3527
4 3528 3529 3530 3531
4 3532 3533 3534 3535
4 3536 3537 3538 3539
4 3540 3541 3542 3543
4 3544 3545 3546 3547
4 3548 3549 3550 3551
4 3552 3553 3554 3555
4 3556 3557 3558 3559
4 3560 3561 3562 3563
4 3564 3565 3566 3567
4 3568 3569 3570 3571
4 3572 3573 3574 3575
4 3576 3577 3578 3579
4 3580 3581 3582 3583
4 3584 3585 3586 3587
4 3588 3589 3590 3591
4 3592 3593 3594 3595
4 3596 3597 3598 3599
4 3600 3601 3602 3603
4 3604 3605 3606 3607
4 3608 3609 3610 3611
4 3612 3613 3614 3615
4 3616 3617 3618 3619
4 3620 3621 3622 3623
4 3624 3625 3626 3627
4 3628 3629 3630 3631
4 3632 3633 3634 3635
4 3636 3637 3638 3639
4 3640 3641 3642 3643
4 3644 3645 3646 3647
4 3648 3649 3650 3651
4 3652 3653 3654 3655
4 3656 3657 3658 3659
4 3660 3661 3662 3663
4 3664 3665 3666 3667
4 3668 3669 3670 3671
4 3672 3673 3674 3675
4 3676 3677 3678 3679
4 3680 3681 3682 3683
4 3684 3685 3686 3687
4 3688 3689 3690 3691
4 3692 3693 3694 3695
4 3696 3697 3698 3699
4 3700 3701 3702 3703
4 3704 3705 3706 3707
4 3708 3709 3710 3711
4 3712 3713 3714 3715
4 3716 3717 3718 3719
4 3720 3721 3722 3723
4 3724 3725 3726 3727
4 3728 3729 3730 3731
4 3732 3733 3734 3735
4 3736 3737 3738 3739
4 3740 3741 3742 3743
4 3744 3745 3746 3747
4 3748 3749 3750 3751
4 3752 3753 3754 3755
4 3756 3757 3758 3759
4 3760 3761 3762 3763
4 3764 3765 3766 3767
4 3768 3769 3770 3771
4 3772 3773 3774 3775
4 3776 3777 3778 3779
4 3780 3781 3782 3783
4 3784 3785 3786 3787
4 3788 3789 3790 3791
4 3792 3793 3794 3795
4 3796 3797 3798 3799
4 3800 3801 3802 3803
4 3804 3805 3806 3807
4 3801 3804 3807 3802
4 3522 3519 3804 3801
4 3519 3518 3805 3804
4 3553 3800 3803 3554
4 3514 3523 3800 3553
4 3523 3522 3801 3800
4 3509 3796 3799 3510
4 3554 3803 3796 3509
4 3803 3802 3797 3796
4 3789 3792 3795 3790
4 3558 3507 3792 3789
4 3507 3506 3793 3792
4 3589 3788 3791 3590
4 3502 3559 3788 3589
4 3559 3558 3789 3788
4 3497 3784 3787 3498
4 3590 3791 3784 3497
4 3791 3790 3785 3784
4 3777 3780 3783 3778
4 3594 3495 3780 3777
4 3495 3494 3781 3780
4 3625 3776 3779 3626
4 3490 3595 3776 3625
4 3595 3594 3777 3776
4 3485 3772 3775 3486
4 3626 3779 3772 3485
4 3779 3778 3773 3772
4 3765 3768 3771 3766
4 3630 3483 3768 3765
4 3483 3482 3769 3768
4 3661 3764 3767 3662
4 3478 3631 3764 3661
4 3631 3630 3765 3764
4 3473 3760 3763 3474
4 3662 3767 3760 3473
4 3767 3766 3761 3760
4 3753 3756 3759 3754
4 3666 3471 3756 3753
4 3471 3470 3757 3756
4 3697 3752 3755 3698
4 3466 3667 3752 3697
4 3667 3666 3753 3752
4 3461 3748 3751 3462
4 3698 3755 3748 3461
4 3755 3754 3749 3748
4 3741 3744 3747 3742
4 3702 3459 3744 3741
4 3459 3458 3745 3744
4 3733 3740 3743 3734
4 3454 3703 3740 3733
4 3703 3702 3741 3740
4 3449 3736 3739 3450
4 3734 3743 3736 3449
4 3743 3742 3737 3736
4 3729 3732 3735 3730
4 3714 3455 3732 3729
4 3455 3454 3733 3732
4 3808 3728 3731 3809
4 3810 3715 3728 3808
4 3715 3714 3729 3728
4 3811 3724 3727 3812
4 3809 3731 3724 3811
4 3731 3730 3725 3724
4 3717 3720 3723 3718
4 3813 3814 3720 3717
4 3814 3815 3721 3720
4 3816 3716 3719 3817
4 3818 3819 3716 3816
4 3819 3813 3717 3716
4 3820 3712 3715 3810
4 3817 3719 3712 3820
4 3719 3718 3713 3712
4 3705 3708 3711 3706
4 3821 3822 3708 3705
4 3822 3823 3709 3708
4 3721 3704 3707 3722
4 3815 3824 3704 3721
4 3824 3821 3705 3704
4 3453 3700 3703 3454
4 3722 3707 3700 3453
4 3707 3706 3701 3700
4 3693 3696 3699 3694
4 3678 3467 3696 3693
4 3467 3466 3697 3696
4 3825 3692 3695 3826
4 3827 3679 3692 3825
4 3679 3678 3693 3692
4 3828 3688 3691 3829
4 3826 3695 3688 3828
4 3695 3694 3689 3688
4 3681 3684 3687 3682
4 3830 3831 3684 3681
4 3831 3832 3685 3684
4 3833 3680 3683 3834
4 3835 3836 3680 3833
4 3836 3830 3681 3680
4 3837 3676 3679 3827
4 3834 3683 3676 3837
4 3683 3682 3677 3676
4 3669 3672 3675 3670
4 3838 3839 3672 3669
4 3839 3840 3673 3672
4 3685 3668 3671 3686
4 3832 3841 3668 3685
4 3841 3838 3669 3668
4 3465 3664 3667 3466
4 3686 3671 3664 3465
4 3671 3670 3665 3664
4 3657 3660 3663 3658
4 3642 3479 3660 3657
4 3479 3478 3661 3660
4 3842 3656 3659 3843
4 3844 3643 3656 3842
4 3643 3642 3657 3656
4 3845 3652 3655 3846
4 3843 3659 3652 3845
4 3659 3658 3653 3652
4 3645 3648 3651 3646
4 3847 3848 3648 3645
4 3848 3849 3649 3648
4 3850 3644 3647 3851
4 3852 3853 3644 3850
4 3853 3847 3645 3644
4 3854 3640 3643 3844
4 3851 3647 3640 3854
4 3647 3646 3641 3640
4 3633 3636 3639 3634
4 3855 3856 3636 3633
4 3856 3857 3637 3636
4 3649 3632 3635 3650
4 3849 3858 3632 3649
4 3858 3855 3633 3632
4 3477 3628 3631 3478
4 3650 3635 3628 3477
4 3635 3634 3629 3628
4 3621 3624 3627 3622
4 3606 3491 3624 3621
4 3491 3490 3625 3624
4 3859 3620 3623 3860
4 3861 3607 3620 3859
4 3607 3606 3621 3620
4 3862 3616 3619 3863
4 3860 3623 3616 3862
4 3623 3622 3617 3616
4 3609 3612 3615 3610
4 3864 3865 3612 3609
4 3865 3866 3613 3612
4 3867 3608 3611 3868
4 3869 3870 3608 3867
4 3870 3864 3609 3608
4 3871 3604 3607 3861
4 3868 3611 3604 3871
4 3611 3610 3605 3604
4 3597 3600 3603 3598
4 3872 3873 3600 3597
4 3873 3874 3601 3600
4 3613 3596 3599 3614
4 3866 3875 3596 3613
4 3875 3872 3597 3596
4 3489 3592 3595 3490
4 3614 3599 3592 3489
4 3599 3598 3593 3592
4 3585 3588 3591 3586
4 3570 3503 3588 3585
4 3503 3502 3589 3588
4 3876 3584 3587 3877
4 3878 3571 3584 3876
4 3571 3570 3585 3584
4 3879 3580 3583 3880
4 3877 3587 3580 3879
4 3587 3586 3581 3580
4 3573 3576 3579 3574
4 3881 3882 3576 3573
4 3882 3883 3577 3576
4 3884 3572 3575 3885
4 3886 3887 3572 3884
4 3887 3881 3573 3572
4 3888 3568 3571 3878
4 3885 3575 3568 3888
4 3575 3574 3569 3568
4 3561 3564 3567 3562
4 3889 3890 3564 3561
4 3890 3891 3565 3564
4 3577 3560 3563 3578
4 3883 3892 3560 3577
4 3892 3889 3561 3560
4 3501 3556 3559 3502
4 3578 3563 3556 3501
4 3563 3562 3557 3556
4 3549 3552 3555 3550
4 3534 3515 3552 3549
4 3515 3514 3553 3552
4 3893 3548 3551 3894
4 3895 3535 3548 3893
4 3535 3534 3549 3548
4 3896 3544 3547 3897
4 3894 3551 3544 3896
4 3551 3550 3545 3544
4 3537 3540 3543 3538
4 3898 3899 3540 3537
4 3899 3900 3541 3540
4 3901 3536 3539 3902
4 3903 3904 3536 3901
4 3904 3898 3537 3536
4 3905 3532 3535 3895
4 3902 3539 3532 3905
4 3539 3538 3533 3532
4 3525 3528 3531 3526
4 3906 3907 3528 3525
4 3907 3908 3529 3528
4 3541 3524 3527 3542
4 3900 3909 3524 3541
4 3909 3906 3525 3524
4 3513 3520 3523 3514
4 3542 3527 3520 3513
4 3527 3526 3521 3520
4 3521 3516 3519 3522
4 3526 3531 3516 3521
4 3531 3530 3517 3516
4 3533 3512 3515 3534
4 3538 3543 3512 3533
4 3543 3542 3513 3512
4 3545 3508 3511 3546
4 3550 3555 3508 3545
4 3555 3554 3509 3508
4 3557 3504 3507 3558
4 3562 3567 3504 3557
4 3567 3566 3505 3504
4 3569 3500 3503 3570
4 3574 3579 3500 3569
4 3579 3578 3501 3500
4 3581 3496 3499 3582
4 3586 3591 3496 3581
4 3591 3590 3497 3496
4 3593 3492 3495 3594
4 3598 3603 3492 3593
4 3603 3602 3493 3492
4 3605 3488 3491 3606
4 3610 3615 3488 3605
4 3615 3614 3489 3488
4 3617 3484 3487 3618
4 3622 3627 3484 3617
4 3627 3626 3485 3484
4 3629 3480 3483 3630
4 3634 3639 3480 3629
4 3639 3638 3481 3480
4 3641 3476 3479 3642
4 3646 3651 3476 3641
4 3651 3650 3477 3476
4 3653 3472 3475 3654
4 3658 3663 3472 3653
4 3663 3662 3473 3472
4 3665 3468 3471 3666
4 3670 3675 3468 3665
4 3675 3674 3469 3468
4 3677 3464 3467 3678
4 3682 3687 3464 3677
4 3687 3686 3465 3464
4 3689 3460 3463 3690
4 3694 3699 3460 3689
4 3699 3698 3461 3460
4 3701 3456 3459 3702
4 3706 3711 3456 3701
4 3711 3710 3457 3456
4 3713 3452 3455 3714
4 3718 3723 3452 3713
4 3723 3722 3453 3452
4 3725 3448 3451 3726
4 3730 3735 3448 3725
4 3735 3734 3449 3448
4 3737 3444 3447 3738
4 3742 3747 3444 3737
4 3747 3746 3445 3444
4 3749 3440 3443 3750
4 3754 3759 3440 3749
4 3759 3758 3441 3440
4 3761 3436 3439 3762
4 3766 3771 3436 3761
4 3771 3770 3437 3436
4 3773 3432 3435 3774
4 3778 3783 3432 3773
4 3783 3782 3433 3432
4 3785 3428 3431 3786
4 3790 3795 3428 3785
4 3795 3794 3429 3428
4 3797 3424 3427 3798
4 3802 3807 3424 3797
4 3807 3806 3425 3424
4 3910 3911 3912 3913
4 3914 3915 3916 3917
4 3918 3919 3920 3921
4 3922 3923 3924 3925
4 3926 3927 3928 3929
4 3930 3931 3932 3933
4 3934 3935 3936 3937
4 3938 3939 3940 3941
4 3942 3943 3944 3945
4 3946 3947 3948 3949
4 3950 3951 3952 3953
4 3954 3955 3956 3957
4 3958 3959 3960 3961
4 3962 3963 3964 3965
4 3966 3967 3968 3969
4 3970 3971 3972 3973
4 3974 3975 3976 3977
4 3978 3979 3980 3981
4 3982 3983 3984 3985
4 3986 3987 3988 3989
4 3990 3991 3992 3993
4 3994 3995 3996 3997
4 3998 3999 4000 4001
4 4002 4003 4004 4005
4 4006 4007 4008 4009
4 4010 4011 4012 4013
4 4014 4015 4016 4017
4 4018 4019 4020 4021
4 4022 4023 4024 4025
4 4026 4027 4028 4029
4 4030 4031 4032 4033
4 4034 4035 4036 4037
4 4038 4039 4040 4041
4 4042 4043 4044 4045
4 4046 4047 4048 4049
4 4050 4051 4052 4053
4 4054 4055 4056 4057
4 4058 4059 4060 4061
4 4062 4063 4064 4065
4 4066 4067 4068 4069
4 4070 4071 4072 4073
4 4074 4075 4076 4077
4 4078 4079 4080 4081
4 4082 4083 4084 4085
4 4086 4087 4088 4089
4 4090 4091 4092 4093
4 4094 4095 4096 4097
4 4098 4099 4100 4101
4 4102 4103 4104 4105
4 4106 4107 4108 4109
4 4110 4111 4112 4113
4 4114 4115 4116 4117
4 4118 4119 4120 4121
4 4122 4123 4124 4125
5 4126 4127 4128 4129 4130
4 4131 4132 4133 4134
4 4135 4136 4137 4138
4 4139 4140 4141 4142
4 4143 4144 4145 4146
5 4147 4148 4149 4150 4151
4 4150 4149 4132 4131
4 4152 4150 4131 4127
5 4153 4151 4150 4152 4154
4 4155 4156 4157 4158
4 4159 4160 4161 4162
4 4163 4164 4165 4166
4 4167 4168 4169 4170
4 4171 4172 4173 4174
4 4175 4176 4177 4178
4 4179 4180 4181 4182
4 4183 4184 4185 4186
4 4187 4188 4189 4190
4 4191 4192 4193 4194
4 4195 4196 4197 4198
5 4134 4133 4199 4137 4136
5 4128 4134 4136 4197 4196
4 4127 4131 4134 4128
6 4129 4128 4196 4124 4123 4200
4 4201 4202 4203 4204
4 4205 4206 4207 4208
4 4209 4210 4211 4212
4 4213 4214 4215 4216
4 4217 4218 4219 4220
4 4221 4222 4223 4224
4 4225 4226 4227 4228
4 4229 4230 4231 4232
4 4233 4234 4235 4236
4 4237 4238 4239 4240
4 4241 4242 4243 4244
4 4245 4246 4247 4248
6 4133 4246 4245 4107 4249 4199
5 4132 4111 4110 4246 4133
4 4250 4251 4252 4253
4 4254 4255 4256 4257
4 4258 4199 4249 4259
4 4260 4103 4102 4261
5 4104 4098 4101 4262 4105
4 4263 4264 4265 4266
5 4267 4094 4097 4263 4268
4 4269 4270 4271 4272
5 4273 4091 4090 4274 4275
4 4092 4276 4277 4093
4 4278 4279 4280 4281
4 4282 4283 4284 4285
4 4286 4287 4288 4289
4 4290 4291 4292 4293
4 4294 4295 4103 4260
4 4296 4079 4078 4297
5 4080 4074 4077 4298 4081
4 4299 4300 4301 4302
6 4303 4070 4073 4299 4304 4305
4 4306 4307 4308 4309
5 4310 4067 4066 4311 4312
4 4068 4313 4314 4069
4 4315 4316 4317 4318
4 4319 4320 4321 4322
4 4323 4324 4325 4326
4 4327 4328 4329 4330
4 4331 4055 4054 4332
5 4056 4050 4053 4333 4057
4 4334 4335 4336 4337
5 4338 4046 4049 4334 4339
4 4340 4341 4342 4343
5 4344 4043 4042 4345 4346
4 4044 4347 4348 4045
4 4349 4350 4351 4352
4 4353 4354 4355 4356
4 4357 4358 4359 4360
4 4361 4362 4363 4364
4 4365 4031 4030 4366
5 4032 4026 4029 4367 4033
4 4368 4369 4370 4371
5 4372 4022 4025 4368 4373
4 4374 4375 4376 4377
5 4378 4019 4018 4379 4380
4 4020 4381 4382 4021
4 4383 4384 4385 4386
4 4387 4388 4389 4390
4 4391 4392 4393 4394
4 4395 4396 4397 4398
4 4399 4007 4006 4400
5 4008 4002 4005 4401 4009
4 4402 4403 4404 4405
5 4406 3998 4001 4402 4407
4 4408 4409 4410 4411
5 4412 3995 3994 4413 4414
4 3996 4415 4416 3997
4 4417 4418 4419 4420
4 4421 4422 4423 4424
4 4425 4426 4427 4428
4 4429 4430 4431 4432
4 4433 4434 4435 4436
4 4437 4438 4439 4440
4 4441 4442 4443 4444
5 4445 3974 3977 4441 4446
4 4401 4447 4448 4449
4 4450 4451 4452 4453
4 4454 4455 4456 4457
4 4458 4459 4460 4461
5 4462 3962 3965 4458 4463
4 4367 4464 4465 4466
4 4467 4468 4469 4470
4 4471 4472 4473 4474
4 4475 4476 4477 4478
5 4479 3950 3953 4475 4480
4 4333 4481 4482 4483
4 4484 4485 4486 4487
4 4488 4489 4490 4491
4 4492 4493 4494 4495
5 4496 3938 3941 4492 4497
4 4298 4498 4499 4500
4 4501 4502 4503 4504
4 4505 4506 4507 4508
4 4509 4510 4511 4512
5 4513 3926 3929 4509 4514
4 4262 4515 4516 4517
4 4518 4519 4520 4521
4 4522 4523 4524 4525
4 4526 4527 4528 4529
4 4530 4531 4532 4533
4 4534 4535 4536 4537
4 4538 4539 4540 4541
4 4542 4543 4544 4545
4 4546 4547 4548 4549
4 4550 4551 4552 4553
4 4554 4555 4556 4557
5 4149 4555 4554 4111 4132
6 4558 3911 3910 4555 4149 4148
4 4111 4554 4557 4112
4 4547 4550 4553 4548
4 4157 4146 4550 4547
4 4146 4145 4551 4550
4 4148 4546 4549 4558
4 4147 4158 4546 4148
4 4158 4157 4547 4546
4 3911 4542 4545 3912
4 4558 4549 4542 3911
4 4549 4548 4543 4542
4 4535 4538 4541 4536
4 4544 3917 4538 4535
4 3917 3916 4539 4538
4 4527 4534 4537 4528
4 3912 4545 4534 4527
4 4545 4544 4535 4534
4 3923 4530 4533 3924
4 4528 4537 4530 3923
4 4537 4536 4531 4530
4 4523 4526 4529 4524
4 4556 3913 4526 4523
4 3913 3912 4527 4526
4 4242 4522 4525 4243
4 4112 4557 4522 4242
4 4557 4556 4523 4522
4 4115 4518 4521 4116
4 4243 4525 4518 4115
4 4525 4524 4519 4518
4 4260 4261 4277 4276
4 4261 4559 4291 4277
4 4101 4100 4515 4262
4 4102 4105 4513 4560
4 3929 3928 4510 4509
5 4514 4505 3935 3934 4561
4 4513 4514 4561 4560
4 3935 4505 4508 3936
4 4559 4562 4292 4291
4 4083 4501 4504 4084
5 4562 4501 4083 4082 4292
4 4296 4297 4314 4313
4 4297 4563 4328 4314
4 4077 4076 4498 4298
4 4078 4081 4496 4564
4 3941 3940 4493 4492
5 4497 4488 3947 3946 4565
4 4496 4497 4565 4564
4 3947 4488 4491 3948
4 4563 4566 4329 4328
4 4059 4484 4487 4060
5 4566 4484 4059 4058 4329
4 4331 4332 4348 4347
4 4332 4567 4362 4348
4 4053 4052 4481 4333
4 4054 4057 4479 4568
4 3953 3952 4476 4475
5 4480 4471 3959 3958 4569
4 4479 4480 4569 4568
4 3959 4471 4474 3960
4 4567 4570 4363 4362
4 4035 4467 4470 4036
5 4570 4467 4035 4034 4363
4 4365 4366 4382 4381
4 4366 4571 4396 4382
4 4029 4028 4464 4367
4 4030 4033 4462 4572
4 3965 3964 4459 4458
5 4463 4454 3971 3970 4573
4 4462 4463 4573 4572
4 3971 4454 4457 3972
4 4571 4574 4397 4396
4 4011 4450 4453 4012
5 4574 4450 4011 4010 4397
4 4399 4400 4416 4415
4 4400 4575 4430 4416
4 4005 4004 4447 4401
4 4006 4009 4445 4576
4 3977 3976 4442 4441
5 4446 4437 3983 3982 4577
4 4445 4446 4577 4576
4 3983 4437 4440 3984
4 4575 4578 4431 4430
4 3987 4433 4436 3988
5 4578 4433 3987 3986 4431
4 4579 4413 4580 4581
4 4582 4414 4413 4579
4 4583 4584 4585 4586
4 4581 4580 4584 4583
4 3994 3997 4429 4587
5 4432 4425 3991 3990 4588
4 4429 4432 4588 4587
4 3991 4425 4428 3992
4 4589 4590 4591 4592
4 4586 4585 4590 4589
4 4593 4421 4424 4594
4 4592 4591 4421 4593
4 4595 4596 4597 4598
4 4596 4599 4600 4597
4 4601 4602 4603 4604
4 4605 4606 4602 4601
4 4606 4595 4598 4602
4 4607 4608 4609 4610
4 4604 4603 4608 4607
4 4611 4612 4613 4614
4 4612 4615 4616 4613
4 4599 4617 4618 4600
4 4617 4611 4614 4618
5 4600 4618 4417 4619 4597
4 4620 4621 4419 4418
4 4420 3996 3995 4622
4 4417 4420 4622 4619
4 4623 4624 4625 4626
4 4610 4609 4624 4623
4 4627 4412 4414 4582
4 4626 4625 4412 4627
4 4628 4629 4630 4631
4 4629 4632 4633 4630
4 4615 4634 4635 4616
4 4634 4628 4631 4635
5 4616 4635 4620 4418 4613
4 4636 4637 4408 4638
4 4637 4639 4409 4408
4 4632 4640 4641 4633
4 4640 4636 4638 4641
5 4633 4641 4406 4642 4630
4 4001 4000 4403 4402
4 4407 4008 4007 4643
4 4406 4407 4643 4642
4 4419 4621 4399 4415
4 4644 4379 4645 4646
4 4647 4380 4379 4644
4 4648 4649 4650 4651
4 4646 4645 4649 4648
4 4018 4021 4395 4652
5 4398 4391 4015 4014 4653
4 4395 4398 4653 4652
4 4015 4391 4394 4016
4 4654 4655 4656 4657
4 4651 4650 4655 4654
4 4658 4387 4390 4659
4 4657 4656 4387 4658
4 4660 4661 4662 4663
4 4661 4664 4665 4662
4 4666 4667 4668 4669
4 4670 4671 4667 4666
4 4671 4660 4663 4667
4 4672 4673 4674 4675
4 4669 4668 4673 4672
4 4676 4677 4678 4679
4 4677 4680 4681 4678
4 4664 4682 4683 4665
4 4682 4676 4679 4683
5 4665 4683 4383 4684 4662
4 4685 4686 4385 4384
4 4386 4020 4019 4687
4 4383 4386 4687 4684
4 4688 4689 4690 4691
4 4675 4674 4689 4688
4 4692 4378 4380 4647
4 4691 4690 4378 4692
4 4693 4694 4695 4696
4 4694 4697 4698 4695
4 4680 4699 4700 4681
4 4699 4693 4696 4700
5 4681 4700 4685 4384 4678
4 4701 4702 4374 4703
4 4702 4704 4375 4374
4 4697 4705 4706 4698
4 4705 4701 4703 4706
5 4698 4706 4372 4707 4695
4 4025 4024 4369 4368
4 4373 4032 4031 4708
4 4372 4373 4708 4707
4 4385 4686 4365 4381
4 4709 4345 4710 4711
4 4712 4346 4345 4709
4 4713 4714 4715 4716
4 4711 4710 4714 4713
4 4042 4045 4361 4717
5 4364 4357 4039 4038 4718
4 4361 4364 4718 4717
4 4039 4357 4360 4040
4 4719 4720 4721 4722
4 4716 4715 4720 4719
4 4723 4353 4356 4724
4 4722 4721 4353 4723
4 4725 4726 4727 4728
4 4726 4729 4730 4727
4 4731 4732 4733 4734
4 4735 4736 4732 4731
4 4736 4725 4728 4732
4 4737 4738 4739 4740
4 4734 4733 4738 4737
4 4741 4742 4743 4744
4 4742 4745 4746 4743
4 4729 4747 4748 4730
4 4747 4741 4744 4748
5 4730 4748 4349 4749 4727
4 4750 4751 4351 4350
4 4352 4044 4043 4752
4 4349 4352 4752 4749
4 4753 4754 4755 4756
4 4740 4739 4754 4753
4 4757 4344 4346 4712
4 4756 4755 4344 4757
4 4758 4759 4760 4761
4 4759 4762 4763 4760
4 4745 4764 4765 4746
4 4764 4758 4761 4765
5 4746 4765 4750 4350 4743
4 4766 4767 4340 4768
4 4767 4769 4341 4340
4 4762 4770 4771 4763
4 4770 4766 4768 4771
5 4763 4771 4338 4772 4760
4 4049 4048 4335 4334
4 4339 4056 4055 4773
4 4338 4339 4773 4772
4 4351 4751 4331 4347
4 4774 4311 4775 4776
4 4777 4312 4311 4774
4 4778 4779 4780 4781
4 4776 4775 4779 4778
4 4066 4069 4327 4782
5 4330 4323 4063 4062 4783
4 4327 4330 4783 4782
4 4063 4323 4326 4064
4 4784 4785 4786 4787
4 4781 4780 4785 4784
4 4788 4319 4322 4789
4 4787 4786 4319 4788
4 4790 4791 4792 4793
4 4791 4794 4795 4792
4 4796 4797 4798 4799
4 4800 4801 4797 4796
4 4801 4790 4793 4797
4 4802 4803 4804 4805
4 4799 4798 4803 4802
4 4806 4807 4808 4809
4 4807 4810 4811 4808
4 4794 4812 4813 4795
4 4812 4806 4809 4813
5 4795 4813 4315 4814 4792
4 4815 4816 4317 4316
4 4318 4068 4067 4817
4 4315 4318 4817 4814
4 4818 4819 4820 4821
4 4805 4804 4819 4818
4 4822 4310 4312 4777
4 4821 4820 4310 4822
4 4823 4824 4825 4826
4 4824 4827 4828 4825
4 4810 4829 4830 4811
4 4829 4823 4826 4830
5 4811 4830 4815 4316 4808
4 4831 4832 4306 4833
4 4832 4834 4307 4306
4 4827 4835 4836 4828
4 4835 4831 4833 4836
5 4828 4836 4303 4837 4825
4 4073 4072 4300 4299
4 4305 4080 4079 4838
4 4303 4305 4838 4837
4 4317 4816 4296 4313
4 4839 4274 4840 4841
4 4842 4275 4274 4839
4 4843 4844 4845 4846
4 4841 4840 4844 4843
4 4090 4093 4290 4847
5 4293 4286 4087 4086 4848
4 4290 4293 4848 4847
4 4087 4286 4289 4088
4 4849 4850 4851 4852
4 4846 4845 4850 4849
4 4853 4282 4285 4854
4 4852 4851 4282 4853
4 4855 4856 4857 4858
4 4856 4859 4860 4857
4 4861 4862 4863 4864
4 4865 4866 4862 4861
4 4866 4855 4858 4862
4 4867 4868 4869 4870
4 4864 4863 4868 4867
4 4871 4872 4873 4874
4 4872 4875 4876 4873
4 4859 4877 4878 4860
4 4877 4871 4874 4878
5 4860 4878 4278 4879 4857
4 4880 4294 4280 4279
4 4281 4092 4091 4881
4 4278 4281 4881 4879
4 4882 4883 4884 4885
4 4870 4869 4883 4882
4 4886 4273 4275 4842
4 4885 4884 4273 4886
4 4887 4888 4889 4890
4 4888 4891 4892 4889
4 4875 4893 4894 4876
4 4893 4887 4890 4894
5 4876 4894 4880 4279 4873
4 4895 4896 4269 4897
4 4896 4898 4270 4269
4 4891 4899 4900 4892
4 4899 4895 4897 4900
5 4892 4900 4267 4901 4889
4 4097 4096 4264 4263
4 4268 4104 4103 4295
4 4267 4268 4295 4901
4 4280 4294 4260 4276
4 4255 4258 4259 4256
4 4189 4138 4258 4255
4 4138 4137 4199 4258
4 4902 4254 4257 4903
4 4904 4190 4254 4902
4 4190 4189 4255 4254
4 4905 4250 4253 4906
4 4903 4257 4250 4905
4 4257 4256 4251 4250
4 4107 4245 4248 4108
4 4238 4241 4244 4239
4 4247 4113 4241 4238
4 4113 4112 4242 4241
4 4230 4237 4240 4231
4 4108 4248 4237 4230
4 4248 4247 4238 4237
4 4119 4233 4236 4120
4 4231 4240 4233 4119
4 4240 4239 4234 4233
4 4226 4229 4232 4227
4 4252 4109 4229 4226
4 4109 4108 4230 4229
4 4907 4225 4228 4908
4 4906 4253 4225 4907
4 4253 4252 4226 4225
4 4909 4221 4224 4910
4 4908 4228 4221 4909
4 4228 4227 4222 4221
4 4214 4217 4220 4215
4 4911 4912 4217 4214
4 4912 4913 4218 4217
4 4914 4213 4216 4915
4 4916 4917 4213 4914
4 4917 4911 4214 4213
4 4918 4209 4212 4919
4 4915 4216 4209 4918
4 4216 4215 4210 4209
4 4202 4205 4208 4203
4 4920 4921 4205 4202
4 4921 4922 4206 4205
4 4218 4201 4204 4219
4 4913 4923 4201 4218
4 4923 4920 4202 4201
4 4219 4204 4200 4123
4 4204 4203 4129 4200
4 4192 4195 4198 4193
4 4211 4125 4195 4192
4 4125 4124 4196 4195
4 4924 4191 4194 4925
4 4919 4212 4191 4924
4 4212 4211 4192 4191
4 4926 4187 4190 4904
4 4925 4194 4187 4926
4 4194 4193 4188 4187
4 4180 4183 4186 4181
4 4927 4928 4183 4180
4 4928 4929 4184 4183
4 4206 4179 4182 4207
4 4922 4930 4179 4206
4 4930 4927 4180 4179
5 4127 4126 4931 4932 4152
4 4207 4182 4931 4126
4 4182 4181 4932 4931
4 4172 4175 4178 4173
4 4933 4934 4175 4172
4 4934 4935 4176 4175
4 4184 4171 4174 4185
4 4929 4936 4171 4184
4 4936 4933 4172 4171
4 4937 4167 4170 4938
4 4185 4174 4167 4937
4 4174 4173 4168 4167
4 4160 4163 4166 4161
4 4169 4142 4163 4160
4 4142 4141 4164 4163
4 4154 4159 4162 4153
4 4938 4170 4159 4154
4 4170 4169 4160 4159
4 4151 4155 4158 4147
4 4153 4162 4155 4151
4 4162 4161 4156 4155
6 4932 4939 4937 4938 4154 4152
4 4156 4143 4146 4157
4 4161 4166 4143 4156
4 4166 4165 4144 4143
4 4168 4139 4142 4169
4 4173 4178 4139 4168
4 4178 4177 4140 4139
4 4181 4186 4939 4932
4 4186 4185 4937 4939
4 4188 4135 4138 4189
4 4193 4198 4135 4188
4 4198 4197 4136 4135
4 4203 4208 4130 4129
4 4208 4207 4126 4130
4 4210 4122 4125 4211
4 4215 4220 4122 4210
4 4220 4219 4123 4122
4 4222 4118 4121 4223
4 4227 4232 4118 4222
4 4232 4231 4119 4118
4 4234 4114 4117 4235
4 4239 4244 4114 4234
4 4244 4243 4115 4114
4 4246 4110 4113 4247
4 4251 4106 4109 4252
4 4256 4259 4106 4251
4 4259 4249 4107 4106
3 4940 4295 4294
5 4263 4266 4098 4104 4268
4 4266 4265 4099 4098
6 4897 4269 4272 4094 4267 4900
4 4272 4271 4095 4094
5 4940 4294 4880 4901 4295
5 4890 4889 4901 4880 4894
5 4881 4091 4273 4884 4883
4 4280 4276 4092 4281
5 4874 4873 4279 4278 4878
5 4881 4883 4869 4868 4879
6 4858 4857 4879 4868 4863 4862
4 4283 4086 4089 4284
6 4848 4086 4283 4282 4851 4850
4 4287 4082 4085 4288
5 4292 4082 4287 4286 4293
4 4277 4291 4290 4093
5 4848 4850 4845 4844 4847
5 4090 4847 4844 4840 4274
4 4838 4079 4296 4816
6 4304 4299 4302 4074 4080 4305
4 4302 4301 4075 4074
6 4833 4306 4309 4070 4303 4836
4 4309 4308 4071 4070
4 4838 4816 4815 4837
5 4826 4825 4837 4815 4830
5 4817 4067 4310 4820 4819
4 4317 4313 4068 4318
5 4809 4808 4316 4315 4813
5 4817 4819 4804 4803 4814
6 4793 4792 4814 4803 4798 4797
4 4320 4062 4065 4321
6 4783 4062 4320 4319 4786 4785
4 4324 4058 4061 4325
5 4329 4058 4324 4323 4330
4 4314 4328 4327 4069
5 4783 4785 4780 4779 4782
5 4066 4782 4779 4775 4311
4 4773 4055 4331 4751
5 4334 4337 4050 4056 4339
4 4337 4336 4051 4050
6 4768 4340 4343 4046 4338 4771
4 4343 4342 4047 4046
4 4773 4751 4750 4772
5 4761 4760 4772 4750 4765
5 4752 4043 4344 4755 4754
4 4351 4347 4044 4352
5 4744 4743 4350 4349 4748
5 4752 4754 4739 4738 4749
6 4728 4727 4749 4738 4733 4732
4 4354 4038 4041 4355
6 4718 4038 4354 4353 4721 4720
4 4358 4034 4037 4359
5 4363 4034 4358 4357 4364
4 4348 4362 4361 4045
5 4718 4720 4715 4714 4717
5 4042 4717 4714 4710 4345
4 4708 4031 4365 4686
5 4368 4371 4026 4032 4373
4 4371 4370 4027 4026
6 4703 4374 4377 4022 4372 4706
4 4377 4376 4023 4022
4 4708 4686 4685 4707
5 4696 4695 4707 4685 4700
5 4687 4019 4378 4690 4689
4 4385 4381 4020 4386
5 4679 4678 4384 4383 4683
5 4687 4689 4674 4673 4684
6 4663 4662 4684 4673 4668 4667
4 4388 4014 4017 4389
6 4653 4014 4388 4387 4656 4655
4 4392 4010 4013 4393
5 4397 4010 4392 4391 4398
4 4382 4396 4395 4021
5 4653 4655 4650 4649 4652
5 4018 4652 4649 4645 4379
4 4643 4007 4399 4621
5 4402 4405 4002 4008 4407
4 4405 4404 4003 4002
6 4638 4408 4411 3998 4406 4641
4 4411 4410 3999 3998
4 4643 4621 4620 4642
5 4631 4630 4642 4620 4635
5 4622 3995 4412 4625 4624
4 4419 4415 3996 4420
5 4614 4613 4418 4417 4618
5 4622 4624 4609 4608 4619
6 4598 4597 4619 4608 4603 4602
4 4422 3990 3993 4423
6 4588 3990 4422 4421 4591 4590
4 4426 3986 3989 4427
5 4431 3986 4426 4425 4432
4 4416 4430 4429 3997
5 4588 4590 4585 4584 4587
5 3994 4587 4584 4580 4413
4 4434 3982 3985 4435
5 4577 3982 4434 4433 4578
4 4438 3978 3981 4439
6 4441 4444 3978 4438 4437 4446
4 4444 4443 3979 3978
5 4401 4449 3974 4445 4009
4 4449 4448 3975 3974
4 4577 4578 4575 4576
4 4006 4576 4575 4400
4 4451 3970 3973 4452
5 4573 3970 4451 4450 4574
4 4455 3966 3969 4456
6 4458 4461 3966 4455 4454 4463
4 4461 4460 3967 3966
5 4367 4466 3962 4462 4033
4 4466 4465 3963 3962
4 4573 4574 4571 4572
4 4030 4572 4571 4366
4 4468 3958 3961 4469
5 4569 3958 4468 4467 4570
4 4472 3954 3957 4473
6 4475 4478 3954 4472 4471 4480
4 4478 4477 3955 3954
5 4333 4483 3950 4479 4057
4 4483 4482 3951 3950
4 4569 4570 4567 4568
4 4054 4568 4567 4332
4 4485 3946 3949 4486
5 4565 3946 4485 4484 4566
4 4489 3942 3945 4490
6 4492 4495 3942 4489 4488 4497
4 4495 4494 3943 3942
5 4298 4500 3938 4496 4081
4 4500 4499 3939 3938
4 4565 4566 4563 4564
4 4078 4564 4563 4297
4 4502 3934 3937 4503
5 4561 3934 4502 4501 4562
4 4506 3930 3933 4507
6 4509 4512 3930 4506 4505 4514
4 4512 4511 3931 3930
5 4262 4517 3926 4513 4105
4 4517 4516 3927 3926
4 4561 4562 4559 4560
4 4102 4560 4559 4261
4 4519 3922 3925 4520
4 4524 4529 3922 4519
4 4529 4528 3923 3922
4 4531 3918 3921 4532
4 4536 4541 3918 4531
4 4541 4540 3919 3918
4 4543 3914 3917 4544
4 4548 4553 3914 4543
4 4553 4552 3915 3914
4 4555 3910 3913 4556
4 4941 4942 4943 4944
4 4945 4946 4947 4948
4 4949 4950 4951 4952
4 4953 4954 4955 4956
4 4957 4958 4959 4960
4 4961 4962 4963 4964
4 4965 4966 4967 4968
4 4969 4970 4971 4972
4 4973 4974 4975 4976
4 4977 4978 4979 4980
4 4981 4982 4983 4984
4 4985 4986 4987 4988
4 4989 4990 4991 4992
4 4993 4994 4995 4996
4 4997 4998 4999 5000
4 5001 5002 5003 5004
4 5005 5006 5007 5008
4 5009 5010 5011 5012
4 5013 5014 5015 5016
4 5017 5018 5019 5020
4 5021 5022 5023 5024
4 5025 5026 5027 5028
4 5029 5030 5031 5032
4 5033 5034 5035 5036
4 5037 5038 5039 5040
4 5041 5042 5043 5044
4 5045 5046 5047 5048
4 5049 5050 5051 5052
4 5053 5054 5055 5056
4 5057 5058 5059 5060
4 5061 5062 5063 5064
4 5065 5066 5067 5068
4 5069 5070 5071 5072
4 5073 5074 5075 5076
4 5077 5078 5079 5080
4 5081 5082 5083 5084
4 5085 5086 5087 5088
4 5089 5090 5091 5092
4 5093 5094 5095 5096
4 5097 5098 5099 5100
4 5101 5102 5103 5104
4 5105 5106 5107 5108
4 5109 5110 5111 5112
4 5113 5114 5115 5116
4 5117 5118 5119 5120
4 5121 5122 5123 5124
4 5125 5126 5127 5128
4 5129 5130 5131 5132
4 5133 5134 5135 5136
4 5137 5138 5139 5140
4 5141 5142 5143 5144
4 5145 5146 5147 5148
4 5149 5150 5151 5152
4 5153 5154 5155 5156
4 5157 5158 5159 5160
4 5161 5162 5163 5164
4 5165 5166 5167 5168
4 5169 5170 5171 5172
4 5173 5174 5175 5176
4 5177 5178 5179 5180
4 5181 5182 5183 5184
3 5185 5186 5187
3 5188 5189 5190
4 5191 5192 5193 5194
4 5195 5196 5197 5198
4 5199 5200 5201 5202
4 5203 5204 5205 5206
4 5207 5208 5209 5210
4 5211 5212 5213 5214
4 5215 5216 5217 5218
4 5219 5220 5221 5222
4 5223 5224 5225 5226
4 5227 5228 5229 5230
4 5231 5232 5233 5234
4 5235 5236 5237 5238
4 5239 5240 5241 5242
4 5243 5244 5245 5246
4 5247 5248 5249 5250
4 5251 5252 5253 5254
4 5255 5256 5257 5258
4 5259 5260 5261 5262
4 5263 5264 5265 5266
4 5267 5268 5269 5270
4 5271 5272 5273 5274
4 5275 5276 5277 5278
4 5279 5280 5281 5282
4 5283 5284 5285 5286
4 5287 5288 5289 5290
4 5291 5292 5293 5294
4 5295 5296 5297 5298
4 5299 5300 5301 5302
6 5303 5304 5305 5306 5307 5308
6 5309 5310 5311 5312 5313 5314
4 5315 5316 5317 5318
4 5319 5320 5321 5322
4 5323 5324 5325 5326
4 5327 5328 5329 5330
4 5331 5332 5333 5334
4 5335 5336 5337 5338
4 5339 5340 5341 5342
3 5343 5344 5345
3 5346 5347 5348
4 5349 5350 5351 5352
3 5353 5354 5355
3 5356 5357 5358
4 5359 5360 5361 5362
4 5363 5364 5365 5366
4 5367 5368 5369 5370
4 5371 5372 5373 5374
4 5375 5376 5377 5378
3 5379 5380 5381
3 5382 5383 5384
4 5385 5386 5387 5388
3 5389 5390 5391
3 5392 5393 5394
4 5395 5396 5397 5398
4 5399 5400 5401 5402
4 5403 5404 5405 5406
4 5407 5408 5409 5410
4 5411 5412 5413 5414
4 5415 5416 5417 5418
4 5419 5420 5421 5422
4 5423 5424 5425 5426
4 5427 5428 5429 5430
4 5431 5432 5433 5434
4 5435 5436 5437 5438
4 5439 5440 5441 5442
4 5443 5444 5445 5446
4 5447 5448 5449 5450
4 5451 5452 5453 5454
4 5455 5456 5457 5458
4 5459 5460 5461 5462
4 5463 5464 5465 5466
4 5467 5468 5469 5470
4 5471 5472 5473 5474
4 5475 5476 5477 5478
4 5479 5480 5481 5482
4 5483 5484 5485 5486
4 5487 5488 5489 5490
4 5491 5492 5493 5494
4 5495 5496 5497 5498
4 5499 5500 5501 5502
4 5503 5504 5505 5506
4 5507 5508 5509 5510
4 5511 5512 5513 5514
4 5515 5516 5517 5518
4 5519 5520 5521 5522
4 5523 5524 5525 5526
4 5527 5528 5529 5530
4 5531 5532 5533 5534
4 5535 5536 5537 5538
4 5539 5540 5541 5542
4 5543 5544 5545 5546
4 5547 5548 5549 5550
4 5551 5552 5553 5554
4 5555 5556 5557 5558
4 5559 5560 5561 5562
4 5563 5564 5565 5566
4 5567 5568 5569 5570
4 5571 5572 5573 5574
4 5575 5576 5577 5578
4 5579 5580 5581 5582
4 5583 5584 5585 5586
4 5587 5588 5589 5590
4 5591 5592 5593 5594
4 5595 5596 5597 5598
4 5599 5600 5601 5602
4 5603 5604 5605 5606
4 5607 5608 5609 5610
4 5611 5612 5613 5614
4 5615 5616 5617 5618
4 5619 5620 5621 5622
4 5623 5624 5625 5626
4 5627 5628 5629 5630
4 5631 5632 5633 5634
4 5635 5636 5637 5638
4 5639 5640 5641 5642
4 5643 5644 5645 5646
4 5647 5648 5649 5650
4 5651 5652 5653 5654
4 5655 5656 5657 5658
4 5659 5660 5661 5662
4 5663 5664 5665 5666
4 5667 5668 5669 5670
4 5671 5672 5673 5674
4 5675 5676 5677 5678
4 5679 5680 5681 5682
4 5683 5684 5685 5686
4 5687 5688 5689 5690
4 5691 5692 5693 5694
4 5695 5696 5697 5698
4 5699 5700 5701 5702
4 5703 5704 5705 5706
4 5707 5708 5709 5710
4 5711 5712 5713 5714
4 5715 5716 5717 5718
4 5719 5720 5721 5722
4 5723 5724 5725 5726
4 5727 5728 5729 5730
4 5731 5732 5733 5734
4 5735 5736 5737 5738
4 5739 5740 5741 5742
4 5743 5744 5745 5746
4 5747 5748 5749 5750
4 5751 5752 5753 5754
4 5755 5756 5757 5758
4 5759 5760 5761 5762
4 5763 5764 5765 5766
4 5767 5768 5769 5770
4 5771 5772 5773 5774
4 5775 5776 5777 5778
4 5779 5780 5781 5782
4 5783 5784 5785 5786
4 5787 5788 5789 5790
4 5791 5792 5793 5794
4 5795 5796 5797 5798
4 5799 5800 5801 5802
4 5803 5804 5805 5806
4 5807 5808 5809 5810
4 5811 5812 5813 5814
4 5815 5816 5817 5818
4 5819 5820 5821 5822
4 5823 5824 5825 5826
4 5827 5828 5829 5830
4 5831 5832 5833 5834
4 5835 5836 5837 5838
4 5839 5840 5841 5842
4 5843 5844 5845 5846
4 5847 5848 5849 5850
4 5851 5852 5853 5854
4 5855 5856 5857 5858
4 5859 5860 5861 5862
4 5863 5864 5865 5866
4 5867 5868 5869 5870
4 5871 5872 5873 5874
4 5875 5876 5877 5878
4 5879 5880 5881 5882
4 5883 5884 5885 5886
4 5887 5888 5889 5890
4 5891 5892 5893 5894
4 5895 5896 5897 5898
4 5899 5900 5901 5902
4 5903 5904 5905 5906
4 5907 5908 5909 5910
9 5911 5912 5913 5914 5915 5916 5917 5918 5919
4 5920 5921 5922 5923
4 5924 5925 5926 5927
9 5928 5929 5930 5931 5932 5933 5934 5935 5936
4 5904 5937 5938 5905
4 5908 5939 5940 5909
11 5912 5941 5942 5918 5917 5943 5944 5945 5946 5947 5913
4 5921 5948 5949 5922
4 5925 5950 5951 5926
11 5929 5952 5953 5935 5934 5954 5955 5956 5957 5958 5930
4 5937 5959 5960 5938
4 5939 5961 5962 5940
4 5941 5963 5964 5942
4 5948 5965 5966 5949
4 5950 5967 5968 5951
4 5952 5969 5970 5953
4 5959 5971 5972 5960
4 5961 5973 5974 5962
4 5963 5975 5976 5964
4 5965 5977 5978 5966
4 5967 5979 5980 5968
4 5969 5981 5982 5970
4 5983 5984 5985 5986
4 5987 5988 5989 5990
8 5991 5992 5993 5994 5995 5996 5997 5998
4 5999 6000 6001 6002
4 6003 6004 6005 6006
8 6007 6008 6009 6010 6011 6012 6013 6014
4 5984 6015 6016 5985
4 5988 6017 6018 5989
5 6019 6020 6021 6022 6023
4 6000 6024 6025 6001
4 6004 6026 6027 6005
5 6028 6029 6030 6031 6032
4 6015 6033 6034 6016
4 6017 6035 6036 6018
4 6037 6038 6039 6040
4 6024 6041 6042 6025
4 6026 6043 6044 6027
4 6045 6046 6047 6048
4 6033 6049 6050 6034
4 6035 6051 6052 6036
10 6053 6054 6055 6056 6057 6058 6059 6060 6061 6062
4 6041 6063 6064 6042
4 6043 6065 6066 6044
10 6067 6068 6069 6070 6071 6072 6073 6074 6075 6076
6 6077 6078 6079 6080 6081 6082
6 6083 6084 6085 6086 6087 6088
5 6089 6090 6091 6092 6093
4 6094 6095 6096 6097
5 6098 6099 6100 6101 6102
4 6103 6104 6105 6106
4 6107 6108 6109 6110
4 6111 6112 6113 6114
4 6115 6116 6117 6118
4 6119 6120 6121 6122
4 6123 6124 6125 6126
4 6127 6128 6129 6130
4 6131 6132 6133 6134
4 6135 6136 6137 6138
4 6139 6140 6141 6142
4 6143 6144 6145 6146
4 6147 6148 6149 6150
4 6151 6152 6153 6154
4 6155 6156 6157 6158
4 6159 6160 6161 6162
4 6163 6164 6165 6166
4 6167 6168 6169 6170
4 6171 6172 6173 6174
4 6175 6176 6177 6178
4 6179 6180 6181 6182
4 6183 6184 6185 6186
4 6187 6171 6174 6188
4 6180 6189 6190 6181
4 6172 6191 6192 6173
4 6193 6179 6182 6194
4 6195 6196 6197 6198
4 6199 6200 6201 6202
4 6176 6195 6198 6177
4 6200 6183 6186 6201
4 6196 6187 6188 6197
4 6189 6199 6202 6190
4 6191 6175 6178 6192
4 6184 6193 6194 6185
6 6203 6204 6205 6206 6207 6208
4 6209 6210 6211 6212
4 6213 6214 6215 6216
4 6217 6218 6219 6220
4 6221 6222 6223 6224
4 6225 6226 6227 6228
4 6229 6230 6231 6232
4 6233 6234 6235 6236
4 6237 6238 6239 6240
6 6241 6242 6243 6244 6245 6246
4 6247 6248 6249 6250
4 6251 6252 6253 6254
4 6255 6256 6257 6258
4 6259 6260 6261 6262
4 6263 6264 6265 6266
4 6267 6268 6269 6270
8 6271 6272 6273 6274 6275 6276 6277 6278
4 6279 6280 6281 6282
4 6283 6284 6285 6286
4 6287 6288 6289 6290
4 6291 6292 6293 6294
4 6295 6296 6297 6298
4 6299 6300 6301 6302
4 6303 6304 6305 6306
4 6307 6308 6309 6310
4 6311 6312 6313 6314
8 6315 6316 6317 6318 6319 6320 6321 6322
4 6323 6324 6325 6326
4 6327 6328 6329 6330
4 6331 6332 6333 6334
4 6335 6336 6337 6338
4 6339 6340 6341 6342
4 6343 6344 6345 6346
4 6347 6348 6349 6350
6 6351 6352 6353 6354 6355 6356
6 6357 6358 6359 6360 6361 6362
4 6363 6364 6365 6366
4 6367 6368 6369 6370
4 6371 6372 6373 6374
4 6375 6376 6377 6378
4 6379 6380 6381 6382
4 6383 6384 6385 6386
4 6387 6388 6389 6390
4 6391 6392 6393 6394
4 6395 6396 6397 6398
4 6399 6400 6401 6402
4 6403 6404 6405 6406
4 6407 6408 6409 6410
4 6411 6412 6413 6414
4 6415 6416 6417 6418
4 6419 6420 6421 6422
4 6423 6424 6425 6426
4 6427 6428 6429 6430
4 6431 6432 6433 6434
4 6435 6436 6437 6438
4 6439 6440 6441 6442
4 6443 6444 6445 6446
4 6447 6448 6449 6450
4 6451 6452 6453 6454
4 6455 6456 6457 6458
4 6459 6460 6461 6462
4 6463 6464 6465 6466
4 6467 6468 6469 6470
4 6471 6472 6473 6474
4 6475 6476 6477 6478
4 6479 6480 6481 6482
4 6483 6484 6485 6486
4 6487 6488 6489 6490
4 6491 6492 6493 6494
4 6495 6496 6497 6498
4 6499 6500 6501 6502
4 6503 6504 6505 6506
4 6507 6508 6509 6510
4 6511 6512 6513 6514
4 6515 6516 6517 6518
4 6519 6520 6521 6522
4 6523 6524 6525 6526
4 6527 6528 6529 6530
4 6531 6532 6533 6534
4 6535 6536 6537 6538
4 6539 6540 6541 6542
4 6543 6544 6545 6546
4 6547 6548 6549 6550
4 6551 6552 6553 6554
4 6555 6556 6557 6558
4 6559 6560 6561 6562
4 6563 6564 6565 6566
4 6567 6568 6569 6570
4 6571 6572 6573 6574
4 6575 6576 6577 6578
4 6579 6580 6581 6582
4 6583 6584 6585 6586
4 6587 6588 6589 6590
4 6591 6592 6593 6594
4 6595 6596 6597 6598
4 6599 6600 6601 6602
4 6603 6604 6605 6606
4 6607 6608 6609 6610
4 6611 6612 6613 6614
4 6615 6616 6617 6618
4 6619 6620 6621 6622
8 6623 6624 6625 6626 6627 6628 6629 6630
6 6631 6632 6633 6634 6635 6636
8 6637 6638 6639 6640 6641 6642 6643 6644
6 6645 6646 6647 6648 6649 6650
8 6651 6652 6653 6654 6655 6656 6657 6658
6 6659 6660 6661 6662 6663 6664
8 6665 6666 6667 6668 6669 6670 6671 6672
6 6673 6674 6675 6676 6677 6678
4 6679 6680 6681 6682
4 6683 6684 6685 6686
4 6687 6688 6689 6690
4 6691 6692 6693 6694
4 6695 6696 6697 6698
4 6699 6700 6701 6702
4 6703 6704 6705 6706
4 6707 6708 6709 6710
4 6711 6712 6713 6714
4 6715 6716 6717 6718
4 6719 6720 6721 6722
4 6723 6724 6725 6726
4 6727 6728 6729 6730
4 6731 6732 6733 6734
4 6735 6736 6737 6738
4 6739 6740 6741 6742
4 6743 6744 6745 6746
4 6747 6748 6749 6750
4 6751 6752 6753 6754
4 6755 6756 6757 6758
4 6759 6760 6761 6762
4 6763 6764 6765 6766
4 6767 6768 6769 6770
4 6760 6771 6772 6761
4 6773 6774 6775 6776
4 6777 6778 6779 6780
4 6781 6782 6783 6784
4 6785 6786 6787 6788
4 6756 6781 6784 6757
4 6786 6763 6766 6787
4 6789 6790 6791 6792
4 6771 6785 6788 6772
4 6793 6794 6795 6796
4 6764 6777 6780 6765
4 6384 6383 6797 6798
4 6799 6800 6801 6802
4 6803 6804 6805 6806
4 6807 6808 6809 6810
4 6811 6812 6813 6814
4 6815 6816 6817 6818
4 6819 6820 6821 6822
4 6385 6823 6824 6386
4 6390 6389 6825 6826
4 6388 6387 6394 6393
4 6826 6825 6827 6828
4 6806 6805 6828 6827
4 6392 6391 6804 6803
4 6798 6797 6829 6830
4 6830 6829 6802 6801
4 6824 6823 6831 6832
4 6832 6831 6800 6799
20 6833 6834 6835 6836 6837 6838 6839 6840 6841 6842 6843 6844 6845 6846 6847 6848 6849 6850 6851 6852
4 6853 6854 6855 6856
4 6857 6858 6859 6860
4 6861 6862 6863 6864
4 6865 6866 6867 6868
4 6869 6870 6871 6872
22 6873 6874 6875 6876 6877 6878 6879 6880 6881 6882 6883 6884 6885 6886 6887 6888 6889 6890 6891 6892 6893 6894
18 6895 6896 6897 6898 6899 6900 6901 6902 6903 6904 6905 6906 6907 6908 6909 6910 6911 6912
4 6913 6914 6915 6916
16 6917 6918 6919 6920 6921 6922 6923 6924 6925 6926 6927 6928 6929 6930 6931 6932
4 6933 6934 6935 6936
4 6937 6938 6939 6940
4 6941 6942 6943 6944
4 6945 6946 6947 6948
4 6949 6950 6951 6952
4 6953 6954 6955 6956
4 6957 6958 6959 6960
4 6961 6962 6963 6964
4 6965 6966 6967 6968
4 6969 6970 6971 6972
4 6973 6974 6975 6976
4 6977 6978 6979 6980
4 6981 6982 6983 6984
4 6985 6986 6987 6988
4 6989 6990 6991 6992
4 6993 6994 6995 6996
4 6997 6998 6999 7000
4 7001 7002 7003 7004
4 7005 7006 7007 7008
4 7009 7010 7011 7012
4 7013 7014 7015 7016
4 7017 7018 7019 7020
4 7021 7022 7023 7024
4 7025 7026 7027 7028
4 7029 7030 7031 7032
4 7033 7034 7035 7036
4 7037 7038 7039 7040
4 7041 7042 7043 7044
4 7045 7046 7047 7048
4 7049 7050 7051 7052
4 7053 7054 7055 7056
4 7057 7058 7059 7060
4 7061 7062 7063 7064
4 7065 7066 7067 7068
4 7069 7070 7071 7072
4 7073 7074 7075 7076
16 7077 7078 7079 7080 7081 7082 7083 7084 7085 7086 7087 7088 7089 7090 7091 7092
20 7093 7094 7095 7096 7097 7098 7099 7100 7101 7102 7103 7104 7105 7106 7107 7108 7109 7110 7111 7112
18 7113 7114 7115 7116 7117 7118 7119 7120 7121 7122 7123 7124 7125 7126 7127 7128 7129 7130
16 7131 7132 7133 7134 7135 7136 7137 7138 7139 7140 7141 7142 7143 7144 7145 7146
4 7147 7148 7149 7150
4 7151 7152 7153 7154
4 7155 7156 7157 7158
4 7159 7160 7161 7162
4 7163 7164 7165 7166
4 7167 7168 7169 7170
4 7171 7172 7173 7174
4 7175 7176 7177 7178
4 7179 7180 7181 7182
4 7183 7184 7185 7186
4 7187 7188 7189 7190
4 7191 7192 7193 7194
22 7195 7196 7197 7198 7199 7200 7201 7202 7203 7204 7205 7206 7207 7208 7209 7210 7211 7212 7213 7214 7215 7216
20 7217 7218 7219 7220 7221 7222 7223 7224 7225 7226 7227 7228 7229 7230 7231 7232 7233 7234 7235 7236
4 7237 7238 7239 7240
4 7241 7242 7243 7244
16 7245 7246 7247 7248 7249 7250 7251 7252 7253 7254 7255 7256 7257 7258 7259 7260
19 7261 7262 7263 7264 7265 7266 7267 7268 7269 7270 7271 7272 7273 7274 7275 7276 7277 7278 7279
4 7280 7281 7282 7283
4 7284 7285 7286 7287
4 7288 7289 7290 7291
4 7292 7293 7294 7295
20 7296 7297 7298 7299 7300 7301 7302 7303 7304 7305 7306 7307 7308 7309 7310 7311 7312 7313 7314 7315
4 7316 7317 7318 7319
4 7320 7321 7322 7323
18 7279 7324 7325 7326 7275 7274 7327 7328 7329 7269 7268 7330 7331 7332 7264 7263 7333 7261
4 7334 7335 7336 7337
4 7338 7339 7340 7341
4 7342 7343 7344 7345
4 7346 7347 7348 7349
4 7350 7351 7352 7353
4 7354 7355 7356 7357
4 7358 7359 7360 7361
4 7362 7363 7364 7365
4 7366 7367 7368 7369
4 7370 7371 7372 7373
4 7374 7375 7376 7377
4 7378 7379 7380 7381
4 7382 7383 7384 7385
4 7386 7387 7388 7389
20 7390 7391 7392 7393 7394 7395 7396 7397 7398 7399 7400 7401 7402 7403 7404 7405 7406 7407 7408 7409
4 7410 7411 7412 7413
4 7414 7415 7416 7417
4 7418 7419 7420 7421
4 7422 7423 7424 7425
22 7426 7427 7428 7429 7430 7431 7432 7433 7434 7435 7436 7437 7438 7439 7440 7441 7442 7443 7444 7445 7446 7447
4 7448 7449 7450 7451
4 7452 7453 7454 7455
4 7456 7457 7458 7459
4 7460 7461 7462 7463
4 7464 7465 7466 7467
4 7468 7469 7470 7471
16 7236 7235 7472 7473 7474 7231 7230 7475 7476 7225 7224 7477 7478 7219 7218 7479
4 7480 7481 7482 7483
4 7484 7485 7486 7487
4 7488 7489 7490 7491
4 7492 7493 7494 7495
4 7496 7497 7498 7499
4 7500 7501 7502 7503
4 7504 7505 7506 7507
4 7508 7509 7510 7511
4 7512 7513 7514 7515
4 7516 7517 7518 7519
20 7520 7521 7522 7523 7524 7525 7526 7527 7528 7529 7530 7531 7532 7533 7534 7535 7536 7537 7538 7539
4 7540 7541 7542 7543
4 7544 7545 7546 7547
4 7548 7549 7550 7551
4 7552 7553 7554 7555
4 7556 7557 7558 7559
4 7560 7561 7562 7563
4 7564 7565 7566 7567
4 7568 7569 7570 7571
4 7572 7573 7574 7575
4 7576 7577 7578 7579
20 7580 7581 7582 7583 7584 7585 7586 7587 7588 7589 7590 7591 7592 7593 7594 7595 7596 7597 7598 7599
4 7600 7601 7602 7603
4 7604 7605 7606 7607
4 7608 7609 7610 7611
4 7612 7613 7614 7615
4 7616 7617 7618 7619
4 7620 7621 7622 7623
18 6892 6891 7624 7625 7626 6887 6886 7627 7628 6881 6880 7629 7630 6875 6874 7631 7632 7633
4 7634 7635 7636 7637
4 7638 7639 7640 7641
4 7642 7643 7644 7645
4 7646 7647 7648 7649
4 7650 7651 7652 7653
4 7654 7655 7656 7657
16 7658 7659 7660 7661 7662 7663 7664 7665 7666 7667 7668 7669 7670 7671 7672 7673
4 7674 7675 7676 7677
4 7678 7679 7680 7681
4 7682 7683 7684 7685
4 7686 7687 7688 7689
4 7690 7691 7692 7693
4 7694 7695 7696 7697
4 7698 7699 7700 7701
4 7702 7703 7704 7705
4 7706 7707 7708 7709
4 7710 7711 7712 7713
4 7714 7715 7716 7717
4 7718 7719 7720 7721
4 7722 7723 7724 7725
4 7726 7727 7728 7729
4 7730 7731 7732 7733
4 7734 7735 7736 7737
4 7738 7739 7740 7741
4 7742 7743 7744 7745
5 7746 7747 7748 7749 7750
4 7751 7752 7753 7754
4 7755 7756 7757 7758
4 7759 7760 7761 7762
22 7763 7764 7765 7766 7767 7768 7769 7770 7771 7772 7773 7774 7775 7776 7777 7778 7779 7780 7781 7782 7783 7784
4 7785 7786 7787 7788
4 7789 7790 7791 7792
4 7793 7794 7795 7796
4 7797 7798 7799 7800
4 7801 7802 7803 7804
4 7805 7806 7807 7808
4 7809 7810 7811 7812
4 7813 7814 7815 7816
4 7817 7818 7819 7820
4 7821 7822 7823 7824
4 7825 7826 7827 7828
4 7829 7830 7831 7832
4 7833 7834 7835 7836
4 7837 7838 7839 7840
4 7841 7842 7843 7844
4 7845 7846 7847 7848
4 7849 7850 7851 7852
4 7853 7854 7855 7856
4 7857 7858 7859 7860
4 7861 7862 7863 7864
4 7865 7866 7867 7868
4 7869 7870 7871 7872
4 7873 7874 7875 7876
4 7877 7878 7879 7880
4 7881 7882 7883 7884
4 7885 7886 7887 7888
4 7889 7890 7891 7892
4 7893 7894 7895 7896
4 7897 7898 7899 7900
4 7901 7902 7903 7904
4 7905 7906 7907 7908
4 7909 7910 7911 7912
4 7913 7914 7915 7916
4 7917 7918 7919 7920
4 7921 7922 7923 7924
4 7925 7926 7927 7928
4 7929 7930 7931 7932
4 7933 7934 7935 7936
4 7937 7938 7939 7940
4 7941 7942 7943 7944
18 7213 7212 7945 7946 7947 7208 7207 7948 7949 7202 7201 7950 7951 7196 7195 7952 7953 7954
4 7955 7956 7957 7958
4 7959 7960 7961 7962
4 7963 7964 7965 7966
4 7967 7968 7969 7970
4 7971 7972 7973 7974
4 7975 7976 7977 7978
4 7979 7980 7981 7982
4 7983 7984 7985 7986
4 7987 7988 7989 7990
4 7991 7992 7993 7994
4 7995 7996 7997 7998
4 7999 8000 8001 8002
4 8003 8004 8005 8006
4 8007 8008 8009 8010
4 8011 8012 8013 8014
4 8015 8016 8017 8018
16 8019 8020 8021 8022 8023 8024 8025 8026 8027 8028 8029 8030 8031 8032 8033 8034
4 8035 8036 8037 8038
4 8039 8040 8041 8042
4 8043 8044 8045 8046
4 8047 8048 8049 8050
4 8051 8052 8053 8054
4 8055 8056 8057 8058
8 8059 8060 8061 8062 8063 8064 8065 8066
4 8067 8068 8069 8070
4 8071 8072 8073 8074
4 8075 8076 8077 8078
4 8079 8080 8081 8082
4 8083 8084 8085 8086
4 8087 8088 8089 8090
8 8091 8092 8093 8094 8095 8096 8097 8098
4 8099 8100 8101 8102
4 8103 8104 8105 8106
8 8107 8108 8109 8110 8111 8112 8113 8114
4 8115 8116 8117 8118
4 8119 8120 8121 8122
4 8123 8124 8125 8126
4 8127 8128 8129 8130
4 8131 8132 8133 8134
4 8135 8136 8137 8138
8 8139 8140 8141 8142 8143 8144 8145 8146
4 8147 8148 8149 8150
4 8151 8152 8153 8154
8 8155 8156 8157 8158 8159 8160 8161 8162
4 8163 8164 8165 8166
4 8167 8168 8169 8170
4 8171 8172 8173 8174
4 8175 8176 8177 8178
4 8179 8180 8181 8182
4 8183 8184 8185 8186
8 8187 8188 8189 8190 8191 8192 8193 8194
4 8195 8196 8197 8198
4 8199 8200 8201 8202
8 8203 8204 8205 8206 8207 8208 8209 8210
4 8211 8212 8213 8214
4 8215 8216 8217 8218
4 8219 8220 8221 8222
4 8223 8224 8225 8226
4 8227 8228 8229 8230
4 8231 8232 8233 8234
8 8235 8236 8237 8238 8239 8240 8241 8242
4 8243 8244 8245 8246
4 8247 8248 8249 8250
8 8251 8252 8253 8254 8255 8256 8257 8258
4 8259 8260 8261 8262
4 8263 8264 8265 8266
4 8267 8268 8269 8270
4 8271 8272 8273 8274
4 8275 8276 8277 8278
4 8279 8280 8281 8282
8 8283 8284 8285 8286 8287 8288 8289 8290
4 8291 8292 8293 8294
4 8295 8296 8297 8298
8 8299 8300 8301 8302 8303 8304 8305 8306
4 8307 8308 8309 8310
4 8311 8312 8313 8314
4 8315 8316 8317 8318
4 8319 8320 8321 8322
4 8323 8324 8325 8326
4 8327 8328 8329 8330
8 8331 8332 8333 8334 8335 8336 8337 8338
4 8339 8340 8341 8342
4 8343 8344 8345 8346
8 8347 8348 8349 8350 8351 8352 8353 8354
4 8355 8356 8357 8358
4 8359 8360 8361 8362
4 8363 8364 8365 8366
4 8367 8368 8369 8370
4 8371 8372 8373 8374
4 8375 8376 8377 8378
8 8379 8380 8381 8382 8383 8384 8385 8386
4 8387 8388 8389 8390
4 8391 8392 8393 8394
8 8395 8396 8397 8398 8399 8400 8401 8402
4 8403 8404 8405 8406
4 8407 8408 8409 8410
4 8411 8412 8413 8414
4 8415 8416 8417 8418
4 8419 8420 8421 8422
4 8423 8424 8425 8426
8 8427 8428 8429 8430 8431 8432 8433 8434
4 8435 8436 8437 8438
4 8439 8440 8441 8442
8 8443 8444 8445 8446 8447 8448 8449 8450
4 8451 8452 8453 8454
4 8455 8456 8457 8458
4 8459 8460 8461 8462
4 8463 8464 8465 8466
4 8467 8468 8469 8470
4 8471 8472 8473 8474
8 8475 8476 8477 8478 8479 8480 8481 8482
4 8483 8484 8485 8486
4 8487 8488 8489 8490
4 8491 8492 8488 8487
4 8493 8494 8492 8491
4 8495 8496 8494 8493
4 8497 8498 8496 8485
4 8484 8499 8497 8485
4 8488 8500 8501 8489
4 8492 8502 8500 8488
4 8494 8503 8502 8492
4 8496 8498 8503 8494
4 8504 8505 8498 8497
4 8499 8506 8504 8497
4 8500 8507 8508 8501
4 8502 8509 8507 8500
4 8503 8510 8509 8502
4 8498 8505 8510 8503
4 8511 8512 8505 8504
4 8506 8513 8511 8504
4 8507 8514 8515 8508
4 8509 8516 8514 8507
4 8510 8517 8516 8509
4 8505 8512 8517 8510
4 8518 8519 8512 8511
4 8513 8520 8518 8511
4 8514 8521 8522 8515
4 8516 8523 8521 8514
4 8517 8524 8523 8516
4 8512 8519 8524 8517
4 8525 8526 8519 8518
4 8520 8527 8525 8518
4 8521 8528 8529 8522
4 8523 8530 8528 8521
4 8524 8531 8530 8523
4 8519 8526 8531 8524
4 8532 8533 8534 8535
4 8536 8537 8532 8535
4 8538 8539 8540 8541
4 8542 8543 8539 8538
4 8544 8545 8543 8542
4 8534 8533 8545 8544
4 8546 8547 8533 8532
4 8537 8548 8546 8532
4 8539 8549 8550 8540
4 8543 8551 8549 8539
4 8545 8552 8551 8543
4 8533 8547 8552 8545
4 8553 8554 8547 8546
4 8548 8555 8553 8546
4 8549 8556 8557 8550
4 8551 8558 8556 8549
4 8552 8559 8558 8551
4 8547 8554 8559 8552
4 8560 8561 8554 8553
4 8555 8562 8560 8553
4 8556 8563 8564 8557
4 8558 8565 8563 8556
4 8559 8566 8565 8558
4 8554 8561 8566 8559
4 8567 8568 8561 8560
4 8562 8569 8567 8560
4 8563 8570 8571 8564
4 8565 8572 8570 8563
4 8566 8573 8572 8565
4 8561 8568 8573 8566
4 8574 8575 8568 8567
4 8569 8576 8574 8567
4 8570 8577 8578 8571
4 8572 8579 8577 8570
4 8573 8580 8579 8572
4 8568 8575 8580 8573
4 8581 8582 8583 8584
4 8585 8586 8587 8588
4 8589 8590 8591 8592
4 8593 8594 8590 8589
4 8595 8596 8594 8593
4 8597 8598 8596 8595
4 8599 8600 8598 8587
4 8586 8601 8599 8587
4 8590 8602 8603 8591
4 8594 8604 8602 8590
4 8596 8605 8604 8594
4 8598 8600 8605 8596
4 8606 8607 8600 8599
4 8601 8608 8606 8599
4 8602 8609 8610 8603
4 8604 8611 8609 8602
4 8605 8612 8611 8604
4 8600 8607 8612 8605
4 8613 8614 8607 8606
4 8608 8615 8613 8606
4 8609 8616 8617 8610
4 8611 8618 8616 8609
4 8612 8619 8618 8611
4 8607 8614 8619 8612
4 8620 8621 8614 8613
4 8615 8622 8620 8613
4 8616 8623 8624 8617
4 8618 8625 8623 8616
4 8619 8626 8625 8618
4 8614 8621 8626 8619
4 8627 8628 8629 8630
4 8631 8632 8627 8630
4 8633 8634 8635 8636
4 8637 8638 8634 8633
4 8639 8640 8638 8637
4 8629 8628 8640 8639
4 8641 8642 8628 8627
4 8632 8643 8641 8627
4 8634 8644 8645 8635
4 8638 8646 8644 8634
4 8640 8647 8646 8638
4 8628 8642 8647 8640
4 8648 8649 8642 8641
4 8643 8650 8648 8641
4 8644 8651 8652 8645
4 8646 8653 8651 8644
4 8647 8654 8653 8646
4 8642 8649 8654 8647
4 8655 8656 8649 8648
4 8650 8657 8655 8648
4 8651 8658 8659 8652
4 8653 8660 8658 8651
4 8654 8661 8660 8653
4 8649 8656 8661 8654
4 8485 8496 8495 8486
4 8662 8663 8664 8665
4 8666 8667 8668 8669
4 8670 8671 8667 8666
4 8672 8673 8671 8670
4 8674 8675 8673 8672
4 8676 8677 8675 8664
4 8663 8678 8676 8664
4 8667 8679 8680 8668
4 8671 8681 8679 8667
4 8673 8682 8681 8671
4 8675 8677 8682 8673
4 8683 8684 8677 8676
4 8678 8685 8683 8676
4 8679 8686 8687 8680
4 8681 8688 8686 8679
4 8682 8689 8688 8681
4 8677 8684 8689 8682
4 8690 8691 8684 8683
4 8685 8692 8690 8683
4 8686 8693 8694 8687
4 8688 8695 8693 8686
4 8689 8696 8695 8688
4 8684 8691 8696 8689
4 8697 8698 8691 8690
4 8692 8699 8697 8690
4 8693 8700 8701 8694
4 8695 8702 8700 8693
4 8696 8703 8702 8695
4 8691 8698 8703 8696
4 8704 8705 8706 8707
4 8708 8709 8704 8707
4 8710 8711 8712 8713
4 8714 8715 8711 8710
4 8716 8717 8715 8714
4 8706 8705 8717 8716
4 8718 8719 8705 8704
4 8709 8720 8718 8704
4 8711 8721 8722 8712
4 8715 8723 8721 8711
4 8717 8724 8723 8715
4 8705 8719 8724 8717
4 8725 8726 8719 8718
4 8720 8727 8725 8718
4 8721 8728 8729 8722
4 8723 8730 8728 8721
4 8724 8731 8730 8723
4 8719 8726 8731 8724
4 8732 8733 8726 8725
4 8727 8734 8732 8725
4 8728 8735 8736 8729
4 8730 8737 8735 8728
4 8731 8738 8737 8730
4 8726 8733 8738 8731
4 8587 8598 8597 8588
4 8739 8740 8581 8584
4 8741 8742 8743 8744
4 8745 8746 8742 8741
4 8747 8748 8746 8745
4 8583 8582 8748 8747
4 8749 8750 8582 8581
4 8740 8751 8749 8581
4 8742 8752 8753 8743
4 8746 8754 8752 8742
4 8748 8755 8754 8746
4 8582 8750 8755 8748
4 8756 8757 8750 8749
4 8751 8758 8756 8749
4 8752 8759 8760 8753
4 8754 8761 8759 8752
4 8755 8762 8761 8754
4 8750 8757 8762 8755
4 8763 8764 8757 8756
4 8758 8765 8763 8756
4 8759 8766 8767 8760
4 8761 8768 8766 8759
4 8762 8769 8768 8761
4 8757 8764 8769 8762
4 8770 8771 8764 8763
4 8765 8772 8770 8763
4 8766 8773 8774 8767
4 8768 8775 8773 8766
4 8769 8776 8775 8768
4 8764 8771 8776 8769
4 8777 8778 8771 8770
4 8772 8779 8777 8770
4 8773 8780 8781 8774
4 8775 8782 8780 8773
4 8776 8783 8782 8775
4 8771 8778 8783 8776
4 8784 8785 8786 8787
4 8788 8789 8784 8787
4 8790 8791 8792 8793
4 8794 8795 8791 8790
4 8796 8797 8795 8794
4 8786 8785 8797 8796
4 8798 8799 8785 8784
4 8789 8800 8798 8784
4 8791 8801 8802 8792
4 8795 8803 8801 8791
4 8797 8804 8803 8795
4 8785 8799 8804 8797
4 8805 8806 8799 8798
4 8800 8807 8805 8798
4 8801 8808 8809 8802
4 8803 8810 8808 8801
4 8804 8811 8810 8803
4 8799 8806 8811 8804
4 8812 8813 8806 8805
4 8807 8814 8812 8805
4 8808 8815 8816 8809
4 8810 8817 8815 8808
4 8811 8818 8817 8810
4 8806 8813 8818 8811
4 8819 8820 8813 8812
4 8814 8821 8819 8812
4 8815 8822 8823 8816
4 8817 8824 8822 8815
4 8818 8825 8824 8817
4 8813 8820 8825 8818
4 8826 8827 8820 8819
4 8821 8828 8826 8819
4 8822 8829 8830 8823
4 8824 8831 8829 8822
4 8825 8832 8831 8824
4 8820 8827 8832 8825
4 8664 8675 8674 8665
4 8833 8834 8835 8836
4 8837 8838 8839 8840
4 8841 8842 8843 8844
4 8844 8845 8846 8841
4 8845 8847 8848 8846
4 8849 8850 8851 8852
4 8853 8854 8855 8856
4 8857 8858 8859 8860
4 8861 8862 8863 8864
4 8864 8865 8866 8861
4 8865 8867 8868 8866
4 8869 8870 8871 8872
4 8873 8874 8875 8876
4 8877 8878 8879 8880
4 8881 8882 8883 8884
4 8884 8885 8886 8881
4 8885 8887 8888 8886
4 8889 8890 8891 8892
4 8893 8894 8895 8896
4 8897 8898 8899 8900
4 8901 8902 8903 8904
4 8904 8905 8906 8901
4 8905 8907 8908 8906
4 8909 8910 8911 8912
4 8913 8914 8915 8916
4 8917 8918 8919 8920
4 8921 8922 8923 8924
4 8925 8926 8927 8928
4 8929 8930 8931 8932
4 8933 8934 8935 8936
4 8937 8938 8939 8940
4 8940 8939 8941 8942
4 8942 8941 8943 8944
4 8944 8943 8945 8946
4 8946 8945 8947 8948
4 8948 8947 8949 8950
4 8950 8949 8951 8952
4 8952 8951 8953 8954
4 8955 8956 8957 8958
4 8958 8957 8959 8960
4 8960 8959 8961 8962
4 8962 8961 8963 8964
4 8965 8966 8967 8968
4 8968 8967 8969 8970
4 8970 8969 8971 8972
4 8972 8971 8956 8955
4 8973 8974 8975 8976
4 8976 8975 8977 8978
4 8978 8977 8979 8980
4 8980 8979 8981 8982
4 8983 8984 8985 8986
4 8986 8985 8987 8988
4 8988 8987 8989 8990
4 8990 8989 8974 8973
4 8991 8992 8993 8994
4 8994 8993 8995 8996
4 8996 8995 8997 8998
4 8998 8997 8999 9000
4 9001 9002 9003 9004
4 9004 9003 9005 9006
4 9006 9005 9007 9008
4 9008 9007 8992 8991
4 9009 9010 9011 9012
4 9012 9011 9013 9014
4 9014 9013 9015 9016
4 9016 9015 9017 9018
4 9019 9020 9021 9022
4 9022 9021 9023 9024
4 9024 9023 9025 9026
4 9026 9025 9010 9009
4 9027 9028 9029 9030
4 9031 9032 9033 9034
4 9035 9036 9037 9038
4 9039 9040 9041 9042
4 9043 9044 9045 9046
4 9047 9048 9049 9050
4 9051 9052 9053 9054
4 9055 9056 9057 9058
4 9059 9060 9061 9062
4 9063 9064 9065 9066
4 9067 9068 9069 9070
4 9071 9072 9073 9074
4 9075 9076 9077 9078
4 9079 9080 9081 9082
4 9083 9084 9085 9086
4 9087 9088 9089 9090
4 9091 9092 9093 9094
4 9095 9096 9097 9098
4 9099 9100 9101 9102
4 9103 9104 9105 9106
4 9107 9091 9094 9108
4 9100 9109 9110 9101
4 9092 9111 9112 9093
4 9113 9099 9102 9114
4 9115 9116 9117 9118
4 9119 9120 9121 9122
4 9096 9115 9118 9097
4 9120 9103 9106 9121
4 9116 9123 9124 9117
4 9125 9119 9122 9126
4 9111 9095 9098 9112
4 9104 9113 9114 9105
5 9127 9128 9129 9130 9131
4 9132 9133 9134 9135
4 9136 9137 9138 9139
4 9140 9141 9142 9143
4 9144 9145 9146 9147
4 9148 9149 9150 9151
4 9152 9153 9154 9155
4 9156 9157 9158 9159
4 9160 9161 9162 9163
4 9164 9165 9166 9167
4 9168 9169 9170 9171
4 9172 9173 9174 9175
4 9176 9177 9178 9179
4 9164 9180 9181 9182
13 9183 9184 9185 9186 9187 9188 9189 9190 9191 9192 9193 9194 9195
4 9196 9197 9198 9199
4 9200 9201 9202 9203
4 9204 9205 9206 9207
4 9165 9164 9182 9208
4 9209 9176 9179 9210
4 9211 9168 9171 9212
4 9180 9164 9167 9213
4 9214 9156 9159 9215
4 9216 9152 9155 9217
6 9218 9140 9143 9219 9220 9221
6 9222 9136 9139 9223 9224 9225
6 9226 9132 9135 9227 9228 9229
4 9230 9231 9232 9233
4 9234 9235 9236 9237
4 9238 9239 9240 9241
4 9242 9243 9244 9245
4 9246 9247 9248 9249
4 9250 9251 9252 9253
5 9254 9255 9256 9257 9258
4 9259 9260 9261 9262
4 9263 9264 9265 9266
4 9267 9268 9269 9270
4 9271 9272 9273 9274
4 9275 9276 9277 9278
4 9279 9280 9281 9282
4 9283 9284 9285 9286
4 9287 9288 9289 9290
4 9291 9292 9293 9294
4 9295 9296 9297 9298
5 9299 9300 9301 9302 9303
4 9304 9305 9306 9307
4 9308 9259 9262 9309
4 9310 9250 9253 9311
4 9304 9307 9312 9313
4 9314 9315 9316 9317
4 9318 9319 9320 9321
4 9322 9323 9324 9325
4 9326 9327 9328 9329
4 9330 9331 9332 9333
4 9334 9335 9336 9337
4 9338 9339 9340 9341
4 9342 9343 9344 9345
4 9346 9347 9348 9349
4 9350 9351 9352 9353
4 9354 9355 9356 9357
4 9358 9359 9360 9361
4 9362 9363 9364 9365
4 9366 9367 9368 9369
4 9370 9371 9372 9373
4 9374 9375 9376 9377
4 9378 9379 9380 9381
4 9382 9383 9384 9385
4 9386 9387 9388 9389
4 9390 9391 9392 9393
4 9394 9395 9396 9397
4 9398 9399 9400 9401
4 9402 9403 9404 9405
4 9406 9407 9408 9409
4 9410 9411 9412 9413
4 9414 9415 9416 9417
4 9418 9419 9420 9421
4 9422 9423 9424 9425
4 9426 9427 9428 9429
4 9430 9431 9432 9433
4 9434 9435 9436 9437
4 9438 9439 9440 9441
4 9442 9443 9444 9445
4 9446 9447 9448 9449
4 9450 9451 9452 9453
4 9454 9455 9456 9457
4 9458 9459 9460 9461
4 9462 9463 9464 9465
4 9466 9467 9468 9469
4 9470 9471 9472 9473
4 9474 9475 9476 9477
4 9478 9479 9480 9481
4 9482 9483 9484 9485
4 9486 9487 9488 9489
4 9490 9491 9492 9493
4 9494 9495 9496 9497
4 9498 9499 9500 9501
4 9502 9503 9504 9505
4 9506 9507 9508 9509
4 9510 9511 9512 9513
4 9514 9515 9516 9517
4 9518 9519 9520 9521
4 9522 9523 9524 9525
4 9526 9527 9528 9529
4 9530 9531 9532 9533
4 9534 9535 9536 9537
4 9538 9539 9540 9541
4 9542 9543 9544 9545
4 9546 9547 9548 9549
4 9550 9551 9552 9553
4 9554 9555 9556 9557
4 9558 9559 9560 9561
4 9562 9563 9564 9565
4 9566 9567 9568 9569
4 9570 9571 9572 9573
4 9574 9575 9576 9577
4 9578 9579 9580 9581
4 9582 9583 9584 9585
4 9586 9587 9588 9589
4 9590 9591 9592 9593
4 9594 9595 9596 9597
4 9598 9599 9600 9601
4 9602 9603 9604 9605
4 9606 9607 9608 9609
4 9610 9611 9612 9613
4 9614 9615 9616 9617
4 9618 9619 9620 9621
4 9622 9623 9624 9625
4 9626 9627 9628 9629
4 9630 9631 9632 9633
4 9634 9635 9636 9637
4 9638 9639 9640 9641
4 9642 9643 9644 9645
4 9646 9647 9648 9649
4 9650 9651 9652 9653
4 9654 9655 9656 9657
4 9658 9659 9660 9661
4 9662 9663 9664 9665
4 9666 9667 9668 9669
4 9670 9671 9672 9673
4 9674 9675 9676 9677
4 9678 9679 9680 9681
4 9682 9683 9684 9685
4 9686 9687 9688 9689
4 9690 9691 9692 9693
4 9694 9695 9696 9697
4 9698 9699 9700 9701
4 9702 9703 9704 9705
4 9706 9707 9708 9709
4 9710 9711 9712 9713
4 9714 9715 9716 9717
4 9718 9719 9720 9721
4 9722 9723 9724 9725
4 9726 9727 9728 9729
4 9730 9731 9732 9733
4 9734 9735 9736 9737
4 9738 9739 9740 9741
4 9742 9743 9744 9745
4 9746 9747 9748 9749
4 9750 9751 9752 9753
4 9754 9755 9756 9757
4 9758 9759 9760 9761
4 9762 9763 9764 9765
4 9766 9767 9768 9769
4 9770 9771 9772 9773
4 9774 9775 9776 9777
4 9778 9779 9780 9781
4 9782 9783 9784 9785
4 9786 9787 9788 9789
4 9790 9791 9792 9793
4 9794 9795 9796 9797
4 9798 9799 9800 9801
4 9802 9803 9804 9805
4 9806 9807 9808 9809
4 9810 9811 9812 9813
4 9814 9815 9816 9817
4 9818 9819 9820 9821
4 9822 9823 9824 9825
4 9826 9827 9828 9829
4 9830 9831 9832 9833
4 9834 9835 9836 9837
4 9838 9839 9840 9841
4 9842 9843 9844 9845
4 9846 9847 9848 9849
4 9850 9851 9852 9853
4 9854 9855 9856 9857
4 9858 9859 9860 9861
4 9862 9863 9864 9865
4 9866 9867 9868 9869
4 9870 9871 9872 9873
4 9874 9875 9876 9877
4 9878 9879 9880 9881
4 9882 9883 9884 9885
4 9886 9887 9888 9889
4 9890 9891 9892 9893
4 9894 9895 9896 9897
4 9898 9899 9900 9901
4 9902 9903 9904 9905
4 9906 9907 9908 9909
4 9910 9911 9912 9913
4 9914 9915 9916 9917
4 9918 9919 9920 9921
4 9922 9923 9924 9925
4 9926 9927 9928 9929
4 9930 9931 9932 9933
4 9934 9935 9936 9937
4 9938 9939 9940 9941
4 9942 9943 9944 9945
4 9946 9947 9948 9949
4 9950 9951 9952 9953
4 9954 9955 9956 9957
4 9958 9959 9960 9961
4 9962 9963 9964 9965
4 9966 9967 9968 9969
4 9970 9971 9972 9973
4 9974 9975 9976 9977
4 9978 9979 9980 9981
4 9982 9983 9984 9985
4 9986 9987 9988 9989
4 9990 9991 9992 9993
4 9994 9995 9996 9997
4 9998 9999 10000 10001
4 10002 10003 10004 10005
4 10006 10007 10008 10009
4 10010 10011 10012 10013
4 10014 10015 10016 10017
4 10018 10019 10020 10021
4 10022 10023 10024 10025
4 10026 10027 10028 10029
4 10030 10031 10032 10033
4 10034 10035 10036 10037
4 10038 10039 10040 10041
4 10042 10043 10044 10045
4 10046 10047 10048 10049
4 10050 10051 10052 10053
4 10054 10055 10056 10057
4 10058 10059 10060 10061
4 10062 10063 10064 10065
4 10066 10067 10068 10069
4 10070 10071 10072 10073
