<?xml version="1.0" encoding="utf-8"?>
<COLLADA xmlns="http://www.collada.org/2005/11/COLLADASchema" version="1.4.1" xmlns:xsi="http://www.w3.org/2001/XMLSchema-instance">
  <asset>
    <contributor>
      <author>Blender User</author>
      <authoring_tool>Blender 2.83.5</authoring_tool>
    </contributor>
    <created>2025-05-15T15:51:58</created>
    <modified>2025-05-15T15:51:58</modified>
    <unit name="meter" meter="1"/>
    <up_axis>Z_UP</up_axis>
  </asset>
  <library_cameras>
    <camera id="orbit_cam-camera" name="Cámara">
      <optics>
        <technique_common>
          <perspective>
            <xfov sid="xfov">22.61987</xfov>
            <aspect_ratio>1.777778</aspect_ratio>
            <znear sid="znear">0.1</znear>
            <zfar sid="zfar">1000</zfar>
          </perspective>
        </technique_common>
      </optics>
      <extra>
        <technique profile="blender">
          <shiftx sid="shiftx" type="float">0</shiftx>
          <shifty sid="shifty" type="float">0</shifty>
          <dof_distance sid="dof_distance" type="float">10</dof_distance>
        </technique>
      </extra>
    </camera>
  </library_cameras>
  <library_lights>
    <light id="Light_001-light" name="Light.001">
      <technique_common>
        <point>
          <color sid="color">1000 1000 1000</color>
          <constant_attenuation>1</constant_attenuation>
          <linear_attenuation>0</linear_attenuation>
          <quadratic_attenuation>0.00111109</quadratic_attenuation>
        </point>
      </technique_common>
      <extra>
        <technique profile="blender">
          <type sid="type" type="int">0</type>
          <flag sid="flag" type="int">0</flag>
          <mode sid="mode" type="int">1</mode>
          <gamma sid="blender_gamma" type="float">1</gamma>
          <red sid="red" type="float">1</red>
          <green sid="green" type="float">1</green>
          <blue sid="blue" type="float">1</blue>
          <shadow_r sid="blender_shadow_r" type="float">0</shadow_r>
          <shadow_g sid="blender_shadow_g" type="float">0</shadow_g>
          <shadow_b sid="blender_shadow_b" type="float">0</shadow_b>
          <energy sid="blender_energy" type="float">1000</energy>
          <dist sid="blender_dist" type="float">29.99998</dist>
          <spotsize sid="spotsize" type="float">75</spotsize>
          <spotblend sid="spotblend" type="float">0.15</spotblend>
          <att1 sid="att1" type="float">0</att1>
          <att2 sid="att2" type="float">1</att2>
          <falloff_type sid="falloff_type" type="int">2</falloff_type>
          <clipsta sid="clipsta" type="float">0.04999995</clipsta>
          <clipend sid="clipend" type="float">30.002</clipend>
          <bias sid="bias" type="float">1</bias>
          <soft sid="soft" type="float">3</soft>
          <bufsize sid="bufsize" type="int">2880</bufsize>
          <samp sid="samp" type="int">3</samp>
          <buffers sid="buffers" type="int">1</buffers>
          <area_shape sid="area_shape" type="int">1</area_shape>
          <area_size sid="area_size" type="float">0.1</area_size>
          <area_sizey sid="area_sizey" type="float">0.1</area_sizey>
          <area_sizez sid="area_sizez" type="float">1</area_sizez>
        </technique>
      </extra>
    </light>
    <light id="Light-light" name="Light">
      <technique_common>
        <point>
          <color sid="color">971.0008 1000 291.7699</color>
          <constant_attenuation>1</constant_attenuation>
          <linear_attenuation>0</linear_attenuation>
          <quadratic_attenuation>0.00111109</quadratic_attenuation>
        </point>
      </technique_common>
      <extra>
        <technique profile="blender">
          <type sid="type" type="int">0</type>
          <flag sid="flag" type="int">0</flag>
          <mode sid="mode" type="int">1</mode>
          <gamma sid="blender_gamma" type="float">1</gamma>
          <red sid="red" type="float">0.9710008</red>
          <green sid="green" type="float">1</green>
          <blue sid="blue" type="float">0.2917699</blue>
          <shadow_r sid="blender_shadow_r" type="float">0</shadow_r>
          <shadow_g sid="blender_shadow_g" type="float">0</shadow_g>
          <shadow_b sid="blender_shadow_b" type="float">0</shadow_b>
          <energy sid="blender_energy" type="float">1000</energy>
          <dist sid="blender_dist" type="float">29.99998</dist>
          <spotsize sid="spotsize" type="float">75</spotsize>
          <spotblend sid="spotblend" type="float">0.15</spotblend>
          <att1 sid="att1" type="float">0</att1>
          <att2 sid="att2" type="float">1</att2>
          <falloff_type sid="falloff_type" type="int">2</falloff_type>
          <clipsta sid="clipsta" type="float">0.04999995</clipsta>
          <clipend sid="clipend" type="float">30.002</clipend>
          <bias sid="bias" type="float">1</bias>
          <soft sid="soft" type="float">3</soft>
          <bufsize sid="bufsize" type="int">2880</bufsize>
          <samp sid="samp" type="int">3</samp>
          <buffers sid="buffers" type="int">1</buffers>
          <area_shape sid="area_shape" type="int">1</area_shape>
          <area_size sid="area_size" type="float">0.1</area_size>
          <area_sizey sid="area_sizey" type="float">0.1</area_sizey>
          <area_sizez sid="area_sizez" type="float">1</area_sizez>
        </technique>
      </extra>
    </light>
  </library_lights>
  <library_effects>
    <effect id="hiper-atlas-effect">
      <profile_COMMON>
        <technique sid="common">
          <lambert>
            <emission>
              <color sid="emission">0 0 0 1</color>
            </emission>
            <diffuse>
              <color sid="diffuse">0.8 0.8 0.8 1</color>
            </diffuse>
            <reflectivity>
              <float sid="specular">0.5</float>
            </reflectivity>
          </lambert>
        </technique>
      </profile_COMMON>
    </effect>
  </library_effects>
  <library_images/>
  <library_materials>
    <material id="hiper-atlas-material" name="hiper-atlas">
      <instance_effect url="#hiper-atlas-effect"/>
    </material>
  </library_materials>
  <library_geometries>
    <geometry id="Cubo_001-mesh" name="Cubo.001">
      <mesh>
        <source id="Cubo_001-mesh-positions">
          <float_array id="Cubo_001-mesh-positions-array" count="276">-0.5205256 -0.381623 0.09776455 -0.5205256 -0.381623 0.1172702 -0.5205256 0.381623 0.09776455 -0.5205256 0.381623 0.1172702 0.5246851 -0.381623 0.09776455 0.5246851 -0.381623 0.1172702 0.5246851 0.381623 0.09776455 0.5246851 0.381623 0.1172702 -0.04044634 -0.3765566 0 -0.04044634 -0.3765566 0.1 -0.04044634 0.3765566 0 -0.04044634 0.3765566 0.1 0.04044657 -0.3765566 0 0.04044657 -0.3765566 0.1 0.04044657 0.3765566 0 0.04044657 0.3765566 0.1 -0.04044634 0 0 -0.04044634 0 0.1 0.04044657 0 0 0.04044657 0 0.1 -0.02304011 -0.01740622 0 0.02304029 -0.01740622 0 0.02304029 -0.335193 0 -0.02304005 -0.335193 0 -0.02304011 0.3331966 0 0.02304029 0.3331966 0 0.02304029 0.01740622 0 -0.02304005 0.01740622 0 0.02304029 -0.01740622 0.08817791 -0.02304011 -0.01740622 0.08817791 -0.02304005 -0.335193 0.08817791 0.02304029 -0.335193 0.08817791 0.02304029 0.3331966 0.08817791 -0.02304011 0.3331966 0.08817791 -0.02304005 0.01740622 0.08817791 0.02304029 0.01740622 0.08817791 -0.5204464 -0.3765566 0 -0.5204464 -0.3765566 0.1 -0.5204464 0.3765566 0 -0.5204464 0.3765566 0.1 -0.4395534 -0.3765566 0 -0.4395534 -0.3765566 0.1 -0.4395534 0.3765566 0 -0.4395534 0.3765566 0.1 -0.5204464 0 0 -0.5204464 0 0.1 -0.4395534 0 0 -0.4395534 0 0.1 -0.5030401 -0.01740622 0 -0.4569597 -0.01740622 0 -0.4569597 -0.335193 0 -0.5030401 -0.335193 0 -0.5030401 0.3331966 0 -0.4569597 0.3331966 0 -0.4569597 0.01740622 0 -0.5030401 0.01740622 0 -0.4569597 -0.01740622 0.08817791 -0.5030401 -0.01740622 0.08817791 -0.5030401 -0.335193 0.08817791 -0.4569597 -0.335193 0.08817791 -0.4569597 0.3331966 0.08817791 -0.5030401 0.3331966 0.08817791 -0.5030401 0.01740622 0.08817791 -0.4569597 0.01740622 0.08817791 0.4395536 -0.3765566 0 0.4395536 -0.3765566 0.1 0.4395536 0.3765566 0 0.4395536 0.3765566 0.1 0.5204466 -0.3765566 0 0.5204466 -0.3765566 0.1 0.5204466 0.3765566 0 0.5204466 0.3765566 0.1 0.4395536 0 0 0.4395536 0 0.1 0.5204466 0 0 0.5204466 0 0.1 0.4569599 -0.01740622 0 0.5030403 -0.01740622 0 0.5030403 -0.335193 0 0.4569599 -0.335193 0 0.4569599 0.3331966 0 0.5030403 0.3331966 0 0.5030403 0.01740622 0 0.4569599 0.01740622 0 0.5030403 -0.01740622 0.08817791 0.4569599 -0.01740622 0.08817791 0.4569599 -0.335193 0.08817791 0.5030403 -0.335193 0.08817791 0.5030403 0.3331966 0.08817791 0.4569599 0.3331966 0.08817791 0.4569599 0.01740622 0.08817791 0.5030403 0.01740622 0.08817791</float_array>
          <technique_common>
            <accessor source="#Cubo_001-mesh-positions-array" count="92" stride="3">
              <param name="X" type="float"/>
              <param name="Y" type="float"/>
              <param name="Z" type="float"/>
            </accessor>
          </technique_common>
        </source>
        <source id="Cubo_001-mesh-normals">
          <float_array id="Cubo_001-mesh-normals-array" count="51">-1 0 0 0 1 0 1 0 0 0 -1 0 0 0 -1 0 0 1 1 0 0 0 0 -1 -1 0 0 -1 0 0 0 1 0 0 -1 0 1 0 0 0 0 -1 0 1 0 0 -1 0 0 0 -1</float_array>
          <technique_common>
            <accessor source="#Cubo_001-mesh-normals-array" count="17" stride="3">
              <param name="X" type="float"/>
              <param name="Y" type="float"/>
              <param name="Z" type="float"/>
            </accessor>
          </technique_common>
        </source>
        <source id="Cubo_001-mesh-map-0">
          <float_array id="Cubo_001-mesh-map-0-array" count="624">0.8374946 0.2527772 0.8374946 0.2549059 0.7541978 0.2549063 0.7541978 0.2527774 0.752069 0.2549064 0.7541978 0.2549063 0.7541982 0.3689754 0.752069 0.3689754 0.7541982 0.3711042 0.7541982 0.3689754 0.8374951 0.3689751 0.8374951 0.371104 0.8396239 0.3689751 0.8374951 0.3689751 0.8374946 0.2549059 0.8396239 0.2549059 0.7526792 0.3758525 0.8667487 0.3758525 0.8667487 0.4591496 0.7526792 0.4591496 0.7541982 0.3689754 0.7541978 0.2549063 0.8374946 0.2549059 0.8374951 0.3689751 0.9342011 0.3362085 0.9342011 0.325295 0.9752967 0.325295 0.9752967 0.3362085 0.9849202 0.3458319 0.9958336 0.3458319 0.9958336 0.3546602 0.9849202 0.3546602 0.9391834 0.2759968 0.9500969 0.2759968 0.9500969 0.3170924 0.9391834 0.3170924 0.92956 0.3267158 0.92956 0.3376294 0.9207317 0.3376294 0.9207317 0.3267158 0.913008 0.3125783 0.913008 0.2778964 0.9226314 0.2778964 0.9226314 0.3125783 0.9276604 0.3222016 0.9226314 0.3222016 0.9226314 0.3125783 0.9276604 0.3125783 0.9752967 0.3642835 0.9752967 0.3751971 0.9342011 0.3751971 0.9342011 0.3642835 0.9111084 0.3170924 0.9001949 0.3170924 0.9001948 0.2759968 0.9111084 0.2759968 0.9207317 0.2663734 0.92956 0.2663734 0.9276604 0.2682731 0.9226314 0.2682731 0.9391834 0.2759968 0.9391834 0.3170924 0.9372838 0.3125783 0.9372838 0.2778964 0.92956 0.3267158 0.9207317 0.3267158 0.9226314 0.3222016 0.9276604 0.3222016 0.9111084 0.3170924 0.9111084 0.2759968 0.913008 0.2778964 0.913008 0.3125783 0.9849202 0.3458319 0.9849202 0.3546602 0.980188 0.3527606 0.980188 0.3477315 0.9752967 0.3642835 0.9342011 0.3642835 0.9361007 0.3623839 0.9705646 0.3623839 0.9245778 0.3546602 0.9245778 0.3458319 0.9264774 0.3477315 0.9264774 0.3527606 0.9342011 0.3362085 0.9752967 0.3362085 0.9705646 0.3381082 0.9361007 0.3381082 0.9226314 0.2778964 0.9276604 0.2778964 0.9276604 0.3125783 0.9226314 0.3125783 0.9705646 0.3477315 0.9705646 0.3527606 0.9361007 0.3527606 0.9361007 0.3477315 0.9705646 0.3623839 0.9361007 0.3623839 0.9361007 0.3527606 0.9705646 0.3527606 0.980188 0.3477315 0.980188 0.3527606 0.9705646 0.3527606 0.9705646 0.3477315 0.9372838 0.2778964 0.9372838 0.3125783 0.9276604 0.3125783 0.9276604 0.2778964 0.9264774 0.3527606 0.9264774 0.3477315 0.9361007 0.3477315 0.9361007 0.3527606 0.9226314 0.2682731 0.9276604 0.2682731 0.9276604 0.2778964 0.9226314 0.2778964 0.9361007 0.3381082 0.9705646 0.3381082 0.9705646 0.3477315 0.9361007 0.3477315 0.874334 0.4556438 0.874334 0.4447302 0.9154297 0.4447302 0.9154297 0.4556438 0.925053 0.4652671 0.9359666 0.4652671 0.9359666 0.4740954 0.925053 0.4740954 0.9137927 0.3619332 0.9247062 0.3619332 0.9247062 0.4030288 0.9137927 0.4030288 0.9041694 0.4126523 0.9041694 0.4235658 0.8953411 0.4235658 0.8953411 0.4126523 0.8876174 0.3985147 0.8876174 0.3638328 0.8972408 0.3638328 0.8972408 0.3985147 0.9022698 0.408138 0.8972408 0.408138 0.8972408 0.3985147 0.9022697 0.3985147 0.9154297 0.4837187 0.9154297 0.4946323 0.874334 0.4946323 0.874334 0.4837188 0.8857178 0.4030288 0.8748043 0.4030288 0.8748042 0.3619332 0.8857178 0.3619332 0.8953411 0.3523098 0.9041694 0.3523098 0.9022697 0.3542094 0.8972408 0.3542094 0.9137927 0.3619332 0.9137927 0.4030288 0.9118931 0.3985147 0.9118931 0.3638328 0.9041694 0.4126523 0.8953411 0.4126523 0.8972408 0.408138 0.9022698 0.408138 0.8857178 0.4030288 0.8857178 0.3619332 0.8876174 0.3638328 0.8876174 0.3985147 0.925053 0.4652671 0.925053 0.4740954 0.9203209 0.4721958 0.9203209 0.4671667 0.9154297 0.4837187 0.874334 0.4837188 0.8762337 0.4818191 0.9106976 0.4818191 0.8647107 0.4740954 0.8647107 0.4652671 0.8666104 0.4671667 0.8666104 0.4721958 0.874334 0.4556438 0.9154297 0.4556438 0.9106976 0.4575434 0.8762337 0.4575434 0.8972408 0.3638328 0.9022697 0.3638328 0.9022697 0.3985147 0.8972408 0.3985147 0.9106976 0.4671667 0.9106976 0.4721958 0.8762337 0.4721958 0.8762337 0.4671667 0.9106976 0.4818191 0.8762337 0.4818191 0.8762337 0.4721958 0.9106976 0.4721958 0.9203209 0.4671667 0.9203209 0.4721958 0.9106976 0.4721958 0.9106976 0.4671667 0.9118931 0.3638328 0.9118931 0.3985147 0.9022697 0.3985147 0.9022697 0.3638328 0.8666104 0.4721958 0.8666104 0.4671667 0.8762337 0.4671667 0.8762337 0.4721958 0.8972408 0.3542094 0.9022697 0.3542094 0.9022697 0.3638328 0.8972408 0.3638328 0.8762337 0.4575434 0.9106976 0.4575434 0.9106976 0.4671667 0.8762337 0.4671667 0.9241387 0.420679 0.9241387 0.4097655 0.9652343 0.4097655 0.9652343 0.420679 0.9748577 0.4303024 0.9857712 0.4303024 0.9857712 0.4391307 0.9748577 0.4391307 0.8851756 0.2633015 0.8960891 0.2633015 0.8960891 0.3043971 0.8851756 0.3043971 0.8755523 0.3140205 0.8755523 0.3249341 0.866724 0.3249341 0.866724 0.3140205 0.8590003 0.299883 0.8590003 0.2652011 0.8686236 0.2652011 0.8686236 0.299883 0.8736527 0.3095063 0.8686237 0.3095063 0.8686236 0.299883 0.8736527 0.299883 0.9652343 0.448754 0.9652343 0.4596675 0.9241387 0.4596675 0.9241387 0.448754 0.8571007 0.3043971 0.8461872 0.3043971 0.8461871 0.2633014 0.8571006 0.2633014 0.866724 0.2536781 0.8755523 0.2536781 0.8736527 0.2555778 0.8686236 0.2555778 0.8851756 0.2633015 0.8851756 0.3043971 0.883276 0.299883 0.883276 0.2652011 0.8755523 0.3140205 0.866724 0.3140205 0.8686237 0.3095063 0.8736527 0.3095063 0.8571007 0.3043971 0.8571006 0.2633014 0.8590003 0.2652011 0.8590003 0.299883 0.9748577 0.4303024 0.9748577 0.4391307 0.9701256 0.437231 0.9701256 0.432202 0.9652343 0.448754 0.9241387 0.448754 0.9260384 0.4468544 0.9605023 0.4468544 0.9145154 0.4391307 0.9145154 0.4303024 0.916415 0.432202 0.916415 0.437231 0.9241387 0.420679 0.9652343 0.420679 0.9605023 0.4225786 0.9260384 0.4225786 0.8686236 0.2652011 0.8736527 0.2652011 0.8736527 0.299883 0.8686236 0.299883 0.9605023 0.432202 0.9605023 0.437231 0.9260384 0.437231 0.9260384 0.432202 0.9605023 0.4468544 0.9260384 0.4468544 0.9260384 0.437231 0.9605023 0.437231 0.9701256 0.432202 0.9701256 0.437231 0.9605023 0.437231 0.9605023 0.432202 0.883276 0.2652011 0.883276 0.299883 0.8736527 0.299883 0.8736527 0.2652011 0.916415 0.437231 0.916415 0.432202 0.9260384 0.432202 0.9260384 0.437231 0.8686236 0.2555778 0.8736527 0.2555778 0.8736527 0.2652011 0.8686236 0.2652011 0.9260384 0.4225786 0.9605023 0.4225786 0.9605023 0.432202 0.9260384 0.432202</float_array>
          <technique_common>
            <accessor source="#Cubo_001-mesh-map-0-array" count="312" stride="2">
              <param name="S" type="float"/>
              <param name="T" type="float"/>
            </accessor>
          </technique_common>
        </source>
        <vertices id="Cubo_001-mesh-vertices">
          <input semantic="POSITION" source="#Cubo_001-mesh-positions"/>
        </vertices>
        <polylist material="hiper-atlas-material" count="78">
          <input semantic="VERTEX" source="#Cubo_001-mesh-vertices" offset="0"/>
          <input semantic="NORMAL" source="#Cubo_001-mesh-normals" offset="1"/>
          <input semantic="TEXCOORD" source="#Cubo_001-mesh-map-0" offset="2" set="0"/>
          <vcount>4 4 4 4 4 4 4 4 4 4 4 4 4 4 4 4 4 4 4 4 4 4 4 4 4 4 4 4 4 4 4 4 4 4 4 4 4 4 4 4 4 4 4 4 4 4 4 4 4 4 4 4 4 4 4 4 4 4 4 4 4 4 4 4 4 4 4 4 4 4 4 4 4 4 4 4 4 4 </vcount>
          <p>0 0 0 1 0 1 3 0 2 2 0 3 2 1 4 3 1 5 7 1 6 6 1 7 6 2 8 7 2 9 5 2 10 4 2 11 4 3 12 5 3 13 1 3 14 0 3 15 2 4 16 6 4 17 4 4 18 0 4 19 7 5 20 3 5 21 1 5 22 5 5 23 16 0 24 17 0 25 11 0 26 10 0 27 10 1 28 11 1 29 15 1 30 14 1 31 18 2 32 19 2 33 13 2 34 12 2 35 12 3 36 13 3 37 9 3 38 8 3 39 23 6 40 20 6 41 29 6 42 30 6 43 22 1 44 23 1 45 30 1 46 31 1 47 14 2 48 15 2 49 19 2 50 18 2 51 8 0 52 9 0 53 17 0 54 16 0 55 16 4 56 18 4 57 21 4 58 20 4 59 18 4 60 12 4 61 22 4 62 21 4 63 12 4 64 8 4 65 23 4 66 22 4 67 8 4 68 16 4 69 20 4 70 23 4 71 10 4 72 14 4 73 25 4 74 24 4 75 14 4 76 18 4 77 26 4 78 25 4 79 18 4 80 16 4 81 27 4 82 26 4 83 16 4 84 10 4 85 24 4 86 27 4 87 29 4 88 28 4 89 31 4 90 30 4 91 33 7 92 32 7 93 35 7 94 34 7 95 25 8 96 26 8 97 35 8 98 32 8 99 24 3 100 25 3 101 32 3 102 33 3 103 21 9 104 22 9 105 31 9 106 28 9 107 26 10 108 27 10 109 34 10 110 35 10 111 20 11 112 21 11 113 28 11 114 29 11 115 27 12 116 24 12 117 33 12 118 34 12 119 44 0 120 45 0 121 39 0 122 38 0 123 38 1 124 39 1 125 43 1 126 42 1 127 46 2 128 47 2 129 41 2 130 40 2 131 40 3 132 41 3 133 37 3 134 36 3 135 51 2 136 48 2 137 57 2 138 58 2 139 50 1 140 51 1 141 58 1 142 59 1 143 42 2 144 43 2 145 47 2 146 46 2 147 36 0 148 37 0 149 45 0 150 44 0 151 44 4 152 46 4 153 49 4 154 48 4 155 46 4 156 40 4 157 50 4 158 49 4 159 40 4 160 36 4 161 51 4 162 50 4 163 36 4 164 44 4 165 48 4 166 51 4 167 38 4 168 42 4 169 53 4 170 52 4 171 42 4 172 46 4 173 54 4 174 53 4 175 46 4 176 44 4 177 55 4 178 54 4 179 44 4 180 38 4 181 52 4 182 55 4 183 57 4 184 56 4 185 59 4 186 58 4 187 61 13 188 60 13 189 63 13 190 62 13 191 53 0 192 54 0 193 63 0 194 60 0 195 52 3 196 53 3 197 60 3 198 61 3 199 49 0 200 50 0 201 59 0 202 56 0 203 54 14 204 55 14 205 62 14 206 63 14 207 48 15 208 49 15 209 56 15 210 57 15 211 55 2 212 52 2 213 61 2 214 62 2 215 72 0 216 73 0 217 67 0 218 66 0 219 66 1 220 67 1 221 71 1 222 70 1 223 74 2 224 75 2 225 69 2 226 68 2 227 68 3 228 69 3 229 65 3 230 64 3 231 79 2 232 76 2 233 85 2 234 86 2 235 78 1 236 79 1 237 86 1 238 87 1 239 70 2 240 71 2 241 75 2 242 74 2 243 64 0 244 65 0 245 73 0 246 72 0 247 72 4 248 74 4 249 77 4 250 76 4 251 74 4 252 68 4 253 78 4 254 77 4 255 68 4 256 64 4 257 79 4 258 78 4 259 64 4 260 72 4 261 76 4 262 79 4 263 66 4 264 70 4 265 81 4 266 80 4 267 70 4 268 74 4 269 82 4 270 81 4 271 74 4 272 72 4 273 83 4 274 82 4 275 72 4 276 66 4 277 80 4 278 83 4 279 85 4 280 84 4 281 87 4 282 86 4 283 89 16 284 88 16 285 91 16 286 90 16 287 81 0 288 82 0 289 91 0 290 88 0 291 80 3 292 81 3 293 88 3 294 89 3 295 77 0 296 78 0 297 87 0 298 84 0 299 82 14 300 83 14 301 90 14 302 91 14 303 76 15 304 77 15 305 84 15 306 85 15 307 83 2 308 80 2 309 89 2 310 90 2 311</p>
        </polylist>
      </mesh>
    </geometry>
    <geometry id="Cube_008-mesh" name="Cube.008">
      <mesh>
        <source id="Cube_008-mesh-positions">
          <float_array id="Cube_008-mesh-positions-array" count="480">0.9563322 0.6274152 0.04627895 0.9556422 0.6197782 -0.002524733 0.9603847 0.5213244 0.04462742 0.9609368 0.5165733 6.89485e-4 -0.9262426 0.6173824 0.04636347 -0.9277072 0.6098077 0.001563131 -0.9282227 0.51321 0.04585808 -0.9255511 0.5085336 0.006803452 0.9407527 0.06239438 0.02679687 0.9279621 0.04632812 -0.0014503 0.9432984 -0.0407021 0.01256716 0.9420523 -0.03834581 -0.001356184 -0.9461869 0.04602259 0.02802628 -0.9426434 0.04841023 -0.002232134 -0.9460552 -0.05963081 0.02988588 -0.9425461 -0.04955279 0.00954926 0.9301041 -0.4962288 0.02521306 0.9302926 -0.5011432 0.00193572 0.9316239 -0.5992453 0.01903212 0.9305936 -0.5994835 0.003656029 -0.9557296 -0.5237461 0.04584634 -0.9556472 -0.5300253 -0.008356273 -0.9615086 -0.6289103 0.0462948 -0.9533847 -0.6308805 -0.008277416 0.9241656 -0.5071296 0.1963004 0.9275494 -0.4970186 0.1494822 0.9262883 -0.6153785 0.19099 0.9241189 -0.6254382 0.1623905 -0.961515 -0.521766 0.1866914 -0.9543057 -0.4983013 0.1528637 -0.9583243 -0.6286781 0.1872156 -0.9622424 -0.6326737 0.1526987 0.9390968 -0.2340025 0.1928549 0.9394702 -0.2136194 0.1463837 0.940661 -0.3376488 0.1916783 0.9341479 -0.3502061 0.1506648 -0.9484347 -0.2529147 0.1881912 -0.9457299 -0.2151314 0.1522982 -0.9474015 -0.3553565 0.1908019 -0.9495774 -0.354874 0.1519222 0.9449644 0.05406939 0.194679 0.9451746 0.06928646 0.1521039 0.9456582 -0.05009353 0.1902244 0.9422222 -0.07272183 0.1514468 -0.9426836 0.02992922 0.1905956 -0.9391129 0.06811034 0.1523509 -0.9413962 -0.06943595 0.1951689 -0.9421126 -0.0715028 0.1516298 0.9502492 0.3327633 0.1878867 0.9506755 0.3524789 0.1519689 0.9523297 0.2248711 0.1935166 0.9484297 0.2123641 0.1526136 -0.9388728 0.3218012 0.1950431 -0.9315347 0.3515895 0.1512029 -0.9409253 0.2116151 0.1930732 -0.935351 0.211398 0.1525517 0.9583405 0.6259011 0.1872283 0.9540461 0.626837 0.1506592 0.955915 0.5141515 0.1858588 0.9526108 0.4959153 0.1518174 -0.9266948 0.6123604 0.1961818 -0.9242182 0.6212342 0.1497417 -0.9239819 0.5111369 0.1979696 -0.9279517 0.4943695 0.1512326 0.9262483 -0.6158298 0.1714203 0.91944 -0.6206609 0.1501724 0.8072031 -0.6179601 0.1715318 0.8332545 -0.6125616 0.1266244 0.9473837 0.6274077 0.17171 0.9472832 0.6310216 0.1266958 0.8074101 0.6279935 0.1716338 0.8400111 0.6266632 0.1258413 -0.830117 -0.6306541 0.1717745 -0.845616 -0.6231893 0.1270037 -0.9626057 -0.6243323 0.1710724 -0.9628152 -0.624422 0.1268604 -0.8301631 0.6207209 0.1715382 -0.8301969 0.6202791 0.126892 -0.9266034 0.6183264 0.171156 -0.9239628 0.6204011 0.1243584 0.08203548 -0.6250833 0.1716177 0.04502421 -0.6221029 0.1267076 -0.0579614 -0.6230329 0.1715767 -0.05769294 -0.6197181 0.1272585 0.08201855 0.6337897 0.1718246 0.07722842 0.6252716 0.1270788 -0.05799353 0.6331593 0.1718028 -0.03929936 0.62562 0.1267617 0.8276993 0.5185101 0.01379603 0.8469199 0.5038817 0.1443213 0.8283298 0.6225199 0.01027595 0.8275951 0.6262719 0.1612383 0.9526304 0.5168445 0.01214772 0.9529117 0.5035935 0.1452171 0.9528784 0.626605 0.02039241 0.9528815 0.6269347 0.1451995 -0.04677945 -0.04966342 0.01939851 -0.04222118 -0.05906891 0.1473057 -0.04589867 0.05787521 0.02479588 -0.03822916 0.06544113 0.1472486 0.07866322 -0.0489453 0.01978331 0.06290233 -0.05872869 0.1466131 0.07881236 0.05712705 0.01932096 0.06589299 0.06587493 0.145975 -0.04616415 0.5147072 0.01621693 -0.03272813 0.503679 0.146619 -0.03842663 0.6248373 0.02049428 -0.0391727 0.6276704 0.1373384 0.07873392 0.5150836 0.01663696 0.07166606 0.5037197 0.1467754 0.07823061 0.6206032 0.02191287 0.07499676 0.621773 0.1458303 -0.08352142 -0.6163046 0.01287037 -0.0749281 -0.6234651 0.1437892 -0.08352154 -0.5116937 0.01608979 -0.06680661 -0.512745 0.1444317 0.04185652 -0.6169838 0.01929634 0.02991098 -0.6280798 0.1451302 0.04092353 -0.5091063 0.01653462 0.04078936 -0.512884 0.1411193 0.8278737 -0.04216694 0.01893413 0.8383133 -0.05938959 0.1473823 0.8279626 0.0645492 0.02029728 0.8281788 0.06370228 0.1425142 0.9432985 -0.0407021 0.01256716 0.9420387 -0.05807942 0.1464452 0.9407528 0.06239438 0.02679687 0.9452741 0.06589812 0.1450389 0.8363649 -0.6160387 0.02195543 0.8369355 -0.6203432 0.1427723 0.7912678 -0.5047098 0.02488464 0.8013204 -0.5279917 0.1421115 0.9429982 -0.5771709 0.0265237 0.9436674 -0.5757405 0.143058 0.8979998 -0.4796796 0.02753883 0.9093728 -0.4651344 0.1469182 -0.9458524 -0.05915445 0.02040523 -0.9430496 -0.05885452 0.1419773 -0.9448141 0.04608511 0.02515375 -0.9392442 0.06544882 0.1451481 -0.8243162 -0.05803287 0.01606708 -0.830608 -0.05809783 0.1391478 -0.8242524 0.04847824 0.01844292 -0.8332459 0.06632131 0.1434303 -0.9242315 0.5090648 0.0195443 -0.9280417 0.5035478 0.1475059 -0.9265221 0.6161218 0.02241826 -0.9242493 0.621237 0.1492655 -0.8049209 0.5106313 0.0195145 -0.8117254 0.5132681 0.1454163 -0.8045305 0.6152391 0.01842546 -0.8103109 0.6200287 0.140218 -0.9607632 -0.6279495 0.01915663 -0.9615988 -0.6328192 0.1435201 -0.9530676 -0.5233955 0.02011048 -0.9546552 -0.5121672 0.1436253 -0.8428472 -0.6323717 0.02027815 -0.8458135 -0.6297636 0.139247 -0.8420596 -0.5251356 0.01703894 -0.8489348 -0.5112413 0.1429732</float_array>
          <technique_common>
            <accessor source="#Cube_008-mesh-positions-array" count="160" stride="3">
              <param name="X" type="float"/>
              <param name="Y" type="float"/>
              <param name="Z" type="float"/>
            </accessor>
          </technique_common>
        </source>
        <source id="Cube_008-mesh-normals">
          <float_array id="Cube_008-mesh-normals-array" count="306">3.98071e-4 -0.01025402 0.9999474 0.00447154 -0.9935806 0.1130391 -0.9998983 -0.00118345 -0.01421922 -0.002506077 -0.04140245 -0.9991395 0.9989792 0.04455792 -0.007436394 -0.005420446 0.9870559 -0.1602849 0.005455374 -0.05908364 0.9982382 0.004957556 -0.9400971 -0.3408709 -0.9900112 -0.01053208 -0.1405954 -0.002532005 -0.06508147 -0.9978768 0.9320935 0.1085951 -0.3455561 -0.003730595 0.9738643 -0.2270999 0.01308888 -0.02779084 0.9995281 0.01629 -0.999316 0.03320151 -0.9969288 0.01682043 -0.07648634 0.006038308 -0.00895375 -0.9999417 0.9996889 0.009550571 -0.02304273 -0.01518964 0.9896031 -0.1430212 -0.003383398 -0.02232277 0.9997451 0.004541099 -0.976173 0.2169463 -0.9989035 0.01958453 -0.0425232 0.001782298 -0.04851186 -0.998821 0.9998579 -0.005008041 0.01609796 -0.004536032 0.9233876 0.3838422 -0.001534581 0.006939113 0.9999748 0.00588119 -0.9888482 0.1488108 -0.999932 0.01160871 -0.00113064 -0.001879632 -0.014068 -0.9998993 0.9973059 -0.01652574 -0.07146871 -0.004231154 0.8169088 0.5767514 2.21381e-4 5.8487e-4 0.9999998 0.004993438 -0.9578832 0.2871147 -0.9994675 0.006646335 -0.03194755 -1.14021e-4 0.004895985 -0.9999881 0.9992099 -0.008361339 -0.03885757 -0.006161093 0.8344551 0.5510416 0.001667082 0.01678037 0.9998579 0.003699481 -0.9879909 0.1544682 -0.9894155 0.02354621 -0.1431872 2.23355e-4 -0.007116675 -0.9999747 0.9989699 -0.001813054 -0.0453425 -0.001776874 0.8497216 0.5272287 0.005586087 0.001971542 0.9999825 0.002330958 -0.9176317 0.3974252 -0.999867 0.004698336 0.01562595 4.1922e-4 -0.01028418 -0.9999471 0.9945393 -0.01573288 -0.1031703 -0.004800736 0.9930658 0.1174619 1.3729e-4 -1.58541e-4 1 -0.8397644 0.002204239 -0.5429465 -0.01532781 0.9996894 0.01965385 0.124922 -0.0113976 -0.9921011 -0.02718776 -0.9994945 -0.01648235 0.9944386 -0.02048224 -0.1033082 -0.004734098 1.29487e-4 0.9999889 -0.9992095 0.03004342 -0.02603673 -0.0122137 0.9997722 0.01750516 0.01269531 -0.001327216 -0.9999186 -0.02004647 -0.9966679 -0.07906639 0.9851462 -0.006094276 -0.1716098 -2.24795e-4 -1.72131e-4 1 -0.9781235 0.007156968 -0.2079024 -8.49363e-4 0.9843587 -0.1761742 -0.001066863 -2.86992e-5 -0.9999995 -0.01836609 -0.9978548 -0.06283825 0.906543 -0.01154524 -0.421956 -0.9943839 -0.08577799 0.06198948 -0.01935052 0.9997025 -0.0148487 0.9999991 -8.92816e-4 -0.001147985 -0.00875473 -0.9944826 -0.1045356 -0.9986056 0.01984393 0.04891842 -5.56504e-4 0.9978616 -0.06536084 0.9935821 -0.01298779 0.1123651 0.004477202 -0.9971797 -0.0749188 -0.9986524 0.006615161 0.05147522 0.04452419 0.9988823 -0.0158708 0.9991108 -0.01340949 0.03997486 0.002027809 -0.9963209 -0.08567774 -0.9945231 0.03574764 0.09821456 -0.01030486 0.9997516 0.01976382 0.99803 -0.04311174 0.04558241 -0.0205304 -0.9972523 -0.07117801 -0.9982988 -0.0430389 0.03933507 2.55528e-4 0.9999389 -0.01105308 0.9999121 -0.002299785 -0.01306146 0.008185505 -0.9913432 -0.1310412 -0.9296721 -0.368386 -0.001202762 -0.3798587 0.9225077 0.06846094 0.9314961 0.3566156 -0.07169681 0.3645512 -0.9310901 -0.01317906 -0.999256 0.01994669 0.03301084 -0.01984214 0.9884269 -0.1503952 0.9981043 0.009370982 0.06082916 0.008060157 -0.999967 0.001075267 -0.9999588 0.006805896 -0.006022214 0.006660461 0.9991891 -0.0397101 0.9986767 -0.007012784 0.05095082 0.04776012 -0.9988153 -0.009334623 -0.9978255 0.06491518 -0.01141959 0.002017378 0.9949716 -0.1001374 0.9991686 0.01024311 0.03946143 -0.005973935 -0.9999381 -0.009387552</float_array>
          <technique_common>
            <accessor source="#Cube_008-mesh-normals-array" count="102" stride="3">
              <param name="X" type="float"/>
              <param name="Y" type="float"/>
              <param name="Z" type="float"/>
            </accessor>
          </technique_common>
        </source>
        <source id="Cube_008-mesh-map-0">
          <float_array id="Cube_008-mesh-map-0-array" count="816">0.6396626 0.2579016 0.6396626 0.437716 0.6301322 0.437716 0.6301324 0.2579016 0.6260479 0.2579016 0.6301324 0.2579016 0.6301322 0.437716 0.626048 0.4377159 0.626048 0.4377159 0.626048 0.4433078 0.6165177 0.4433078 0.6165177 0.437716 0.6165177 0.437716 0.6165175 0.2579016 0.6260479 0.2579016 0.626048 0.4377159 0.6165175 0.2579016 0.6165175 0.2523096 0.6260479 0.2523096 0.6260479 0.2579016 0.6165177 0.437716 0.6124332 0.437716 0.6124333 0.2579016 0.6165175 0.2579016 0.6428691 0.4324489 0.6428692 0.2526345 0.6515926 0.2526345 0.6515924 0.4324489 0.655331 0.4324489 0.6515924 0.4324489 0.6515926 0.2526345 0.655331 0.2526345 0.655331 0.2526345 0.655331 0.2470427 0.6640542 0.2470427 0.6640542 0.2526345 0.6640542 0.2526345 0.6640543 0.4324489 0.655331 0.4324489 0.655331 0.2526345 0.6640543 0.4324489 0.6640543 0.4380409 0.655331 0.4380409 0.655331 0.4324489 0.6640542 0.2526345 0.6677927 0.2526345 0.6677927 0.4324489 0.6640543 0.4324489 0.6963188 0.258634 0.6963188 0.4384484 0.6860637 0.4384484 0.6860639 0.258634 0.6816689 0.258634 0.6860639 0.258634 0.6860637 0.4384484 0.6816689 0.4384483 0.6816689 0.4384483 0.6816689 0.4440402 0.671414 0.4440402 0.671414 0.4384484 0.671414 0.4384484 0.6714138 0.258634 0.6816689 0.258634 0.6816689 0.4384483 0.6714138 0.258634 0.6714138 0.253042 0.6816689 0.253042 0.6816689 0.258634 0.671414 0.4384484 0.667019 0.4384484 0.667019 0.258634 0.6714138 0.258634 0.5030623 0.2658817 0.5030623 0.4301015 0.512428 0.4301015 0.5124278 0.2658817 0.5164417 0.2658817 0.5124278 0.2658817 0.512428 0.4301015 0.5164416 0.4301015 0.5164416 0.4301015 0.5164416 0.4352083 0.5258072 0.4352084 0.5258072 0.4301015 0.5258072 0.4301015 0.5258074 0.2658817 0.5164417 0.2658817 0.5164416 0.4301015 0.5258074 0.2658817 0.5258074 0.2607747 0.5164417 0.2607747 0.5164417 0.2658817 0.5258072 0.4301015 0.529821 0.4301015 0.529821 0.2658817 0.5258074 0.2658817 0.5525364 0.4244699 0.5525364 0.2802289 0.5443101 0.2802289 0.5443103 0.4244699 0.5407847 0.4244699 0.5443103 0.4244699 0.5443101 0.2802289 0.5407847 0.2802289 0.5407847 0.2802289 0.5407847 0.2757434 0.5325586 0.2757433 0.5325586 0.2802289 0.5325586 0.2802289 0.5325585 0.4244699 0.5407847 0.4244699 0.5407847 0.2802289 0.5325585 0.4244699 0.5325585 0.4289556 0.5407847 0.4289556 0.5407847 0.4244699 0.5325586 0.2802289 0.5290331 0.2802289 0.5290331 0.4244699 0.5325585 0.4244699 0.5276796 0.4468135 0.6718509 0.4468136 0.6718509 0.4550359 0.5276796 0.4550357 0.5276796 0.4585596 0.5276796 0.4550357 0.6718509 0.4550359 0.6718509 0.4585595 0.6718509 0.4585595 0.6763343 0.4585595 0.6763343 0.4667817 0.6718509 0.4667817 0.6718509 0.4667817 0.5276796 0.4667819 0.5276796 0.4585596 0.6718509 0.4585595 0.5276796 0.4667819 0.5231961 0.4667819 0.5231961 0.4585596 0.5276796 0.4585596 0.6718509 0.4667817 0.6718509 0.4703056 0.5276796 0.4703055 0.5276796 0.4667819 0.581097 0.2703928 0.5819438 0.4235514 0.5732089 0.4235997 0.5723623 0.2704411 0.5686188 0.2704619 0.5723623 0.2704411 0.5732089 0.4235997 0.5694656 0.4236204 0.5694656 0.4236204 0.5694919 0.4283833 0.5607572 0.4284316 0.5607309 0.4236687 0.5607309 0.4236687 0.5598839 0.2705101 0.5686188 0.2704619 0.5694656 0.4236204 0.5598839 0.2705101 0.5598576 0.2657471 0.5685924 0.2656988 0.5686188 0.2704619 0.5607309 0.4236687 0.5569874 0.4236894 0.5561406 0.2705308 0.5598839 0.2705101 0.6095118 0.2711296 0.6095117 0.4236382 0.6008139 0.4236382 0.6008142 0.2711296 0.5970866 0.2711296 0.6008142 0.2711296 0.6008139 0.4236382 0.5970866 0.4236382 0.5970866 0.4236382 0.5970866 0.4283809 0.5883889 0.4283809 0.5883889 0.4236382 0.5883889 0.4236382 0.5883888 0.2711296 0.5970866 0.2711296 0.5970866 0.4236382 0.5883888 0.2711296 0.5883888 0.2663868 0.5970866 0.2663868 0.5970866 0.2711296 0.5883889 0.4236382 0.5846613 0.4236382 0.5846613 0.2711296 0.5883888 0.2711296 0.6963188 0.258634 0.6963188 0.4384484 0.6860637 0.4384484 0.6860639 0.258634 0.6816689 0.258634 0.6860639 0.258634 0.6860637 0.4384484 0.6816689 0.4384483 0.6816689 0.4384483 0.6816689 0.4440402 0.671414 0.4440402 0.671414 0.4384484 0.671414 0.4384484 0.6714138 0.258634 0.6816689 0.258634 0.6816689 0.4384483 0.6714138 0.258634 0.6714138 0.253042 0.6816689 0.253042 0.6816689 0.258634 0.671414 0.4384484 0.667019 0.4384484 0.667019 0.258634 0.6714138 0.258634 0.6396756 0.2677772 0.6396756 0.4254297 0.6304128 0.4254297 0.6304129 0.2677772 0.6264432 0.2677772 0.6304129 0.2677772 0.6304128 0.4254297 0.6264432 0.4254296 0.6264432 0.4254296 0.6264432 0.4303323 0.6171805 0.4303323 0.6171805 0.4254297 0.6171805 0.4254297 0.6171802 0.2677772 0.6264432 0.2677772 0.6264432 0.4254296 0.6171802 0.2677772 0.6171802 0.2628744 0.6264432 0.2628744 0.6264432 0.2677772 0.6171805 0.4254297 0.6132107 0.4254297 0.6132107 0.2677772 0.6171802 0.2677772 0.5865835 0.4254173 0.5865836 0.2659437 0.5956786 0.2659437 0.5956784 0.4254173 0.5995762 0.4254173 0.5956784 0.4254173 0.5956786 0.2659437 0.5995762 0.2659437 0.5995762 0.2659437 0.5995762 0.2609844 0.6086711 0.2609844 0.6086711 0.2659437 0.6086711 0.2659437 0.6086713 0.4254173 0.5995762 0.4254173 0.5995762 0.2659437 0.6086713 0.4254173 0.6086713 0.4303767 0.5995762 0.4303767 0.5995762 0.4254173 0.6086711 0.2659437 0.612569 0.2659437 0.6125689 0.4254173 0.6086713 0.4254173 0.6960391 0.2844102 0.6943765 0.272863 0.7052311 0.2711383 0.7051857 0.2844102 0.728588 0.2528775 0.728588 0.2661495 0.7175835 0.2646881 0.7176321 0.2537193 0.7237352 0.3836154 0.7347041 0.383588 0.7347041 0.3944281 0.7230092 0.3932619 0.7192596 0.337071 0.7075072 0.3369576 0.7076974 0.3276439 0.7192596 0.3260892 0.7230092 0.3226747 0.7342585 0.3218594 0.7342585 0.3328079 0.7234764 0.3321266 0.7220498 0.2966017 0.711248 0.2964046 0.710953 0.2872576 0.7220498 0.2856304 0.7234272 0.3349371 0.7346219 0.334255 0.7346219 0.3452094 0.7233967 0.3442596 0.7187779 0.3494725 0.7075944 0.3481166 0.7075072 0.3388777 0.7187779 0.3384475 0.7175076 0.4047658 0.705957 0.4052795 0.7072553 0.3944144 0.7175076 0.3950556 0.7380066 0.4942464 0.7281033 0.4915179 0.7301269 0.481648 0.7406836 0.4843416 0.7363477 0.4007161 0.7472427 0.4007129 0.7472427 0.4110928 0.7357982 0.4099854 0.71823 0.4172936 0.7067471 0.4167079 0.7067321 0.4075329 0.71823 0.4063165 0.718643 0.4511461 0.7301799 0.4506404 0.7301799 0.4603976 0.7188048 0.4603431 0.7220265 0.2966017 0.7235101 0.2853236 0.7329661 0.2856243 0.7329661 0.2965788 0.7483578 0.4322791 0.7445135 0.4425369 0.7347604 0.4396359 0.7393044 0.4294521 0.7344784 0.4068297 0.7233366 0.4063605 0.7230092 0.3971426 0.7344784 0.395796 0.7074275 0.2649868 0.705957 0.2536549 0.716807 0.2541904 0.716807 0.264932 0.7294533 0.4672389 0.7277051 0.4778373 0.7175099 0.4764047 0.7195759 0.4662078 0.7282325 0.2546742 0.7386347 0.2544739 0.7386347 0.2653744 0.7268847 0.2637239 0.7498615 0.4788534 0.7380216 0.4780755 0.738438 0.4689678 0.7498615 0.4686928 0.7391464 0.4675969 0.7382853 0.4781871 0.7296514 0.477122 0.7286309 0.4666305 0.705957 0.272043 0.7164836 0.2725946 0.7164836 0.2835891 0.70604 0.2816804 0.7080806 0.4742749 0.7095741 0.4637638 0.7194111 0.4663959 0.7172725 0.476413 0.7239848 0.4352315 0.7274705 0.4256 0.7369862 0.429179 0.7331871 0.4391016 0.7318697 0.2862828 0.7425528 0.2865911 0.7425528 0.2975245 0.7320448 0.2955402 0.7181213 0.3508906 0.7181213 0.3615843 0.7088084 0.3618741 0.7075072 0.3508262 0.7176092 0.2826108 0.7160333 0.2715986 0.7269703 0.2719827 0.7269703 0.2828141 0.6958807 0.4614741 0.6966831 0.4506725 0.7065686 0.4506519 0.7065686 0.4613394 0.7230092 0.3723781 0.7342664 0.3720642 0.7342664 0.3824142 0.7231246 0.3817918 0.7379985 0.2728176 0.7379985 0.2839767 0.7279718 0.2833573 0.7272722 0.2726558 0.7096123 0.4609181 0.709415 0.4501956 0.7188061 0.449929 0.7188061 0.4610127 0.7067321 0.3944281 0.7069666 0.3833469 0.7172133 0.3828228 0.7172133 0.3940844 0.7237843 0.3466354 0.7347148 0.3462146 0.7347148 0.3568359 0.7238585 0.3558493 0.740238 0.4502655 0.740238 0.4611666 0.7309475 0.4609979 0.7304855 0.4498559 0.718878 0.4905992 0.7205862 0.4795792 0.7305573 0.482623 0.7280516 0.4927801 0.7017646 0.2967516 0.7019592 0.2862918 0.7121356 0.2858377 0.7121356 0.2967763</float_array>
          <technique_common>
            <accessor source="#Cube_008-mesh-map-0-array" count="408" stride="2">
              <param name="S" type="float"/>
              <param name="T" type="float"/>
            </accessor>
          </technique_common>
        </source>
        <vertices id="Cube_008-mesh-vertices">
          <input semantic="POSITION" source="#Cube_008-mesh-positions"/>
        </vertices>
        <polylist material="hiper-atlas-material" count="102">
          <input semantic="VERTEX" source="#Cube_008-mesh-vertices" offset="0"/>
          <input semantic="NORMAL" source="#Cube_008-mesh-normals" offset="1"/>
          <input semantic="TEXCOORD" source="#Cube_008-mesh-map-0" offset="2" set="0"/>
          <vcount>4 4 4 4 4 4 4 4 4 4 4 4 4 4 4 4 4 4 4 4 4 4 4 4 4 4 4 4 4 4 4 4 4 4 4 4 4 4 4 4 4 4 4 4 4 4 4 4 4 4 4 4 4 4 4 4 4 4 4 4 4 4 4 4 4 4 4 4 4 4 4 4 4 4 4 4 4 4 4 4 4 4 4 4 4 4 4 4 4 4 4 4 4 4 4 4 4 4 4 4 4 4 </vcount>
          <p>0 0 0 4 0 1 6 0 2 2 0 3 3 1 4 2 1 5 6 1 6 7 1 7 7 2 8 6 2 9 4 2 10 5 2 11 5 3 12 1 3 13 3 3 14 7 3 15 1 4 16 0 4 17 2 4 18 3 4 19 5 5 20 4 5 21 0 5 22 1 5 23 8 6 24 12 6 25 14 6 26 10 6 27 11 7 28 10 7 29 14 7 30 15 7 31 15 8 32 14 8 33 12 8 34 13 8 35 13 9 36 9 9 37 11 9 38 15 9 39 9 10 40 8 10 41 10 10 42 11 10 43 13 11 44 12 11 45 8 11 46 9 11 47 16 12 48 20 12 49 22 12 50 18 12 51 19 13 52 18 13 53 22 13 54 23 13 55 23 14 56 22 14 57 20 14 58 21 14 59 21 15 60 17 15 61 19 15 62 23 15 63 17 16 64 16 16 65 18 16 66 19 16 67 21 17 68 20 17 69 16 17 70 17 17 71 24 18 72 28 18 73 30 18 74 26 18 75 27 19 76 26 19 77 30 19 78 31 19 79 31 20 80 30 20 81 28 20 82 29 20 83 29 21 84 25 21 85 27 21 86 31 21 87 25 22 88 24 22 89 26 22 90 27 22 91 29 23 92 28 23 93 24 23 94 25 23 95 32 24 96 36 24 97 38 24 98 34 24 99 35 25 100 34 25 101 38 25 102 39 25 103 39 26 104 38 26 105 36 26 106 37 26 107 37 27 108 33 27 109 35 27 110 39 27 111 33 28 112 32 28 113 34 28 114 35 28 115 37 29 116 36 29 117 32 29 118 33 29 119 40 30 120 44 30 121 46 30 122 42 30 123 43 31 124 42 31 125 46 31 126 47 31 127 47 32 128 46 32 129 44 32 130 45 32 131 45 33 132 41 33 133 43 33 134 47 33 135 41 34 136 40 34 137 42 34 138 43 34 139 45 35 140 44 35 141 40 35 142 41 35 143 48 36 144 52 36 145 54 36 146 50 36 147 51 37 148 50 37 149 54 37 150 55 37 151 55 38 152 54 38 153 52 38 154 53 38 155 53 39 156 49 39 157 51 39 158 55 39 159 49 40 160 48 40 161 50 40 162 51 40 163 53 41 164 52 41 165 48 41 166 49 41 167 56 42 168 60 42 169 62 42 170 58 42 171 59 43 172 58 43 173 62 43 174 63 43 175 63 44 176 62 44 177 60 44 178 61 44 179 61 45 180 57 45 181 59 45 182 63 45 183 57 46 184 56 46 185 58 46 186 59 46 187 61 47 188 60 47 189 56 47 190 57 47 191 64 48 192 68 48 193 70 48 194 66 48 195 67 49 196 66 49 197 70 49 198 71 49 199 71 50 200 70 50 201 68 50 202 69 50 203 69 51 204 65 51 205 67 51 206 71 51 207 65 52 208 64 52 209 66 52 210 67 52 211 69 53 212 68 53 213 64 53 214 65 53 215 72 54 216 76 54 217 78 54 218 74 54 219 75 55 220 74 55 221 78 55 222 79 55 223 79 56 224 78 56 225 76 56 226 77 56 227 77 57 228 73 57 229 75 57 230 79 57 231 73 58 232 72 58 233 74 58 234 75 58 235 77 59 236 76 59 237 72 59 238 73 59 239 80 60 240 84 60 241 86 60 242 82 60 243 83 61 244 82 61 245 86 61 246 87 61 247 87 62 248 86 62 249 84 62 250 85 62 251 85 63 252 81 63 253 83 63 254 87 63 255 81 64 256 80 64 257 82 64 258 83 64 259 85 65 260 84 65 261 80 65 262 81 65 263 88 66 264 89 66 265 91 66 266 90 66 267 90 67 268 91 67 269 95 67 270 94 67 271 94 68 272 95 68 273 93 68 274 92 68 275 92 69 276 93 69 277 89 69 278 88 69 279 96 70 280 97 70 281 99 70 282 98 70 283 98 71 284 99 71 285 103 71 286 102 71 287 102 72 288 103 72 289 101 72 290 100 72 291 100 73 292 101 73 293 97 73 294 96 73 295 104 74 296 105 74 297 107 74 298 106 74 299 106 75 300 107 75 301 111 75 302 110 75 303 110 76 304 111 76 305 109 76 306 108 76 307 108 77 308 109 77 309 105 77 310 104 77 311 112 78 312 113 78 313 115 78 314 114 78 315 114 79 316 115 79 317 119 79 318 118 79 319 118 80 320 119 80 321 117 80 322 116 80 323 116 81 324 117 81 325 113 81 326 112 81 327 120 82 328 121 82 329 123 82 330 122 82 331 122 83 332 123 83 333 127 83 334 126 83 335 126 84 336 127 84 337 125 84 338 124 84 339 124 85 340 125 85 341 121 85 342 120 85 343 128 86 344 129 86 345 131 86 346 130 86 347 130 87 348 131 87 349 135 87 350 134 87 351 134 88 352 135 88 353 133 88 354 132 88 355 132 89 356 133 89 357 129 89 358 128 89 359 136 90 360 137 90 361 139 90 362 138 90 363 138 91 364 139 91 365 143 91 366 142 91 367 142 92 368 143 92 369 141 92 370 140 92 371 140 93 372 141 93 373 137 93 374 136 93 375 144 94 376 145 94 377 147 94 378 146 94 379 146 95 380 147 95 381 151 95 382 150 95 383 150 96 384 151 96 385 149 96 386 148 96 387 148 97 388 149 97 389 145 97 390 144 97 391 152 98 392 153 98 393 155 98 394 154 98 395 154 99 396 155 99 397 159 99 398 158 99 399 158 100 400 159 100 401 157 100 402 156 100 403 156 101 404 157 101 405 153 101 406 152 101 407</p>
        </polylist>
      </mesh>
    </geometry>
    <geometry id="Gabinete_001-mesh" name="Gabinete.001">
      <mesh>
        <source id="Gabinete_001-mesh-positions">
          <float_array id="Gabinete_001-mesh-positions-array" count="90">0.5163895 0.115 0.98 0.5009017 0.105 0 0.5163895 -0.125 0.98 0.5009017 -0.105 0 -0.515875 0.115 0.98 -0.5009017 0.105 0 -0.5009017 -0.105 0 0.5163895 0.115 0.1387434 -0.515875 -0.125 0.1387434 0.5163895 -0.125 0.1387434 -0.515875 0.115 0.1387434 0.5009017 0.105 0.1296156 0.5009017 -0.105 0.1296156 -0.5009017 0.105 0.1296156 -0.5009017 -0.105 0.1296156 -0.515875 -0.125 0.2453131 0.5163895 0.115 0.2453131 0.5163895 -0.125 0.2453131 -0.515875 0.115 0.2453131 2.57283e-4 -0.125 0.2453131 -0.515875 -0.125 0.98 2.57283e-4 -0.125 0.98 0.4816409 -0.1357303 0.9531598 0.01712191 -0.1357303 0.9531598 0.4816409 -0.1357303 0.2632113 0.01712191 -0.1357303 0.2632113 -0.4766553 -0.1357303 0.2632113 -0.4766553 -0.1357303 0.9531598 -0.01213634 -0.1357303 0.9531598 -0.01213634 -0.1357303 0.2632113</float_array>
          <technique_common>
            <accessor source="#Gabinete_001-mesh-positions-array" count="30" stride="3">
              <param name="X" type="float"/>
              <param name="Y" type="float"/>
              <param name="Z" type="float"/>
            </accessor>
          </technique_common>
        </source>
        <source id="Gabinete_001-mesh-normals">
          <float_array id="Gabinete_001-mesh-normals-array" count="54">-1 0 0 0 -1 0 1 0 0 0 1 0 0 0 -1 0.5077384 0 -0.8615114 -0.5205159 0 -0.853852 0 0.6741657 -0.7385802 0 -0.4151952 -0.9097324 0 0 1 0 -0.8576729 -0.5141957 -0.5368167 -0.8436989 0 0 -0.9285448 0.3712203 0 -0.8576732 -0.5141952 0.295053 -0.9554809 0 0.6545559 -0.7560137 0 -0.2638981 -0.9645506 0 0 -0.9285447 0.3712208</float_array>
          <technique_common>
            <accessor source="#Gabinete_001-mesh-normals-array" count="18" stride="3">
              <param name="X" type="float"/>
              <param name="Y" type="float"/>
              <param name="Z" type="float"/>
            </accessor>
          </technique_common>
        </source>
        <source id="Gabinete_001-mesh-map-0">
          <float_array id="Gabinete_001-mesh-map-0-array" count="220">0.7097458 0.08053523 0.7097459 0.008874654 0.7331552 0.008874654 0.7331552 0.08053523 0.7321935 0.1822655 0.7321935 0.1245394 0.7441127 0.1245394 0.7441127 0.2399914 0.7321935 0.2399914 0.5677096 0.2109069 0.5677096 0.1204837 0.5972481 0.1204837 0.5972481 0.2109069 0.6265114 0.1235253 0.6407887 0.1235241 0.6407977 0.233874 0.6265204 0.2338751 0.5280286 0.1279773 0.5280286 0.2400225 0.5045414 0.2400225 0.5045414 0.1279773 0.5689404 0.2262358 0.5677096 0.2240232 0.5972481 0.2240232 0.5947865 0.2262358 0.7116966 0.09264039 0.7097458 0.09092992 0.7331552 0.09092992 0.7321798 0.09264039 0.6407887 0.1235241 0.6427616 0.1213604 0.6427616 0.2355949 0.6407977 0.233874 0.6190638 0.1175528 0.6215226 0.1156288 0.6215226 0.2438623 0.6190639 0.2420023 0.7116966 0.105283 0.7116966 0.09264039 0.7321798 0.09264039 0.7321798 0.105283 0.5689404 0.2421885 0.5689404 0.2262358 0.5947865 0.2262358 0.5947865 0.2421885 0.6045671 0.1175528 0.6190638 0.1175528 0.6190639 0.2420023 0.6045672 0.2420023 0.5344343 0.2430296 0.5344343 0.1275774 0.5612768 0.1275774 0.5612768 0.1853035 0.5612768 0.2430296 0.6336213 0.0134086 0.6336213 0.1064258 0.5029285 0.1064257 0.5029285 0.01340866 0.5677096 0.2240232 0.5677096 0.2109069 0.5972481 0.2109069 0.5972481 0.2240232 0.7097458 0.09092992 0.7097458 0.08053523 0.7331552 0.08053523 0.7331552 0.09092992 0.6336213 0.0134086 0.5029285 0.01340866 0.5029285 -8.38675e-5 0.6336213 -8.39382e-5 0.7023839 0.0935688 0.6422814 0.09356886 0.6437246 0.09113878 0.6978169 0.09113878 0.7205742 0.1196801 0.7205742 0.2083537 0.7181616 0.2061935 0.7181616 0.1229194 0.662096 0.2061935 0.662096 0.1229194 0.7181616 0.1229194 0.7181616 0.2061935 0.657902 0.1194306 0.7201971 0.1194307 0.7181616 0.1229194 0.662096 0.1229194 0.7201971 0.2087122 0.657902 0.2087122 0.662096 0.2061935 0.7181616 0.2061935 0.6577066 0.2083537 0.6577066 0.1196799 0.662096 0.1229194 0.662096 0.2061935 0.6437246 0.09113878 0.6437246 0.01079571 0.6978169 0.01079565 0.6978169 0.09113878 0.6418157 0.09322285 0.6418157 0.007670402 0.6437246 0.01079571 0.6437246 0.09113878 0.7025519 0.007670164 0.7025519 0.09322297 0.6978169 0.09113878 0.6978169 0.01079565 0.6422814 0.007429718 0.7023839 0.007429659 0.6978169 0.01079565 0.6437246 0.01079571</float_array>
          <technique_common>
            <accessor source="#Gabinete_001-mesh-map-0-array" count="110" stride="2">
              <param name="S" type="float"/>
              <param name="T" type="float"/>
            </accessor>
          </technique_common>
        </source>
        <vertices id="Gabinete_001-mesh-vertices">
          <input semantic="POSITION" source="#Gabinete_001-mesh-positions"/>
        </vertices>
        <polylist material="hiper-atlas-material" count="27">
          <input semantic="VERTEX" source="#Gabinete_001-mesh-vertices" offset="0"/>
          <input semantic="NORMAL" source="#Gabinete_001-mesh-normals" offset="1"/>
          <input semantic="TEXCOORD" source="#Gabinete_001-mesh-map-0" offset="2" set="0"/>
          <vcount>4 5 4 4 4 4 4 4 4 4 4 4 5 4 4 4 4 4 4 4 4 4 4 4 4 4 4 </vcount>
          <p>15 0 0 20 0 1 4 0 2 18 0 3 19 1 4 15 1 5 8 1 6 9 1 7 17 1 8 16 2 9 0 2 10 2 2 11 17 2 12 5 3 13 13 3 14 11 3 15 1 3 16 5 4 17 1 4 18 3 4 19 6 4 20 11 5 21 7 5 22 9 5 23 12 5 24 14 6 25 8 6 26 10 6 27 13 6 28 13 7 29 10 7 30 7 7 31 11 7 32 12 8 33 9 8 34 8 8 35 14 8 36 6 0 37 14 0 38 13 0 39 5 0 40 1 2 41 11 2 42 12 2 43 3 2 44 3 1 45 12 1 46 14 1 47 6 1 48 0 9 49 4 9 50 20 9 51 21 9 52 2 9 53 18 3 54 4 3 55 0 3 56 16 3 57 7 2 58 16 2 59 17 2 60 9 2 61 8 0 62 15 0 63 18 0 64 10 0 65 18 3 66 16 3 67 7 3 68 10 3 69 15 10 70 19 10 71 29 10 72 26 10 73 21 11 74 19 11 75 25 11 76 23 11 77 24 1 78 22 1 79 23 1 80 25 1 81 2 12 82 21 12 83 23 12 84 22 12 85 19 13 86 17 13 87 24 13 88 25 13 89 17 14 90 2 14 91 22 14 92 24 14 93 29 1 94 28 1 95 27 1 96 26 1 97 19 15 98 21 15 99 28 15 100 29 15 101 20 16 102 15 16 103 26 16 104 27 16 105 21 17 106 20 17 107 27 17 108 28 17 109</p>
        </polylist>
      </mesh>
    </geometry>
    <geometry id="Cube_009-mesh" name="Cube.009">
      <mesh>
        <source id="Cube_009-mesh-positions">
          <float_array id="Cube_009-mesh-positions-array" count="144">0.3394168 0.2528898 1.750328 0.3394168 0.2528898 0.05324381 0.3394168 -0.2562353 1.750328 0.3394168 -0.2562353 0.05324381 -0.3394168 0.2528898 1.750328 -0.3394168 0.2528898 0.05324381 -0.3394168 -0.2562353 1.750328 -0.3394168 -0.2562353 0.05324381 0 -0.2562353 0.05324381 0 -0.2562353 1.750328 0.3224459 -0.2562353 1.712417 0.3224459 -0.2562353 0.09115481 0.01697081 -0.2562353 0.09115481 0.01697081 -0.2562353 1.712417 -0.3224459 -0.2562353 0.09115481 -0.3224459 -0.2562353 1.712417 -0.01697087 -0.2562353 1.712417 -0.01697087 -0.2562353 0.09115481 -0.3394168 0.2528898 0 0.3394168 0.2528898 0 0.3394168 -0.2562353 0 -0.3394168 -0.2562353 0 0.3394168 0.2528898 0.9017857 -0.3394168 -0.2562353 0.9017857 0.3394168 -0.2562353 0.9017857 -0.3394168 0.2528898 0.9017857 0 -0.2562353 0.9017857 0.3224459 -0.2562353 0.9017857 0.01697081 -0.2562353 0.9017857 -0.3224459 -0.2562353 0.9017857 -0.01697087 -0.2562353 0.9017857 -0.3394168 -0.172739 0 -0.3394168 -0.128954 0.05324381 -0.3394168 0.1256085 0.05324381 -0.3394168 0.1760847 0 0.3394168 0.1760847 0 -0.2545626 0.2528898 0.05324381 -0.294336 0.2528898 0 0.2545626 0.2528898 0.05324381 0.2896561 0.2528898 0 0.3394168 0.1256085 0.05324381 0.3394168 -0.172739 0 0.3394168 -0.128954 0.05324381 -0.2545626 -0.2562353 0.05324381 0 -0.2562353 0.05324381 0.2545626 -0.2562353 0.05324381 0.2896561 -0.2562353 0 -0.294336 -0.2562353 0</float_array>
          <technique_common>
            <accessor source="#Cube_009-mesh-positions-array" count="48" stride="3">
              <param name="X" type="float"/>
              <param name="Y" type="float"/>
              <param name="Z" type="float"/>
            </accessor>
          </technique_common>
        </source>
        <source id="Cube_009-mesh-normals">
          <float_array id="Cube_009-mesh-normals-array" count="30">0 0 1 -1 0 0 1 0 0 0 1 0 0 -1 0 0 0 1 0 1 -2.59877e-7 -1 0 0 -1 0 0 0 1 -2.69237e-7</float_array>
          <technique_common>
            <accessor source="#Cube_009-mesh-normals-array" count="10" stride="3">
              <param name="X" type="float"/>
              <param name="Y" type="float"/>
              <param name="Z" type="float"/>
            </accessor>
          </technique_common>
        </source>
        <source id="Cube_009-mesh-map-0">
          <float_array id="Cube_009-mesh-map-0-array" count="288">0.9763002 0.2242709 0.9160924 0.2218939 0.9178752 0.176738 0.9479791 0.1779265 0.9780831 0.179115 0.9053966 0.09685945 0.903243 0.1724057 0.8579152 0.1711135 0.8600689 0.09556728 0.9066703 0.0926339 0.9073457 0.014602 0.9541649 0.01500713 0.9534896 0.09303909 0.8190887 0.0935409 0.8218984 0.1764202 0.7571452 0.1766139 0.7554982 0.09489732 0.9798204 0 0.9798204 0.05232262 0.9739763 0.04970645 0.9739763 0.002616107 0.9865876 0 0.9865876 0.05232256 0.9807434 0.04970645 0.9807434 0.002616107 0.8307468 0.2074169 0.7509997 0.2071477 0.7506152 0.1784647 0.8304007 0.1790414 0.9315412 0.09162354 0.9315412 0.1622709 0.929168 0.1591793 0.929149 0.09277069 0.9941559 0.05232262 0.9941559 0 1 0.002616107 1 0.04970651 0.9291487 0.09162354 0.9291688 0.02097624 0.9315412 0.02406847 0.9315412 0.09047704 0.8248202 0.09070283 0.8255892 0.01083403 0.854512 0.009296059 0.8535892 0.09097194 0.9872782 0.05232262 0.9872781 0 0.9931223 0.002616107 0.9931223 0.04970651 0.9315412 0.09162354 0.9315412 0.1622709 0.9291679 0.1591793 0.929149 0.09277069 0.9291487 0.09162354 0.9291286 0.1622709 0.9267563 0.1591786 0.9267563 0.09277004 0.9553443 0.1676825 0.9553443 0.15987 0.9553443 0.1129953 0.9553443 0.1051828 0.9665083 0.1051828 0.9888361 0.1051828 1 0.1051828 1 0.1129953 1 0.1364327 1 0.15987 1 0.1676825 0.9888361 0.1676825 0.9665083 0.1676825 0.8652791 0.221033 0.8652791 0.214793 0.8711109 0.214793 0.8752238 0.221033 0.8603068 0.2272831 0.8603068 0.221043 0.8700923 0.221043 0.8752238 0.2272831 0.8652791 0.227293 0.8652791 0.2335331 0.8562778 0.233533 0.8503621 0.227293 0.9291688 0.02097624 0.9291487 0.09162354 0.9267563 0.09277004 0.9267563 0.0263614 0.9315412 0.02097624 0.9315412 0.09162354 0.929149 0.09277069 0.9291302 0.02636212 0.8240512 0.1705715 0.8248202 0.09070283 0.8535892 0.09097194 0.8526664 0.1726478 0.9291286 0.1622709 0.9291487 0.09162354 0.9315412 0.09047704 0.9315412 0.1568857 0.9315412 0.02097624 0.9315412 0.09162354 0.929149 0.09277069 0.9291302 0.02636212 0.9104939 0.2076861 0.8307468 0.2074169 0.8304007 0.1790414 0.9101862 0.1796182 0.8162789 0.01066166 0.8190887 0.0935409 0.7554982 0.09489732 0.7538511 0.01318073 0.7616546 0.0128659 0.8084755 0.01097655 0.9059951 0.1706659 0.9066703 0.0926339 0.9534896 0.09303909 0.9528142 0.1710711 0.9411094 0.1709697 0.9176998 0.1707671 0.9075503 0.02131319 0.9053966 0.09685945 0.8600689 0.09556728 0.8622226 0.02002096 0.8735545 0.02034401 0.8962183 0.02099013 0.8503621 0.221033 0.8562778 0.214793 0.8652791 0.214793 0.8652791 0.221033 0.8752238 0.208543 0.8700923 0.2147831 0.8603068 0.2147831 0.8603068 0.208543 0.8752238 0.227293 0.8705624 0.2335331 0.8652791 0.2335331 0.8652791 0.227293 0.8550235 0.2147831 0.8503621 0.208543 0.8603068 0.208543 0.8603068 0.2147831 0.8603068 0.221043 0.8603068 0.2272831 0.8503621 0.2272831 0.854475 0.221043</float_array>
          <technique_common>
            <accessor source="#Cube_009-mesh-map-0-array" count="144" stride="2">
              <param name="S" type="float"/>
              <param name="T" type="float"/>
            </accessor>
          </technique_common>
        </source>
        <vertices id="Cube_009-mesh-vertices">
          <input semantic="POSITION" source="#Cube_009-mesh-positions"/>
        </vertices>
        <polylist material="hiper-atlas-material" count="32">
          <input semantic="VERTEX" source="#Cube_009-mesh-vertices" offset="0"/>
          <input semantic="NORMAL" source="#Cube_009-mesh-normals" offset="1"/>
          <input semantic="TEXCOORD" source="#Cube_009-mesh-map-0" offset="2" set="0"/>
          <vcount>5 4 4 4 4 4 4 4 4 4 4 4 4 4 13 4 4 4 4 4 4 4 4 4 6 6 6 4 4 4 4 4 </vcount>
          <p>0 0 0 4 0 1 6 0 2 9 0 3 2 0 4 23 1 5 6 1 6 4 1 7 25 1 8 22 2 9 0 2 10 2 2 11 24 2 12 25 3 13 4 3 14 0 3 15 22 3 16 7 4 17 8 4 18 17 4 19 14 4 20 8 4 21 3 4 22 11 4 23 12 4 24 27 4 25 10 4 26 13 4 27 28 4 28 24 4 29 2 4 30 10 4 31 27 4 32 2 4 33 9 4 34 13 4 35 10 4 36 26 4 37 8 4 38 12 4 39 28 4 40 30 4 41 16 4 42 15 4 43 29 4 44 9 4 45 6 4 46 15 4 47 16 4 48 23 4 49 7 4 50 14 4 51 29 4 52 26 4 53 9 4 54 16 4 55 30 4 56 1 5 57 38 5 58 36 5 59 5 5 60 33 5 61 32 5 62 7 5 63 43 5 64 44 5 65 45 5 66 3 5 67 42 5 68 40 5 69 1 6 70 19 6 71 39 6 72 38 6 73 3 2 74 20 2 75 41 2 76 42 2 77 5 7 78 18 7 79 34 7 80 33 7 81 8 4 82 26 4 83 30 4 84 17 4 85 6 4 86 23 4 87 29 4 88 15 4 89 17 4 90 30 4 91 29 4 92 14 4 93 9 4 94 26 4 95 28 4 96 13 4 97 3 4 98 24 4 99 27 4 100 11 4 101 11 4 102 27 4 103 28 4 104 12 4 105 5 3 106 25 3 107 22 3 108 1 3 109 38 3 110 36 3 111 1 2 112 22 2 113 24 2 114 3 2 115 42 2 116 40 2 117 7 8 118 23 8 119 25 8 120 5 8 121 33 8 122 32 8 123 40 2 124 35 2 125 19 2 126 1 2 127 32 7 128 31 7 129 21 7 130 7 7 131 36 9 132 37 9 133 18 9 134 5 9 135 47 4 136 43 4 137 7 4 138 21 4 139 20 4 140 3 4 141 45 4 142 46 4 143</p>
        </polylist>
      </mesh>
    </geometry>
    <geometry id="junta-canaleta-mesh" name="junta-canaleta">
      <mesh>
        <source id="junta-canaleta-mesh-positions">
          <float_array id="junta-canaleta-mesh-positions-array" count="96">-0.006987214 0.04228067 0.05000001 -0.006987214 0.04999995 0.04228067 -0.006987214 0.04999995 -0.04228067 -0.006987214 0.04228067 -0.05000001 -0.006987214 -0.05000001 0.04228067 -0.006987214 -0.04228073 0.05000001 -0.006987214 -0.04228073 -0.05000001 -0.006987214 -0.05000001 -0.04228067 0.006987929 0.04228067 0.05000001 0.006987929 0.04999995 0.04228067 0.006987929 0.04999995 -0.04228067 0.006987929 0.04228067 -0.05000001 0.006987929 -0.05000001 0.04228067 0.006987929 -0.04228073 0.05000001 0.006987929 -0.04228073 -0.05000001 0.006987929 -0.05000001 -0.04228067 -0.006987214 0.05567044 -0.04707574 -0.006987214 0.04707568 -0.05567049 -0.006987214 -0.05567049 0.04707574 -0.006987214 -0.04707574 0.05567049 -0.006987214 -0.04707574 -0.05567049 -0.006987214 -0.05567049 -0.04707574 -0.006987214 0.04707568 0.05567049 -0.006987214 0.05567044 0.04707574 0.006987929 0.05567044 -0.04707574 0.006987929 0.04707568 -0.05567049 0.006987929 -0.05567049 0.04707574 0.006987929 -0.04707574 0.05567049 0.006987929 -0.04707574 -0.05567049 0.006987929 -0.05567049 -0.04707574 0.006987929 0.04707568 0.05567049 0.006987929 0.05567044 0.04707574</float_array>
          <technique_common>
            <accessor source="#junta-canaleta-mesh-positions-array" count="32" stride="3">
              <param name="X" type="float"/>
              <param name="Y" type="float"/>
              <param name="Z" type="float"/>
            </accessor>
          </technique_common>
        </source>
        <source id="junta-canaleta-mesh-normals">
          <float_array id="junta-canaleta-mesh-normals-array" count="60">0 1 0 0 0 -1 0 -0.7071071 -0.7071066 0 0.7071071 -0.7071066 0 0 1 0 -1 0 0 0.7071071 0.7071066 0 -0.7071071 0.7071066 0 0.7071074 0.7071063 0 -0.7071072 0.7071064 0 -0.7071072 -0.7071064 0 0.7071074 -0.7071063 -1 0 0 1 0 0 1 0 0 1 0 0 -1 0 0 -1 0 0 1 0 0 1 0 0</float_array>
          <technique_common>
            <accessor source="#junta-canaleta-mesh-normals-array" count="20" stride="3">
              <param name="X" type="float"/>
              <param name="Y" type="float"/>
              <param name="Z" type="float"/>
            </accessor>
          </technique_common>
        </source>
        <source id="junta-canaleta-mesh-map-0">
          <float_array id="junta-canaleta-mesh-map-0-array" count="256">0.1634615 0.3311874 0.1659415 0.3312498 0.1646777 0.3470622 0.162019 0.3468489 0.1620952 0.3864942 0.164739 0.3861791 0.1660286 0.4016651 0.1639594 0.4018605 0.162064 0.3842861 0.1647295 0.3841845 0.164739 0.3861791 0.1620952 0.3864942 0.1640591 0.3294655 0.1657015 0.3296605 0.1659415 0.3312498 0.1634615 0.3311874 0.1617877 0.3490779 0.1644062 0.349089 0.1641215 0.3662062 0.1615997 0.3661532 0.1613972 0.3683986 0.1640918 0.3682237 0.1647295 0.3841845 0.162064 0.3842861 0.162019 0.3468489 0.1646777 0.3470622 0.1644062 0.349089 0.1617877 0.3490779 0.1615997 0.3661532 0.1641215 0.3662062 0.1640918 0.3682237 0.1613972 0.3683986 0.1625191 0.3306176 0.160852 0.3470447 0.1584611 0.3466671 0.1601253 0.3302958 0.1608967 0.3861904 0.1629396 0.4029439 0.160458 0.4031962 0.1587576 0.3864781 0.1609355 0.3846305 0.1608967 0.3861904 0.1587576 0.3864781 0.1586722 0.3845987 0.1630359 0.3289229 0.1625191 0.3306176 0.1601253 0.3302958 0.1606658 0.3282014 0.1606398 0.3486378 0.1602936 0.3665065 0.1578864 0.3664578 0.1582436 0.3486807 0.160394 0.3680968 0.1609355 0.3846305 0.1586722 0.3845987 0.1580265 0.3684317 0.160852 0.3470447 0.1606398 0.3486378 0.1582436 0.3486807 0.1584611 0.3466671 0.1602936 0.3665065 0.160394 0.3680968 0.1580265 0.3684317 0.1578864 0.3664578 0.1634615 0.3311874 0.162019 0.3468489 0.160852 0.3470447 0.1625191 0.3306176 0.1615997 0.3661532 0.1613972 0.3683986 0.160394 0.3680968 0.1602936 0.3665065 0.1646777 0.3470622 0.1659415 0.3312498 0.1669799 0.3308451 0.1655966 0.3474776 0.1640918 0.3682237 0.1641215 0.3662062 0.165196 0.3666892 0.1650983 0.3678954 0.1640591 0.3294655 0.1634615 0.3311874 0.1625191 0.3306176 0.1630359 0.3289229 0.1659415 0.3312498 0.1657015 0.3296605 0.1665929 0.3293487 0.1669799 0.3308451 0.162019 0.3468489 0.1617877 0.3490779 0.1606398 0.3486378 0.160852 0.3470447 0.1644062 0.349089 0.1646777 0.3470622 0.1655966 0.3474776 0.1655841 0.3486905 0.162064 0.3842861 0.1620952 0.3864942 0.1608967 0.3861904 0.1609355 0.3846305 0.164739 0.3861791 0.1647295 0.3841845 0.1656794 0.3844817 0.1658117 0.385681 0.1613972 0.3683986 0.162064 0.3842861 0.1609355 0.3846305 0.160394 0.3680968 0.1647295 0.3841845 0.1640918 0.3682237 0.1650983 0.3678954 0.1656794 0.3844817 0.1620952 0.3864942 0.1639594 0.4018605 0.1629396 0.4029439 0.1608967 0.3861904 0.1660286 0.4016651 0.164739 0.3861791 0.1658117 0.385681 0.1669799 0.4023573 0.1617877 0.3490779 0.1615997 0.3661532 0.1602936 0.3665065 0.1606398 0.3486378 0.1641215 0.3662062 0.1644062 0.349089 0.1655841 0.3486905 0.165196 0.3666892</float_array>
          <technique_common>
            <accessor source="#junta-canaleta-mesh-map-0-array" count="128" stride="2">
              <param name="S" type="float"/>
              <param name="T" type="float"/>
            </accessor>
          </technique_common>
        </source>
        <vertices id="junta-canaleta-mesh-vertices">
          <input semantic="POSITION" source="#junta-canaleta-mesh-positions"/>
        </vertices>
        <polylist material="hiper-atlas-material" count="32">
          <input semantic="VERTEX" source="#junta-canaleta-mesh-vertices" offset="0"/>
          <input semantic="NORMAL" source="#junta-canaleta-mesh-normals" offset="1"/>
          <input semantic="TEXCOORD" source="#junta-canaleta-mesh-map-0" offset="2" set="0"/>
          <vcount>4 4 4 4 4 4 4 4 4 4 4 4 4 4 4 4 4 4 4 4 4 4 4 4 4 4 4 4 4 4 4 4 </vcount>
          <p>4 0 0 12 0 1 15 0 2 7 0 3 0 1 4 8 1 5 13 1 6 5 1 7 1 2 8 9 2 9 8 2 10 0 2 11 5 3 12 13 3 13 12 3 14 4 3 15 6 4 16 14 4 17 11 4 18 3 4 19 2 5 20 10 5 21 9 5 22 1 5 23 7 6 24 15 6 25 14 6 26 6 6 27 3 7 28 11 7 29 10 7 30 2 7 31 18 5 32 21 5 33 29 5 34 26 5 35 22 4 36 19 4 37 27 4 38 30 4 39 23 8 40 22 8 41 30 8 42 31 8 43 19 9 44 18 9 45 26 9 46 27 9 47 20 1 48 17 1 49 25 1 50 28 1 51 16 0 52 23 0 53 31 0 54 24 0 55 21 10 56 20 10 57 28 10 58 29 10 59 17 11 60 16 11 61 24 11 62 25 11 63 4 12 64 7 12 65 21 12 66 18 12 67 3 12 68 2 12 69 16 12 70 17 12 71 15 13 72 12 13 73 26 13 74 29 13 75 10 14 76 11 14 77 25 14 78 24 14 79 5 12 80 4 12 81 18 12 82 19 12 83 12 15 84 13 15 85 27 15 86 26 15 87 7 16 88 6 16 89 20 16 90 21 16 91 14 15 92 15 15 93 29 15 94 28 15 95 1 17 96 0 17 97 22 17 98 23 17 99 8 14 100 9 14 101 31 14 102 30 14 103 2 12 104 1 12 105 23 12 106 16 12 107 9 18 108 10 18 109 24 18 110 31 18 111 0 12 112 5 12 113 19 12 114 22 12 115 13 19 116 8 19 117 30 19 118 27 19 119 6 12 120 3 12 121 17 12 122 20 12 123 11 19 124 14 19 125 28 19 126 25 19 127</p>
        </polylist>
      </mesh>
    </geometry>
    <geometry id="escalera-hierro-mesh" name="escalera-hierro">
      <mesh>
        <source id="escalera-hierro-mesh-positions">
          <float_array id="escalera-hierro-mesh-positions-array" count="1188">-0.007356047 -0.506509 -0.2342973 -0.003141403 -0.5188791 -0.2269342 0.003656923 -0.5300401 -0.2342973 0.006240606 -0.528831 -0.2490236 0.002025961 -0.5164608 -0.2563867 -0.004772365 -0.5052998 -0.2490236 0.03462541 -0.4868654 -0.2253098 0.0388267 -0.4992418 -0.2179495 0.04562664 -0.510402 -0.2253123 0.04822528 -0.5091859 -0.2400353 0.04402399 -0.4968095 -0.2473956 0.03722405 -0.4856492 -0.2400329 0.06155449 -0.4742932 -0.2194895 0.065719 -0.4866868 -0.2121372 0.07252341 -0.4978449 -0.2194991 0.0751633 -0.4966095 -0.2342131 0.07099878 -0.484216 -0.2415654 0.06419438 -0.4730578 -0.2342036 0.08507865 -0.4633678 -0.2142933 0.08920061 -0.4757812 -0.2069504 0.09601014 -0.4869369 -0.2143111 0.09869772 -0.4856793 -0.2290146 0.09457576 -0.473266 -0.2363576 0.08776623 -0.4621103 -0.2289969 0.1173349 -0.4484339 -0.2070949 0.1222364 -0.4604797 -0.19962 0.1285601 -0.4718645 -0.2070629 0.1299822 -0.4712035 -0.2219806 0.1250807 -0.4591578 -0.2294555 0.118757 -0.4477729 -0.2220126 0.3244644 -0.3458021 -0.2050079 0.3301551 -0.3574637 -0.197483 0.3359838 -0.3690895 -0.2049573 0.3361218 -0.3690539 -0.2199566 0.3304312 -0.3573923 -0.2274816 0.3246025 -0.3457664 -0.2200073 0.7425415 -0.1393369 -0.2004857 0.7482108 -0.151009 -0.1929609 0.7540221 -0.1626434 -0.2004355 0.754164 -0.1626058 -0.2154347 0.7484947 -0.1509338 -0.2229595 0.7426835 -0.1392993 -0.215485 1.169993 0.0707044 -0.195963 1.175611 0.05900764 -0.1884387 1.18136 0.04734253 -0.1959139 1.18149 0.04737412 -0.2109133 1.175871 0.05907082 -0.2184376 1.170122 0.07073593 -0.2109624 1.406299 0.1844392 -0.1938961 1.410304 0.1720896 -0.1863828 1.414367 0.1597427 -0.1938692 1.414425 0.1597455 -0.2088692 1.41042 0.172095 -0.2163826 1.406358 0.1844419 -0.2088961 1.489144 0.1998454 -0.1939318 1.491488 0.1870748 -0.1864208 1.493821 0.1742891 -0.1939098 1.493809 0.174274 -0.2089098 1.491464 0.1870446 -0.2164208 1.489132 0.1998302 -0.2089318 1.544898 0.2099658 -0.1940158 1.547193 0.1971862 -0.1865047 1.549468 0.1843901 -0.1939936 1.549449 0.1843736 -0.2089936 1.547154 0.1971532 -0.2165046 1.544878 0.2099493 -0.2090157 1.60102 0.2198358 -0.1940997 1.603258 0.2070462 -0.1865885 1.605484 0.1942414 -0.1940774 1.605472 0.1942262 -0.2090774 1.603234 0.2070159 -0.2165885 1.601008 0.2198207 -0.2090997 1.683276 0.23406 -0.1941378 1.685485 0.2212653 -0.1866266 1.687695 0.2084578 -0.1941155 1.687698 0.2084451 -0.2091155 1.685489 0.2212399 -0.2166267 1.683279 0.2340473 -0.2091378 0.001014947 0.5265696 -0.224664 -0.00346744 0.5188678 -0.2201263 -0.003924727 0.5099684 -0.224664 1.00493e-4 0.5087707 -0.2337395 0.004582881 0.5164724 -0.2382772 0.005040168 0.5253719 -0.2337395 0.0338999 0.5167354 -0.2088167 0.02958476 0.5089855 -0.2041996 0.02919781 0.5000658 -0.2087039 0.03312611 0.498896 -0.2178254 0.03744113 0.506646 -0.2224425 0.03782808 0.5155657 -0.2179382 0.06194162 0.5094668 -0.1961627 0.05800247 0.5016201 -0.1913759 0.05781209 0.4926499 -0.1957916 0.06156075 0.4915263 -0.204994 0.0654999 0.499373 -0.2097808 0.06569027 0.5083433 -0.2053651 0.1108639 0.4990228 -0.1756371 0.107912 0.4909448 -0.1705349 0.1068571 0.4821771 -0.1752268 0.1087542 0.4814873 -0.1850209 0.1117061 0.4895653 -0.1901232 0.112761 0.498333 -0.1854313 0.4026208 0.425792 -0.1717176 0.4004722 0.4175198 -0.1665259 0.3984031 0.4089973 -0.1713308 0.3984826 0.4087471 -0.1813274 0.4006312 0.4170193 -0.186519 0.4027003 0.4255418 -0.1817142 0.8996129 0.3012532 -0.1640784 0.8974623 0.2929815 -0.1588867 0.8954202 0.2844523 -0.1636911 0.8955286 0.2841948 -0.1736872 0.8976792 0.2924666 -0.1788789 0.8997213 0.3009958 -0.1740744 1.203154 0.2260432 -0.1582679 1.200534 0.2179037 -0.1530826 1.197938 0.2095307 -0.1578945 1.197962 0.2092971 -0.1678918 1.200582 0.2174365 -0.1730771 1.203177 0.2258096 -0.1682651 1.250282 0.2075645 -0.1582548 1.245328 0.2005866 -0.1530818 1.240257 0.1934449 -0.1579068 1.24014 0.1932811 -0.1679048 1.245095 0.2002589 -0.1730778 1.250166 0.2074006 -0.1682528 1.2826 0.1698958 -0.1582548 1.275571 0.1650141 -0.1530818 1.268377 0.1600177 -0.1579068 1.268212 0.1599031 -0.1679048 1.275241 0.1647849 -0.1730778 1.282436 0.1697812 -0.1682528 1.324132 0.0956549 -0.1582548 1.316648 0.09150332 -0.1530818 1.308989 0.08725428 -0.1579068 1.308813 0.08715683 -0.1679048 1.316297 0.09130841 -0.1730778 1.323956 0.09555745 -0.1682528 0.001015007 0.5265696 0.2246641 -0.00346744 0.5188678 0.2201264 -0.003924667 0.5099684 0.2246641 1.00553e-4 0.5087707 0.2337395 0.004582941 0.5164724 0.2382773 0.005040168 0.5253719 0.2337395 0.0338999 0.5167355 0.2088167 0.02958482 0.5089855 0.2041996 0.02919787 0.5000658 0.2087039 0.03312611 0.4988961 0.2178254 0.03744119 0.506646 0.2224425 0.03782808 0.5155657 0.2179382 0.06194162 0.5094668 0.1961627 0.05800253 0.5016201 0.1913759 0.05781215 0.4926499 0.1957916 0.0615608 0.4915263 0.204994 0.0654999 0.499373 0.2097808 0.06569027 0.5083433 0.2053651 0.1108639 0.4990229 0.1756371 0.107912 0.4909449 0.1705349 0.1068572 0.4821772 0.1752268 0.1087542 0.4814875 0.185021 0.1117061 0.4895654 0.1901232 0.112761 0.4983332 0.1854313 0.4026208 0.425792 0.1717177 0.4004722 0.4175198 0.166526 0.3984031 0.4089974 0.1713308 0.3984826 0.4087471 0.1813274 0.4006312 0.4170194 0.186519 0.4027003 0.4255418 0.1817142 0.8996129 0.3012533 0.1640784 0.8974624 0.2929815 0.1588867 0.8954202 0.2844523 0.1636912 0.8955287 0.2841949 0.1736873 0.8976792 0.2924667 0.1788789 0.8997213 0.3009958 0.1740745 1.203154 0.2260432 0.1582679 1.200534 0.2179037 0.1530826 1.197938 0.2095307 0.1578946 1.197962 0.2092971 0.1678918 1.200582 0.2174366 0.1730771 1.203177 0.2258096 0.1682651 1.250282 0.2075645 0.1582549 1.245328 0.2005866 0.1530818 1.240257 0.193445 0.1579068 1.24014 0.1932811 0.1679048 1.245095 0.200259 0.1730778 1.250166 0.2074007 0.1682528 1.2826 0.1698959 0.1582549 1.275571 0.1650142 0.1530818 1.268377 0.1600178 0.1579068 1.268212 0.1599032 0.1679048 1.275241 0.1647849 0.1730778 1.282436 0.1697813 0.1682528 1.324132 0.09565496 0.1582549 1.316648 0.09150338 0.1530818 1.308989 0.08725434 0.1579068 1.308813 0.08715689 0.1679048 1.316297 0.09130847 0.1730778 1.323956 0.09555751 0.1682528 -0.007356047 -0.5065089 0.2342973 -0.003141403 -0.5188791 0.2269341 0.003656923 -0.53004 0.2342973 0.006240606 -0.5288308 0.2490235 0.002025961 -0.5164607 0.2563867 -0.004772365 -0.5052997 0.2490236 0.03462541 -0.4868654 0.2253097 0.0388267 -0.4992417 0.2179495 0.04562664 -0.510402 0.2253122 0.04822528 -0.5091858 0.2400353 0.04402399 -0.4968094 0.2473956 0.03722405 -0.4856492 0.2400328 0.06155449 -0.4742932 0.2194895 0.065719 -0.4866868 0.2121372 0.07252341 -0.4978449 0.219499 0.0751633 -0.4966095 0.2342131 0.07099878 -0.4842159 0.2415654 0.06419438 -0.4730578 0.2342036 0.08507865 -0.4633678 0.2142933 0.08920061 -0.4757811 0.2069504 0.09601014 -0.4869368 0.214311 0.09869772 -0.4856793 0.2290146 0.09457576 -0.4732659 0.2363575 0.08776623 -0.4621102 0.2289969 0.1173349 -0.4484338 0.2070948 0.1222364 -0.4604796 0.19962 0.1285601 -0.4718644 0.2070629 0.1299822 -0.4712035 0.2219806 0.1250807 -0.4591577 0.2294555 0.118757 -0.4477728 0.2220126 0.3244644 -0.345802 0.2050079 0.3301551 -0.3574635 0.197483 0.3359838 -0.3690894 0.2049573 0.3361218 -0.3690537 0.2199566 0.3304312 -0.3573922 0.2274816 0.3246025 -0.3457663 0.2200073 0.7425415 -0.1393368 0.2004857 0.7482108 -0.1510089 0.1929609 0.7540221 -0.1626433 0.2004354 0.754164 -0.1626057 0.2154347 0.7484947 -0.1509337 0.2229595 0.7426835 -0.1392992 0.2154849 1.169993 0.07070451 0.195963 1.175611 0.05900776 0.1884387 1.18136 0.04734265 0.1959139 1.18149 0.04737424 0.2109133 1.175871 0.05907094 0.2184375 1.170122 0.07073605 0.2109624 1.406299 0.1844393 0.1938961 1.410304 0.1720897 0.1863828 1.414367 0.1597428 0.1938692 1.414425 0.1597456 0.2088691 1.41042 0.1720951 0.2163825 1.406358 0.184442 0.2088961 1.489144 0.1998455 0.1939318 1.491488 0.187075 0.1864207 1.493821 0.1742892 0.1939098 1.493809 0.1742741 0.2089097 1.491464 0.1870447 0.2164207 1.489132 0.1998304 0.2089318 1.544898 0.2099659 0.1940157 1.547193 0.1971863 0.1865047 1.549468 0.1843903 0.1939936 1.549449 0.1843737 0.2089936 1.547154 0.1971533 0.2165046 1.544878 0.2099494 0.2090157 1.60102 0.2198359 0.1940997 1.603258 0.2070463 0.1865885 1.605484 0.1942415 0.1940774 1.605472 0.1942263 0.2090774 1.603234 0.207016 0.2165885 1.601008 0.2198208 0.2090997 1.683276 0.2340601 0.1941378 1.685485 0.2212654 0.1866266 1.687695 0.208458 0.1941155 1.687698 0.2084453 0.2091155 1.685489 0.22124 0.2166266 1.683279 0.2340474 0.2091378 0.2131431 -0.3811181 -0.2002726 0.1919555 -0.3811181 -0.2002726 0.2131431 -0.4804836 -0.2002726 0.1919555 -0.4804836 -0.2002726 0.213143 -0.3811182 0.2003982 0.1919554 -0.3811182 0.2003982 0.213143 -0.4804837 0.2003982 0.1919554 -0.4804837 0.2003982 0.453143 -0.3585581 0.2003982 0.4319555 -0.3585581 0.2003982 0.453143 -0.2591927 0.2003982 0.4319555 -0.2591927 0.2003982 0.4531431 -0.358558 -0.2002726 0.4319555 -0.358558 -0.2002726 0.4531431 -0.2591926 -0.2002726 0.4319555 -0.2591926 -0.2002726 0.6931431 -0.1411181 -0.2002725 0.6719556 -0.1411181 -0.2002725 0.6931431 -0.2404835 -0.2002725 0.6719556 -0.2404835 -0.2002725 0.6931431 -0.1411181 0.2003983 0.6719555 -0.1411181 0.2003983 0.6931431 -0.2404836 0.2003983 0.6719555 -0.2404836 0.2003983 0.943143 -0.1185581 0.2003983 0.9219555 -0.1185581 0.2003983 0.943143 -0.01919263 0.2003984 0.9219555 -0.01919263 0.2003983 0.9431431 -0.118558 -0.2002725 0.9219556 -0.118558 -0.2002725 0.9431431 -0.01919251 -0.2002725 0.9219556 -0.01919251 -0.2002725 1.161955 0.01144194 -0.2002724 1.183143 0.01144194 -0.2002724 1.161956 0.1108073 -0.2002724 1.183143 0.1108073 -0.2002724 1.161955 0.01144188 0.2003984 1.183143 0.01144188 0.2003984 1.161955 0.1108073 0.2003984 1.183143 0.1108073 0.2003984 0.3873745 -0.3192645 0.2033505 0.3873746 -0.3192645 -0.2032249 0.3803034 -0.3221935 0.2033505 0.3803035 -0.3221934 -0.2032249 0.3773744 -0.3292646 0.2033505 0.3773745 -0.3292645 -0.2032249 0.3803034 -0.3363357 0.2033505 0.3803035 -0.3363357 -0.2032249 0.3873745 -0.3392647 0.2033505 0.3873746 -0.3392646 -0.2032249 0.3944456 -0.3363357 0.2033505 0.3944457 -0.3363357 -0.2032249 0.3973746 -0.3292646 0.2033505 0.3973746 -0.3292645 -0.2032249 0.3944456 -0.3221935 0.2033505 0.3944457 -0.3221934 -0.2032249 0.1673744 0.4873659 0.1700628 0.1673745 0.4873659 -0.1699371 0.1603033 0.4844369 0.1700628 0.1603034 0.4844369 -0.1699371 0.1573743 0.4773657 0.1700628 0.1573745 0.4773657 -0.1699371 0.1603033 0.4702945 0.1700628 0.1603034 0.4702945 -0.1699371 0.1673744 0.4673656 0.1700628 0.1673745 0.4673656 -0.1699371 0.1744456 0.4702945 0.1700628 0.1744456 0.4702945 -0.1699371 0.1773745 0.4773657 0.1700628 0.1773746 0.4773657 -0.1699371 0.1744456 0.4844369 0.1700628 0.1744456 0.4844369 -0.1699371 0.4273745 0.4207355 0.1700629 0.4273746 0.4207355 -0.1699371 0.4203034 0.4178066 0.1700629 0.4203034 0.4178066 -0.1699371 0.4173744 0.4107354 0.1700629 0.4173744 0.4107354 -0.1699371 0.4203034 0.4036643 0.1700629 0.4203034 0.4036643 -0.1699371 0.4273745 0.4007353 0.1700629 0.4273746 0.4007353 -0.1699371 0.4344456 0.4036643 0.1700629 0.4344457 0.4036643 -0.1699371 0.4373746 0.4107354 0.1700629 0.4373746 0.4107354 -0.1699371 0.4344456 0.4178066 0.1700629 0.4344457 0.4178066 -0.1699371 0.6973745 0.3530333 0.1700629 0.6973746 0.3530333 -0.169937 0.6903033 0.3501043 0.1700629 0.6903035 0.3501043 -0.169937 0.6873744 0.3430331 0.1700629 0.6873745 0.3430331 -0.169937 0.6903033 0.335962 0.1700629 0.6903035 0.335962 -0.169937 0.6973745 0.333033 0.1700629 0.6973746 0.333033 -0.169937 0.7044456 0.335962 0.170063 0.7044457 0.335962 -0.169937 0.7073745 0.3430331 0.170063 0.7073746 0.3430331 -0.169937 0.7044456 0.3501043 0.170063 0.7044457 0.3501043 -0.169937 1.207375 0.2273657 0.170063 1.207375 0.2273657 -0.169937 1.200303 0.2244368 0.170063 1.200304 0.2244368 -0.169937 1.197374 0.2173656 0.170063 1.197375 0.2173656 -0.169937 1.200303 0.2102945 0.170063 1.200304 0.2102945 -0.169937 1.207375 0.2073655 0.170063 1.207375 0.2073655 -0.169937 1.214446 0.2102945 0.170063 1.214446 0.2102945 -0.169937 1.217375 0.2173656 0.170063 1.217375 0.2173656 -0.169937 1.214446 0.2244368 0.170063 1.214446 0.2244368 -0.169937</float_array>
          <technique_common>
            <accessor source="#escalera-hierro-mesh-positions-array" count="396" stride="3">
              <param name="X" type="float"/>
              <param name="Y" type="float"/>
              <param name="Z" type="float"/>
            </accessor>
          </technique_common>
        </source>
        <source id="escalera-hierro-mesh-normals">
          <float_array id="escalera-hierro-mesh-normals-array" count="921">-0.1724041 -0.08066278 0.9817181 -0.1732848 -0.08093541 0.9815406 -0.4533393 0.7441918 0.4905733 -0.4532431 0.7440927 0.4908124 0.2808408 -0.8247599 0.4908152 0.280133 -0.82517 0.4905303 0.4532365 -0.7440209 -0.4909274 0.453306 -0.7438516 -0.4911196 0.1724038 0.08069312 -0.9817157 0.1731682 0.08118212 -0.9815408 -0.2808043 0.8247423 -0.4908657 -0.2800138 0.8250259 -0.4908406 -0.4536701 0.7442753 0.4901407 -0.2774523 0.82607 -0.4905391 -0.176125 -0.08206552 0.980941 0.2777889 -0.8264085 0.4897778 0.4535797 -0.7434838 -0.4914238 0.1758509 0.08261513 -0.980944 -0.4537058 0.7439481 0.4906041 -0.2741206 0.8274583 -0.4900721 -0.1785647 -0.08346849 0.9803814 0.2751005 -0.8273465 0.4897119 0.4542223 -0.7431508 -0.491334 0.179697 0.08441609 -0.9800934 -0.4175057 0.7453759 0.5197153 -0.3340061 0.8135601 -0.4759832 -0.09262466 -0.04727363 0.9945783 0.3201772 -0.7932558 0.5179113 0.4255639 -0.7729673 -0.4705497 0.09738659 0.04016315 -0.994436 -0.3886308 0.7750337 0.498286 -0.3793537 0.777263 -0.5019493 -0.009338796 -0.002288877 0.9999539 0.3792369 -0.7773351 0.5019259 0.3884503 -0.7748864 -0.4986557 0.008972585 0.002563595 -0.9999565 -0.3874355 0.775695 0.498188 -0.3779855 0.7782199 -0.5014985 -0.009582877 -0.002197325 0.9999517 0.3779202 -0.7780585 0.501798 0.387379 -0.775582 -0.4984075 0.009308218 0.002777218 -0.9999529 -0.3832613 0.7781506 0.4975867 -0.3747477 0.7804726 -0.5004265 -0.009125173 -9.46092e-4 0.9999579 0.3746584 -0.7795921 0.501864 0.383409 -0.7776523 -0.4982516 0.00814861 0.003204464 -0.9999617 -0.2738481 0.8314325 0.4834535 -0.2704325 0.8326002 -0.4833666 -0.01706004 0.03970503 0.9990659 0.2626176 -0.8113526 0.5222443 0.2670429 -0.8124514 -0.5182769 -0.009369373 0.04037702 -0.9991406 -0.1560432 0.8526072 0.4987097 -0.1568704 0.85177 -0.4998797 4.88311e-4 0.001434385 0.9999989 0.1558324 -0.8515848 0.5005193 0.1550388 -0.852714 -0.4988407 -0.001068174 -6.10388e-4 -0.9999993 -0.1517123 0.8532941 0.4988714 -0.1530231 0.8521867 -0.5003618 0.001129209 0.001953184 0.9999975 0.1529309 -0.851756 0.5011227 0.1516502 -0.8528607 -0.4996308 -0.001434385 -2.13636e-4 -0.9999991 -0.1484155 0.8538395 0.4989301 -0.1491795 0.8526853 -0.5006729 7.01946e-4 0.001434385 0.9999988 0.1491758 -0.8526034 0.5008133 0.1483547 -0.8534746 -0.4995719 -8.54544e-4 -5.4935e-4 -0.9999995 -0.1474053 0.8539134 0.4991029 -0.1477123 0.8528555 -0.500818 2.74675e-4 0.001007139 0.9999995 0.1477121 -0.8529457 0.5006645 0.1473761 -0.8537375 -0.4994123 -3.05194e-4 -8.24025e-4 -0.9999997 0.4533393 -0.7441918 0.4905733 0.2800138 -0.8250259 -0.4908406 0.2808043 -0.8247423 -0.4908657 0.4532431 -0.7440927 0.4908124 -0.4016345 0.11988 0.90792 -0.3942426 0.1118211 0.912178 0.03604322 0.8898496 0.4548283 0.04703056 0.8895527 0.4544053 -0.4488472 -0.7697575 0.4538829 -0.4315081 -0.7749383 0.4618134 -0.04702931 -0.8895902 -0.4543322 -0.04126143 -0.8940498 -0.4460635 0.4019 -0.1191447 -0.9078992 0.3913465 -0.1221985 -0.912094 0.4487301 0.7702543 -0.4531554 0.4315097 0.7750634 -0.4616016 0.01620566 0.8938454 0.4480824 0.3947025 0.7838506 -0.4793623 -0.3753249 0.1056268 0.9208552 -0.39346 -0.7846922 0.4790068 -0.02029514 -0.898786 -0.4379178 0.3745267 -0.1186571 -0.9195925 0.09348016 0.8566727 0.5073199 0.2923443 0.8378157 -0.4610855 -0.1879352 0.07248228 0.9795033 -0.2968297 -0.7794601 0.5516648 -0.1203985 -0.8991284 -0.4207998 0.1918151 -0.06494551 -0.9792798 0.2066739 0.8519042 0.4811913 0.2146092 0.8266053 -0.5202563 -0.008118033 0.02514767 0.9996508 -0.2148851 -0.8269156 0.5196491 -0.2068597 -0.8515796 -0.4816858 0.007660269 -0.02514773 -0.9996544 0.2042647 0.853102 0.4800969 0.2149798 0.8268669 -0.5196874 -0.01089525 0.02536123 0.999619 -0.2151293 -0.8276178 0.5184285 -0.2041447 -0.8528359 -0.4806205 0.01071226 -0.02618557 -0.9995998 0.2626162 0.8405243 0.4738688 0.2659168 0.8205485 -0.505953 0.004211544 0.04181039 0.9991168 -0.2585598 -0.8090369 0.5278318 -0.2568494 -0.835371 -0.4859874 0.009277701 -0.004181027 -0.9999483 0.515744 0.7260823 0.4547666 0.505361 0.7113324 -0.488484 0.05664354 0.07980763 0.9951997 -0.4798256 -0.6758821 0.5594201 -0.4934952 -0.6952271 -0.5226106 0.03363239 0.04715251 -0.9983214 0.7244264 0.5055451 0.4686478 0.7088619 0.4946804 -0.5027984 0.04156631 0.02981662 0.9986908 -0.6975231 -0.4821776 0.5300626 -0.7149072 -0.4941939 -0.4946516 0.008514642 0.006866633 -0.9999403 0.7648988 0.4277855 0.4815905 0.7474178 0.4180229 -0.5163561 0.01834201 0.01040703 0.9997777 -0.7473006 -0.4171711 0.517214 -0.7648504 -0.4269685 -0.482392 -0.01675516 -0.009186327 -0.9998175 0.4016345 -0.11988 0.90792 0.3942426 -0.1118211 0.912178 -0.03604322 -0.8898496 0.4548283 -0.04703056 -0.8895527 0.4544053 0.4488534 0.7697682 0.4538587 0.4315081 0.7749383 0.4618134 0.04702931 0.8895902 -0.4543322 0.04126143 0.8940498 -0.4460635 -0.4019 0.1191447 -0.9078992 -0.3913465 0.1221985 -0.912094 -0.4487301 -0.7702543 -0.4531554 -0.4315097 -0.7750634 -0.4616016 -0.01620566 -0.8938454 0.4480824 -0.3947025 -0.7838506 -0.4793623 0.3753249 -0.1056268 0.9208552 0.39346 0.7846922 0.4790068 0.02029514 0.898786 -0.4379178 -0.3745267 0.1186571 -0.9195925 -0.09348016 -0.8566727 0.5073199 -0.2923443 -0.8378157 -0.4610855 0.1879352 -0.07248228 0.9795033 0.2968297 0.7794601 0.5516648 0.1203985 0.8991284 -0.4207998 -0.1918151 0.06494551 -0.9792798 -0.2066739 -0.8519042 0.4811913 -0.2146092 -0.8266053 -0.5202563 0.008118033 -0.02514767 0.9996508 0.2148851 0.8269156 0.5196491 0.2068305 0.851585 -0.4816889 -0.007660269 0.02514773 -0.9996544 -0.2042647 -0.853102 0.4800969 -0.2149798 -0.8268669 -0.5196874 0.01089525 -0.02536123 0.999619 0.2151293 0.8276178 0.5184285 0.2041447 0.8528359 -0.4806205 -0.01071226 0.02618557 -0.9995998 -0.2626162 -0.8405243 0.4738688 -0.2659168 -0.8205485 -0.505953 -0.004211544 -0.04181039 0.9991168 0.2585598 0.8090369 0.5278318 0.2568494 0.835371 -0.4859874 -0.009277701 0.004181027 -0.9999483 -0.515744 -0.7260823 0.4547666 -0.505361 -0.7113324 -0.488484 -0.05664354 -0.07980763 0.9951997 0.4798256 0.6758821 0.5594201 0.4934952 0.6952271 -0.5226106 -0.03363239 -0.04715251 -0.9983214 -0.7244264 -0.5055451 0.4686478 -0.7088619 -0.4946804 -0.5027984 -0.04156631 -0.02981662 0.9986908 0.6975231 0.4821776 0.5300626 0.7149072 0.4941939 -0.4946516 -0.008514642 -0.006866633 -0.9999403 -0.7649102 -0.4277918 0.4815671 -0.7474178 -0.4180229 -0.5163561 -0.01834201 -0.01040703 0.9997777 0.7473006 0.4171711 0.517214 0.7648504 0.4269685 -0.482392 0.01675516 0.009186327 -0.9998175 0.1724041 0.08066278 0.9817181 0.1732848 0.08093541 0.9815406 -0.2808337 0.8247697 0.4908028 -0.2801372 0.8251824 0.4905071 -0.4532365 0.7440209 -0.4909274 -0.453306 0.7438516 -0.4911196 -0.1724038 -0.08069312 -0.9817157 -0.1731682 -0.08118212 -0.9815408 0.4536701 -0.7442753 0.4901407 0.2774523 -0.82607 -0.4905391 0.176125 0.08206552 0.980941 -0.2777889 0.8264085 0.4897778 -0.4535797 0.7434838 -0.4914238 -0.1758505 -0.08264541 -0.9809416 0.4537058 -0.7439481 0.4906041 0.2741246 -0.8274707 -0.4900489 0.1785647 0.08346849 0.9803814 -0.2750964 0.827334 0.4897351 -0.454212 0.7431644 -0.4913229 -0.179697 -0.08441609 -0.9800934 0.4175057 -0.7453759 0.5197153 0.3340061 -0.8135601 -0.4759832 0.09262466 0.04727363 0.9945783 -0.3201772 0.7932558 0.5179113 -0.4255639 0.7729673 -0.4705497 -0.09738659 -0.04016315 -0.994436 0.3886049 -0.7750429 0.498292 0.3793537 -0.777263 -0.5019493 0.009338796 0.002288877 0.9999539 -0.3792369 0.7773351 0.5019259 -0.3884503 0.7748864 -0.4986557 -0.008972585 -0.002563595 -0.9999565 0.3874355 -0.775695 0.498188 0.3779855 -0.7782199 -0.5014985 0.009582877 0.002197325 0.9999517 -0.3778941 0.7780675 0.5018038 -0.387379 0.775582 -0.4984075 -0.009308218 -0.002777218 -0.9999529 0.3832613 -0.7781506 0.4975867 0.3747477 -0.7804726 -0.5004265 0.009125173 9.46092e-4 0.9999579 -0.3746584 0.7795921 0.501864 -0.383409 0.7776523 -0.4982516 -0.00814861 -0.003204464 -0.9999617 0.2738481 -0.8314325 0.4834535 0.2704325 -0.8326002 -0.4833666 0.01706004 -0.03970503 0.9990659 -0.2626176 0.8113526 0.5222443 -0.2670429 0.8124514 -0.5182769 0.009369373 -0.04037702 -0.9991406 0.1560432 -0.8526072 0.4987097 0.1568704 -0.85177 -0.4998797 -4.88311e-4 -0.001434385 0.9999989 -0.1558324 0.8515848 0.5005193 -0.1550388 0.852714 -0.4988407 0.001068174 6.10388e-4 -0.9999993 0.1517123 -0.8532941 0.4988714 0.1530231 -0.8521867 -0.5003618 -0.001129209 -0.001953184 0.9999975 -0.1529309 0.851756 0.5011227 -0.1516502 0.8528607 -0.4996308 0.001434385 2.13636e-4 -0.9999991 0.1484155 -0.8538395 0.4989301 0.1491795 -0.8526853 -0.5006729 -7.01946e-4 -0.001434385 0.9999988 -0.1491758 0.8526034 0.5008133 -0.1483547 0.8534746 -0.4995719 8.54544e-4 5.4935e-4 -0.9999995 0.1474092 -0.8539052 0.499116 0.1477123 -0.8528555 -0.500818 -2.74675e-4 -0.001007139 0.9999995 -0.1477121 0.8529457 0.5006645 -0.1473761 0.8537375 -0.4994123 3.05194e-4 8.24025e-4 -0.9999997 1 0 1.48762e-7 0 -1 0 -0.5773503 -0.5773503 0.5773503 0.5773503 -0.5773503 0.5773503 0.5773503 0.5773503 0.5773503 -0.5773503 0.5773503 0.5773503 -0.5773503 0.5773503 -0.5773503 -0.5773503 -0.5773503 -0.5773503 0.5773503 0.5773503 -0.5773503 0.5773503 -0.5773503 -0.5773503 0 1 0 0 1 2.74266e-7 0 -1 -2.74266e-7 0 -1 0 0 1 1.37133e-7 1 0 2.97524e-7 0 1 2.98264e-7 0 -1 -3.01693e-7 -1 7.48561e-7 -4.46286e-7 0 1 0 0 -1.49963e-7 1 1 0 5.95048e-7 0 1.49963e-7 -1 0 -1 -1.50845e-7 -0.7071068 0.7071068 0 -1 0 0 -0.7071068 -0.7071068 0 0 -1 0 0.7071068 -0.7071068 0 1 0 0 0.7071068 0.7071068 0</float_array>
          <technique_common>
            <accessor source="#escalera-hierro-mesh-normals-array" count="307" stride="3">
              <param name="X" type="float"/>
              <param name="Y" type="float"/>
              <param name="Z" type="float"/>
            </accessor>
          </technique_common>
        </source>
        <source id="escalera-hierro-mesh-map-0">
          <float_array id="escalera-hierro-mesh-map-0-array" count="2576">0.04914867 0.1713765 0.04916477 0.1623958 0.0523765 0.1623931 0.05235958 0.1713815 0.06520503 0.1714125 0.06524354 0.1624202 0.06845974 0.1624386 0.06841778 0.1714244 0.06199359 0.1714022 0.06202542 0.1624053 0.06524354 0.1624202 0.06520503 0.1714125 0.05878221 0.1713936 0.05880743 0.1623954 0.06202542 0.1624053 0.06199359 0.1714022 0.05557042 0.1713873 0.05559068 0.1623923 0.05880743 0.1623954 0.05878221 0.1713936 0.05235987 0.1566154 0.05558699 0.1565967 0.05559068 0.1623923 0.0523765 0.1623931 0.04916477 0.1623958 0.04914408 0.156646 0.05235987 0.1566154 0.0523765 0.1623931 0.06524354 0.1624202 0.06529253 0.1566377 0.06851714 0.15668 0.06845974 0.1624386 0.06202542 0.1624053 0.06205636 0.1566077 0.06529253 0.1566377 0.06524354 0.1624202 0.05880743 0.1623954 0.05881935 0.1565957 0.06205636 0.1566077 0.06202542 0.1624053 0.05559068 0.1623923 0.05558699 0.1565967 0.05881935 0.1565957 0.05880743 0.1623954 0.05228543 0.1515385 0.05554902 0.1514756 0.05558699 0.1565967 0.05235987 0.1566154 0.04914408 0.156646 0.04902833 0.151631 0.05228543 0.1515385 0.05235987 0.1566154 0.06529253 0.1566377 0.06538105 0.1515561 0.06865292 0.1516486 0.06851714 0.15668 0.06205636 0.1566077 0.06210809 0.1514869 0.06538105 0.1515561 0.06529253 0.1566377 0.05881935 0.1565957 0.05882894 0.1514586 0.06210809 0.1514869 0.06205636 0.1566077 0.05558699 0.1565967 0.05554902 0.1514756 0.05882894 0.1514586 0.05881935 0.1565957 0.05193954 0.1444644 0.05535686 0.1444392 0.05554902 0.1514756 0.05228543 0.1515385 0.04902833 0.151631 0.04860824 0.1445149 0.05193954 0.1444644 0.05228543 0.1515385 0.06538105 0.1515561 0.0657218 0.1444568 0.06903988 0.1445059 0.06865292 0.1516486 0.06210809 0.1514869 0.0623328 0.1444342 0.0657218 0.1444568 0.06538105 0.1515561 0.05882894 0.1514586 0.05885124 0.1444215 0.0623328 0.1444342 0.06210809 0.1514869 0.05554902 0.1514756 0.05535686 0.1444392 0.05885124 0.1444215 0.05882894 0.1514586 0.05216318 0.09805446 0.05550038 0.09805625 0.05535686 0.1444392 0.05193954 0.1444644 0.04860824 0.1445149 0.04877889 0.09805124 0.05216318 0.09805446 0.05193954 0.1444644 0.0657218 0.1444568 0.06549018 0.09805589 0.06888598 0.09805369 0.06903988 0.1445059 0.0623328 0.1444342 0.06214159 0.09805721 0.06549018 0.09805589 0.0657218 0.1444568 0.05885124 0.1444215 0.0588209 0.09805744 0.06214159 0.09805721 0.0623328 0.1444342 0.05535686 0.1444392 0.05550038 0.09805625 0.0588209 0.09805744 0.05885124 0.1444215 0.05211216 0.005451679 0.05546373 0.005451679 0.05550038 0.09805625 0.05216318 0.09805446 0.04877889 0.09805124 0.04876053 0.005454361 0.05211216 0.005451679 0.05216318 0.09805446 0.06549018 0.09805589 0.06551772 0.005454897 0.06886905 0.005451679 0.06888598 0.09805369 0.06214159 0.09805721 0.06216722 0.005455911 0.06551772 0.005454897 0.06549018 0.09805589 0.0588209 0.09805744 0.05881565 0.005454063 0.06216722 0.005455911 0.06214159 0.09805721 0.05550038 0.09805625 0.05546373 0.005451679 0.05881565 0.005454063 0.0588209 0.09805744 0.04215687 0.1015047 0.03874295 0.1015018 0.03885096 0.00614202 0.04219365 0.006141602 0.04553306 0.006144583 0.04551309 0.1015053 0.04215687 0.1015047 0.04219365 0.006141602 0.02884215 0.006146848 0.02878385 0.1014885 0.02547997 0.1014835 0.02550631 0.006143629 0.03217744 0.006147325 0.03208673 0.1014934 0.02878385 0.1014885 0.02884215 0.006146848 0.03551286 0.00614494 0.03538823 0.1014978 0.03208673 0.1014934 0.03217744 0.006147325 0.03885096 0.00614202 0.03874295 0.1015018 0.03538823 0.1014978 0.03551286 0.00614494 0.04219532 0.154209 0.03890508 0.154215 0.03874295 0.1015018 0.04215687 0.1015047 0.04551309 0.1015053 0.04552668 0.1542183 0.04219532 0.154209 0.04215687 0.1015047 0.02878385 0.1014885 0.02871155 0.1542472 0.02530294 0.1542549 0.02547997 0.1014835 0.03208673 0.1014934 0.03216284 0.1542328 0.02871155 0.1542472 0.02878385 0.1014885 0.03538823 0.1014978 0.03557419 0.1542243 0.03216284 0.1542328 0.03208673 0.1014934 0.03874295 0.1015018 0.03890508 0.154215 0.03557419 0.1542243 0.03538823 0.1014978 0.04218661 0.1708581 0.03879201 0.1708521 0.03890508 0.154215 0.04219532 0.154209 0.04552668 0.1542183 0.04553312 0.1708654 0.04218661 0.1708581 0.04219532 0.154209 0.02871155 0.1542472 0.02884805 0.1708583 0.02555882 0.1708698 0.02530294 0.1542549 0.03216284 0.1542328 0.03214877 0.1708536 0.02884805 0.1708583 0.02871155 0.1542472 0.03557419 0.1542243 0.0354489 0.1708523 0.03214877 0.1708536 0.03216284 0.1542328 0.03890508 0.154215 0.03879201 0.1708521 0.0354489 0.1708523 0.03557419 0.1542243 0.04212421 0.182184 0.03879255 0.1821689 0.03879201 0.1708521 0.04218661 0.1708581 0.04553312 0.1708654 0.04545849 0.182201 0.04212421 0.182184 0.04218661 0.1708581 0.02884805 0.1708583 0.02881586 0.1821286 0.02549487 0.1821137 0.02555882 0.1708698 0.03214877 0.1708536 0.03213876 0.1821416 0.02881586 0.1821286 0.02884805 0.1708583 0.0354489 0.1708523 0.03546416 0.1821548 0.03213876 0.1821416 0.03214877 0.1708536 0.03879201 0.1708521 0.03879255 0.1821689 0.03546416 0.1821548 0.0354489 0.1708523 0.04205077 0.1935462 0.03872472 0.1935284 0.03879255 0.1821689 0.04212421 0.182184 0.04545849 0.182201 0.04537713 0.1935645 0.04205077 0.1935462 0.04212421 0.182184 0.02881586 0.1821286 0.02875053 0.1934761 0.02542656 0.1934594 0.02549487 0.1821137 0.03213876 0.1821416 0.03207558 0.1934932 0.02875053 0.1934761 0.02881586 0.1821286 0.03546416 0.1821548 0.03540015 0.1935108 0.03207558 0.1934932 0.03213876 0.1821416 0.03879255 0.1821689 0.03872472 0.1935284 0.03540015 0.1935108 0.03546416 0.1821548 0.04194033 0.2101886 0.03861403 0.2101718 0.03872472 0.1935284 0.04205077 0.1935462 0.04537713 0.1935645 0.04526591 0.2102051 0.04194033 0.2101886 0.04205077 0.1935462 0.02875053 0.1934761 0.02864068 0.2101132 0.02531731 0.2100955 0.02542656 0.1934594 0.03207558 0.1934932 0.03196418 0.2101328 0.02864068 0.2101132 0.02875053 0.1934761 0.03540015 0.1935108 0.03528833 0.2101529 0.03196418 0.2101328 0.03207558 0.1934932 0.03872472 0.1935284 0.03861403 0.2101718 0.03528833 0.2101529 0.03540015 0.1935108 0.05237656 0.1623911 0.0555908 0.1623902 0.05557054 0.1713854 0.05235964 0.1713797 0.1140979 0.1485788 0.1139576 0.1431251 0.1175108 0.1431089 0.1176156 0.1485666 0.131689 0.1485668 0.1317467 0.1431072 0.1352748 0.143117 0.1352161 0.1485752 0.1281533 0.1485583 0.1282076 0.1430995 0.1317467 0.1431072 0.131689 0.1485668 0.1246364 0.1485544 0.1246604 0.1430966 0.1282076 0.1430995 0.1281533 0.1485583 0.1211266 0.1485581 0.1210915 0.1430979 0.1246604 0.1430966 0.1246364 0.1485544 0.1174742 0.138473 0.1210747 0.1384603 0.1210915 0.1430979 0.1175108 0.1431089 0.1139576 0.1431251 0.1138108 0.1385002 0.1174742 0.138473 0.1175108 0.1431089 0.1317467 0.1431072 0.1317546 0.1384683 0.1353816 0.1384932 0.1352748 0.143117 0.1282076 0.1430995 0.1282117 0.1384555 0.1317546 0.1384683 0.1317467 0.1431072 0.1246604 0.1430966 0.124655 0.1384551 0.1282117 0.1384555 0.1282076 0.1430995 0.1210915 0.1430979 0.1210747 0.1384603 0.124655 0.1384551 0.1246604 0.1430966 0.1168878 0.1303803 0.1206799 0.1303707 0.1210747 0.1384603 0.1174742 0.138473 0.1138108 0.1385002 0.1131557 0.1303948 0.1168878 0.1303803 0.1174742 0.138473 0.1317546 0.1384683 0.1323843 0.1303855 0.136118 0.1304041 0.1353816 0.1384932 0.1282117 0.1384555 0.1285618 0.1303727 0.1323843 0.1303855 0.1317546 0.1384683 0.124655 0.1384551 0.1246066 0.1303646 0.1285618 0.1303727 0.1282117 0.1384555 0.1210747 0.1384603 0.1206799 0.1303707 0.1246066 0.1303646 0.124655 0.1384551 0.1173036 0.08354413 0.1210392 0.0835452 0.1206799 0.1303707 0.1168878 0.1303803 0.1131557 0.1303948 0.1134567 0.08354276 0.1173036 0.08354413 0.1168878 0.1303803 0.1323843 0.1303855 0.1321222 0.08354759 0.1359554 0.08354783 0.136118 0.1304041 0.1285618 0.1303727 0.1283987 0.08354669 0.1321222 0.08354759 0.1323843 0.1303855 0.1246066 0.1303646 0.1247187 0.08354598 0.1283987 0.08354669 0.1285618 0.1303727 0.1206799 0.1303707 0.1210392 0.0835452 0.1247187 0.08354598 0.1246066 0.1303646 0.1173588 0.005261957 0.1211102 0.005260467 0.1210392 0.0835452 0.1173036 0.08354413 0.1134567 0.08354276 0.1136077 0.005260467 0.1173588 0.005261957 0.1173036 0.08354413 0.1321222 0.08354759 0.1323673 0.005263447 0.136118 0.005267739 0.1359554 0.08354783 0.1283987 0.08354669 0.1286146 0.005259394 0.1323673 0.005263447 0.1321222 0.08354759 0.1247187 0.08354598 0.1248628 0.00525856 0.1286146 0.005259394 0.1283987 0.08354669 0.1210392 0.0835452 0.1211102 0.005260467 0.1248628 0.00525856 0.1247187 0.08354598 0.1746175 0.09695625 0.1713348 0.09696429 0.171498 0.00498557 0.1747512 0.004993677 0.177953 0.004997313 0.1778093 0.09697383 0.1746175 0.09695625 0.1747512 0.004993677 0.1620134 0.004974603 0.1617527 0.09698385 0.1585896 0.09693223 0.1588568 0.004973888 0.1651597 0.004974007 0.1649566 0.09700059 0.1617527 0.09698385 0.1620134 0.004974603 0.1683063 0.004977762 0.1681272 0.09698665 0.1649566 0.09700059 0.1651597 0.004974007 0.171498 0.00498557 0.1713348 0.09696429 0.1681272 0.09698665 0.1683063 0.004977762 0.1745603 0.1112639 0.1715232 0.1113067 0.1713348 0.09696429 0.1746175 0.09695625 0.1778093 0.09697383 0.1777311 0.1112706 0.1745603 0.1112639 0.1746175 0.09695625 0.1617527 0.09698385 0.1615188 0.111372 0.1581305 0.1113829 0.1585896 0.09693223 0.1649566 0.09700059 0.1649878 0.1113148 0.1615188 0.111372 0.1617527 0.09698385 0.1681272 0.09698665 0.1683607 0.1113092 0.1649878 0.1113148 0.1649566 0.09700059 0.1713348 0.09696429 0.1715232 0.1113067 0.1683607 0.1113092 0.1681272 0.09698665 0.1745933 0.1251668 0.1713861 0.1251927 0.1715232 0.1113067 0.1745603 0.1112639 0.1777311 0.1112706 0.1777397 0.1251456 0.1745933 0.1251668 0.1745603 0.1112639 0.1615188 0.111372 0.1618541 0.1252604 0.1587002 0.1253452 0.1581305 0.1113829 0.1649878 0.1113148 0.165074 0.125202 0.1618541 0.1252604 0.1615188 0.111372 0.1683607 0.1113092 0.1682352 0.125196 0.165074 0.125202 0.1649878 0.1113148 0.1715232 0.1113067 0.1713861 0.1251927 0.1682352 0.125196 0.1683607 0.1113092 0.1747847 0.1497204 0.17154 0.1497309 0.1713861 0.1251927 0.1745933 0.1251668 0.1777397 0.1251456 0.177953 0.1496894 0.1747847 0.1497204 0.1745933 0.1251668 0.1618541 0.1252604 0.1621974 0.1497508 0.159111 0.1497948 0.1587002 0.1253452 0.165074 0.125202 0.1652854 0.1497284 0.1621974 0.1497508 0.1618541 0.1252604 0.1682352 0.125196 0.1683759 0.1497251 0.1652854 0.1497284 0.165074 0.125202 0.1713861 0.1251927 0.17154 0.1497309 0.1683759 0.1497251 0.1682352 0.125196 0.0523765 0.1623931 0.05559068 0.1623923 0.05557042 0.1713873 0.05235958 0.1713815 0.09369158 0.1442223 0.09355121 0.1392094 0.09710454 0.1391944 0.09720933 0.1442111 0.1112833 0.1442112 0.1113409 0.1391929 0.1148691 0.1392018 0.1148104 0.144219 0.1077474 0.1442036 0.1078017 0.1391859 0.1113409 0.1391929 0.1112833 0.1442112 0.1042304 0.1441999 0.1042545 0.1391832 0.1078017 0.1391859 0.1077474 0.1442036 0.1007205 0.1442034 0.1006854 0.1391844 0.1042545 0.1391832 0.1042304 0.1441999 0.09706801 0.1349331 0.1006686 0.1349215 0.1006854 0.1391844 0.09710454 0.1391944 0.09355121 0.1392094 0.09340453 0.1349581 0.09706801 0.1349331 0.09710454 0.1391944 0.1113409 0.1391929 0.1113489 0.134929 0.1149761 0.1349518 0.1148691 0.1392018 0.1078017 0.1391859 0.1078059 0.134917 0.1113489 0.134929 0.1113409 0.1391929 0.1042545 0.1391832 0.104249 0.1349167 0.1078059 0.134917 0.1078017 0.1391859 0.1006854 0.1391844 0.1006686 0.1349215 0.104249 0.1349167 0.1042545 0.1391832 0.09648185 0.1274944 0.100274 0.1274856 0.1006686 0.1349215 0.09706801 0.1349331 0.09340453 0.1349581 0.09274941 0.1275077 0.09648185 0.1274944 0.09706801 0.1349331 0.1113489 0.134929 0.1119786 0.1274992 0.1157124 0.1275163 0.1149761 0.1349518 0.1078059 0.134917 0.1081559 0.1274874 0.1119786 0.1274992 0.1113489 0.134929 0.104249 0.1349167 0.1042007 0.12748 0.1081559 0.1274874 0.1078059 0.134917 0.1006686 0.1349215 0.100274 0.1274856 0.1042007 0.12748 0.104249 0.1349167 0.09689795 0.08444499 0.1006336 0.08444589 0.100274 0.1274856 0.09648185 0.1274944 0.09274941 0.1275077 0.09305179 0.08444368 0.09689795 0.08444499 0.09648185 0.1274944 0.1119786 0.1274992 0.1117165 0.08444815 0.11555 0.08444833 0.1157124 0.1275163 0.1081559 0.1274874 0.1079928 0.08444726 0.1117165 0.08444815 0.1119786 0.1274992 0.1042007 0.12748 0.1043131 0.08444666 0.1079928 0.08444726 0.1081559 0.1274874 0.100274 0.1274856 0.1006336 0.08444589 0.1043131 0.08444666 0.1042007 0.12748 0.09695303 0.01249033 0.1007046 0.01248896 0.1006336 0.08444589 0.09689795 0.08444499 0.09305179 0.08444368 0.09320253 0.01248896 0.09695303 0.01249033 0.09689795 0.08444499 0.1117165 0.08444815 0.1119617 0.0124917 0.1157124 0.01249563 0.11555 0.08444833 0.1079928 0.08444726 0.108209 0.012488 0.1119617 0.0124917 0.1117165 0.08444815 0.1043131 0.08444666 0.1044571 0.01248723 0.108209 0.012488 0.1079928 0.08444726 0.1006336 0.08444589 0.1007046 0.01248896 0.1044571 0.01248723 0.1043131 0.08444666 0.1522208 0.09501206 0.148458 0.09501987 0.1486451 0.005654096 0.152374 0.005661964 0.1560441 0.005665481 0.1558794 0.09502917 0.1522208 0.09501206 0.152374 0.005661964 0.1377735 0.005643427 0.1374747 0.09503889 0.133849 0.09498876 0.1341553 0.005642712 0.1413799 0.00564289 0.1411472 0.09505516 0.1374747 0.09503889 0.1377735 0.005643427 0.1449867 0.005646526 0.1447815 0.09504157 0.1411472 0.09505516 0.1413799 0.00564289 0.1486451 0.005654096 0.148458 0.09501987 0.1447815 0.09504157 0.1449867 0.005646526 0.1521552 0.1089133 0.148674 0.1089549 0.148458 0.09501987 0.1522208 0.09501206 0.1558794 0.09502917 0.1557897 0.1089196 0.1521552 0.1089133 0.1522208 0.09501206 0.1374747 0.09503889 0.1372066 0.1090183 0.1333228 0.1090289 0.133849 0.09498876 0.1411472 0.09505516 0.1411829 0.1089627 0.1372066 0.1090183 0.1374747 0.09503889 0.1447815 0.09504157 0.145049 0.1089573 0.1411829 0.1089627 0.1411472 0.09505516 0.148458 0.09501987 0.148674 0.1089549 0.145049 0.1089573 0.1447815 0.09504157 0.1521931 0.1224212 0.1485169 0.1224463 0.148674 0.1089549 0.1521552 0.1089133 0.1557897 0.1089196 0.1557996 0.1224006 0.1521931 0.1224212 0.1521552 0.1089133 0.1372066 0.1090183 0.137591 0.1225121 0.1339758 0.1225945 0.1333228 0.1090289 0.1411829 0.1089627 0.1412817 0.1224554 0.137591 0.1225121 0.1372066 0.1090183 0.145049 0.1089573 0.1449052 0.1224496 0.1412817 0.1224554 0.1411829 0.1089627 0.148674 0.1089549 0.1485169 0.1224463 0.1449052 0.1224496 0.145049 0.1089573 0.1524124 0.1462772 0.1486933 0.1462873 0.1485169 0.1224463 0.1521931 0.1224212 0.1557996 0.1224006 0.1560441 0.1462471 0.1524124 0.1462772 0.1521931 0.1224212 0.137591 0.1225121 0.1379845 0.1463067 0.1344467 0.1463494 0.1339758 0.1225945 0.1412817 0.1224554 0.141524 0.146285 0.1379845 0.1463067 0.137591 0.1225121 0.1449052 0.1224496 0.1450665 0.1462818 0.141524 0.146285 0.1412817 0.1224554 0.1485169 0.1224463 0.1486933 0.1462873 0.1450665 0.1462818 0.1449052 0.1224496 0.1175108 0.1431089 0.1210915 0.1430979 0.1211266 0.1485581 0.1176156 0.1485666 0.04914867 0.1713747 0.04916477 0.1623939 0.05237656 0.1623911 0.05235964 0.1713797 0.06520527 0.1714107 0.06524378 0.1624182 0.06846004 0.1624367 0.06841802 0.1714225 0.06199377 0.1714003 0.0620256 0.1624032 0.06524378 0.1624182 0.06520527 0.1714107 0.05878233 0.1713918 0.05880761 0.1623935 0.0620256 0.1624032 0.06199377 0.1714003 0.05557054 0.1713854 0.0555908 0.1623902 0.05880761 0.1623935 0.05878233 0.1713918 0.05235993 0.1566134 0.05558705 0.1565946 0.0555908 0.1623902 0.05237656 0.1623911 0.04916477 0.1623939 0.04914408 0.1566439 0.05235993 0.1566134 0.05237656 0.1623911 0.06524378 0.1624182 0.06529277 0.1566355 0.06851744 0.1566779 0.06846004 0.1624367 0.0620256 0.1624032 0.06205654 0.1566057 0.06529277 0.1566355 0.06524378 0.1624182 0.05880761 0.1623935 0.05881953 0.1565936 0.06205654 0.1566057 0.0620256 0.1624032 0.0555908 0.1623902 0.05558705 0.1565946 0.05881953 0.1565936 0.05880761 0.1623935 0.05228549 0.1515364 0.05554914 0.1514735 0.05558705 0.1565946 0.05235993 0.1566134 0.04914408 0.1566439 0.04902839 0.1516289 0.05228549 0.1515364 0.05235993 0.1566134 0.06529277 0.1566355 0.06538128 0.151554 0.06865322 0.1516464 0.06851744 0.1566779 0.06205654 0.1566057 0.06210833 0.1514847 0.06538128 0.151554 0.06529277 0.1566355 0.05881953 0.1565936 0.05882906 0.1514565 0.06210833 0.1514847 0.06205654 0.1566057 0.05558705 0.1565946 0.05554914 0.1514735 0.05882906 0.1514565 0.05881953 0.1565936 0.05193954 0.1444622 0.05535697 0.144437 0.05554914 0.1514735 0.05228549 0.1515364 0.04902839 0.1516289 0.04860824 0.1445127 0.05193954 0.1444622 0.05228549 0.1515364 0.06538128 0.151554 0.06572204 0.1444545 0.06904017 0.1445037 0.06865322 0.1516464 0.06210833 0.1514847 0.06233298 0.1444319 0.06572204 0.1444545 0.06538128 0.151554 0.05882906 0.1514565 0.05885136 0.1444192 0.06233298 0.1444319 0.06210833 0.1514847 0.05554914 0.1514735 0.05535697 0.144437 0.05885136 0.1444192 0.05882906 0.1514565 0.05216306 0.09805172 0.0555005 0.09805351 0.05535697 0.144437 0.05193954 0.1444622 0.04860824 0.1445127 0.04877877 0.09804844 0.05216306 0.09805172 0.05193954 0.1444622 0.06572204 0.1444545 0.06549048 0.09805321 0.06888628 0.09805101 0.06904017 0.1445037 0.06233298 0.1444319 0.06214183 0.09805446 0.06549048 0.09805321 0.06572204 0.1444545 0.05885136 0.1444192 0.0588212 0.0980547 0.06214183 0.09805446 0.06233298 0.1444319 0.05535697 0.144437 0.0555005 0.09805351 0.0588212 0.0980547 0.05885136 0.1444192 0.0521124 0.005451679 0.05546385 0.005451679 0.0555005 0.09805351 0.05216306 0.09805172 0.04877877 0.09804844 0.04876083 0.005454421 0.0521124 0.005451679 0.05216306 0.09805172 0.06549048 0.09805321 0.06551814 0.005454897 0.06886935 0.005451679 0.06888628 0.09805101 0.06214183 0.09805446 0.0621677 0.005455911 0.06551814 0.005454897 0.06549048 0.09805321 0.0588212 0.0980547 0.05881589 0.005454063 0.0621677 0.005455911 0.06214183 0.09805446 0.0555005 0.09805351 0.05546385 0.005451679 0.05881589 0.005454063 0.0588212 0.0980547 0.01778608 0.1015431 0.01437216 0.1015402 0.01448011 0.006181895 0.01782274 0.006181478 0.02116215 0.006184458 0.02114224 0.1015438 0.01778608 0.1015431 0.01782274 0.006181478 0.004471838 0.006186723 0.004412889 0.1015269 0.001109004 0.1015219 0.001136481 0.006183445 0.007806479 0.0061872 0.007715761 0.1015319 0.004412889 0.1015269 0.004471838 0.006186723 0.01114165 0.006184816 0.01101738 0.1015363 0.007715761 0.1015319 0.007806479 0.0061872 0.01448011 0.006181895 0.01437216 0.1015402 0.01101738 0.1015363 0.01114165 0.006184816 0.01782435 0.1542486 0.01453405 0.1542547 0.01437216 0.1015402 0.01778608 0.1015431 0.02114224 0.1015438 0.02115583 0.154258 0.01782435 0.1542486 0.01778608 0.1015431 0.004412889 0.1015269 0.00434041 0.1542868 9.31742e-4 0.1542944 0.001109004 0.1015219 0.007715761 0.1015319 0.007791757 0.1542724 0.00434041 0.1542868 0.004412889 0.1015269 0.01101738 0.1015363 0.01120316 0.154264 0.007791757 0.1542724 0.007715761 0.1015319 0.01437216 0.1015402 0.01453405 0.1542547 0.01120316 0.154264 0.01101738 0.1015363 0.01781564 0.1708981 0.01442098 0.1708921 0.01453405 0.1542547 0.01782435 0.1542486 0.02115583 0.154258 0.02116215 0.1709054 0.01781564 0.1708981 0.01782435 0.1542486 0.00434041 0.1542868 0.004476785 0.1708983 0.001187562 0.1709097 9.31742e-4 0.1542944 0.007791757 0.1542724 0.007777571 0.1708935 0.004476785 0.1708983 0.00434041 0.1542868 0.01120316 0.154264 0.01107782 0.1708922 0.007777571 0.1708935 0.007791757 0.1542724 0.01453405 0.1542547 0.01442098 0.1708921 0.01107782 0.1708922 0.01120316 0.154264 0.01775318 0.1822242 0.0144214 0.1822091 0.01442098 0.1708921 0.01781564 0.1708981 0.02116215 0.1709054 0.02108752 0.1822412 0.01775318 0.1822242 0.01781564 0.1708981 0.004476785 0.1708983 0.004444599 0.1821687 0.001123487 0.1821538 0.001187562 0.1709097 0.007777571 0.1708935 0.007767498 0.1821817 0.004444599 0.1821687 0.004476785 0.1708983 0.01107782 0.1708922 0.01109296 0.182195 0.007767498 0.1821817 0.007777571 0.1708935 0.01442098 0.1708921 0.0144214 0.1822091 0.01109296 0.182195 0.01107782 0.1708922 0.01767969 0.1935867 0.01435357 0.1935688 0.0144214 0.1822091 0.01775318 0.1822242 0.02108752 0.1822412 0.0210061 0.193605 0.01767969 0.1935867 0.01775318 0.1822242 0.004444599 0.1821687 0.004379212 0.1935165 0.001055181 0.1934998 0.001123487 0.1821538 0.007767498 0.1821817 0.007704317 0.1935335 0.004379212 0.1935165 0.004444599 0.1821687 0.01109296 0.182195 0.01102888 0.1935512 0.007704317 0.1935335 0.007767498 0.1821817 0.0144214 0.1822091 0.01435357 0.1935688 0.01102888 0.1935512 0.01109296 0.182195 0.01756918 0.2102293 0.01424282 0.2102124 0.01435357 0.1935688 0.01767969 0.1935867 0.0210061 0.193605 0.02089482 0.2102458 0.01756918 0.2102293 0.01767969 0.1935867 0.004379212 0.1935165 0.004269242 0.2101539 9.45853e-4 0.2101361 0.001055181 0.1934998 0.007704317 0.1935335 0.007592856 0.2101736 0.004269242 0.2101539 0.004379212 0.1935165 0.01102888 0.1935512 0.010917 0.2101936 0.007592856 0.2101736 0.007704317 0.1935335 0.01435357 0.1935688 0.01424282 0.2102124 0.010917 0.2101936 0.01102888 0.1935512 0.09710454 0.1391944 0.1006854 0.1391844 0.1007205 0.1442034 0.09720933 0.1442111 0.2168201 0.2477961 0.2182742 0.1727684 0.2358211 0.1730337 0.234367 0.2480614 0.2381085 0.248118 0.234367 0.2480614 0.2358211 0.1730337 0.2395626 0.1730903 0.1960419 0.09223359 0.1960419 0.08861708 0.2144027 0.08861702 0.2144027 0.09223359 0.2144027 0.09223359 0.2144027 0.1606248 0.1960419 0.1606248 0.1960419 0.09223359 0.2144027 0.1606248 0.2144027 0.1642413 0.1960419 0.1642413 0.1960419 0.1606248 0.2145327 0.1727119 0.2182742 0.1727684 0.2168201 0.2477961 0.2130785 0.2477396 0.2168201 0.2477961 0.2182742 0.1727684 0.2358211 0.1730337 0.234367 0.2480614 0.2381085 0.248118 0.234367 0.2480614 0.2358211 0.1730337 0.2395626 0.1730903 0.1960419 0.09223359 0.1960419 0.08861708 0.2144027 0.08861702 0.2144027 0.09223359 0.2144027 0.09223359 0.2144027 0.1606248 0.1960419 0.1606248 0.1960419 0.09223359 0.2144027 0.1606248 0.2144027 0.1642413 0.1960419 0.1642413 0.1960419 0.1606248 0.2145327 0.1727119 0.2182742 0.1727684 0.2168201 0.2477961 0.2130785 0.2477396 0.2168201 0.2477961 0.2182742 0.1727684 0.2358211 0.1730337 0.234367 0.2480614 0.2381085 0.248118 0.234367 0.2480614 0.2358211 0.1730337 0.2395626 0.1730903 0.1960419 0.09223359 0.1960419 0.08861708 0.2144027 0.08861702 0.2144027 0.09223359 0.2144027 0.09223359 0.2144027 0.1606248 0.1960419 0.1606248 0.1960419 0.09223359 0.2144027 0.1606248 0.2144027 0.1642413 0.1960419 0.1642413 0.1960419 0.1606248 0.2145327 0.1727119 0.2182742 0.1727684 0.2168201 0.2477961 0.2130785 0.2477396 0.2168201 0.2477961 0.2182742 0.1727684 0.2358211 0.1730337 0.234367 0.2480614 0.2381085 0.248118 0.234367 0.2480614 0.2358211 0.1730337 0.2395626 0.1730903 0.1960419 0.09223359 0.1960419 0.08861708 0.2144027 0.08861702 0.2144027 0.09223359 0.2144027 0.09223359 0.2144027 0.1606248 0.1960419 0.1606248 0.1960419 0.09223359 0.2144027 0.1606248 0.2144027 0.1642413 0.1960419 0.1642413 0.1960419 0.1606248 0.2145327 0.1727119 0.2182742 0.1727684 0.2168201 0.2477961 0.2130785 0.2477396 0.2168201 0.2477961 0.2182742 0.1727684 0.2358211 0.1730337 0.234367 0.2480614 0.2381085 0.248118 0.234367 0.2480614 0.2358211 0.1730337 0.2395626 0.1730903 0.1960419 0.09223359 0.1960419 0.08861708 0.2144027 0.08861702 0.2144027 0.09223359 0.2144027 0.09223359 0.2144027 0.1606248 0.1960419 0.1606248 0.1960419 0.09223359 0.2144027 0.1606248 0.2144027 0.1642413 0.1960419 0.1642413 0.1960419 0.1606248 0.2145327 0.1727119 0.2182742 0.1727684 0.2168201 0.2477961 0.2130785 0.2477396 0.1916345 0.002327442 0.1916344 0.07861083 0.1901983 0.07861083 0.1901984 0.002327442 0.1901984 0.002327442 0.1901983 0.07861083 0.1887623 0.07861083 0.1887624 0.002327382 0.1887624 0.002327382 0.1887623 0.07861083 0.1873263 0.07861083 0.1873264 0.002327442 0.1873264 0.002327442 0.1873263 0.07861083 0.1858902 0.07861083 0.1858903 0.002327442 0.1858903 0.002327442 0.1858902 0.07861083 0.1844542 0.07861083 0.1844543 0.002327442 0.1844543 0.002327442 0.1844542 0.07861083 0.1830182 0.07861083 0.1830182 0.002327442 0.1830182 0.002327442 0.1830182 0.07861083 0.1815822 0.07861083 0.1815822 0.002327442 0.1815822 0.002327442 0.1815822 0.07861083 0.1801461 0.07861083 0.1801461 0.002327442 0.1858903 0.002327382 0.1858903 0.06612038 0.1844543 0.06612038 0.1844543 0.002327442 0.1844543 0.002327442 0.1844543 0.06612038 0.1830182 0.06612038 0.1830183 0.002327442 0.1830183 0.002327442 0.1830182 0.06612038 0.1815822 0.06612038 0.1815823 0.002327442 0.1815823 0.002327442 0.1815822 0.06612038 0.1801461 0.06612038 0.1801463 0.002327382 0.1916343 0.002327382 0.1916345 0.06612038 0.1901984 0.06612038 0.1901983 0.002327442 0.1901983 0.002327442 0.1901984 0.06612038 0.1887624 0.06612038 0.1887623 0.002327442 0.1887623 0.002327442 0.1887624 0.06612038 0.1873264 0.06612038 0.1873263 0.002327442 0.1873263 0.002327442 0.1873264 0.06612038 0.1858903 0.06612038 0.1858903 0.002327382 0.1858903 0.186207 0.1858903 0.25 0.1844543 0.25 0.1844543 0.186207 0.1844543 0.186207 0.1844543 0.25 0.1830182 0.25 0.1830183 0.186207 0.1830183 0.186207 0.1830182 0.25 0.1815822 0.25 0.1815823 0.186207 0.1815823 0.186207 0.1815822 0.25 0.1801461 0.25 0.1801463 0.186207 0.1916343 0.186207 0.1916344 0.25 0.1901984 0.25 0.1901983 0.186207 0.1901983 0.186207 0.1901984 0.25 0.1887624 0.25 0.1887623 0.186207 0.1887623 0.186207 0.1887624 0.25 0.1873263 0.25 0.1873263 0.186207 0.1873263 0.186207 0.1873263 0.25 0.1858903 0.25 0.1858903 0.186207 0.1858903 0.08045244 0.1858903 0.1442453 0.1844543 0.1442453 0.1844543 0.08045244 0.1844543 0.08045244 0.1844543 0.1442453 0.1830182 0.1442453 0.1830183 0.08045244 0.1830183 0.08045244 0.1830182 0.1442453 0.1815822 0.1442453 0.1815823 0.08045244 0.1815823 0.08045244 0.1815822 0.1442453 0.1801461 0.1442453 0.1801463 0.08045244 0.1916344 0.08045244 0.1916345 0.1442453 0.1901984 0.1442453 0.1901983 0.08045244 0.1901983 0.08045244 0.1901984 0.1442453 0.1887624 0.1442453 0.1887623 0.08045238 0.1887623 0.08045238 0.1887624 0.1442453 0.1873264 0.1442453 0.1873263 0.08045244 0.1873263 0.08045244 0.1873264 0.1442453 0.1858903 0.1442453 0.1858903 0.08045244 0.1858903 0.0904622 0.1858903 0.1542551 0.1844543 0.1542551 0.1844543 0.0904622 0.1844543 0.0904622 0.1844543 0.1542551 0.1830182 0.1542551 0.1830183 0.0904622 0.1830183 0.0904622 0.1830182 0.1542551 0.1815822 0.1542551 0.1815823 0.09046214 0.1815823 0.09046214 0.1815822 0.1542551 0.1801461 0.1542551 0.1801463 0.09046214 0.1916343 0.09046214 0.1916345 0.1542551 0.1901985 0.1542551 0.1901983 0.0904622 0.1901983 0.0904622 0.1901985 0.1542551 0.1887624 0.1542551 0.1887623 0.0904622 0.1887623 0.0904622 0.1887624 0.1542551 0.1873264 0.1542551 0.1873263 0.0904622 0.1873263 0.0904622 0.1873264 0.1542551 0.1858903 0.1542551 0.1858903 0.0904622</float_array>
          <technique_common>
            <accessor source="#escalera-hierro-mesh-map-0-array" count="1288" stride="2">
              <param name="S" type="float"/>
              <param name="T" type="float"/>
            </accessor>
          </technique_common>
        </source>
        <vertices id="escalera-hierro-mesh-vertices">
          <input semantic="POSITION" source="#escalera-hierro-mesh-positions"/>
        </vertices>
        <polylist material="hiper-atlas-material" count="322">
          <input semantic="VERTEX" source="#escalera-hierro-mesh-vertices" offset="0"/>
          <input semantic="NORMAL" source="#escalera-hierro-mesh-normals" offset="1"/>
          <input semantic="TEXCOORD" source="#escalera-hierro-mesh-map-0" offset="2" set="0"/>
          <vcount>4 4 4 4 4 4 4 4 4 4 4 4 4 4 4 4 4 4 4 4 4 4 4 4 4 4 4 4 4 4 4 4 4 4 4 4 4 4 4 4 4 4 4 4 4 4 4 4 4 4 4 4 4 4 4 4 4 4 4 4 4 4 4 4 4 4 4 4 4 4 4 4 4 4 4 4 4 4 4 4 4 4 4 4 4 4 4 4 4 4 4 4 4 4 4 4 4 4 4 4 4 4 4 4 4 4 4 4 4 4 4 4 4 4 4 4 4 4 4 4 4 4 4 4 4 4 4 4 4 4 4 4 4 4 4 4 4 4 4 4 4 4 4 4 4 4 4 4 4 4 4 4 4 4 4 4 4 4 4 4 4 4 4 4 4 4 4 4 4 4 4 4 4 4 4 4 4 4 4 4 4 4 4 4 4 4 4 4 4 4 4 4 4 4 4 4 4 4 4 4 4 4 4 4 4 4 4 4 4 4 4 4 4 4 4 4 4 4 4 4 4 4 4 4 4 4 4 4 4 4 4 4 4 4 4 4 4 4 4 4 4 4 4 4 4 4 4 4 4 4 4 4 4 4 4 4 4 4 4 4 4 4 4 4 4 4 4 4 4 4 4 4 4 4 4 4 4 4 4 4 4 4 4 4 4 4 4 4 4 4 4 4 4 4 4 4 4 4 4 4 4 4 4 4 4 4 4 4 4 4 4 4 4 4 4 4 4 4 4 4 4 4 </vcount>
          <p>1 0 0 7 1 1 6 2 2 0 3 3 2 4 4 8 5 5 7 1 6 1 0 7 3 6 8 9 7 9 8 5 10 2 4 11 4 8 12 10 9 13 9 7 14 3 6 15 5 10 16 11 11 17 10 9 18 4 8 19 12 12 20 17 13 21 11 11 22 6 2 23 7 1 24 13 14 25 12 12 26 6 2 27 8 5 28 14 15 29 13 14 30 7 1 31 9 7 32 15 16 33 14 15 34 8 5 35 10 9 36 16 17 37 15 16 38 9 7 39 11 11 40 17 13 41 16 17 42 10 9 43 18 18 44 23 19 45 17 13 46 12 12 47 13 14 48 19 20 49 18 18 50 12 12 51 14 15 52 20 21 53 19 20 54 13 14 55 15 16 56 21 22 57 20 21 58 14 15 59 16 17 60 22 23 61 21 22 62 15 16 63 17 13 64 23 19 65 22 23 66 16 17 67 24 24 68 29 25 69 23 19 70 18 18 71 19 20 72 25 26 73 24 24 74 18 18 75 20 21 76 26 27 77 25 26 78 19 20 79 21 22 80 27 28 81 26 27 82 20 21 83 22 23 84 28 29 85 27 28 86 21 22 87 23 19 88 29 25 89 28 29 90 22 23 91 30 30 92 35 31 93 29 25 94 24 24 95 25 26 96 31 32 97 30 30 98 24 24 99 26 27 100 32 33 101 31 32 102 25 26 103 27 28 104 33 34 105 32 33 106 26 27 107 28 29 108 34 35 109 33 34 110 27 28 111 29 25 112 35 31 113 34 35 114 28 29 115 36 36 116 41 37 117 35 31 118 30 30 119 31 32 120 37 38 121 36 36 122 30 30 123 32 33 124 38 39 125 37 38 126 31 32 127 33 34 128 39 40 129 38 39 130 32 33 131 34 35 132 40 41 133 39 40 134 33 34 135 35 31 136 41 37 137 40 41 138 34 35 139 42 42 140 47 43 141 41 37 142 36 36 143 37 38 144 43 44 145 42 42 146 36 36 147 38 39 148 44 45 149 43 44 150 37 38 151 39 40 152 45 46 153 44 45 154 38 39 155 40 41 156 46 47 157 45 46 158 39 40 159 41 37 160 47 43 161 46 47 162 40 41 163 48 48 164 53 49 165 47 43 166 42 42 167 43 44 168 49 50 169 48 48 170 42 42 171 44 45 172 50 51 173 49 50 174 43 44 175 45 46 176 51 52 177 50 51 178 44 45 179 46 47 180 52 53 181 51 52 182 45 46 183 47 43 184 53 49 185 52 53 186 46 47 187 54 54 188 59 55 189 53 49 190 48 48 191 49 50 192 55 56 193 54 54 194 48 48 195 50 51 196 56 57 197 55 56 198 49 50 199 51 52 200 57 58 201 56 57 202 50 51 203 52 53 204 58 59 205 57 58 206 51 52 207 53 49 208 59 55 209 58 59 210 52 53 211 60 60 212 65 61 213 59 55 214 54 54 215 55 56 216 61 62 217 60 60 218 54 54 219 56 57 220 62 63 221 61 62 222 55 56 223 57 58 224 63 64 225 62 63 226 56 57 227 58 59 228 64 65 229 63 64 230 57 58 231 59 55 232 65 61 233 64 65 234 58 59 235 66 66 236 71 67 237 65 61 238 60 60 239 61 62 240 67 68 241 66 66 242 60 60 243 62 63 244 68 69 245 67 68 246 61 62 247 63 64 248 69 70 249 68 69 250 62 63 251 64 65 252 70 71 253 69 70 254 63 64 255 65 61 256 71 67 257 70 71 258 64 65 259 72 72 260 77 73 261 71 67 262 66 66 263 67 68 264 73 74 265 72 72 266 66 66 267 68 69 268 74 75 269 73 74 270 67 68 271 69 70 272 75 76 273 74 75 274 68 69 275 70 71 276 76 77 277 75 76 278 69 70 279 71 67 280 77 73 281 76 77 282 70 71 283 204 78 284 209 79 285 203 80 286 198 81 287 79 82 288 85 83 289 84 84 290 78 85 291 80 86 292 86 87 293 85 83 294 79 82 295 81 88 296 87 89 297 86 87 298 80 86 299 82 90 300 88 91 301 87 89 302 81 88 303 83 92 304 89 93 305 88 91 306 82 90 307 90 94 308 95 95 309 89 93 310 84 84 311 85 83 312 91 96 313 90 94 314 84 84 315 86 87 316 92 97 317 91 96 318 85 83 319 87 89 320 93 98 321 92 97 322 86 87 323 88 91 324 94 99 325 93 98 326 87 89 327 89 93 328 95 95 329 94 99 330 88 91 331 96 100 332 101 101 333 95 95 334 90 94 335 91 96 336 97 102 337 96 100 338 90 94 339 92 97 340 98 103 341 97 102 342 91 96 343 93 98 344 99 104 345 98 103 346 92 97 347 94 99 348 100 105 349 99 104 350 93 98 351 95 95 352 101 101 353 100 105 354 94 99 355 102 106 356 107 107 357 101 101 358 96 100 359 97 102 360 103 108 361 102 106 362 96 100 363 98 103 364 104 109 365 103 108 366 97 102 367 99 104 368 105 110 369 104 109 370 98 103 371 100 105 372 106 111 373 105 110 374 99 104 375 101 101 376 107 107 377 106 111 378 100 105 379 108 112 380 113 113 381 107 107 382 102 106 383 103 108 384 109 114 385 108 112 386 102 106 387 104 109 388 110 115 389 109 114 390 103 108 391 105 110 392 111 116 393 110 115 394 104 109 395 106 111 396 112 117 397 111 116 398 105 110 399 107 107 400 113 113 401 112 117 402 106 111 403 114 118 404 119 119 405 113 113 406 108 112 407 109 114 408 115 120 409 114 118 410 108 112 411 110 115 412 116 121 413 115 120 414 109 114 415 111 116 416 117 122 417 116 121 418 110 115 419 112 117 420 118 123 421 117 122 422 111 116 423 113 113 424 119 119 425 118 123 426 112 117 427 120 124 428 125 125 429 119 119 430 114 118 431 115 120 432 121 126 433 120 124 434 114 118 435 116 121 436 122 127 437 121 126 438 115 120 439 117 122 440 123 128 441 122 127 442 116 121 443 118 123 444 124 129 445 123 128 446 117 122 447 119 119 448 125 125 449 124 129 450 118 123 451 126 130 452 131 131 453 125 125 454 120 124 455 121 126 456 127 132 457 126 130 458 120 124 459 122 127 460 128 133 461 127 132 462 121 126 463 123 128 464 129 134 465 128 133 466 122 127 467 124 129 468 130 135 469 129 134 470 123 128 471 125 125 472 131 131 473 130 135 474 124 129 475 132 136 476 137 137 477 131 131 478 126 130 479 127 132 480 133 138 481 132 136 482 126 130 483 128 133 484 134 139 485 133 138 486 127 132 487 129 134 488 135 140 489 134 139 490 128 133 491 130 135 492 136 141 493 135 140 494 129 134 495 131 131 496 137 137 497 136 141 498 130 135 499 6 2 500 11 11 501 5 10 502 0 3 503 139 142 504 145 143 505 144 144 506 138 145 507 140 146 508 146 147 509 145 143 510 139 142 511 141 148 512 147 149 513 146 147 514 140 146 515 142 150 516 148 151 517 147 149 518 141 148 519 143 152 520 149 153 521 148 151 522 142 150 523 150 154 524 155 155 525 149 153 526 144 144 527 145 143 528 151 156 529 150 154 530 144 144 531 146 147 532 152 157 533 151 156 534 145 143 535 147 149 536 153 158 537 152 157 538 146 147 539 148 151 540 154 159 541 153 158 542 147 149 543 149 153 544 155 155 545 154 159 546 148 151 547 156 160 548 161 161 549 155 155 550 150 154 551 151 156 552 157 162 553 156 160 554 150 154 555 152 157 556 158 163 557 157 162 558 151 156 559 153 158 560 159 164 561 158 163 562 152 157 563 154 159 564 160 165 565 159 164 566 153 158 567 155 155 568 161 161 569 160 165 570 154 159 571 162 166 572 167 167 573 161 161 574 156 160 575 157 162 576 163 168 577 162 166 578 156 160 579 158 163 580 164 169 581 163 168 582 157 162 583 159 164 584 165 170 585 164 169 586 158 163 587 160 165 588 166 171 589 165 170 590 159 164 591 161 161 592 167 167 593 166 171 594 160 165 595 168 172 596 173 173 597 167 167 598 162 166 599 163 168 600 169 174 601 168 172 602 162 166 603 164 169 604 170 175 605 169 174 606 163 168 607 165 170 608 171 176 609 170 175 610 164 169 611 166 171 612 172 177 613 171 176 614 165 170 615 167 167 616 173 173 617 172 177 618 166 171 619 174 178 620 179 179 621 173 173 622 168 172 623 169 174 624 175 180 625 174 178 626 168 172 627 170 175 628 176 181 629 175 180 630 169 174 631 171 176 632 177 182 633 176 181 634 170 175 635 172 177 636 178 183 637 177 182 638 171 176 639 173 173 640 179 179 641 178 183 642 172 177 643 180 184 644 185 185 645 179 179 646 174 178 647 175 180 648 181 186 649 180 184 650 174 178 651 176 181 652 182 187 653 181 186 654 175 180 655 177 182 656 183 188 657 182 187 658 176 181 659 178 183 660 184 189 661 183 188 662 177 182 663 179 179 664 185 185 665 184 189 666 178 183 667 186 190 668 191 191 669 185 185 670 180 184 671 181 186 672 187 192 673 186 190 674 180 184 675 182 187 676 188 193 677 187 192 678 181 186 679 183 188 680 189 194 681 188 193 682 182 187 683 184 189 684 190 195 685 189 194 686 183 188 687 185 185 688 191 191 689 190 195 690 184 189 691 192 196 692 197 197 693 191 191 694 186 190 695 187 192 696 193 198 697 192 196 698 186 190 699 188 193 700 194 199 701 193 198 702 187 192 703 189 194 704 195 200 705 194 199 706 188 193 707 190 195 708 196 201 709 195 200 710 189 194 711 191 191 712 197 197 713 196 201 714 190 195 715 84 84 716 89 93 717 83 92 718 78 85 719 199 202 720 205 203 721 204 78 722 198 81 723 200 204 724 206 205 725 205 203 726 199 202 727 201 206 728 207 207 729 206 205 730 200 204 731 202 208 732 208 209 733 207 207 734 201 206 735 203 80 736 209 79 737 208 209 738 202 208 739 210 210 740 215 211 741 209 79 742 204 78 743 205 203 744 211 212 745 210 210 746 204 78 747 206 205 748 212 213 749 211 212 750 205 203 751 207 207 752 213 214 753 212 213 754 206 205 755 208 209 756 214 215 757 213 214 758 207 207 759 209 79 760 215 211 761 214 215 762 208 209 763 216 216 764 221 217 765 215 211 766 210 210 767 211 212 768 217 218 769 216 216 770 210 210 771 212 213 772 218 219 773 217 218 774 211 212 775 213 214 776 219 220 777 218 219 778 212 213 779 214 215 780 220 221 781 219 220 782 213 214 783 215 211 784 221 217 785 220 221 786 214 215 787 222 222 788 227 223 789 221 217 790 216 216 791 217 218 792 223 224 793 222 222 794 216 216 795 218 219 796 224 225 797 223 224 798 217 218 799 219 220 800 225 226 801 224 225 802 218 219 803 220 221 804 226 227 805 225 226 806 219 220 807 221 217 808 227 223 809 226 227 810 220 221 811 228 228 812 233 229 813 227 223 814 222 222 815 223 224 816 229 230 817 228 228 818 222 222 819 224 225 820 230 231 821 229 230 822 223 224 823 225 226 824 231 232 825 230 231 826 224 225 827 226 227 828 232 233 829 231 232 830 225 226 831 227 223 832 233 229 833 232 233 834 226 227 835 234 234 836 239 235 837 233 229 838 228 228 839 229 230 840 235 236 841 234 234 842 228 228 843 230 231 844 236 237 845 235 236 846 229 230 847 231 232 848 237 238 849 236 237 850 230 231 851 232 233 852 238 239 853 237 238 854 231 232 855 233 229 856 239 235 857 238 239 858 232 233 859 240 240 860 245 241 861 239 235 862 234 234 863 235 236 864 241 242 865 240 240 866 234 234 867 236 237 868 242 243 869 241 242 870 235 236 871 237 238 872 243 244 873 242 243 874 236 237 875 238 239 876 244 245 877 243 244 878 237 238 879 239 235 880 245 241 881 244 245 882 238 239 883 246 246 884 251 247 885 245 241 886 240 240 887 241 242 888 247 248 889 246 246 890 240 240 891 242 243 892 248 249 893 247 248 894 241 242 895 243 244 896 249 250 897 248 249 898 242 243 899 244 245 900 250 251 901 249 250 902 243 244 903 245 241 904 251 247 905 250 251 906 244 245 907 252 252 908 257 253 909 251 247 910 246 246 911 247 248 912 253 254 913 252 252 914 246 246 915 248 249 916 254 255 917 253 254 918 247 248 919 249 250 920 255 256 921 254 255 922 248 249 923 250 251 924 256 257 925 255 256 926 249 250 927 251 247 928 257 253 929 256 257 930 250 251 931 258 258 932 263 259 933 257 253 934 252 252 935 253 254 936 259 260 937 258 258 938 252 252 939 254 255 940 260 261 941 259 260 942 253 254 943 255 256 944 261 262 945 260 261 946 254 255 947 256 257 948 262 263 949 261 262 950 255 256 951 257 253 952 263 259 953 262 263 954 256 257 955 264 264 956 269 265 957 263 259 958 258 258 959 259 260 960 265 266 961 264 264 962 258 258 963 260 261 964 266 267 965 265 266 966 259 260 967 261 262 968 267 268 969 266 267 970 260 261 971 262 263 972 268 269 973 267 268 974 261 262 975 263 259 976 269 265 977 268 269 978 262 263 979 270 270 980 275 271 981 269 265 982 264 264 983 265 266 984 271 272 985 270 270 986 264 264 987 266 267 988 272 273 989 271 272 990 265 266 991 267 268 992 273 274 993 272 273 994 266 267 995 268 269 996 274 275 997 273 274 998 267 268 999 269 265 1000 275 271 1001 274 275 1002 268 269 1003 144 144 1004 149 153 1005 143 152 1006 138 145 1007 276 276 1008 280 276 1009 282 276 1010 278 276 1011 279 277 1012 278 277 1013 282 277 1014 283 277 1015 283 278 1016 282 279 1017 280 280 1018 281 281 1019 281 281 1020 277 282 1021 279 283 1022 283 278 1023 277 282 1024 276 284 1025 278 285 1026 279 283 1027 281 286 1028 280 286 1029 276 286 1030 277 286 1031 284 276 1032 288 276 1033 290 276 1034 286 276 1035 287 287 1036 286 287 1037 290 287 1038 291 287 1039 291 282 1040 290 284 1041 288 285 1042 289 283 1043 289 283 1044 285 278 1045 287 281 1046 291 282 1047 285 278 1048 284 279 1049 286 280 1050 287 281 1051 289 288 1052 288 288 1053 284 288 1054 285 288 1055 292 276 1056 296 276 1057 298 276 1058 294 276 1059 295 289 1060 294 289 1061 298 289 1062 299 289 1063 299 278 1064 298 279 1065 296 280 1066 297 281 1067 297 281 1068 293 282 1069 295 283 1070 299 278 1071 293 282 1072 292 284 1073 294 285 1074 295 283 1075 297 290 1076 296 290 1077 292 290 1078 293 290 1079 300 291 1080 304 291 1081 306 291 1082 302 291 1083 303 292 1084 302 292 1085 306 292 1086 307 292 1087 307 282 1088 306 284 1089 304 285 1090 305 283 1091 305 283 1092 301 278 1093 303 281 1094 307 282 1095 301 278 1096 300 279 1097 302 280 1098 303 281 1099 305 293 1100 304 293 1101 300 293 1102 301 293 1103 308 294 1104 312 294 1105 314 294 1106 310 294 1107 311 295 1108 310 295 1109 314 295 1110 315 295 1111 315 296 1112 314 296 1113 312 296 1114 313 296 1115 313 297 1116 309 297 1117 311 297 1118 315 297 1119 309 298 1120 308 298 1121 310 298 1122 311 298 1123 313 299 1124 312 299 1125 308 299 1126 309 299 1127 316 295 1128 317 295 1129 319 300 1130 318 300 1131 318 300 1132 319 300 1133 321 301 1134 320 301 1135 320 301 1136 321 301 1137 323 302 1138 322 302 1139 322 302 1140 323 302 1141 325 303 1142 324 303 1143 324 303 1144 325 303 1145 327 304 1146 326 304 1147 326 304 1148 327 304 1149 329 305 1150 328 305 1151 328 305 1152 329 305 1153 331 306 1154 330 306 1155 330 306 1156 331 306 1157 317 295 1158 316 295 1159 332 295 1160 333 295 1161 335 300 1162 334 300 1163 334 300 1164 335 300 1165 337 301 1166 336 301 1167 336 301 1168 337 301 1169 339 302 1170 338 302 1171 338 302 1172 339 302 1173 341 303 1174 340 303 1175 340 303 1176 341 303 1177 343 304 1178 342 304 1179 342 304 1180 343 304 1181 345 305 1182 344 305 1183 344 305 1184 345 305 1185 347 306 1186 346 306 1187 346 306 1188 347 306 1189 333 295 1190 332 295 1191 348 295 1192 349 295 1193 351 300 1194 350 300 1195 350 300 1196 351 300 1197 353 301 1198 352 301 1199 352 301 1200 353 301 1201 355 302 1202 354 302 1203 354 302 1204 355 302 1205 357 303 1206 356 303 1207 356 303 1208 357 303 1209 359 304 1210 358 304 1211 358 304 1212 359 304 1213 361 305 1214 360 305 1215 360 305 1216 361 305 1217 363 306 1218 362 306 1219 362 306 1220 363 306 1221 349 295 1222 348 295 1223 364 295 1224 365 295 1225 367 300 1226 366 300 1227 366 300 1228 367 300 1229 369 301 1230 368 301 1231 368 301 1232 369 301 1233 371 302 1234 370 302 1235 370 302 1236 371 302 1237 373 303 1238 372 303 1239 372 303 1240 373 303 1241 375 304 1242 374 304 1243 374 304 1244 375 304 1245 377 305 1246 376 305 1247 376 305 1248 377 305 1249 379 306 1250 378 306 1251 378 306 1252 379 306 1253 365 295 1254 364 295 1255 380 295 1256 381 295 1257 383 300 1258 382 300 1259 382 300 1260 383 300 1261 385 301 1262 384 301 1263 384 301 1264 385 301 1265 387 302 1266 386 302 1267 386 302 1268 387 302 1269 389 303 1270 388 303 1271 388 303 1272 389 303 1273 391 304 1274 390 304 1275 390 304 1276 391 304 1277 393 305 1278 392 305 1279 392 305 1280 393 305 1281 395 306 1282 394 306 1283 394 306 1284 395 306 1285 381 295 1286 380 295 1287</p>
        </polylist>
      </mesh>
    </geometry>
    <geometry id="escalera-aluminio-mesh" name="escalera-aluminio">
      <mesh>
        <source id="escalera-aluminio-mesh-positions">
          <float_array id="escalera-aluminio-mesh-positions-array" count="1539">-0.007059335 0.1747309 0.03303068 -1.19209e-7 0.1817902 0.02597141 -0.002067804 0.1797225 0.03096312 -0.007059335 0.1747309 -0.03303068 -1.19209e-7 0.1817902 -0.02597141 -0.002067804 0.1797225 -0.03096312 -0.007059335 -0.1662245 0.03303068 -1.19209e-7 -0.1732838 0.02597141 -0.002067804 -0.1712161 0.03096312 -0.007059335 -0.1662245 -0.03303068 -1.19209e-7 -0.1732838 -0.02597141 -0.002067804 -0.1712161 -0.03096312 -2.592941 0.1747309 0.03303068 -2.6 0.1817902 0.02597141 -2.597933 0.1797225 0.03096312 -2.592941 0.1747309 -0.03303068 -2.6 0.1817902 -0.02597141 -2.597933 0.1797225 -0.03096312 -2.592941 -0.1662245 0.03303068 -2.6 -0.1732838 0.02597141 -2.597933 -0.1712161 0.03096312 -2.592941 -0.1662245 -0.03303068 -2.6 -0.1732838 -0.02597141 -2.597933 -0.1712161 -0.03096312 -0.007059335 0.1442428 -0.03303068 -1.19209e-7 0.1442428 -0.02597141 -0.002067804 0.1442428 -0.03096312 -1.19209e-7 -0.1442428 -0.02597141 -0.007059335 -0.1442428 -0.03303068 -0.002067804 -0.1442428 -0.03096312 -2.592941 0.1442428 0.03303068 -2.6 0.1442428 0.02597141 -2.597933 0.1442428 0.03096312 -2.6 -0.1442428 0.02597141 -2.592941 -0.1442428 0.03303068 -2.597933 -0.1442428 0.03096312 -0.007059335 -0.1442428 0.03303068 -1.19209e-7 -0.1442428 0.02597141 -0.002067804 -0.1442428 0.03096312 -1.19209e-7 0.1442428 0.02597141 -0.007059335 0.1442428 0.03303068 -0.002067804 0.1442428 0.03096312 -2.592941 -0.1442428 -0.03303068 -2.6 -0.1442428 -0.02597141 -2.597933 -0.1442428 -0.03096312 -2.6 0.1442428 -0.02597141 -2.592941 0.1442428 -0.03303068 -2.597933 0.1442428 -0.03096312 -0.8690199 -0.1662245 0.03303068 -1.73098 -0.1662245 0.03303068 -1.732644 -0.1712161 0.03096312 -0.8673561 -0.1712161 0.03096312 -1.733334 -0.1732838 0.02597141 -0.8666669 -0.1732838 0.02597141 -1.73098 -0.1662245 -0.03303068 -0.8690199 -0.1662245 -0.03303068 -0.8673561 -0.1712161 -0.03096312 -1.732644 -0.1712161 -0.03096312 -0.8666669 -0.1732838 -0.02597141 -1.733334 -0.1732838 -0.02597141 -0.8690199 -0.1442428 0.03303068 -1.73098 -0.1442428 0.03303068 -1.73098 -0.1442428 -0.03303068 -0.8690199 -0.1442428 -0.03303068 -0.8690199 0.1747309 -0.03303068 -1.73098 0.1747309 -0.03303068 -1.732644 0.1797225 -0.03096312 -0.8673561 0.1797225 -0.03096312 -1.733334 0.1817902 -0.02597141 -0.8666669 0.1817902 -0.02597141 -1.73098 0.1747309 0.03303068 -0.8690199 0.1747309 0.03303068 -0.8673561 0.1797225 0.03096312 -1.732644 0.1797225 0.03096312 -0.8666669 0.1817902 0.02597141 -1.733334 0.1817902 0.02597141 -1.73098 0.1442428 0.03303068 -0.8690199 0.1442428 0.03303068 -0.8690199 0.1442428 -0.03303068 -1.73098 0.1442428 -0.03303068 -0.1210548 -0.1732838 -0.01313453 -0.1210548 0.1817901 -0.01313453 -0.1210548 -0.1442428 -0.01313453 -0.1210548 0.1442428 -0.01313453 -0.1210548 -0.1732838 0.01313453 -0.1210548 0.1817901 0.01313453 -0.1210548 -0.1442428 0.01313453 -0.1210548 0.1442428 0.01313453 -0.1259202 -0.1732838 0.01799994 -0.1259202 0.1817901 0.01799994 -0.1259202 -0.1442428 0.01799994 -0.1259202 0.1442428 0.01799994 -0.1259202 -0.1732838 -0.01799994 -0.1259202 0.1817901 -0.01799994 -0.1259202 -0.1442428 -0.01799994 -0.1259202 0.1442428 -0.01799994 -0.1448678 -0.1732838 -0.01799994 -0.1448678 0.1817901 -0.01799994 -0.1448678 -0.1442428 -0.01799994 -0.1448678 0.1442428 -0.01799994 -0.1448678 -0.1732838 0.01799994 -0.1448678 0.1817901 0.01799994 -0.1448678 -0.1442428 0.01799994 -0.1448678 0.1442428 0.01799994 -0.1497333 -0.1732838 -0.01313453 -0.1497333 0.1817901 -0.01313453 -0.1497333 -0.1442428 -0.01313453 -0.1497333 0.1442428 -0.01313453 -0.40784 -0.1732838 -0.01313453 -0.40784 0.1817901 -0.01313453 -0.40784 -0.1442428 -0.01313453 -0.40784 0.1442428 -0.01313453 -0.1497333 -0.1732838 0.01313453 -0.1497333 0.1817901 0.01313453 -0.1497333 -0.1442428 0.01313453 -0.1497333 0.1442428 0.01313453 -0.4127054 -0.1732838 -0.01799994 -0.4127054 0.1817901 -0.01799994 -0.4127054 -0.1442428 -0.01799994 -0.4127054 0.1442428 -0.01799994 -0.40784 -0.1732838 0.01313453 -0.40784 0.1817901 0.01313453 -0.40784 0.1442428 0.01313453 -0.40784 -0.1442428 0.01313453 -0.4127054 -0.1732838 0.01799994 -0.4127054 0.1817901 0.01799994 -0.4127054 0.1442428 0.01799994 -0.4127054 -0.1442428 0.01799994 -0.431653 -0.1732838 0.01799994 -0.4316531 0.1817901 0.01799994 -0.431653 0.1442428 0.01799994 -0.431653 -0.1442428 0.01799994 -0.4365184 -0.1732838 -0.01313453 -0.4365185 0.1817901 -0.01313453 -0.4365184 -0.1442428 -0.01313453 -0.4365184 0.1442428 -0.01313453 -0.6946251 -0.1732838 0.01313453 -0.6946251 0.1817901 0.01313453 -0.6946251 0.1442428 0.01313453 -0.6946251 -0.1442428 0.01313453 -0.4365184 -0.1732838 0.01313453 -0.4365185 0.1817901 0.01313453 -0.4365184 0.1442428 0.01313453 -0.4365184 -0.1442428 0.01313453 -0.6994906 -0.1732838 0.01799994 -0.6994906 0.1817901 0.01799994 -0.6994906 0.1442428 0.01799994 -0.6994906 -0.1442428 0.01799994 -0.6994906 -0.1732838 -0.01799994 -0.6994906 0.1817901 -0.01799994 -0.6994906 0.1442428 -0.01799994 -0.6994906 -0.1442428 -0.01799994 -0.431653 -0.1732838 -0.01799994 -0.4316531 0.1817901 -0.01799994 -0.431653 -0.1442428 -0.01799994 -0.431653 0.1442428 -0.01799994 -0.6946251 -0.1732838 -0.01313453 -0.6946251 0.1817901 -0.01313453 -0.6946251 0.1442428 -0.01313453 -0.6946251 -0.1442428 -0.01313453 -0.7233036 -0.1732838 0.01313453 -0.7233036 0.1817901 0.01313453 -0.7233036 0.1442428 0.01313453 -0.7233036 -0.1442428 0.01313453 -0.7184382 -0.1732838 0.01799994 -0.7184382 0.1817901 0.01799994 -0.7184382 0.1442428 0.01799994 -0.7184382 -0.1442428 0.01799994 -0.7184382 -0.1732838 -0.01799994 -0.7184382 0.1817901 -0.01799994 -0.7184382 0.1442428 -0.01799994 -0.7184382 -0.1442428 -0.01799994 -0.7233036 -0.1732838 -0.01313453 -0.7233036 0.1817901 -0.01313453 -0.7233036 0.1442428 -0.01313453 -0.7233036 -0.1442428 -0.01313453 -0.9814103 0.1817901 0.01313453 -0.9814103 -0.1732838 0.01313453 -0.9814103 0.1442428 0.01313453 -0.9814103 -0.1442428 0.01313453 -0.9814103 0.1817901 -0.01313453 -0.9814103 -0.1732838 -0.01313453 -0.9814103 0.1442428 -0.01313453 -0.9814103 -0.1442428 -0.01313453 -0.9862757 0.1817901 0.01799994 -0.9862757 -0.1732838 0.01799994 -0.9862757 0.1442428 0.01799994 -0.9862757 -0.1442428 0.01799994 -0.9862757 0.1817901 -0.01799994 -0.9862757 -0.1732838 -0.01799994 -0.9862757 0.1442428 -0.01799994 -0.9862757 -0.1442428 -0.01799994 -1.005223 -0.1732838 -0.01799994 -1.005223 0.1817901 -0.01799994 -1.005223 0.1442428 -0.01799994 -1.005223 -0.1442428 -0.01799994 -1.005223 0.1817901 0.01799994 -1.005223 -0.1732838 0.01799994 -1.005223 0.1442428 0.01799994 -1.005223 -0.1442428 0.01799994 -1.010089 0.1817901 -0.01313453 -1.010089 -0.1732838 -0.01313453 -1.010089 0.1442428 -0.01313453 -1.010089 -0.1442428 -0.01313453 -1.273061 -0.1732838 -0.01799994 -1.273061 0.1817901 -0.01799994 -1.273061 -0.1442428 -0.01799994 -1.273061 0.1442428 -0.01799994 -1.268195 0.1817901 0.01313453 -1.268195 -0.1732838 0.01313453 -1.268195 0.1442428 0.01313453 -1.268195 -0.1442428 0.01313453 -1.010089 0.1817901 0.01313453 -1.010089 -0.1732838 0.01313453 -1.010089 0.1442428 0.01313453 -1.010089 -0.1442428 0.01313453 -1.268195 -0.1732838 -0.01313453 -1.268195 0.1817901 -0.01313453 -1.268195 -0.1442428 -0.01313453 -1.268195 0.1442428 -0.01313453 -1.273061 0.1817901 0.01799994 -1.273061 -0.1732838 0.01799994 -1.273061 0.1442428 0.01799994 -1.273061 -0.1442428 0.01799994 -1.292008 -0.1732838 -0.01799994 -1.292008 0.1817901 -0.01799994 -1.292008 -0.1442428 -0.01799994 -1.292008 0.1442428 -0.01799994 -1.268195 0.1817902 0.001906156 -1.296874 -0.1732838 -0.01313453 -1.296874 0.1817901 -0.01313453 -1.296874 -0.1442428 -0.01313453 -1.296874 0.1442428 -0.01313453 -1.292008 0.1817901 0.01799994 -1.292008 -0.1732838 0.01799994 -1.292008 0.1442428 0.01799994 -1.292008 -0.1442428 0.01799994 -1.296874 0.1817901 0.01313453 -1.296874 -0.1732838 0.01313453 -1.296874 0.1442428 0.01313453 -1.296874 -0.1442428 0.01313453 -1.55498 0.1817901 -0.01313453 -1.55498 -0.1732838 -0.01313453 -1.55498 -0.1442428 -0.01313453 -1.55498 0.1442428 -0.01313453 -1.55498 0.1817901 0.01313453 -1.55498 -0.1732838 0.01313453 -1.55498 -0.1442428 0.01313453 -1.55498 0.1442428 0.01313453 -1.559846 0.1817901 0.01799994 -1.559846 -0.1732838 0.01799994 -1.559846 -0.1442428 0.01799994 -1.559846 0.1442428 0.01799994 -1.559846 -0.1732838 -0.01799994 -1.559846 0.1817901 -0.01799994 -1.559846 -0.1442428 -0.01799994 -1.559846 0.1442428 -0.01799994 -1.578794 -0.1732838 -0.01799994 -1.578793 0.1817901 -0.01799994 -1.578794 -0.1442428 -0.01799994 -1.578794 0.1442428 -0.01799994 -1.583659 0.1817901 -0.01313453 -1.583659 -0.1732838 -0.01313453 -1.583659 -0.1442428 -0.01313453 -1.583659 0.1442428 -0.01313453 -1.578793 0.1817901 0.01799994 -1.578794 -0.1732838 0.01799994 -1.578794 -0.1442428 0.01799994 -1.578794 0.1442428 0.01799994 -1.846631 -0.1442428 -0.01799994 -1.846631 0.1442428 -0.01799994 -1.846631 -0.1732838 -0.01799994 -1.846631 0.1817901 -0.01799994 -1.841765 -0.1442428 0.01313453 -1.841765 0.1442428 0.01313453 -1.841765 -0.1732838 0.01313453 -1.841765 0.1817901 0.01313453 -1.583659 0.1817901 0.01313453 -1.583659 -0.1732838 0.01313453 -1.583659 -0.1442428 0.01313453 -1.583659 0.1442428 0.01313453 -1.841765 -0.1442428 -0.01313453 -1.841765 0.1442428 -0.01313453 -1.841765 -0.1732838 -0.01313453 -1.841765 0.1817901 -0.01313453 -1.865579 -0.1442428 0.01799994 -1.865578 0.1442428 0.01799994 -1.865579 -0.1732838 0.01799994 -1.865579 0.1817901 0.01799994 -1.865579 -0.1442428 -0.01799994 -1.865578 0.1442428 -0.01799994 -1.865579 -0.1732838 -0.01799994 -1.865579 0.1817901 -0.01799994 -1.846631 -0.1442428 0.01799994 -1.846631 0.1442428 0.01799994 -1.846631 -0.1732838 0.01799994 -1.846631 0.1817901 0.01799994 -1.870444 -0.1442428 0.01313453 -1.870444 0.1442428 0.01313453 -1.870444 -0.1732838 0.01313453 -1.870444 0.1817901 0.01313453 -1.870444 -0.1442428 -0.01313453 -1.870444 0.1442428 -0.01313453 -1.870444 -0.1732838 -0.01313453 -1.870444 0.1817901 -0.01313453 -2.128551 -0.1442428 0.01313453 -2.128551 0.1442428 0.01313453 -2.128551 -0.1732838 0.01313453 -2.128551 0.1817901 0.01313453 -2.128551 -0.1442428 -0.01313453 -2.128551 0.1442428 -0.01313453 -2.128551 -0.1732838 -0.01313453 -2.128551 0.1817901 -0.01313453 -2.133416 -0.1442428 -0.01799994 -2.133416 0.1442428 -0.01799994 -2.133416 -0.1732838 -0.01799994 -2.133416 0.1817901 -0.01799994 -2.133416 -0.1442428 0.01799994 -2.133416 0.1442428 0.01799994 -2.133416 -0.1732838 0.01799994 -2.133416 0.1817901 0.01799994 -2.152364 -0.1442428 0.01799994 -2.152364 0.1442428 0.01799994 -2.152364 -0.1732838 0.01799994 -2.152364 0.1817901 0.01799994 -2.157229 -0.1442428 0.01313453 -2.157229 0.1442428 0.01313453 -2.157229 -0.1732838 0.01313453 -2.157229 0.1817901 0.01313453 -2.152364 -0.1442428 -0.01799994 -2.152364 0.1442428 -0.01799994 -2.152364 -0.1732838 -0.01799994 -2.152364 0.1817901 -0.01799994 -2.420201 -0.1442428 -0.01799994 -2.420201 0.1442428 -0.01799994 -2.420201 -0.1732838 -0.01799994 -2.420201 0.1817901 -0.01799994 -2.415336 -0.1442428 0.01313453 -2.415336 0.1442428 0.01313453 -2.415336 -0.1732838 0.01313453 -2.415336 0.1817901 0.01313453 -2.157229 -0.1442428 -0.01313453 -2.157229 0.1442428 -0.01313453 -2.157229 -0.1732838 -0.01313453 -2.157229 0.1817901 -0.01313453 -2.415336 -0.1442428 -0.01313453 -2.415336 0.1442428 -0.01313453 -2.415336 -0.1732838 -0.01313453 -2.415336 0.1817901 -0.01313453 -2.439149 -0.1442428 0.01799994 -2.439148 0.1442428 0.01799994 -2.439149 -0.1732838 0.01799994 -2.439149 0.1817901 0.01799994 -2.439149 -0.1442428 -0.01799994 -2.439149 0.1442428 -0.01799994 -2.439149 -0.1732838 -0.01799994 -2.439149 0.1817901 -0.01799994 -2.420201 -0.1442428 0.01799994 -2.420201 0.1442428 0.01799994 -2.420201 -0.1732838 0.01799994 -2.420201 0.1817901 0.01799994 -2.444014 -0.1442428 0.01313453 -2.444014 0.1442428 0.01313453 -2.444014 -0.1732838 0.01313453 -2.444014 0.1817901 0.01313453 -2.444014 -0.1442428 -0.01313453 -2.444014 0.1442428 -0.01313453 -2.444014 -0.1732838 -0.01313453 -2.444014 0.1817901 -0.01313453 -2.420201 0.1598289 0.01799994 -2.415336 0.1598289 0.01313453 -2.415336 0.1598289 -0.01313453 -2.420201 0.1598289 -0.01799994 -2.415336 -0.1525886 0.01313453 -2.420201 -0.1525886 0.01799994 -2.420201 -0.1525886 -0.01799994 -2.415336 -0.1525886 -0.01313453 -2.444014 0.1598289 0.01313453 -2.439149 0.1598289 0.01799994 -2.439149 0.1598289 -0.01799994 -2.444014 0.1598289 -0.01313453 -2.439149 -0.1525886 0.01799994 -2.444014 -0.1525886 0.01313453 -2.444014 -0.1525886 -0.01313453 -2.439149 -0.1525886 -0.01799994 -2.133416 0.1598289 0.01799994 -2.128551 0.1598289 0.01313453 -2.128551 0.1598289 -0.01313453 -2.133416 0.1598289 -0.01799994 -2.128551 -0.1525886 0.01313453 -2.133416 -0.1525886 0.01799994 -2.133416 -0.1525886 -0.01799994 -2.128551 -0.1525886 -0.01313453 -2.157229 0.1598289 0.01313453 -2.152364 0.1598289 0.01799994 -2.152364 0.1598289 -0.01799994 -2.157229 0.1598289 -0.01313453 -2.152364 -0.1525886 0.01799994 -2.157229 -0.1525886 0.01313453 -2.157229 -0.1525886 -0.01313453 -2.152364 -0.1525886 -0.01799994 -1.846631 0.1598289 0.01799994 -1.841765 0.1598289 0.01313453 -1.841765 0.1598289 -0.01313453 -1.846631 0.1598289 -0.01799994 -1.841765 -0.1525886 0.01313453 -1.846631 -0.1525886 0.01799994 -1.846631 -0.1525886 -0.01799994 -1.841765 -0.1525886 -0.01313453 -1.870444 0.1598289 0.01313453 -1.865579 0.1598289 0.01799994 -1.865579 0.1598289 -0.01799994 -1.870444 0.1598289 -0.01313453 -1.865579 -0.1525886 0.01799994 -1.870444 -0.1525886 0.01313453 -1.870444 -0.1525886 -0.01313453 -1.865579 -0.1525886 -0.01799994 -1.559846 0.1598289 0.01799994 -1.55498 0.1598289 0.01313453 -1.55498 0.1598289 -0.01313453 -1.559846 0.1598289 -0.01799994 -1.55498 -0.1525886 0.01313453 -1.559846 -0.1525886 0.01799994 -1.559846 -0.1525886 -0.01799994 -1.55498 -0.1525886 -0.01313453 -1.583659 0.1598289 0.01313453 -1.578794 0.1598289 0.01799994 -1.578794 0.1598289 -0.01799994 -1.583659 0.1598289 -0.01313453 -1.578794 -0.1525886 0.01799994 -1.583659 -0.1525886 0.01313453 -1.583659 -0.1525886 -0.01313453 -1.578794 -0.1525886 -0.01799994 -1.273061 0.1598289 0.01799994 -1.268195 0.1598289 0.01313453 -1.268195 0.1598289 -0.01313453 -1.273061 0.1598289 -0.01799994 -1.268195 -0.1525886 0.01313453 -1.273061 -0.1525886 0.01799994 -1.273061 -0.1525886 -0.01799994 -1.268195 -0.1525886 -0.01313453 -1.296874 0.1598289 0.01313453 -1.292008 0.1598289 0.01799994 -1.292008 0.1598289 -0.01799994 -1.296874 0.1598289 -0.01313453 -1.292008 -0.1525886 0.01799994 -1.296874 -0.1525886 0.01313453 -1.296874 -0.1525886 -0.01313453 -1.292008 -0.1525886 -0.01799994 -0.9862757 0.1598289 0.01799994 -0.9814103 0.1598289 0.01313453 -0.9814103 0.1598289 -0.01313453 -0.9862757 0.1598289 -0.01799994 -0.9814103 -0.1525886 0.01313453 -0.9862757 -0.1525886 0.01799994 -0.9862757 -0.1525886 -0.01799994 -0.9814103 -0.1525886 -0.01313453 -1.010089 0.1598289 0.01313453 -1.005223 0.1598289 0.01799994 -1.005223 0.1598289 -0.01799994 -1.010089 0.1598289 -0.01313453 -1.005223 -0.1525886 0.01799994 -1.010089 -0.1525886 0.01313453 -1.010089 -0.1525886 -0.01313453 -1.005223 -0.1525886 -0.01799994 -0.6994906 0.1598289 0.01799994 -0.6946251 0.1598289 0.01313453 -0.6946251 0.1598289 -0.01313453 -0.6994906 0.1598289 -0.01799994 -0.6946251 -0.1525886 0.01313453 -0.6994906 -0.1525886 0.01799994 -0.6994906 -0.1525886 -0.01799994 -0.6946251 -0.1525886 -0.01313453 -0.7233036 0.1598289 0.01313453 -0.7184382 0.1598289 0.01799994 -0.7184382 0.1598289 -0.01799994 -0.7233036 0.1598289 -0.01313453 -0.7184382 -0.1525886 0.01799994 -0.7233036 -0.1525886 0.01313453 -0.7233036 -0.1525886 -0.01313453 -0.7184382 -0.1525886 -0.01799994 -0.4127054 0.1598289 0.01799994 -0.40784 0.1598289 0.01313453 -0.40784 0.1598289 -0.01313453 -0.4127054 0.1598289 -0.01799994 -0.40784 -0.1525886 0.01313453 -0.4127054 -0.1525886 0.01799994 -0.4127054 -0.1525886 -0.01799994 -0.40784 -0.1525886 -0.01313453 -0.4365184 0.1598289 0.01313453 -0.431653 0.1598289 0.01799994 -0.431653 0.1598289 -0.01799994 -0.4365184 0.1598289 -0.01313453 -0.431653 -0.1525886 0.01799994 -0.4365184 -0.1525886 0.01313453 -0.4365184 -0.1525886 -0.01313453 -0.431653 -0.1525886 -0.01799994 -0.1259202 0.1598289 0.01799994 -0.1210548 0.1598289 0.01313453 -0.1210548 0.1598289 -0.01313453 -0.1259202 0.1598289 -0.01799994 -0.1210548 -0.1525886 0.01313453 -0.1259202 -0.1525886 0.01799994 -0.1259202 -0.1525886 -0.01799994 -0.1210548 -0.1525886 -0.01313453 -0.1497333 0.1598289 0.01313453 -0.1448678 0.1598289 0.01799994 -0.1448678 0.1598289 -0.01799994 -0.1497333 0.1598289 -0.01313453 -0.1448678 -0.1525886 0.01799994 -0.1497333 -0.1525886 0.01313453 -0.1497333 -0.1525886 -0.01313453 -0.1448678 -0.1525886 -0.01799994</float_array>
          <technique_common>
            <accessor source="#escalera-aluminio-mesh-positions-array" count="513" stride="3">
              <param name="X" type="float"/>
              <param name="Y" type="float"/>
              <param name="Z" type="float"/>
            </accessor>
          </technique_common>
        </source>
        <source id="escalera-aluminio-mesh-normals">
          <float_array id="escalera-aluminio-mesh-normals-array" count="324">0 1 -3.99746e-7 -1 0 0 0 0 1 0 0 -1 1 0 0 0 -1 1.76342e-7 0 1 -1.76564e-6 0 -1 -1.11863e-6 -0.382692 0 -0.9238761 -0.9238671 0 -0.3827137 0.382692 0 0.9238761 0.9238748 0 0.3826949 -0.3826919 0 0.9238761 -0.9238669 0 0.3827139 -0.3826918 0 -0.9238761 -0.9238671 0 -0.3827136 0.3826919 0 -0.9238761 0.9238749 0 -0.3826946 0 0.3826869 -0.9238781 0 0.9238772 -0.3826891 0 -0.3826857 0.9238787 0 -0.9238772 0.3826894 0 -0.3826858 -0.9238786 0 -0.9238761 -0.3826919 0.3826919 0 -0.9238761 0.9238749 0 -0.3826948 -0.3826915 -2.75868e-6 0.9238762 -0.9238671 -6.15455e-6 0.3827135 0.3826918 0 0.9238761 0.9238749 0 0.3826949 0 0.3826869 0.9238781 0 0.9238771 0.3826894 0 -0.9238772 -0.3826891 0 -0.9238772 -0.3826891 0 -0.3826857 -0.9238787 0 -0.3826858 -0.9238787 0 -0.923876 0.3826922 0 -0.3826858 0.9238786 0 -0.3826858 0.9238787 0 -1 0 0 -1 -1.98151e-7 0 1 -1.9222e-6 0 1 -1.15199e-6 0 0.9238772 0.3826894 0 0.923876 0.3826921 0 0.3826869 0.9238781 0 0.3826858 0.9238787 0 0.9238772 -0.3826892 0 0.9238761 -0.3826918 0 0.3826869 -0.9238781 0 0.3826858 -0.9238787 0 0 1 0 -1 -1.29969e-7 0 -1 0 0 0 -1 0 1 9.81593e-7 0 1 -5.42099e-7 1 1.41382e-7 0 0 1 -5.5433e-7 0 1 0 0.7071095 9.01209e-7 0.7071042 0.7071093 0 0.7071042 0.7071051 -1.80241e-6 0.7071085 0.7071096 0 0.707104 -0.7071094 0 -0.7071042 -0.7071092 0 -0.7071045 0.7071006 0 -0.707113 0.7070963 0 -0.7071173 0.7071095 0 0.7071042 0.7070965 0 0.7071171 0.7071008 0 0.7071129 0 -1 -5.27523e-7 -0.7071096 0 0.707104 -0.7071095 0 0.7071042 0 1 1.11204e-6 0 -1 3.83911e-7 0.7071092 0 -0.7071045 0.7071094 2.25302e-7 -0.7071042 -0.7071093 0 0.7071042 0 1 9.03991e-7 0.7071094 0 -0.7071042 0 -1 1.03693e-6 0.7071094 9.01209e-7 -0.7071042 0 -1 -8.01144e-7 0 -1 0 -0.7071007 0 -0.7071129 -0.7071006 0 -0.707113 -0.7071008 0 0.7071128 -0.7071008 0 0.7071127 -1 -9.44227e-7 0 0 1 9.23501e-7 1 9.44227e-7 0 -0.7071007 0 -0.7071129 0.7071008 0 -0.7071129 -0.7071008 0 0.7071129 0 -1 3.73666e-7 0.7071095 0 -0.7071042 0.707105 -1.80241e-6 -0.7071086 0 1 0 -1 1.21753e-7 0 0 -1 0 0.7071095 0 -0.7071042 -0.7071095 0 -0.7071042 0 1 0 0.7071007 0 0.7071129 0.7071008 0 -0.7071128 -0.7071008 0 -0.7071128 -0.7071007 0 0.7071129</float_array>
          <technique_common>
            <accessor source="#escalera-aluminio-mesh-normals-array" count="108" stride="3">
              <param name="X" type="float"/>
              <param name="Y" type="float"/>
              <param name="Z" type="float"/>
            </accessor>
          </technique_common>
        </source>
        <source id="escalera-aluminio-mesh-map-0">
          <float_array id="escalera-aluminio-mesh-map-0-array" count="3364">0.25 0.4160158 0.434837 0.4160158 0.434837 0.424907 0.4090192 0.4227097 0.4090192 0.4182131 0.4079816 0.4173802 0.4039406 0.4173803 0.4029029 0.4182131 0.4029029 0.4227097 0.3478556 0.4227097 0.3478556 0.4182131 0.3468179 0.4173803 0.3427769 0.4173802 0.3417392 0.4182131 0.3417392 0.4227097 0.2866919 0.4227097 0.2866919 0.4182131 0.2856543 0.4173802 0.2816132 0.4173803 0.2805756 0.4182131 0.4350442 0.4246737 0.4350442 0.4149881 0.4427949 0.4146826 0.4427949 0.4255161 0.2519994 0.4094693 0.4326342 0.4094693 0.4328243 0.4115597 0.2519994 0.4115597 0.25 0.4279713 0.4327325 0.4279713 0.4327325 0.4311507 0.25 0.4311507 0.4395211 0.3271043 0.4395211 0.3386358 0.4317991 0.3383476 0.4317991 0.3272402 0.4395636 0.3262054 0.4395636 0.3376818 0.4325835 0.3371974 0.4325835 0.3276134 0.25 0.4100957 0.25 0.3978871 0.2811095 0.4015644 0.2809866 0.4064191 0.2819975 0.4073182 0.2860236 0.4073182 0.2870851 0.4064192 0.2872329 0.4015644 0.3423399 0.4015651 0.3419691 0.4064198 0.3429342 0.4073188 0.3469602 0.4073189 0.3480672 0.40642 0.3484628 0.4015653 0.4035657 0.401573 0.4029471 0.4064277 0.4038672 0.4073258 0.4078918 0.4073283 0.4090427 0.4064322 0.434837 0.4092688 0.434837 0.4101455 0.4327325 0.4100957 0.25 0.3556116 0.25 0.3442325 0.2802116 0.3476592 0.280337 0.3521841 0.281374 0.3530222 0.2853221 0.3530222 0.2863082 0.3521841 0.3400468 0.3521835 0.3411298 0.3530217 0.3450779 0.3530216 0.346018 0.3521834 0.3997877 0.3521762 0.4009136 0.3530153 0.404872 0.353013 0.4057782 0.352172 0.4325835 0.3540999 0.4311318 0.3550893 0.4300218 0.3556116 0.25 0.3411016 0.4285132 0.3411016 0.4285132 0.3430684 0.25 0.3430684 0.2519994 0.4149881 0.280714 0.4173817 0.280714 0.42228 0.2817417 0.4231873 0.2857435 0.4231873 0.2867711 0.42228 0.3412846 0.42228 0.3423123 0.4231873 0.3463141 0.4231873 0.3473417 0.42228 0.4018552 0.42228 0.4028829 0.4231873 0.4068847 0.4231873 0.4079123 0.42228 0.4350442 0.4246737 0.2519994 0.4246737 0.25 0.3189137 0.4281253 0.3189137 0.4281253 0.3225268 0.25 0.3225268 0.4329575 0.4316998 0.4328082 0.4281811 0.4350442 0.4263324 0.4350442 0.4316011 0.4406418 0.4268065 0.4350442 0.4263324 0.4350442 0.4246737 0.4427949 0.4255161 0.4281253 0.3442325 0.4281253 0.3396631 0.4325835 0.3377522 0.4325835 0.3440327 0.4395636 0.3390496 0.4325835 0.3377522 0.4325835 0.3371974 0.4395636 0.3376818 0.4285132 0.3430684 0.4285132 0.3411016 0.4317991 0.3392587 0.4317991 0.3458035 0.4395211 0.3399394 0.4317991 0.3392587 0.4317991 0.3383476 0.4395211 0.3386358 0.4285132 0.3245631 0.4285132 0.3197128 0.4317991 0.3197062 0.4317991 0.3264036 0.4317991 0.3264036 0.4395211 0.3259491 0.4395211 0.3271043 0.4317991 0.3272402 0.4327325 0.4311507 0.4327325 0.4279713 0.434837 0.4261592 0.434837 0.4310336 0.4402568 0.4267929 0.434837 0.4261592 0.434837 0.424907 0.4426407 0.4247555 0.25 0.3245631 0.4285132 0.3245631 0.4317991 0.3264036 0.25 0.3264036 0.25 0.3264036 0.4317991 0.3264036 0.4317991 0.3272402 0.25 0.3272402 0.2519994 0.4115597 0.4328243 0.4115597 0.4350442 0.4134114 0.2519994 0.4134114 0.2519994 0.4134114 0.4350442 0.4134114 0.4350442 0.4149881 0.2519994 0.4149881 0.25 0.3225268 0.4281253 0.3225268 0.4325835 0.3244313 0.25 0.3244313 0.25 0.3244313 0.4325835 0.3244313 0.4325835 0.3276134 0.25 0.3276134 0.4281253 0.3225268 0.4281253 0.3189137 0.4325835 0.3189017 0.4325835 0.3244313 0.4325835 0.3244313 0.4395636 0.3249992 0.4395636 0.3262054 0.4325835 0.3276134 0.4328243 0.4115597 0.4326342 0.4094693 0.4350442 0.4096678 0.4350442 0.4134114 0.4350442 0.4134114 0.4406418 0.4135435 0.4427949 0.4146826 0.4350442 0.4149881 0.4327325 0.4130194 0.4327325 0.4100957 0.434837 0.4101455 0.434837 0.4146842 0.434837 0.4146842 0.4402568 0.4141955 0.4426407 0.4160981 0.434837 0.4160158 0.25 0.4130194 0.4327325 0.4130194 0.434837 0.4146842 0.25 0.4146842 0.25 0.4146842 0.434837 0.4146842 0.434837 0.4160158 0.25 0.4160158 0.434837 0.424907 0.434837 0.4160158 0.4426407 0.4160981 0.4426407 0.4247555 0.4350442 0.4263324 0.2519994 0.4263324 0.2519994 0.4246737 0.4350442 0.4246737 0.4348471 0.2789429 0.25 0.2789428 0.25 0.2766289 0.4348471 0.2766289 0.4328082 0.4281811 0.2519994 0.4281811 0.2519994 0.4263324 0.4350442 0.4263324 0.4348471 0.2812455 0.25 0.2812455 0.25 0.2789428 0.4348471 0.2789429 0.4325835 0.3377522 0.25 0.3377522 0.25 0.3371974 0.4325835 0.3371974 0.25 0.2663568 0.4348471 0.2663569 0.4348471 0.2686708 0.25 0.2686708 0.4281253 0.3396631 0.25 0.3396631 0.25 0.3377522 0.4325835 0.3377522 0.25 0.2640542 0.4348471 0.2640543 0.4348471 0.2663569 0.25 0.2663568 0.4329575 0.4316998 0.2519994 0.4316998 0.2519994 0.4281811 0.4328082 0.4281811 0.4348471 0.2852252 0.25 0.2852251 0.25 0.2812455 0.4348471 0.2812455 0.4325835 0.3371974 0.4070805 0.3348289 0.4070805 0.329982 0.4060555 0.3290842 0.4020637 0.3290842 0.4010387 0.329982 0.3466625 0.329982 0.3456375 0.3290842 0.3416458 0.3290842 0.3406208 0.329982 0.2862446 0.329982 0.2852196 0.3290842 0.2812278 0.3290842 0.2802028 0.329982 0.25 0.3276134 0.4325835 0.3276134 0.25 0.2686708 0.4348471 0.2686708 0.4348471 0.2766289 0.4083494 0.2746621 0.4083494 0.2706375 0.4073116 0.2698921 0.4032704 0.2698921 0.4022327 0.2706375 0.4022327 0.2746621 0.3471824 0.2746621 0.3471824 0.2706375 0.3461447 0.2698921 0.3421034 0.2698921 0.3410657 0.2706375 0.3410657 0.2746621 0.2860154 0.2746621 0.2860154 0.2706375 0.2849777 0.2698921 0.2809365 0.2698921 0.2798988 0.2706375 0.4350442 0.4088011 0.4077754 0.4059557 0.408491 0.4013064 0.4075946 0.4004436 0.4035872 0.4004424 0.402431 0.4013043 0.3478879 0.4012997 0.3469378 0.4004383 0.3429303 0.4004383 0.3418275 0.4012995 0.287283 0.401299 0.2862793 0.4004378 0.2822716 0.4004378 0.2812223 0.401299 0.2519994 0.3977773 0.4348036 0.3977773 0.4349447 0.3983083 0.4350442 0.3993248 0.4348471 0.2500001 0.4348471 0.2600745 0.4086797 0.2570403 0.4086797 0.2530342 0.4076363 0.2522922 0.403573 0.2522922 0.4025296 0.2530342 0.3471788 0.2530342 0.3461354 0.2522922 0.3420721 0.2522922 0.3410287 0.2530342 0.2856778 0.2530342 0.2846344 0.2522922 0.2805711 0.2522922 0.2795277 0.2530342 0.25 0.25 0.4281253 0.3442325 0.25 0.3442325 0.25 0.3396631 0.4281253 0.3396631 0.25 0.2600744 0.4348471 0.2600745 0.4348471 0.2640543 0.25 0.2640542 0.4317991 0.3392587 0.25 0.3392587 0.25 0.3383476 0.4317991 0.3383476 0.4349265 0.3751697 0.2500794 0.3751696 0.2500794 0.3728557 0.4349265 0.3728557 0.4285132 0.3411016 0.25 0.3411016 0.25 0.3392587 0.4317991 0.3392587 0.4349265 0.3774722 0.2500794 0.3774722 0.2500794 0.3751696 0.4349265 0.3751697 0.434837 0.4261592 0.25 0.4264538 0.25 0.424907 0.434837 0.424907 0.2500794 0.3625836 0.4349265 0.3625836 0.4349265 0.3648977 0.2500794 0.3648976 0.4327325 0.4279713 0.25 0.4279713 0.25 0.4264538 0.434837 0.4261592 0.2500794 0.360281 0.4349265 0.3602811 0.4349265 0.3625836 0.2500794 0.3625836 0.4327325 0.4130194 0.25 0.4130194 0.25 0.4100957 0.4327325 0.4100957 0.2500794 0.3774722 0.4349265 0.3774722 0.4349265 0.381452 0.2500794 0.381452 0.4317991 0.3546204 0.403684 0.3521797 0.4031382 0.3470058 0.4020234 0.3460435 0.3980884 0.3460406 0.3971771 0.3470005 0.3977008 0.3521746 0.3438889 0.3521639 0.3435636 0.3469896 0.3424931 0.3460309 0.3385607 0.3460307 0.3376074 0.3469894 0.3379108 0.3521636 0.2841083 0.3521624 0.2840037 0.3469882 0.2829743 0.3460297 0.279042 0.3460296 0.278048 0.3469882 0.25 0.3430684 0.4285132 0.3430684 0.4317991 0.3458035 0.4317991 0.3465396 0.4349265 0.381452 0.4349265 0.3915265 0.4126346 0.3884923 0.4126346 0.3844862 0.4115912 0.3837442 0.4075279 0.3837442 0.4064845 0.3844862 0.4064845 0.3884923 0.3511337 0.3884923 0.3511337 0.3844862 0.3500903 0.3837442 0.346027 0.3837442 0.3449836 0.3844862 0.3449836 0.3884923 0.2896327 0.3884923 0.2896327 0.3844862 0.2885893 0.3837442 0.284526 0.3837442 0.2834826 0.3844862 0.2500794 0.381452 0.4285132 0.3245631 0.25 0.3245631 0.25 0.3197128 0.4285132 0.3197128 0.4349265 0.3602811 0.2500794 0.360281 0.2500794 0.3563014 0.4349265 0.3563014 0.4317991 0.3383476 0.4041163 0.3356026 0.4041163 0.3299852 0.4030957 0.3289448 0.3991211 0.3289448 0.3981005 0.3299853 0.3439579 0.3299853 0.3429373 0.3289448 0.3389627 0.3289448 0.3379421 0.3299852 0.2837995 0.3299852 0.2827789 0.3289448 0.2788043 0.3289448 0.2777837 0.3299853 0.25 0.3272402 0.4317991 0.3272402 0.4349265 0.3728557 0.2500794 0.3728557 0.2500794 0.3648976 0.2838536 0.3668643 0.2838536 0.370889 0.2848914 0.3716344 0.2889326 0.3716344 0.2899703 0.370889 0.3450206 0.3691687 0.3450206 0.370889 0.3460583 0.3716344 0.3500996 0.3716344 0.3511373 0.370889 0.3511373 0.3668643 0.4061875 0.3668644 0.4061875 0.370889 0.4072253 0.3716344 0.4112665 0.3716344 0.4123043 0.370889 0.2505368 0.4999578 0.2555718 0.4999578 0.2555718 0.4954034 0.2505368 0.4954034 0.3055886 0.4999578 0.3120983 0.4999578 0.3120983 0.4954033 0.3055885 0.4954033 0.3120983 0.4909253 0.3055886 0.4909253 0.3055885 0.4942103 0.3120983 0.4942103 0.2555718 0.4909252 0.2505368 0.4909252 0.2505368 0.4942103 0.2555718 0.4942103 0.25 0.3272402 0.2777837 0.3299853 0.2777837 0.3356026 0.2788043 0.336643 0.2827789 0.336643 0.2837995 0.3356026 0.2837995 0.3299852 0.3379421 0.3299852 0.3379421 0.3356026 0.3389627 0.336643 0.3429373 0.336643 0.3439579 0.3356026 0.3439579 0.3299853 0.3981005 0.3299853 0.3981005 0.3356026 0.3991211 0.336643 0.4030957 0.336643 0.4041163 0.3356026 0.4317991 0.3383476 0.25 0.3383476 0.3120983 0.4851778 0.3055886 0.4851778 0.3055885 0.4897322 0.3120983 0.4897322 0.2555718 0.4851778 0.2505368 0.4851778 0.2505368 0.4897323 0.2555718 0.4897323 0.4123043 0.370889 0.4123043 0.3668644 0.4112665 0.3661189 0.4072253 0.366119 0.4061875 0.3668644 0.3511373 0.3668643 0.3500996 0.3661189 0.3460583 0.3661189 0.3450206 0.3668643 0.3450206 0.3691687 0.2899703 0.370889 0.2899703 0.3668643 0.2889326 0.3661189 0.2848914 0.3661189 0.2838536 0.3668643 0.2500794 0.3648976 0.4349265 0.3648977 0.4349265 0.3728557 0.3120983 0.4795067 0.3055886 0.4795067 0.3055886 0.4806997 0.3120983 0.4806997 0.2555718 0.4795067 0.2505368 0.4795067 0.2505368 0.4806996 0.2555718 0.4806997 0.2503595 0.5 0.2568693 0.5 0.2568693 0.498807 0.2503595 0.498807 0.306886 0.5 0.3119211 0.5 0.3119211 0.498807 0.306886 0.498807 0.2503173 0.4897323 0.2568271 0.4897323 0.2568271 0.4885392 0.2503173 0.4885392 0.3068438 0.4897322 0.3118789 0.4897322 0.3118789 0.4885392 0.3068438 0.4885392 0.3118789 0.4840611 0.3068438 0.4840611 0.3068438 0.4852542 0.3118789 0.4852542 0.2568271 0.4840612 0.2503173 0.4840612 0.2503173 0.4852542 0.2568271 0.4852542 0.2503173 0.4999578 0.2568271 0.4999578 0.2568271 0.4987648 0.2503173 0.4987648 0.3068438 0.4999578 0.3118789 0.4999578 0.3118789 0.4987648 0.3068438 0.4987648 0.3120984 0.4851778 0.3055886 0.4851778 0.3055886 0.4897322 0.3120984 0.4897322 0.2555718 0.4851778 0.2505368 0.4851778 0.2505368 0.4897323 0.2555718 0.4897323 0.2503173 0.4999578 0.2568271 0.4999578 0.2568271 0.4987648 0.2503173 0.4987648 0.3068438 0.4999578 0.3118789 0.4999578 0.3118789 0.4987648 0.3068438 0.4987648 0.25 0.3276134 0.2802028 0.329982 0.2802028 0.3348289 0.2812278 0.3357266 0.2852196 0.3357266 0.2862446 0.3348289 0.2862446 0.329982 0.3406208 0.329982 0.3406208 0.3348289 0.3416458 0.3357266 0.3456375 0.3357266 0.3466625 0.3348289 0.3466625 0.329982 0.4010387 0.329982 0.4010387 0.3348289 0.4020637 0.3357266 0.4060555 0.3357266 0.4070805 0.3348289 0.4325835 0.3371974 0.25 0.3371974 0.2505368 0.4851778 0.2555718 0.4851778 0.2555718 0.4839847 0.2505368 0.4839847 0.3055885 0.4851778 0.3120983 0.4851778 0.3120983 0.4839848 0.3055885 0.4839848 0.3118789 0.4795067 0.3068438 0.4795067 0.3068438 0.4840611 0.3118789 0.4840611 0.2568271 0.4795067 0.2503173 0.4795067 0.2503173 0.4840612 0.2568271 0.4840612 0.2519994 0.3977773 0.2812223 0.401299 0.2811147 0.4059483 0.2821165 0.4068093 0.2860977 0.4068093 0.2871459 0.4059483 0.287283 0.401299 0.3418275 0.4012995 0.3414298 0.4059488 0.3423785 0.4068098 0.3463599 0.4068099 0.3474613 0.4059489 0.3478879 0.4012997 0.402431 0.4013043 0.4017444 0.4059535 0.40264 0.406814 0.4066211 0.4068152 0.4077754 0.4059557 0.4350442 0.4088011 0.4350442 0.4096678 0.4326342 0.4094693 0.2519994 0.4094693 0.3120983 0.4897322 0.3055885 0.4897322 0.3055886 0.4909253 0.3120983 0.4909253 0.2555718 0.4897323 0.2505368 0.4897323 0.2505368 0.4909252 0.2555718 0.4909252 0.3120983 0.4897322 0.3055885 0.4897322 0.3055886 0.4909253 0.3120983 0.4909253 0.2555718 0.4897323 0.2505368 0.4897323 0.2505368 0.4909252 0.2555718 0.4909252 0.2503173 0.4885392 0.2568271 0.4885392 0.2568271 0.4852541 0.2503173 0.4852541 0.3068438 0.4885392 0.3118789 0.4885392 0.3118789 0.4852541 0.3068438 0.4852541 0.2500794 0.381452 0.2834826 0.3844862 0.2834826 0.3884923 0.284526 0.3892343 0.2885893 0.3892343 0.2896327 0.3884923 0.3449836 0.3884923 0.346027 0.3892343 0.3500903 0.3892343 0.3511337 0.3884923 0.4064845 0.3884923 0.4075279 0.3892343 0.4115912 0.3892343 0.4126346 0.3884923 0.4349265 0.3915265 0.2500793 0.3915265 0.3120984 0.4795067 0.3055886 0.4795067 0.3055886 0.4806997 0.3120984 0.4806997 0.2555718 0.4795067 0.2505368 0.4795067 0.2505368 0.4806996 0.2555718 0.4806997 0.3120983 0.4806997 0.3055886 0.4806997 0.3055885 0.4839848 0.3120983 0.4839848 0.2555718 0.4806997 0.2505368 0.4806996 0.2505368 0.4839847 0.2555718 0.4839848 0.2505368 0.4954034 0.2555718 0.4954034 0.2555718 0.4942103 0.2505368 0.4942103 0.3055885 0.4954033 0.3120983 0.4954033 0.3120983 0.4942103 0.3055885 0.4942103 0.2505368 0.4851778 0.2555718 0.4851778 0.2555718 0.4839848 0.2505368 0.4839847 0.3055886 0.4851778 0.3120984 0.4851778 0.3120983 0.4839848 0.3055886 0.4839848 0.3120984 0.4897322 0.3055886 0.4897322 0.3055886 0.4909253 0.3120984 0.4909253 0.2555718 0.4897323 0.2505368 0.4897323 0.2505368 0.4909253 0.2555719 0.4909253 0.25 0.25 0.2795277 0.2530342 0.2795277 0.2570403 0.2805711 0.2577822 0.2846344 0.2577822 0.2856778 0.2570403 0.2856778 0.2530342 0.3410287 0.2530342 0.3410287 0.2570403 0.3420721 0.2577823 0.3461354 0.2577823 0.3471788 0.2570403 0.3471788 0.2530342 0.4025296 0.2530342 0.4025296 0.2570403 0.403573 0.2577823 0.4076363 0.2577823 0.4086797 0.2570403 0.4348471 0.2600745 0.25 0.2600744 0.2503595 0.4943289 0.2568693 0.4943289 0.2568693 0.4897745 0.2503595 0.4897745 0.306886 0.4943289 0.3119211 0.4943289 0.3119211 0.4897744 0.306886 0.4897744 0.2505368 0.4954034 0.2555718 0.4954034 0.2555718 0.4942103 0.2505368 0.4942103 0.3055886 0.4954033 0.3120983 0.4954033 0.3120983 0.4942103 0.3055885 0.4942103 0.3120983 0.4897322 0.3055885 0.4897322 0.3055886 0.4909253 0.3120983 0.4909253 0.2555718 0.4897323 0.2505368 0.4897323 0.2505368 0.4909252 0.2555718 0.4909252 0.2503173 0.4885392 0.2568271 0.4885392 0.2568271 0.4852542 0.2503173 0.4852542 0.3068438 0.4885393 0.3118789 0.4885393 0.3118789 0.4852542 0.3068438 0.4852542 0.3120983 0.4795067 0.3055885 0.4795067 0.3055886 0.4806997 0.3120983 0.4806997 0.2555718 0.4795067 0.2505368 0.4795067 0.2505368 0.4806996 0.2555718 0.4806997 0.4350442 0.4246737 0.4079123 0.42228 0.4079123 0.4173817 0.4068847 0.4164745 0.4028829 0.4164745 0.4018553 0.4173817 0.4018552 0.42228 0.3473417 0.42228 0.3473417 0.4173817 0.3463141 0.4164745 0.3423123 0.4164745 0.3412846 0.4173817 0.3412846 0.42228 0.2867711 0.42228 0.2867711 0.4173817 0.2857435 0.4164744 0.2817417 0.4164744 0.280714 0.4173817 0.2519994 0.4149881 0.4350442 0.4149881 0.2505368 0.4954034 0.2555718 0.4954034 0.2555718 0.4942103 0.2505368 0.4942103 0.3055886 0.4954033 0.3120983 0.4954033 0.3120983 0.4942103 0.3055885 0.4942103 0.3120983 0.4909253 0.3055886 0.4909253 0.3055885 0.4942103 0.3120983 0.4942103 0.2555718 0.4909252 0.2505368 0.4909252 0.2505368 0.4942103 0.2555718 0.4942103 0.3118789 0.4795067 0.3068438 0.4795067 0.3068438 0.4840611 0.3118789 0.4840611 0.2568271 0.4795067 0.2503173 0.4795067 0.2503173 0.4840611 0.2568271 0.4840611 0.434837 0.4092688 0.4090427 0.4064322 0.4096859 0.4015775 0.4087672 0.4006752 0.4047203 0.4006727 0.4035657 0.401573 0.3484628 0.4015653 0.3474966 0.4006658 0.3434482 0.4006658 0.3423399 0.4015651 0.2872329 0.4015644 0.2862209 0.4006652 0.2821722 0.4006652 0.2811095 0.4015644 0.25 0.3978871 0.4345914 0.3978871 0.434837 0.398662 0.434837 0.3996389 0.3120983 0.4795067 0.3055886 0.4795067 0.3055886 0.4806997 0.3120983 0.4806997 0.2555718 0.4795067 0.2505368 0.4795067 0.2505368 0.4806996 0.2555718 0.4806997 0.3120983 0.4806997 0.3055886 0.4806997 0.3055885 0.4839848 0.3120983 0.4839848 0.2555718 0.4806996 0.2505368 0.4806996 0.2505368 0.4839847 0.2555718 0.4839847 0.3120983 0.4806997 0.3055886 0.4806997 0.3055885 0.4839848 0.3120983 0.4839848 0.2555718 0.4806997 0.2505368 0.4806996 0.2505368 0.4839847 0.2555718 0.4839848 0.2798988 0.2706375 0.2798988 0.2746621 0.2809365 0.2754076 0.2849777 0.2754076 0.2860154 0.2746621 0.3410657 0.2746621 0.3421034 0.2754076 0.3461447 0.2754076 0.3471824 0.2746621 0.4022327 0.2746621 0.4032704 0.2754076 0.4073116 0.2754076 0.4083494 0.2746621 0.4348471 0.2766289 0.25 0.2766289 0.25 0.2686708 0.2505368 0.4851778 0.2555718 0.4851778 0.2555718 0.4839848 0.2505368 0.4839847 0.3055886 0.4851778 0.3120983 0.4851778 0.3120983 0.4839848 0.3055885 0.4839848 0.3120983 0.4897322 0.3055885 0.4897322 0.3055886 0.4909253 0.3120983 0.4909253 0.2555718 0.4897323 0.2505368 0.4897323 0.2505368 0.4909252 0.2555718 0.4909252 0.2503173 0.4999577 0.2568271 0.4999577 0.2568271 0.4987648 0.2503173 0.4987648 0.3068438 0.4999578 0.3118789 0.4999578 0.3118789 0.4987648 0.3068438 0.4987648 0.2505368 0.4999578 0.2555719 0.4999578 0.2555718 0.4954034 0.2505368 0.4954034 0.3055885 0.4999577 0.3120983 0.4999577 0.3120983 0.4954033 0.3055886 0.4954033 0.2503173 0.4897322 0.2568271 0.4897322 0.2568271 0.4885392 0.2503173 0.4885392 0.3068438 0.4897322 0.3118789 0.4897322 0.3118789 0.4885392 0.3068438 0.4885392 0.3120983 0.4851778 0.3055885 0.4851778 0.3055885 0.4897322 0.3120983 0.4897322 0.2555718 0.4851778 0.2505368 0.4851778 0.2505368 0.4897323 0.2555718 0.4897323 0.2503173 0.4897323 0.2568271 0.4897323 0.2568271 0.4885392 0.2503173 0.4885392 0.3068438 0.4897322 0.3118789 0.4897322 0.3118789 0.4885393 0.3068438 0.4885393 0.3119211 0.4943289 0.306886 0.4943289 0.306886 0.4955219 0.3119211 0.4955219 0.2568693 0.4943289 0.2503595 0.4943289 0.2503595 0.4955219 0.2568693 0.4955219 0.2503173 0.4987648 0.2568271 0.4987648 0.2568271 0.4954797 0.2503173 0.4954797 0.3068438 0.4987648 0.3118789 0.4987648 0.3118789 0.4954798 0.3068438 0.4954798 0.3120983 0.4851778 0.3055885 0.4851778 0.3055885 0.4897322 0.3120983 0.4897322 0.3120983 0.4877855 0.2555718 0.4851778 0.2505368 0.4851778 0.2505368 0.4897323 0.2555718 0.4897323 0.3118789 0.4840611 0.3068438 0.4840611 0.3068438 0.4852542 0.3118789 0.4852542 0.2568271 0.4840611 0.2503173 0.4840611 0.2503173 0.4852541 0.2568271 0.4852541 0.4325835 0.3540999 0.4057782 0.352172 0.4051219 0.347647 0.4039788 0.3468119 0.4000431 0.3468142 0.3991566 0.3476513 0.3997877 0.3521762 0.346018 0.3521834 0.3456144 0.3476585 0.3445307 0.3468206 0.3406053 0.3468207 0.3396684 0.3476586 0.3400468 0.3521835 0.2863082 0.3521841 0.2861573 0.3476592 0.2851209 0.3468212 0.2811958 0.3468213 0.2802116 0.3476592 0.25 0.3442325 0.4281253 0.3442325 0.4325835 0.3440327 0.4325835 0.3448764 0.2505368 0.4954034 0.2555718 0.4954034 0.2555718 0.4942103 0.2505368 0.4942103 0.3055886 0.4954033 0.3120983 0.4954033 0.3120983 0.4942103 0.3055885 0.4942103 0.2505368 0.4999578 0.2555718 0.4999578 0.2555718 0.4954034 0.2505368 0.4954034 0.3055886 0.4999578 0.3120983 0.4999578 0.3120983 0.4954033 0.3055886 0.4954033 0.3118789 0.4942867 0.3068438 0.4942867 0.3068438 0.4954798 0.3118789 0.4954798 0.2568271 0.4942867 0.2503173 0.4942867 0.2503173 0.4954797 0.2568271 0.4954797 0.2503173 0.4987648 0.2568271 0.4987648 0.2568271 0.4954797 0.2503173 0.4954797 0.3068438 0.4987648 0.3118789 0.4987648 0.3118789 0.4954798 0.3068438 0.4954798 0.2503173 0.4942867 0.2568271 0.4942867 0.2568271 0.4897323 0.2503173 0.4897323 0.3068438 0.4942867 0.3118789 0.4942867 0.3118789 0.4897322 0.3068438 0.4897322 0.3120984 0.4909253 0.3055886 0.4909253 0.3055886 0.4942103 0.3120984 0.4942103 0.2555719 0.4909253 0.2505368 0.4909253 0.2505368 0.4942103 0.2555718 0.4942103 0.3120984 0.4806997 0.3055886 0.4806997 0.3055886 0.4839848 0.3120983 0.4839848 0.2555718 0.4806997 0.2505368 0.4806996 0.2505368 0.4839847 0.2555718 0.4839848 0.2503173 0.4885392 0.2568271 0.4885392 0.2568271 0.4852541 0.2503173 0.4852541 0.3068438 0.4885392 0.3118789 0.4885392 0.3118789 0.4852542 0.3068438 0.4852542 0.2503595 0.4897745 0.2568693 0.4897745 0.2568693 0.4885814 0.2503595 0.4885814 0.306886 0.4897744 0.3119211 0.4897744 0.3119211 0.4885814 0.306886 0.4885814 0.2505368 0.4999578 0.2555719 0.4999578 0.2555718 0.4954034 0.2505368 0.4954034 0.3055885 0.4999577 0.3120983 0.4999577 0.3120983 0.4954033 0.3055886 0.4954033 0.2503173 0.4942867 0.2568271 0.4942867 0.2568271 0.4897323 0.2503173 0.4897323 0.3068438 0.4942867 0.3118789 0.4942867 0.3118789 0.4897322 0.3068438 0.4897322 0.3118789 0.4840611 0.3068438 0.4840611 0.3068438 0.4852541 0.3118789 0.4852541 0.2568271 0.4840612 0.2503173 0.4840612 0.2503173 0.4852541 0.2568271 0.4852541 0.2505368 0.4999578 0.2555718 0.4999578 0.2555719 0.4954034 0.2505368 0.4954034 0.3055886 0.4999578 0.3120984 0.4999578 0.3120984 0.4954033 0.3055886 0.4954033 0.2503173 0.4987648 0.2568271 0.4987648 0.2568271 0.4954797 0.2503173 0.4954797 0.3068438 0.4987648 0.3118789 0.4987648 0.3118789 0.4954797 0.3068438 0.4954797 0.3118789 0.4942867 0.3068438 0.4942867 0.3068438 0.4954798 0.3118789 0.4954798 0.2568271 0.4942867 0.2503173 0.4942867 0.2503173 0.4954797 0.2568271 0.4954797 0.3118789 0.4942867 0.3068438 0.4942867 0.3068438 0.4954797 0.3118789 0.4954797 0.2568271 0.4942867 0.2503173 0.4942867 0.2503173 0.4954797 0.2568271 0.4954797 0.2503595 0.498807 0.2568693 0.498807 0.2568693 0.4955219 0.2503595 0.4955219 0.306886 0.498807 0.3119211 0.498807 0.3119211 0.4955219 0.306886 0.4955219 0.3120983 0.4909253 0.3055886 0.4909253 0.3055885 0.4942103 0.3120983 0.4942103 0.2555718 0.4909252 0.2505368 0.4909252 0.2505368 0.4942103 0.2555718 0.4942103 0.311921 0.4795488 0.306886 0.4795488 0.306886 0.4841033 0.311921 0.4841033 0.2568693 0.4795489 0.2503595 0.4795489 0.2503595 0.4841034 0.2568693 0.4841034 0.2505368 0.4851778 0.2555718 0.4851778 0.2555718 0.4839848 0.2505368 0.4839847 0.3055886 0.4851778 0.3120983 0.4851778 0.3120983 0.4839848 0.3055885 0.4839848 0.25 0.3430684 0.278048 0.3469882 0.2781301 0.3521623 0.2791603 0.3531206 0.2831128 0.3531206 0.2841083 0.3521624 0.3379108 0.3521636 0.3389815 0.3531216 0.3429338 0.3531218 0.3438889 0.3521639 0.3977008 0.3521746 0.3988109 0.3531313 0.4027659 0.353134 0.403684 0.3521797 0.4317991 0.3546204 0.4312165 0.3554402 0.4301679 0.3560805 0.25 0.3560805 0.2505368 0.4954034 0.2555719 0.4954034 0.2555718 0.4942103 0.2505368 0.4942103 0.3055886 0.4954033 0.3120984 0.4954033 0.3120984 0.4942103 0.3055886 0.4942103 0.311921 0.4841033 0.306886 0.4841033 0.306886 0.4852963 0.311921 0.4852963 0.2568693 0.4841034 0.2503595 0.4841034 0.2503595 0.4852964 0.2568693 0.4852964 0.2503173 0.4942867 0.2568271 0.4942867 0.2568271 0.4897322 0.2503173 0.4897322 0.3068438 0.4942867 0.3118789 0.4942867 0.3118789 0.4897322 0.3068438 0.4897322 0.3118789 0.4795067 0.3068438 0.4795067 0.3068438 0.4840611 0.3118789 0.4840611 0.2568271 0.4795067 0.2503173 0.4795067 0.2503173 0.4840612 0.2568271 0.4840612 0.3120983 0.4909253 0.3055886 0.4909253 0.3055885 0.4942103 0.3120983 0.4942103 0.2555718 0.4909252 0.2505368 0.4909252 0.2505368 0.4942103 0.2555718 0.4942103 0.2503595 0.4885814 0.2568693 0.4885814 0.2568693 0.4852964 0.2503595 0.4852964 0.306886 0.4885814 0.3119211 0.4885814 0.311921 0.4852963 0.306886 0.4852963 0.3120983 0.4795067 0.3055885 0.4795067 0.3055886 0.4806997 0.3120983 0.4806997 0.2555718 0.4795067 0.2505368 0.4795067 0.2505368 0.4806996 0.2555718 0.4806996 0.3120983 0.4806997 0.3055886 0.4806997 0.3055885 0.4839848 0.3120983 0.4839848 0.2555718 0.4806997 0.2505368 0.4806996 0.2505368 0.4839847 0.2555718 0.4839848 0.2805756 0.4182131 0.2805756 0.4227097 0.2816132 0.4235425 0.2856543 0.4235425 0.2866919 0.4227097 0.3417392 0.4227097 0.3427769 0.4235425 0.3468179 0.4235425 0.3478556 0.4227097 0.4029029 0.4227097 0.4039406 0.4235425 0.4079816 0.4235425 0.4090192 0.4227097 0.434837 0.424907 0.25 0.424907 0.25 0.4160158 0.2505368 0.4851778 0.2555718 0.4851778 0.2555718 0.4839848 0.2505368 0.4839847 0.3055885 0.4851778 0.3120983 0.4851778 0.3120983 0.4839848 0.3055885 0.4839848 0.3120983 0.4851778 0.3055886 0.4851778 0.3055885 0.4897322 0.3120983 0.4897322 0.2555718 0.4851778 0.2505368 0.4851778 0.2505368 0.4897323 0.2555718 0.4897323 0.25 0.4885392 0.25 0.4852541 0.3124156 0.4852541 0.3124156 0.4885392 0.25 0.4987648 0.25 0.4954797 0.3124156 0.4954798 0.3124156 0.4987649 0.4513995 0.3093186 0.4497124 0.3110057 0.4406034 0.3110057 0.4389163 0.3093186 0.4389163 0.3027484 0.4406034 0.3010612 0.4497124 0.3010612 0.4513995 0.3027484 0.3124156 0.4795067 0.3124156 0.4840611 0.25 0.4840612 0.25 0.4795067 0.25 0.4942867 0.25 0.4897323 0.3124156 0.4897322 0.3124156 0.4942867 0.25 0.4885392 0.3124156 0.4885392 0.3124156 0.4897322 0.25 0.4897323 0.3124156 0.4954798 0.25 0.4954797 0.25 0.4942867 0.3124156 0.4942867 0.25 0.4987648 0.3124156 0.4987649 0.3124156 0.4999578 0.25 0.4999578 0.3124156 0.4852541 0.25 0.4852541 0.25 0.4840612 0.3124156 0.4840611 0.4389163 0.3027484 0.4406034 0.3010612 0.4497124 0.3010612 0.4513995 0.3027484 0.4513995 0.3093186 0.4497124 0.3110057 0.4406034 0.3110057 0.4389163 0.3093186 0.3124157 0.4909253 0.3124157 0.4942103 0.25 0.4942104 0.25 0.4909253 0.3124157 0.4806997 0.3124156 0.4839848 0.25 0.4839847 0.25 0.4806996 0.4513995 0.3093186 0.4497124 0.3110057 0.4406034 0.3110057 0.4389163 0.3093186 0.4389163 0.3027484 0.4406034 0.3010612 0.4497124 0.3010612 0.4513995 0.3027484 0.25 0.4999578 0.25 0.4954034 0.3124157 0.4954033 0.3124157 0.4999578 0.3124156 0.4851778 0.3124157 0.4897322 0.25 0.4897323 0.25 0.4851778 0.3124157 0.4909253 0.25 0.4909253 0.25 0.4897323 0.3124157 0.4897322 0.25 0.4839847 0.3124156 0.4839848 0.3124156 0.4851778 0.25 0.4851778 0.3124157 0.4806997 0.25 0.4806996 0.25 0.4795067 0.3124157 0.4795067 0.25 0.4942104 0.3124157 0.4942103 0.3124157 0.4954033 0.25 0.4954034 0.451558 0.3540194 0.4532451 0.3557065 0.4532451 0.3648154 0.451558 0.3665025 0.4449878 0.3665025 0.4433007 0.3648154 0.4433007 0.3557065 0.4449878 0.3540194 0.25 0.4885392 0.25 0.4852542 0.3124157 0.4852542 0.3124157 0.4885393 0.25 0.4987648 0.25 0.4954797 0.3124157 0.4954798 0.3124157 0.4987649 0.4513995 0.3093186 0.4497124 0.3110057 0.4406034 0.3110057 0.4389163 0.3093186 0.4389163 0.3027484 0.4406034 0.3010612 0.4497124 0.3010612 0.4513995 0.3027484 0.3124157 0.4795067 0.3124157 0.4840611 0.25 0.4840612 0.25 0.4795067 0.25 0.4942867 0.25 0.4897323 0.3124157 0.4897322 0.3124157 0.4942867 0.25 0.4885392 0.3124157 0.4885393 0.3124157 0.4897322 0.25 0.4897323 0.3124157 0.4954798 0.25 0.4954797 0.25 0.4942867 0.3124157 0.4942867 0.25 0.4987648 0.3124157 0.4987649 0.3124157 0.4999578 0.25 0.4999578 0.3124157 0.4852542 0.25 0.4852542 0.25 0.4840612 0.3124157 0.4840611 0.451558 0.3540194 0.4532451 0.3557065 0.4532451 0.3648154 0.451558 0.3665025 0.4449878 0.3665025 0.4433007 0.3648154 0.4433007 0.3557065 0.4449878 0.3540194 0.2500422 0.4885814 0.2500422 0.4852964 0.3124578 0.4852963 0.3124578 0.4885814 0.2500422 0.498807 0.2500422 0.4955219 0.3124578 0.4955219 0.3124578 0.498807 0.4513995 0.3093186 0.4497124 0.3110057 0.4406034 0.3110057 0.4389163 0.3093186 0.4389163 0.3027484 0.4406034 0.3010612 0.4497124 0.3010612 0.4513995 0.3027484 0.3124578 0.4795488 0.3124578 0.4841033 0.2500422 0.4841034 0.2500422 0.4795489 0.2500422 0.4943289 0.2500422 0.4897745 0.3124578 0.4897744 0.3124578 0.4943289 0.2500422 0.4885814 0.3124578 0.4885814 0.3124578 0.4897744 0.2500422 0.4897745 0.3124578 0.4955219 0.2500422 0.4955219 0.2500422 0.4943289 0.3124578 0.4943289 0.2500422 0.498807 0.3124578 0.498807 0.3124578 0.5 0.2500422 0.5 0.3124578 0.4852963 0.2500422 0.4852964 0.2500422 0.4841034 0.3124578 0.4841033 0.4389163 0.3027484 0.4406035 0.3010612 0.4497124 0.3010612 0.4513995 0.3027484 0.4513995 0.3093186 0.4497124 0.3110057 0.4406035 0.3110057 0.4389163 0.3093186 0.3124156 0.4909253 0.3124156 0.4942103 0.25 0.4942103 0.25 0.4909252 0.3124156 0.4806997 0.3124156 0.4839848 0.25 0.4839847 0.25 0.4806996 0.4513995 0.3093186 0.4497124 0.3110057 0.4406035 0.3110057 0.4389163 0.3093186 0.4389163 0.3027484 0.4406035 0.3010612 0.4497124 0.3010612 0.4513995 0.3027484 0.25 0.4999578 0.25 0.4954034 0.3124156 0.4954033 0.3124156 0.4999577 0.3124156 0.4851778 0.3124156 0.4897322 0.25 0.4897323 0.25 0.4851778 0.3124156 0.4909253 0.25 0.4909252 0.25 0.4897323 0.3124156 0.4897322 0.25 0.4839847 0.3124156 0.4839848 0.3124156 0.4851778 0.25 0.4851778 0.3124156 0.4806997 0.25 0.4806996 0.25 0.4795067 0.3124156 0.4795067 0.25 0.4942103 0.3124156 0.4942103 0.3124156 0.4954033 0.25 0.4954034 0.451558 0.3540194 0.4532451 0.3557065 0.4532451 0.3648154 0.451558 0.3665025 0.4449878 0.3665025 0.4433007 0.3648154 0.4433007 0.3557065 0.4449878 0.3540193 0.3124156 0.4909253 0.3124156 0.4942103 0.25 0.4942103 0.25 0.4909252 0.3124156 0.4806997 0.3124156 0.4839848 0.25 0.4839847 0.25 0.4806996 0.4513995 0.3093186 0.4497124 0.3110057 0.4406034 0.3110057 0.4389163 0.3093186 0.4389163 0.3027484 0.4406034 0.3010612 0.4497124 0.3010612 0.4513995 0.3027484 0.25 0.4999578 0.25 0.4954034 0.3124156 0.4954033 0.3124156 0.4999577 0.3124156 0.4851778 0.3124156 0.4897322 0.25 0.4897323 0.25 0.4851778 0.3124156 0.4909253 0.25 0.4909252 0.25 0.4897323 0.3124156 0.4897322 0.25 0.4839847 0.3124156 0.4839848 0.3124156 0.4851778 0.25 0.4851778 0.3124156 0.4806997 0.25 0.4806996 0.25 0.4795067 0.3124156 0.4795067 0.25 0.4942103 0.3124156 0.4942103 0.3124156 0.4954033 0.25 0.4954034 0.4515581 0.3540193 0.4532451 0.3557064 0.4532451 0.3648154 0.451558 0.3665025 0.4449878 0.3665025 0.4433007 0.3648154 0.4433007 0.3557064 0.4449878 0.3540193 0.25 0.4885392 0.25 0.4852541 0.3124156 0.4852542 0.3124156 0.4885392 0.25 0.4987648 0.25 0.4954797 0.3124156 0.4954797 0.3124156 0.4987648 0.4513995 0.3093186 0.4497124 0.3110057 0.4406034 0.3110057 0.4389163 0.3093186 0.4389163 0.3027484 0.4406034 0.3010612 0.4497124 0.3010612 0.4513995 0.3027484 0.3124156 0.4795067 0.3124156 0.4840611 0.25 0.4840611 0.25 0.4795067 0.25 0.4942867 0.25 0.4897322 0.3124156 0.4897322 0.3124156 0.4942867 0.25 0.4885392 0.3124156 0.4885392 0.3124156 0.4897322 0.25 0.4897322 0.3124156 0.4954797 0.25 0.4954797 0.25 0.4942867 0.3124156 0.4942867 0.25 0.4987648 0.3124156 0.4987648 0.3124156 0.4999578 0.25 0.4999577 0.3124156 0.4852542 0.25 0.4852541 0.25 0.4840611 0.3124156 0.4840611 0.451558 0.3540193 0.4532451 0.3557064 0.4532451 0.3648154 0.451558 0.3665025 0.4449878 0.3665025 0.4433007 0.3648154 0.4433007 0.3557064 0.4449878 0.3540193 0.3124156 0.4909253 0.3124156 0.4942103 0.25 0.4942103 0.25 0.4909252 0.3124156 0.4806997 0.3124156 0.4839848 0.25 0.4839847 0.25 0.4806996 0.4513995 0.3093186 0.4497124 0.3110056 0.4406034 0.3110056 0.4389163 0.3093186 0.4389163 0.3027484 0.4406034 0.3010612 0.4497124 0.3010612 0.4513995 0.3027484 0.25 0.4999578 0.25 0.4954034 0.3124156 0.4954033 0.3124156 0.4999578 0.3124156 0.4851778 0.3124156 0.4897322 0.25 0.4897323 0.25 0.4851778 0.3124156 0.4909253 0.25 0.4909252 0.25 0.4897323 0.3124156 0.4897322 0.25 0.4839847 0.3124156 0.4839848 0.3124156 0.4851778 0.25 0.4851778 0.3124156 0.4806997 0.25 0.4806996 0.25 0.4795067 0.3124156 0.4795067 0.25 0.4942103 0.3124156 0.4942103 0.3124156 0.4954033 0.25 0.4954034 0.451558 0.3540194 0.4532451 0.3557065 0.4532451 0.3648154 0.451558 0.3665025 0.4449878 0.3665025 0.4433007 0.3648154 0.4433007 0.3557065 0.4449878 0.3540193 0.3124156 0.4909253 0.3124156 0.4942103 0.25 0.4942103 0.25 0.4909252 0.3124156 0.4806997 0.3124156 0.4839848 0.25 0.4839847 0.25 0.4806996 0.4513995 0.3093185 0.4497124 0.3110056 0.4406034 0.3110056 0.4389163 0.3093185 0.4389163 0.3027483 0.4406034 0.3010612 0.4497124 0.3010612 0.4513995 0.3027483 0.25 0.4999578 0.25 0.4954034 0.3124156 0.4954033 0.3124156 0.4999578 0.3124156 0.4851778 0.3124156 0.4897322 0.25 0.4897323 0.25 0.4851778 0.3124156 0.4909253 0.25 0.4909252 0.25 0.4897323 0.3124156 0.4897322 0.25 0.4839847 0.3124156 0.4839848 0.3124156 0.4851778 0.25 0.4851778 0.3124156 0.4806997 0.25 0.4806996 0.25 0.4795067 0.3124156 0.4795067 0.25 0.4942103 0.3124156 0.4942103 0.3124156 0.4954033 0.25 0.4954034 0.4515579 0.3540193 0.4532451 0.3557064 0.4532451 0.3648154 0.4515579 0.3665025 0.4449878 0.3665025 0.4433007 0.3648154 0.4433007 0.3557064 0.4449878 0.3540194</float_array>
          <technique_common>
            <accessor source="#escalera-aluminio-mesh-map-0-array" count="1682" stride="2">
              <param name="S" type="float"/>
              <param name="T" type="float"/>
            </accessor>
          </technique_common>
        </source>
        <vertices id="escalera-aluminio-mesh-vertices">
          <input semantic="POSITION" source="#escalera-aluminio-mesh-positions"/>
        </vertices>
        <polylist material="hiper-atlas-material" count="314">
          <input semantic="VERTEX" source="#escalera-aluminio-mesh-vertices" offset="0"/>
          <input semantic="NORMAL" source="#escalera-aluminio-mesh-normals" offset="1"/>
          <input semantic="TEXCOORD" source="#escalera-aluminio-mesh-map-0" offset="2" set="0"/>
          <vcount>20 4 4 4 4 4 22 18 4 16 4 4 4 4 4 4 4 4 4 4 4 4 4 4 4 4 4 4 4 4 4 4 4 4 4 4 4 4 4 4 4 4 4 4 4 4 16 20 18 16 4 4 4 4 4 4 4 4 4 4 4 4 22 20 4 4 16 19 4 4 4 4 20 4 4 18 4 4 4 4 4 4 4 4 4 4 4 4 4 4 20 4 4 4 4 22 4 4 4 4 4 4 16 4 4 4 4 4 4 4 4 4 4 20 4 4 4 4 4 4 4 4 4 4 20 4 4 4 4 4 4 18 4 4 4 4 4 4 16 4 4 4 4 4 4 4 4 4 4 4 4 4 4 4 4 4 4 5 4 4 4 22 4 4 4 4 4 4 4 4 4 4 4 4 4 4 4 4 4 4 4 4 4 4 4 4 4 4 4 4 4 4 4 4 4 4 4 4 4 4 4 4 18 4 4 4 4 4 4 4 4 4 4 4 4 4 4 4 4 16 4 4 4 4 4 4 8 4 4 4 4 4 4 8 4 4 8 4 4 4 4 4 4 8 4 4 8 4 4 4 4 4 4 8 4 4 8 4 4 4 4 4 4 8 4 4 8 4 4 4 4 4 4 8 4 4 8 4 4 4 4 4 4 8 4 4 8 4 4 4 4 4 4 8 4 4 8 4 4 4 4 4 4 8 4 4 8 4 4 4 4 4 4 8 </vcount>
          <p>74 0 0 1 0 1 4 0 2 81 0 3 85 0 4 89 0 5 101 0 6 113 0 7 105 0 8 109 0 9 121 0 10 125 0 11 129 0 12 141 0 13 133 0 14 157 0 15 137 0 16 145 0 17 165 0 18 161 0 19 22 1 20 19 1 21 33 1 22 43 1 23 61 2 24 34 2 25 18 2 26 49 2 27 64 3 28 3 3 29 24 3 30 78 3 31 45 1 32 31 1 33 13 1 34 16 1 35 27 4 36 37 4 37 7 4 38 10 4 39 77 5 40 78 5 41 174 5 42 162 5 43 166 5 44 146 5 45 138 5 46 158 5 47 135 5 48 142 5 49 130 5 50 126 5 51 122 5 52 111 5 53 107 5 54 115 5 55 103 5 56 91 5 57 87 5 58 39 5 59 41 5 60 40 5 61 63 6 62 60 6 63 163 6 64 175 6 65 171 6 66 151 6 67 159 6 68 134 6 69 154 6 70 118 6 71 110 6 72 106 6 73 98 6 74 94 6 75 82 6 76 27 6 77 29 6 78 28 6 79 70 2 80 12 2 81 30 2 82 76 2 83 52 7 84 275 7 85 283 7 86 271 7 87 291 7 88 303 7 89 311 7 90 315 7 91 331 7 92 343 7 93 347 7 94 335 7 95 355 7 96 367 7 97 22 7 98 59 7 99 63 3 100 28 3 101 9 3 102 55 3 103 42 8 104 21 8 105 23 8 106 44 8 107 44 9 108 23 9 109 22 9 110 43 9 111 36 10 112 6 10 113 8 10 114 38 10 115 38 11 116 8 11 117 7 11 118 37 11 119 30 12 120 12 12 121 14 12 122 32 12 123 32 13 124 14 13 125 13 13 126 31 13 127 15 14 128 46 14 129 47 14 130 17 14 131 17 15 132 47 15 133 45 15 134 16 15 135 24 16 136 3 16 137 5 16 138 26 16 139 26 17 140 5 17 141 4 17 142 25 17 143 65 18 144 15 18 145 17 18 146 66 18 147 66 19 148 17 19 149 16 19 150 68 19 151 49 20 152 18 20 153 20 20 154 50 20 155 50 21 156 20 21 157 19 21 158 52 21 159 55 22 160 9 22 161 11 22 162 56 22 163 56 23 164 11 23 165 10 23 166 58 23 167 9 24 168 28 24 169 29 24 170 11 24 171 11 25 172 29 25 173 27 25 174 10 25 175 18 26 176 34 26 177 35 26 178 20 26 179 20 27 180 35 27 181 33 27 182 19 27 183 0 28 184 40 28 185 41 28 186 2 28 187 2 29 188 41 29 189 39 29 190 1 29 191 71 30 192 0 30 193 2 30 194 72 30 195 72 31 196 2 31 197 1 31 198 74 31 199 4 4 200 1 4 201 39 4 202 25 4 203 23 32 204 57 32 205 59 32 206 22 32 207 57 33 208 56 33 209 58 33 210 59 33 211 21 34 212 54 34 213 57 34 214 23 34 215 54 35 216 55 35 217 56 35 218 57 35 219 8 36 220 51 36 221 53 36 222 7 36 223 51 21 224 50 21 225 52 21 226 53 21 227 6 37 228 48 37 229 51 37 230 8 37 231 48 38 232 49 38 233 50 38 234 51 38 235 42 3 236 62 3 237 54 3 238 21 3 239 62 3 240 63 3 241 55 3 242 54 3 243 7 39 244 84 39 245 80 39 246 92 39 247 96 39 248 104 39 249 108 39 250 116 39 251 152 39 252 132 39 253 156 39 254 148 39 255 168 39 256 172 39 257 58 39 258 10 39 259 53 40 260 52 40 261 59 40 262 262 40 263 278 40 264 266 40 265 250 40 266 246 40 267 242 40 268 229 40 269 238 40 270 234 40 271 221 40 272 209 40 273 216 40 274 201 40 275 213 40 276 197 40 277 185 40 278 177 40 279 33 41 280 361 41 281 365 41 282 353 41 283 333 41 284 345 41 285 341 41 286 329 41 287 313 41 288 309 41 289 301 41 290 289 41 291 269 41 292 281 41 293 62 41 294 42 41 295 44 41 296 43 41 297 62 42 298 61 42 299 279 42 300 263 42 301 259 42 302 255 42 303 243 42 304 231 42 305 226 42 306 206 42 307 218 42 308 203 42 309 195 42 310 191 42 311 183 42 312 63 42 313 36 2 314 60 2 315 48 2 316 6 2 317 60 2 318 61 2 319 49 2 320 48 2 321 14 43 322 73 43 323 75 43 324 13 43 325 73 44 326 72 44 327 74 44 328 75 44 329 12 45 330 70 45 331 73 45 332 14 45 333 70 46 334 71 46 335 72 46 336 73 46 337 5 47 338 67 47 339 69 47 340 4 47 341 67 48 342 66 48 343 68 48 344 69 48 345 3 49 346 64 49 347 67 49 348 5 49 349 64 50 350 65 50 351 66 50 352 67 50 353 0 51 354 71 51 355 77 51 356 40 51 357 71 2 358 70 2 359 76 2 360 77 2 361 45 52 362 366 52 363 362 52 364 350 52 365 358 52 366 338 52 367 346 52 368 342 52 369 326 52 370 322 52 371 318 52 372 306 52 373 310 52 374 302 52 375 298 52 376 286 52 377 294 52 378 274 52 379 76 52 380 30 52 381 32 52 382 31 52 383 76 53 384 79 53 385 264 53 386 280 53 387 268 53 388 252 53 389 248 53 390 244 53 391 232 53 392 239 53 393 235 53 394 222 53 395 210 53 396 219 53 397 202 53 398 214 53 399 198 53 400 186 53 401 178 53 402 77 53 403 15 54 404 65 54 405 79 54 406 46 54 407 65 3 408 64 3 409 78 3 410 79 3 411 13 55 412 364 55 413 368 55 414 356 55 415 336 55 416 348 55 417 344 55 418 332 55 419 316 55 420 312 55 421 304 55 422 292 55 423 272 55 424 284 55 425 68 55 426 16 55 427 75 56 428 74 56 429 69 56 430 180 56 431 176 56 432 184 56 433 196 56 434 212 56 435 228 56 436 208 56 437 220 56 438 233 56 439 237 56 440 230 56 441 241 56 442 245 56 443 249 56 444 265 56 445 277 56 446 104 4 447 106 4 448 114 4 449 112 4 450 107 57 451 105 57 452 113 57 453 115 57 454 220 3 455 222 3 456 235 3 457 233 3 458 223 3 459 221 3 460 234 3 461 236 3 462 68 58 463 284 58 464 276 58 465 296 58 466 288 58 467 300 58 468 304 58 469 312 58 470 308 58 471 320 58 472 324 58 473 328 58 474 344 58 475 348 58 476 340 58 477 360 58 478 352 58 479 364 58 480 13 58 481 75 58 482 109 1 483 111 1 484 122 1 485 121 1 486 110 1 487 108 1 488 120 1 489 123 1 490 277 59 491 261 59 492 258 59 493 254 59 494 241 59 495 230 59 496 225 59 497 205 59 498 217 59 499 228 59 500 212 59 501 200 59 502 193 59 503 188 59 504 180 59 505 69 59 506 68 59 507 75 59 508 133 60 509 135 60 510 155 60 511 153 60 512 134 61 513 132 61 514 152 61 515 154 61 516 261 62 517 264 62 518 260 62 519 258 62 520 263 63 521 262 63 522 257 63 523 259 63 524 340 64 525 338 64 526 358 64 527 360 64 528 337 65 529 339 65 530 359 65 531 357 65 532 299 66 533 297 66 534 285 66 535 287 66 536 298 67 537 300 67 538 288 67 539 286 67 540 368 68 541 366 68 542 354 68 543 356 68 544 365 61 545 367 61 546 355 61 547 353 61 548 312 1 549 310 1 550 306 1 551 308 1 552 309 1 553 311 1 554 307 1 555 305 1 556 304 69 557 302 69 558 290 69 559 292 69 560 301 70 561 303 70 562 291 70 563 289 70 564 58 71 565 172 71 566 160 71 567 164 71 568 144 71 569 136 71 570 156 71 571 132 71 572 140 71 573 128 71 574 124 71 575 120 71 576 108 71 577 104 71 578 112 71 579 100 71 580 88 71 581 84 71 582 7 71 583 53 71 584 216 72 585 218 72 586 206 72 587 204 72 588 219 73 589 217 73 590 205 73 591 207 73 592 367 4 593 365 4 594 361 4 595 363 4 596 366 4 597 368 4 598 364 4 599 362 4 600 62 74 601 281 74 602 273 74 603 293 74 604 285 74 605 297 74 606 301 74 607 309 74 608 305 74 609 317 74 610 321 74 611 325 74 612 341 74 613 345 74 614 337 74 615 357 74 616 349 74 617 361 74 618 33 74 619 35 74 620 34 74 621 61 74 622 121 64 623 122 64 624 126 64 625 125 64 626 123 65 627 120 65 628 124 65 629 127 65 630 85 64 631 87 64 632 91 64 633 89 64 634 86 65 635 84 65 636 88 65 637 90 65 638 360 3 639 358 3 640 350 3 641 352 3 642 357 3 643 359 3 644 351 3 645 349 3 646 77 75 647 178 75 648 182 75 649 190 75 650 194 75 651 202 75 652 219 75 653 207 75 654 227 75 655 232 75 656 244 75 657 256 75 658 260 75 659 264 75 660 79 75 661 78 75 662 344 68 663 342 68 664 330 68 665 332 68 666 341 61 667 343 61 668 331 61 669 329 61 670 153 2 671 155 2 672 119 2 673 117 2 674 154 2 675 152 2 676 116 2 677 118 2 678 112 76 679 114 76 680 102 76 681 100 76 682 115 77 683 113 77 684 101 77 685 103 77 686 311 78 687 309 78 688 313 78 689 315 78 690 310 73 691 312 73 692 316 73 693 314 73 694 308 64 695 306 64 696 318 64 697 320 64 698 305 65 699 307 65 700 319 65 701 317 65 702 63 79 703 183 79 704 179 79 705 187 79 706 199 79 707 215 79 708 203 79 709 218 79 710 211 79 711 223 79 712 236 79 713 240 79 714 231 79 715 243 79 716 247 79 717 251 79 718 267 79 719 279 79 720 61 79 721 60 79 722 241 1 723 244 1 724 248 1 725 245 1 726 243 1 727 242 1 728 246 1 729 247 1 730 238 76 731 240 76 732 236 76 733 234 76 734 239 80 735 237 80 736 233 80 737 235 80 738 208 64 739 210 64 740 222 64 741 220 64 742 211 65 743 209 65 744 221 65 745 223 65 746 296 3 747 294 3 748 286 3 749 288 3 750 293 3 751 295 3 752 287 3 753 285 3 754 200 68 755 202 68 756 194 68 757 193 68 758 203 61 759 201 61 760 192 61 761 195 61 762 22 81 763 367 81 764 363 81 765 351 81 766 359 81 767 339 81 768 347 81 769 343 81 770 327 81 771 323 81 772 319 81 773 307 81 774 311 81 775 303 81 776 299 81 777 287 81 778 295 81 779 275 81 780 52 81 781 19 81 782 140 76 783 143 76 784 131 76 785 128 76 786 142 82 787 141 82 788 129 82 789 130 82 790 125 3 791 126 3 792 130 3 793 129 3 794 127 3 795 124 3 796 128 3 797 131 3 798 172 4 799 175 4 800 163 4 801 160 4 802 174 4 803 173 4 804 161 4 805 162 4 806 39 83 807 87 83 808 83 83 809 95 83 810 99 83 811 107 83 812 111 83 813 119 83 814 155 83 815 135 83 816 158 83 817 150 83 818 170 83 819 174 83 820 78 83 821 24 83 822 26 83 823 25 83 824 105 68 825 107 68 826 99 68 827 97 68 828 106 61 829 104 61 830 96 61 831 98 61 832 225 2 833 227 2 834 207 2 835 205 2 836 226 2 837 224 2 838 204 2 839 206 2 840 97 2 841 99 2 842 95 2 843 93 2 844 98 2 845 96 2 846 92 2 847 94 2 848 177 84 849 181 84 850 189 84 851 192 84 852 201 84 853 216 84 854 204 84 855 224 84 856 229 84 857 242 84 858 253 84 859 257 84 860 262 84 861 59 84 862 58 84 863 53 84 864 80 78 865 82 78 866 94 78 867 92 78 868 83 73 869 81 73 870 93 73 871 95 73 872 176 64 873 178 64 874 186 64 875 184 64 876 179 65 877 177 65 878 185 65 879 187 65 880 173 68 881 174 68 882 170 68 883 169 68 884 175 61 885 172 61 886 168 61 887 171 61 888 229 4 889 231 4 890 240 4 891 238 4 892 232 4 893 230 4 894 237 4 895 239 4 896 137 64 897 138 64 898 146 64 899 145 64 900 139 65 901 136 65 902 144 65 903 147 65 904 180 1 905 182 1 906 178 1 907 176 1 908 183 1 909 181 1 910 177 1 911 179 1 912 276 85 913 274 85 914 294 85 915 296 85 916 273 86 917 275 86 918 295 86 919 293 86 920 242 87 921 243 87 922 255 87 923 253 87 924 244 88 925 241 88 926 254 88 927 256 88 928 356 2 929 354 2 930 334 2 931 336 2 932 353 2 933 355 2 934 335 2 935 333 2 936 217 89 937 219 89 938 210 89 939 208 89 940 228 89 941 218 1 942 216 1 943 209 1 944 211 1 945 160 76 946 163 76 947 167 76 948 164 76 949 162 80 950 161 80 951 165 80 952 166 80 953 27 90 954 82 90 955 86 90 956 90 90 957 102 90 958 114 90 959 106 90 960 110 90 961 123 90 962 127 90 963 131 90 964 143 90 965 134 90 966 159 90 967 139 90 968 147 90 969 167 90 970 163 90 971 60 90 972 36 90 973 38 90 974 37 90 975 213 76 976 215 76 977 199 76 978 197 76 979 214 80 980 212 80 981 196 80 982 198 80 983 132 4 984 134 4 985 143 4 986 140 4 987 135 91 988 133 91 989 141 91 990 142 91 991 347 78 992 345 78 993 333 78 994 335 78 995 346 73 996 348 73 997 336 73 998 334 73 999 292 2 1000 290 2 1001 270 2 1002 272 2 1003 289 2 1004 291 2 1005 271 2 1006 269 2 1007 348 1 1008 346 1 1009 338 1 1010 340 1 1011 345 1 1012 347 1 1013 339 1 1014 337 1 1015 320 3 1016 318 3 1017 322 3 1018 324 3 1019 317 3 1020 319 3 1021 323 3 1022 321 3 1023 332 2 1024 330 2 1025 314 2 1026 316 2 1027 329 2 1028 331 2 1029 315 2 1030 313 2 1031 145 3 1032 146 3 1033 166 3 1034 165 3 1035 147 3 1036 144 3 1037 164 3 1038 167 3 1039 245 85 1040 248 85 1041 252 85 1042 249 85 1043 247 92 1044 246 92 1045 250 92 1046 251 92 1047 201 4 1048 203 4 1049 215 4 1050 213 4 1051 202 4 1052 200 4 1053 212 4 1054 214 4 1055 284 1 1056 282 1 1057 274 1 1058 276 1 1059 281 1 1060 283 1 1061 275 1 1062 273 1 1063 363 76 1064 361 76 1065 349 76 1066 351 76 1067 362 93 1068 364 93 1069 352 93 1070 350 93 1071 343 4 1072 341 4 1073 325 4 1074 327 4 1075 342 4 1076 344 4 1077 328 4 1078 326 4 1079 169 2 1080 170 2 1081 150 2 1082 149 2 1083 171 2 1084 168 2 1085 148 2 1086 151 2 1087 283 94 1088 281 94 1089 269 94 1090 271 94 1091 282 88 1092 284 88 1093 272 88 1094 270 88 1095 156 78 1096 159 78 1097 151 78 1098 148 78 1099 158 73 1100 157 73 1101 149 73 1102 150 73 1103 258 2 1104 260 2 1105 256 2 1106 254 2 1107 259 2 1108 257 2 1109 253 2 1110 255 2 1111 184 3 1112 186 3 1113 198 3 1114 196 3 1115 187 3 1116 185 3 1117 197 3 1118 199 3 1119 262 4 1120 263 4 1121 279 4 1122 278 4 1123 264 4 1124 261 4 1125 277 4 1126 280 4 1127 108 78 1128 110 78 1129 118 78 1130 116 78 1131 111 73 1132 109 73 1133 117 73 1134 119 73 1135 76 95 1136 274 95 1137 282 95 1138 270 95 1139 290 95 1140 302 95 1141 310 95 1142 314 95 1143 330 95 1144 342 95 1145 346 95 1146 334 95 1147 354 95 1148 366 95 1149 45 95 1150 47 95 1151 46 95 1152 79 95 1153 327 76 1154 325 76 1155 321 76 1156 323 76 1157 326 80 1158 328 80 1159 324 80 1160 322 80 1161 278 96 1162 279 96 1163 267 96 1164 266 96 1165 280 97 1166 277 97 1167 265 97 1168 268 97 1169 157 1 1170 158 1 1171 138 1 1172 137 1 1173 159 1 1174 156 1 1175 136 1 1176 139 1 1177 303 4 1178 301 4 1179 297 4 1180 299 4 1181 302 4 1182 304 4 1183 300 4 1184 298 4 1185 89 3 1186 91 3 1187 103 3 1188 101 3 1189 90 3 1190 88 3 1191 100 3 1192 102 3 1193 249 3 1194 252 3 1195 268 3 1196 265 3 1197 251 3 1198 250 3 1199 266 3 1200 267 3 1201 230 68 1202 232 68 1203 227 68 1204 225 68 1205 231 63 1206 229 63 1207 224 63 1208 226 63 1209 193 2 1210 194 2 1211 190 2 1212 188 2 1213 195 2 1214 192 2 1215 189 2 1216 191 2 1217 161 98 1218 173 98 1219 169 98 1220 149 98 1221 157 98 1222 133 98 1223 153 98 1224 117 98 1225 109 98 1226 105 98 1227 97 98 1228 93 98 1229 81 98 1230 4 98 1231 69 98 1232 74 98 1233 181 78 1234 183 78 1235 191 78 1236 189 78 1237 182 73 1238 180 73 1239 188 73 1240 190 73 1241 81 99 1242 83 99 1243 87 99 1244 85 99 1245 82 1 1246 80 1 1247 84 1 1248 86 1 1249 369 2 1250 378 2 1251 381 2 1252 374 2 1253 379 3 1254 372 3 1255 375 3 1256 384 3 1257 375 100 1258 376 100 1259 373 100 1260 374 100 1261 381 100 1262 382 100 1263 383 100 1264 384 100 1265 383 1 1266 382 1 1267 377 1 1268 380 1 1269 371 4 1270 370 4 1271 373 4 1272 376 4 1273 369 61 1274 374 61 1275 373 61 1276 370 61 1277 375 101 1278 372 101 1279 371 101 1280 376 101 1281 379 102 1282 384 102 1283 383 102 1284 380 102 1285 381 78 1286 378 78 1287 377 78 1288 382 78 1289 379 103 1290 380 103 1291 377 103 1292 378 103 1293 369 103 1294 370 103 1295 371 103 1296 372 103 1297 385 2 1298 394 2 1299 397 2 1300 390 2 1301 395 3 1302 388 3 1303 391 3 1304 400 3 1305 391 100 1306 392 100 1307 389 100 1308 390 100 1309 397 100 1310 398 100 1311 399 100 1312 400 100 1313 399 1 1314 398 1 1315 393 1 1316 396 1 1317 387 4 1318 386 4 1319 389 4 1320 392 4 1321 385 61 1322 390 61 1323 389 61 1324 386 61 1325 391 101 1326 388 101 1327 387 101 1328 392 101 1329 395 102 1330 400 102 1331 399 102 1332 396 102 1333 397 78 1334 394 78 1335 393 78 1336 398 78 1337 395 103 1338 396 103 1339 393 103 1340 394 103 1341 385 103 1342 386 103 1343 387 103 1344 388 103 1345 401 2 1346 410 2 1347 413 2 1348 406 2 1349 411 3 1350 404 3 1351 407 3 1352 416 3 1353 407 100 1354 408 100 1355 405 100 1356 406 100 1357 413 100 1358 414 100 1359 415 100 1360 416 100 1361 415 1 1362 414 1 1363 409 1 1364 412 1 1365 403 4 1366 402 4 1367 405 4 1368 408 4 1369 401 104 1370 406 104 1371 405 104 1372 402 104 1373 407 105 1374 404 105 1375 403 105 1376 408 105 1377 411 106 1378 416 106 1379 415 106 1380 412 106 1381 413 107 1382 410 107 1383 409 107 1384 414 107 1385 411 103 1386 412 103 1387 409 103 1388 410 103 1389 401 103 1390 402 103 1391 403 103 1392 404 103 1393 417 2 1394 426 2 1395 429 2 1396 422 2 1397 427 3 1398 420 3 1399 423 3 1400 432 3 1401 423 100 1402 424 100 1403 421 100 1404 422 100 1405 429 100 1406 430 100 1407 431 100 1408 432 100 1409 431 1 1410 430 1 1411 425 1 1412 428 1 1413 419 4 1414 418 4 1415 421 4 1416 424 4 1417 417 104 1418 422 104 1419 421 104 1420 418 104 1421 423 105 1422 420 105 1423 419 105 1424 424 105 1425 427 102 1426 432 102 1427 431 102 1428 428 102 1429 429 78 1430 426 78 1431 425 78 1432 430 78 1433 427 103 1434 428 103 1435 425 103 1436 426 103 1437 417 103 1438 418 103 1439 419 103 1440 420 103 1441 433 2 1442 442 2 1443 445 2 1444 438 2 1445 443 3 1446 436 3 1447 439 3 1448 448 3 1449 439 100 1450 440 100 1451 437 100 1452 438 100 1453 445 100 1454 446 100 1455 447 100 1456 448 100 1457 447 1 1458 446 1 1459 441 1 1460 444 1 1461 435 4 1462 434 4 1463 437 4 1464 440 4 1465 433 61 1466 438 61 1467 437 61 1468 434 61 1469 439 101 1470 436 101 1471 435 101 1472 440 101 1473 443 102 1474 448 102 1475 447 102 1476 444 102 1477 445 78 1478 442 78 1479 441 78 1480 446 78 1481 443 103 1482 444 103 1483 441 103 1484 442 103 1485 433 103 1486 434 103 1487 435 103 1488 436 103 1489 449 2 1490 458 2 1491 461 2 1492 454 2 1493 459 3 1494 452 3 1495 455 3 1496 464 3 1497 455 100 1498 456 100 1499 453 100 1500 454 100 1501 461 100 1502 462 100 1503 463 100 1504 464 100 1505 463 1 1506 462 1 1507 457 1 1508 460 1 1509 451 4 1510 450 4 1511 453 4 1512 456 4 1513 449 61 1514 454 61 1515 453 61 1516 450 61 1517 455 101 1518 452 101 1519 451 101 1520 456 101 1521 459 102 1522 464 102 1523 463 102 1524 460 102 1525 461 78 1526 458 78 1527 457 78 1528 462 78 1529 459 103 1530 460 103 1531 457 103 1532 458 103 1533 449 103 1534 450 103 1535 451 103 1536 452 103 1537 465 2 1538 474 2 1539 477 2 1540 470 2 1541 475 3 1542 468 3 1543 471 3 1544 480 3 1545 471 100 1546 472 100 1547 469 100 1548 470 100 1549 477 100 1550 478 100 1551 479 100 1552 480 100 1553 479 1 1554 478 1 1555 473 1 1556 476 1 1557 467 4 1558 466 4 1559 469 4 1560 472 4 1561 465 61 1562 470 61 1563 469 61 1564 466 61 1565 471 101 1566 468 101 1567 467 101 1568 472 101 1569 475 102 1570 480 102 1571 479 102 1572 476 102 1573 477 78 1574 474 78 1575 473 78 1576 478 78 1577 475 103 1578 476 103 1579 473 103 1580 474 103 1581 465 103 1582 466 103 1583 467 103 1584 468 103 1585 481 2 1586 490 2 1587 493 2 1588 486 2 1589 491 3 1590 484 3 1591 487 3 1592 496 3 1593 487 100 1594 488 100 1595 485 100 1596 486 100 1597 493 100 1598 494 100 1599 495 100 1600 496 100 1601 495 1 1602 494 1 1603 489 1 1604 492 1 1605 483 4 1606 482 4 1607 485 4 1608 488 4 1609 481 61 1610 486 61 1611 485 61 1612 482 61 1613 487 101 1614 484 101 1615 483 101 1616 488 101 1617 491 102 1618 496 102 1619 495 102 1620 492 102 1621 493 78 1622 490 78 1623 489 78 1624 494 78 1625 491 103 1626 492 103 1627 489 103 1628 490 103 1629 481 103 1630 482 103 1631 483 103 1632 484 103 1633 497 2 1634 506 2 1635 509 2 1636 502 2 1637 507 3 1638 500 3 1639 503 3 1640 512 3 1641 503 100 1642 504 100 1643 501 100 1644 502 100 1645 509 100 1646 510 100 1647 511 100 1648 512 100 1649 511 1 1650 510 1 1651 505 1 1652 508 1 1653 499 4 1654 498 4 1655 501 4 1656 504 4 1657 497 61 1658 502 61 1659 501 61 1660 498 61 1661 503 101 1662 500 101 1663 499 101 1664 504 101 1665 507 102 1666 512 102 1667 511 102 1668 508 102 1669 509 78 1670 506 78 1671 505 78 1672 510 78 1673 507 103 1674 508 103 1675 505 103 1676 506 103 1677 497 103 1678 498 103 1679 499 103 1680 500 103 1681</p>
        </polylist>
      </mesh>
    </geometry>
    <geometry id="conector-suelo-plano-mesh" name="conector-suelo-plano">
      <mesh>
        <source id="conector-suelo-plano-mesh-positions">
          <float_array id="conector-suelo-plano-mesh-positions-array" count="528">0.07329064 0.07560467 0.02903318 0.07329064 0.07560467 0.01903319 -0.06670933 0.07560467 0.01903325 -0.06670933 0.07560467 0.02903324 -0.05804908 0.07060468 0.01903319 -0.05804908 0.07060468 0.02903324 -0.05804908 0.06060469 0.01903319 -0.05804908 0.06060469 0.02903324 -0.06670933 0.05560469 0.01903325 -0.06670933 0.05560469 0.02903324 -0.07536959 0.06060469 0.01903325 -0.07536959 0.06060469 0.02903324 -0.07536959 0.07060468 0.01903325 -0.07536959 0.07060468 0.02903324 0.0819509 0.07060468 0.01903319 0.0819509 0.07060468 0.02903318 0.08195084 0.06060469 0.01903319 0.0819509 0.06060469 0.02903318 0.07329064 0.05560469 0.01903319 0.07329064 0.05560469 0.02903318 0.06463038 0.06060469 0.01903319 0.06463038 0.06060469 0.02903318 0.06463038 0.07060468 0.01903319 0.06463038 0.07060468 0.02903318 0.07316672 0.07049834 0.03917241 0.07316672 0.07049834 0.028894 -0.06683325 0.07049834 0.028894 -0.06683325 0.07049834 0.03917241 -0.06319928 0.06899309 0.028894 -0.06319928 0.06899309 0.03917241 -0.06169402 0.06535917 0.028894 -0.06169402 0.06535917 0.03917241 -0.06319928 0.06172519 0.028894 -0.06319928 0.06172519 0.03917241 -0.06683325 0.06021994 0.028894 -0.06683325 0.06021994 0.03917241 -0.07046717 0.06172519 0.028894 -0.07046717 0.06172519 0.03917241 -0.07197242 0.06535917 0.028894 -0.07197242 0.06535917 0.03917241 -0.07046717 0.06899309 0.028894 -0.07046717 0.06899309 0.03917241 0.0768007 0.06899309 0.028894 0.0768007 0.06899309 0.03917241 0.0783059 0.06535917 0.028894 0.0783059 0.06535917 0.03917241 0.0768007 0.06172519 0.028894 0.0768007 0.06172519 0.03917241 0.07316672 0.06021994 0.028894 0.07316672 0.06021994 0.03917241 0.06953275 0.06172519 0.028894 0.06953275 0.06172519 0.03917241 0.06802749 0.06535917 0.028894 0.06802749 0.06535917 0.03917241 0.06953275 0.06899309 0.028894 0.06953275 0.06899309 0.03917241 0.07329064 -0.05839526 0.02903318 0.07329064 -0.05839526 0.01903319 -0.06670933 -0.05839526 0.01903325 -0.06670933 -0.05839526 0.02903324 -0.05804908 -0.06339526 0.01903319 -0.05804908 -0.06339526 0.02903324 -0.05804908 -0.07339525 0.01903319 -0.05804908 -0.07339525 0.02903324 -0.06670933 -0.07839524 0.01903325 -0.06670933 -0.07839524 0.02903324 -0.07536959 -0.07339525 0.01903325 -0.07536959 -0.07339525 0.02903324 -0.07536959 -0.06339526 0.01903325 -0.07536959 -0.06339526 0.02903324 0.0819509 -0.06339526 0.01903319 0.0819509 -0.06339526 0.02903318 0.08195084 -0.07339525 0.01903319 0.0819509 -0.07339525 0.02903318 0.07329064 -0.07839524 0.01903319 0.07329064 -0.07839524 0.02903318 0.06463038 -0.07339525 0.01903319 0.06463038 -0.07339525 0.02903318 0.06463038 -0.06339526 0.01903319 0.06463038 -0.06339526 0.02903318 0.07316672 -0.06350159 0.03917241 0.07316672 -0.06350159 0.028894 -0.06683325 -0.06350159 0.028894 -0.06683325 -0.06350159 0.03917241 -0.06319928 -0.06500685 0.028894 -0.06319928 -0.06500685 0.03917241 -0.06169402 -0.06864076 0.028894 -0.06169402 -0.06864076 0.03917241 -0.06319928 -0.07227474 0.028894 -0.06319928 -0.07227474 0.03917241 -0.06683325 -0.07378 0.028894 -0.06683325 -0.07378 0.03917241 -0.07046717 -0.07227474 0.028894 -0.07046717 -0.07227474 0.03917241 -0.07197242 -0.06864076 0.028894 -0.07197242 -0.06864076 0.03917241 -0.07046717 -0.06500685 0.028894 -0.07046717 -0.06500685 0.03917241 0.0768007 -0.06500685 0.028894 0.0768007 -0.06500685 0.03917241 0.0783059 -0.06864076 0.028894 0.0783059 -0.06864076 0.03917241 0.0768007 -0.07227474 0.028894 0.0768007 -0.07227474 0.03917241 0.07316672 -0.07378 0.028894 0.07316672 -0.07378 0.03917241 0.06953275 -0.07227474 0.028894 0.06953275 -0.07227474 0.03917241 0.06802749 -0.06864076 0.028894 0.06802749 -0.06864076 0.03917241 0.06953275 -0.06500685 0.028894 0.06953275 -0.06500685 0.03917241 0.05819612 -0.04505515 0.01808202 0.05819612 -0.04505515 -0.001917898 0.05819612 0.04909628 0.01808202 0.05819612 0.04909628 -0.001917898 0.04960137 0.05769103 0.01808202 0.04960137 0.05769103 -0.001917898 0.04960137 -0.0536499 0.01808202 0.04960137 -0.0536499 -0.001917898 -0.04455006 0.05769097 0.01808202 -0.04455006 0.05769097 -0.001917898 -0.04455006 -0.05364996 0.01808202 -0.04455006 -0.05364996 -0.001917898 -0.05314487 0.04909622 0.01808202 -0.05314487 0.04909622 -0.001917898 -0.05314481 -0.04505521 0.01808202 -0.05314481 -0.04505521 -0.001917898 0.05252563 0.04430121 0.02634644 0.0448063 0.05202054 0.02634644 -0.03975504 0.05202049 0.02634644 -0.04747432 0.04430121 0.02634644 0.0448063 -0.04797941 0.02634644 0.05252563 -0.04026013 0.02634644 -0.04747432 -0.04026013 0.02634644 -0.03975504 -0.04797947 0.02634644 0.05252563 0.04430121 -0.002605378 0.0448063 0.05202054 -0.002605378 -0.03975504 0.05202049 -0.002605378 -0.04747432 0.04430121 -0.002605378 0.0448063 -0.04797941 -0.002605378 0.05252563 -0.04026013 -0.002605378 -0.04747432 -0.04026013 -0.002605378 -0.03975504 -0.04797947 -0.002605378 -0.04455006 0.05769097 0.02634644 -0.05314487 0.04909622 0.02634644 0.04960137 -0.0536499 0.02634644 0.05819612 -0.04505515 0.02634644 -0.05314481 -0.04505521 0.02634644 -0.04455006 -0.05364996 0.02634644 0.05819612 0.04909628 0.02634644 0.04960137 0.05769103 0.02634644 -0.04455006 0.05769097 -0.002605378 -0.05314487 0.04909622 -0.002605378 0.04960137 -0.0536499 -0.002605378 0.05819612 -0.04505515 -0.002605378 -0.05314481 -0.04505521 -0.002605378 -0.04455006 -0.05364996 -0.002605378 0.05819612 0.04909628 -0.002605378 0.04960137 0.05769103 -0.002605378 -0.08955466 -0.09797948 -0.001917898 -0.09747433 -0.09005981 -0.001917898 -0.09747433 -0.09005981 0.01808202 -0.08955466 -0.09797948 0.01808202 -0.09747433 0.09410083 -0.001917898 -0.08955466 0.1020205 -0.001917898 -0.08955466 0.1020205 0.01808202 -0.09747433 0.09410083 0.01808202 0.1025257 -0.09005981 -0.001917898 0.09460598 -0.09797948 -0.001917898 0.09460598 -0.09797948 0.01808202 0.1025257 -0.09005981 0.01808202 0.09460598 0.1020205 -0.001917898 0.1025257 0.09410083 -0.001917898 0.1025257 0.09410083 0.01808202 0.09460598 0.1020205 0.01808202</float_array>
          <technique_common>
            <accessor source="#conector-suelo-plano-mesh-positions-array" count="176" stride="3">
              <param name="X" type="float"/>
              <param name="Y" type="float"/>
              <param name="Z" type="float"/>
            </accessor>
          </technique_common>
        </source>
        <source id="conector-suelo-plano-mesh-normals">
          <float_array id="conector-suelo-plano-mesh-normals-array" count="252">0 -1 0 0 0 -1 0 0 1 0 0 1 1 0 0 0.4999998 0.8660255 0 -0.4999992 -0.866026 0 0.5000001 -0.8660253 -5.13738e-7 0.4999998 -0.8660255 -5.13737e-7 -0.4999997 0.8660256 0 1 -1.16415e-6 -3.72529e-7 -0.4999997 -0.8660256 2.99658e-7 0.4999997 0.8660256 0 -1 5.82076e-7 7.45057e-7 -1 1.16415e-6 3.72529e-7 -0.5 0.8660255 0 -0.9238776 0.3826884 0 0.3826874 0.923878 0 0.9238781 0.3826872 0 -0.9238797 -0.382683 0 0.9238803 -0.3826818 0 -0.3826878 -0.9238778 0 0.3826874 -0.923878 0 0.3826869 -0.9238782 0 -0.3826874 -0.923878 0 0.9238802 -0.3826819 0 -0.9238792 -0.3826842 0 0.9238781 0.3826872 0 -0.923877 0.3826897 0 -0.3826878 0.9238778 0 -0.3826874 0.923878 0 0.3826869 0.9238782 0 0.5000001 -0.8660253 -6.02213e-7 0.4999998 -0.8660255 -6.02213e-7 -0.4999997 -0.8660256 1.22707e-7 -1.94798e-7 0 1 0 0 1 -1.94798e-7 0 1 0 0 1 0 1 0 -1 0 0 -1.76217e-7 1 0 -1 -1.42654e-7 -1.28672e-7 -0.7071065 -0.7071071 0 -0.7071065 0.7071071 -1.84166e-7 1 0 1.28672e-7 1.76217e-7 -1 0 0.7071063 0.7071073 1.55933e-7 0.7071065 -0.7071071 0 1.58268e-7 -1 0 1 0 0 0.7071062 0.7071074 0 0.7071062 -0.7071075 0 -1 -1.74163e-7 0 -1.58268e-7 1 0 -0.7071066 0.707107 0 0 0 1 -5.11384e-7 -5.70871e-7 1 0 0 -1 -1.49154e-7 7.30383e-7 -1 1.70461e-7 -7.30383e-7 1 5.32692e-7 5.13784e-7 -1 -1.70462e-7 0 1 0 0 1 0 0 -1 9.19016e-7 -1.56338e-7 1 0 0 -1 0 0 1 -8.04139e-7 1.45916e-7 -1 0 0 -1 0 0 1 -0.7071068 -0.7071068 0 -0.7071068 0.7071068 0 0.7071071 0.7071065 0 0.7071071 -0.7071065 0 0 0 -1 0 0 1 0 1.33639e-7 1 0 0 1 1.57819e-7 0 1 0 0 1 0 0 -1 0 0 -1 0 0 -1</float_array>
          <technique_common>
            <accessor source="#conector-suelo-plano-mesh-normals-array" count="84" stride="3">
              <param name="X" type="float"/>
              <param name="Y" type="float"/>
              <param name="Z" type="float"/>
            </accessor>
          </technique_common>
        </source>
        <source id="conector-suelo-plano-mesh-map-0">
          <float_array id="conector-suelo-plano-mesh-map-0-array" count="1008">0.04550266 0.4671809 0.04222059 0.4660938 0.0422703 0.4346263 0.04623603 0.4346804 0.008636772 0.4332564 0.01651346 0.4410149 0.01500922 0.4425191 0.007250726 0.4346425 0.04222059 0.4660938 0.03451466 0.458935 0.03469759 0.4429977 0.0422703 0.4346263 0.009324073 0.4683911 0.016779 0.4604256 0.03307145 0.4604071 0.04120069 0.4677723 0.008354008 0.4718509 0.009324073 0.4683911 0.04120069 0.4677723 0.04124736 0.471782 0.1191905 0.4284714 0.1231524 0.4284714 0.1231524 0.4324333 0.1191905 0.4324333 0.131191 0.440357 0.127229 0.440357 0.127229 0.4363951 0.131191 0.4363951 0.1191905 0.4324333 0.1231524 0.4324333 0.1231524 0.4363951 0.1191905 0.4363951 0.131191 0.4443188 0.127229 0.4443188 0.127229 0.440357 0.131191 0.440357 0.1191905 0.4363951 0.1231524 0.4363951 0.1231524 0.440357 0.1191905 0.440357 0.131191 0.4324333 0.127229 0.4324333 0.127229 0.4284714 0.131191 0.4284714 0.131191 0.4482807 0.127229 0.4482807 0.127229 0.4443188 0.131191 0.4443188 0.1191905 0.440357 0.1231524 0.440357 0.1231524 0.4443188 0.1191905 0.4443188 0.131191 0.4522426 0.127229 0.4522426 0.127229 0.4482807 0.131191 0.4482807 0.1191905 0.4443188 0.1231524 0.4443188 0.1231524 0.4482807 0.1191905 0.4482807 0.131191 0.4363951 0.127229 0.4363951 0.127229 0.4324333 0.131191 0.4324333 0.1191905 0.4482807 0.1231524 0.4482807 0.1231524 0.4522426 0.1191905 0.4522426 0.1412549 0.438382 0.1354375 0.438382 0.1354375 0.4361559 0.1412549 0.4361559 0.1412549 0.4517393 0.1354375 0.4517393 0.1354375 0.4495131 0.1412549 0.4495131 0.1412549 0.4495131 0.1354375 0.4495131 0.1354375 0.4472869 0.1412549 0.4472869 0.1412549 0.4406083 0.1354375 0.4406083 0.1354375 0.438382 0.1412549 0.438382 0.1412549 0.4472869 0.1354375 0.4472869 0.1354375 0.4450607 0.1412549 0.4450607 0.1412549 0.4428345 0.1354375 0.4428345 0.1354375 0.4406083 0.1412549 0.4406083 0.1412549 0.4450607 0.1354375 0.4450607 0.1354375 0.4428344 0.1412549 0.4428344 0.1412549 0.4450607 0.1354375 0.4450607 0.1354375 0.4428345 0.1412549 0.4428345 0.1412549 0.4428344 0.1354375 0.4428344 0.1354375 0.4406083 0.1412549 0.4406083 0.1412549 0.4472869 0.1354375 0.4472869 0.1354375 0.4450607 0.1412549 0.4450607 0.1412549 0.4406083 0.1354375 0.4406083 0.1354375 0.438382 0.1412549 0.438382 0.1412549 0.4495131 0.1354375 0.4495131 0.1354375 0.4472869 0.1412549 0.4472869 0.1412549 0.438382 0.1354375 0.438382 0.1354375 0.4361559 0.1412549 0.4361559 0.1412549 0.4361559 0.1354375 0.4361559 0.1354375 0.4339296 0.1412549 0.4339296 0.1412549 0.4361559 0.1354375 0.4361559 0.1354375 0.4339296 0.1412549 0.4339296 0.1412549 0.4517393 0.1354375 0.4517393 0.1354375 0.4495131 0.1412549 0.4495131 0.1151713 0.4284714 0.1191331 0.4284714 0.1191331 0.4324333 0.1151713 0.4324333 0.1271716 0.440357 0.1232098 0.440357 0.1232098 0.4363951 0.1271716 0.4363951 0.1151713 0.4324333 0.1191331 0.4324333 0.1191331 0.4363951 0.1151713 0.4363951 0.1271716 0.4443188 0.1232098 0.4443188 0.1232098 0.440357 0.1271716 0.440357 0.1151713 0.4363951 0.1191331 0.4363951 0.1191331 0.440357 0.1151713 0.440357 0.1271716 0.4324333 0.1232098 0.4324333 0.1232098 0.4284714 0.1271716 0.4284714 0.1271716 0.4482807 0.1232098 0.4482807 0.1232098 0.4443188 0.1271716 0.4443188 0.1151713 0.440357 0.1191331 0.440357 0.1191331 0.4443188 0.1151713 0.4443188 0.1271716 0.4522426 0.1232098 0.4522426 0.1232098 0.4482807 0.1271716 0.4482807 0.1151713 0.4443188 0.1191331 0.4443188 0.1191331 0.4482807 0.1151713 0.4482807 0.1271716 0.4363951 0.1232098 0.4363951 0.1232098 0.4324333 0.1271716 0.4324333 0.1151713 0.4482807 0.1191331 0.4482807 0.1191331 0.4522426 0.1151713 0.4522426 0.1354375 0.4472869 0.1412549 0.4472869 0.1412549 0.4495131 0.1354375 0.4495131 0.1412549 0.4517393 0.1354375 0.4517393 0.1354375 0.4495131 0.1412549 0.4495131 0.1412549 0.4495131 0.1354375 0.4495131 0.1354375 0.4472869 0.1412549 0.4472869 0.1354375 0.4450607 0.1412549 0.4450607 0.1412549 0.4472869 0.1354375 0.4472869 0.1412549 0.4472869 0.1354375 0.4472869 0.1354375 0.4450607 0.1412549 0.4450607 0.1354375 0.4428345 0.1412549 0.4428345 0.1412549 0.4450607 0.1354375 0.4450607 0.1412549 0.4450607 0.1354375 0.4450607 0.1354375 0.4428344 0.1412549 0.4428344 0.1354375 0.4406083 0.1412549 0.4406083 0.1412549 0.4428345 0.1354375 0.4428345 0.1412549 0.4428344 0.1354375 0.4428344 0.1354375 0.4406083 0.1412549 0.4406083 0.1354375 0.438382 0.1412549 0.438382 0.1412549 0.4406083 0.1354375 0.4406083 0.1412549 0.4406083 0.1354375 0.4406083 0.1354375 0.438382 0.1412549 0.438382 0.1354375 0.4361559 0.1412549 0.4361559 0.1412549 0.438382 0.1354375 0.438382 0.1412549 0.438382 0.1354375 0.438382 0.1354375 0.4361559 0.1412549 0.4361559 0.1354375 0.4495131 0.1412549 0.4495131 0.1412549 0.4517393 0.1354375 0.4517393 0.1412549 0.4361559 0.1354375 0.4361559 0.1354375 0.4339296 0.1412549 0.4339296 0.1354375 0.4339296 0.1412549 0.4339296 0.1412549 0.4361559 0.1354375 0.4361559 0.1933385 0.2843584 0.1933385 0.2821322 0.1949127 0.280558 0.1971389 0.280558 0.1987131 0.2821322 0.1987131 0.2843584 0.1971389 0.2859326 0.1949127 0.2859326 0.2031416 0.2890477 0.1982401 0.2918776 0.1933385 0.2890477 0.1933385 0.2833879 0.1982401 0.280558 0.2031416 0.2833879 0.1933385 0.2843584 0.1933385 0.2821322 0.1949127 0.280558 0.1971389 0.280558 0.1987131 0.2821322 0.1987131 0.2843584 0.1971389 0.2859326 0.1949127 0.2859326 0.2031416 0.2833879 0.2031416 0.2890477 0.1982401 0.2918776 0.1933386 0.2890477 0.1933385 0.2833879 0.1982401 0.280558 0.1949127 0.2859326 0.1933385 0.2843584 0.1933385 0.2821322 0.1949127 0.280558 0.1971389 0.280558 0.1987131 0.2821322 0.1987131 0.2843584 0.1971389 0.2859326 0.1982401 0.280558 0.2031416 0.2833879 0.2031416 0.2890477 0.1982401 0.2918776 0.1933385 0.2890477 0.1933385 0.2833879 0.1949127 0.2859326 0.1933385 0.2843584 0.1933385 0.2821322 0.1949127 0.280558 0.1971389 0.280558 0.1987131 0.2821322 0.1987131 0.2843584 0.1971389 0.2859326 0.2031416 0.2833879 0.2031416 0.2890477 0.1982401 0.2918776 0.1933385 0.2890477 0.1933385 0.2833879 0.1982401 0.280558 0.004520416 0.4346196 0.007804274 0.4357343 0.007436633 0.4674063 0.003446459 0.4673106 0.04138278 0.4303403 0.04045641 0.4337199 0.008831381 0.4340643 0.008826076 0.4300911 0.02845042 0.3526906 0.02289444 0.352645 0.02465683 0.3388851 0.02809822 0.339133 0.0279082 0.3712627 0.02230465 0.3711979 0.02280086 0.3546911 0.02826911 0.3546225 0.02788585 0.3732414 0.02217727 0.3734302 0.02230465 0.3711979 0.0279082 0.3712627 0.02826911 0.3546225 0.02280086 0.3546911 0.02289444 0.352645 0.02845042 0.3526906 0.02833688 0.4091165 0.02309995 0.4090586 0.02215093 0.3924358 0.02796661 0.3920441 0.0280798 0.3899926 0.02218967 0.3901523 0.02217727 0.3734302 0.02788585 0.3732414 0.02782315 0.4109274 0.02347034 0.4108862 0.02309995 0.4090586 0.02833688 0.4091165 0.02796661 0.3920441 0.02215093 0.3924358 0.02218967 0.3901523 0.0280798 0.3899926 0.01734286 0.3522247 0.01896333 0.3375032 0.0239588 0.3381105 0.02191364 0.3528206 0.01616048 0.3710456 0.0171315 0.3542657 0.02171814 0.3542638 0.02115017 0.3714635 0.0160734 0.3732576 0.01616048 0.3710456 0.02115017 0.3714635 0.0210216 0.3730207 0.0171315 0.3542657 0.01734286 0.3522247 0.02191364 0.3528206 0.02171814 0.3542638 0.01730823 0.410544 0.01586067 0.3926362 0.0209617 0.3920806 0.02193391 0.4096423 0.01583588 0.3903282 0.0160734 0.3732576 0.0210216 0.3730207 0.02101731 0.3904723 0.01780056 0.4124968 0.01730823 0.410544 0.02193391 0.4096423 0.02245187 0.4113241 0.01586067 0.3926362 0.01583588 0.3903282 0.02101731 0.3904723 0.0209617 0.3920806 0.02845042 0.3526906 0.02809822 0.339133 0.02896022 0.3383617 0.02937 0.3530201 0.02796661 0.3920441 0.0280798 0.3899926 0.02905523 0.3903371 0.02912861 0.3915832 0.02465683 0.3388851 0.02289444 0.352645 0.02191364 0.3528206 0.0239588 0.3381105 0.02218967 0.3901523 0.02215093 0.3924358 0.0209617 0.3920806 0.02101731 0.3904723 0.02826911 0.3546225 0.02845042 0.3526906 0.02937 0.3530201 0.02940034 0.3542215 0.02289444 0.352645 0.02280086 0.3546911 0.02171814 0.3542638 0.02191364 0.3528206 0.02782315 0.4109274 0.02833688 0.4091165 0.02940034 0.4097789 0.02871567 0.4113454 0.02309995 0.4090586 0.02347034 0.4108862 0.02245187 0.4113241 0.02193391 0.4096423 0.02788585 0.3732414 0.0279082 0.3712627 0.02897256 0.3717366 0.02889555 0.3729264 0.02230465 0.3711979 0.02217727 0.3734302 0.0210216 0.3730207 0.02115017 0.3714635 0.0280798 0.3899926 0.02788585 0.3732414 0.02889555 0.3729264 0.02905523 0.3903371 0.02217727 0.3734302 0.02218967 0.3901523 0.02101731 0.3904723 0.0210216 0.3730207 0.0279082 0.3712627 0.02826911 0.3546225 0.02940034 0.3542215 0.02897256 0.3717366 0.02280086 0.3546911 0.02230465 0.3711979 0.02115017 0.3714635 0.02171814 0.3542638 0.02833688 0.4091165 0.02796661 0.3920441 0.02912861 0.3915832 0.02940034 0.4097789 0.02215093 0.3924358 0.02309995 0.4090586 0.02193391 0.4096423 0.0209617 0.3920806 0.01651346 0.4410149 0.008636772 0.4332564 0.04086834 0.4332564 0.0329917 0.4410149 0.04086834 0.4682601 0.0329917 0.4605016 0.03449594 0.4589974 0.04225444 0.466874 0.01528161 0.4589381 0.007436633 0.4674063 0.007804274 0.4357343 0.01546627 0.4429025 0.04342186 0.4309852 0.0422703 0.4346263 0.04045641 0.4337199 0.04138278 0.4303403 0.007804274 0.4357343 0.004520416 0.4346196 0.00531286 0.4326492 0.008831381 0.4340643 0.009324073 0.4683911 0.008354008 0.4718509 0.006240248 0.4711809 0.007436633 0.4674063 0.04222059 0.4660938 0.04550266 0.4671809 0.04472774 0.469156 0.04120069 0.4677723 0.01500922 0.4425191 0.01500916 0.4589974 0.007250666 0.466874 0.007250726 0.4346425 0.0422703 0.4346263 0.03469759 0.4429977 0.03308129 0.4414517 0.04045641 0.4337199 0.03451466 0.458935 0.04222059 0.4660938 0.04120069 0.4677723 0.03307145 0.4604071 0.04045641 0.4337199 0.03308129 0.4414517 0.0169081 0.4414398 0.008831381 0.4340643 0.01546627 0.4429025 0.007804274 0.4357343 0.008831381 0.4340643 0.0169081 0.4414398 0.016779 0.4604256 0.009324073 0.4683911 0.007436633 0.4674063 0.01528161 0.4589381 0.0329917 0.4410149 0.04086834 0.4332564 0.04225444 0.4346425 0.03449594 0.4425191 0.03449594 0.4425191 0.04225444 0.4346425 0.04225444 0.466874 0.03449594 0.4589974 0.007250666 0.466874 0.01500916 0.4589974 0.01651346 0.4605016 0.008636772 0.4682601 0.008636772 0.4682601 0.01651346 0.4605016 0.0329917 0.4605016 0.04086834 0.4682601</float_array>
          <technique_common>
            <accessor source="#conector-suelo-plano-mesh-map-0-array" count="504" stride="2">
              <param name="S" type="float"/>
              <param name="T" type="float"/>
            </accessor>
          </technique_common>
        </source>
        <vertices id="conector-suelo-plano-mesh-vertices">
          <input semantic="POSITION" source="#conector-suelo-plano-mesh-positions"/>
        </vertices>
        <polylist material="hiper-atlas-material" count="120">
          <input semantic="VERTEX" source="#conector-suelo-plano-mesh-vertices" offset="0"/>
          <input semantic="NORMAL" source="#conector-suelo-plano-mesh-normals" offset="1"/>
          <input semantic="TEXCOORD" source="#conector-suelo-plano-mesh-map-0" offset="2" set="0"/>
          <vcount>4 4 4 4 4 4 4 4 4 4 4 4 4 4 4 4 4 4 4 4 4 4 4 4 4 4 4 4 4 4 4 4 4 4 4 4 4 4 4 4 4 4 4 4 4 4 4 4 4 4 4 4 4 4 4 4 4 4 4 4 4 8 6 8 6 8 6 8 6 4 4 4 4 4 4 4 4 4 4 4 4 4 4 4 4 4 4 4 4 4 4 4 4 4 4 4 4 4 4 4 4 4 4 4 4 4 4 4 4 4 4 4 4 4 4 4 4 4 4 4 </vcount>
          <p>169 0 0 170 0 1 163 0 2 160 0 3 165 1 4 121 1 5 125 1 6 164 1 7 170 2 8 118 2 9 122 2 10 163 2 11 174 3 12 114 3 13 112 3 14 171 3 15 173 4 16 174 4 17 171 4 18 168 4 19 2 5 20 3 5 21 5 5 22 4 5 23 18 6 24 19 6 25 21 6 26 20 6 27 4 4 28 5 4 29 7 4 30 6 4 31 16 7 32 17 7 33 19 7 34 18 7 35 6 8 36 7 8 37 9 8 38 8 8 39 22 9 40 23 9 41 0 9 42 1 9 43 14 10 44 15 10 45 17 10 46 16 10 47 8 11 48 9 11 49 11 11 50 10 11 51 1 12 52 0 12 53 15 12 54 14 12 55 10 13 56 11 13 57 13 13 58 12 13 59 20 14 60 21 14 61 23 14 62 22 14 63 12 15 64 13 15 65 3 15 66 2 15 67 52 16 68 53 16 69 55 16 70 54 16 71 26 17 72 27 17 73 29 17 74 28 17 75 28 18 76 29 18 77 31 18 78 30 18 79 50 19 80 51 19 81 53 19 82 52 19 83 30 20 84 31 20 85 33 20 86 32 20 87 48 21 88 49 21 89 51 21 90 50 21 91 32 22 92 33 22 93 35 22 94 34 22 95 46 23 96 47 23 97 49 23 98 48 23 99 34 24 100 35 24 101 37 24 102 36 24 103 44 25 104 45 25 105 47 25 106 46 25 107 36 26 108 37 26 109 39 26 110 38 26 111 42 27 112 43 27 113 45 27 114 44 27 115 38 28 116 39 28 117 41 28 118 40 28 119 54 29 120 55 29 121 24 29 122 25 29 123 40 30 124 41 30 125 27 30 126 26 30 127 25 31 128 24 31 129 43 31 130 42 31 131 58 5 132 59 5 133 61 5 134 60 5 135 74 6 136 75 6 137 77 6 138 76 6 139 60 4 140 61 4 141 63 4 142 62 4 143 72 32 144 73 32 145 75 32 146 74 32 147 62 33 148 63 33 149 65 33 150 64 33 151 78 9 152 79 9 153 56 9 154 57 9 155 70 10 156 71 10 157 73 10 158 72 10 159 64 34 160 65 34 161 67 34 162 66 34 163 57 12 164 56 12 165 71 12 166 70 12 167 66 13 168 67 13 169 69 13 170 68 13 171 76 14 172 77 14 173 79 14 174 78 14 175 68 15 176 69 15 177 59 15 178 58 15 179 108 16 180 109 16 181 111 16 182 110 16 183 82 17 184 83 17 185 85 17 186 84 17 187 84 18 188 85 18 189 87 18 190 86 18 191 106 19 192 107 19 193 109 19 194 108 19 195 86 20 196 87 20 197 89 20 198 88 20 199 104 21 200 105 21 201 107 21 202 106 21 203 88 22 204 89 22 205 91 22 206 90 22 207 102 23 208 103 23 209 105 23 210 104 23 211 90 24 212 91 24 213 93 24 214 92 24 215 100 25 216 101 25 217 103 25 218 102 25 219 92 26 220 93 26 221 95 26 222 94 26 223 98 27 224 99 27 225 101 27 226 100 27 227 94 28 228 95 28 229 97 28 230 96 28 231 110 29 232 111 29 233 80 29 234 81 29 235 96 30 236 97 30 237 83 30 238 82 30 239 81 31 240 80 31 241 99 31 242 98 31 243 51 35 244 49 35 245 47 35 246 45 35 247 43 35 248 24 35 249 55 35 250 53 35 251 21 36 252 19 36 253 17 36 254 15 36 255 0 36 256 23 36 257 107 37 258 105 37 259 103 37 260 101 37 261 99 37 262 80 37 263 111 37 264 109 37 265 77 36 266 75 36 267 73 36 268 71 36 269 56 36 270 79 36 271 29 36 272 27 36 273 41 36 274 39 36 275 37 36 276 35 36 277 33 36 278 31 36 279 5 38 280 3 38 281 13 38 282 11 38 283 9 38 284 7 38 285 85 36 286 83 36 287 97 36 288 95 36 289 93 36 290 91 36 291 89 36 292 87 36 293 61 38 294 59 38 295 69 38 296 67 38 297 65 38 298 63 38 299 165 39 300 166 39 301 175 39 302 172 39 303 161 40 304 162 40 305 167 40 306 164 40 307 132 41 308 140 41 309 143 41 310 135 41 311 128 42 312 136 42 313 141 42 314 133 42 315 129 43 316 137 43 317 136 43 318 128 43 319 133 44 320 141 44 321 140 44 322 132 44 323 134 45 324 142 45 325 139 45 326 131 45 327 130 46 328 138 46 329 137 46 330 129 46 331 135 47 332 143 47 333 142 47 334 134 47 335 131 48 336 139 48 337 138 48 338 130 48 339 146 49 340 149 49 341 157 49 342 154 49 343 150 50 344 147 50 345 155 50 346 158 50 347 151 51 348 150 51 349 158 51 350 159 51 351 147 52 352 146 52 353 154 52 354 155 52 355 148 53 356 145 53 357 153 53 358 156 53 359 144 54 360 151 54 361 159 54 362 152 54 363 149 43 364 148 43 365 156 43 366 157 43 367 145 55 368 144 55 369 152 55 370 153 55 371 132 56 372 135 56 373 149 56 374 146 56 375 131 57 376 130 57 377 144 57 378 145 57 379 143 58 380 140 58 381 154 58 382 157 58 383 138 59 384 139 59 385 153 59 386 152 59 387 133 60 388 132 60 389 146 60 390 147 60 391 140 61 392 141 61 393 155 61 394 154 61 395 135 62 396 134 62 397 148 62 398 149 62 399 142 1 400 143 1 401 157 1 402 156 1 403 129 36 404 128 36 405 150 36 406 151 36 407 136 1 408 137 1 409 159 1 410 158 1 411 130 63 412 129 63 413 151 63 414 144 63 415 137 64 416 138 64 417 152 64 418 159 64 419 128 65 420 133 65 421 147 65 422 150 65 423 141 66 424 136 66 425 158 66 426 155 66 427 134 67 428 131 67 429 145 67 430 148 67 431 139 68 432 142 68 433 156 68 434 153 68 435 121 1 436 165 1 437 172 1 438 117 1 439 169 69 440 119 69 441 113 69 442 168 69 443 116 70 444 175 70 445 166 70 446 120 70 447 160 71 448 163 71 449 162 71 450 161 71 451 166 72 452 165 72 453 164 72 454 167 72 455 174 73 456 173 73 457 172 73 458 175 73 459 170 74 460 169 74 461 168 74 462 171 74 463 125 75 464 127 75 465 161 75 466 164 75 467 163 76 468 122 76 469 126 76 470 162 76 471 118 77 472 170 77 473 171 77 474 112 77 475 162 78 476 126 78 477 124 78 478 167 78 479 120 79 480 166 79 481 167 79 482 124 79 483 114 80 484 174 80 485 175 80 486 116 80 487 117 1 488 172 1 489 173 1 490 115 1 491 115 81 492 173 81 493 168 81 494 113 81 495 161 82 496 127 82 497 123 82 498 160 82 499 160 83 500 123 83 501 119 83 502 169 83 503</p>
        </polylist>
      </mesh>
    </geometry>
    <geometry id="conector-suelo-esquina-mesh" name="conector-suelo-esquina">
      <mesh>
        <source id="conector-suelo-esquina-mesh-positions">
          <float_array id="conector-suelo-esquina-mesh-positions-array" count="570">-0.07078391 -0.0591278 -0.09499996 -0.07078391 -0.05412781 -0.08999997 -0.07078391 -0.05412781 0.08999997 -0.07078391 -0.0591278 0.09499996 -0.07078391 -0.0641278 0.08999997 -0.07078391 -0.0641278 -0.08999997 -0.05088853 -0.0591278 -0.09499996 -0.05088853 -0.05412781 -0.08999997 -0.05088853 -0.05412781 0.08999997 -0.05088853 -0.0591278 0.09499996 -0.05088853 -0.0641278 0.08999997 -0.05088853 -0.0641278 -0.08999997 -0.02639102 -0.0591278 -0.09499996 -0.02639102 -0.05412781 -0.08999997 -0.02639102 -0.05412781 0.08999997 -0.02639102 -0.0591278 0.09499996 -0.02639102 -0.0641278 0.08999997 -0.02639102 -0.0641278 -0.08999997 -0.005599737 -0.0591278 -0.09499996 -0.005599737 -0.05412781 -0.08999997 -0.005599737 -0.05412781 0.08999997 -0.005599737 -0.0591278 0.09499996 -0.005599737 -0.0641278 0.08999997 -0.005599737 -0.0641278 -0.08999997 0.003176927 -0.0591278 -0.09499996 -0.001823008 -0.05412781 -0.08999997 -0.001823008 -0.05412781 0.08999997 0.003176927 -0.0591278 0.09499996 0.008176922 -0.0641278 0.08999997 0.008176922 -0.0641278 -0.08999997 0.003176927 -0.04387921 -0.09499996 -0.001823008 -0.04387921 -0.08999997 -0.001823008 -0.04387921 0.08999997 0.003176927 -0.04387921 0.09499996 0.008176922 -0.04387921 0.08999997 0.008176922 -0.04387921 -0.08999997 0.003176927 -0.006065547 -0.09499996 -0.001823008 -0.006065547 -0.08999997 -0.001823008 -0.006065547 0.08999997 0.003176927 -0.006065547 0.09499996 0.008176922 -0.006065547 0.08999997 0.008176922 -0.006065547 -0.08999997 0.003176927 0.04241484 -0.09499996 -0.001823008 0.04241484 -0.08999997 -0.001823008 0.04241484 0.08999997 0.003176927 0.04241484 0.09499996 0.008176922 0.04241484 0.08999997 0.008176922 0.04241484 -0.08999997 0.003176927 0.08966386 -0.09499996 -0.001823008 0.08966386 -0.08999997 -0.001823008 0.08966386 0.08999997 0.003176927 0.08966386 0.09499996 0.008176922 0.08966386 0.08999997 0.008176922 0.08966386 -0.08999997 0.008258044 -0.04881471 -0.03987783 -0.001904129 -0.04881471 -0.03987783 0.008258044 0.05280786 0.04605561 -0.001904129 0.05280786 0.04605561 0.008258044 0.05280786 -0.03987783 -0.001904129 0.05280786 -0.03987783 0.008258044 -0.04097014 -0.04772239 0.008176922 -0.04387921 -0.04322898 -0.001904129 -0.04097014 -0.04772239 -0.001823008 -0.04387921 -0.04322898 0.008258044 -0.04097014 0.05390018 0.008258044 -0.006284773 0.05390018 -0.001904129 -0.006284773 0.05390012 -0.001904129 -0.04097014 0.05390018 0.008258044 0.0449633 -0.04772239 -0.001904129 0.0449633 -0.04772239 -0.001904129 -0.04881471 0.04605561 -0.001823008 -0.04387921 0.04940676 0.008258044 -0.04881471 0.04605561 0.008176922 -0.04387921 0.04940676 0.008258044 0.0449633 0.05390018 0.008258044 0.04298222 0.05390018 -0.001904129 0.04298222 0.05390012 -0.001904129 0.0449633 0.05390018 0.008258044 -0.006284773 -0.04772239 0.008258044 0.04298222 -0.04772239 -0.001904129 0.04298222 -0.04772239 -0.001904129 -0.006284773 -0.04772239 -0.003487586 0.04436427 0.05308884 -0.003487586 0.05208355 0.04536956 -0.003487586 0.05208355 -0.03919178 -0.003487586 0.04436427 -0.04691112 -0.003487586 -0.04791641 0.04536956 -0.003487586 -0.04019707 0.05308884 -0.003487586 -0.04019707 -0.04691112 -0.003487586 -0.04791641 -0.03919178 0.01048755 0.04436427 0.05308884 0.01048755 0.05208355 0.04536956 0.01048755 0.05208355 -0.03919178 0.01048755 0.04436427 -0.04691112 0.01048755 -0.04791641 0.04536956 0.01048755 -0.04019707 0.05308884 0.01048755 -0.04019707 -0.04691112 0.01048755 -0.04791641 -0.03919178 -0.003487586 0.05775403 -0.04398685 -0.003487586 0.04915928 -0.0525816 -0.003487586 -0.0535869 0.05016458 -0.003487586 -0.04499214 0.05875933 -0.003487586 -0.04499214 -0.0525816 -0.003487586 -0.0535869 -0.04398685 -0.003487586 0.04915928 0.05875933 -0.003487586 0.05775403 0.05016458 0.01048755 0.05775403 -0.04398685 0.01048755 0.04915928 -0.0525816 0.01048755 -0.0535869 0.05016458 0.01048755 -0.04499214 0.05875933 0.01048755 -0.04499214 -0.0525816 0.01048755 -0.0535869 -0.04398685 0.01048755 0.04915928 0.05875933 0.01048755 0.05775403 0.05016458 0.01499998 0.07463032 -0.07012391 0.004999935 0.07463032 -0.07012391 0.004999935 0.07463032 0.06987607 0.01499998 0.07463032 0.06987607 0.004999935 0.06963032 0.06121581 0.01499998 0.06963032 0.06121581 0.004999935 0.05963033 0.06121581 0.01499998 0.05963033 0.06121581 0.004999935 0.05463033 0.06987607 0.01499998 0.05463033 0.06987607 0.004999935 0.05963033 0.07853633 0.01499998 0.05963033 0.07853633 0.004999935 0.06963032 0.07853633 0.01499998 0.06963032 0.07853633 0.004999935 0.06963032 -0.0787841 0.01499998 0.06963032 -0.0787841 0.004999935 0.05963033 -0.0787841 0.01499998 0.05963033 -0.0787841 0.004999935 0.05463033 -0.07012391 0.01499998 0.05463033 -0.07012391 0.004999935 0.05963033 -0.06146359 0.01499998 0.05963033 -0.06146359 0.004999935 0.06963032 -0.06146359 0.01499998 0.06963032 -0.06146359 0.02513915 0.06952399 -0.06999999 0.01486074 0.06952399 -0.06999999 0.01486074 0.06952399 0.06999999 0.02513915 0.06952399 0.06999999 0.01486074 0.06801873 0.06636601 0.02513915 0.06801873 0.06636601 0.01486074 0.06438475 0.06486076 0.02513915 0.06438475 0.06486076 0.01486074 0.06075078 0.06636601 0.02513915 0.06075078 0.06636601 0.01486074 0.05924558 0.06999999 0.02513915 0.05924558 0.06999999 0.01486074 0.06075078 0.07363396 0.02513915 0.06075078 0.07363396 0.01486074 0.06438475 0.07513916 0.02513915 0.06438475 0.07513916 0.01486074 0.06801873 0.07363396 0.02513915 0.06801873 0.07363396 0.01486074 0.06801873 -0.07363396 0.02513915 0.06801873 -0.07363396 0.01486074 0.06438475 -0.07513916 0.02513915 0.06438475 -0.07513916 0.01486074 0.06075078 -0.07363396 0.02513915 0.06075078 -0.07363396 0.01486074 0.05924558 -0.06999999 0.02513915 0.05924558 -0.06999999 0.01486074 0.06075078 -0.06636601 0.02513915 0.06075078 -0.06636601 0.01486074 0.06438475 -0.06486076 0.02513915 0.06438475 -0.06486076 0.01486074 0.06801873 -0.06636601 0.02513915 0.06801873 -0.06636601 -0.04105222 -0.05412781 -0.0012542 -0.04105222 -0.0641278 -0.0012542 -0.04657745 -0.05412781 0.001034379 -0.04657745 -0.0641278 0.001034379 -0.05210274 -0.05412781 -0.0012542 -0.05088853 -0.05412781 -7.51331e-4 -0.05210274 -0.0641278 -0.0012542 -0.05088853 -0.0641278 -7.51331e-4 -0.04657745 -0.05412781 -0.01459336 -0.04657745 -0.0641278 -0.01459336 -0.03876358 -0.0641278 -0.006779491 -0.03876358 -0.05412781 -0.006779491 -0.05439138 -0.05412781 -0.006779491 -0.05439138 -0.0641278 -0.006779491 -0.05210274 -0.05412781 -0.01230472 -0.05210274 -0.0641278 -0.01230472 -0.04105222 -0.05412781 -0.01230472 -0.04105222 -0.0641278 -0.01230472 -0.05088853 -0.05412781 -0.0128076 -0.05088853 -0.0641278 -0.01280766</float_array>
          <technique_common>
            <accessor source="#conector-suelo-esquina-mesh-positions-array" count="190" stride="3">
              <param name="X" type="float"/>
              <param name="Y" type="float"/>
              <param name="Z" type="float"/>
            </accessor>
          </technique_common>
        </source>
        <source id="conector-suelo-esquina-mesh-normals">
          <float_array id="conector-suelo-esquina-mesh-normals-array" count="264">0 -0.707107 -0.7071067 0 0.7071073 -0.7071063 0 1 0 0 0.7071073 0.7071063 0 -0.707107 0.7071067 0 -1 0 0 -0.7071068 -0.7071069 0 0.7071071 -0.7071065 0 1 0 0 0.7071071 0.7071065 0 -0.7071068 0.7071069 0 -1 0 0 -0.7071068 -0.7071068 0 0.7071072 -0.7071064 0 1 0 0 0.7071072 0.7071064 0 -0.7071068 0.7071068 0 0.7071075 -0.7071061 0 0.7071073 0.7071062 0 -0.7071065 0.7071072 0.707107 0 -0.7071067 -0.7071065 0 -0.7071071 -0.9999868 -0.005158901 0 -0.7071065 0 0.7071071 0.707107 0 0.7071067 0.9999974 -0.002260684 0 0.7071068 0 -0.7071067 -0.7071068 0 -0.7071067 -0.999997 -0.001204013 0.002150356 -0.7071068 0 0.7071067 0.7071068 0 0.7071067 0.9999976 -0.001185357 -0.001837313 0.707107 0 -0.7071067 -0.707107 0 -0.7071067 -0.9999975 0 0.002247333 -0.707107 0 0.7071067 0.707107 0 0.7071067 0.9999982 0 -0.001918971 0.7071074 0 -0.7071062 -0.7071074 0 -0.7071062 -0.9999989 0.00152558 0 -0.7071074 0 0.7071062 0.7071074 0 0.7071062 0.9999989 0.00152564 0 -1 1.7305e-7 0 -0.9999976 -0.001185357 -0.001837432 -0.9999982 0 -0.001918971 0.999997 -0.001203954 0.002150237 0.9999975 0 0.002247333 0 0 -1 0 -0.7071071 -0.7071066 0 0.7071072 -0.7071064 0 0 1 0 0.7071072 0.7071064 0 -0.7071071 0.7071066 0 0.7071074 0.7071062 0 -0.7071075 0.7071061 0 -0.7071072 -0.7071064 0 0.7071071 -0.7071066 -1 0 0 1 0 0 1 0 0 -1 0 0 -1 0 0 1 0 0 1 -1.70462e-7 0 0 0.8660254 -0.5000001 0 -0.8660253 0.5000004 0 -0.866025 -0.5000007 0 -0.8660252 -0.5000005 0 0.8660255 0.5 0 0.8660253 -0.5000002 0 0.3826852 0.9238789 0 0.923879 -0.3826849 0 0.3826836 -0.9238796 0 -0.3826836 0.9238795 0 -0.382682 -0.9238801 0 -0.9238792 0.3826844 0 -0.9238795 -0.3826837 0 0.9238787 0.3826856 -0.3826852 -1.21662e-7 -0.9238789 -0.3826834 -1.21662e-7 0.9238796 0.3826838 0 -0.9238795 0.3826821 -6.08308e-7 0.9238802 0.9238798 4.86646e-7 0.3826832 -0.9238785 -4.86647e-7 -0.3826859 -0.9238789 -4.86646e-7 0.3826853 0.9238795 0 -0.3826838</float_array>
          <technique_common>
            <accessor source="#conector-suelo-esquina-mesh-normals-array" count="88" stride="3">
              <param name="X" type="float"/>
              <param name="Y" type="float"/>
              <param name="Z" type="float"/>
            </accessor>
          </technique_common>
        </source>
        <source id="conector-suelo-esquina-mesh-map-0">
          <float_array id="conector-suelo-esquina-mesh-map-0-array" count="1144">0.245963 0.4714878 0.245963 0.4679312 0.2472271 0.4679312 0.2472271 0.4714878 0.244699 0.4714878 0.244699 0.4679312 0.245963 0.4679312 0.245963 0.4714878 0.2125219 0.4714878 0.2125219 0.4679312 0.2287448 0.4679312 0.2288346 0.4681482 0.2298223 0.4685574 0.2308101 0.4681482 0.2308999 0.4679312 0.244699 0.4679312 0.244699 0.4714878 0.2112578 0.4714878 0.2112578 0.4679312 0.2125219 0.4679312 0.2125219 0.4714878 0.2099938 0.4714878 0.2099938 0.4679312 0.2112578 0.4679312 0.2112578 0.4714878 0.2119332 0.4722309 0.2119332 0.4685501 0.2262144 0.4685502 0.2263075 0.4687748 0.2273297 0.4691982 0.2283519 0.4687747 0.2284449 0.4685502 0.2452347 0.4685502 0.2452346 0.472231 0.245963 0.4679312 0.245963 0.4635519 0.2472271 0.4635519 0.2472271 0.4679312 0.244699 0.4679312 0.244699 0.463552 0.245963 0.4635519 0.245963 0.4679312 0.2125219 0.4679312 0.2125219 0.463552 0.244699 0.463552 0.244699 0.4679312 0.2308999 0.4679312 0.2312192 0.4671606 0.2308101 0.4661729 0.2298223 0.4657638 0.2288346 0.4661728 0.2284255 0.4671605 0.2287448 0.4679312 0.2112578 0.4679312 0.2112578 0.463552 0.2125219 0.463552 0.2125219 0.4679312 0.2099938 0.4679312 0.2099938 0.463552 0.2112578 0.463552 0.2112578 0.4679312 0.2119332 0.4685501 0.2119332 0.4640179 0.2452347 0.4640179 0.2452347 0.4685502 0.2284449 0.4685502 0.2287753 0.4677525 0.2283518 0.4667303 0.2273297 0.4663069 0.2263075 0.4667303 0.225884 0.4677525 0.2262144 0.4685502 0.245963 0.4635519 0.245963 0.4598352 0.2472271 0.4598352 0.2472271 0.4635519 0.244699 0.463552 0.244699 0.4598352 0.245963 0.4598352 0.245963 0.4635519 0.2125219 0.463552 0.2125219 0.4598353 0.244699 0.4598352 0.244699 0.463552 0.2112578 0.463552 0.2112578 0.4598353 0.2125219 0.4598353 0.2125219 0.463552 0.2099938 0.463552 0.2099938 0.4598353 0.2112578 0.4598353 0.2112578 0.463552 0.2119332 0.4640179 0.2119332 0.4601713 0.2452347 0.4601714 0.2452347 0.4640179 0.245963 0.4598352 0.245963 0.4582663 0.2472271 0.4573725 0.2472271 0.4598352 0.244699 0.4598352 0.244699 0.4591601 0.245963 0.4582663 0.245963 0.4598352 0.2125219 0.4598353 0.2125219 0.4591602 0.244699 0.4591601 0.244699 0.4598352 0.2112578 0.4598353 0.2112578 0.4582663 0.2125219 0.4591602 0.2125219 0.4598353 0.2099938 0.4598353 0.2099938 0.4573726 0.2112578 0.4582663 0.2112578 0.4598353 0.2119332 0.4601713 0.2119332 0.4576225 0.2452347 0.4576225 0.2452347 0.4601714 0.245978 0.456089 0.245978 0.4533617 0.2472427 0.4533617 0.2472427 0.4569832 0.2447134 0.4551947 0.2447134 0.4533617 0.245978 0.4533617 0.245978 0.456089 0.2125204 0.4551947 0.2125204 0.4533617 0.2197805 0.4533617 0.2205025 0.4540838 0.2356263 0.4540838 0.2363483 0.4533617 0.2447134 0.4533617 0.2447134 0.4551947 0.2112557 0.456089 0.2112557 0.4533617 0.2125204 0.4533617 0.2125204 0.4551947 0.209991 0.4569832 0.209991 0.4533617 0.2112557 0.4533617 0.2112557 0.456089 0.2119332 0.4576225 0.2119332 0.4538763 0.2205862 0.4538763 0.2213332 0.4546233 0.2369776 0.4546232 0.2377246 0.4538763 0.2452347 0.4538763 0.2452347 0.4576225 0.245978 0.4533617 0.245978 0.4465988 0.2472427 0.4465988 0.2472427 0.4533617 0.2447134 0.4533617 0.2447134 0.4465988 0.245978 0.4465988 0.245978 0.4533617 0.2125204 0.4533617 0.2125204 0.4465988 0.2191219 0.4465988 0.2191219 0.4527031 0.2197805 0.4533617 0.2112557 0.4533617 0.2112557 0.4465988 0.2125204 0.4465988 0.2125204 0.4533617 0.209991 0.4533617 0.209991 0.4465988 0.2112557 0.4465988 0.2112557 0.4533617 0.2119332 0.4538763 0.2119332 0.4468805 0.219905 0.4468805 0.219905 0.4531952 0.2205862 0.4538763 0.245978 0.4465988 0.245978 0.437928 0.2472427 0.437928 0.2472427 0.4465988 0.2447134 0.4465988 0.2447134 0.437928 0.245978 0.437928 0.245978 0.4465988 0.2125204 0.4465988 0.2125204 0.437928 0.2191219 0.437928 0.2191219 0.4465988 0.2112557 0.4465988 0.2112557 0.437928 0.2125204 0.437928 0.2125204 0.4465988 0.209991 0.4465988 0.209991 0.437928 0.2112557 0.437928 0.2112557 0.4465988 0.2119332 0.4468805 0.2119332 0.4379112 0.219905 0.4379112 0.219905 0.4468805 0.245978 0.437928 0.245978 0.4294776 0.2472427 0.4294776 0.2472427 0.437928 0.2447134 0.437928 0.2447134 0.4294776 0.245978 0.4294776 0.245978 0.437928 0.2125204 0.437928 0.2125204 0.4294776 0.2447134 0.4294776 0.2447134 0.437928 0.2370069 0.437928 0.2370069 0.4375794 0.2356263 0.4361988 0.2205025 0.4361988 0.2191219 0.4375794 0.2191219 0.437928 0.2112557 0.437928 0.2112557 0.4294776 0.2125204 0.4294776 0.2125204 0.437928 0.209991 0.437928 0.209991 0.4294776 0.2112557 0.4294776 0.2112557 0.437928 0.2119332 0.4379112 0.2119332 0.4291698 0.2452347 0.4291698 0.2452346 0.4379112 0.2384058 0.4379112 0.2384058 0.4375506 0.2369776 0.4361224 0.2213331 0.4361224 0.219905 0.4375506 0.219905 0.4379112 0.2119332 0.4291698 0.2110081 0.4282447 0.2119332 0.4273197 0.2452347 0.4273197 0.2461597 0.4282447 0.2452347 0.4291698 0.2119332 0.4722309 0.2452346 0.472231 0.2461597 0.473156 0.2452346 0.474081 0.2119332 0.474081 0.2110081 0.473156 0.2363483 0.4533617 0.2370069 0.4527032 0.2370069 0.4465988 0.2447134 0.4465988 0.2447134 0.4533617 0.2370069 0.4465988 0.2370069 0.437928 0.2447134 0.437928 0.2447134 0.4465988 0.2377246 0.4538763 0.2384058 0.4531951 0.2384058 0.4468805 0.2452347 0.4468805 0.2452347 0.4538763 0.2384058 0.4468805 0.2384058 0.4379112 0.2452346 0.4379112 0.2452347 0.4468805 0 0.25 0 0.25 0 0.25 0 0.25 0 0.25 0 0.25 0 0.25 0 0.25 0 0.25 0 0.25 0 0.25 0 0.25 0 0.25 0 0.25 0 0.25 0 0.25 0 0.25 0 0.25 0 0.25 0 0.25 0 0.25 0 0.25 0 0.25 0 0.25 0 0.25 0 0.25 0 0.25 0 0.25 0 0.25 0 0.25 0 0.25 0 0.25 0 0.25 0 0.25 0 0.25 0 0.25 0 0.25 0 0.25 0 0.25 0 0.25 0 0.25 0 0.25 0 0.25 0 0.25 0 0.25 0 0.25 0 0.25 0 0.25 0 0.25 0 0.25 0 0.25 0 0.25 0 0.25 0 0.25 0 0.25 0 0.25 0 0.25 0 0.25 0 0.25 0 0.25 0 0.25 0 0.25 0 0.25 0 0.25 0 0.25 0 0.25 0 0.25 0 0.25 0 0.25 0 0.25 0 0.25 0 0.25 0 0.25 0 0.25 0 0.25 0 0.25 0 0.25 0 0.25 0 0.25 0 0.25 0 0.25 0 0.25 0 0.25 0 0.25 0 0.25 0 0.25 0 0.25 0 0.25 0 0.25 0 0.25 0 0.25 0 0.25 0 0.25 0 0.25 0 0.25 0 0.25 0 0.25 0 0.25 0 0.25 0 0.25 0 0.25 0 0.25 0 0.25 0 0.25 0 0.25 0 0.25 0 0.25 0 0.25 0 0.25 0 0.25 0 0.25 0 0.25 0 0.25 0 0.25 0 0.25 0 0.25 0 0.25 0 0.25 0 0.25 0 0.25 0 0.25 0 0.25 0 0.25 0 0.25 0 0.25 0 0.25 0 0.25 0 0.25 0.06331717 0.437177 0.05898904 0.4396758 0.05466097 0.437177 0.05466097 0.4321793 0.05898904 0.4296805 0.06331717 0.4321793 0.02168554 0.4585884 0.01902014 0.4585884 0.01902014 0.455923 0.02168554 0.455923 0.01901262 0.4505922 0.01634716 0.4505922 0.01634716 0.4479268 0.01901262 0.4479268 0.02168554 0.455923 0.01902014 0.455923 0.01902014 0.4532576 0.02168554 0.4532576 0.01901262 0.4532576 0.01634716 0.4532576 0.01634716 0.4505922 0.01901262 0.4505922 0.02168554 0.4532576 0.01902014 0.4532576 0.01902014 0.4505922 0.02168554 0.4505922 0.01901262 0.4452614 0.01634716 0.4452614 0.01634716 0.442596 0.01901262 0.442596 0.01901262 0.455923 0.01634716 0.455923 0.01634716 0.4532576 0.01901262 0.4532576 0.02168554 0.4505922 0.01902014 0.4505922 0.01902014 0.4479268 0.02168554 0.4479268 0.07992953 0.427704 0.0842576 0.4252052 0.08858573 0.427704 0.08858573 0.4327017 0.0842576 0.4352005 0.07992953 0.4327017 0.01901262 0.4585884 0.01634716 0.4585884 0.01634716 0.455923 0.01901262 0.455923 0.02168554 0.4479268 0.01902014 0.4479268 0.01902014 0.4452614 0.02168554 0.4452614 0.01901262 0.4479268 0.01634716 0.4479268 0.01634716 0.4452614 0.01901262 0.4452614 0.02168554 0.4452614 0.01902014 0.4452614 0.01902014 0.442596 0.02168554 0.442596 0.03013342 0.4479225 0.02739381 0.4479225 0.02739381 0.4468742 0.03013342 0.4468742 0.03014099 0.4458258 0.0328806 0.4458258 0.0328806 0.4468742 0.03014099 0.4468742 0.07843309 0.4302822 0.08074975 0.4279655 0.08402603 0.4279655 0.08634269 0.4302821 0.08634269 0.4335584 0.08402603 0.4358751 0.08074975 0.4358751 0.07843309 0.4335584 0.03014099 0.4468742 0.0328806 0.4468742 0.0328806 0.4479225 0.03014099 0.4479225 0.03013342 0.448971 0.02739381 0.448971 0.02739381 0.4479225 0.03013342 0.4479225 0.03014099 0.4479225 0.0328806 0.4479225 0.0328806 0.448971 0.03014099 0.448971 0.03013342 0.4500194 0.02739381 0.4500194 0.02739381 0.448971 0.03013342 0.448971 0.03014099 0.448971 0.0328806 0.448971 0.0328806 0.4500194 0.03014099 0.4500194 0.03013342 0.4510678 0.02739381 0.4510678 0.02739381 0.4500194 0.03013342 0.4500194 0.03014099 0.4500194 0.0328806 0.4500194 0.0328806 0.4510678 0.03014099 0.4510678 0.03013342 0.4521162 0.02739381 0.4521162 0.02739381 0.4510678 0.03013342 0.4510678 0.03014099 0.4510678 0.0328806 0.4510678 0.0328806 0.4521162 0.03014099 0.4521162 0.05936664 0.4386142 0.05704993 0.4409309 0.0537737 0.4409309 0.05145698 0.4386143 0.05145698 0.435338 0.0537737 0.4330213 0.05704993 0.4330213 0.05936664 0.435338 0.03013342 0.4531646 0.02739381 0.4531646 0.02739381 0.4521162 0.03013342 0.4521162 0.03014099 0.4521162 0.0328806 0.4521162 0.0328806 0.4531646 0.03014099 0.4531646 0.03013342 0.4468742 0.02739381 0.4468742 0.02739381 0.4458258 0.03013342 0.4458258 0.03014099 0.4531646 0.0328806 0.4531646 0.0328806 0.454213 0.03014099 0.454213 0.03013342 0.454213 0.02739381 0.454213 0.02739381 0.4531646 0.03013342 0.4531646 0.03144007 0.4531646 0.03199833 0.4531646 0.03199833 0.4521162 0.03144007 0.4521162 0.03144007 0.4479225 0.03199833 0.4479225 0.03199833 0.4468742 0.03144007 0.4468742 0.03144007 0.4521162 0.03199833 0.4521162 0.03199833 0.4512982 0.03199833 0.4510678 0.03144007 0.4510678 0.03144007 0.4512982 0.03144007 0.4489709 0.03199833 0.4489709 0.03199833 0.4487406 0.03199833 0.4479225 0.03144007 0.4479225 0.03144007 0.4487406 0.03144007 0.4500194 0.03199833 0.4500194 0.03199833 0.4489709 0.03144007 0.4489709 0.03144007 0.454213 0.03199833 0.454213 0.03199833 0.4531646 0.03144007 0.4531646 0.03144007 0.4468742 0.03199833 0.4468742 0.03199833 0.4458258 0.03144007 0.4458258 0.03144007 0.4510678 0.03199833 0.4510678 0.03199833 0.4500194 0.03144007 0.4500194</float_array>
          <technique_common>
            <accessor source="#conector-suelo-esquina-mesh-map-0-array" count="572" stride="2">
              <param name="S" type="float"/>
              <param name="T" type="float"/>
            </accessor>
          </technique_common>
        </source>
        <vertices id="conector-suelo-esquina-mesh-vertices">
          <input semantic="POSITION" source="#conector-suelo-esquina-mesh-positions"/>
        </vertices>
        <polylist material="hiper-atlas-material" count="126">
          <input semantic="VERTEX" source="#conector-suelo-esquina-mesh-vertices" offset="0"/>
          <input semantic="NORMAL" source="#conector-suelo-esquina-mesh-normals" offset="1"/>
          <input semantic="TEXCOORD" source="#conector-suelo-esquina-mesh-map-0" offset="2" set="0"/>
          <vcount>4 4 9 4 4 9 4 4 11 4 4 11 4 4 4 4 4 4 4 4 4 4 4 4 4 4 8 4 4 8 4 4 5 4 4 5 4 4 4 4 4 4 4 4 10 4 4 10 6 6 5 4 5 4 4 4 4 4 4 4 4 4 4 4 4 4 4 4 4 4 4 4 4 4 4 4 4 4 4 4 4 4 4 4 4 4 6 4 4 4 4 4 4 4 4 6 4 4 4 4 4 4 8 4 4 4 4 4 4 4 4 4 8 4 4 4 4 4 4 4 6 6 4 4 4 4 </vcount>
          <p>0 0 0 6 0 1 11 0 2 5 0 3 1 1 4 7 1 5 6 1 6 0 1 7 2 2 8 8 2 9 175 2 10 174 2 11 182 2 12 184 2 13 188 2 14 7 2 15 1 2 16 3 3 17 9 3 18 8 3 19 2 3 20 4 4 21 10 4 22 9 4 23 3 4 24 5 5 25 11 5 26 189 5 27 185 5 28 183 5 29 176 5 30 177 5 31 10 5 32 4 5 33 6 6 34 12 6 35 17 6 36 11 6 37 7 7 38 13 7 39 12 7 40 6 7 41 8 8 42 14 8 43 13 8 44 7 8 45 188 8 46 178 8 47 186 8 48 181 8 49 170 8 50 172 8 51 175 8 52 9 9 53 15 9 54 14 9 55 8 9 56 10 10 57 16 10 58 15 10 59 9 10 60 11 11 61 17 11 62 16 11 63 10 11 64 177 11 65 173 11 66 171 11 67 180 11 68 187 11 69 179 11 70 189 11 71 12 12 72 18 12 73 23 12 74 17 12 75 13 13 76 19 13 77 18 13 78 12 13 79 14 14 80 20 14 81 19 14 82 13 14 83 15 15 84 21 15 85 20 15 86 14 15 87 16 16 88 22 16 89 21 16 90 15 16 91 17 5 92 23 5 93 22 5 94 16 5 95 18 12 96 24 12 97 29 12 98 23 12 99 19 17 100 25 17 101 24 17 102 18 17 103 20 14 104 26 14 105 25 14 106 19 14 107 21 18 108 27 18 109 26 18 110 20 18 111 22 19 112 28 19 113 27 19 114 21 19 115 23 5 116 29 5 117 28 5 118 22 5 119 24 20 120 30 20 121 35 20 122 29 20 123 25 21 124 31 21 125 30 21 126 24 21 127 26 22 128 32 22 129 71 22 130 70 22 131 55 22 132 63 22 133 31 22 134 25 22 135 27 23 136 33 23 137 32 23 138 26 23 139 28 24 140 34 24 141 33 24 142 27 24 143 29 25 144 35 25 145 61 25 146 54 25 147 72 25 148 73 25 149 34 25 150 28 25 151 30 26 152 36 26 153 41 26 154 35 26 155 31 27 156 37 27 157 36 27 158 30 27 159 32 28 160 38 28 161 66 28 162 67 28 163 71 28 164 33 29 165 39 29 166 38 29 167 32 29 168 34 30 169 40 30 170 39 30 171 33 30 172 35 31 173 41 31 174 78 31 175 60 31 176 61 31 177 36 32 178 42 32 179 47 32 180 41 32 181 37 33 182 43 33 183 42 33 184 36 33 185 38 34 186 44 34 187 76 34 188 66 34 189 39 35 190 45 35 191 44 35 192 38 35 193 40 36 194 46 36 195 45 36 196 39 36 197 41 37 198 47 37 199 79 37 200 78 37 201 42 38 202 48 38 203 53 38 204 47 38 205 43 39 206 49 39 207 48 39 208 42 39 209 44 40 210 50 40 211 49 40 212 43 40 213 80 40 214 69 40 215 59 40 216 57 40 217 77 40 218 76 40 219 45 41 220 51 41 221 50 41 222 44 41 223 46 42 224 52 42 225 51 42 226 45 42 227 47 43 228 53 43 229 52 43 230 46 43 231 75 43 232 74 43 233 56 43 234 58 43 235 68 43 236 79 43 237 53 14 238 48 14 239 49 14 240 50 14 241 51 14 242 52 14 243 5 44 244 4 44 245 3 44 246 2 44 247 1 44 248 0 44 249 63 45 250 62 45 251 81 45 252 37 45 253 31 45 254 81 46 255 80 46 256 43 46 257 37 46 258 73 47 259 64 47 260 65 47 261 40 47 262 34 47 263 65 48 264 75 48 265 46 48 266 40 48 267 86 14 268 94 14 269 97 14 270 89 14 271 82 49 272 90 49 273 95 49 274 87 49 275 83 50 276 91 50 277 90 50 278 82 50 279 87 51 280 95 51 281 94 51 282 86 51 283 88 52 284 96 52 285 93 52 286 85 52 287 84 5 288 92 5 289 91 5 290 83 5 291 89 53 292 97 53 293 96 53 294 88 53 295 85 54 296 93 54 297 92 54 298 84 54 299 100 5 300 103 5 301 111 5 302 108 5 303 104 52 304 101 52 305 109 52 306 112 52 307 105 55 308 104 55 309 112 55 310 113 55 311 101 56 312 100 56 313 108 56 314 109 56 315 102 49 316 99 49 317 107 49 318 110 49 319 98 14 320 105 14 321 113 14 322 106 14 323 103 57 324 102 57 325 110 57 326 111 57 327 99 58 328 98 58 329 106 58 330 107 58 331 86 59 332 89 59 333 103 59 334 100 59 335 85 59 336 84 59 337 98 59 338 99 59 339 97 60 340 94 60 341 108 60 342 111 60 343 92 61 344 93 61 345 107 61 346 106 61 347 87 62 348 86 62 349 100 62 350 101 62 351 94 60 352 95 60 353 109 60 354 108 60 355 89 63 356 88 63 357 102 63 358 103 63 359 96 64 360 97 64 361 111 64 362 110 64 363 83 59 364 82 59 365 104 59 366 105 59 367 90 65 368 91 65 369 113 65 370 112 65 371 84 59 372 83 59 373 105 59 374 98 59 375 91 60 376 92 60 377 106 60 378 113 60 379 82 59 380 87 59 381 101 59 382 104 59 383 95 60 384 90 60 385 112 60 386 109 60 387 88 59 388 85 59 389 99 59 390 102 59 391 93 60 392 96 60 393 110 60 394 107 60 395 129 60 396 114 60 397 137 60 398 135 60 399 133 60 400 131 60 401 116 66 402 117 66 403 119 66 404 118 66 405 132 67 406 133 67 407 135 67 408 134 67 409 118 49 410 119 49 411 121 49 412 120 49 413 130 68 414 131 68 415 133 68 416 132 68 417 120 69 418 121 69 419 123 69 420 122 69 421 136 70 422 137 70 423 114 70 424 115 70 425 128 49 426 129 49 427 131 49 428 130 49 429 122 67 430 123 67 431 125 67 432 124 67 433 119 60 434 117 60 435 127 60 436 125 60 437 123 60 438 121 60 439 115 71 440 114 71 441 129 71 442 128 71 443 124 52 444 125 52 445 127 52 446 126 52 447 134 52 448 135 52 449 137 52 450 136 52 451 126 70 452 127 70 453 117 70 454 116 70 455 166 72 456 167 72 457 169 72 458 168 72 459 140 73 460 141 73 461 143 73 462 142 73 463 157 60 464 138 60 465 169 60 466 167 60 467 165 60 468 163 60 469 161 60 470 159 60 471 142 74 472 143 74 473 145 74 474 144 74 475 164 75 476 165 75 477 167 75 478 166 75 479 144 76 480 145 76 481 147 76 482 146 76 483 162 77 484 163 77 485 165 77 486 164 77 487 146 78 488 147 78 489 149 78 490 148 78 491 160 78 492 161 78 493 163 78 494 162 78 495 148 77 496 149 77 497 151 77 498 150 77 499 158 76 500 159 76 501 161 76 502 160 76 503 150 75 504 151 75 505 153 75 506 152 75 507 143 60 508 141 60 509 155 60 510 153 60 511 151 60 512 149 60 513 147 60 514 145 60 515 156 74 516 157 74 517 159 74 518 158 74 519 152 72 520 153 72 521 155 72 522 154 72 523 168 79 524 169 79 525 138 79 526 139 79 527 154 79 528 155 79 529 141 79 530 140 79 531 139 73 532 138 73 533 157 73 534 156 73 535 170 80 536 171 80 537 173 80 538 172 80 539 178 81 540 179 81 541 187 81 542 186 81 543 172 82 544 173 82 545 177 82 546 176 82 547 174 82 548 175 82 549 184 83 550 185 83 551 189 83 552 179 83 553 178 83 554 188 83 555 182 84 556 183 84 557 185 84 558 184 84 559 181 85 560 180 85 561 171 85 562 170 85 563 186 86 564 187 86 565 180 86 566 181 86 567 174 87 568 176 87 569 183 87 570 182 87 571</p>
        </polylist>
      </mesh>
    </geometry>
    <geometry id="canasta-madera-mesh" name="canasta-madera">
      <mesh>
        <source id="canasta-madera-mesh-positions">
          <float_array id="canasta-madera-mesh-positions-array" count="576">-0.1963141 0.2060899 0.00999999 -0.1963141 0.2060899 0.31 -0.1963141 0.2460899 0.00999999 -0.1963141 0.2460899 0.31 0.1914657 0.2060899 0.31 0.1914657 0.2060899 0.00999999 -0.1563141 0.2460899 0.00999999 -0.1563141 0.2460899 0.31 0.1914657 0.2460899 0.00999999 0.1914657 0.2460899 0.31 0.1514657 0.2460899 0.00999999 0.1514657 0.2460899 0.31 -0.1963141 -0.2023921 0.00999999 -0.1963141 -0.2023921 0.31 -0.1963141 -0.2423921 0.00999999 -0.1963141 -0.2423921 0.31 0.1914657 -0.2023921 0.31 0.1914657 -0.2023921 0.00999999 -0.1563141 -0.2423921 0.00999999 -0.1563141 -0.2423921 0.31 0.1914657 -0.2423921 0.00999999 0.1914657 -0.2423921 0.31 0.1514657 -0.2423921 0.00999999 0.1514657 -0.2423921 0.31 0.1893808 -0.2496236 0.007840454 0.1241298 -0.2400543 0.008473992 0.1893808 -0.2496236 -0.003760933 0.1205733 -0.2496237 -0.003760933 0.1844925 0.2441474 0.007033109 0.1205732 0.2527753 0.007840633 0.1893807 0.2527753 -0.003760755 0.1205732 0.2527753 -0.003760755 -0.1933574 -0.2542249 0.008540928 -0.1933574 -0.2542249 0.07734847 -0.1933574 -0.2426234 0.008540928 -0.1933574 -0.2426234 0.07734847 0.1933574 -0.2542248 0.008540928 0.1933574 -0.2542248 0.07734853 0.1933574 -0.2426234 0.008540928 0.1933574 -0.2426234 0.07734847 0.1891677 -0.2542249 0.3074873 0.1891677 -0.2542249 0.2467219 0.1891677 -0.2426235 0.3074873 0.1891677 -0.2426234 0.2467219 -0.1975471 -0.2542249 0.3074872 -0.1975471 -0.2542249 0.2467219 -0.1975471 -0.2426234 0.3074872 -0.1975471 -0.2426234 0.2467219 0.1907388 -0.2426234 0.1593677 0.1907388 -0.2426235 0.2281753 0.1907388 -0.2542249 0.1593677 0.1907389 -0.2542249 0.2281753 -0.195976 -0.2426234 0.1593679 -0.195976 -0.2426235 0.2281754 -0.195976 -0.2542249 0.1593679 -0.195976 -0.2542249 0.2281754 -0.1949161 -0.242632 0.1538278 -0.1949161 -0.2426321 0.08502024 -0.1949161 -0.2542335 0.1538278 -0.1949161 -0.2542335 0.08502024 0.1917988 -0.2426321 0.1538277 0.1917988 -0.2426321 0.08502018 0.1917988 -0.2542335 0.1538277 0.1917988 -0.2542335 0.08502018 -0.1933574 0.2457751 0.008540928 -0.1933574 0.2457751 0.07734847 -0.1933574 0.2573766 0.008540928 -0.1933574 0.2573766 0.07734847 0.1933574 0.2457751 0.008540928 0.1933574 0.2457751 0.07734853 0.1933574 0.2573766 0.008540928 0.1933574 0.2573766 0.07734847 0.1891677 0.2457751 0.3074873 0.1891677 0.2457751 0.2467219 0.1891677 0.2573765 0.3074873 0.1891677 0.2573765 0.2467219 -0.1975471 0.2457751 0.3074872 -0.1975471 0.2457751 0.2467218 -0.1975471 0.2573766 0.3074872 -0.1975471 0.2573766 0.2467219 0.1907388 0.2573766 0.1593677 0.1907388 0.2573766 0.2281753 0.1907388 0.2457751 0.1593677 0.1907388 0.2457751 0.2281753 -0.195976 0.2573766 0.1593679 -0.195976 0.2573766 0.2281754 -0.195976 0.2457751 0.1593679 -0.195976 0.2457751 0.2281754 -0.1949161 0.2573679 0.1538278 -0.1949161 0.2573679 0.08502024 -0.1949161 0.2457665 0.1538278 -0.194916 0.2457664 0.08502024 0.1917988 0.2573679 0.1538277 0.1917988 0.2573679 0.08502018 0.1917988 0.2457664 0.1538277 0.1917988 0.2457664 0.08502018 0.2031822 -0.2496236 0.01258927 0.2038156 -0.2400542 0.07784026 0.1915807 -0.2496236 0.01258927 0.1915807 -0.2496236 0.08139681 0.2023746 0.2441474 0.01747763 0.2031821 0.2527753 0.08139699 0.1915807 0.2527753 0.01258945 0.1915807 0.2527753 0.08139699 0.2031821 0.2527753 0.231397 0.2031821 0.2527753 0.1625895 0.1915807 0.2527753 0.231397 0.1915807 0.2527753 0.1625895 0.2031821 -0.2496236 0.2313967 0.2031821 -0.2496236 0.1625892 0.1915807 -0.2496236 0.2313967 0.1915807 -0.2496236 0.1625892 0.1915807 0.2517279 0.08839958 0.1915807 0.2517279 0.1572071 0.2031821 0.2517279 0.08839952 0.2031821 0.2517279 0.1572071 0.1915807 -0.2506711 0.0883997 0.1915807 -0.250671 0.1572073 0.2031821 -0.2506711 0.0883997 0.2031822 -0.250671 0.1572073 0.1915807 -0.2496235 0.311397 0.1915807 -0.2496236 0.2425895 0.2031821 -0.2485761 0.3061599 0.2031821 -0.2506711 0.2488741 0.1915807 0.2527754 0.3113968 0.1915807 0.2527753 0.2425892 0.2036873 0.2425183 0.3067836 0.2031821 0.2527753 0.2425892 -0.1968178 -0.2496236 0.01258927 -0.1961843 -0.2400542 0.07784026 -0.2084192 -0.2496236 0.01258927 -0.2084192 -0.2496236 0.08139681 -0.1976253 0.2441474 0.01747763 -0.1968178 0.2527753 0.08139699 -0.2084193 0.2527753 0.01258945 -0.2084193 0.2527753 0.08139699 -0.1968178 0.2527753 0.231397 -0.1968178 0.2527753 0.1625895 -0.2084192 0.2527753 0.231397 -0.2084193 0.2527753 0.1625895 -0.1968178 -0.2496236 0.2313967 -0.1968178 -0.2496236 0.1625892 -0.2084193 -0.2496236 0.2313967 -0.2084193 -0.2496236 0.1625892 -0.2084193 0.2517279 0.08839952 -0.2084193 0.2517279 0.1572071 -0.1968179 0.2517279 0.08839952 -0.1968178 0.2517279 0.1572071 -0.2084193 -0.2506711 0.0883997 -0.2084192 -0.250671 0.1572072 -0.1968178 -0.2506711 0.0883997 -0.1968178 -0.250671 0.1572073 -0.2084193 -0.2496235 0.311397 -0.2084193 -0.2496236 0.2425895 -0.1968178 -0.2485761 0.3061599 -0.1968178 -0.2506711 0.2488741 -0.2084193 0.2527754 0.3113968 -0.2084192 0.2527753 0.2425892 -0.1963126 0.2425183 0.3067836 -0.1968178 0.2527753 0.2425892 -0.02942681 0.2527753 0.007840573 0.03938066 0.2527753 0.007840573 -0.02942681 0.2527753 -0.003760814 0.03938066 0.2527753 -0.003760814 -0.02942657 -0.2496236 0.007840514 0.0393809 -0.2496236 0.007840514 -0.02942657 -0.2496236 -0.003760874 0.0393809 -0.2496236 -0.003760874 0.1135706 0.2517278 -0.003760814 0.04476308 0.2517279 -0.003760814 0.1135706 0.2517278 0.007840573 0.04476308 0.2517279 0.007840573 0.1135704 -0.2506711 -0.003760874 0.04476284 -0.2506711 -0.003760874 0.1135704 -0.2506711 0.007840514 0.04476284 -0.2506711 0.007840514 -0.1094268 -0.2496236 -0.003760874 -0.04061931 -0.2496236 -0.003760874 -0.1041896 -0.2485762 0.007840514 -0.0469039 -0.2506711 0.007840514 -0.1094266 0.2527753 -0.003760814 -0.04061901 0.2527753 -0.003760814 -0.1048133 0.2425183 0.008345782 -0.04061901 0.2527753 0.007840573 -0.1894268 0.2527753 0.007840573 -0.1206193 0.2527753 0.007840573 -0.1894268 0.2527753 -0.003760814 -0.1206193 0.2527753 -0.003760814 -0.1894266 -0.2496236 0.007840514 -0.1206191 -0.2496236 0.007840514 -0.1894266 -0.2496236 -0.003760874 -0.1206191 -0.2496236 -0.003760874</float_array>
          <technique_common>
            <accessor source="#canasta-madera-mesh-positions-array" count="192" stride="3">
              <param name="X" type="float"/>
              <param name="Y" type="float"/>
              <param name="Z" type="float"/>
            </accessor>
          </technique_common>
        </source>
        <source id="canasta-madera-mesh-normals">
          <float_array id="canasta-madera-mesh-normals-array" count="393">-1 0 0 0 1 0 0 -1 0 0 0 -1 0 0 1 0.707107 -0.7071067 0 0.707107 0.7071067 0 1 0 0 -0.707107 -0.7071067 0 -0.707107 0.7071067 0 -0.06407272 -0.92276 0.3800116 3.09697e-7 3.42944e-7 -1 0.06249302 0.9266701 0.3706444 0.01137453 0.001557528 0.9999342 0.976586 0.004966616 0.2150703 -0.988843 -0.003439247 0.1489226 -1 -1.16668e-6 2.16563e-7 0 1 5.60007e-7 1 0 0 0 -1 2.80003e-7 0 0 -1 0 3.21106e-7 1 1 0 2.45225e-7 0 1 3.26417e-7 -1 -1.32109e-6 -2.45225e-7 0 -1 -1.6121e-7 -2.07585e-7 0 1 0 1.28442e-6 -1 1 0 0 0 -1 2.84735e-7 -1 0 -4.33126e-7 0 1 2.80003e-7 -3.11378e-7 1.28442e-6 -1 3.11379e-7 -1.28442e-6 1 0 -1 0 1 1.16668e-6 0 0 1 -5.60007e-7 2.41578e-7 -1.28442e-6 1 -1.84684e-7 0 -1 -1 -1.16668e-6 6.49689e-7 0 1 -1.35871e-7 1 -1.16668e-6 0 0 -1 -2.89467e-7 0 0 -1 0 3.21106e-7 1 1 0 2.45226e-7 0 1 0 -1 0 -4.9045e-7 0 -1 -7.95333e-7 -1.20442e-7 0 1 1.66577e-7 1.28442e-6 -1 1 0 0 0 -1 -5.64739e-7 -1 0 4.33125e-7 0 1 -1.35871e-7 -3.11379e-7 1.28442e-6 -1 3.11377e-7 -1.28442e-6 1 -1 -1.16668e-6 -2.16563e-7 0 -1 -1.37631e-7 1 1.16668e-6 0 1.81637e-7 -6.42209e-7 1 -1.81637e-7 0 -1 0.3800117 -0.92276 0.0640726 -1 0 -4.33126e-7 0.3706448 0.92667 -0.06249296 0.9999341 0.001557946 -0.01137453 0.2150707 0.004966855 -0.9765859 0.1489229 -0.003439307 0.9888429 0 1 1.88057e-7 -1 0 4.33126e-7 0 -1 -5.97391e-7 1 0 -4.33126e-7 0 -5.4871e-7 1 0 5.6354e-7 -1 0 1 -5.51087e-7 1 0 -2.16563e-7 0 -1 5.70813e-7 -1 0 2.16563e-7 -6.39145e-7 -3.1143e-7 -1 0 3.2626e-7 1 -7.49942e-4 -0.9998618 0.01661217 0.9999911 -5.31872e-4 -0.004193961 0.4073609 0.9106809 0.0686832 -1 0 -3.24845e-7 0.3834248 -7.74595e-4 0.9235719 0.2611746 -0.006031513 -0.9652728 0.3800132 -0.9227594 0.06407254 -1 0 -2.16563e-7 0.3706452 0.9266697 -0.06249308 0.9999341 0.001557946 -0.01137453 0.2150705 0.004966855 -0.976586 0.1489224 -0.003439366 0.9888429 0 1 1.88057e-7 -1 0 4.33126e-7 0 -1 -5.97391e-7 1 0 -4.33126e-7 -1.27829e-6 -5.48711e-7 1 0 1 -4.54324e-7 1 0 -6.49689e-7 0 -1 5.58286e-7 -1 0 6.49689e-7 -1.27829e-6 3.1143e-7 1 -7.49861e-4 -0.9998618 0.01661217 0.9999911 -5.31872e-4 -0.004193723 0.4073613 0.9106807 0.06868362 -1 0 -4.33126e-7 0.383427 -7.74598e-4 0.9235709 0.2611758 -0.006031513 -0.9652725 -4.33126e-7 1 0 0 1.61276e-7 -1 4.33126e-7 -1 0 0 -1.61276e-7 1 -1 -3.99845e-7 6.42211e-7 1 4.27609e-7 6.42211e-7 4.33126e-7 1 0 1.27994e-7 0 1 -4.33126e-7 -1 0 -1.3458e-7 0 -1 1 -3.64535e-7 0 -1 3.93119e-7 -6.42211e-7 -0.01661175 -0.9998618 -7.48589e-4 0.004194319 -5.31974e-4 0.9999911 -0.06868338 0.9106829 0.4073565 0 1.35324e-7 -1 -0.9235694 -7.74577e-4 0.3834307 0.9652726 -0.006031632 0.2611755 -4.33126e-7 1 0 4.33126e-7 -1 0 0 -1.61276e-7 1 -1 -4.82534e-7 0 1 4.80338e-7 0</float_array>
          <technique_common>
            <accessor source="#canasta-madera-mesh-normals-array" count="131" stride="3">
              <param name="X" type="float"/>
              <param name="Y" type="float"/>
              <param name="Z" type="float"/>
            </accessor>
          </technique_common>
        </source>
        <source id="canasta-madera-mesh-map-0">
          <float_array id="canasta-madera-mesh-map-0-array" count="1152">0.3833475 0.2244846 0.4350128 0.2244846 0.4350128 0.2313734 0.3833475 0.2313733 0.4350128 0.2313733 0.3833475 0.2313733 0.3833475 0.2244846 0.4350128 0.2244846 0.4350128 0.2313733 0.3833475 0.2313734 0.3833475 0.2244846 0.4350128 0.2244846 0.3833475 0.2244846 0.4350128 0.2244846 0.4350128 0.2313734 0.3833475 0.2313733 0.3177322 0.2307057 0.322028 0.226073 0.322028 0.2353385 0.3675917 0.226073 0.3718875 0.2307057 0.3675917 0.2353385 0.3675917 0.226073 0.3675917 0.2353385 0.322028 0.2353385 0.322028 0.226073 0.3177322 0.2307057 0.322028 0.226073 0.322028 0.2353385 0.3675917 0.226073 0.3718875 0.2307057 0.3675916 0.2353385 0.3675917 0.226073 0.3675916 0.2353385 0.322028 0.2353385 0.322028 0.226073 0.4350128 0.2313733 0.3833475 0.2313734 0.3833475 0.2244846 0.4350128 0.2244846 0.4350128 0.2313733 0.3833475 0.2313733 0.3833475 0.2244846 0.4350128 0.2244846 0.4350128 0.2313733 0.3833475 0.2313733 0.3833475 0.2244846 0.4350128 0.2244846 0.3833475 0.2244846 0.4350128 0.2244846 0.4350128 0.2313734 0.3833475 0.2313733 0.3177542 0.2306821 0.3220499 0.2260493 0.3220499 0.2353149 0.3676136 0.2260493 0.3719094 0.2306821 0.3676136 0.2353149 0.3676136 0.2260493 0.3676136 0.2353149 0.3220499 0.2353149 0.3220499 0.2260493 0.3177322 0.2307057 0.322028 0.2260729 0.322028 0.2353385 0.3675917 0.226073 0.3718875 0.2307057 0.3675917 0.2353385 0.3675917 0.226073 0.3675917 0.2353385 0.322028 0.2353385 0.322028 0.2260729 0.3318455 0.003918409 0.3203796 0.003704607 0.3204157 0.00177139 0.3318815 0.001985192 0.3133243 0.08877074 0.301421 0.08856832 0.3028987 0.001656293 0.3148019 0.001858651 0.3302485 0.08957028 0.3187825 0.08935648 0.3188186 0.08742326 0.3302845 0.08763706 0.3302845 0.08763706 0.3188186 0.08742326 0.3203796 0.003704607 0.3318455 0.003918409 0.3133243 0.08877074 0.3148019 0.001858651 0.3168089 0.001892745 0.3153314 0.08880484 0.3028987 0.001656293 0.301421 0.08856832 0.299414 0.08853423 0.3008915 0.00162214 0.4299893 0.2049686 0.4303105 0.193978 0.4321635 0.1940321 0.4318424 0.2050227 0.3777403 0.2206162 0.3777403 0.2100231 0.4427279 0.2100231 0.4427279 0.2206162 0.3663665 0.2031095 0.3666876 0.1921189 0.3685407 0.192173 0.3682196 0.2031636 0.3682196 0.2031636 0.3685407 0.192173 0.4303105 0.193978 0.4299893 0.2049686 0.3777403 0.2206162 0.4427279 0.2206162 0.4427279 0.2224022 0.3777403 0.2224023 0.4427279 0.2100231 0.3777403 0.2100231 0.3777403 0.208237 0.4427279 0.208237 0.4299893 0.2049686 0.4303105 0.193978 0.4321635 0.1940321 0.4318424 0.2050227 0.3777403 0.2206162 0.3777403 0.2100231 0.4427279 0.2100231 0.4427279 0.2206162 0.3663665 0.2031095 0.3666876 0.1921189 0.3685407 0.192173 0.3682196 0.2031636 0.3682196 0.2031636 0.3685407 0.192173 0.4303105 0.193978 0.4299893 0.2049686 0.3777403 0.2206162 0.4427279 0.2206162 0.4427279 0.2224022 0.3777403 0.2224023 0.4427279 0.2100231 0.3777403 0.2100231 0.3777403 0.208237 0.4427279 0.208237 0.4299893 0.2049686 0.4303105 0.193978 0.4321635 0.1940321 0.4318424 0.2050227 0.3777403 0.2206162 0.3777403 0.2100231 0.4427279 0.2100231 0.4427279 0.2206162 0.3663665 0.2031095 0.3666876 0.1921189 0.3685407 0.192173 0.3682196 0.2031636 0.3682196 0.2031636 0.3685407 0.192173 0.4303105 0.193978 0.4299893 0.2049686 0.3777403 0.2206162 0.4427279 0.2206162 0.4427279 0.2224022 0.3777403 0.2224023 0.4427279 0.2100231 0.3777403 0.2100231 0.3777403 0.208237 0.4427279 0.208237 0.4299893 0.2049686 0.4303105 0.193978 0.4321635 0.1940321 0.4318424 0.2050227 0.3777403 0.2206162 0.3777403 0.2100231 0.4427279 0.2100231 0.4427279 0.2206162 0.3663665 0.2031095 0.3666876 0.1921189 0.3685407 0.192173 0.3682196 0.2031636 0.3682196 0.2031636 0.3685407 0.192173 0.4303105 0.193978 0.4299893 0.2049686 0.3777403 0.2206162 0.4427279 0.2206162 0.4427279 0.2224022 0.3777403 0.2224023 0.4427279 0.2100231 0.3777403 0.2100231 0.3777403 0.208237 0.4427279 0.208237 0.4299893 0.2049686 0.4303105 0.193978 0.4321635 0.1940321 0.4318424 0.2050227 0.3777403 0.2206162 0.3777403 0.2100231 0.4427279 0.2100231 0.4427279 0.2206162 0.3663665 0.2031095 0.3666876 0.1921189 0.3685407 0.192173 0.3682196 0.2031636 0.3682196 0.2031636 0.3685407 0.192173 0.4303105 0.193978 0.4299893 0.2049686 0.3777403 0.2206162 0.4427279 0.2206162 0.4427279 0.2224022 0.3777403 0.2224023 0.4427279 0.2100231 0.3777403 0.2100231 0.3777403 0.208237 0.4427279 0.208237 0.4299893 0.2049686 0.4303105 0.193978 0.4321635 0.1940321 0.4318424 0.2050227 0.3777403 0.2206162 0.3777403 0.2100231 0.4427279 0.2100231 0.4427279 0.2206162 0.3663665 0.2031095 0.3666876 0.1921189 0.3685407 0.192173 0.3682196 0.2031636 0.3682196 0.2031636 0.3685407 0.192173 0.4303105 0.193978 0.4299893 0.2049686 0.3777403 0.2206162 0.4427279 0.2206162 0.4427279 0.2224022 0.3777403 0.2224023 0.4427279 0.2100231 0.3777403 0.2100231 0.3777403 0.208237 0.4427279 0.208237 0.4299893 0.2049686 0.4303105 0.193978 0.4321635 0.1940321 0.4318424 0.2050227 0.3777403 0.2206162 0.3777403 0.2100231 0.4427279 0.2100231 0.4427279 0.2206162 0.3663665 0.2031095 0.3666876 0.1921189 0.3685407 0.192173 0.3682196 0.2031636 0.3682196 0.2031636 0.3685407 0.192173 0.4303105 0.193978 0.4299893 0.2049686 0.3777403 0.2206162 0.4427279 0.2206162 0.4427279 0.2224022 0.3777403 0.2224023 0.4427279 0.2100231 0.3777403 0.2100231 0.3777403 0.208237 0.4427279 0.208237 0.4299893 0.2049686 0.4303105 0.193978 0.4321635 0.1940321 0.4318424 0.2050227 0.3777403 0.2206162 0.3777403 0.2100231 0.4427279 0.2100231 0.4427279 0.2206162 0.3663665 0.2031095 0.3666876 0.1921189 0.3685407 0.192173 0.3682196 0.2031636 0.3682196 0.2031636 0.3685407 0.192173 0.4303105 0.193978 0.4299893 0.2049686 0.3777403 0.2206162 0.4427279 0.2206162 0.4427279 0.2224022 0.3777403 0.2224023 0.4427279 0.2100231 0.3777403 0.2100231 0.3777403 0.208237 0.4427279 0.208237 0.3318455 0.003918409 0.3203796 0.003704607 0.3204157 0.00177139 0.3318815 0.001985192 0.3133243 0.08877074 0.301421 0.08856832 0.3028987 0.001656293 0.3148019 0.001858651 0.3302485 0.08957028 0.3187825 0.08935648 0.3188186 0.08742326 0.3302845 0.08763706 0.3302845 0.08763706 0.3188186 0.08742326 0.3203796 0.003704607 0.3318455 0.003918409 0.3133243 0.08877074 0.3148019 0.001858651 0.3168089 0.001892745 0.3153314 0.08880484 0.3028987 0.001656293 0.301421 0.08856832 0.299414 0.08853423 0.3008915 0.00162214 0.3318455 0.003918409 0.3203796 0.003704607 0.3204157 0.00177139 0.3318815 0.001985192 0.3133243 0.08877074 0.301421 0.08856832 0.3028987 0.001656293 0.3148019 0.001858651 0.3302485 0.08957028 0.3187825 0.08935648 0.3188186 0.08742326 0.3302845 0.08763706 0.3302845 0.08763706 0.3188186 0.08742326 0.3203796 0.003704607 0.3318455 0.003918409 0.3133243 0.08877074 0.3148019 0.001858651 0.3168089 0.001892745 0.3153314 0.08880484 0.3028987 0.001656293 0.301421 0.08856832 0.299414 0.08853423 0.3008915 0.00162214 0.3318455 0.003918409 0.3203796 0.003704607 0.3204157 0.00177139 0.3318815 0.001985192 0.3133243 0.08877074 0.301421 0.08856832 0.3028987 0.001656293 0.3148019 0.001858651 0.3302485 0.08957028 0.3187825 0.08935648 0.3188186 0.08742326 0.3302845 0.08763706 0.3302845 0.08763706 0.3188186 0.08742326 0.3203796 0.003704607 0.3318455 0.003918409 0.3133243 0.08877074 0.3148019 0.001858651 0.3168089 0.001892745 0.3153314 0.08880484 0.3028987 0.001656293 0.301421 0.08856832 0.299414 0.08853423 0.3008915 0.00162214 0.3318455 0.003918409 0.3203796 0.003704607 0.3204157 0.00177139 0.3318815 0.001985192 0.3133243 0.08877074 0.301421 0.08856832 0.3028987 0.001656293 0.3148019 0.001858651 0.3302485 0.08957028 0.3187825 0.08935648 0.3188186 0.08742326 0.3302845 0.08763706 0.3302845 0.08763706 0.3188186 0.08742326 0.3203796 0.003704607 0.3318455 0.003918409 0.3133243 0.08877074 0.3148019 0.001858651 0.3168089 0.001892745 0.3153314 0.08880484 0.3028987 0.001656293 0.301421 0.08856832 0.299414 0.08853423 0.3008915 0.00162214 0.3318455 0.003918409 0.3203796 0.003704607 0.3204157 0.00177139 0.3318815 0.001985192 0.3133243 0.08877074 0.301421 0.08856832 0.3028987 0.001656293 0.3148019 0.001858651 0.3302485 0.08957028 0.3187825 0.08935648 0.3188186 0.08742326 0.3302845 0.08763706 0.3302845 0.08763706 0.3188186 0.08742326 0.3203796 0.003704607 0.3318455 0.003918409 0.3133243 0.08877074 0.3148019 0.001858651 0.3168089 0.001892745 0.3153314 0.08880484 0.3028987 0.001656293 0.301421 0.08856832 0.299414 0.08853423 0.3008915 0.00162214 0.3318455 0.003918409 0.3203796 0.003704607 0.3204157 0.00177139 0.3318815 0.001985192 0.3133243 0.08877074 0.301421 0.08856832 0.3028987 0.001656293 0.3148019 0.001858651 0.3302485 0.08957028 0.3187825 0.08935648 0.3188186 0.08742326 0.3302845 0.08763706 0.3302845 0.08763706 0.3188186 0.08742326 0.3203796 0.003704607 0.3318455 0.003918409 0.3133243 0.08877074 0.3148019 0.001858651 0.3168089 0.001892745 0.3153314 0.08880484 0.3028987 0.001656293 0.301421 0.08856832 0.299414 0.08853423 0.3008915 0.00162214 0.3318455 0.003918409 0.3203796 0.003704607 0.3204157 0.00177139 0.3318815 0.001985192 0.3133243 0.08877074 0.301421 0.08856832 0.3028987 0.001656293 0.3148019 0.001858651 0.3302485 0.08957028 0.3187825 0.08935648 0.3188186 0.08742326 0.3302845 0.08763706 0.3302845 0.08763706 0.3188186 0.08742326 0.3203796 0.003704607 0.3318455 0.003918409 0.3133243 0.08877074 0.3148019 0.001858651 0.3168089 0.001892745 0.3153314 0.08880484 0.3028987 0.001656293 0.301421 0.08856832 0.299414 0.08853423 0.3008915 0.00162214 0.3318455 0.003918409 0.3203796 0.003704607 0.3204157 0.00177139 0.3318815 0.001985192 0.3133243 0.08877074 0.301421 0.08856832 0.3028987 0.001656293 0.3148019 0.001858651 0.3302485 0.08957028 0.3187825 0.08935648 0.3188186 0.08742326 0.3302845 0.08763706 0.3302845 0.08763706 0.3188186 0.08742326 0.3203796 0.003704607 0.3318455 0.003918409 0.3133243 0.08877074 0.3148019 0.001858651 0.3168089 0.001892745 0.3153314 0.08880484 0.3028987 0.001656293 0.301421 0.08856832 0.299414 0.08853423 0.3008915 0.00162214 0.3318455 0.003918409 0.3203796 0.003704607 0.3204157 0.00177139 0.3318815 0.001985192 0.3133243 0.08877074 0.301421 0.08856832 0.3028987 0.001656293 0.3148019 0.001858651 0.3302485 0.08957028 0.3187825 0.08935648 0.3188186 0.08742326 0.3302845 0.08763706 0.3302845 0.08763706 0.3188186 0.08742326 0.3203796 0.003704607 0.3318455 0.003918409 0.3133243 0.08877074 0.3148019 0.001858651 0.3168089 0.001892745 0.3153314 0.08880484 0.3028987 0.001656293 0.301421 0.08856832 0.299414 0.08853423 0.3008915 0.00162214 0.3318455 0.003918409 0.3203796 0.003704607 0.3204157 0.00177139 0.3318815 0.001985192 0.3133243 0.08877074 0.301421 0.08856832 0.3028987 0.001656293 0.3148019 0.001858651 0.3302485 0.08957028 0.3187825 0.08935648 0.3188186 0.08742326 0.3302845 0.08763706 0.3302845 0.08763706 0.3188186 0.08742326 0.3203796 0.003704607 0.3318455 0.003918409 0.3133243 0.08877074 0.3148019 0.001858651 0.3168089 0.001892745 0.3153314 0.08880484 0.3028987 0.001656293 0.301421 0.08856832 0.299414 0.08853423 0.3008915 0.00162214 0.3318455 0.003918409 0.3203796 0.003704607 0.3204157 0.00177139 0.3318815 0.001985192 0.3133243 0.08877074 0.301421 0.08856832 0.3028987 0.001656293 0.3148019 0.001858651 0.3302485 0.08957028 0.3187825 0.08935648 0.3188186 0.08742326 0.3302845 0.08763706 0.3302845 0.08763706 0.3188186 0.08742326 0.3203796 0.003704607 0.3318455 0.003918409 0.3133243 0.08877074 0.3148019 0.001858651 0.3168089 0.001892745 0.3153314 0.08880484 0.3028987 0.001656293 0.301421 0.08856832 0.299414 0.08853423 0.3008915 0.00162214 0.3318455 0.003918409 0.3203796 0.003704607 0.3204157 0.00177139 0.3318815 0.001985192 0.3133243 0.08877074 0.301421 0.08856832 0.3028987 0.001656293 0.3148019 0.001858651 0.3302485 0.08957028 0.3187825 0.08935648 0.3188186 0.08742326 0.3302845 0.08763706 0.3302845 0.08763706 0.3188186 0.08742326 0.3203796 0.003704607 0.3318455 0.003918409 0.3133243 0.08877074 0.3148019 0.001858651 0.3168089 0.001892745 0.3153314 0.08880484 0.3028987 0.001656293 0.301421 0.08856832 0.299414 0.08853423 0.3008915 0.00162214</float_array>
          <technique_common>
            <accessor source="#canasta-madera-mesh-map-0-array" count="576" stride="2">
              <param name="S" type="float"/>
              <param name="T" type="float"/>
            </accessor>
          </technique_common>
        </source>
        <vertices id="canasta-madera-mesh-vertices">
          <input semantic="POSITION" source="#canasta-madera-mesh-positions"/>
        </vertices>
        <polylist material="hiper-atlas-material" count="146">
          <input semantic="VERTEX" source="#canasta-madera-mesh-vertices" offset="0"/>
          <input semantic="NORMAL" source="#canasta-madera-mesh-normals" offset="1"/>
          <input semantic="TEXCOORD" source="#canasta-madera-mesh-map-0" offset="2" set="0"/>
          <vcount>4 4 4 4 3 3 4 3 3 4 4 4 4 4 3 3 4 3 3 4 4 4 4 4 4 4 4 4 4 4 4 4 4 4 4 4 4 4 4 4 4 4 4 4 4 4 4 4 4 4 4 4 4 4 4 4 4 4 4 4 4 4 4 4 4 4 4 4 4 4 4 4 4 4 4 4 4 4 4 4 4 4 4 4 4 4 4 4 4 4 4 4 4 4 4 4 4 4 4 4 4 4 4 4 4 4 4 4 4 4 4 4 4 4 4 4 4 4 4 4 4 4 4 4 4 4 4 4 4 4 4 4 4 4 4 4 4 4 4 4 4 4 4 4 4 4 </vcount>
          <p>0 0 0 1 0 1 3 0 2 2 0 3 2 1 4 3 1 5 7 1 6 6 1 7 5 0 8 4 0 9 9 0 10 8 0 11 8 2 12 9 2 13 11 2 14 10 2 15 2 3 16 6 3 17 0 3 18 7 4 19 3 4 20 1 4 21 7 5 22 1 5 23 0 5 24 6 5 25 8 4 26 10 4 27 5 4 28 11 3 29 9 3 30 4 3 31 11 6 32 4 6 33 5 6 34 10 6 35 12 7 36 13 7 37 15 7 38 14 7 39 14 1 40 15 1 41 19 1 42 18 1 43 17 7 44 16 7 45 21 7 46 20 7 47 20 2 48 21 2 49 23 2 50 22 2 51 14 4 52 18 4 53 12 4 54 19 3 55 15 3 56 13 3 57 19 8 58 13 8 59 12 8 60 18 8 61 20 3 62 22 3 63 17 3 64 23 4 65 21 4 66 16 4 67 23 9 68 16 9 69 17 9 70 22 9 71 24 10 72 25 10 73 27 10 74 26 10 75 26 11 76 27 11 77 31 11 78 30 11 79 30 12 80 31 12 81 29 12 82 28 12 83 28 13 84 29 13 85 25 13 86 24 13 87 26 14 88 30 14 89 28 14 90 24 14 91 31 15 92 27 15 93 25 15 94 29 15 95 32 16 96 33 16 97 35 16 98 34 16 99 34 17 100 35 17 101 39 17 102 38 17 103 38 18 104 39 18 105 37 18 106 36 18 107 36 19 108 37 19 109 33 19 110 32 19 111 34 20 112 38 20 113 36 20 114 32 20 115 39 21 116 35 21 117 33 21 118 37 21 119 40 22 120 41 22 121 43 22 122 42 22 123 42 23 124 43 23 125 47 23 126 46 23 127 46 24 128 47 24 129 45 24 130 44 24 131 44 25 132 45 25 133 41 25 134 40 25 135 42 26 136 46 26 137 44 26 138 40 26 139 47 27 140 43 27 141 41 27 142 45 27 143 48 28 144 49 28 145 51 28 146 50 28 147 50 29 148 51 29 149 55 29 150 54 29 151 54 30 152 55 30 153 53 30 154 52 30 155 52 31 156 53 31 157 49 31 158 48 31 159 50 32 160 54 32 161 52 32 162 48 32 163 55 33 164 51 33 165 49 33 166 53 33 167 56 0 168 57 0 169 59 0 170 58 0 171 58 34 172 59 34 173 63 34 174 62 34 175 62 35 176 63 35 177 61 35 178 60 35 179 60 36 180 61 36 181 57 36 182 56 36 183 58 37 184 62 37 185 60 37 186 56 37 187 63 38 188 59 38 189 57 38 190 61 38 191 64 39 192 65 39 193 67 39 194 66 39 195 66 40 196 67 40 197 71 40 198 70 40 199 70 41 200 71 41 201 69 41 202 68 41 203 68 42 204 69 42 205 65 42 206 64 42 207 66 43 208 70 43 209 68 43 210 64 43 211 71 44 212 67 44 213 65 44 214 69 44 215 72 45 216 73 45 217 75 45 218 74 45 219 74 46 220 75 46 221 79 46 222 78 46 223 78 47 224 79 47 225 77 47 226 76 47 227 76 48 228 77 48 229 73 48 230 72 48 231 74 49 232 78 49 233 76 49 234 72 49 235 79 50 236 75 50 237 73 50 238 77 50 239 80 51 240 81 51 241 83 51 242 82 51 243 82 52 244 83 52 245 87 52 246 86 52 247 86 53 248 87 53 249 85 53 250 84 53 251 84 54 252 85 54 253 81 54 254 80 54 255 82 55 256 86 55 257 84 55 258 80 55 259 87 56 260 83 56 261 81 56 262 85 56 263 88 57 264 89 57 265 91 57 266 90 57 267 90 58 268 91 58 269 95 58 270 94 58 271 94 59 272 95 59 273 93 59 274 92 59 275 92 1 276 93 1 277 89 1 278 88 1 279 90 60 280 94 60 281 92 60 282 88 60 283 95 61 284 91 61 285 89 61 286 93 61 287 96 62 288 97 62 289 99 62 290 98 62 291 98 63 292 99 63 293 103 63 294 102 63 295 102 64 296 103 64 297 101 64 298 100 64 299 100 65 300 101 65 301 97 65 302 96 65 303 98 66 304 102 66 305 100 66 306 96 66 307 103 67 308 99 67 309 97 67 310 101 67 311 104 68 312 105 68 313 107 68 314 106 68 315 106 69 316 107 69 317 111 69 318 110 69 319 110 70 320 111 70 321 109 70 322 108 70 323 108 71 324 109 71 325 105 71 326 104 71 327 106 72 328 110 72 329 108 72 330 104 72 331 111 73 332 107 73 333 105 73 334 109 73 335 112 74 336 113 74 337 115 74 338 114 74 339 114 75 340 115 75 341 119 75 342 118 75 343 118 76 344 119 76 345 117 76 346 116 76 347 116 77 348 117 77 349 113 77 350 112 77 351 114 78 352 118 78 353 116 78 354 112 78 355 119 79 356 115 79 357 113 79 358 117 79 359 120 80 360 121 80 361 123 80 362 122 80 363 122 81 364 123 81 365 127 81 366 126 81 367 126 82 368 127 82 369 125 82 370 124 82 371 124 83 372 125 83 373 121 83 374 120 83 375 122 84 376 126 84 377 124 84 378 120 84 379 127 85 380 123 85 381 121 85 382 125 85 383 128 86 384 129 86 385 131 86 386 130 86 387 130 87 388 131 87 389 135 87 390 134 87 391 134 88 392 135 88 393 133 88 394 132 88 395 132 89 396 133 89 397 129 89 398 128 89 399 130 90 400 134 90 401 132 90 402 128 90 403 135 91 404 131 91 405 129 91 406 133 91 407 136 92 408 137 92 409 139 92 410 138 92 411 138 93 412 139 93 413 143 93 414 142 93 415 142 94 416 143 94 417 141 94 418 140 94 419 140 95 420 141 95 421 137 95 422 136 95 423 138 96 424 142 96 425 140 96 426 136 96 427 143 73 428 139 73 429 137 73 430 141 73 431 144 97 432 145 97 433 147 97 434 146 97 435 146 98 436 147 98 437 151 98 438 150 98 439 150 99 440 151 99 441 149 99 442 148 99 443 148 100 444 149 100 445 145 100 446 144 100 447 146 78 448 150 78 449 148 78 450 144 78 451 151 101 452 147 101 453 145 101 454 149 101 455 152 102 456 153 102 457 155 102 458 154 102 459 154 103 460 155 103 461 159 103 462 158 103 463 158 104 464 159 104 465 157 104 466 156 104 467 156 105 468 157 105 469 153 105 470 152 105 471 154 106 472 158 106 473 156 106 474 152 106 475 159 107 476 155 107 477 153 107 478 157 107 479 160 108 480 161 108 481 163 108 482 162 108 483 162 109 484 163 109 485 167 109 486 166 109 487 166 110 488 167 110 489 165 110 490 164 110 491 164 111 492 165 111 493 161 111 494 160 111 495 162 112 496 166 112 497 164 112 498 160 112 499 167 113 500 163 113 501 161 113 502 165 113 503 168 114 504 169 114 505 171 114 506 170 114 507 170 115 508 171 115 509 175 115 510 174 115 511 174 116 512 175 116 513 173 116 514 172 116 515 172 117 516 173 117 517 169 117 518 168 117 519 170 118 520 174 118 521 172 118 522 168 118 523 175 119 524 171 119 525 169 119 526 173 119 527 176 120 528 177 120 529 179 120 530 178 120 531 178 121 532 179 121 533 183 121 534 182 121 535 182 122 536 183 122 537 181 122 538 180 122 539 180 123 540 181 123 541 177 123 542 176 123 543 178 124 544 182 124 545 180 124 546 176 124 547 183 125 548 179 125 549 177 125 550 181 125 551 184 126 552 185 126 553 187 126 554 186 126 555 186 109 556 187 109 557 191 109 558 190 109 559 190 127 560 191 127 561 189 127 562 188 127 563 188 128 564 189 128 565 185 128 566 184 128 567 186 129 568 190 129 569 188 129 570 184 129 571 191 130 572 187 130 573 185 130 574 189 130 575</p>
        </polylist>
      </mesh>
    </geometry>
    <geometry id="canaleta-T-mesh" name="canaleta-T">
      <mesh>
        <source id="canaleta-T-mesh-positions">
          <float_array id="canaleta-T-mesh-positions-array" count="96">0.2501001 0.04228067 -0.0499733 0.2501001 0.04999995 -0.04225397 0.2501001 -0.05000001 -0.04225391 0.2501001 -0.04228073 -0.0499733 -0.2498998 0.04999995 -0.04225385 -0.2498998 0.04228073 -0.0499733 -0.2498998 -0.04228079 -0.0499733 -0.2498998 -0.05000001 -0.04225391 -0.04989987 0.04228061 -0.2499733 -0.04218053 0.05000001 -0.2499733 0.05010014 -0.04228067 -0.2499733 0.04238075 -0.04999995 -0.2499733 -0.04218041 -0.05000001 -0.2499733 -0.04989981 -0.04228061 -0.2499733 0.04238075 0.05000001 -0.2499733 0.05010014 0.04228067 -0.2499733 0.04348844 -0.05000001 -0.04315137 0.05114269 -0.04228073 -0.0508238 0.05087924 0.04228067 -0.05067473 0.04316496 0.04999995 -0.04296827 -0.05087971 -0.04228085 -0.05079549 -0.0432552 -0.05000001 -0.04307937 -0.04251581 0.04999995 -0.04344826 -0.05027759 0.04228079 -0.0510959 0.2501001 0.04228067 0.0499733 0.2501001 0.04999995 0.04225397 0.2501001 -0.05000001 0.04225391 0.2501001 -0.04228073 0.0499733 -0.2498998 0.04999995 0.04225385 -0.2498998 0.04228073 0.0499733 -0.2498998 -0.04228079 0.0499733 -0.2498998 -0.05000001 0.04225391</float_array>
          <technique_common>
            <accessor source="#canaleta-T-mesh-positions-array" count="32" stride="3">
              <param name="X" type="float"/>
              <param name="Y" type="float"/>
              <param name="Z" type="float"/>
            </accessor>
          </technique_common>
        </source>
        <source id="canaleta-T-mesh-normals">
          <float_array id="canaleta-T-mesh-normals-array" count="57">-0.00487852 -0.001758813 -0.9999867 0.003897488 8.87722e-4 -0.999992 0.9999884 0.001561641 -0.004571676 1.30419e-7 -1 -1.57692e-7 -1.31701e-7 1 1.3229e-7 -0.9999879 0.003553986 -0.003410696 0.003048896 -0.7067872 -0.7074196 -0.004029095 0.7064781 -0.7077234 0.7076596 -0.7065437 -0.003748297 0.002463638 0.7074272 -0.706782 -0.002869486 -0.7077449 -0.7064623 0.706539 0.7076689 -0.002718389 -0.7058245 0.7083857 -0.001241624 -0.7083765 -0.7058258 -0.003584802 0 1 0 0 -1 0 0 0 1 0 0.7071127 0.7071008 0 -0.7071117 0.707102</float_array>
          <technique_common>
            <accessor source="#canaleta-T-mesh-normals-array" count="19" stride="3">
              <param name="X" type="float"/>
              <param name="Y" type="float"/>
              <param name="Z" type="float"/>
            </accessor>
          </technique_common>
        </source>
        <source id="canaleta-T-mesh-map-0">
          <float_array id="canaleta-T-mesh-map-0-array" count="160">0.1527415 0.3656581 0.1527414 0.3251718 0.1698915 0.3252941 0.1698915 0.3656581 0.1867167 0.4085357 0.1695666 0.408589 0.1695667 0.3681845 0.1867167 0.3681845 0.169952 0.3655921 0.1699519 0.3251718 0.187102 0.3252018 0.187102 0.3655921 0.07609468 0.360338 0.09324461 0.360338 0.09346908 0.4022839 0.07587647 0.4022984 0.1153205 0.4021999 0.09794342 0.4022984 0.0980997 0.3603153 0.1152498 0.3603143 0.2043129 0.3655678 0.1871628 0.3655678 0.1871623 0.3251718 0.2043129 0.3252331 0.03560501 0.2903509 0.03577846 0.25 0.03799253 0.2500028 0.03781044 0.2919061 0.01374816 0.2904857 0.01397746 0.25 0.0161916 0.2500038 0.0159493 0.2920637 0.09545874 0.3603346 0.09567135 0.4007244 0.09346908 0.4022839 0.09324461 0.360338 0.0139774 0.3514119 0.01383596 0.3110075 0.01604658 0.3094407 0.01619142 0.3514096 0.0357784 0.3514114 0.03561323 0.3110477 0.03782498 0.3094988 0.03799235 0.3514088 0.09573167 0.4007331 0.09588569 0.3603131 0.0980997 0.3603153 0.09794342 0.4022984 0.1174637 0.360313 0.1175398 0.4006477 0.1153205 0.4021999 0.1152498 0.3603143 0.07367837 0.4007301 0.07388055 0.3603346 0.07609468 0.360338 0.07587647 0.4022984 0.03333079 0.2500038 0.03333061 0.3514096 0.01619142 0.3514096 0.01604658 0.3094407 0.0159493 0.2920637 0.0161916 0.2500038 0.05513173 0.2500029 0.05513161 0.3514088 0.03799235 0.3514088 0.03782498 0.3094988 0.03781044 0.2919061 0.03799253 0.2500028 0.07455605 0.25 0.07455605 0.3514059 0.05740594 0.3514059 0.057406 0.25 0.03554469 0.2500038 0.03554469 0.3514096 0.03333061 0.3514096 0.03333079 0.2500038 0.05734562 0.2500029 0.05734562 0.3514088 0.05513161 0.3514088 0.05513173 0.2500029</float_array>
          <technique_common>
            <accessor source="#canaleta-T-mesh-map-0-array" count="80" stride="2">
              <param name="S" type="float"/>
              <param name="T" type="float"/>
            </accessor>
          </technique_common>
        </source>
        <vertices id="canaleta-T-mesh-vertices">
          <input semantic="POSITION" source="#canaleta-T-mesh-positions"/>
        </vertices>
        <polylist material="hiper-atlas-material" count="19">
          <input semantic="VERTEX" source="#canaleta-T-mesh-vertices" offset="0"/>
          <input semantic="NORMAL" source="#canaleta-T-mesh-normals" offset="1"/>
          <input semantic="TEXCOORD" source="#canaleta-T-mesh-map-0" offset="2" set="0"/>
          <vcount>4 4 4 4 4 4 4 4 4 4 4 4 4 4 6 6 4 4 4 </vcount>
          <p>5 0 0 23 0 1 20 0 2 6 0 3 17 1 4 18 1 5 0 1 6 3 1 7 15 2 8 18 2 9 17 2 10 10 2 11 12 3 12 11 3 13 16 3 14 21 3 15 22 4 16 19 4 17 14 4 18 9 4 19 8 5 20 13 5 21 20 5 22 23 5 23 17 6 24 3 6 25 2 6 26 16 6 27 23 7 28 5 7 29 4 7 30 22 7 31 10 8 32 17 8 33 16 8 34 11 8 35 0 9 36 18 9 37 19 9 38 1 9 39 6 10 40 20 10 41 21 10 42 7 10 43 18 11 44 15 11 45 14 11 46 19 11 47 8 12 48 23 12 49 22 12 50 9 12 51 20 13 52 13 13 53 12 13 54 21 13 55 28 14 56 25 14 57 1 14 58 19 14 59 22 14 60 4 14 61 26 15 62 31 15 63 7 15 64 21 15 65 16 15 66 2 15 67 30 16 68 27 16 69 24 16 70 29 16 71 29 17 72 24 17 73 25 17 74 28 17 75 27 18 76 30 18 77 31 18 78 26 18 79</p>
        </polylist>
      </mesh>
    </geometry>
    <geometry id="canaleta-L-mesh" name="canaleta-L">
      <mesh>
        <source id="canaleta-L-mesh-positions">
          <float_array id="canaleta-L-mesh-positions-array" count="102">-0.3017777 0.05007791 0.04181778 -0.3094457 0.04226899 0.04951685 -0.3103298 0.04346829 -0.05046224 -0.3025449 0.05106687 -0.04272252 -0.3024093 -0.04228079 0.04996418 -0.302468 -0.05000001 0.04228061 -0.302468 -0.05000001 -0.04228061 -0.3024792 -0.04228037 -0.05003368 0 0.04228061 -0.05000001 0 0.05000001 -0.04228067 0 -0.04228067 0.05000001 0 -0.05000001 0.04228061 0 -0.05000001 -0.04228061 0 -0.04228031 -0.05000001 0 0.05000001 0.04228067 0 0.04228067 0.05000001 -0.3086674 0.3523571 0.05628961 -0.3010894 0.352541 0.0484336 -0.3026239 0.354519 -0.03609061 -0.310482 0.3546962 -0.04366654 -0.401073 0.3524979 0.05024707 -0.3932147 0.3523206 0.05782365 -0.3950281 0.3546597 -0.04213255 -0.4026074 0.3544759 -0.03427588 -0.4010708 0.05011266 0.04317075 -0.393212 0.04993641 0.05078232 -0.3950253 0.05218529 -0.0491746 -0.4026052 0.05209058 -0.04135209 -0.4001523 -0.04211819 0.04276001 -0.3923619 -0.04984301 0.04269009 -0.3923628 -0.04221403 0.05044287 -0.400988 -0.04113012 -0.04178082 -0.3933372 -0.04113417 -0.04953527 -0.3931297 -0.04894572 -0.04185235</float_array>
          <technique_common>
            <accessor source="#canaleta-L-mesh-positions-array" count="34" stride="3">
              <param name="X" type="float"/>
              <param name="Y" type="float"/>
              <param name="Z" type="float"/>
            </accessor>
          </technique_common>
        </source>
        <source id="canaleta-L-mesh-normals">
          <float_array id="canaleta-L-mesh-normals-array" count="81">0.001885533 0.9999812 0.005839645 -0.9998354 -4.3142e-4 0.01814055 -0.01551026 0.02253568 -0.9996258 0.01560324 -0.0225659 0.9996236 0.01008665 0.001060962 0.9999486 -0.9998108 -0.01373392 0.01377528 -0.006732642 -0.9999635 -0.005275607 -8.48159e-4 0.002610206 0.9999963 0 -1 0 -0.01022511 -9.23664e-4 -0.9999473 8.04505e-4 -0.002479374 -0.9999967 -0.5737483 -0.5838152 0.5744326 -0.5807181 -0.5786482 -0.5726543 0.003649413 0.7094172 -0.7047793 -4.17783e-5 -0.7062907 0.7079219 3.93895e-5 -0.7078636 -0.7063492 -0.001021564 0.7048464 0.7093592 -0.6949995 -0.01678544 0.7188143 -0.7189757 0.01621294 -0.6948462 0.6956268 0.01595115 -0.7182263 0.7183955 -0.01692008 0.6954291 -0.704654 -0.7095501 -0.001229345 -0.01216596 -0.7049648 -0.709138 0.002599596 -0.7091314 0.7050716 -0.7149461 -0.009710073 -0.6991122 -0.6990258 -0.009611487 0.7150319 0.999907 -7.0749e-4 -0.01362538</float_array>
          <technique_common>
            <accessor source="#canaleta-L-mesh-normals-array" count="27" stride="3">
              <param name="X" type="float"/>
              <param name="Y" type="float"/>
              <param name="Z" type="float"/>
            </accessor>
          </technique_common>
        </source>
        <source id="canaleta-L-mesh-map-0">
          <float_array id="canaleta-L-mesh-map-0-array" count="212">0.09228783 0.4056714 0.0778163 0.4055184 0.0778135 0.3538631 0.09228783 0.3538845 0.07790058 0.25 0.09237474 0.25 0.09237474 0.3017734 0.07790058 0.3017734 0.03591281 0.2500013 0.03593391 0.3057318 0.02053511 0.3057318 0.0205397 0.25 0.002123475 0.3057318 0.001984775 0.2500008 0.01735812 0.250002 0.01735365 0.3057318 0.201614 0.3535264 0.1832197 0.3559288 0.1838342 0.3375056 0.201614 0.3348448 0.1658361 0.3649745 0.1833881 0.3646501 0.183376 0.3840062 0.1658232 0.3841232 0.1833881 0.4051305 0.1658329 0.4050635 0.1658182 0.3864008 0.1833711 0.3863072 0.01735806 0.3624581 0.01735144 0.4181886 0.001980066 0.4181886 0.001984655 0.3624567 0.05387246 0.3017734 0.03939813 0.3017734 0.03939813 0.25 0.05387252 0.25 0.1768114 0.3566095 0.1588766 0.3535756 0.158257 0.334897 0.1768114 0.3376685 0.001969039 0.362174 0.002173066 0.3064461 0.01754629 0.3064427 0.01755809 0.362174 0.1816376 0.3371818 0.1832471 0.3353778 0.1838342 0.3375056 0.1566886 0.3538851 0.1588766 0.3535756 0.1582906 0.3557195 0.002173066 0.3064461 0.001969039 0.362174 0 0.362174 1.8831e-4 0.3064422 0.001984655 0.3624567 0.001980066 0.4181886 0 0.4181886 0 0.3624567 0.01755809 0.362174 0.01754629 0.3064427 0.01953101 0.3064422 0.01954734 0.362174 0.01735144 0.4181886 0.01735806 0.3624581 0.01934278 0.3624604 0.01934659 0.4181886 0.01735365 0.3057318 0.01735812 0.250002 0.01934289 0.250002 0.01934289 0.3057318 0.0205397 0.25 0.02053511 0.3057318 0.01855468 0.3057318 0.01855468 0.25 0.03593391 0.3057318 0.03591281 0.2500013 0.03789746 0.2500034 0.03790813 0.3057318 0.001984775 0.2500008 0.002123475 0.3057318 1.25311e-4 0.3057318 0 0.25 0.1833711 0.3863072 0.1658182 0.3864008 0.1658232 0.3841232 0.183376 0.3840062 0.1588766 0.3535756 0.1768114 0.3566095 0.1764522 0.3588032 0.1582906 0.3557195 0.201614 0.3348448 0.1838342 0.3375056 0.1832471 0.3353778 0.2012826 0.3326599 0.158257 0.334897 0.1588766 0.3535756 0.1566886 0.3538851 0.1560452 0.3349574 0.1838342 0.3375056 0.1832197 0.3559288 0.1809983 0.3558977 0.1816376 0.3371818 0.09234946 0.353712 0.07787513 0.3536898 0.07787787 0.3019047 0.09234946 0.3017578</float_array>
          <technique_common>
            <accessor source="#canaleta-L-mesh-map-0-array" count="106" stride="2">
              <param name="S" type="float"/>
              <param name="T" type="float"/>
            </accessor>
          </technique_common>
        </source>
        <vertices id="canaleta-L-mesh-vertices">
          <input semantic="POSITION" source="#canaleta-L-mesh-positions"/>
        </vertices>
        <polylist material="hiper-atlas-material" count="27">
          <input semantic="VERTEX" source="#canaleta-L-mesh-vertices" offset="0"/>
          <input semantic="NORMAL" source="#canaleta-L-mesh-normals" offset="1"/>
          <input semantic="TEXCOORD" source="#canaleta-L-mesh-map-0" offset="2" set="0"/>
          <vcount>4 4 4 4 4 4 4 4 4 4 4 3 3 4 4 4 4 4 4 4 4 4 4 4 4 4 4 </vcount>
          <p>3 0 0 0 0 1 14 0 2 9 0 3 27 1 4 24 1 5 20 1 6 23 1 7 19 2 8 2 2 9 26 2 10 22 2 11 1 3 12 16 3 13 21 3 14 25 3 15 1 4 16 25 4 17 30 4 18 4 4 19 24 5 20 27 5 21 31 5 22 28 5 23 6 6 24 5 6 25 29 6 26 33 6 27 15 7 28 1 7 29 4 7 30 10 7 31 12 8 32 11 8 33 5 8 34 6 8 35 7 9 36 32 9 37 26 9 38 2 9 39 2 10 40 8 10 41 13 10 42 7 10 43 28 11 44 29 11 45 30 11 46 31 12 47 32 12 48 33 12 49 8 13 50 2 13 51 3 13 52 9 13 53 10 14 54 4 14 55 5 14 56 11 14 57 7 15 58 13 15 59 12 15 60 6 15 61 1 16 62 15 16 63 14 16 64 0 16 65 25 17 66 21 17 67 20 17 68 24 17 69 22 18 70 26 18 71 27 18 72 23 18 73 2 19 74 19 19 75 18 19 76 3 19 77 16 20 78 1 20 79 0 20 80 17 20 81 33 21 82 29 21 83 28 21 84 31 21 85 32 22 86 7 22 87 6 22 88 33 22 89 4 23 90 30 23 91 29 23 92 5 23 93 26 24 94 32 24 95 31 24 96 27 24 97 30 25 98 25 25 99 24 25 100 28 25 101 18 26 102 17 26 103 0 26 104 3 26 105</p>
        </polylist>
      </mesh>
    </geometry>
    <geometry id="canaleta-cruz-mesh" name="canaleta-cruz">
      <mesh>
        <source id="canaleta-cruz-mesh-positions">
          <float_array id="canaleta-cruz-mesh-positions-array" count="144">0.2501001 0.04228067 -0.0499733 0.2501001 0.04999995 -0.04225397 0.2501001 -0.05000001 -0.04225391 0.2501001 -0.04228073 -0.0499733 -0.2498998 0.04999995 -0.04225385 -0.2498998 0.04228073 -0.0499733 -0.2498998 -0.04228079 -0.0499733 -0.2498998 -0.05000001 -0.04225391 -0.04989987 0.04228061 -0.2499733 -0.04218053 0.05000001 -0.2499733 0.05010014 -0.04228067 -0.2499733 0.04238075 -0.04999995 -0.2499733 -0.04218041 -0.05000001 -0.2499733 -0.04989981 -0.04228061 -0.2499733 0.04238075 0.05000001 -0.2499733 0.05010014 0.04228067 -0.2499733 0.04348844 -0.05000001 -0.04315137 0.05114269 -0.04228073 -0.0508238 0.05087924 0.04228067 -0.05067473 0.04316496 0.04999995 -0.04296827 -0.05087971 -0.04228085 -0.05079549 -0.0432552 -0.05000001 -0.04307937 -0.04251581 0.04999995 -0.04344826 -0.05027759 0.04228079 -0.0510959 0.2501001 0.04228067 0.0499733 0.2501001 0.04999995 0.04225397 0.2501001 -0.05000001 0.04225391 0.2501001 -0.04228073 0.0499733 -0.2498998 0.04999995 0.04225385 -0.2498998 0.04228073 0.0499733 -0.2498998 -0.04228079 0.0499733 -0.2498998 -0.05000001 0.04225391 -0.04989987 0.04228061 0.2499733 -0.04218053 0.05000001 0.2499733 0.05010014 -0.04228067 0.2499733 0.04238075 -0.04999995 0.2499733 -0.04218041 -0.05000001 0.2499733 -0.04989981 -0.04228061 0.2499733 0.04238075 0.05000001 0.2499733 0.05010014 0.04228067 0.2499733 0.04348844 -0.05000001 0.04315137 0.05114269 -0.04228073 0.0508238 0.05087924 0.04228067 0.05067473 0.04316496 0.04999995 0.04296827 -0.05087971 -0.04228085 0.05079549 -0.0432552 -0.05000001 0.04307937 -0.04251581 0.04999995 0.04344826 -0.05027759 0.04228079 0.0510959</float_array>
          <technique_common>
            <accessor source="#canaleta-cruz-mesh-positions-array" count="48" stride="3">
              <param name="X" type="float"/>
              <param name="Y" type="float"/>
              <param name="Z" type="float"/>
            </accessor>
          </technique_common>
        </source>
        <source id="canaleta-cruz-mesh-normals">
          <float_array id="canaleta-cruz-mesh-normals-array" count="102">-0.00487852 -0.001758813 -0.9999867 0 -1 0 0.003897488 8.87722e-4 -0.999992 0.9999884 0.001561641 -0.004571676 1.30419e-7 -1 -1.57692e-7 -1.31701e-7 1 1.3229e-7 -0.9999879 0.003553986 -0.003410696 0.003048896 -0.7067872 -0.7074196 -0.004029095 0.7064781 -0.7077234 0.7076596 -0.7065437 -0.003748297 0.002463638 0.7074272 -0.706782 -0.002869486 -0.7077449 -0.7064623 0.706539 0.7076689 -0.002718389 -0.7058245 0.7083857 -0.001241624 -0.7083765 -0.7058258 -0.003584802 0 1 0 0 1 0 0 -1 0 0 -1 0 -0.00487852 -0.001758813 0.9999867 0.003897488 8.87722e-4 0.999992 0.9999883 0.001561641 0.004571676 1.30419e-7 -1 1.61799e-7 -1.31701e-7 1 -1.27123e-7 -0.9999879 0.003553986 0.003410696 0.003048896 -0.7067872 0.7074196 -0.004029095 0.7064781 0.7077235 0.7076595 -0.7065438 0.003748297 0.002463638 0.7074271 0.7067821 -0.002869486 -0.7077448 0.7064623 0.706539 0.7076689 0.002718389 -0.7058245 0.7083857 0.001241624 -0.7083765 -0.7058258 0.003584802 0 1 0</float_array>
          <technique_common>
            <accessor source="#canaleta-cruz-mesh-normals-array" count="34" stride="3">
              <param name="X" type="float"/>
              <param name="Y" type="float"/>
              <param name="Z" type="float"/>
            </accessor>
          </technique_common>
        </source>
        <source id="canaleta-cruz-mesh-map-0">
          <float_array id="canaleta-cruz-mesh-map-0-array" count="272">0.0932064 0.4038538 0.09320622 0.3520508 0.1151502 0.3522074 0.1151502 0.4038538 0.07442921 0.2502179 0.07424664 0.2959157 0.05555838 0.2959157 0.05537587 0.2502179 0.04917776 0.353388 0.02723389 0.3534561 0.02723395 0.3017578 0.04917776 0.3017578 0.09320646 0.4545506 0.09320634 0.402832 0.1151502 0.4028704 0.1151502 0.4545506 0.002634704 0.3408522 0.0213347 0.3408523 0.02157938 0.3865892 0.002396762 0.386605 0.07432341 0.4333911 0.05537581 0.4334985 0.05554628 0.387721 0.07424628 0.3877198 0.04923224 0.3016875 0.02728849 0.3016875 0.02728784 0.25 0.04923224 0.2500785 0.02389448 0.2516958 0.02370548 0.2956935 0.02129131 0.2956905 0.02148979 0.25 0.07703393 0.3435174 0.07678401 0.3876622 0.07436978 0.3876581 0.07463389 0.3417969 0.02374887 0.3408485 0.02398073 0.3848887 0.02157938 0.3865892 0.0213347 0.3408523 0.02367073 0.3861838 0.02382493 0.4302399 0.02141451 0.4319483 0.02125656 0.3861863 0.05314433 0.2959186 0.05296415 0.2519068 0.05537587 0.2502179 0.05555838 0.2959157 0.05296415 0.4317917 0.05313205 0.3877184 0.05554628 0.387721 0.05537581 0.4334985 0.07666039 0.3877184 0.0767433 0.4316986 0.07432341 0.4333911 0.07424628 0.3877198 0 0.3848949 2.20492e-4 0.3408485 0.002634704 0.3408522 0.002396762 0.386605 0.1180378 0.2931818 0.1180378 0.271958 0.1391984 0.2718394 0.1391984 0.2933004 0.05568158 0.3876581 0.05541747 0.3417969 0.07463389 0.3417969 0.07436978 0.3876581 0.002603054 0.2956905 0.00240463 0.25 0.02148979 0.25 0.02129131 0.2956905 0.1391984 0.25 0.1391984 0.2713143 0.1177752 0.2712965 0.1177752 0.2500178 0.02728843 0.25 0.04923224 0.25 0.04923224 0.3016464 0.02728825 0.301803 0.1151502 0.3008494 0.1151502 0.3524796 0.09320646 0.3524796 0.0932064 0.3007813 0.02728849 0.3535156 0.04923224 0.3535156 0.04923224 0.4051958 0.02728831 0.4052342 0.02134603 0.2951213 0.02158391 0.3408743 0.002401232 0.3408584 0.002645969 0.2951214 0.05538398 0.3417096 0.05546104 0.2960382 0.07416111 0.2960395 0.07433158 0.341817 0.1146619 0.25 0.1146619 0.301609 0.09271752 0.3016875 0.09271818 0.25 0 0.2516958 0.00240463 0.25 0.002603054 0.2956905 1.88939e-4 0.2956935 0.05301743 0.3435174 0.05541747 0.3417969 0.05568158 0.3876581 0.05326735 0.3876622 2.31855e-4 0.2951176 0.002645969 0.2951214 0.002401232 0.3408584 0 0.3391579 1.54182e-4 0.3861838 0.002568304 0.3861863 0.002410352 0.4319483 0 0.4302399 0.07666081 0.2959186 0.07424664 0.2959157 0.07442921 0.2502179 0.07684087 0.2519068 0.07674318 0.3401103 0.07433158 0.341817 0.07416111 0.2960395 0.07657533 0.2960369 0.05304688 0.2960369 0.05546104 0.2960382 0.05538398 0.3417096 0.05296415 0.3400172 0.02398067 0.3391642 0.02158391 0.3408743 0.02134603 0.2951213 0.02376025 0.2951176 0.002410352 0.4319483 0.002568304 0.3861863 0.02125656 0.3861863 0.02141451 0.4319483</float_array>
          <technique_common>
            <accessor source="#canaleta-cruz-mesh-map-0-array" count="136" stride="2">
              <param name="S" type="float"/>
              <param name="T" type="float"/>
            </accessor>
          </technique_common>
        </source>
        <vertices id="canaleta-cruz-mesh-vertices">
          <input semantic="POSITION" source="#canaleta-cruz-mesh-positions"/>
        </vertices>
        <polylist material="hiper-atlas-material" count="34">
          <input semantic="VERTEX" source="#canaleta-cruz-mesh-vertices" offset="0"/>
          <input semantic="NORMAL" source="#canaleta-cruz-mesh-normals" offset="1"/>
          <input semantic="TEXCOORD" source="#canaleta-cruz-mesh-map-0" offset="2" set="0"/>
          <vcount>4 4 4 4 4 4 4 4 4 4 4 4 4 4 4 4 4 4 4 4 4 4 4 4 4 4 4 4 4 4 4 4 4 4 </vcount>
          <p>5 0 0 23 0 1 20 0 2 6 0 3 45 1 4 31 1 5 7 1 6 21 1 7 17 2 8 18 2 9 0 2 10 3 2 11 15 3 12 18 3 13 17 3 14 10 3 15 12 4 16 11 4 17 16 4 18 21 4 19 22 5 20 19 5 21 14 5 22 9 5 23 8 6 24 13 6 25 20 6 26 23 6 27 17 7 28 3 7 29 2 7 30 16 7 31 23 8 32 5 8 33 4 8 34 22 8 35 10 9 36 17 9 37 16 9 38 11 9 39 0 10 40 18 10 41 19 10 42 1 10 43 6 11 44 20 11 45 21 11 46 7 11 47 18 12 48 15 12 49 14 12 50 19 12 51 8 13 52 23 13 53 22 13 54 9 13 55 20 14 56 13 14 57 12 14 58 21 14 59 43 15 60 19 15 61 22 15 62 46 15 63 28 16 64 46 16 65 22 16 66 4 16 67 26 17 68 40 17 69 16 17 70 2 17 71 16 18 72 40 18 73 45 18 74 21 18 75 29 19 76 30 19 77 44 19 78 47 19 79 41 20 80 27 20 81 24 20 82 42 20 83 39 21 84 34 21 85 41 21 86 42 21 87 36 22 88 45 22 89 40 22 90 35 22 91 46 23 92 33 23 93 38 23 94 43 23 95 32 24 96 47 24 97 44 24 98 37 24 99 41 25 100 40 25 101 26 25 102 27 25 103 47 26 104 46 26 105 28 26 106 29 26 107 34 27 108 35 27 109 40 27 110 41 27 111 24 28 112 25 28 113 43 28 114 42 28 115 30 29 116 31 29 117 45 29 118 44 29 119 42 30 120 43 30 121 38 30 122 39 30 123 32 31 124 33 31 125 46 31 126 47 31 127 44 32 128 45 32 129 36 32 130 37 32 131 43 33 132 25 33 133 1 33 134 19 33 135</p>
        </polylist>
      </mesh>
    </geometry>
    <geometry id="canaleta-2m-mesh" name="canaleta-2m">
      <mesh>
        <source id="canaleta-2m-mesh-positions">
          <float_array id="canaleta-2m-mesh-positions-array" count="48">2 0.05000001 0.04228067 2 0.04228067 0.05000001 2 0.04228067 -0.05000001 2 0.05000001 -0.04228067 2 -0.04228067 0.05000001 2 -0.05000001 0.04228067 2 -0.05000001 -0.04228067 2 -0.04228067 -0.05000001 0 0.04228067 0.05000001 0 0.05000001 0.04228067 0 0.05000001 -0.04228067 0 0.04228067 -0.05000001 0 -0.05000001 0.04228067 0 -0.04228067 0.05000001 0 -0.04228067 -0.05000001 0 -0.05000001 -0.04228067</float_array>
          <technique_common>
            <accessor source="#canaleta-2m-mesh-positions-array" count="16" stride="3">
              <param name="X" type="float"/>
              <param name="Y" type="float"/>
              <param name="Z" type="float"/>
            </accessor>
          </technique_common>
        </source>
        <source id="canaleta-2m-mesh-normals">
          <float_array id="canaleta-2m-mesh-normals-array" count="24">0 0 -1 0 -1 0 0 0 1 0 0.7071068 -0.7071068 0 -0.7071068 0.7071068 0 -0.7071068 -0.7071068 0 0.7071068 0.7071068 0 1 0</float_array>
          <technique_common>
            <accessor source="#canaleta-2m-mesh-normals-array" count="8" stride="3">
              <param name="X" type="float"/>
              <param name="Y" type="float"/>
              <param name="Z" type="float"/>
            </accessor>
          </technique_common>
        </source>
        <source id="canaleta-2m-mesh-map-0">
          <float_array id="canaleta-2m-mesh-map-0-array" count="64">0.05985599 0.4229591 0.05985647 0.25 0.07272553 0.25 0.07272547 0.4229592 0.005312085 0.2500497 0.01818114 0.2500497 0.01818162 0.4230089 0.005312085 0.4230089 0.03636276 0.2500331 0.03636276 0.4229922 0.0234937 0.4229922 0.02349323 0.2500331 0.05985647 0.25 0.05985599 0.4229591 0.05454385 0.4229757 0.05454438 0.2500166 0.02349323 0.2500331 0.0234937 0.4229922 0.01818162 0.4230089 0.01818114 0.2500497 0 0.4230254 0 0.2500663 0.005312085 0.2500497 0.005312085 0.4230089 0.03636276 0.4229922 0.03636276 0.2500331 0.04167485 0.2500166 0.04167485 0.4229757 0.05454385 0.4229757 0.04167485 0.4229757 0.04167485 0.2500166 0.05454438 0.2500166</float_array>
          <technique_common>
            <accessor source="#canaleta-2m-mesh-map-0-array" count="32" stride="2">
              <param name="S" type="float"/>
              <param name="T" type="float"/>
            </accessor>
          </technique_common>
        </source>
        <vertices id="canaleta-2m-mesh-vertices">
          <input semantic="POSITION" source="#canaleta-2m-mesh-positions"/>
        </vertices>
        <polylist material="hiper-atlas-material" count="8">
          <input semantic="VERTEX" source="#canaleta-2m-mesh-vertices" offset="0"/>
          <input semantic="NORMAL" source="#canaleta-2m-mesh-normals" offset="1"/>
          <input semantic="TEXCOORD" source="#canaleta-2m-mesh-map-0" offset="2" set="0"/>
          <vcount>4 4 4 4 4 4 4 4 </vcount>
          <p>11 0 0 2 0 1 7 0 2 14 0 3 6 1 4 5 1 5 12 1 6 15 1 7 1 2 8 8 2 9 13 2 10 4 2 11 2 3 12 11 3 13 10 3 14 3 3 15 4 4 16 13 4 17 12 4 18 5 4 19 14 5 20 7 5 21 6 5 22 15 5 23 8 6 24 1 6 25 0 6 26 9 6 27 10 7 28 9 7 29 0 7 30 3 7 31</p>
        </polylist>
      </mesh>
    </geometry>
    <geometry id="canaleta-1m-mesh" name="canaleta-1m">
      <mesh>
        <source id="canaleta-1m-mesh-positions">
          <float_array id="canaleta-1m-mesh-positions-array" count="48">1 0.05000001 0.04228067 1 0.04228067 0.05000001 1 0.04228067 -0.05000001 1 0.05000001 -0.04228067 1 -0.04228067 0.05000001 1 -0.05000001 0.04228067 1 -0.05000001 -0.04228067 1 -0.04228067 -0.05000001 0 0.05000001 -0.04228067 0 0.04228067 -0.05000001 0 -0.05000001 0.04228067 0 -0.04228067 0.05000001 0 -0.04228067 -0.05000001 0 -0.05000001 -0.04228067 0 0.04228067 0.05000001 0 0.05000001 0.04228067</float_array>
          <technique_common>
            <accessor source="#canaleta-1m-mesh-positions-array" count="16" stride="3">
              <param name="X" type="float"/>
              <param name="Y" type="float"/>
              <param name="Z" type="float"/>
            </accessor>
          </technique_common>
        </source>
        <source id="canaleta-1m-mesh-normals">
          <float_array id="canaleta-1m-mesh-normals-array" count="24">0 -1 0 0 0 1 0 0 -1 0 -0.7071068 -0.7071068 0 0.7071068 0.7071068 0 0.7071068 -0.7071068 0 -0.7071068 0.7071068 0 1 0</float_array>
          <technique_common>
            <accessor source="#canaleta-1m-mesh-normals-array" count="8" stride="3">
              <param name="X" type="float"/>
              <param name="Y" type="float"/>
              <param name="Z" type="float"/>
            </accessor>
          </technique_common>
        </source>
        <source id="canaleta-1m-mesh-map-0">
          <float_array id="canaleta-1m-mesh-map-0-array" count="64">0.06811803 0.4244063 0.05337136 0.4244063 0.05337125 0.2500162 0.06811803 0.2500162 0.03558087 0.4244225 0.03558087 0.2500324 0.05032753 0.2500323 0.05032765 0.4244225 0.01474678 0.2500647 0.01474666 0.4244548 0 0.4244548 0 0.2500647 0.07116174 0.25 0.07116174 0.4243901 0.06811803 0.4244063 0.06811803 0.2500162 0.03558087 0.2500324 0.03558087 0.4244225 0.03253716 0.4244387 0.03253716 0.2500485 0.01474666 0.4244548 0.01474678 0.2500647 0.01779049 0.2500485 0.01779037 0.4244387 0.05032765 0.4244225 0.05032753 0.2500323 0.05337125 0.2500162 0.05337136 0.4244063 0.01779049 0.2500485 0.03253716 0.2500485 0.03253716 0.4244387 0.01779037 0.4244387</float_array>
          <technique_common>
            <accessor source="#canaleta-1m-mesh-map-0-array" count="32" stride="2">
              <param name="S" type="float"/>
              <param name="T" type="float"/>
            </accessor>
          </technique_common>
        </source>
        <vertices id="canaleta-1m-mesh-vertices">
          <input semantic="POSITION" source="#canaleta-1m-mesh-positions"/>
        </vertices>
        <polylist material="hiper-atlas-material" count="8">
          <input semantic="VERTEX" source="#canaleta-1m-mesh-vertices" offset="0"/>
          <input semantic="NORMAL" source="#canaleta-1m-mesh-normals" offset="1"/>
          <input semantic="TEXCOORD" source="#canaleta-1m-mesh-map-0" offset="2" set="0"/>
          <vcount>4 4 4 4 4 4 4 4 </vcount>
          <p>6 0 0 5 0 1 10 0 2 13 0 3 1 1 4 14 1 5 11 1 6 4 1 7 9 2 8 2 2 9 7 2 10 12 2 11 12 3 12 7 3 13 6 3 14 13 3 15 14 4 16 1 4 17 0 4 18 15 4 19 2 5 20 9 5 21 8 5 22 3 5 23 4 6 24 11 6 25 10 6 26 5 6 27 8 7 28 15 7 29 0 7 30 3 7 31</p>
        </polylist>
      </mesh>
    </geometry>
    <geometry id="caja-recubierta-mesh" name="caja-recubierta">
      <mesh>
        <source id="caja-recubierta-mesh-positions">
          <float_array id="caja-recubierta-mesh-positions-array" count="2505">0.3654332 0.2853065 0.7135857 0.3683047 0.2790501 0.004368185 0.3619657 -0.2904224 0.7145173 0.3585208 -0.3096917 0.02658063 -0.3530886 0.2868987 0.7109226 -0.35617 0.3119305 0.01674389 -0.3714923 -0.2756319 0.7027857 -0.3630241 -0.291032 0.02604961 -0.3866145 -0.001582205 -0.006233036 0.003170549 0.3000132 0.01846963 0.371025 0.2875877 0.3446857 -0.3611202 -0.2894788 0.3515909 0.3817437 -0.2864412 0.3380025 -0.3603043 0.2949385 0.3458157 0.002170205 -0.2900748 0.7143087 0.3564024 0.001106083 0.7139312 0.001210689 -0.3114891 0.02093994 -0.3544184 2.0796e-4 0.718804 -3.85146e-4 0.2999948 0.7122801 0.39525 0.001857936 0.008526146 -0.3992536 -0.1736642 -0.005708396 -0.2361788 0.3127525 0.005692064 0.375168 0.2872085 0.1540626 -0.3749955 -0.2856327 0.5391018 0.3852237 -0.3176212 0.1443227 -0.3551082 0.3148192 0.1460275 -0.2174727 -0.2907707 0.717759 0.3595598 -0.1743946 0.7167013 0.2024567 -0.3095546 0.01094257 -0.3620194 0.1778623 0.7134734 0.2158291 0.2980311 0.7101608 0.3899226 0.1578586 0.004207849 -0.3834385 0.1765572 0.005877554 0.2089492 0.2828007 0.01527535 0.3747574 0.2868025 0.5402161 -0.3692978 -0.2922178 0.1561129 0.3642213 -0.2927243 0.5420317 -0.3671576 0.298346 0.5329112 0.2098916 -0.2912755 0.7179833 0.3569771 0.1790359 0.7170614 -0.2138347 -0.2937207 0.01250046 -0.3611856 -0.1894483 0.7232465 -0.2116014 0.3032037 0.7190997 0.3744615 -0.1671123 0.009389758 -0.005616068 -0.200017 0.7252805 0.2454317 -6.36731e-4 0.7229825 -0.2156583 -2.91519e-5 0.7236033 -0.2162824 -0.1872055 0.7243363 0.2416264 -0.1751974 0.7226046 0.2276005 0.1771756 0.7099009 -0.2134773 0.1747303 0.7229356 -0.3922968 -0.087709 -0.004746794 -0.3709833 -0.2440965 0.01588165 -0.1156865 0.3006377 0.0107854 -0.2999436 0.315865 0.005125641 0.3772563 0.2903957 0.251089 0.369678 0.2821718 0.07555985 -0.3752389 -0.2908266 0.4464294 -0.364907 -0.2816738 0.6256508 0.3837586 -0.3019941 0.2414002 0.3804181 -0.3190397 0.08216094 -0.3503048 0.3078203 0.2443223 -0.3501039 0.3147845 0.07722908 -0.1081437 -0.2882075 0.7166097 -0.2994816 -0.2863023 0.7168977 0.3562009 -0.08647859 0.7142618 0.3603461 -0.2370676 0.7180552 0.1040543 -0.3101289 0.0163207 0.2891516 -0.3097996 0.0173304 -0.3525778 0.0888766 0.7164217 -0.3626674 0.2372883 0.7155638 0.1073181 0.2984308 0.7122084 0.2955989 0.2941372 0.7179726 0.3919162 0.08199149 0.005096137 0.3734973 0.2266522 0.008901774 -0.3671806 0.2455075 0.01327317 -0.3809771 0.08824634 8.79653e-4 0.2930998 0.2798854 0.01507019 0.1060484 0.2886137 0.0157572 0.3700699 0.2853544 0.6339983 0.3804744 0.2899 0.4425772 -0.362724 -0.2940372 0.0859344 -0.3704563 -0.2899104 0.2529443 0.3569148 -0.2944071 0.6380761 0.371646 -0.2954192 0.444794 -0.3580517 0.2938634 0.6261208 -0.3719677 0.3040059 0.440859 0.2916519 -0.2935425 0.7192738 0.1064068 -0.2919899 0.7163954 0.3629471 0.2360626 0.7179673 0.3563376 0.08972358 0.7152212 -0.295598 -0.2968686 0.01597338 -0.1059479 -0.3026496 0.01437014 -0.3581259 -0.2366126 0.7172136 -0.3557349 -0.09499865 0.7182043 -0.2883431 0.2965298 0.71704 -0.1075099 0.2989891 0.7157351 0.3675491 -0.2400965 0.02165514 0.3887395 -0.08340853 0.008176982 -0.00159192 -0.2521156 0.7207499 1.30918e-4 0.2444028 0.7181603 0.3066179 1.565e-4 0.7194613 -0.293958 3.03597e-4 0.7177139 -0.2158582 -0.08744478 0.7239459 -0.2942681 -0.1850807 0.7233901 -0.2170271 -0.2380015 0.724495 -0.1102886 -0.1953955 0.7235487 0.2434149 -0.08789932 0.7228173 0.117663 -0.1948508 0.7197934 0.2271503 -0.2384752 0.7204321 0.3063611 -0.175293 0.7194405 0.216304 0.2418574 0.7185601 0.2413108 0.0877875 0.7231392 0.2924236 0.1774299 0.7220245 -0.212454 0.242982 0.722644 -0.2950559 0.1766316 0.7196757 -0.2148833 0.08727043 0.7233399 -0.2965913 0.08919274 0.7192528 -0.2910414 0.2419499 0.7191274 -0.1072557 0.243716 0.7183193 0.2980025 0.08881175 0.7219538 0.1082285 0.2431539 0.7167411 0.2938573 0.2387349 0.7218574 0.2991103 -0.237773 0.7213416 0.1125981 -0.2454702 0.7193245 0.306983 -0.08742249 0.7196722 -0.1091104 -0.2456371 0.7200098 -0.2970973 -0.23725 0.7228493 -0.2952789 -0.09120458 0.7177786 -0.3961107 -0.1311972 -0.005920827 -0.3719894 -0.2536786 0.01739776 -0.1750404 0.30458 0.01394736 -0.331862 0.3175542 0.008219659 0.3734353 0.2901574 0.2014102 0.3686476 0.2798406 0.03255069 -0.3757116 -0.2902089 0.4925719 -0.3702476 -0.2778007 0.667629 0.3834249 -0.3108813 0.1930528 0.3698718 -0.3141426 0.05288887 -0.3483386 0.3192859 0.1927494 -0.3515943 0.3115103 0.04180836 -0.1631304 -0.2878231 0.7171509 -0.3407447 -0.2865362 0.7143448 0.3587866 -0.1318116 0.713539 0.3618105 -0.2676694 0.7180114 0.1581065 -0.3063356 0.01840913 0.3281716 -0.3141784 0.01906514 -0.3558903 0.134427 0.7122659 -0.3550644 0.2653471 0.7120408 0.1606823 0.2972028 0.7117762 0.3343465 0.2913607 0.7171372 0.3925974 0.1233584 0.003764212 0.3782492 0.2540174 0.003112673 -0.3717674 0.2029507 0.004896044 -0.385995 0.04251354 -6.96934e-4 0.2505246 0.2830562 0.01466625 0.0541206 0.2922915 0.01698076 0.3716118 0.281643 0.5848579 0.3764599 0.2830014 0.3994907 -0.3652334 -0.2935516 0.1218147 -0.3659795 -0.2933419 0.3003195 0.356782 -0.2977184 0.5875544 0.3687596 -0.2854905 0.3900368 -0.3658886 0.2952869 0.5804927 -0.3684275 0.2949118 0.3957625 0.2588143 -0.2954726 0.7200719 0.05443286 -0.2913318 0.7155722 0.360962 0.2070107 0.7210108 0.3551027 0.0454626 0.7165585 -0.2529321 -0.2970866 0.01551121 -0.0512275 -0.306658 0.01888787 -0.3574211 -0.2131183 0.7175083 -0.3549959 -0.04711621 0.717933 -0.2516503 0.2988719 0.7190294 -0.05378067 0.2992141 0.7139099 0.3695829 -0.1998313 0.0147913 0.3954326 -0.04381275 0.003176689 0.3343204 0.294887 0.3484769 -9.37958e-4 0.3027977 0.04402822 0.377054 -0.2604089 0.3429823 0.4056774 -8.23223e-4 0.03726899 7.8346e-4 -0.2800267 0.009146749 -0.3521098 -0.001142859 -0.02297639 -0.3703755 0.2691464 0.3456676 -0.3928425 -0.002655386 0.02377676 -0.3323405 -0.3007044 0.3578202 -0.003230512 -0.3222508 0.04361987 -0.002868413 -0.1569806 0.7006455 1.62759e-4 -0.2759643 0.7211278 3.53712e-4 0.2123758 0.7120774 9.89594e-4 0.04481261 0.696012 0.3365297 5.12769e-4 0.7191038 -0.2499949 9.57935e-5 0.7252709 -0.2159098 -0.1311448 0.7241135 -0.2479372 -0.1781293 0.7248048 -0.2166332 -0.2064172 0.7244157 -0.1627604 -0.1938265 0.7247543 0.2425215 -0.1315498 0.7227064 0.1807118 -0.1898223 0.7079237 0.2341388 -0.2078352 0.7244446 0.2852395 -0.1752115 0.723255 0.2169647 0.2087988 0.7174825 0.2371004 0.1331322 0.7100085 0.2651414 0.1772007 0.7196711 -0.2142626 0.2023766 0.7272231 -0.251932 0.175728 0.72631 -0.214189 0.1309409 0.7231347 -0.3907315 -0.04423344 -0.004307687 -0.4065622 -0.186788 0.004611432 -0.05719661 0.2966121 0.01019906 -0.2571066 0.3213647 0.003199458 0.3728241 0.2826308 0.2922327 0.372709 0.2827265 0.1223374 -0.3661518 -0.2904906 0.4062076 -0.3699223 -0.2807665 0.5815096 0.3835818 -0.2940812 0.2898576 0.3862934 -0.3185278 0.1135876 -0.3513925 0.298763 0.2956144 -0.3494039 0.3189482 0.111298 -0.05324608 -0.291104 0.7138683 -0.2589034 -0.2871966 0.7165578 0.3568897 -0.04309165 0.7126218 0.3592591 -0.2050882 0.7160519 0.05254203 -0.3120958 0.01529741 0.2504477 -0.3045071 0.0168277 -0.3537064 0.04399043 0.7177331 -0.3619211 0.2042133 0.7187379 0.0534228 0.2990971 0.7124442 0.253917 0.2964979 0.7154349 0.3942216 0.0397585 0.007375299 0.384237 0.1748279 0.007571935 -0.3577553 0.2842906 0.0115478 -0.3767156 0.1354581 0.002677023 0.3371015 0.2775577 0.01145339 0.1579762 0.284936 0.01453363 0.3722495 0.2859147 0.6798301 0.379528 0.2885401 0.4920361 -0.363766 -0.2926375 0.0500558 -0.3728589 -0.2909075 0.2038668 0.3591717 -0.2997448 0.6749409 0.3696137 -0.293212 0.4906489 -0.3496776 0.2909257 0.6706729 -0.3709114 0.3056946 0.4876375 0.3322682 -0.2926951 0.7155299 0.1586948 -0.2918976 0.7167352 0.3639278 0.2647597 0.7187659 0.3570013 0.1340126 0.7150152 -0.333207 -0.2981914 0.01464956 -0.158801 -0.2991302 0.01651531 -0.3677923 -0.2614191 0.7086156 -0.3569388 -0.1423339 0.7190774 -0.3269742 0.2936301 0.7150766 -0.1607099 0.3010109 0.7155556 0.3593643 -0.2772098 0.02398717 0.3819522 -0.124605 0.009158432 -0.3319666 0.3117504 0.3476993 -5.69849e-4 0.3192142 0.6762544 0.3822184 0.2637169 0.3452191 0.3649089 4.09327e-6 0.6767822 -3.7811e-4 0.2728121 0.009423553 0.355422 -0.001084685 0.00242716 -0.3770352 -0.2663882 0.3507307 -0.361512 -0.001474857 0.6812734 0.349815 -0.2993564 0.3420408 0.002218663 -0.3022179 0.6769652 -1.97754e-4 -0.05116027 0.6958788 -0.003089129 -0.2297882 0.7184103 -9.75585e-5 0.277188 0.7182427 8.86908e-4 0.1354003 0.7001221 0.2876727 -4.24013e-4 0.7226456 -0.3281515 5.28435e-4 0.7215929 -0.2159241 -0.04377055 0.7238659 -0.333297 -0.1865752 0.7240225 -0.2176004 -0.2696099 0.7246097 -0.05763554 -0.2017233 0.7262347 -0.2208207 -0.2934107 0.6792595 -0.3467254 -0.2890563 0.5407587 -0.3617992 0.1721141 0.679802 -0.3672626 0.2755691 0.539335 0.3431224 -0.173527 0.002702295 0.2085137 -0.2817847 0.006237745 0.3603623 -0.1779351 0.6810156 0.3717932 -0.2715014 0.540884 0.2117578 0.303308 0.6749017 0.3402416 0.2963713 0.5431604 0.3418446 0.2974878 0.1544007 0.2111409 0.2929265 0.04383319 -0.3295171 0.3243536 0.1453374 -0.2336168 0.3221532 0.03197437 -0.3335077 0.3113372 0.5390651 -0.2072464 0.3080298 0.6839644 0.38659 -0.2819344 0.1494559 0.3939331 -0.1713275 0.03636938 0.3782013 0.2668877 0.1506044 0.3990551 0.1635828 0.03449589 0.3738472 0.2600185 0.5435281 0.3681848 0.1771731 0.6800924 -0.2140923 -0.2704535 4.58233e-4 -0.359195 -0.1694354 -0.01952463 -0.2279837 0.2717896 -0.002070963 -0.3466269 0.1782276 -0.01337409 0.2108769 0.2613002 0.01149749 0.3518159 0.1647623 -0.0102837 -0.373477 0.2740432 0.1425959 -0.3933607 0.1700197 0.0310921 -0.3845015 -0.2643802 0.1551226 -0.4096006 -0.1680961 0.02535784 -0.379939 -0.2582094 0.5412542 -0.3708664 -0.1878091 0.683068 -0.3392446 -0.311038 0.1563887 -0.2108078 -0.3079565 0.04308962 0.3494109 -0.3205554 0.1474554 0.2092697 -0.315851 0.04042482 0.3403759 -0.3080342 0.5440265 0.2164066 -0.2954993 0.6788435 0.2443991 -0.04426342 0.7229001 0.05658787 -0.2064874 0.7243238 0.2187272 -0.2703106 0.7204645 0.3401002 -0.1741766 0.7208747 0.2157633 0.2744483 0.7185122 0.2403251 0.04364293 0.7231639 0.3303294 0.1777171 0.719336 -0.2118748 0.2772386 0.7227011 -0.3333724 0.1773471 0.7223612 -0.2154933 0.04359513 0.7235422 -0.1073287 0.04556131 0.6954513 -0.1076063 0.1354294 0.7007361 -0.2948495 0.04389482 0.7177401 -0.2956535 0.1323975 0.7210074 -0.2527566 0.08760493 0.7227286 -0.3303363 0.0886566 0.7251162 -0.292037 0.2021764 0.7266089 -0.290291 0.2715584 0.719859 -0.2488401 0.2411648 0.7256625 -0.3297294 0.238702 0.7208713 -0.1071273 0.2063487 0.7246484 -0.1071689 0.2771943 0.7181708 -0.05356812 0.2440692 0.718416 -0.1609432 0.2433627 0.7182226 0.303022 0.04448884 0.7195297 0.2959049 0.1331121 0.7219963 0.3332614 0.08919697 0.7192146 0.2711383 0.08806031 0.7225649 0.1202543 0.04430979 0.7000071 0.1128532 0.1346826 0.7027051 0.1085268 0.2107938 0.7139621 0.1078444 0.2758256 0.7177531 0.1622589 0.2424968 0.7180829 0.05416649 0.2437795 0.7167617 0.2932768 0.2089979 0.7234721 0.2945748 0.2693772 0.7216724 0.3325037 0.2372925 0.718962 0.2550666 0.2402899 0.7190076 0.2956708 -0.2690599 0.7210924 0.3029814 -0.2069455 0.7196789 0.3357532 -0.2371672 0.7228851 0.2614898 -0.2381483 0.7247247 0.1094621 -0.2732772 0.720662 0.1151317 -0.2188451 0.722805 0.1696062 -0.2421479 0.719595 0.05538374 -0.2488701 0.7194462 0.1207159 -0.1434103 0.7021291 0.1229476 -0.0476889 0.6996745 0.3065626 -0.1309099 0.7192921 0.3066418 -0.0435968 0.7195481 0.3375464 -0.08728188 0.718401 0.286457 -0.0878123 0.7229632 0.174825 -0.2784783 0.4553847 0.1093607 -0.3012476 0.677711 0.3350896 -0.3033747 0.6328721 0.2953198 -0.2993906 0.6779502 0.3454244 -0.3072147 0.4428152 0.1023345 -0.3260496 0.0422213 0.3505973 -0.3108326 0.2447775 0.3393371 -0.3203408 0.08073127 0.2884174 -0.3189546 0.04472833 -0.3371767 -0.3061046 0.0847845 -0.2896219 -0.3092852 0.04443031 -0.3339474 -0.3016802 0.2565251 -0.1060199 -0.3141058 0.04304867 -0.3616616 -0.1345298 0.6411964 -0.3616526 -0.09374123 0.6839175 -0.3711002 -0.2612011 0.6283406 -0.3722336 -0.2375821 0.6739143 -0.3855695 -0.2649604 0.4459052 -0.4000985 -0.08657234 0.02570033 -0.3810755 -0.2653834 0.2529079 -0.3789142 -0.2645985 0.08198279 -0.3877411 -0.2303583 0.03808641 -0.3687903 0.2776914 0.07355678 -0.3768156 0.2512328 0.0363456 -0.3753077 0.2731361 0.2440495 -0.3872555 0.08360499 0.02693229 0.3546042 0.08226639 -0.01158922 0.2983435 0.2478855 0.002975046 0.3442785 0.227895 -0.009747266 0.1062299 0.2675185 0.003797292 -0.3493555 0.08887797 -0.01746404 -0.1118727 0.2753217 0.001425087 -0.2994198 0.2823371 6.3486e-4 -0.3387227 0.2476774 4.25426e-4 -0.2975832 -0.2694881 -0.00172168 -0.3446592 -0.2349051 0.003293216 -0.1064767 -0.266615 6.18777e-4 -0.3550739 -0.08702129 -0.02148187 0.3666591 0.08857381 0.678058 0.3771087 0.2634325 0.6336296 0.3735423 0.2375918 0.6764013 0.3893524 0.2649469 0.4441978 0.4063604 0.08152878 0.03542137 0.3948947 0.2683976 0.2497977 0.3764204 0.2519931 0.07852053 0.377749 0.2280735 0.03000402 0.3734787 -0.2903854 0.08305656 0.3784386 -0.2438806 0.04559522 0.3751614 -0.2734127 0.2411327 0.4088918 -0.08551949 0.03529477 -0.1054787 0.3212705 0.6801789 -0.3295049 0.3094813 0.629334 -0.2887613 0.3067273 0.6775042 -0.3324888 0.3134284 0.4420231 -0.1184998 0.305386 0.03920972 -0.3364277 0.3150116 0.2463282 -0.331498 0.3240072 0.07498943 -0.2979369 0.3216693 0.03799843 0.3350213 0.2899363 0.07623547 0.2961016 0.2869815 0.0394355 0.3439143 0.2918267 0.2533386 0.1040843 0.2937005 0.04379975 0.3390384 0.2984582 0.4464359 0.3373047 0.2936441 0.6326208 0.2950488 0.2991524 0.6765885 0.1061351 0.3179587 0.6751973 0.3777979 -0.2706583 0.4427425 0.3617084 -0.2614063 0.6282673 0.366689 -0.2399693 0.6747774 0.3628045 -0.08567833 0.6774649 0.1048639 -0.2791823 0.003239452 0.2903618 -0.2813208 0.003825724 0.3335215 -0.2442949 0.006126165 0.3491014 -0.0845741 -0.00516653 -0.379738 0.2694087 0.4421118 -0.3626955 0.2712022 0.6274705 -0.3601691 0.2374448 0.6768093 -0.3621742 0.08724981 0.6810641 -0.3377431 -0.2948119 0.4503442 -0.3437483 -0.2891446 0.6284332 -0.3010425 -0.2905287 0.6723273 -0.10896 -0.2969263 0.677401 -0.1087054 -0.272846 0.7240361 -0.1102032 -0.2200366 0.7160212 -0.0552172 -0.2493447 0.721336 -0.1633544 -0.2412973 0.7195125 -0.2984161 -0.2645993 0.7209924 -0.2978 -0.2097182 0.719359 -0.2566722 -0.238317 0.7220891 -0.3369625 -0.2365322 0.7220368 -0.2960718 -0.1366947 0.718845 -0.2950757 -0.04533821 0.7174967 -0.2487862 -0.08885067 0.7245231 -0.3314977 -0.09188216 0.7226026 -0.1099548 -0.1440538 0.6995764 -0.1078909 -0.04740929 0.6942698 -0.05683457 -0.1493319 0.6992806 -0.3295544 -0.04662925 0.7226857 -0.2496587 -0.04448431 0.7248359 -0.2498053 -0.1336578 0.7244527 -0.3358978 -0.2108577 0.7229115 -0.2488877 -0.2079021 0.7224364 -0.2579782 -0.26726 0.7222589 -0.163236 -0.2154287 0.7221823 -0.05640131 -0.2264766 0.7172211 -0.05452227 -0.2742816 0.7213699 -0.05360168 -0.2850337 0.5092896 -0.05145144 -0.290591 0.4179846 -0.1583768 -0.2780425 0.4139177 -0.05333077 -0.2989018 0.6772496 -0.05358386 -0.2971015 0.5906436 -0.1681658 -0.2950204 0.6004964 -0.2599144 -0.2895228 0.6759221 -0.2671689 -0.2939464 0.5896574 -0.3429865 -0.2913211 0.5846217 -0.2687233 -0.299021 0.5025097 -0.2528764 -0.3039513 0.4140278 -0.3395853 -0.2998725 0.401672 -0.375743 0.03710478 0.4956402 -0.3819931 0.0449413 0.394062 -0.3793551 0.1266767 0.3977301 -0.3579552 0.04393982 0.6802131 -0.373165 0.0386219 0.5920188 -0.3756606 0.1244285 0.5890201 -0.3687216 0.2050748 0.6768301 -0.3744233 0.2016887 0.5896064 -0.3685092 0.2695288 0.5828554 -0.3773304 0.2011191 0.4958682 -0.3780385 0.2041738 0.3957555 -0.3788776 0.2703582 0.3938453 0.1561099 -0.04411429 -0.004324793 0.05443966 -0.04692417 0.003440439 0.05170601 -0.1305378 -0.007628679 0.3528876 -0.04247516 -0.005235791 0.2577937 -0.04364556 -0.006252408 0.2575532 -0.1289254 -0.003775298 0.3387859 -0.2067331 0.003222286 0.2544156 -0.207063 -5.47776e-4 0.2506975 -0.2825633 0.006054937 0.157068 -0.2088733 -0.007871329 0.05196434 -0.2087826 -0.007725477 0.05309033 -0.2811803 0.003619372 0.3697769 -0.04624086 0.4891459 0.3941796 -0.03733718 0.3942753 0.387961 -0.137051 0.3985262 0.3639023 -0.04374063 0.6784381 0.3649099 -0.04811459 0.5892176 0.3600163 -0.1391021 0.5876343 0.3645666 -0.2060902 0.676817 0.3774575 -0.2137926 0.5805743 0.3670222 -0.2723869 0.585649 0.3863212 -0.2108724 0.4920931 0.3801631 -0.2072665 0.397566 0.3826798 -0.2565022 0.3929412 0.04930746 0.303804 0.5007197 0.04941248 0.3031209 0.4046529 0.15687 0.2960957 0.4079327 0.0527569 0.3186244 0.6759353 0.05080091 0.311958 0.5906461 0.1548799 0.3080058 0.5948361 0.2533941 0.2995666 0.6758625 0.25121 0.301042 0.5890585 0.3392458 0.2945428 0.5876318 0.2510349 0.3002809 0.4988281 0.2539596 0.2994053 0.4056589 0.3390471 0.2923206 0.3998128 0.04705983 0.3034375 0.1133178 0.05241113 0.2991253 0.04412561 0.1577049 0.290554 0.04399114 0.05044943 0.3011217 0.3063068 0.04466414 0.300288 0.1999815 0.1570299 0.2954495 0.2054066 0.2592855 0.2992054 0.308368 0.2630283 0.2983126 0.2065933 0.3356528 0.2908251 0.2002599 0.2553442 0.2912358 0.1171746 0.250408 0.290417 0.04162424 0.3365243 0.2874796 0.03763973 -0.3303472 0.3250262 0.1101696 -0.3326107 0.3244294 0.04013884 -0.2646773 0.3182139 0.03616797 -0.3296562 0.3132886 0.2950517 -0.3295794 0.3240578 0.195159 -0.2630379 0.3221454 0.1942317 -0.1698052 0.3160973 0.2951927 -0.170575 0.3175422 0.1949457 -0.05471736 0.2922474 0.1968811 -0.1709766 0.3137822 0.1045003 -0.1744729 0.3124196 0.03580045 -0.0583083 0.3052747 0.041251 -0.3329776 0.3118599 0.4909445 -0.3314803 0.3099902 0.3936876 -0.2459787 0.3170378 0.3948448 -0.3282066 0.3076829 0.6743521 -0.3314046 0.3082024 0.5840244 -0.2512331 0.3119062 0.5908452 -0.1588633 0.3159511 0.6826603 -0.1531065 0.3130201 0.5938639 -0.0521695 0.3152853 0.5917639 -0.1562567 0.3057522 0.5009692 -0.1601715 0.30751 0.3957446 -0.05189639 0.3046656 0.4026749 0.406907 -0.04709219 0.1138347 0.4087119 -0.04250288 0.03726917 0.4022459 -0.1292426 0.03623473 0.3983574 -0.04749834 0.3003492 0.4029994 -0.05024003 0.2025685 0.3999918 -0.1348353 0.2026435 0.3820157 -0.2138685 0.301599 0.4022867 -0.212035 0.1992182 0.3765236 -0.2731812 0.1973072 0.3972482 -0.2103042 0.1133194 0.3861817 -0.2074623 0.04142928 0.3692975 -0.2792644 0.0515049 0.3821857 0.2602999 0.1145682 0.3794571 0.2596954 0.03067857 0.3901137 0.1905493 0.03543496 0.3937116 0.2673541 0.2981669 0.3899945 0.2610962 0.20286 0.3957681 0.193943 0.2015646 0.4029561 0.130518 0.2982279 0.4076341 0.1268801 0.2017322 0.3973878 0.02303814 0.2085158 0.4073463 0.125124 0.1138052 0.4049915 0.1229836 0.03435927 0.4091199 0.03996616 0.03585845 0.3840312 0.2656992 0.491298 0.3819906 0.2679504 0.3926745 0.3970078 0.2017955 0.3960927 0.3755779 0.2644919 0.6783705 0.3754686 0.2616546 0.5884673 0.3871002 0.2015494 0.5887379 0.3667308 0.1332461 0.6801274 0.3772827 0.1378877 0.5826552 0.3588702 0.04170846 0.5902364 0.397652 0.1298732 0.4957668 0.3982564 0.133958 0.3956911 0.3970375 0.04489219 0.3965677 -0.2587758 -0.04439008 -0.02785021 -0.3535418 -0.04407173 -0.0220744 -0.3578605 -0.1353064 -0.01519262 -0.05455631 -0.0466547 -0.01103252 -0.1627299 -0.04204344 -0.02213066 -0.1622262 -0.13101 -0.02382105 -0.05559605 -0.2016933 3.59377e-4 -0.1606962 -0.205093 -0.002736568 -0.1617279 -0.2721515 0.003407776 -0.259491 -0.204527 -0.01361137 -0.3493392 -0.1994922 8.40136e-4 -0.3397743 -0.266087 0.007281422 -0.2692471 0.2832062 -0.005536973 -0.3357859 0.2838867 0.001809954 -0.3432758 0.216494 -0.008513212 -0.05416786 0.2746809 0.004768252 -0.1688323 0.275335 0.00156635 -0.154295 0.1995953 -0.008795738 -0.05204308 0.1307058 -0.01552724 -0.1549403 0.131362 -0.0205602 -0.1594754 0.04126578 -0.02365761 -0.2618226 0.1288516 -0.01768481 -0.3469598 0.1335827 -0.01353549 -0.3506152 0.04397946 -0.0217604 0.1570057 0.2653287 0.003400206 0.05466377 0.2697436 0.002230882 0.05483657 0.2025172 -0.005997121 0.3404164 0.2558831 -2.72723e-4 0.253296 0.2585206 0.006782293 0.2579737 0.199216 -0.002006471 0.352941 0.1233186 -0.007069468 0.2589656 0.1274605 -0.01239162 0.26391 0.04113131 -0.003626644 0.1572483 0.1318987 -0.01063913 0.0521779 0.1206867 -0.008623301 0.05285471 0.0404002 -0.008644282 -0.3821776 0.03362131 0.1014928 -0.3905007 0.04062074 0.02527254 -0.384729 0.1267089 0.02735865 -0.391205 0.03611713 0.2914007 -0.3743848 0.03431892 0.192881 -0.3965675 0.1081272 0.1877853 -0.3771551 0.207046 0.2935335 -0.3751485 0.2099547 0.1894274 -0.3757882 0.2755523 0.1932291 -0.3671228 0.1976585 0.09979552 -0.3829336 0.1927642 0.02464991 -0.3676465 0.280005 0.03938293 -0.3818841 -0.2658364 0.1182824 -0.3741811 -0.2653921 0.04563999 -0.4016492 -0.2054988 0.02372485 -0.3814712 -0.2658792 0.3018928 -0.3810653 -0.2655971 0.2040196 -0.3744508 -0.1905682 0.2030831 -0.3911864 -0.1279838 0.2990769 -0.4046102 -0.1215053 0.2019475 -0.3888341 -0.04943418 0.1967524 -0.4017055 -0.122506 0.1095843 -0.4025736 -0.1267507 0.02520871 -0.3986256 -0.04387277 0.02446818 -0.3837953 -0.2631219 0.4940639 -0.3808934 -0.2650029 0.3980827 -0.3849285 -0.2006002 0.3988495 -0.3737974 -0.2601604 0.6733631 -0.3746371 -0.2601362 0.5828953 -0.3788115 -0.2018441 0.5895583 -0.3668559 -0.1384276 0.6831848 -0.3753669 -0.130225 0.5942924 -0.3744127 -0.0462445 0.5916925 -0.3852922 -0.1263808 0.4973244 -0.3842387 -0.1271197 0.3971875 -0.3876135 -0.04194766 0.3979667 -0.05816549 -0.3240615 0.1132256 -0.05568873 -0.3185029 0.04326492 -0.1590735 -0.3123657 0.0441122 -0.05807447 -0.2995852 0.3223594 -0.05934083 -0.3092352 0.2033966 -0.1541223 -0.3126599 0.2097986 -0.2519035 -0.3047795 0.3165921 -0.2454961 -0.3011446 0.2097927 -0.3284401 -0.3026374 0.2067124 -0.2463983 -0.3025515 0.1192466 -0.2514321 -0.3038255 0.04481631 -0.3376157 -0.3069869 0.04934501 0.3448257 -0.3239966 0.1142332 0.3338012 -0.3185105 0.04747027 0.2515237 -0.315896 0.04176884 0.3527192 -0.3063241 0.2933762 0.3478551 -0.3133469 0.1952751 0.2712603 -0.3153565 0.2003307 0.1718076 -0.2983728 0.3036852 0.1627469 -0.2997615 0.1969585 0.05219459 -0.2940382 0.2001743 0.1582972 -0.3169576 0.1144841 0.1572949 -0.3198368 0.04320609 0.0500161 -0.3161547 0.04302906 0.3428608 -0.3084439 0.4937384 0.3502649 -0.3022488 0.3922779 0.2701676 -0.3106389 0.3964446 0.333877 -0.3024902 0.6767325 0.3360481 -0.3049798 0.5889086 0.2642036 -0.3033117 0.5900023 0.1625017 -0.2977321 0.6782742 0.1710835 -0.3027278 0.6065887 0.05921411 -0.3015186 0.5902488 0.1734076 -0.2816079 0.5000829 0.174456 -0.3081466 0.382244 0.05029165 -0.2824332 0.4167727 0.2870356 -0.04412108 0.7227707 0.3374931 -0.04323083 0.7194157 0.3388953 -0.1308933 0.7220562 0.1816102 -0.1388774 0.7036218 0.05629557 -0.2264244 0.7175284 0.1747856 -0.2112459 0.7272108 0.1641429 -0.2717902 0.7206392 0.2685315 -0.2091661 0.7227512 0.3378528 -0.2059761 0.7198823 0.3339899 -0.2684237 0.7224814 0.2550103 0.2719305 0.7189353 0.3338654 0.2667344 0.7194241 0.3312132 0.2074919 0.7227829 0.05387598 0.2765053 0.7179682 0.1618199 0.2751426 0.7175147 0.162929 0.2085339 0.7169418 0.2631125 0.1329163 0.7205184 0.3316701 0.1334148 0.7188962 0.3347502 0.04494065 0.7188729 -0.1609297 0.2775902 0.7193366 -0.05363821 0.2771878 0.7182378 -0.05342918 0.2087631 0.7226021 -0.3277757 0.2694323 0.7210841 -0.2497171 0.274477 0.7227743 -0.2520311 0.2084635 0.7262142 -0.3321034 0.1326647 0.7225157 -0.253144 0.1320273 0.7232336 -0.2509903 0.04376757 0.7248858 -0.3303817 0.04489165 0.7234836 -0.3315215 0.2080118 0.7218146 -0.1617239 0.2061779 0.7232707 0.2760821 0.04404377 0.7219005 0.05455404 0.2115655 0.7132323 0.2550507 0.208517 0.719587 0.2581461 -0.2695505 0.722325 0.05481129 -0.2746949 0.7207425 0.05841523 -0.1515514 0.7009083 0.2858834 -0.1315144 0.7231559 0.05563777 -0.2825683 0.5014048 0.05581307 -0.3028163 0.6776103 0.2556684 -0.2973935 0.677562 0.2689943 -0.3067997 0.4960655 0.04645484 -0.3067566 0.10952 0.06321585 -0.2774303 0.3100049 0.2686684 -0.3129058 0.297773 0.2583518 -0.3123302 0.1118745 -0.3372861 -0.3078148 0.1216767 -0.3361966 -0.303824 0.3069708 -0.1562983 -0.3014478 0.3183296 -0.1546964 -0.3122817 0.1171406 -0.3762726 -0.04605603 0.4958991 -0.3652266 -0.0464316 0.6816766 -0.3670279 -0.2083309 0.681841 -0.3854874 -0.1998554 0.4956957 -0.384295 -0.04105365 0.1055359 -0.3852883 -0.04908192 0.2942916 -0.378413 -0.191863 0.303311 -0.3968601 -0.1957309 0.1138907 -0.3703677 0.2755501 0.1079329 -0.3762091 0.2719499 0.2949001 -0.3747177 0.1190576 0.2929797 -0.3808078 0.1071693 0.09586036 0.1554084 0.03965187 0.006148576 0.3548929 0.04143255 -0.008165597 0.3445217 0.1963315 -0.008387267 0.1589588 0.2109851 -0.002489149 -0.2508846 0.04150211 -0.02483427 -0.05336314 0.04210764 -0.01635396 -0.05277681 0.2037613 -0.01254326 -0.2618476 0.2072571 -0.009960293 -0.2553645 -0.2682318 0.002741694 -0.05727273 -0.2746582 0.008476316 -0.05138283 -0.1270424 -0.006859242 -0.261107 -0.1303105 -0.02529561 0.3832344 0.04972922 0.4894617 0.3653229 0.04454487 0.6804235 0.3716444 0.2063558 0.6787129 0.3951708 0.2030887 0.4950442 0.4024012 0.04456859 0.1085293 0.4041034 0.04353082 0.2985746 0.3939625 0.2030772 0.2985157 0.3952602 0.1932567 0.1133004 0.3737472 -0.2821384 0.1099398 0.3767769 -0.2645059 0.2936899 0.3981718 -0.1297616 0.292895 0.4055059 -0.131022 0.1136934 -0.05206614 0.312039 0.4993873 -0.05309885 0.3198501 0.6781365 -0.2497469 0.3062856 0.6804887 -0.2524217 0.3156784 0.494392 -0.06216424 0.3028911 0.1077092 -0.05078846 0.2946726 0.3029456 -0.2589948 0.3173921 0.2942322 -0.2639361 0.3253825 0.1080887 0.3436721 0.2914272 0.1168483 0.3387576 0.2995627 0.3009617 0.1586754 0.294314 0.3091958 0.1569864 0.2922843 0.1161951 0.3387638 0.2931612 0.4941129 0.3361308 0.2935734 0.6771783 0.1607089 0.3144487 0.6757559 0.1525824 0.2992497 0.5009146 0.3784198 -0.269029 0.4915918 0.3649222 -0.2628912 0.6765781 0.3602576 -0.1307306 0.6833135 0.3835446 -0.1404381 0.4906731 0.1566298 -0.281467 0.004490733 0.3335277 -0.2807042 0.01279169 0.3455857 -0.1289507 1.31784e-4 0.157629 -0.1304414 -0.006246209 -0.376079 0.270176 0.4895069 -0.3660078 0.2659714 0.6728476 -0.363823 0.130725 0.6800699 -0.3828122 0.1248761 0.4964225 -0.3423017 -0.3001872 0.4966446 -0.3417114 -0.2875899 0.6705105 -0.1641801 -0.2928517 0.6774555 -0.164366 -0.2752417 0.5090715 -0.1630957 -0.2716845 0.7226855 -0.3385486 -0.262683 0.7246423 -0.3322054 -0.1395415 0.7207534 -0.1622585 -0.1397114 0.6987262</float_array>
          <technique_common>
            <accessor source="#caja-recubierta-mesh-positions-array" count="835" stride="3">
              <param name="X" type="float"/>
              <param name="Y" type="float"/>
              <param name="Z" type="float"/>
            </accessor>
          </technique_common>
        </source>
        <source id="caja-recubierta-mesh-normals">
          <float_array id="caja-recubierta-mesh-normals-array" count="2505">0.1911095 0.1563484 0.9690369 0.1306203 0.04187172 0.9905479 0.06433373 0.03378432 0.9973564 0.08450794 0.09378576 0.9919993 -0.01608335 0.03622573 0.9992143 -0.6458743 0.07571768 0.7596798 -0.6433106 -0.05386602 0.7637081 -0.0157172 -0.01989835 0.9996785 -0.1941025 -0.1523522 0.9690785 -0.7987237 -0.04965507 0.5996456 -0.7763569 -0.5235328 0.3509751 -0.2376238 -0.7725062 0.5888711 0.01705992 -0.1340993 0.9908211 -0.00790441 -0.1386477 0.9903103 -0.02758932 -0.7876694 0.6154802 0.001983702 -0.7765464 0.630057 -0.01675498 -0.9972422 0.07229971 -0.03061044 -0.9980292 0.05478137 -0.1858937 -0.9815043 0.04574859 -0.7775733 -0.6286997 0.01080381 -0.1305608 -0.9901623 0.05032598 -0.1567461 -0.9831731 0.09381574 -0.7146952 -0.6889371 0.1207333 -0.6717821 -0.7390457 0.05020356 -0.9858669 -0.03842383 0.1630649 -0.7717324 -0.02627676 0.6354043 -0.7841886 -0.08984827 0.6139835 -0.9918111 -0.05288964 0.1162474 -0.9685912 0.2287422 0.09750914 -0.7268549 0.1967599 0.6580027 -0.6546949 0.5426289 0.5262401 -0.7347472 0.666476 0.1263185 -0.9939995 0.09027481 0.06177014 -0.9948794 0.08288878 0.05783295 -0.7839865 0.6125887 0.1005009 -0.721005 0.6887773 0.07574748 0.1448728 -0.06213629 -0.9874973 0.555701 -0.1207661 -0.8225644 0.5442504 -0.1426471 -0.8267064 0.1664805 -0.07245182 -0.9833795 0.2364957 -0.1746327 -0.9558103 0.6848271 -0.1646832 -0.709853 0.5820307 -0.5405247 -0.6075142 0.1494826 -0.7179316 -0.6798743 0.005432426 -0.2688753 -0.9631597 0.02935922 -0.226298 -0.9736157 0.005188226 -0.6957461 -0.7182692 0.00665313 -0.6970255 -0.7170155 0.9980252 0.02407932 0.05801618 0.7967751 0.02688771 0.6036776 0.767116 0.0190131 0.6412267 0.994418 0.08511894 0.0623514 0.9951687 -0.0918321 0.03473079 0.7221337 -0.1067544 0.6834665 0.6282132 -0.5571028 0.5431249 0.6906778 -0.7221429 0.03839302 0.9758151 -0.2113747 0.05572772 0.9622796 -0.2512059 0.1044682 0.7679451 -0.6354629 0.08029502 0.7733551 -0.6315326 0.05557531 0.07483351 0.9833655 0.1655067 0.04223823 0.6604304 0.7496984 0.03195333 0.7501262 0.6605224 0.09735697 0.9903556 0.09857773 0.15223 0.987725 0.03500556 0.1382237 0.72115 0.6788497 0.5955516 0.5709837 0.5650629 0.7417508 0.6642612 0.09253573 0.1144148 0.9933851 0.009765982 0.1634274 0.9864239 0.01611381 0.7547106 0.6511893 0.0797773 0.7076186 0.701179 0.08731544 0.179724 0.9837058 0.004699826 0.1631252 0.9860153 0.0341205 0.5815134 0.8129711 0.03033608 0.5288958 0.8459586 0.0679965 0.1538767 0.9854882 -0.07165855 0.1198799 0.9919394 -0.04104846 0.6676379 0.7419521 -0.06137406 0.7078601 0.6993758 -0.09903448 0.03534114 0.9993491 0.007233023 0.05957287 0.9980293 0.01971518 0.0587185 0.9980009 0.02337753 5.1882e-4 0.9998585 0.01681584 -0.04675453 0.9927716 0.1105385 -0.06183135 0.6776729 0.7327595 -0.02090567 0.689858 0.7236428 -0.05917632 0.989853 0.1291869 0.007874011 0.9736625 0.2278583 0.01998996 0.5783675 0.8155315 0.01251304 0.6132923 0.7897569 0.01803666 0.976453 0.2149752 0.05084526 0.9972512 -0.0538972 0.01184135 0.9988291 -0.04690784 6.10371e-4 0.998079 -0.06195265 0.03988808 0.9961951 -0.07748723 0.9997678 0.01663273 0.01370292 0.9993085 -0.03469985 0.01336723 0.8760551 -0.4755815 0.07968574 0.8867334 -0.457787 0.06430381 0.9920617 -0.04223877 -0.1184455 0.9979233 -0.06091672 -0.02093631 0.764631 -0.6432252 0.0400108 0.8141297 -0.5686334 -0.1176819 0.9992483 0.003540158 0.03860634 0.9994865 -0.005035579 0.03164786 0.999839 -0.01126158 0.01397776 0.9994185 0.00363177 0.03390699 0.9806649 -0.05850476 0.1867453 0.6177669 -0.05505639 0.7844316 0.6291838 -0.1004997 0.7707319 0.9727935 -0.09442579 0.2115578 0.9907739 -0.02664321 0.1328804 0.6585432 -0.009644031 0.7524812 0.7138187 -0.01141422 0.7002375 0.9950352 0.01046794 0.09897249 0.987313 -0.008758842 0.158545 0.9817699 -0.1026358 0.1599813 0.9939352 -0.07080352 0.08414024 0.9979194 -0.004242122 0.06433463 0.01281791 -0.2257481 -0.9741014 -0.06158751 -0.2510195 -0.9660208 -0.03601336 -0.7174296 -0.6956995 -0.01794523 -0.6707198 -0.7414937 -0.01086479 -0.3006754 -0.9536647 0.02093619 -0.2994554 -0.9538807 -0.02917641 -0.7126563 -0.7009064 0.007049918 -0.7625262 -0.6469189 -0.009033739 -0.006622672 -0.9999373 -0.0105291 0.04162824 -0.9990778 0.04260444 0.01037639 -0.9990382 0.07077252 -0.0130009 -0.9974079 0.1882731 0.1052303 -0.9764629 0.7217172 0.2484565 -0.6460602 0.7012944 0.1521673 -0.6964419 0.1958103 0.09082472 -0.9764268 0.1685891 -0.05752903 -0.9840062 0.6699903 -0.05105876 -0.740612 0.6589978 0.00213629 -0.752142 0.1316583 0.005035579 -0.9912824 -0.01263475 0.03589004 -0.9992759 -0.002655088 -0.04168874 -0.9991272 -0.02389615 -0.02853506 -0.9993072 -0.003723323 0.007873952 -0.9999621 -0.9458484 0.3245097 0.00802648 -0.959073 0.278917 -0.04883104 -0.7122327 0.7004827 -0.04526031 -0.6749927 0.7367635 0.0395528 -0.9731748 0.229476 -0.0164805 -0.974085 0.2188235 -0.05722367 -0.6856586 0.727776 -0.01464951 -0.6482255 0.760902 -0.02884054 -0.9985619 0.01709079 0.05081462 -0.9906314 0.1261979 0.05218827 -0.9915244 0.1299184 7.62969e-4 -0.9998876 -0.004669368 -0.01425224 -0.9836551 -0.01931846 0.1790239 -0.6743099 -0.08520805 0.7335161 -0.9846951 0.01333677 0.1737751 -0.984506 0.009064078 0.1751168 -0.6861555 0.009979665 0.7273865 -0.6919879 0.02688723 0.7214082 -0.9856176 0.04822033 0.1619654 -0.9989509 -0.006988823 0.04525977 -0.9977421 0.03613501 0.05661356 -0.9961814 0.02240115 0.08438593 -0.995979 -0.009186089 0.08911472 -0.1887302 -0.9818918 0.01641929 -0.2010889 -0.9793506 0.02087485 -0.6261223 -0.7793568 0.02395719 -0.6354435 -0.7713157 0.03582972 -0.211373 -0.9773638 -0.009033501 -0.2116487 -0.9768193 0.03207534 -0.703711 -0.7104862 -6.40903e-4 -0.6892472 -0.7220249 -0.06015348 0.02832174 -0.9977615 0.06058043 0.03091555 -0.9907642 0.1320245 0.03421139 -0.9909104 0.130101 0.07550394 -0.9916228 0.1048021 -0.02636814 -0.9969249 0.07379424 -0.02655184 -0.7158938 0.6977042 -0.0263682 -0.7074863 0.7062351 -0.01156657 -0.995858 0.09018296 -0.009674608 -0.99017 0.1395345 -0.008179008 -0.7188404 0.6951273 -0.0150153 -0.7457318 0.6660772 -0.02966415 -0.9912164 0.1288804 -0.03317391 -0.9965611 -0.07593077 -0.009003102 -0.9985824 -0.05246216 -0.005798637 -0.9947429 -0.1022393 -0.03747737 -0.9942495 -0.1003161 0.08353036 -3.96747e-4 0.9965052 -0.1156047 0.002838194 0.9932913 -0.1073955 0.09048813 0.99009 0.08438444 -0.01055949 0.9963773 -0.01892209 0.2219072 0.9748842 9.15562e-4 0.2695415 0.9629884 0.009064197 0.1150885 0.9933139 -7.62974e-4 0.09381526 0.9955893 3.35704e-4 -0.1363265 0.990664 0.002563536 -0.1940081 0.9809967 -0.01229923 -0.06082493 0.9980728 -0.0355848 -0.0557577 0.9978101 -0.09543305 -0.05041748 0.9941583 -0.0503866 -0.08365219 0.9952204 -0.1290364 -0.1175305 0.9846504 -0.1503064 -0.04605323 0.9875662 0.03680574 -0.14704 0.9884456 0.004028499 -0.1266852 0.9919348 -0.05517905 -0.06982839 0.9960318 -0.02502566 -0.1103266 0.9935803 -0.0127266 -0.1370632 0.9904807 -0.01776206 -0.02505606 0.9995283 -0.01867789 0.01797592 0.999664 -0.1053515 -0.003051877 0.9944304 -0.09952181 8.24008e-4 0.9950351 0.05270618 -9.15568e-5 0.9986101 -0.07593107 0.01089525 0.9970536 -0.08246183 -0.002075254 0.9965921 0.08209615 0.01055955 0.9965685 -0.09921658 0.007843315 0.9950349 -0.7075289 -0.003784358 0.7066744 -0.1352286 -0.05258381 0.9894182 -0.04678529 -0.01522886 0.9987889 -0.731276 0.001983761 0.6820787 -0.00802648 -0.004547297 0.9999575 0.1499994 -0.002105772 0.9886839 0.1403247 -0.01263469 0.9900249 0.1193303 -0.001953184 0.9928528 0.1195442 -0.02353036 0.9925501 0.1356253 -2.13631e-4 0.9907602 0.101446 -0.1299204 0.9863212 0.116338 -0.008179008 0.9931761 0.0953111 -0.0584135 0.9937323 -0.05813813 0.009064018 0.9982675 0.003143429 -0.01126158 0.9999317 -0.01785355 -0.004028499 0.9998325 -0.06167906 -3.66229e-4 0.998096 -0.03363221 -0.02014267 0.9992313 -0.00250256 -0.003845393 0.9999895 0.02331614 -0.0112003 0.9996655 -0.04699963 1.83115e-4 0.998895 -0.1466749 0.01083427 0.9891254 -0.7390857 -0.005188226 0.6735914 -0.1017494 0.006622552 0.9947881 -0.02542251 0.009949266 0.9996274 -0.05545312 -0.00778234 0.998431 -0.03683614 -0.05545264 0.9977817 -0.02493423 -0.05841392 0.9979811 -0.03894275 0.08798742 0.9953601 -0.04303187 0.0833171 0.9955936 -0.04623579 0.06033545 0.9971068 -0.02905434 0.06451779 0.9974935 -0.1201829 0.1034891 0.987343 -0.7586756 0.1035209 0.6431912 -0.09665441 0.06958389 0.9928827 0.007477223 0.09622782 0.9953313 0.009125113 0.06997954 0.9975068 0.00213629 0.07138347 0.9974467 0.02905434 0.03054982 0.9991109 0.04220807 0.06341898 0.9970941 0.04229903 0.07971507 0.9959199 0.05557441 0.05362123 0.9970137 0.0363478 0.05999988 0.9975365 0.09848505 -0.00814855 0.9951052 0.06174063 -0.00601226 0.9980742 0.07559645 0.009003162 0.9970979 0.1264107 -0.004730463 0.9919668 0.1097476 -0.003204524 0.9939543 0.02145463 0.008606255 0.9997329 0.04394733 -0.007141411 0.9990084 0.1091987 -5.7987e-4 0.9940199 -0.1460054 0.04239159 0.9883751 -0.1739911 0.01165837 0.9846782 -0.1087076 0.06012177 0.9922541 -0.02224814 0.0288707 0.9993355 -0.08914721 -0.009766161 0.9959706 -0.02700924 -0.08951205 0.9956195 -0.00213629 0.1375489 0.9904928 0.002288877 0.1115164 0.9937599 -0.01434391 -0.04947125 0.9986727 -0.01883035 -0.02267575 0.9995656 0.007263541 0.1084956 0.9940705 0.008850455 0.1142014 0.9934182 0.02978658 -0.04803699 0.9984013 0.002349913 -0.07504618 0.9971774 0.05401927 -0.00363177 0.9985333 -0.02172923 0.003234922 0.9997587 -0.01156681 -0.02697908 0.9995691 0.07834291 -0.05911576 0.9951723 0.05746763 0.06247276 0.9963909 -0.003845393 0.06531119 0.9978576 -0.01059007 0.0308547 0.9994679 0.04770058 0.0431838 0.9979279 -0.0486477 0.09595263 0.9941964 -0.02032572 0.1388622 0.9901032 -0.01663279 -0.00766021 0.9998324 -0.05054008 0.008484363 0.9986861 0.06683623 -0.1043744 0.9922899 0.02389639 -0.08371376 0.9962034 0.0159617 -0.6929161 0.7208415 0.06235176 -0.7114454 0.69997 0.08215671 0.02798575 0.9962265 0.04132229 0.01715147 0.9989987 0.02166867 0.01657193 0.999628 0.07309347 0.03454768 0.9967266 0.04306173 0.00552386 0.9990572 -0.04709035 0.07461822 0.9960998 -0.02554428 -0.06482201 0.9975699 0.004852473 -0.01611393 0.9998585 -0.004669368 -0.07113999 0.9974555 -0.002044737 -0.09238177 0.9957216 0.00927788 -0.7091182 0.7050286 0.01571732 -0.7160407 0.6978817 -0.02630746 0.1247317 0.9918417 -0.01126134 0.01055943 0.9998809 -0.01760941 -0.02755856 0.9994651 -0.003112912 -0.08008205 0.9967834 -0.004669368 -0.07498484 0.9971738 0.004577875 -0.07068234 0.9974884 0.009460985 0.06744778 0.9976781 -0.003021359 0.03943032 0.9992178 -0.1447207 0.05011206 0.9882028 -0.03738588 0.1401132 0.9894295 0.009308457 0.2636586 0.9645712 -0.08728611 0.2777896 0.9566682 -0.08896249 -0.01498472 0.9959223 0.1343151 0.02496469 0.9906241 0.06668412 0.005371332 0.9977597 0.05270642 -0.01535105 0.9984922 0.108801 -0.006714224 0.9940409 0.1517106 -0.001648008 0.9884236 0.08917629 -2.44151e-4 0.9960159 0.08240205 0.006683707 0.9965769 0.1478338 0.01977628 0.9888145 0.08255285 0.001495361 0.9965856 0.08139353 3.05188e-4 0.9966821 -0.01309281 -0.9993268 0.03427326 0.009155571 -0.9979315 0.06363153 -0.03299158 -0.9931356 0.1122202 0.0195018 -0.9942889 0.1049254 0.01773124 -0.9921585 0.1237223 -0.05932974 -0.9981686 0.01181101 -0.02353 -0.9990043 -0.03790438 0.07049864 -0.9916507 0.1079759 -0.02517807 -0.9949163 0.09750789 -0.002044737 -0.9944202 -0.1054725 -0.02844375 -0.9770374 -0.2111614 0.0368058 -0.9866458 -0.1586678 -0.01855546 -0.9993723 0.03018319 0.06515747 -0.9930185 0.09833133 -0.05130279 -0.9973378 0.05182164 -0.01590037 -0.9997403 0.01632761 -0.140053 -0.9901374 -0.00363177 -0.09552335 -0.9908186 0.09567594 -0.2159208 -0.969492 -0.1160326 -0.2138154 -0.9768491 0.006988823 -0.6896511 -0.7231006 -0.03882086 -0.7231148 -0.6838369 -0.09732472 -0.1329106 -0.9906187 0.03177034 -0.1555258 -0.9876015 -0.02133291 -0.6737363 -0.7389553 0.004944026 -0.6984544 -0.7143853 0.04260426 -0.04159748 -0.9977304 0.05295062 0.01956242 -0.9942977 0.1048315 0.01510709 -0.9990839 0.04004144 -0.02533107 -0.9996009 0.01251292 -0.1266849 -0.9917194 0.0210582 -0.06247204 -0.9980275 -0.006195306 -0.9984878 0.02212619 0.05032569 -0.9988107 0.03323465 0.03567612 -0.988109 0.00439471 0.1536929 -0.9833608 0.05423265 0.1733798 -0.6797833 0.0137946 0.7332834 -0.9847343 -0.005096673 0.1739903 -0.996463 0.01141393 0.08325475 -0.9938224 0.02487301 0.1081595 -0.9952282 0.03167879 0.09228974 -0.9964185 -0.01031541 0.08392757 -0.6757511 0.04196357 0.7359345 -0.9846398 0.05713182 0.1649866 -0.993845 0.08545261 -0.0704984 -0.9970984 0.0650978 -0.03946149 -0.996289 0.07391673 -0.04409974 -0.9983347 0.05389636 0.02056974 -0.9995546 0.02981692 0.00125122 -0.9894214 -0.1299493 0.06448632 -0.9958652 -0.09070241 -0.005066096 -0.9970624 -0.06760001 0.03601264 -0.9976964 -0.04046815 0.05444586 -0.9594895 0.2690868 -0.0835002 -0.9647002 0.2574263 0.05554425 -0.7066369 0.7070336 -0.02771121 -0.7346522 0.677124 -0.04229927 -0.9631047 0.2691212 -0.001739561 -0.9479773 0.3174878 0.02325534 -0.6450623 0.7576491 0.09931075 -0.6030853 0.7959957 0.05176013 -0.9995358 0.02356082 -0.01931864 -0.9985095 0.04718184 0.02743625 -0.9991901 0.03915578 0.009277701 -0.9975858 0.06051981 -0.03405958 0.06833124 -0.05072194 -0.9963726 0.04129254 0.003936946 -0.9991394 0.1190561 -0.001342833 -0.9928867 0.1557673 0.007232904 -0.9877673 0.6911106 0.03616541 -0.7218436 0.6773498 0.005310356 -0.735642 0.1798169 -0.02517801 -0.9833778 -0.02362173 0.1257691 -0.9917783 -0.02267545 -0.003906369 -0.9997354 0.007232964 0.220804 -0.9752914 0.7442392 0.1785063 -0.6436177 0.7739935 0.06466984 -0.6298825 0.1594645 0.1021488 -0.9819047 -0.271009 0.07071256 -0.9599761 -0.2452821 -0.004822015 -0.9694398 -0.2545277 0.03112924 -0.9665644 0.07855576 -0.02841311 -0.9965047 0.09537082 -0.0275278 -0.9950612 0.008056998 0.1319035 -0.9912299 0.02221781 0.1344057 -0.9906774 0.04965454 0.04126179 -0.9979138 0.01287901 0.07831203 -0.9968458 -0.2478498 -0.2490096 -0.9362503 -0.0667141 -0.2940182 -0.9534687 -0.005218744 -0.7522053 -0.6589083 -0.2238278 -0.7129285 -0.6645556 0.02227902 -0.2765348 -0.9607457 0.02893233 -0.2174503 -0.9756425 -0.01696878 -0.6818045 -0.7313376 -0.03671395 -0.7158468 -0.6972915 0.0802648 -0.1061754 -0.9911026 0.06073224 -0.04828059 -0.9969858 0.007599174 -0.1145374 -0.99339 0.06305241 -0.1535111 -0.9861332 0.9932263 -0.05936038 0.09989029 0.9919811 -0.03668349 0.1209458 0.9953946 -0.01083409 0.09524852 0.9816834 -0.06268662 0.1799111 0.6622334 -0.01626664 0.7491212 0.6668943 -0.003448605 0.7451443 0.987546 -0.06149649 0.1448144 0.9922534 0.02758884 0.1211286 0.9835665 -0.1127677 0.1409978 0.9869198 0.07370311 0.1433777 0.6047928 0.04049855 0.7953526 0.6421535 -0.006408989 0.7665495 0.9854828 -1.83113e-4 0.1697761 0.9791967 0.004699885 -0.2028586 0.9805049 -0.01174968 -0.1961437 0.9834312 0.01815909 -0.1803705 0.9993078 -0.02612406 0.02649027 0.9988265 -0.02688723 0.04028505 0.9908556 0.1344661 -0.01113933 0.9948688 0.1001033 0.01467978 0.9987815 0.04412984 0.02209544 0.998841 0.04760891 0.007080256 0.9554425 -0.125374 -0.2672285 0.9876917 0.01928806 -0.1552204 0.7755513 -0.6005852 -0.1944676 0.7270905 -0.6206699 -0.2934425 0.9969397 -0.06903439 0.03668403 0.9994962 -0.002410948 0.03164815 0.8615864 -0.5045123 0.05600261 0.777812 -0.6139239 0.134559 0.9977338 -0.04254376 0.05212676 0.995148 -0.06891292 0.07022523 0.9887682 -0.1366965 0.06042844 0.9853498 -0.1644386 0.04522973 0.02829086 0.9989695 -0.03549325 0.03662228 0.9987202 -0.03488272 0.02307212 0.9784913 0.2049942 -0.03802669 0.9810038 0.1902251 0.006134331 0.6206405 0.7840713 0.01065129 0.5566463 0.8306814 -0.01269602 0.9732318 0.229475 -0.01382523 0.9996916 0.02063107 -0.02237027 0.9993398 -0.02862668 -0.2665207 0.9513629 0.1545167 -0.2247159 0.6598951 0.7169667 -0.05350011 0.6701403 0.7403039 -0.0245369 0.9887719 0.1474048 0.03848403 0.9930481 -0.1112406 0.07754898 0.9912598 -0.1067252 0.03973609 0.9945925 -0.09595257 0.04931819 0.998511 -0.02331626 0.007202446 0.9997121 -0.02288925 0.02258378 0.9992116 0.03265494 -0.005829155 0.9991086 0.04181134 0.09964394 0.9949445 0.01251268 0.1180169 0.9929354 0.01229912 0.07880079 0.9851326 -0.1526575 0.1247615 0.9909205 -0.05011212 0.6685236 0.7415562 -0.05630797 0.6152962 0.7838839 -0.0832867 0.06024444 0.998062 -0.01559519 0.111913 0.9935443 -0.01858603 0.4924892 0.8703176 0.001281797 0.5363723 0.8427835 -0.04495453 0.01980668 0.9997053 -0.01403862 0.009033679 0.9999317 -0.007416129 0.009247183 0.9999486 -0.004150509 0.007324457 0.9993013 -0.0366528 0.1373038 0.9903334 -0.01968455 0.1198177 0.9925706 -0.02114969 0.6555501 0.7538216 -0.04480201 0.6630591 0.7434466 -0.08740681 0.1951062 0.9806886 0.01355028 0.1728626 0.9849264 -0.006225943 0.7049055 0.7091476 -0.01477134 0.7782348 0.6274709 0.02511709 0.06888049 0.9964942 0.04748696 -0.01010191 0.7339312 0.6791488 0.0395525 0.712404 0.7006542 0.07074368 0.9963328 0.0481289 0.05606395 0.9964246 -0.06320542 0.06934022 0.9973766 -0.02078372 0.01086467 0.6145275 0.7888206 0.01968479 0.6206359 0.7838519 0.034487 0.9805614 0.193158 0.9885535 -0.1507963 -0.004730463 0.9771351 -0.2117731 -0.01895242 0.7645636 -0.6439523 -0.02771127 0.7975653 -0.6031868 -0.007446706 0.9701346 -0.2228489 0.09579879 0.9851502 -0.1640696 0.05060029 0.7572785 -0.6529936 -0.01135319 0.7271069 -0.6823361 0.07571673 0.9950562 0.03668433 0.09229081 0.7383232 0.04580944 0.6728897 0.7186548 0.03503549 0.6944839 0.9931454 -0.05200415 0.1046797 0.993035 0.06888192 0.09558624 0.9938882 -0.00939989 0.1099911 0.74435 -0.007446527 0.6677482 0.7463834 0.01159733 0.6654153 0.9963983 -0.02743697 0.08023554 -0.03714215 -0.2610941 -0.9645986 0.01535093 -0.2834282 -0.9588707 0.02218735 -0.6962633 -0.7174435 -0.03778207 -0.7160897 -0.6969851 0.03222793 -0.2429912 -0.969493 0.04388618 -0.2294412 -0.9723327 -0.01254355 -0.7324728 -0.6806808 0.00927782 -0.7105774 -0.703558 0.2100327 -0.1010183 -0.9724617 0.6005905 -0.1820785 -0.778549 0.6873512 -0.1956884 -0.6994673 0.2365854 -0.1160648 -0.9646536 0.02847421 -0.02612423 -0.9992532 0.04944097 -0.06494468 -0.9966634 0.6232954 0.00576812 -0.7819652 0.5932028 -0.1122193 -0.7971935 0.1454547 -0.07315462 -0.9866567 -0.9812891 0.1832993 -0.05893284 -0.9933972 0.1146908 0.002868771 -0.7076458 0.7048991 -0.04852533 -0.7328533 0.6716016 -0.1089834 -0.9917337 0.1037023 0.07556414 -0.9733785 0.2055161 0.1014763 -0.7707947 0.628697 0.103033 -0.8108668 0.5800495 0.0777021 -0.9956935 0.02490377 0.08929955 -0.9923293 0.09204566 0.0825237 -0.9954701 -0.01965421 0.09302198 -0.9953572 0.05334776 0.08011317 -0.9822881 -0.04071247 0.182901 -0.1749632 -0.984561 0.005249202 -0.1270196 -0.9918945 0.003357052 -0.6450206 -0.7629768 -0.04260462 -0.6003437 -0.7977725 -0.05609428 -0.1733151 -0.983523 0.05142378 -0.193366 -0.98035 0.03903329 -0.7156198 -0.697827 0.03042787 -0.7363616 -0.6708068 0.08826082 -0.03711068 -0.9979604 0.05194276 -0.0561853 -0.7684667 0.6374184 -0.01525944 -0.766147 0.6424843 -0.02636861 -0.9982554 0.05282884 -0.001770079 -0.9984868 -0.05496448 0.003296077 -0.9999069 0.0132454 -0.01046794 -0.7800931 0.625576 -0.0160225 -0.7742385 0.6326911 -0.03723341 -0.9947129 0.09570825 0.01290965 -0.1947438 0.9807692 0.005310297 -0.1532062 0.9881801 -0.02017307 -0.06973594 0.9973616 0.006531 -0.09332638 0.9956141 0.01159739 0.1016603 0.9947516 0.005066156 0.09860795 0.9951136 0.0466023 -0.07644981 0.9959838 -0.006073296 -0.03805732 0.9992572 0.002075254 0.003570735 0.9999915 0.04413104 0.03912585 0.9982593 -0.03805762 -0.1368182 0.9898648 0.003448605 -0.1381896 0.9903999 -0.03997933 -0.02786344 0.998812 0.00991851 -0.02954196 0.9995144 0.008514821 0.02212643 0.9997189 -0.03744715 0.01153624 0.9992321 -0.06152689 -0.05737626 0.996455 -0.1370897 0.005462825 0.9905436 -0.04855543 0.01748728 0.9986674 -0.02029496 0.03311282 0.9992457 -0.009552538 -0.02661281 0.9996002 -0.03192311 -0.01989853 0.9992923 -0.06412023 -0.002868771 0.9979381 -0.01034581 -5.18818e-4 0.9999464 -0.01290941 4.883e-4 0.9999166 -0.06116008 0.00250256 0.9981248 -0.01281774 0.004242062 0.9999089 -0.0207836 -0.002563595 0.9997808 0.008545219 0.2572125 0.9663171 0.07074409 0.2252032 0.9717401 0.01226854 0.1017803 0.9947313 -0.01010185 0.06647104 0.9977373 0.1295837 -0.02084445 0.9913495 0.05511707 -0.9932977 0.1015973 0.0501123 -0.9979431 -0.03997993 0.05404835 -0.9982323 0.02472001 0.08163863 -0.9947403 0.06186223 -0.9995595 0.02942031 -0.003906428 -0.9996463 0.001556456 0.02655142 -0.9986606 0.04260396 0.02935886 -0.9997774 0.01895236 -0.00927782 -0.001312255 0.02035593 -0.999792 0.00689733 0.01794534 -0.9998152 0.02627694 -0.07364267 -0.9969385 -0.02615487 -0.08728474 -0.99584 0.9964967 -0.04513716 0.07040661 0.9924766 0.04553425 0.1136526 0.9974281 -0.03116005 0.06454807 0.9968964 -0.07852482 0.005615413 0.01361149 0.9997469 -0.01791471 0.02667361 0.9985531 -0.04669415 0.02859628 0.9993134 -0.02356064 0.008545339 0.9999609 -0.002288937 0.05017298 0.8007542 -0.5968881 0.08227896 0.9892097 -0.1212211 0.05230981 0.8151358 -0.5769034 0.05490338 0.7940701 -0.6053415 0.04846465 0.7726575 -0.6329706 0.03997993 0.9915641 -0.123297 0.007293939 0.9895661 -0.1438952 0.01980715 0.7114099 -0.7024982 0.04052865 0.9988431 -0.02587974 0.003723263 0.9993357 -0.03625619 0.01132261 0.7099092 -0.7042022 0.02478176 0.9873036 -0.1569004 0.02209562 0.9844459 -0.174293 0.001373291 0.7356212 -0.6773917 -0.02530062 0.7414105 -0.6705747 0.4007487 0.6855852 -0.607761 -0.1681573 0.9856891 -0.01184117 -0.2150996 0.9755172 -0.04580938 -0.1560119 0.9875877 0.01818919 -0.2146742 0.7067709 -0.6740845 -0.2148237 0.9728562 -0.08603322 0.02349954 0.9960467 -0.08566665 -0.05191302 0.7075863 -0.7047175 -0.7038975 0.5663164 -0.4287354 0.04358154 0.7738471 -0.6318714 0.04178059 0.9978815 -0.0498681 0.1139289 0.9847996 -0.1311113 0.1551618 0.6794586 -0.7171198 -0.2864542 0.9565665 0.05408018 -0.2670429 0.9570208 0.1131346 -0.2867866 0.9579899 0.002990841 -0.1692869 0.9836465 0.06149506 0.05646061 0.9983158 -0.01333689 0.01608335 0.9997019 0.01837223 0.06741595 0.9977196 0.003296017 0.1043456 0.9945341 -0.003723323 0.1071817 0.7225611 -0.6829478 0.1104502 0.9814774 -0.1565346 0.07361179 0.9892119 -0.1266537 0.03912568 0.7435106 -0.6675786 0.05401933 0.7158633 -0.6961477 -0.1408739 0.9895049 0.0321666 -0.152717 0.9875334 -0.0381487 -0.1855583 0.9806821 0.06189346 -0.2199828 0.9748766 -0.03497505 -0.2578889 0.9644128 0.05832254 -0.2135086 0.9756817 0.04959279 0.01422184 0.9998627 0.008514761 0.0225231 0.9995008 -0.02215683 0.9552021 -0.08386516 -0.2838231 0.9335049 -0.1277248 -0.3350449 0.9133325 -0.1810123 -0.3647714 0.9977285 -0.0669282 -0.007660269 0.982224 -0.177407 -0.06134319 0.9223248 -0.2060055 -0.3269231 0.9285029 -0.2391755 -0.2840381 0.9657207 0.2462293 -0.0821883 0.9614037 0.2656052 -0.07181078 0.9634352 0.2631379 -0.05050951 0.9699469 0.2371612 -0.05438441 0.9809041 0.1286671 -0.1458492 0.9554678 0.2351207 -0.1783242 0.9568318 0.2146707 -0.195932 0.9136908 0.4018188 0.06091678 0.9314458 0.3637278 -0.0105291 0.9323573 0.3598808 0.03457808 0.9593287 0.2747915 -0.06463885 0.9804823 0.1910791 -0.04629719 0.9944788 0.1038547 0.01504564 0.9992721 0.002655088 0.03805673 0.9975484 0.06998032 -2.13634e-4 0.9783959 0.07379394 -0.1931217 0.9782325 0.006561577 -0.2074086 0.9798098 0.1845479 0.07690763 0.9720937 0.2342033 -0.01351994 0.9846686 0.1519851 0.08560609 0.959755 0.2791859 -0.03042721 0.9881473 0.1494215 0.03518849 0.9868783 0.1552221 0.04446685 0.993616 0.09137469 0.06616574 0.9894037 -0.0792585 0.1216497 -0.7780909 0.04291021 -0.6266844 -0.2263016 -0.02881032 -0.9736312 -0.7508651 0.02588027 -0.6599483 -0.776035 0.06213647 -0.6276215 -0.721013 0.06610429 -0.6897614 -0.189372 -0.05322557 -0.9804618 -0.1719445 -0.2334405 -0.9570479 -0.6440739 -0.2160137 -0.7338303 -0.009705007 -0.1161859 -0.9931802 -0.01525932 -0.1738348 -0.9846567 -0.7882275 -0.3174334 -0.5271941 -0.1404797 -0.2666154 -0.9535102 -0.1898904 -0.1658108 -0.9677027 -0.5933244 -0.3140124 -0.74119 -0.7222652 -0.2912743 -0.6272897 -0.6623968 -0.5858232 -0.4669494 -0.01113939 0.1622999 -0.9866787 -0.08453649 0.1530813 -0.9845912 0.08618509 0.1845167 -0.9790434 -0.7208552 0.221872 -0.656613 -0.2340473 0.140996 -0.961947 -0.2703675 0.1420353 -0.9522224 -0.7294955 0.2057285 -0.652313 -0.695811 0.2255381 -0.6818941 -0.2631657 0.1659931 -0.9503632 -0.2546227 0.08343982 -0.9634341 -0.7823284 0.1248233 -0.6102308 0.04126173 0.2443966 -0.9687972 0.003601253 0.2542858 -0.9671225 0.03314387 0.2920386 -0.9558321 0.03186154 0.2410982 -0.9699777 -0.008270561 0.1105081 -0.9938408 0.02740573 0.1112709 -0.9934122 0.05200457 -7.62978e-4 -0.9986466 -0.01614475 0.08856725 -0.9959394 -0.7493157 -4.27273e-4 -0.6622129 -0.2571817 0.06582897 -0.9641184 -0.2767435 0.09021323 -0.9567 -0.7989832 0.09668368 -0.5935304 -0.8193503 0.08621686 -0.566773 0.04217678 0.2876997 -0.9567915 0.02240139 0.3238747 -0.9458349 0.02478128 0.2374672 -0.9710795 0.01342833 0.3288426 -0.9442894 -0.07779365 0.2570945 -0.96325 -0.01809775 0.2347831 -0.9718794 0.01605319 0.126137 -0.991883 0.002411007 -0.008484303 -0.9999611 -0.9955428 0.06879073 -0.06451797 -0.9960256 0.03204518 -0.08310383 -0.9938838 0.07525998 -0.08081448 -0.9985324 0.04660302 0.02758949 -0.9961162 0.08398884 0.02642959 -0.9698924 0.2107639 -0.1220148 -0.9801869 0.1448138 -0.1351392 -0.9382202 -0.3460263 -0.002990841 -0.9207622 -0.3884475 -0.0361346 -0.9666551 -0.2506821 0.05230933 -0.9332511 -0.3412063 -0.1123417 -0.9031817 -0.3972059 -0.1627582 -0.9320483 -0.3362881 -0.1348937 -0.9975404 0.007934868 -0.06964409 -0.9695762 -0.2442404 0.01638847 -0.9847362 -0.1740516 9.46099e-4 -0.9511586 -0.3086093 -0.007599234 -0.9816127 -0.1876918 0.03476113 -0.984887 -0.1540307 0.07919746 -0.9993367 -0.03320437 -0.01495414 -0.9998353 -0.008118033 0.01623612 -0.9979421 0.0207529 0.0606718 -0.9935827 0.07046878 -0.0884751 -0.9921275 0.09406101 -0.0826773 -0.9863685 -0.159644 0.03988808 -0.9762097 -0.2132359 -0.03930836 -0.9865673 -0.1338577 0.09363323 -0.9598478 -0.273052 -0.06430315 -0.9902675 -0.1359603 0.02975559 -0.9866785 -0.1346802 0.09125173 -0.9992732 -0.009704887 0.03686654 -0.9983251 0.03122049 0.04870766 -0.07403951 -0.9698997 -0.2319763 -0.07928919 -0.9735363 -0.2143372 -0.07391768 -0.9792724 -0.1885787 -0.08545398 -0.9962411 0.01419144 -0.02786415 -0.9993867 0.0212109 -0.005615532 -0.988334 -0.1521993 0.03192317 -0.9873303 -0.1554349 0.01327556 -0.9998193 0.01361125 0.002319455 -0.9989588 -0.04556536 0.02221786 -0.9965701 0.07971578 0.03836244 -0.9900087 -0.1356878 -0.07013338 -0.9867813 -0.146096 -0.0107122 -0.9858003 -0.1675808 0.038423 -0.9867605 -0.1575679 0.2259945 -0.9698995 0.09067243 0.150275 -0.9853633 0.08047831 0.2991207 -0.9518394 0.06729531 0.05884093 -0.9944065 0.0877121 -0.03897297 -0.9982216 0.04510736 -0.04132276 -0.9986132 0.03262484 -0.03634798 -0.9932983 0.1097154 0.0130009 -0.9853866 -0.1698364 -0.02771157 -0.9874238 -0.1556488 0.2537021 -0.9669246 0.0263071 0.2717682 -0.9620381 -0.02499473 0.2385346 -0.9702829 0.04065096 0.3193874 -0.947511 -0.01464939 0.1346804 -0.9905251 0.02685672 0.1814955 -0.9823707 0.04480165 -0.09253507 -0.9955155 0.01965451 0.06201499 -0.09866851 0.9931862 0.04477089 -0.03820937 0.9982664 0.05951154 -0.02014237 0.9980244 0.0708658 -0.1109377 0.9912976 0.06976729 -0.01397788 0.9974654 0.5924981 -0.7964269 0.1210388</float_array>
          <technique_common>
            <accessor source="#caja-recubierta-mesh-normals-array" count="835" stride="3">
              <param name="X" type="float"/>
              <param name="Y" type="float"/>
              <param name="Z" type="float"/>
            </accessor>
          </technique_common>
        </source>
        <source id="caja-recubierta-mesh-map-0">
          <float_array id="caja-recubierta-mesh-map-0-array" count="6348">0.6823877 0.9729962 0.6830132 0.9796418 0.6765158 0.9794681 0.675694 0.9732973 0.6817706 0.9928974 0.6814059 0.995715 0.6760174 0.9961013 0.6763849 0.9929231 0.6677451 0.9932959 0.667573 0.996984 0.665853 0.997507 0.664889 0.9936891 0.6667456 0.9733771 0.6670405 0.9795949 0.6645119 0.9795899 0.6647966 0.9733932 0.5652524 0.7573391 0.5651854 0.7527964 0.5713481 0.7528274 0.5716844 0.7571997 0.5854123 0.7582479 0.5853148 0.7532815 0.5890154 0.7545608 0.588833 0.7585448 0.5853376 0.7779877 0.5860236 0.7729323 0.589247 0.7731553 0.5892361 0.7784467 0.611699 0.9927754 0.6113204 0.9965273 0.6063494 0.9966438 0.6070081 0.9928246 0.5962195 0.9921036 0.5963171 0.9966473 0.5938372 0.9965781 0.592886 0.9920558 0.5953584 0.9711424 0.5948019 0.9768953 0.5921982 0.9761996 0.5912817 0.9710441 0.5939151 0.8617832 0.5896771 0.8624453 0.5902953 0.857591 0.5938921 0.8567032 0.5942631 0.8445048 0.5910701 0.8449017 0.5910436 0.8411957 0.5945867 0.8406047 0.6143941 0.8431521 0.6084411 0.8434754 0.6089351 0.8402307 0.6140531 0.8399006 0.5986449 0.7732401 0.5952134 0.773066 0.5949327 0.7682258 0.5989906 0.7678766 0.5995815 0.7581728 0.5948575 0.7576484 0.595242 0.7550649 0.5997232 0.7539306 0.6206901 0.7574323 0.6151099 0.7571362 0.6148851 0.7545871 0.6207357 0.7545341 0.5077648 0.8636727 0.5033299 0.8634418 0.5037211 0.8572492 0.5077508 0.8578109 0.5075471 0.8436512 0.5030238 0.8438214 0.5034103 0.8402395 0.5072293 0.8394823 0.5282562 0.8433156 0.5227139 0.8432278 0.5230616 0.839182 0.5285172 0.8386877 0.5501642 0.843469 0.5448122 0.8439044 0.5452446 0.8396704 0.551169 0.8392326 0.5710032 0.8428567 0.56676 0.8430203 0.5668724 0.8391551 0.5705103 0.8393915 0.5713438 0.8764615 0.5719465 0.8888111 0.5618776 0.8879233 0.5615498 0.8767045 0.5068846 0.9098604 0.5024405 0.9101004 0.5024923 0.905542 0.5065169 0.9050145 0.5074082 0.887664 0.5027297 0.8877023 0.5029978 0.8816585 0.5076197 0.8817303 0.5274885 0.8761038 0.5275961 0.8875409 0.5171642 0.8875784 0.5173169 0.8759503 0.6432706 0.757959 0.6375914 0.7582842 0.6382928 0.7552763 0.643794 0.7545218 0.6644316 0.756393 0.6597533 0.7565577 0.6603981 0.7523056 0.6638883 0.7520998 0.6634817 0.7832154 0.6640098 0.7935939 0.6528617 0.7911632 0.6535539 0.7827481 0.599226 0.811673 0.5942269 0.8117029 0.5945778 0.808461 0.5990074 0.8083015 0.5989193 0.7931436 0.5946456 0.793233 0.5949961 0.7881839 0.5993283 0.7880831 0.6206071 0.7829177 0.620833 0.7939479 0.6091272 0.7927696 0.609271 0.7826274 0.6387156 0.8425332 0.6320617 0.842268 0.6318529 0.8384514 0.6378141 0.8387637 0.6611244 0.8422344 0.6564342 0.8423134 0.6562575 0.8393665 0.6606615 0.8386713 0.6629663 0.8678371 0.6626425 0.8775456 0.6522271 0.8780299 0.652133 0.8686296 0.5959261 0.8987588 0.5908885 0.8966038 0.5903365 0.8946027 0.5949836 0.8951693 0.5939652 0.8812927 0.589224 0.8811795 0.5889307 0.8769103 0.5934953 0.8763818 0.615986 0.8702096 0.616566 0.8796662 0.6042541 0.880609 0.6043753 0.8709331 0.5946667 0.9490134 0.5949644 0.9547864 0.5918011 0.9548659 0.5905743 0.9492094 0.5940088 0.9280207 0.5942121 0.9319415 0.5891826 0.9322672 0.5885456 0.9283436 0.6217845 0.9266498 0.6300575 0.9270159 0.631357 0.9370486 0.6218362 0.9368465 0.6504241 0.9925159 0.6509943 0.9967462 0.6482319 0.9972942 0.6480292 0.9925819 0.6318671 0.9925991 0.6319754 0.9968707 0.6266013 0.9970328 0.6267478 0.9926887 0.6220482 0.9714671 0.6315662 0.9713292 0.6317322 0.9823067 0.6220375 0.9824743 0.5846891 0.7995122 0.5842779 0.7937349 0.5878043 0.7943931 0.5882605 0.8002246 0.5850051 0.8205268 0.5851195 0.816653 0.5890526 0.8166154 0.5885741 0.8205334 0.5533527 0.8218206 0.5414708 0.8220937 0.540742 0.8118584 0.553353 0.8116371 0.517542 0.7572824 0.5171715 0.7524285 0.5227649 0.7526147 0.5220339 0.7571085 0.5403345 0.7572553 0.5404846 0.7527499 0.5464373 0.7528681 0.5463876 0.7573043 0.5526778 0.7763712 0.5402746 0.7772551 0.5399467 0.7671074 0.5526465 0.7671088 0.6833588 0.9225304 0.6833787 0.9274507 0.6784068 0.9276073 0.6783861 0.9226145 0.6810913 0.9484555 0.6804793 0.9553084 0.6749438 0.9556229 0.6743493 0.9485965 0.6664931 0.9486836 0.6662802 0.9548789 0.6645073 0.9546274 0.6645147 0.9486921 0.6675556 0.925609 0.6673533 0.9300987 0.6649313 0.9310467 0.6645998 0.9254767 0.7218949 0.9264121 0.7218965 0.9307916 0.7181718 0.929659 0.7183146 0.9252108 0.7221114 0.9554365 0.7132381 0.9552358 0.7133311 0.9425782 0.7220613 0.9431124 0.7220939 0.9492511 0.7030454 0.9550648 0.6923074 0.9550807 0.6927977 0.9412838 0.7031334 0.9416585 0.7032305 0.9236728 0.7031508 0.9277059 0.698167 0.9271158 0.6982128 0.9223434 0.7212367 0.9931243 0.7208241 0.9966132 0.717776 0.9967841 0.7177283 0.9933621 0.7027071 0.9929705 0.7025666 0.9956883 0.6975938 0.9956902 0.6976665 0.9926878 0.6977207 0.9799041 0.6928284 0.9798792 0.6926122 0.9670792 0.7029443 0.9671607 0.702603 0.9799217 0.7029443 0.9671607 0.6926122 0.9670792 0.6923074 0.9550807 0.7030454 0.9550648 0.7129729 0.9673808 0.7029443 0.9671607 0.7030454 0.9550648 0.7132381 0.9552358 0.7075142 0.9798622 0.702603 0.9799217 0.7029443 0.9671607 0.7129729 0.9673808 0.7124512 0.9797615 0.7025995 0.9839084 0.7025926 0.9889075 0.6976734 0.9887822 0.697698 0.9837575 0.712598 0.9841904 0.712611 0.989049 0.7076997 0.9891158 0.7075469 0.984143 0.7126213 0.9932176 0.7128272 0.9961622 0.7076551 0.9956604 0.7076406 0.9929668 0.7213571 0.984062 0.7206092 0.9886012 0.7176306 0.9890081 0.717605 0.9840421 0.7288845 0.9838615 0.7285291 0.9884815 0.7251681 0.9885451 0.725089 0.9837172 0.7282138 0.9927018 0.7278209 0.995945 0.7245951 0.9967311 0.7247468 0.9929378 0.7295302 0.9615848 0.7294974 0.9676497 0.7257228 0.9676126 0.7257806 0.9615631 0.7294413 0.9737629 0.7292695 0.9795697 0.7253674 0.9795634 0.7255498 0.9736796 0.7034009 0.9170277 0.7033096 0.9206219 0.6982951 0.9201703 0.6983606 0.9167787 0.7134404 0.9175093 0.7133441 0.9215927 0.7083209 0.9212699 0.7084187 0.9172622 0.7132439 0.9253261 0.7132683 0.9285417 0.7080953 0.927653 0.7081862 0.9243004 0.7031334 0.9416585 0.6927977 0.9412838 0.6932406 0.9272105 0.698167 0.9271158 0.7031508 0.9277059 0.7133311 0.9425782 0.7031334 0.9416585 0.7031508 0.9277059 0.7080953 0.927653 0.7132683 0.9285417 0.7132381 0.9552358 0.7030454 0.9550648 0.7031334 0.9416585 0.7133311 0.9425782 0.7220613 0.9431124 0.7133311 0.9425782 0.7132683 0.9285417 0.7181718 0.929659 0.7218965 0.9307916 0.7218787 0.9369357 0.7294427 0.9371081 0.7294659 0.9432476 0.7257524 0.9431739 0.7257302 0.9370327 0.7294993 0.9493807 0.7295474 0.9555116 0.725825 0.9554754 0.7257756 0.9493249 0.7218946 0.9177042 0.7220022 0.9220203 0.718395 0.922073 0.7184833 0.9177364 0.7286593 0.9174935 0.7288782 0.9219686 0.725396 0.9220048 0.7253087 0.9175935 0.7291422 0.9264768 0.7294008 0.9309558 0.7256819 0.9308738 0.725529 0.9264448 0.667818 0.9170021 0.6676649 0.9213305 0.6648716 0.9217548 0.6649699 0.9171391 0.6748806 0.9165656 0.6747663 0.9205505 0.6712405 0.9209806 0.6713286 0.9168199 0.6744858 0.9245141 0.6746151 0.9285252 0.6710081 0.9292401 0.6711544 0.9252908 0.6670278 0.9362837 0.6667597 0.9424783 0.6645749 0.9427871 0.6646948 0.936853 0.6739218 0.9352214 0.6729992 0.9419156 0.6699302 0.9421737 0.6703782 0.935736 0.6719695 0.9485968 0.6715123 0.9553026 0.6689749 0.955107 0.669425 0.9486615 0.6826544 0.9346218 0.6820278 0.9414412 0.6758167 0.9416668 0.6770642 0.9346713 0.6927977 0.9412838 0.6820278 0.9414412 0.6826544 0.9346218 0.6833787 0.9274507 0.6883164 0.927321 0.6932406 0.9272105 0.6923074 0.9550807 0.6804793 0.9553084 0.6810913 0.9484555 0.6820278 0.9414412 0.6927977 0.9412838 0.6834152 0.9164786 0.6834229 0.9201434 0.6783763 0.9201682 0.6785111 0.9163225 0.6933972 0.9166436 0.6933372 0.9201403 0.6883611 0.9200895 0.6883777 0.9166014 0.6932688 0.9223917 0.6932406 0.9272105 0.6883164 0.927321 0.6883177 0.9224496 0.5407758 0.7865237 0.5402746 0.7772551 0.5526778 0.7763712 0.5524217 0.7866882 0.5399467 0.7671074 0.5403345 0.7572553 0.5463876 0.7573043 0.5526612 0.7572786 0.5526465 0.7671088 0.5281972 0.7571722 0.5285989 0.7527301 0.5345603 0.7527102 0.5342581 0.7572374 0.5165937 0.7673248 0.517542 0.7572824 0.5220339 0.7571085 0.5281972 0.7571722 0.5272046 0.7653436 0.5086019 0.7574576 0.5088036 0.7529104 0.5134267 0.7525131 0.5130047 0.757269 0.5411738 0.8298587 0.5414708 0.8220937 0.5533527 0.8218206 0.5531174 0.8297141 0.5472393 0.8296468 0.540742 0.8118584 0.5395696 0.7996882 0.5530182 0.7980575 0.553353 0.8116371 0.5158176 0.8120065 0.516075 0.8008357 0.5272963 0.8001655 0.5283057 0.8122476 0.585068 0.8286687 0.5850589 0.8247148 0.5882596 0.8246061 0.5884069 0.8286595 0.583979 0.8109404 0.5845475 0.8052319 0.5889145 0.8055864 0.5892469 0.8111661 0.5640359 0.8108292 0.5641714 0.798447 0.5751173 0.7984895 0.5744927 0.8106694 0.5270088 0.7910619 0.5272334 0.7775141 0.5402746 0.7772551 0.5407758 0.7865237 0.630911 0.9600812 0.6315662 0.9713292 0.6220482 0.9714671 0.6208141 0.9598115 0.6317322 0.9823067 0.6318671 0.9925991 0.6267478 0.9926887 0.6215524 0.992694 0.6220375 0.9824743 0.6424022 0.9927182 0.6428287 0.9969585 0.6374217 0.9968585 0.6372726 0.9928811 0.6495563 0.98181 0.6504241 0.9925159 0.6480292 0.9925819 0.6424022 0.9927182 0.6418302 0.9879675 0.641323 0.9824422 0.6563889 0.9913882 0.6565822 0.9954488 0.6536589 0.9966904 0.6538099 0.9915016 0.6306024 0.9178965 0.6300575 0.9270159 0.6217845 0.9266498 0.6209084 0.9180805 0.6258313 0.9178363 0.631357 0.9370486 0.6314702 0.9481157 0.6216087 0.9480243 0.6218362 0.9368465 0.6481084 0.9378126 0.6482722 0.9488101 0.6405846 0.9485167 0.6397415 0.9375145 0.5934655 0.9203205 0.5936735 0.924149 0.5890254 0.9245223 0.5894837 0.9205303 0.5941125 0.9376001 0.5944164 0.9433066 0.589583 0.9434105 0.5883237 0.9375581 0.6133399 0.9364172 0.6120644 0.9483758 0.6021403 0.9487125 0.6015687 0.9370231 0.6282047 0.8792014 0.616566 0.8796662 0.615986 0.8702096 0.6274749 0.8691879 0.6042541 0.880609 0.5939652 0.8812927 0.5934953 0.8763818 0.5936402 0.8716005 0.6043753 0.8709331 0.5945509 0.8904836 0.5898763 0.8906951 0.5896716 0.8859724 0.5942666 0.8858488 0.6058854 0.8986778 0.5959261 0.8987588 0.5949836 0.8951693 0.5945509 0.8904836 0.6053196 0.8904119 0.5967887 0.9055922 0.5924518 0.9056863 0.5922915 0.9024384 0.5961646 0.9023107 0.6738232 0.8771313 0.6626425 0.8775456 0.6629663 0.8678371 0.673623 0.8672584 0.6737149 0.8720791 0.6522271 0.8780299 0.6402472 0.8787567 0.6398204 0.8686834 0.652133 0.8686296 0.6526542 0.8961398 0.641194 0.897076 0.6406331 0.8887987 0.6522573 0.8881812 0.6706642 0.8418889 0.6658675 0.8420141 0.6654596 0.8384035 0.6697282 0.8382075 0.6504936 0.8423255 0.6443393 0.8432592 0.6440171 0.8389635 0.6500006 0.838944 0.6517817 0.8585396 0.6389624 0.8595522 0.6389431 0.8508806 0.6507176 0.849949 0.6315426 0.7935025 0.620833 0.7939479 0.6206071 0.7829177 0.6317819 0.7841147 0.6091272 0.7927696 0.5989193 0.7931436 0.5993283 0.7880831 0.5991584 0.7831116 0.609271 0.7826274 0.5989834 0.8032553 0.5948455 0.8033244 0.594815 0.7982769 0.5992069 0.7981551 0.6096733 0.8111582 0.599226 0.811673 0.5990074 0.8083015 0.5989834 0.8032553 0.6102089 0.8038246 0.5992721 0.8183236 0.5944937 0.8183188 0.5945863 0.8150289 0.5994867 0.8152582 0.6721937 0.7931388 0.6640098 0.7935939 0.6634817 0.7832154 0.6720792 0.7837586 0.6721173 0.7885152 0.6528617 0.7911632 0.6427035 0.7932704 0.642507 0.7829746 0.6535539 0.7827481 0.6536002 0.8107025 0.6426411 0.8116899 0.6427281 0.8033309 0.6535809 0.8029609 0.6711603 0.7567347 0.6674867 0.7554724 0.6674714 0.7521129 0.6709475 0.7527709 0.6541551 0.757306 0.6492461 0.7571586 0.6493124 0.7537981 0.6547812 0.753012 0.6536478 0.7732713 0.6434684 0.7736217 0.6422305 0.7636544 0.6541079 0.7646933 0.5385078 0.8876494 0.5275961 0.8875409 0.5274885 0.8761038 0.5383236 0.8761093 0.5171642 0.8875784 0.5074082 0.887664 0.5076197 0.8817303 0.5076875 0.8757123 0.5173169 0.8759503 0.5068112 0.8994709 0.5027651 0.8997881 0.5025212 0.8937919 0.5072072 0.8935145 0.5170664 0.910112 0.5068846 0.9098604 0.5065169 0.9050145 0.5068112 0.8994709 0.5168438 0.8989862 0.5076215 0.9186137 0.5028244 0.9186334 0.5026324 0.9142578 0.5072239 0.9142618 0.5794996 0.8883672 0.5719465 0.8888111 0.5713438 0.8764615 0.5791646 0.8758303 0.5791699 0.8818696 0.5618776 0.8879233 0.5501168 0.8875389 0.5495384 0.8760023 0.5615498 0.8767045 0.5622393 0.911819 0.5508274 0.9113564 0.5507785 0.9011819 0.5621457 0.9013195 0.5799033 0.8437603 0.5755885 0.8438829 0.5757818 0.8398848 0.5806303 0.8401035 0.5616016 0.8437245 0.5555607 0.8427029 0.5559074 0.8389148 0.5615198 0.839437 0.5609391 0.8639631 0.549252 0.8637798 0.5493038 0.8524022 0.5607876 0.8519644 0.5389744 0.8433147 0.5336534 0.8433862 0.5341094 0.8386259 0.5390433 0.8389371 0.5176778 0.8433009 0.5125814 0.8435096 0.5124093 0.8396905 0.5179691 0.8393532 0.5076689 0.8530473 0.5031723 0.8529357 0.5029103 0.8482124 0.5076177 0.8483316 0.5168516 0.8642293 0.5077648 0.8636727 0.5077508 0.8578109 0.5076689 0.8530473 0.5175136 0.8533194 0.5076875 0.8757123 0.5030083 0.8755658 0.5031152 0.8694638 0.5078155 0.8697306 0.6318756 0.758863 0.6262152 0.7572237 0.6259533 0.7543204 0.6322089 0.7552514 0.6100024 0.7570536 0.6050993 0.7582132 0.603927 0.7544394 0.6096521 0.7539654 0.5995498 0.7646555 0.5950503 0.7647497 0.5948508 0.7611227 0.5998242 0.7607907 0.6096466 0.7724922 0.5986449 0.7732401 0.5989906 0.7678766 0.5995498 0.7646555 0.610685 0.7638354 0.5991584 0.7831116 0.5951911 0.7831533 0.5950418 0.7782171 0.5992816 0.7783511 0.6261083 0.8425514 0.620306 0.8430655 0.6201923 0.8392628 0.6260209 0.838827 0.6036353 0.8437364 0.5992043 0.8442605 0.5990452 0.8407259 0.6034681 0.8409673 0.594219 0.8529279 0.5905223 0.8537988 0.5903516 0.8491645 0.5945726 0.8486618 0.6039245 0.8612422 0.5939151 0.8617832 0.5938921 0.8567032 0.594219 0.8529279 0.6037772 0.8523594 0.5936402 0.8716005 0.5887495 0.8717226 0.5891371 0.8671569 0.5938466 0.8668496 0.5951417 0.9603452 0.5953566 0.9657626 0.5913459 0.9657276 0.5921457 0.960568 0.5955813 0.9818508 0.5953834 0.9870223 0.5927345 0.9869051 0.5926194 0.9816178 0.6031865 0.9924819 0.6033738 0.9972873 0.5996244 0.9969856 0.599424 0.9926299 0.6122513 0.9822359 0.611699 0.9927754 0.6070081 0.9928246 0.6031865 0.9924819 0.6034308 0.9824826 0.6215524 0.992694 0.6216211 0.9969981 0.6165043 0.9970021 0.6166072 0.9928438 0.5850484 0.7887635 0.5849232 0.7832308 0.5891934 0.7836501 0.5882159 0.7882009 0.5855106 0.7679793 0.5856185 0.7630205 0.5881644 0.7633098 0.5887853 0.7683043 0.5761346 0.7575893 0.5760538 0.7529786 0.5806464 0.7529648 0.580792 0.7580344 0.5656285 0.7660824 0.5652524 0.7573391 0.5716844 0.7571997 0.5761346 0.7575893 0.5769063 0.7674103 0.5526612 0.7572786 0.5527166 0.7530359 0.5589503 0.7527614 0.5589678 0.7573147 0.6664002 0.9610799 0.6665937 0.9672059 0.6646658 0.9671406 0.6643123 0.9609114 0.6718398 0.9613093 0.6725939 0.9673399 0.6696851 0.9672392 0.6692273 0.9611685 0.6732314 0.9733611 0.6742814 0.9794988 0.6706424 0.9795373 0.6702378 0.9733737 0.6672568 0.9842046 0.6675269 0.9888395 0.664984 0.9889637 0.6648854 0.9843173 0.6740792 0.9832287 0.6737852 0.9888224 0.6706363 0.9887155 0.6705743 0.9840913 0.673591 0.993184 0.6732372 0.9957185 0.6705483 0.9957161 0.6706477 0.9932283 0.6826172 0.9834792 0.6821785 0.9887802 0.6766371 0.9884631 0.6775192 0.9831508 0.6926921 0.9836628 0.6925185 0.9888418 0.68734 0.9887794 0.6876986 0.9834791 0.6923111 0.9927771 0.6922144 0.995711 0.6867821 0.9956932 0.6871904 0.9929111 0.6813169 0.9613241 0.681851 0.9672324 0.6754981 0.9673302 0.6747896 0.9614213 0.6926122 0.9670792 0.681851 0.9672324 0.6813169 0.9613241 0.6804793 0.9553084 0.6923074 0.9550807 0.6879392 0.9797784 0.6830132 0.9796418 0.6823877 0.9729962 0.681851 0.9672324 0.6926122 0.9670792 0.6928284 0.9798792 0.6804793 0.9553084 0.6813169 0.9613241 0.6747896 0.9614213 0.6749438 0.9556229 0.6925185 0.9888418 0.6923111 0.9927771 0.6871904 0.9929111 0.68734 0.9887794 0.6976734 0.9887822 0.6976665 0.9926878 0.6923111 0.9927771 0.6925185 0.9888418 0.6976665 0.9926878 0.6975938 0.9956902 0.6922144 0.995711 0.6923111 0.9927771 0.6928284 0.9798792 0.6926921 0.9836628 0.6876986 0.9834791 0.6879392 0.9797784 0.6977207 0.9799041 0.697698 0.9837575 0.6926921 0.9836628 0.6928284 0.9798792 0.697698 0.9837575 0.6976734 0.9887822 0.6925185 0.9888418 0.6926921 0.9836628 0.6830132 0.9796418 0.6826172 0.9834792 0.6775192 0.9831508 0.6765158 0.9794681 0.6879392 0.9797784 0.6876986 0.9834791 0.6826172 0.9834792 0.6830132 0.9796418 0.6876986 0.9834791 0.68734 0.9887794 0.6821785 0.9887802 0.6826172 0.9834792 0.6737852 0.9888224 0.673591 0.993184 0.6706477 0.9932283 0.6706363 0.9887155 0.6766371 0.9884631 0.6763849 0.9929231 0.673591 0.993184 0.6737852 0.9888224 0.6763849 0.9929231 0.6760174 0.9961013 0.6732372 0.9957185 0.673591 0.993184 0.6742814 0.9794988 0.6740792 0.9832287 0.6705743 0.9840913 0.6706424 0.9795373 0.6765158 0.9794681 0.6775192 0.9831508 0.6740792 0.9832287 0.6742814 0.9794988 0.6775192 0.9831508 0.6766371 0.9884631 0.6737852 0.9888224 0.6740792 0.9832287 0.6670405 0.9795949 0.6672568 0.9842046 0.6648854 0.9843173 0.6645119 0.9795899 0.6706424 0.9795373 0.6705743 0.9840913 0.6672568 0.9842046 0.6670405 0.9795949 0.6705743 0.9840913 0.6706363 0.9887155 0.6675269 0.9888395 0.6672568 0.9842046 0.6725939 0.9673399 0.6732314 0.9733611 0.6702378 0.9733737 0.6696851 0.9672392 0.6754981 0.9673302 0.675694 0.9732973 0.6732314 0.9733611 0.6725939 0.9673399 0.675694 0.9732973 0.6765158 0.9794681 0.6742814 0.9794988 0.6732314 0.9733611 0.6715123 0.9553026 0.6718398 0.9613093 0.6692273 0.9611685 0.6689749 0.955107 0.6749438 0.9556229 0.6747896 0.9614213 0.6718398 0.9613093 0.6715123 0.9553026 0.6747896 0.9614213 0.6754981 0.9673302 0.6725939 0.9673399 0.6718398 0.9613093 0.6662802 0.9548789 0.6664002 0.9610799 0.6643123 0.9609114 0.6645073 0.9546274 0.6689749 0.955107 0.6692273 0.9611685 0.6664002 0.9610799 0.6662802 0.9548789 0.6692273 0.9611685 0.6696851 0.9672392 0.6665937 0.9672059 0.6664002 0.9610799 0.5407758 0.7865237 0.5524217 0.7866882 0.5530182 0.7980575 0.5395696 0.7996882 0.5524217 0.7866882 0.5642413 0.7868331 0.5641714 0.798447 0.5530182 0.7980575 0.5463876 0.7573043 0.5464373 0.7528681 0.5527166 0.7530359 0.5526612 0.7572786 0.5526778 0.7763712 0.5526465 0.7671088 0.5656285 0.7660824 0.5650278 0.7765186 0.5716844 0.7571997 0.5713481 0.7528274 0.5760538 0.7529786 0.5761346 0.7575893 0.5769063 0.7674103 0.5855106 0.7679793 0.5860236 0.7729323 0.5853376 0.7779877 0.5770747 0.777317 0.5656285 0.7660824 0.5769063 0.7674103 0.5770747 0.777317 0.5650278 0.7765186 0.5860236 0.7729323 0.5855106 0.7679793 0.5887853 0.7683043 0.589247 0.7731553 0.5642413 0.7868331 0.5751945 0.7873262 0.5751173 0.7984895 0.5641714 0.798447 0.5842779 0.7937349 0.5850484 0.7887635 0.5882159 0.7882009 0.5878043 0.7943931 0.5751945 0.7873262 0.5850484 0.7887635 0.5842779 0.7937349 0.5846891 0.7995122 0.5751173 0.7984895 0.630911 0.9600812 0.6208141 0.9598115 0.6216087 0.9480243 0.6314702 0.9481157 0.6208141 0.9598115 0.6114832 0.9604142 0.6120644 0.9483758 0.6216087 0.9480243 0.6267478 0.9926887 0.6266013 0.9970328 0.6216211 0.9969981 0.6215524 0.992694 0.6220482 0.9714671 0.6220375 0.9824743 0.6122513 0.9822359 0.6119377 0.9715455 0.6070081 0.9928246 0.6063494 0.9966438 0.6033738 0.9972873 0.6031865 0.9924819 0.6034308 0.9824826 0.5955813 0.9818508 0.5948019 0.9768953 0.5953584 0.9711424 0.6032233 0.9717211 0.6122513 0.9822359 0.6034308 0.9824826 0.6032233 0.9717211 0.6119377 0.9715455 0.5948019 0.9768953 0.5955813 0.9818508 0.5926194 0.9816178 0.5921982 0.9761996 0.6114832 0.9604142 0.6026497 0.9603494 0.6021403 0.9487125 0.6120644 0.9483758 0.5949644 0.9547864 0.5951417 0.9603452 0.5921457 0.960568 0.5918011 0.9548659 0.6026497 0.9603494 0.5951417 0.9603452 0.5949644 0.9547864 0.5946667 0.9490134 0.6021403 0.9487125 0.6282047 0.8792014 0.6274749 0.8691879 0.6398204 0.8686834 0.6402472 0.8787567 0.6274749 0.8691879 0.6272487 0.8597521 0.6389624 0.8595522 0.6398204 0.8686834 0.5934953 0.8763818 0.5889307 0.8769103 0.5887495 0.8717226 0.5936402 0.8716005 0.615986 0.8702096 0.6043753 0.8709331 0.6039245 0.8612422 0.6152666 0.8604366 0.5938921 0.8567032 0.5902953 0.857591 0.5905223 0.8537988 0.594219 0.8529279 0.6037772 0.8523594 0.6036353 0.8437364 0.6084411 0.8434754 0.6143941 0.8431521 0.6148492 0.8515697 0.6039245 0.8612422 0.6037772 0.8523594 0.6148492 0.8515697 0.6152666 0.8604366 0.6084411 0.8434754 0.6036353 0.8437364 0.6034681 0.8409673 0.6089351 0.8402307 0.6272487 0.8597521 0.626694 0.8509396 0.6389431 0.8508806 0.6389624 0.8595522 0.6320617 0.842268 0.6261083 0.8425514 0.6260209 0.838827 0.6318529 0.8384514 0.626694 0.8509396 0.6261083 0.8425514 0.6320617 0.842268 0.6387156 0.8425332 0.6389431 0.8508806 0.6315426 0.7935025 0.6317819 0.7841147 0.642507 0.7829746 0.6427035 0.7932704 0.6317819 0.7841147 0.6312417 0.772579 0.6434684 0.7736217 0.642507 0.7829746 0.5993283 0.7880831 0.5949961 0.7881839 0.5951911 0.7831533 0.5991584 0.7831116 0.6206071 0.7829177 0.609271 0.7826274 0.6096466 0.7724922 0.6207872 0.7720155 0.5989906 0.7678766 0.5949327 0.7682258 0.5950503 0.7647497 0.5995498 0.7646555 0.610685 0.7638354 0.6100024 0.7570536 0.6151099 0.7571362 0.6206901 0.7574323 0.6207341 0.7641277 0.6096466 0.7724922 0.610685 0.7638354 0.6207341 0.7641277 0.6207872 0.7720155 0.6151099 0.7571362 0.6100024 0.7570536 0.6096521 0.7539654 0.6148851 0.7545871 0.6312417 0.772579 0.6313824 0.7645276 0.6422305 0.7636544 0.6434684 0.7736217 0.6375914 0.7582842 0.6318756 0.758863 0.6322089 0.7552514 0.6382928 0.7552763 0.6313824 0.7645276 0.6318756 0.758863 0.6375914 0.7582842 0.6432706 0.757959 0.6422305 0.7636544 0.5385078 0.8876494 0.5383236 0.8761093 0.5495384 0.8760023 0.5501168 0.8875389 0.5383236 0.8761093 0.53797 0.8639672 0.549252 0.8637798 0.5495384 0.8760023 0.5076197 0.8817303 0.5029978 0.8816585 0.5030083 0.8755658 0.5076875 0.8757123 0.5274885 0.8761038 0.5173169 0.8759503 0.5168516 0.8642293 0.5274912 0.8644434 0.5077508 0.8578109 0.5037211 0.8572492 0.5031723 0.8529357 0.5076689 0.8530473 0.5175136 0.8533194 0.5176778 0.8433009 0.5227139 0.8432278 0.5282562 0.8433156 0.5277261 0.8533275 0.5168516 0.8642293 0.5175136 0.8533194 0.5277261 0.8533275 0.5274912 0.8644434 0.5227139 0.8432278 0.5176778 0.8433009 0.5179691 0.8393532 0.5230616 0.839182 0.53797 0.8639672 0.5382799 0.8529962 0.5493038 0.8524022 0.549252 0.8637798 0.5448122 0.8439044 0.5389744 0.8433147 0.5390433 0.8389371 0.5452446 0.8396704 0.5382799 0.8529962 0.5389744 0.8433147 0.5448122 0.8439044 0.5501642 0.843469 0.5493038 0.8524022 0.5823174 0.875571 0.5791646 0.8758303 0.5792251 0.8699623 0.582438 0.8697019 0.5820716 0.881385 0.5791699 0.8818696 0.5791646 0.8758303 0.5823174 0.875571 0.5825951 0.8638317 0.5792049 0.8638784 0.5791541 0.8578602 0.5825539 0.8580906 0.582438 0.8697019 0.5792251 0.8699623 0.5792049 0.8638784 0.5825951 0.8638317 0.5713438 0.8764615 0.5615498 0.8767045 0.5609391 0.8639631 0.5710263 0.8639767 0.5607876 0.8519644 0.5616016 0.8437245 0.56676 0.8430203 0.5710032 0.8428567 0.5709245 0.8528633 0.5609391 0.8639631 0.5607876 0.8519644 0.5709245 0.8528633 0.5710263 0.8639767 0.56676 0.8430203 0.5616016 0.8437245 0.5615198 0.839437 0.5668724 0.8391551 0.5825807 0.853415 0.5794372 0.8534528 0.5797221 0.848287 0.5825919 0.848604 0.5825539 0.8580906 0.5791541 0.8578602 0.5794372 0.8534528 0.5825807 0.853415 0.5830287 0.8436412 0.5799033 0.8437603 0.5806303 0.8401035 0.5838 0.8401237 0.5825919 0.848604 0.5797221 0.848287 0.5799033 0.8437603 0.5830287 0.8436412 0.5754421 0.9219397 0.5715674 0.9217504 0.5716934 0.9195041 0.5756539 0.9195924 0.5715674 0.9217504 0.5676359 0.922483 0.56774 0.919404 0.5716934 0.9195041 0.583182 0.9195795 0.5795385 0.9196233 0.5798054 0.9157537 0.5835647 0.9159832 0.5823143 0.9224508 0.5794377 0.9221837 0.5795385 0.9196233 0.583182 0.9195795 0.5794377 0.9221837 0.5754421 0.9219397 0.5756539 0.9195924 0.5795385 0.9196233 0.5838 0.9111121 0.5800759 0.9119928 0.58054 0.9084466 0.5837188 0.9085471 0.5835647 0.9159832 0.5798054 0.9157537 0.5800759 0.9119928 0.5838 0.9111121 0.5564134 0.9220239 0.5505118 0.9224241 0.5506752 0.9194557 0.5562632 0.9202367 0.5505118 0.9224241 0.5448046 0.9233868 0.5446596 0.9196475 0.5506752 0.9194557 0.5676359 0.922483 0.5623709 0.9215416 0.562135 0.919362 0.56774 0.919404 0.5623709 0.9215416 0.5564134 0.9220239 0.5562632 0.9202367 0.562135 0.919362 0.56774 0.919404 0.562135 0.919362 0.5622393 0.911819 0.5719406 0.9118258 0.5716934 0.9195041 0.5393455 0.9097854 0.5392835 0.8999754 0.5507785 0.9011819 0.5508274 0.9113564 0.5621457 0.9013195 0.5618776 0.8879233 0.5719465 0.8888111 0.5723796 0.9012372 0.5622393 0.911819 0.5621457 0.9013195 0.5723796 0.9012372 0.5719406 0.9118258 0.582785 0.901571 0.5801612 0.9016302 0.5797906 0.8952071 0.5830574 0.8948345 0.5837188 0.9085471 0.58054 0.9084466 0.5801612 0.9016302 0.582785 0.901571 0.5831489 0.888197 0.5794996 0.8883672 0.5791699 0.8818696 0.5820716 0.881385 0.5830574 0.8948345 0.5797906 0.8952071 0.5794996 0.8883672 0.5831489 0.888197 0.5338935 0.9242123 0.5285854 0.9239597 0.5282702 0.9195841 0.5338464 0.9195972 0.5285854 0.9239597 0.5233834 0.9236235 0.5228089 0.9195249 0.5282702 0.9195841 0.5448046 0.9233868 0.5391302 0.9241602 0.5393862 0.919602 0.5446596 0.9196475 0.5391302 0.9241602 0.5338935 0.9242123 0.5338464 0.9195972 0.5393862 0.919602 0.5446596 0.9196475 0.5393862 0.919602 0.5393455 0.9097854 0.5508274 0.9113564 0.5506752 0.9194557 0.5128162 0.9225445 0.5077717 0.9216653 0.5076215 0.9186137 0.512579 0.9188871 0.5077717 0.9216653 0.5031545 0.9217433 0.5028244 0.9186334 0.5076215 0.9186137 0.5233834 0.9236235 0.5179759 0.9234446 0.5176927 0.9192478 0.5228089 0.9195249 0.5179759 0.9234446 0.5128162 0.9225445 0.512579 0.9188871 0.5176927 0.9192478 0.5228089 0.9195249 0.5176927 0.9192478 0.5170664 0.910112 0.5280345 0.9103919 0.5282702 0.9195841 0.5065169 0.9050145 0.5024923 0.905542 0.5027651 0.8997881 0.5068112 0.8994709 0.5168438 0.8989862 0.5171642 0.8875784 0.5275961 0.8875409 0.5273846 0.8994365 0.5170664 0.910112 0.5168438 0.8989862 0.5273846 0.8994365 0.5280345 0.9103919 0.5507785 0.9011819 0.5392835 0.8999754 0.5385078 0.8876494 0.5501168 0.8875389 0.6762046 0.7836485 0.6720792 0.7837586 0.6722165 0.778995 0.6759707 0.7791016 0.6756029 0.7888357 0.6721173 0.7885152 0.6720792 0.7837586 0.6762046 0.7836485 0.6760789 0.7743681 0.6722416 0.7741249 0.6723796 0.769347 0.6761579 0.7694718 0.6759707 0.7791016 0.6722165 0.778995 0.6722416 0.7741249 0.6760789 0.7743681 0.6634817 0.7832154 0.6535539 0.7827481 0.6536478 0.7732713 0.6636003 0.7738354 0.6541079 0.7646933 0.6541551 0.757306 0.6597533 0.7565577 0.6644316 0.756393 0.6637638 0.7648963 0.6536478 0.7732713 0.6541079 0.7646933 0.6637638 0.7648963 0.6636003 0.7738354 0.6597533 0.7565577 0.6541551 0.757306 0.6547812 0.753012 0.6603981 0.7523056 0.6756092 0.7656967 0.6719797 0.7651705 0.6716333 0.7609382 0.6746367 0.76116 0.6761579 0.7694718 0.6723796 0.769347 0.6719797 0.7651705 0.6756092 0.7656967 0.6745008 0.7568548 0.6711603 0.7567347 0.6709475 0.7527709 0.6741698 0.7532089 0.6746367 0.76116 0.6716333 0.7609382 0.6711603 0.7567347 0.6745008 0.7568548 0.6680476 0.8210602 0.6627325 0.8211888 0.6635078 0.8184018 0.6676802 0.8175405 0.6627325 0.8211888 0.6591299 0.8217462 0.6594611 0.8194029 0.6635078 0.8184018 0.6762046 0.8177628 0.673106 0.818333 0.6732119 0.8147334 0.675675 0.8146129 0.6760818 0.8208009 0.6729071 0.820895 0.673106 0.818333 0.6762046 0.8177628 0.6729071 0.820895 0.6680476 0.8210602 0.6676802 0.8175405 0.673106 0.818333 0.6757725 0.808587 0.6724532 0.8102258 0.6724352 0.8070296 0.6760187 0.8065266 0.675675 0.8146129 0.6732119 0.8147334 0.6724532 0.8102258 0.6757725 0.808587 0.648091 0.8222644 0.6433247 0.8219077 0.6428353 0.8189631 0.6481561 0.8191186 0.6433247 0.8219077 0.6372966 0.8218768 0.6373262 0.8188221 0.6428353 0.8189631 0.6591299 0.8217462 0.6537515 0.8222492 0.6534367 0.8184633 0.6594611 0.8194029 0.6537515 0.8222492 0.648091 0.8222644 0.6481561 0.8191186 0.6534367 0.8184633 0.6594611 0.8194029 0.6534367 0.8184633 0.6536002 0.8107025 0.6636334 0.8105353 0.6635078 0.8184018 0.6315174 0.8114232 0.6316305 0.8036794 0.6427281 0.8033309 0.6426411 0.8116899 0.6535809 0.8029609 0.6528617 0.7911632 0.6640098 0.7935939 0.6634809 0.8027287 0.6536002 0.8107025 0.6535809 0.8029609 0.6634809 0.8027287 0.6636334 0.8105353 0.6760933 0.8026047 0.6723905 0.8024541 0.6722897 0.7977992 0.676082 0.7979138 0.6760187 0.8065266 0.6724352 0.8070296 0.6723905 0.8024541 0.6760933 0.8026047 0.6757981 0.7931351 0.6721937 0.7931388 0.6721173 0.7885152 0.6756029 0.7888357 0.676082 0.7979138 0.6722897 0.7977992 0.6721937 0.7931388 0.6757981 0.7931351 0.6260557 0.8215873 0.6204398 0.8213438 0.6205512 0.8186958 0.6259226 0.8185912 0.6204398 0.8213438 0.6149645 0.821221 0.6145834 0.8182305 0.6205512 0.8186958 0.6372966 0.8218768 0.6310078 0.8210472 0.6318079 0.8192145 0.6373262 0.8188221 0.6310078 0.8210472 0.6260557 0.8215873 0.6259226 0.8185912 0.6318079 0.8192145 0.6373262 0.8188221 0.6318079 0.8192145 0.6315174 0.8114232 0.6426411 0.8116899 0.6428353 0.8189631 0.6042614 0.8208733 0.5990313 0.8207772 0.5992721 0.8183236 0.6043559 0.8182413 0.5990313 0.8207772 0.5950992 0.8206759 0.5944937 0.8183188 0.5992721 0.8183236 0.6149645 0.821221 0.6098894 0.8205469 0.6095342 0.8182098 0.6145834 0.8182305 0.6098894 0.8205469 0.6042614 0.8208733 0.6043559 0.8182413 0.6095342 0.8182098 0.6145834 0.8182305 0.6095342 0.8182098 0.6096733 0.8111582 0.6202386 0.8114138 0.6205512 0.8186958 0.5990074 0.8083015 0.5945778 0.808461 0.5948455 0.8033244 0.5989834 0.8032553 0.6102089 0.8038246 0.6091272 0.7927696 0.620833 0.7939479 0.6202991 0.8031131 0.6096733 0.8111582 0.6102089 0.8038246 0.6202991 0.8031131 0.6202386 0.8114138 0.6427281 0.8033309 0.6316305 0.8036794 0.6315426 0.7935025 0.6427035 0.7932704 0.678268 0.8669624 0.673623 0.8672584 0.6735275 0.8624516 0.6780852 0.8620353 0.6780259 0.8718108 0.6737149 0.8720791 0.673623 0.8672584 0.678268 0.8669624 0.6780967 0.8571026 0.6736153 0.8569851 0.6734927 0.8532565 0.6779995 0.8522264 0.6780852 0.8620353 0.6735275 0.8624516 0.6736153 0.8569851 0.6780967 0.8571026 0.6629663 0.8678371 0.652133 0.8686296 0.6517817 0.8585396 0.6626831 0.8581873 0.6507176 0.849949 0.6504936 0.8423255 0.6564342 0.8423134 0.6611244 0.8422344 0.6619949 0.8497174 0.6517817 0.8585396 0.6507176 0.849949 0.6619949 0.8497174 0.6626831 0.8581873 0.6564342 0.8423134 0.6504936 0.8423255 0.6500006 0.838944 0.6562575 0.8393665 0.6788986 0.8503489 0.6723313 0.8493083 0.6714642 0.8453657 0.6745895 0.8439012 0.6779995 0.8522264 0.6734927 0.8532565 0.6723313 0.8493083 0.6788986 0.8503489 0.6746181 0.8427976 0.6706642 0.8418889 0.6697282 0.8382075 0.6734417 0.8384793 0.6745895 0.8439012 0.6714642 0.8453657 0.6706642 0.8418889 0.6746181 0.8427976 0.6700361 0.9083943 0.6652109 0.9093104 0.6662737 0.904821 0.669725 0.9045714 0.6652109 0.9093104 0.6627286 0.9085608 0.6615103 0.9038692 0.6662737 0.904821 0.6765174 0.9045299 0.6738211 0.9045028 0.6739764 0.9003631 0.6775496 0.9001432 0.6765955 0.9077164 0.6736817 0.9083814 0.6738211 0.9045028 0.6765174 0.9045299 0.6736817 0.9083814 0.6700361 0.9083943 0.669725 0.9045714 0.6738211 0.9045028 0.6776854 0.8951997 0.6741335 0.8966751 0.674223 0.8923807 0.6788986 0.8921428 0.6775496 0.9001432 0.6739764 0.9003631 0.6741335 0.8966751 0.6776854 0.8951997 0.6489085 0.908074 0.6422634 0.9079268 0.641788 0.9053831 0.6483306 0.9050433 0.6422634 0.9079268 0.6353976 0.9089118 0.6356224 0.9056287 0.641788 0.9053831 0.6627286 0.9085608 0.6556641 0.9082884 0.6547895 0.9047183 0.6615103 0.9038692 0.6556641 0.9082884 0.6489085 0.908074 0.6483306 0.9050433 0.6547895 0.9047183 0.6615103 0.9038692 0.6547895 0.9047183 0.6526542 0.8961398 0.66492 0.8962171 0.6662737 0.904821 0.6289234 0.897687 0.6287227 0.8883004 0.6406331 0.8887987 0.641194 0.897076 0.6522573 0.8881812 0.6522271 0.8780299 0.6626425 0.8775456 0.6644104 0.8872995 0.6526542 0.8961398 0.6522573 0.8881812 0.6644104 0.8872995 0.66492 0.8962171 0.6779672 0.8874656 0.6740957 0.8873311 0.674029 0.8822153 0.6781862 0.8820632 0.6788986 0.8921428 0.674223 0.8923807 0.6740957 0.8873311 0.6779672 0.8874656 0.6784629 0.8768283 0.6738232 0.8771313 0.6737149 0.8720791 0.6780259 0.8718108 0.6781862 0.8820632 0.674029 0.8822153 0.6738232 0.8771313 0.6784629 0.8768283 0.6236872 0.9082596 0.6178026 0.9081376 0.6178117 0.9056023 0.6235211 0.9055131 0.6178026 0.9081376 0.6120166 0.9081032 0.6116607 0.9056285 0.6178117 0.9056023 0.6353976 0.9089118 0.6295855 0.9083811 0.6293385 0.905359 0.6356224 0.9056287 0.6295855 0.9083811 0.6236872 0.9082596 0.6235211 0.9055131 0.6293385 0.905359 0.6356224 0.9056287 0.6293385 0.905359 0.6289234 0.897687 0.641194 0.897076 0.641788 0.9053831 0.6024382 0.908373 0.5974128 0.9083517 0.5967887 0.9055922 0.6015709 0.9045152 0.5974128 0.9083517 0.5937667 0.908459 0.5924518 0.9056863 0.5967887 0.9055922 0.6120166 0.9081032 0.6072921 0.9083854 0.6067886 0.9054812 0.6116607 0.9056285 0.6072921 0.9083854 0.6024382 0.908373 0.6015709 0.9045152 0.6067886 0.9054812 0.6116607 0.9056285 0.6067886 0.9054812 0.6058854 0.8986778 0.6171609 0.899352 0.6178117 0.9056023 0.5949836 0.8951693 0.5903365 0.8946027 0.5898763 0.8906951 0.5945509 0.8904836 0.6053196 0.8904119 0.6042541 0.880609 0.616566 0.8796662 0.6168102 0.8902893 0.6058854 0.8986778 0.6053196 0.8904119 0.6168102 0.8902893 0.6171609 0.899352 0.6406331 0.8887987 0.6287227 0.8883004 0.6282047 0.8792014 0.6402472 0.8787567 0.6205981 0.9151003 0.6209084 0.9180805 0.6160396 0.9183828 0.6153709 0.915376 0.6255976 0.914346 0.6258313 0.9178363 0.6209084 0.9180805 0.6205981 0.9151003 0.6099683 0.9157308 0.6111268 0.9186341 0.6062652 0.9195542 0.6053106 0.9166242 0.6153709 0.915376 0.6160396 0.9183828 0.6111268 0.9186341 0.6099683 0.9157308 0.6217845 0.9266498 0.6218362 0.9368465 0.6133399 0.9364172 0.6137037 0.926146 0.6015687 0.9370231 0.5941125 0.9376001 0.5942121 0.9319415 0.5940088 0.9280207 0.6026068 0.9271385 0.6133399 0.9364172 0.6015687 0.9370231 0.6026068 0.9271385 0.6137037 0.926146 0.5942121 0.9319415 0.5941125 0.9376001 0.5883237 0.9375581 0.5891826 0.9322672 0.6020588 0.91633 0.6034805 0.9187987 0.5968578 0.9201256 0.5972708 0.9173241 0.6053106 0.9166242 0.6062652 0.9195542 0.6034805 0.9187987 0.6020588 0.91633 0.5928086 0.9170359 0.5934655 0.9203205 0.5894837 0.9205303 0.5897172 0.9176852 0.5972708 0.9173241 0.5968578 0.9201256 0.5934655 0.9203205 0.5928086 0.9170359 0.660341 0.9241745 0.6602399 0.9282611 0.6565381 0.9279544 0.6564926 0.9237756 0.6602399 0.9282611 0.6599864 0.9321839 0.6563863 0.9321579 0.6565381 0.9279544 0.6556889 0.9162642 0.6568014 0.9195739 0.6524827 0.9186689 0.654664 0.9158492 0.6600109 0.9173814 0.660118 0.9201054 0.6568014 0.9195739 0.6556889 0.9162642 0.660118 0.9201054 0.660341 0.9241745 0.6564926 0.9237756 0.6568014 0.9195739 0.6469022 0.9150777 0.6491433 0.9172108 0.644841 0.9175068 0.6452793 0.9137638 0.654664 0.9158492 0.6524827 0.9186689 0.6491433 0.9172108 0.6469022 0.9150777 0.6598295 0.9432245 0.660341 0.9485979 0.6567863 0.9487203 0.6568076 0.94321 0.660341 0.9485979 0.6601727 0.9544413 0.656942 0.9543533 0.6567863 0.9487203 0.6599864 0.9321839 0.6598148 0.937641 0.6568005 0.9376972 0.6563863 0.9321579 0.6598148 0.937641 0.6598295 0.9432245 0.6568076 0.94321 0.6568005 0.9376972 0.6563863 0.9321579 0.6568005 0.9376972 0.6481084 0.9378126 0.6483184 0.92742 0.6565381 0.9279544 0.6492529 0.9599306 0.6407162 0.9598599 0.6405846 0.9485167 0.6482722 0.9488101 0.6397415 0.9375145 0.631357 0.9370486 0.6300575 0.9270159 0.6399391 0.9272654 0.6481084 0.9378126 0.6397415 0.9375145 0.6399391 0.9272654 0.6483184 0.92742 0.6404071 0.9139306 0.6400836 0.9175897 0.635502 0.9178081 0.6354387 0.9142226 0.6452793 0.9137638 0.644841 0.9175068 0.6400836 0.9175897 0.6404071 0.9139306 0.6304826 0.9144887 0.6306024 0.9178965 0.6258313 0.9178363 0.6255976 0.914346 0.6354387 0.9142226 0.635502 0.9178081 0.6306024 0.9178965 0.6304826 0.9144887 0.6597656 0.9653944 0.6596585 0.9706452 0.6564403 0.9707939 0.6566073 0.9653367 0.6596585 0.9706452 0.6591276 0.9759513 0.6559452 0.9761888 0.6564403 0.9707939 0.6601727 0.9544413 0.6600938 0.9607077 0.6566956 0.9598607 0.656942 0.9543533 0.6600938 0.9607077 0.6597656 0.9653944 0.6566073 0.9653367 0.6566956 0.9598607 0.656942 0.9543533 0.6566956 0.9598607 0.6492529 0.9599306 0.6482722 0.9488101 0.6567863 0.9487203 0.6589265 0.9858973 0.6584222 0.9907059 0.6563889 0.9913882 0.6564813 0.986226 0.6584222 0.9907059 0.6582173 0.9947026 0.6565822 0.9954488 0.6563889 0.9913882 0.6591276 0.9759513 0.6586789 0.980835 0.6562573 0.9809874 0.6559452 0.9761888 0.6586789 0.980835 0.6589265 0.9858973 0.6564813 0.986226 0.6562573 0.9809874 0.6559452 0.9761888 0.6562573 0.9809874 0.6495563 0.98181 0.6492177 0.9710404 0.6564403 0.9707939 0.6480292 0.9925819 0.6482319 0.9972942 0.6428287 0.9969585 0.6424022 0.9927182 0.641323 0.9824422 0.6317322 0.9823067 0.6315662 0.9713292 0.6407813 0.971314 0.6495563 0.98181 0.641323 0.9824422 0.6407813 0.971314 0.6492177 0.9710404 0.6405846 0.9485167 0.6407162 0.9598599 0.630911 0.9600812 0.6314702 0.9481157 0.5526962 0.8328022 0.5531174 0.8297141 0.5588557 0.8297414 0.5589461 0.8332588 0.5467451 0.8324591 0.5472393 0.8296468 0.5531174 0.8297141 0.5526962 0.8328022 0.5649655 0.8330298 0.5648787 0.8295708 0.5707365 0.8296503 0.5712329 0.8334495 0.5589461 0.8332588 0.5588557 0.8297414 0.5648787 0.8295708 0.5649655 0.8330298 0.5533527 0.8218206 0.553353 0.8116371 0.5640359 0.8108292 0.5642332 0.8212697 0.5744927 0.8106694 0.583979 0.8109404 0.5851195 0.816653 0.5850051 0.8205268 0.5747211 0.8209448 0.5640359 0.8108292 0.5744927 0.8106694 0.5747211 0.8209448 0.5642332 0.8212697 0.5851195 0.816653 0.583979 0.8109404 0.5892469 0.8111661 0.5890526 0.8166154 0.5756591 0.8328866 0.5754099 0.8294367 0.5797766 0.8293413 0.5805256 0.8328018 0.5712329 0.8334495 0.5707365 0.8296503 0.5754099 0.8294367 0.5756591 0.8328866 0.5848047 0.8327178 0.585068 0.8286687 0.5884069 0.8286595 0.5883317 0.83142 0.5805256 0.8328018 0.5797766 0.8293413 0.585068 0.8286687 0.5848047 0.8327178 0.503396 0.8255668 0.5026911 0.8219863 0.5074043 0.8219023 0.5080758 0.8256893 0.5026911 0.8219863 0.5028031 0.8184971 0.5068762 0.8181512 0.5074043 0.8219023 0.5093788 0.8327437 0.5087499 0.8294721 0.5138906 0.8298086 0.5138275 0.8330731 0.5058714 0.8319784 0.5046044 0.8289371 0.5087499 0.8294721 0.5093788 0.8327437 0.5046044 0.8289371 0.503396 0.8255668 0.5080758 0.8256893 0.5087499 0.8294721 0.5182459 0.8333099 0.5181067 0.830182 0.522978 0.830335 0.5237528 0.8337806 0.5138275 0.8330731 0.5138906 0.8298086 0.5181067 0.830182 0.5182459 0.8333099 0.5027974 0.8073108 0.5026092 0.8017296 0.5064038 0.8013926 0.5067067 0.8069592 0.5026092 0.8017296 0.5025544 0.7961642 0.5065324 0.7956984 0.5064038 0.8013926 0.5028031 0.8184971 0.50296 0.8128963 0.5070367 0.8126336 0.5068762 0.8181512 0.50296 0.8128963 0.5027974 0.8073108 0.5067067 0.8069592 0.5070367 0.8126336 0.5068762 0.8181512 0.5070367 0.8126336 0.5158176 0.8120065 0.5173533 0.8221225 0.5074043 0.8219023 0.5159298 0.789449 0.5270088 0.7910619 0.5272963 0.8001655 0.516075 0.8008357 0.5283057 0.8122476 0.540742 0.8118584 0.5414708 0.8220937 0.5287799 0.8218369 0.5158176 0.8120065 0.5283057 0.8122476 0.5287799 0.8218369 0.5173533 0.8221225 0.5288541 0.8332172 0.5289789 0.8299826 0.5351948 0.8299444 0.5350167 0.833333 0.5237528 0.8337806 0.522978 0.830335 0.5289789 0.8299826 0.5288541 0.8332172 0.5409049 0.83309 0.5411738 0.8298587 0.5472393 0.8296468 0.5467451 0.8324591 0.5350167 0.833333 0.5351948 0.8299444 0.5411738 0.8298587 0.5409049 0.83309 0.5040545 0.7838463 0.5041527 0.7786232 0.5076478 0.7782918 0.5073165 0.78406 0.5041527 0.7786232 0.5047163 0.7727709 0.5079386 0.7726064 0.5076478 0.7782918 0.5025544 0.7961642 0.5037754 0.790175 0.5066185 0.7898504 0.5065324 0.7956984 0.5037754 0.790175 0.5040545 0.7838463 0.5073165 0.78406 0.5066185 0.7898504 0.5065324 0.7956984 0.5066185 0.7898504 0.5159298 0.789449 0.516075 0.8008357 0.5064038 0.8013926 0.5057847 0.7618289 0.505705 0.7575786 0.5086019 0.7574576 0.5084726 0.7624521 0.505705 0.7575786 0.5054077 0.7529481 0.5088036 0.7529104 0.5086019 0.7574576 0.5047163 0.7727709 0.5058664 0.767607 0.5083788 0.7674844 0.5079386 0.7726064 0.5058664 0.767607 0.5057847 0.7618289 0.5084726 0.7624521 0.5083788 0.7674844 0.5079386 0.7726064 0.5083788 0.7674844 0.5165937 0.7673248 0.5160369 0.7780364 0.5076478 0.7782918 0.5220339 0.7571085 0.5227649 0.7526147 0.5285989 0.7527301 0.5281972 0.7571722 0.5272046 0.7653436 0.5399467 0.7671074 0.5402746 0.7772551 0.5272334 0.7775141 0.5165937 0.7673248 0.5272046 0.7653436 0.5272334 0.7775141 0.5160369 0.7780364 0.5272963 0.8001655 0.5270088 0.7910619 0.5407758 0.7865237 0.5395696 0.7996882 0.6933372 0.9201403 0.6932688 0.9223917 0.6883177 0.9224496 0.6883611 0.9200895 0.6982951 0.9201703 0.6982128 0.9223434 0.6932688 0.9223917 0.6933372 0.9201403 0.6982128 0.9223434 0.698167 0.9271158 0.6932406 0.9272105 0.6932688 0.9223917 0.6934264 0.9143087 0.6933972 0.9166436 0.6883777 0.9166014 0.6884835 0.91442 0.6984462 0.9144466 0.6983606 0.9167787 0.6933972 0.9166436 0.6934264 0.9143087 0.6983606 0.9167787 0.6982951 0.9201703 0.6933372 0.9201403 0.6933972 0.9166436 0.6833274 0.9140293 0.6834152 0.9164786 0.6785111 0.9163225 0.6784723 0.9140577 0.6884835 0.91442 0.6883777 0.9166014 0.6834152 0.9164786 0.6833274 0.9140293 0.6883777 0.9166014 0.6883611 0.9200895 0.6834229 0.9201434 0.6834152 0.9164786 0.6833787 0.9274507 0.6826544 0.9346218 0.6770642 0.9346713 0.6784068 0.9276073 0.6729992 0.9419156 0.6719695 0.9485968 0.669425 0.9486615 0.6699302 0.9421737 0.6758167 0.9416668 0.6743493 0.9485965 0.6719695 0.9485968 0.6729992 0.9419156 0.6743493 0.9485965 0.6749438 0.9556229 0.6715123 0.9553026 0.6719695 0.9485968 0.6746151 0.9285252 0.6739218 0.9352214 0.6703782 0.935736 0.6710081 0.9292401 0.6784068 0.9276073 0.6770642 0.9346713 0.6739218 0.9352214 0.6746151 0.9285252 0.6770642 0.9346713 0.6758167 0.9416668 0.6729992 0.9419156 0.6739218 0.9352214 0.6673533 0.9300987 0.6670278 0.9362837 0.6646948 0.936853 0.6649313 0.9310467 0.6710081 0.9292401 0.6703782 0.935736 0.6670278 0.9362837 0.6673533 0.9300987 0.6703782 0.935736 0.6699302 0.9421737 0.6667597 0.9424783 0.6670278 0.9362837 0.6747663 0.9205505 0.6744858 0.9245141 0.6711544 0.9252908 0.6712405 0.9209806 0.6783763 0.9201682 0.6783861 0.9226145 0.6744858 0.9245141 0.6747663 0.9205505 0.6783861 0.9226145 0.6784068 0.9276073 0.6746151 0.9285252 0.6744858 0.9245141 0.6749839 0.9140918 0.6748806 0.9165656 0.6713286 0.9168199 0.671355 0.9139931 0.6784723 0.9140577 0.6785111 0.9163225 0.6748806 0.9165656 0.6749839 0.9140918 0.6785111 0.9163225 0.6783763 0.9201682 0.6747663 0.9205505 0.6748806 0.9165656 0.6678906 0.9138244 0.667818 0.9170021 0.6649699 0.9171391 0.6652738 0.9137668 0.671355 0.9139931 0.6713286 0.9168199 0.667818 0.9170021 0.6678906 0.9138244 0.6713286 0.9168199 0.6712405 0.9209806 0.6676649 0.9213305 0.667818 0.9170021 0.7288782 0.9219686 0.7291422 0.9264768 0.725529 0.9264448 0.725396 0.9220048 0.7317184 0.9218901 0.7319628 0.9266292 0.7291422 0.9264768 0.7288782 0.9219686 0.7319628 0.9266292 0.7322482 0.9309909 0.7294008 0.9309558 0.7291422 0.9264768 0.7284831 0.91407 0.7286593 0.9174935 0.7253087 0.9175935 0.7252199 0.9141301 0.730889 0.9139128 0.7314737 0.9174836 0.7286593 0.9174935 0.7284831 0.91407 0.7314737 0.9174836 0.7317184 0.9218901 0.7288782 0.9219686 0.7286593 0.9174935 0.7218973 0.9143182 0.7218946 0.9177042 0.7184833 0.9177364 0.718672 0.9146926 0.7252199 0.9141301 0.7253087 0.9175935 0.7218946 0.9177042 0.7218973 0.9143182 0.7253087 0.9175935 0.725396 0.9220048 0.7220022 0.9220203 0.7218946 0.9177042 0.7294659 0.9432476 0.7294993 0.9493807 0.7257756 0.9493249 0.7257524 0.9431739 0.7321096 0.9433255 0.7321406 0.9494443 0.7294993 0.9493807 0.7294659 0.9432476 0.7321406 0.9494443 0.7322232 0.9555518 0.7295474 0.9555116 0.7294993 0.9493807 0.7294008 0.9309558 0.7294427 0.9371081 0.7257302 0.9370327 0.7256819 0.9308738 0.7322482 0.9309909 0.7320347 0.9372625 0.7294427 0.9371081 0.7294008 0.9309558 0.7320347 0.9372625 0.7321096 0.9433255 0.7294659 0.9432476 0.7294427 0.9371081 0.7256819 0.9308738 0.7257302 0.9370327 0.7218787 0.9369357 0.7218965 0.9307916 0.7257302 0.9370327 0.7257524 0.9431739 0.7220613 0.9431124 0.7218787 0.9369357 0.7133441 0.9215927 0.7132439 0.9253261 0.7081862 0.9243004 0.7083209 0.9212699 0.718395 0.922073 0.7183146 0.9252108 0.7132439 0.9253261 0.7133441 0.9215927 0.7183146 0.9252108 0.7181718 0.929659 0.7132683 0.9285417 0.7132439 0.9253261 0.7135479 0.9145971 0.7134404 0.9175093 0.7084187 0.9172622 0.7085153 0.9146046 0.718672 0.9146926 0.7184833 0.9177364 0.7134404 0.9175093 0.7135479 0.9145971 0.7184833 0.9177364 0.718395 0.922073 0.7133441 0.9215927 0.7134404 0.9175093 0.7034867 0.9147039 0.7034009 0.9170277 0.6983606 0.9167787 0.6984462 0.9144466 0.7085153 0.9146046 0.7084187 0.9172622 0.7034009 0.9170277 0.7034867 0.9147039 0.7084187 0.9172622 0.7083209 0.9212699 0.7033096 0.9206219 0.7034009 0.9170277 0.7294974 0.9676497 0.7294413 0.9737629 0.7255498 0.9736796 0.7257228 0.9676126 0.7319853 0.9677144 0.7321412 0.9737721 0.7294413 0.9737629 0.7294974 0.9676497 0.7321412 0.9737721 0.7322482 0.9795836 0.7292695 0.9795697 0.7294413 0.9737629 0.7295474 0.9555116 0.7295302 0.9615848 0.7257806 0.9615631 0.725825 0.9554754 0.7322232 0.9555518 0.7320768 0.9616118 0.7295302 0.9615848 0.7295474 0.9555116 0.7320768 0.9616118 0.7319853 0.9677144 0.7294974 0.9676497 0.7295302 0.9615848 0.7132381 0.9552358 0.7221114 0.9554365 0.7218118 0.9616095 0.7214862 0.9675416 0.7129729 0.9673808 0.725825 0.9554754 0.7257806 0.9615631 0.7218118 0.9616095 0.7221114 0.9554365 0.7257806 0.9615631 0.7257228 0.9676126 0.7214862 0.9675416 0.7218118 0.9616095 0.7285291 0.9884815 0.7282138 0.9927018 0.7247468 0.9929378 0.7251681 0.9885451 0.7313852 0.9883014 0.731021 0.9926858 0.7282138 0.9927018 0.7285291 0.9884815 0.731021 0.9926858 0.730283 0.9957059 0.7278209 0.995945 0.7282138 0.9927018 0.7292695 0.9795697 0.7288845 0.9838615 0.725089 0.9837172 0.7253674 0.9795634 0.7322482 0.9795836 0.7316861 0.9841284 0.7288845 0.9838615 0.7292695 0.9795697 0.7316861 0.9841284 0.7313852 0.9883014 0.7285291 0.9884815 0.7288845 0.9838615 0.7206848 0.9797173 0.7213571 0.984062 0.717605 0.9840421 0.7174589 0.9796087 0.7253674 0.9795634 0.725089 0.9837172 0.7213571 0.984062 0.7206848 0.9797173 0.725089 0.9837172 0.7251681 0.9885451 0.7206092 0.9886012 0.7213571 0.984062 0.712611 0.989049 0.7126213 0.9932176 0.7076406 0.9929668 0.7076997 0.9891158 0.7176306 0.9890081 0.7177283 0.9933621 0.7126213 0.9932176 0.712611 0.989049 0.7177283 0.9933621 0.717776 0.9967841 0.7128272 0.9961622 0.7126213 0.9932176 0.7124512 0.9797615 0.712598 0.9841904 0.7075469 0.984143 0.7075142 0.9798622 0.7174589 0.9796087 0.717605 0.9840421 0.712598 0.9841904 0.7124512 0.9797615 0.717605 0.9840421 0.7176306 0.9890081 0.712611 0.989049 0.712598 0.9841904 0.702603 0.9799217 0.7025995 0.9839084 0.697698 0.9837575 0.6977207 0.9799041 0.7075142 0.9798622 0.7075469 0.984143 0.7025995 0.9839084 0.702603 0.9799217 0.7075469 0.984143 0.7076997 0.9891158 0.7025926 0.9889075 0.7025995 0.9839084 0.7214862 0.9675416 0.7212627 0.973672 0.7206848 0.9797173 0.7174589 0.9796087 0.7124512 0.9797615 0.7129729 0.9673808 0.7025926 0.9889075 0.7027071 0.9929705 0.6976665 0.9926878 0.6976734 0.9887822 0.7076997 0.9891158 0.7076406 0.9929668 0.7027071 0.9929705 0.7025926 0.9889075 0.7076406 0.9929668 0.7076551 0.9956604 0.7025666 0.9956883 0.7027071 0.9929705 0.7206092 0.9886012 0.7212367 0.9931243 0.7177283 0.9933621 0.7176306 0.9890081 0.7251681 0.9885451 0.7247468 0.9929378 0.7212367 0.9931243 0.7206092 0.9886012 0.7247468 0.9929378 0.7245951 0.9967311 0.7208241 0.9966132 0.7212367 0.9931243 0.7257228 0.9676126 0.7255498 0.9736796 0.7212627 0.973672 0.7214862 0.9675416 0.7255498 0.9736796 0.7253674 0.9795634 0.7206848 0.9797173 0.7212627 0.973672 0.7033096 0.9206219 0.7032305 0.9236728 0.6982128 0.9223434 0.6982951 0.9201703 0.7083209 0.9212699 0.7081862 0.9243004 0.7032305 0.9236728 0.7033096 0.9206219 0.7081862 0.9243004 0.7080953 0.927653 0.7031508 0.9277059 0.7032305 0.9236728 0.7257524 0.9431739 0.7257756 0.9493249 0.7220939 0.9492511 0.7220613 0.9431124 0.7257756 0.9493249 0.725825 0.9554754 0.7221114 0.9554365 0.7220939 0.9492511 0.7220022 0.9220203 0.7218949 0.9264121 0.7183146 0.9252108 0.718395 0.922073 0.725396 0.9220048 0.725529 0.9264448 0.7218949 0.9264121 0.7220022 0.9220203 0.725529 0.9264448 0.7256819 0.9308738 0.7218965 0.9307916 0.7218949 0.9264121 0.6676649 0.9213305 0.6675556 0.925609 0.6645998 0.9254767 0.6648716 0.9217548 0.6712405 0.9209806 0.6711544 0.9252908 0.6675556 0.925609 0.6676649 0.9213305 0.6711544 0.9252908 0.6710081 0.9292401 0.6673533 0.9300987 0.6675556 0.925609 0.6667597 0.9424783 0.6664931 0.9486836 0.6645147 0.9486921 0.6645749 0.9427871 0.6699302 0.9421737 0.669425 0.9486615 0.6664931 0.9486836 0.6667597 0.9424783 0.669425 0.9486615 0.6689749 0.955107 0.6662802 0.9548789 0.6664931 0.9486836 0.6820278 0.9414412 0.6810913 0.9484555 0.6743493 0.9485965 0.6758167 0.9416668 0.6834229 0.9201434 0.6833588 0.9225304 0.6783861 0.9226145 0.6783763 0.9201682 0.6883611 0.9200895 0.6883177 0.9224496 0.6833588 0.9225304 0.6834229 0.9201434 0.6883177 0.9224496 0.6883164 0.927321 0.6833787 0.9274507 0.6833588 0.9225304 0.5271815 0.7824122 0.5272334 0.7775141 0.5270088 0.7910619 0.5281972 0.7571722 0.5342581 0.7572374 0.5403345 0.7572553 0.5399467 0.7671074 0.5272046 0.7653436 0.5342581 0.7572374 0.5345603 0.7527102 0.5404846 0.7527499 0.5403345 0.7572553 0.5084726 0.7624521 0.5086019 0.7574576 0.5130047 0.757269 0.517542 0.7572824 0.5165937 0.7673248 0.5083788 0.7674844 0.5130047 0.757269 0.5134267 0.7525131 0.5171715 0.7524285 0.517542 0.7572824 0.5271815 0.7824122 0.5270088 0.7910619 0.5159298 0.789449 0.5160369 0.7780364 0.5272334 0.7775141 0.5073165 0.78406 0.5076478 0.7782918 0.5160369 0.7780364 0.5159298 0.789449 0.5066185 0.7898504 0.5287799 0.8218369 0.5414708 0.8220937 0.5411738 0.8298587 0.5351948 0.8299444 0.5289789 0.8299826 0.5272963 0.8001655 0.5395696 0.7996882 0.540742 0.8118584 0.5283057 0.8122476 0.5067067 0.8069592 0.5064038 0.8013926 0.516075 0.8008357 0.5158176 0.8120065 0.5070367 0.8126336 0.5287799 0.8218369 0.5289789 0.8299826 0.522978 0.830335 0.5181067 0.830182 0.5173533 0.8221225 0.5080758 0.8256893 0.5074043 0.8219023 0.5173533 0.8221225 0.5181067 0.830182 0.5138906 0.8298086 0.5087499 0.8294721 0.5850589 0.8247148 0.5850051 0.8205268 0.5885741 0.8205334 0.5882596 0.8246061 0.5747211 0.8209448 0.5850051 0.8205268 0.5850589 0.8247148 0.585068 0.8286687 0.5797766 0.8293413 0.5754099 0.8294367 0.5845475 0.8052319 0.5846891 0.7995122 0.5882605 0.8002246 0.5889145 0.8055864 0.5751173 0.7984895 0.5846891 0.7995122 0.5845475 0.8052319 0.583979 0.8109404 0.5744927 0.8106694 0.5530182 0.7980575 0.5641714 0.798447 0.5640359 0.8108292 0.553353 0.8116371 0.5747211 0.8209448 0.5754099 0.8294367 0.5707365 0.8296503 0.5648787 0.8295708 0.5642332 0.8212697 0.5533527 0.8218206 0.5642332 0.8212697 0.5648787 0.8295708 0.5588557 0.8297414 0.5531174 0.8297141 0.6407813 0.971314 0.6315662 0.9713292 0.630911 0.9600812 0.6407162 0.9598599 0.6418302 0.9879675 0.6424022 0.9927182 0.6372726 0.9928811 0.6318671 0.9925991 0.6317322 0.9823067 0.641323 0.9824422 0.6372726 0.9928811 0.6374217 0.9968585 0.6319754 0.9968707 0.6318671 0.9925991 0.6564813 0.986226 0.6563889 0.9913882 0.6538099 0.9915016 0.6504241 0.9925159 0.6495563 0.98181 0.6562573 0.9809874 0.6538099 0.9915016 0.6536589 0.9966904 0.6509943 0.9967462 0.6504241 0.9925159 0.6407813 0.971314 0.6407162 0.9598599 0.6492529 0.9599306 0.6492177 0.9710404 0.6566073 0.9653367 0.6564403 0.9707939 0.6492177 0.9710404 0.6492529 0.9599306 0.6566956 0.9598607 0.6399391 0.9272654 0.6300575 0.9270159 0.6306024 0.9178965 0.635502 0.9178081 0.6400836 0.9175897 0.6405846 0.9485167 0.6314702 0.9481157 0.631357 0.9370486 0.6397415 0.9375145 0.6568076 0.94321 0.6567863 0.9487203 0.6482722 0.9488101 0.6481084 0.9378126 0.6568005 0.9376972 0.6399391 0.9272654 0.6400836 0.9175897 0.644841 0.9175068 0.6491433 0.9172108 0.6483184 0.92742 0.6564926 0.9237756 0.6565381 0.9279544 0.6483184 0.92742 0.6491433 0.9172108 0.6524827 0.9186689 0.6568014 0.9195739 0.5936735 0.924149 0.5940088 0.9280207 0.5885456 0.9283436 0.5890254 0.9245223 0.6026068 0.9271385 0.5940088 0.9280207 0.5936735 0.924149 0.5934655 0.9203205 0.5968578 0.9201256 0.6034805 0.9187987 0.5944164 0.9433066 0.5946667 0.9490134 0.5905743 0.9492094 0.589583 0.9434105 0.6021403 0.9487125 0.5946667 0.9490134 0.5944164 0.9433066 0.5941125 0.9376001 0.6015687 0.9370231 0.6216087 0.9480243 0.6120644 0.9483758 0.6133399 0.9364172 0.6218362 0.9368465 0.6026068 0.9271385 0.6034805 0.9187987 0.6062652 0.9195542 0.6111268 0.9186341 0.6137037 0.926146 0.6217845 0.9266498 0.6137037 0.926146 0.6111268 0.9186341 0.6160396 0.9183828 0.6209084 0.9180805 0.6168102 0.8902893 0.616566 0.8796662 0.6282047 0.8792014 0.6287227 0.8883004 0.5945509 0.8904836 0.5942666 0.8858488 0.5939652 0.8812927 0.6042541 0.880609 0.6053196 0.8904119 0.5942666 0.8858488 0.5896716 0.8859724 0.589224 0.8811795 0.5939652 0.8812927 0.6015709 0.9045152 0.5967887 0.9055922 0.5961646 0.9023107 0.5959261 0.8987588 0.6058854 0.8986778 0.6067886 0.9054812 0.5961646 0.9023107 0.5922915 0.9024384 0.5908885 0.8966038 0.5959261 0.8987588 0.6168102 0.8902893 0.6287227 0.8883004 0.6289234 0.897687 0.6171609 0.899352 0.6235211 0.9055131 0.6178117 0.9056023 0.6171609 0.899352 0.6289234 0.897687 0.6293385 0.905359 0.6644104 0.8872995 0.6626425 0.8775456 0.6738232 0.8771313 0.674029 0.8822153 0.6740957 0.8873311 0.6406331 0.8887987 0.6402472 0.8787567 0.6522271 0.8780299 0.6522573 0.8881812 0.6483306 0.9050433 0.641788 0.9053831 0.641194 0.897076 0.6526542 0.8961398 0.6547895 0.9047183 0.6644104 0.8872995 0.6740957 0.8873311 0.674223 0.8923807 0.6741335 0.8966751 0.66492 0.8962171 0.669725 0.9045714 0.6662737 0.904821 0.66492 0.8962171 0.6741335 0.8966751 0.6739764 0.9003631 0.6738211 0.9045028 0.6658675 0.8420141 0.6611244 0.8422344 0.6606615 0.8386713 0.6654596 0.8384035 0.6619949 0.8497174 0.6611244 0.8422344 0.6658675 0.8420141 0.6706642 0.8418889 0.6714642 0.8453657 0.6723313 0.8493083 0.6443393 0.8432592 0.6387156 0.8425332 0.6378141 0.8387637 0.6440171 0.8389635 0.6389431 0.8508806 0.6387156 0.8425332 0.6443393 0.8432592 0.6504936 0.8423255 0.6507176 0.849949 0.6398204 0.8686834 0.6389624 0.8595522 0.6517817 0.8585396 0.652133 0.8686296 0.6619949 0.8497174 0.6723313 0.8493083 0.6734927 0.8532565 0.6736153 0.8569851 0.6626831 0.8581873 0.6629663 0.8678371 0.6626831 0.8581873 0.6736153 0.8569851 0.6735275 0.8624516 0.673623 0.8672584 0.6202991 0.8031131 0.620833 0.7939479 0.6315426 0.7935025 0.6316305 0.8036794 0.5989834 0.8032553 0.5992069 0.7981551 0.5989193 0.7931436 0.6091272 0.7927696 0.6102089 0.8038246 0.5992069 0.7981551 0.594815 0.7982769 0.5946456 0.793233 0.5989193 0.7931436 0.6043559 0.8182413 0.5992721 0.8183236 0.5994867 0.8152582 0.599226 0.811673 0.6096733 0.8111582 0.6095342 0.8182098 0.5994867 0.8152582 0.5945863 0.8150289 0.5942269 0.8117029 0.599226 0.811673 0.6202991 0.8031131 0.6316305 0.8036794 0.6315174 0.8114232 0.6202386 0.8114138 0.6259226 0.8185912 0.6205512 0.8186958 0.6202386 0.8114138 0.6315174 0.8114232 0.6318079 0.8192145 0.6634809 0.8027287 0.6640098 0.7935939 0.6721937 0.7931388 0.6722897 0.7977992 0.6723905 0.8024541 0.6427281 0.8033309 0.6427035 0.7932704 0.6528617 0.7911632 0.6535809 0.8029609 0.6481561 0.8191186 0.6428353 0.8189631 0.6426411 0.8116899 0.6536002 0.8107025 0.6534367 0.8184633 0.6634809 0.8027287 0.6723905 0.8024541 0.6724352 0.8070296 0.6724532 0.8102258 0.6636334 0.8105353 0.6676802 0.8175405 0.6635078 0.8184018 0.6636334 0.8105353 0.6724532 0.8102258 0.6732119 0.8147334 0.673106 0.818333 0.6674867 0.7554724 0.6644316 0.756393 0.6638883 0.7520998 0.6674714 0.7521129 0.6637638 0.7648963 0.6644316 0.756393 0.6674867 0.7554724 0.6711603 0.7567347 0.6716333 0.7609382 0.6719797 0.7651705 0.6492461 0.7571586 0.6432706 0.757959 0.643794 0.7545218 0.6493124 0.7537981 0.6422305 0.7636544 0.6432706 0.757959 0.6492461 0.7571586 0.6541551 0.757306 0.6541079 0.7646933 0.642507 0.7829746 0.6434684 0.7736217 0.6536478 0.7732713 0.6535539 0.7827481 0.6637638 0.7648963 0.6719797 0.7651705 0.6723796 0.769347 0.6722416 0.7741249 0.6636003 0.7738354 0.6634817 0.7832154 0.6636003 0.7738354 0.6722416 0.7741249 0.6722165 0.778995 0.6720792 0.7837586 0.5273846 0.8994365 0.5275961 0.8875409 0.5385078 0.8876494 0.5392835 0.8999754 0.5068112 0.8994709 0.5072072 0.8935145 0.5074082 0.887664 0.5171642 0.8875784 0.5168438 0.8989862 0.5072072 0.8935145 0.5025212 0.8937919 0.5027297 0.8877023 0.5074082 0.887664 0.512579 0.9188871 0.5076215 0.9186137 0.5072239 0.9142618 0.5068846 0.9098604 0.5170664 0.910112 0.5176927 0.9192478 0.5072239 0.9142618 0.5026324 0.9142578 0.5024405 0.9101004 0.5068846 0.9098604 0.5273846 0.8994365 0.5392835 0.8999754 0.5393455 0.9097854 0.5280345 0.9103919 0.5338464 0.9195972 0.5282702 0.9195841 0.5280345 0.9103919 0.5393455 0.9097854 0.5393862 0.919602 0.5723796 0.9012372 0.5719465 0.8888111 0.5794996 0.8883672 0.5797906 0.8952071 0.5801612 0.9016302 0.5507785 0.9011819 0.5501168 0.8875389 0.5618776 0.8879233 0.5621457 0.9013195 0.5562632 0.9202367 0.5506752 0.9194557 0.5508274 0.9113564 0.5622393 0.911819 0.562135 0.919362 0.5723796 0.9012372 0.5801612 0.9016302 0.58054 0.9084466 0.5800759 0.9119928 0.5719406 0.9118258 0.5756539 0.9195924 0.5716934 0.9195041 0.5719406 0.9118258 0.5800759 0.9119928 0.5798054 0.9157537 0.5795385 0.9196233 0.5755885 0.8438829 0.5710032 0.8428567 0.5705103 0.8393915 0.5757818 0.8398848 0.5709245 0.8528633 0.5710032 0.8428567 0.5755885 0.8438829 0.5799033 0.8437603 0.5797221 0.848287 0.5794372 0.8534528 0.5555607 0.8427029 0.5501642 0.843469 0.551169 0.8392326 0.5559074 0.8389148 0.5493038 0.8524022 0.5501642 0.843469 0.5555607 0.8427029 0.5616016 0.8437245 0.5607876 0.8519644 0.5495384 0.8760023 0.549252 0.8637798 0.5609391 0.8639631 0.5615498 0.8767045 0.5709245 0.8528633 0.5794372 0.8534528 0.5791541 0.8578602 0.5792049 0.8638784 0.5710263 0.8639767 0.5713438 0.8764615 0.5710263 0.8639767 0.5792049 0.8638784 0.5792251 0.8699623 0.5791646 0.8758303 0.5336534 0.8433862 0.5282562 0.8433156 0.5285172 0.8386877 0.5341094 0.8386259 0.5277261 0.8533275 0.5282562 0.8433156 0.5336534 0.8433862 0.5389744 0.8433147 0.5382799 0.8529962 0.5125814 0.8435096 0.5075471 0.8436512 0.5072293 0.8394823 0.5124093 0.8396905 0.5076689 0.8530473 0.5076177 0.8483316 0.5075471 0.8436512 0.5125814 0.8435096 0.5176778 0.8433009 0.5175136 0.8533194 0.5076177 0.8483316 0.5029103 0.8482124 0.5030238 0.8438214 0.5075471 0.8436512 0.5076875 0.8757123 0.5078155 0.8697306 0.5077648 0.8636727 0.5168516 0.8642293 0.5173169 0.8759503 0.5078155 0.8697306 0.5031152 0.8694638 0.5033299 0.8634418 0.5077648 0.8636727 0.5277261 0.8533275 0.5382799 0.8529962 0.53797 0.8639672 0.5274912 0.8644434 0.5274885 0.8761038 0.5274912 0.8644434 0.53797 0.8639672 0.5383236 0.8761093 0.6262152 0.7572237 0.6206901 0.7574323 0.6207357 0.7545341 0.6259533 0.7543204 0.6207341 0.7641277 0.6206901 0.7574323 0.6262152 0.7572237 0.6318756 0.758863 0.6313824 0.7645276 0.6050993 0.7582132 0.5995815 0.7581728 0.5997232 0.7539306 0.603927 0.7544394 0.5995498 0.7646555 0.5998242 0.7607907 0.5995815 0.7581728 0.6050993 0.7582132 0.6100024 0.7570536 0.610685 0.7638354 0.5998242 0.7607907 0.5948508 0.7611227 0.5948575 0.7576484 0.5995815 0.7581728 0.5991584 0.7831116 0.5992816 0.7783511 0.5986449 0.7732401 0.6096466 0.7724922 0.609271 0.7826274 0.5992816 0.7783511 0.5950418 0.7782171 0.5952134 0.773066 0.5986449 0.7732401 0.6207341 0.7641277 0.6313824 0.7645276 0.6312417 0.772579 0.6207872 0.7720155 0.6206071 0.7829177 0.6207872 0.7720155 0.6312417 0.772579 0.6317819 0.7841147 0.620306 0.8430655 0.6143941 0.8431521 0.6140531 0.8399006 0.6201923 0.8392628 0.6148492 0.8515697 0.6143941 0.8431521 0.620306 0.8430655 0.6261083 0.8425514 0.626694 0.8509396 0.5992043 0.8442605 0.5942631 0.8445048 0.5945867 0.8406047 0.5990452 0.8407259 0.594219 0.8529279 0.5945726 0.8486618 0.5942631 0.8445048 0.5992043 0.8442605 0.6036353 0.8437364 0.6037772 0.8523594 0.5945726 0.8486618 0.5903516 0.8491645 0.5910701 0.8449017 0.5942631 0.8445048 0.5936402 0.8716005 0.5938466 0.8668496 0.5939151 0.8617832 0.6039245 0.8612422 0.6043753 0.8709331 0.5938466 0.8668496 0.5891371 0.8671569 0.5896771 0.8624453 0.5939151 0.8617832 0.6148492 0.8515697 0.626694 0.8509396 0.6272487 0.8597521 0.6152666 0.8604366 0.615986 0.8702096 0.6152666 0.8604366 0.6272487 0.8597521 0.6274749 0.8691879 0.5953566 0.9657626 0.5953584 0.9711424 0.5912817 0.9710441 0.5913459 0.9657276 0.6032233 0.9717211 0.5953584 0.9711424 0.5953566 0.9657626 0.5951417 0.9603452 0.6026497 0.9603494 0.5953834 0.9870223 0.5962195 0.9921036 0.592886 0.9920558 0.5927345 0.9869051 0.6031865 0.9924819 0.599424 0.9926299 0.5962195 0.9921036 0.5953834 0.9870223 0.5955813 0.9818508 0.6034308 0.9824826 0.599424 0.9926299 0.5996244 0.9969856 0.5963171 0.9966473 0.5962195 0.9921036 0.6215524 0.992694 0.6166072 0.9928438 0.611699 0.9927754 0.6122513 0.9822359 0.6220375 0.9824743 0.6166072 0.9928438 0.6165043 0.9970021 0.6113204 0.9965273 0.611699 0.9927754 0.6032233 0.9717211 0.6026497 0.9603494 0.6114832 0.9604142 0.6119377 0.9715455 0.6220482 0.9714671 0.6119377 0.9715455 0.6114832 0.9604142 0.6208141 0.9598115 0.5849232 0.7832308 0.5853376 0.7779877 0.5892361 0.7784467 0.5891934 0.7836501 0.5770747 0.777317 0.5853376 0.7779877 0.5849232 0.7832308 0.5850484 0.7887635 0.5751945 0.7873262 0.5856185 0.7630205 0.5854123 0.7582479 0.588833 0.7585448 0.5881644 0.7633098 0.5761346 0.7575893 0.580792 0.7580344 0.5854123 0.7582479 0.5856185 0.7630205 0.5855106 0.7679793 0.5769063 0.7674103 0.580792 0.7580344 0.5806464 0.7529648 0.5853148 0.7532815 0.5854123 0.7582479 0.5526612 0.7572786 0.5589678 0.7573147 0.5652524 0.7573391 0.5656285 0.7660824 0.5526465 0.7671088 0.5589678 0.7573147 0.5589503 0.7527614 0.5651854 0.7527964 0.5652524 0.7573391 0.5770747 0.777317 0.5751945 0.7873262 0.5642413 0.7868331 0.5650278 0.7765186 0.5526778 0.7763712 0.5650278 0.7765186 0.5642413 0.7868331 0.5524217 0.7866882 0.6665937 0.9672059 0.6667456 0.9733771 0.6647966 0.9733932 0.6646658 0.9671406 0.6696851 0.9672392 0.6702378 0.9733737 0.6667456 0.9733771 0.6665937 0.9672059 0.6702378 0.9733737 0.6706424 0.9795373 0.6670405 0.9795949 0.6667456 0.9733771 0.6675269 0.9888395 0.6677451 0.9932959 0.664889 0.9936891 0.664984 0.9889637 0.6706363 0.9887155 0.6706477 0.9932283 0.6677451 0.9932959 0.6675269 0.9888395 0.6706477 0.9932283 0.6705483 0.9957161 0.667573 0.996984 0.6677451 0.9932959 0.6821785 0.9887802 0.6817706 0.9928974 0.6763849 0.9929231 0.6766371 0.9884631 0.68734 0.9887794 0.6871904 0.9929111 0.6817706 0.9928974 0.6821785 0.9887802 0.6871904 0.9929111 0.6867821 0.9956932 0.6814059 0.995715 0.6817706 0.9928974 0.681851 0.9672324 0.6823877 0.9729962 0.675694 0.9732973 0.6754981 0.9673302</float_array>
          <technique_common>
            <accessor source="#caja-recubierta-mesh-map-0-array" count="3174" stride="2">
              <param name="S" type="float"/>
              <param name="T" type="float"/>
            </accessor>
          </technique_common>
        </source>
        <vertices id="caja-recubierta-mesh-vertices">
          <input semantic="POSITION" source="#caja-recubierta-mesh-positions"/>
        </vertices>
        <polylist material="hiper-atlas-material" count="754">
          <input semantic="VERTEX" source="#caja-recubierta-mesh-vertices" offset="0"/>
          <input semantic="NORMAL" source="#caja-recubierta-mesh-normals" offset="1"/>
          <input semantic="TEXCOORD" source="#caja-recubierta-mesh-map-0" offset="2" set="0"/>
          <vcount>4 4 4 4 4 4 4 4 4 4 4 4 4 4 4 4 4 4 4 4 4 4 4 4 4 4 4 4 4 4 4 4 4 4 4 4 4 4 4 4 4 4 4 4 4 4 4 4 4 4 4 4 4 4 5 4 4 4 4 5 4 4 5 4 4 4 4 4 4 4 4 4 4 4 5 5 4 6 4 4 4 4 4 4 4 4 4 4 4 4 6 5 4 4 4 4 5 4 5 4 5 4 4 4 4 4 4 4 5 4 6 4 5 4 4 4 4 4 4 5 4 5 4 5 4 4 4 4 4 4 5 4 5 4 5 4 4 4 4 4 4 5 4 5 4 5 4 4 4 4 4 4 4 4 5 4 4 4 4 5 4 4 4 4 5 4 4 4 4 5 4 4 4 4 5 4 4 4 4 4 4 4 4 4 4 4 5 6 4 4 4 4 4 4 4 4 4 4 4 4 4 4 4 4 4 4 4 4 4 4 4 4 4 4 4 4 4 4 4 4 4 5 4 4 4 4 5 4 4 4 4 4 5 4 4 4 4 5 4 4 4 4 4 5 4 4 4 4 5 4 4 4 4 4 5 4 4 4 4 5 4 4 4 4 4 5 4 4 4 4 5 4 4 4 4 4 5 4 4 4 4 4 4 4 4 4 4 4 4 4 4 4 4 4 5 4 4 4 4 4 4 4 4 4 4 4 5 4 4 4 4 5 4 4 4 4 4 4 4 4 4 5 4 4 4 4 4 4 4 4 4 4 4 4 4 4 4 4 4 5 4 4 4 4 4 4 4 4 4 4 4 5 4 4 4 4 5 4 4 4 4 4 4 4 4 4 5 4 4 4 4 4 4 4 4 4 4 4 4 4 4 4 4 4 5 4 4 4 4 4 4 4 4 4 4 4 5 4 4 4 4 5 4 4 4 4 4 4 4 4 4 5 4 4 4 4 4 4 4 4 4 4 4 4 4 4 4 4 4 5 4 4 4 4 4 4 4 4 4 4 4 5 4 4 4 4 5 4 4 4 4 4 4 4 4 4 5 4 4 4 4 4 4 4 4 4 4 4 4 4 4 4 4 4 5 4 4 4 4 4 4 4 4 4 4 4 5 4 4 4 4 5 4 4 4 4 4 4 4 4 4 4 4 4 4 4 4 4 4 4 4 4 4 4 4 4 4 4 4 4 4 4 4 4 4 4 4 4 4 4 4 4 4 4 4 4 4 4 4 4 4 4 4 4 4 4 4 4 4 4 4 4 4 4 4 4 5 4 4 4 4 4 4 4 4 4 4 4 4 4 4 4 4 4 4 4 4 6 4 4 4 4 4 4 4 4 4 4 4 4 4 4 4 4 4 4 4 4 4 4 4 4 4 4 3 5 4 6 4 5 5 5 4 5 5 6 4 6 4 5 4 5 5 4 6 4 6 4 4 5 5 4 5 5 6 4 6 4 5 4 5 5 4 5 4 6 4 4 5 5 4 5 5 6 4 6 4 5 4 5 5 4 5 4 6 4 4 5 5 4 5 5 6 4 6 4 5 4 5 5 4 5 4 6 4 4 5 5 4 5 5 6 4 6 4 5 4 5 5 4 5 4 6 4 5 4 4 4 4 5 4 6 4 5 4 4 4 4 5 4 6 4 5 4 4 4 4 5 4 6 4 5 4 4 4 4 5 4 6 4 5 4 4 4 4 4 4 4 4 4 4 4 4 4 </vcount>
          <p>834 0 0 193 1 1 47 2 2 196 3 3 833 4 4 250 5 5 41 6 6 272 7 7 832 8 8 249 9 9 6 10 10 142 11 11 831 12 12 273 13 13 26 14 14 141 15 15 829 16 16 141 15 17 26 14 18 275 17 19 828 18 20 142 11 21 6 10 22 136 19 23 827 20 24 276 21 25 23 22 26 135 23 27 825 24 28 147 25 29 29 26 30 277 27 31 824 28 32 148 29 33 4 30 34 241 31 35 823 32 36 278 33 37 37 34 38 242 35 39 821 36 40 254 37 41 43 38 42 279 39 43 820 40 44 253 41 45 3 42 46 146 43 47 819 44 48 280 45 49 28 46 50 145 47 51 817 48 52 143 49 53 27 50 54 281 51 55 816 52 56 144 53 57 2 54 58 239 55 59 815 56 60 282 57 61 36 58 62 240 59 63 813 60 64 149 61 65 30 62 66 283 63 67 812 64 68 150 65 69 0 66 70 235 67 71 811 68 72 284 69 73 34 70 74 236 71 75 808 72 76 177 73 77 10 74 78 211 75 79 807 76 80 285 77 81 22 78 82 212 79 83 533 80 84 803 81 85 553 82 86 537 83 87 801 84 88 173 85 89 42 86 90 290 87 91 800 88 92 174 89 93 18 90 94 256 91 95 521 92 96 799 93 97 565 94 98 525 95 99 796 96 100 179 97 101 12 98 102 215 99 103 795 100 104 291 101 105 24 102 106 216 103 107 569 104 108 791 105 109 589 106 110 573 107 111 789 108 112 167 109 113 39 110 114 296 111 115 788 112 116 168 113 117 15 114 118 258 115 119 509 116 120 787 117 121 601 118 122 513 119 123 784 120 124 181 121 125 16 122 126 170 123 127 783 124 128 297 125 129 40 126 130 169 127 131 605 128 132 779 129 133 625 130 134 609 131 135 777 132 136 230 133 137 31 134 138 302 135 139 776 136 140 229 137 141 19 138 142 260 139 143 497 140 144 775 141 145 637 142 146 501 143 147 772 144 148 183 145 149 13 146 150 217 147 151 771 148 152 303 149 153 25 150 154 218 151 155 641 152 156 767 153 157 661 154 158 645 155 159 765 156 160 171 157 161 41 6 162 308 158 163 764 159 164 172 160 165 17 161 166 262 162 167 485 163 168 763 164 169 673 165 170 489 166 171 760 167 172 185 168 173 11 169 174 160 170 175 759 171 176 309 172 177 35 173 178 159 174 179 677 175 180 755 176 181 697 177 182 681 178 183 753 179 184 165 180 185 38 181 186 314 182 187 752 183 188 166 184 189 14 185 190 264 186 191 473 187 192 751 188 193 709 189 194 477 190 195 750 191 196 197 192 197 48 193 198 200 194 199 749 195 200 187 196 201 44 197 202 316 198 203 748 199 204 188 200 205 14 185 206 166 184 207 747 201 208 317 202 209 38 181 210 165 180 211 746 203 212 201 204 213 49 205 214 203 206 215 189 207 216 268 208 217 344 209 218 345 210 219 745 211 220 190 212 221 265 213 222 362 214 223 343 215 224 744 216 225 320 217 226 45 218 227 269 219 228 742 220 229 226 221 230 29 26 231 323 222 232 741 223 233 225 224 234 17 161 235 270 225 236 46 226 237 271 227 238 462 228 239 325 229 240 324 230 241 325 229 242 462 228 243 265 213 244 190 212 245 326 231 246 325 229 247 190 212 248 268 208 249 116 232 250 324 230 251 325 229 252 326 231 253 206 233 254 740 234 255 327 235 256 102 236 257 192 237 258 739 238 259 328 239 260 117 240 261 329 241 262 738 242 263 147 25 264 69 243 265 330 244 266 737 245 267 331 246 268 115 247 269 205 248 270 736 249 271 332 250 272 118 251 273 333 252 274 735 253 275 148 29 276 70 254 277 334 255 278 733 256 279 336 257 280 119 258 281 337 259 282 732 260 283 322 261 284 114 262 285 338 263 286 731 264 287 339 265 288 101 266 289 191 267 290 730 268 291 340 269 292 120 270 293 341 271 294 729 272 295 202 273 296 112 274 297 342 275 298 343 215 299 362 214 300 315 276 301 45 218 302 320 217 303 344 209 304 343 215 305 320 217 306 112 274 307 202 273 308 268 208 309 190 212 310 343 215 311 344 209 312 345 210 313 344 209 314 202 273 315 49 205 316 201 204 317 728 277 318 727 278 319 346 279 320 121 280 321 347 281 322 726 282 323 267 283 324 100 284 325 348 285 326 725 286 327 349 287 328 113 288 329 321 289 330 724 290 331 350 291 332 122 292 333 351 293 334 723 294 335 319 295 336 111 296 337 352 297 338 722 298 339 353 299 340 87 300 341 243 301 342 721 302 343 354 303 344 123 304 345 355 305 346 720 306 347 199 307 348 109 308 349 356 309 350 719 310 351 357 311 352 88 312 353 244 313 354 718 314 355 358 315 356 124 316 357 359 317 358 717 318 359 266 319 360 99 320 361 360 321 362 716 322 363 361 323 364 108 324 365 198 325 366 362 214 367 361 323 368 716 322 369 197 192 370 107 326 371 315 276 372 265 213 373 187 196 374 749 195 375 361 323 376 362 214 377 715 327 378 363 328 379 110 329 380 318 330 381 714 331 382 364 332 383 125 333 384 365 334 385 713 335 386 315 276 387 107 326 388 366 336 389 712 337 390 751 188 391 473 187 392 474 338 393 709 189 394 752 183 395 264 186 396 476 339 397 477 190 398 707 340 399 244 313 400 88 312 401 368 341 402 706 342 403 753 179 404 314 182 405 707 340 406 708 343 407 704 344 408 243 301 409 87 300 410 370 345 411 700 346 412 755 176 413 677 175 414 678 347 415 186 348 416 697 177 417 756 349 418 680 350 419 681 178 420 694 351 421 757 352 422 695 353 423 696 354 424 688 355 425 376 356 426 81 357 427 237 358 428 685 359 429 378 360 430 82 361 431 238 362 432 682 363 433 761 364 434 683 365 435 684 366 436 711 367 437 710 368 438 751 188 439 712 337 440 676 369 441 763 164 442 485 163 443 486 370 444 673 165 445 764 159 446 262 162 447 488 371 448 489 166 449 671 372 450 250 5 451 94 373 452 381 374 453 670 375 454 765 156 455 308 158 456 671 372 457 380 376 458 672 377 459 668 378 460 249 9 461 93 379 462 383 380 463 664 381 464 767 153 465 641 152 466 642 382 467 184 383 468 661 154 469 768 384 470 644 385 471 645 155 472 658 386 473 769 387 474 659 388 475 660 389 476 652 390 477 389 391 478 62 392 479 140 393 480 649 394 481 391 395 482 61 396 483 139 397 484 646 398 485 773 399 486 647 400 487 648 401 488 640 402 489 775 141 490 497 140 491 498 403 492 637 142 493 776 136 494 260 139 495 500 404 496 501 143 497 635 405 498 151 406 499 73 407 500 393 408 501 634 409 502 777 132 503 302 135 504 635 405 505 636 410 506 632 411 507 152 412 508 74 413 509 395 414 510 628 415 511 779 129 512 605 128 513 606 416 514 182 417 515 625 130 516 780 418 517 608 419 518 609 131 519 622 420 520 781 421 521 623 422 522 624 423 523 616 424 524 401 425 525 91 426 526 247 427 527 613 428 528 403 429 529 92 430 530 248 431 531 610 432 532 785 433 533 611 434 534 612 435 535 604 436 536 787 117 537 509 116 538 510 437 539 601 118 540 788 112 541 258 115 542 512 438 543 513 119 544 599 439 545 246 440 546 90 441 547 405 442 548 598 443 549 789 108 550 296 111 551 599 439 552 600 444 553 596 445 554 245 446 555 89 447 556 407 448 557 592 449 558 791 105 559 569 104 560 570 450 561 180 451 562 589 106 563 792 452 564 572 453 565 573 107 566 586 454 567 793 455 568 587 456 569 588 457 570 580 458 571 413 459 572 60 460 573 138 461 574 577 462 575 415 463 576 59 464 577 137 465 578 574 466 579 797 467 580 575 468 581 576 469 582 568 470 583 799 93 584 521 92 585 522 471 586 565 94 587 800 88 588 256 91 589 524 472 590 525 95 591 563 473 592 252 474 593 96 475 594 417 476 595 562 477 596 801 84 597 290 87 598 563 473 599 564 478 600 560 479 601 251 480 602 95 481 603 419 482 604 556 483 605 803 81 606 533 80 607 534 484 608 178 485 609 553 82 610 804 486 611 536 487 612 537 83 613 550 488 614 805 489 615 551 490 616 552 491 617 544 492 618 425 493 619 56 494 620 134 495 621 541 496 622 427 497 623 55 498 624 133 499 625 538 500 626 809 501 627 539 502 628 540 503 629 532 504 630 429 505 631 80 506 632 158 507 633 529 508 634 430 509 635 79 510 636 157 511 637 527 512 638 228 513 639 72 514 640 431 515 641 526 516 642 813 60 643 283 63 644 527 512 645 528 517 646 524 472 647 227 518 648 71 519 649 432 520 650 520 521 651 433 522 652 84 523 653 162 524 654 517 525 655 434 526 656 83 527 657 161 528 658 515 529 659 222 530 660 66 531 661 435 532 662 514 533 663 817 48 664 281 51 665 515 529 666 516 534 667 512 438 668 221 535 669 65 536 670 436 537 671 508 538 672 437 539 673 67 540 674 223 541 675 505 542 676 438 543 677 68 544 678 224 545 679 503 546 680 175 547 681 97 548 682 439 549 683 502 550 684 821 36 685 279 39 686 503 546 687 504 551 688 500 404 689 176 552 690 98 553 691 440 554 692 496 555 693 441 556 694 86 557 695 164 558 696 493 559 697 442 560 698 85 561 699 163 562 700 491 563 701 226 221 702 70 254 703 443 564 704 490 565 705 825 24 706 277 27 707 491 563 708 492 566 709 488 371 710 225 224 711 69 243 712 444 567 713 484 568 714 445 569 715 57 570 716 213 571 717 481 572 718 446 573 719 58 574 720 214 575 721 479 576 722 220 577 723 64 578 724 447 579 725 478 580 726 829 16 727 275 17 728 479 576 729 480 581 730 476 339 731 219 582 732 63 583 733 448 584 734 472 585 735 449 586 736 63 583 737 219 582 738 471 587 739 450 588 740 126 589 741 451 590 742 470 591 743 195 592 744 105 593 745 452 594 746 469 595 747 453 596 748 64 578 749 220 577 750 468 597 751 454 598 752 127 599 753 455 600 754 467 601 755 171 157 756 93 379 757 456 602 758 466 603 759 457 604 760 104 605 761 194 606 762 465 607 763 458 608 764 128 609 765 459 610 766 464 611 767 172 160 768 94 373 769 460 612 770 463 613 771 461 614 772 106 615 773 274 616 774 462 228 775 461 614 776 463 613 777 187 196 778 265 213 779 103 617 780 193 1 781 834 0 782 461 614 783 462 228 784 271 227 785 187 196 786 463 613 787 274 616 788 44 197 789 458 608 790 464 611 791 460 612 792 128 609 793 102 236 794 270 225 795 464 611 796 458 608 797 270 225 798 17 161 799 172 160 800 464 611 801 271 227 802 465 607 803 459 610 804 103 617 805 46 226 806 192 237 807 465 607 808 271 227 809 192 237 810 102 236 811 458 608 812 465 607 813 193 1 814 466 603 815 194 606 816 47 2 817 103 617 818 459 610 819 466 603 820 193 1 821 459 610 822 128 609 823 457 604 824 466 603 825 454 598 826 467 601 827 456 602 828 127 599 829 104 605 830 272 7 831 467 601 832 454 598 833 272 7 834 41 6 835 171 157 836 467 601 837 195 592 838 468 597 839 455 600 840 105 593 841 47 2 842 194 606 843 468 597 844 195 592 845 194 606 846 104 605 847 454 598 848 468 597 849 273 13 850 469 595 851 220 577 852 26 14 853 105 593 854 455 600 855 469 595 856 273 13 857 455 600 858 127 599 859 453 596 860 469 595 861 450 588 862 470 591 863 452 594 864 126 589 865 106 615 866 196 3 867 470 591 868 450 588 869 196 3 870 47 2 871 195 592 872 470 591 873 266 319 874 471 587 875 451 590 876 99 320 877 44 197 878 274 616 879 471 587 880 266 319 881 274 616 882 106 615 883 450 588 884 471 587 885 188 200 886 472 585 887 219 582 888 14 185 889 99 320 890 451 590 891 472 585 892 188 200 893 451 590 894 126 589 895 449 586 896 472 585 897 712 337 898 474 338 899 680 350 900 756 349 901 474 338 902 475 618 903 761 364 904 680 350 905 264 186 906 14 185 907 219 582 908 476 339 909 473 187 910 477 190 911 478 580 912 830 619 913 275 17 914 26 14 915 220 577 916 479 576 917 480 581 918 481 572 919 276 21 920 827 20 921 482 620 922 478 580 923 480 581 924 482 620 925 830 619 926 276 21 927 481 572 928 214 575 929 23 22 930 475 618 931 483 621 932 683 365 933 761 364 934 185 168 935 484 568 936 213 571 937 11 169 938 483 621 939 484 568 940 185 168 941 760 167 942 683 365 943 676 369 944 486 370 945 644 385 946 768 384 947 486 370 948 487 622 949 773 399 950 644 385 951 262 162 952 17 161 953 225 224 954 488 371 955 485 163 956 489 166 957 490 565 958 826 623 959 277 27 960 29 26 961 226 221 962 491 563 963 492 566 964 493 559 965 278 33 966 823 32 967 494 624 968 490 565 969 492 566 970 494 624 971 826 623 972 278 33 973 493 559 974 163 562 975 37 34 976 487 622 977 495 625 978 647 400 979 773 399 980 183 145 981 496 555 982 164 558 983 13 146 984 495 625 985 496 555 986 183 145 987 772 144 988 647 400 989 640 402 990 498 403 991 608 419 992 780 418 993 498 403 994 499 626 995 785 433 996 608 419 997 260 139 998 19 138 999 176 552 1000 500 404 1001 497 140 1002 501 143 1003 502 550 1004 822 627 1005 279 39 1006 43 38 1007 175 547 1008 503 546 1009 504 551 1010 505 542 1011 280 45 1012 819 44 1013 506 628 1014 502 550 1015 504 551 1016 506 628 1017 822 627 1018 280 45 1019 505 542 1020 224 545 1021 28 46 1022 499 626 1023 507 629 1024 611 434 1025 785 433 1026 181 121 1027 508 538 1028 223 541 1029 16 122 1030 507 629 1031 508 538 1032 181 121 1033 784 120 1034 611 434 1035 604 436 1036 510 437 1037 572 453 1038 792 452 1039 510 437 1040 511 630 1041 797 467 1042 572 453 1043 258 115 1044 15 114 1045 221 535 1046 512 438 1047 509 116 1048 513 119 1049 514 533 1050 818 631 1051 281 51 1052 27 50 1053 222 530 1054 515 529 1055 516 534 1056 517 525 1057 282 57 1058 815 56 1059 518 632 1060 514 533 1061 516 534 1062 518 632 1063 818 631 1064 282 57 1065 517 525 1066 161 528 1067 36 58 1068 511 630 1069 519 633 1070 575 468 1071 797 467 1072 179 97 1073 520 521 1074 162 524 1075 12 98 1076 519 633 1077 520 521 1078 179 97 1079 796 96 1080 575 468 1081 568 470 1082 522 471 1083 536 487 1084 804 486 1085 522 471 1086 523 634 1087 809 501 1088 536 487 1089 256 91 1090 18 90 1091 227 518 1092 524 472 1093 521 92 1094 525 95 1095 526 516 1096 814 635 1097 283 63 1098 30 62 1099 228 513 1100 527 512 1101 528 517 1102 529 508 1103 284 69 1104 811 68 1105 530 636 1106 526 516 1107 528 517 1108 530 636 1109 814 635 1110 284 69 1111 529 508 1112 157 511 1113 34 70 1114 523 634 1115 531 637 1116 539 502 1117 809 501 1118 177 73 1119 532 504 1120 158 507 1121 10 74 1122 531 637 1123 532 504 1124 177 73 1125 808 72 1126 539 502 1127 156 638 1128 534 484 1129 428 639 1130 78 640 1131 9 641 1132 178 485 1133 534 484 1134 156 638 1135 234 642 1136 535 643 1137 286 644 1138 33 645 1139 78 640 1140 428 639 1141 535 643 1142 234 642 1143 533 80 1144 537 83 1145 538 500 1146 810 646 1147 540 503 1148 541 496 1149 285 77 1150 807 76 1151 542 647 1152 538 500 1153 540 503 1154 542 647 1155 810 646 1156 285 77 1157 541 496 1158 133 499 1159 22 78 1160 155 648 1161 543 649 1162 426 650 1163 77 651 1164 33 645 1165 286 644 1166 543 649 1167 155 648 1168 233 652 1169 544 492 1170 134 495 1171 1 653 1172 77 651 1173 426 650 1174 544 492 1175 233 652 1176 62 392 1177 218 151 1178 545 654 1179 423 655 1180 218 151 1181 25 150 1182 287 656 1183 545 654 1184 132 657 1185 546 658 1186 424 659 1187 54 660 1188 5 661 1189 140 393 1190 546 658 1191 132 657 1192 140 393 1193 62 392 1194 423 655 1195 546 658 1196 210 662 1197 547 663 1198 288 664 1199 21 665 1200 54 660 1201 424 659 1202 547 663 1203 210 662 1204 61 396 1205 217 147 1206 548 666 1207 422 667 1208 217 147 1209 13 146 1210 255 668 1211 548 666 1212 25 150 1213 139 397 1214 549 669 1215 287 656 1216 139 397 1217 61 396 1218 422 667 1219 549 669 1220 287 656 1221 549 669 1222 550 488 1223 806 670 1224 545 654 1225 559 671 1226 567 672 1227 551 490 1228 805 489 1229 552 491 1230 553 82 1231 803 81 1232 554 673 1233 550 488 1234 552 491 1235 554 673 1236 806 670 1237 131 674 1238 555 675 1239 421 676 1240 53 677 1241 21 665 1242 288 664 1243 555 675 1244 131 674 1245 209 678 1246 556 483 1247 178 485 1248 9 641 1249 53 677 1250 421 676 1251 556 483 1252 209 678 1253 86 557 1254 242 35 1255 557 679 1256 420 680 1257 242 35 1258 37 34 1259 289 681 1260 557 679 1261 13 146 1262 164 558 1263 558 682 1264 255 668 1265 164 558 1266 86 557 1267 420 680 1268 558 682 1269 255 668 1270 558 682 1271 559 671 1272 805 489 1273 548 666 1274 85 561 1275 241 31 1276 560 479 1277 418 683 1278 241 31 1279 4 30 1280 251 480 1281 560 479 1282 37 34 1283 163 562 1284 561 684 1285 289 681 1286 163 562 1287 85 561 1288 418 683 1289 561 684 1290 289 681 1291 561 684 1292 562 477 1293 802 685 1294 557 679 1295 290 87 1296 42 86 1297 252 474 1298 563 473 1299 564 478 1300 565 94 1301 799 93 1302 566 686 1303 562 477 1304 564 478 1305 566 686 1306 802 685 1307 551 490 1308 567 672 1309 568 470 1310 804 486 1311 176 552 1312 570 450 1313 416 687 1314 98 553 1315 19 138 1316 180 451 1317 570 450 1318 176 552 1319 254 37 1320 571 688 1321 292 689 1322 43 38 1323 98 553 1324 416 687 1325 571 688 1326 254 37 1327 569 104 1328 573 107 1329 574 466 1330 798 690 1331 576 469 1332 577 462 1333 291 101 1334 795 100 1335 578 691 1336 574 466 1337 576 469 1338 578 691 1339 798 690 1340 291 101 1341 577 462 1342 137 465 1343 24 102 1344 175 547 1345 579 692 1346 414 693 1347 97 548 1348 43 38 1349 292 689 1350 579 692 1351 175 547 1352 253 41 1353 580 458 1354 138 461 1355 3 42 1356 97 548 1357 414 693 1358 580 458 1359 253 41 1360 56 494 1361 212 79 1362 581 694 1363 411 695 1364 212 79 1365 22 78 1366 293 696 1367 581 694 1368 152 412 1369 582 697 1370 412 698 1371 74 413 1372 1 653 1373 134 495 1374 582 697 1375 152 412 1376 134 495 1377 56 494 1378 411 695 1379 582 697 1380 230 133 1381 583 699 1382 294 700 1383 31 134 1384 74 413 1385 412 698 1386 583 699 1387 230 133 1388 55 498 1389 211 75 1390 584 701 1391 410 702 1392 211 75 1393 10 74 1394 257 703 1395 584 701 1396 22 78 1397 133 499 1398 585 704 1399 293 696 1400 133 499 1401 55 498 1402 410 702 1403 585 704 1404 293 696 1405 585 704 1406 586 454 1407 794 705 1408 581 694 1409 595 706 1410 603 707 1411 587 456 1412 793 455 1413 588 457 1414 589 106 1415 791 105 1416 590 708 1417 586 454 1418 588 457 1419 590 708 1420 794 705 1421 151 406 1422 591 709 1423 409 710 1424 73 407 1425 31 134 1426 294 700 1427 591 709 1428 151 406 1429 229 137 1430 592 449 1431 180 451 1432 19 138 1433 73 407 1434 409 710 1435 592 449 1436 229 137 1437 80 506 1438 236 71 1439 593 711 1440 408 712 1441 236 71 1442 34 70 1443 295 713 1444 593 711 1445 10 74 1446 158 507 1447 594 714 1448 257 703 1449 158 507 1450 80 506 1451 408 712 1452 594 714 1453 257 703 1454 594 714 1455 595 706 1456 793 455 1457 584 701 1458 79 510 1459 235 67 1460 596 445 1461 406 715 1462 235 67 1463 0 66 1464 245 446 1465 596 445 1466 34 70 1467 157 511 1468 597 716 1469 295 713 1470 157 511 1471 79 510 1472 406 715 1473 597 716 1474 295 713 1475 597 716 1476 598 443 1477 790 717 1478 593 711 1479 296 111 1480 39 110 1481 246 440 1482 599 439 1483 600 444 1484 601 118 1485 787 117 1486 602 718 1487 598 443 1488 600 444 1489 602 718 1490 790 717 1491 587 456 1492 603 707 1493 604 436 1494 792 452 1495 207 719 1496 606 416 1497 404 720 1498 51 721 1499 8 722 1500 182 417 1501 606 416 1502 207 719 1503 129 723 1504 607 724 1505 298 725 1506 20 726 1507 51 721 1508 404 720 1509 607 724 1510 129 723 1511 605 128 1512 609 131 1513 610 432 1514 786 727 1515 612 435 1516 613 428 1517 297 125 1518 783 124 1519 614 728 1520 610 432 1521 612 435 1522 614 728 1523 786 727 1524 297 125 1525 613 428 1526 248 431 1527 40 126 1528 208 729 1529 615 730 1530 402 731 1531 52 732 1532 20 726 1533 298 725 1534 615 730 1535 208 729 1536 130 733 1537 616 424 1538 247 427 1539 7 734 1540 52 732 1541 402 731 1542 616 424 1543 130 733 1544 54 660 1545 210 662 1546 617 735 1547 399 736 1548 210 662 1549 21 665 1550 299 737 1551 617 735 1552 231 738 1553 618 739 1554 400 740 1555 75 741 1556 5 661 1557 132 657 1558 618 739 1559 231 738 1560 132 657 1561 54 660 1562 399 736 1563 618 739 1564 153 742 1565 619 743 1566 300 744 1567 32 745 1568 75 741 1569 400 740 1570 619 743 1571 153 742 1572 53 677 1573 209 678 1574 620 746 1575 398 747 1576 209 678 1577 9 641 1578 259 748 1579 620 746 1580 21 665 1581 131 674 1582 621 749 1583 299 737 1584 131 674 1585 53 677 1586 398 747 1587 621 749 1588 299 737 1589 621 749 1590 622 420 1591 782 750 1592 617 735 1593 631 751 1594 639 752 1595 623 422 1596 781 421 1597 624 423 1598 625 130 1599 779 129 1600 626 753 1601 622 420 1602 624 423 1603 626 753 1604 782 750 1605 232 754 1606 627 755 1607 397 756 1608 76 757 1609 32 745 1610 300 744 1611 627 755 1612 232 754 1613 154 758 1614 628 415 1615 182 417 1616 8 722 1617 76 757 1618 397 756 1619 628 415 1620 154 758 1621 78 640 1622 234 642 1623 629 759 1624 396 760 1625 234 642 1626 33 645 1627 301 761 1628 629 759 1629 9 641 1630 156 638 1631 630 762 1632 259 748 1633 156 638 1634 78 640 1635 396 760 1636 630 762 1637 259 748 1638 630 762 1639 631 751 1640 781 421 1641 620 746 1642 77 651 1643 233 652 1644 632 411 1645 394 763 1646 233 652 1647 1 653 1648 152 412 1649 632 411 1650 33 645 1651 155 648 1652 633 764 1653 301 761 1654 155 648 1655 77 651 1656 394 763 1657 633 764 1658 301 761 1659 633 764 1660 634 409 1661 778 765 1662 629 759 1663 302 135 1664 31 134 1665 151 406 1666 635 405 1667 636 410 1668 637 142 1669 775 141 1670 638 766 1671 634 409 1672 636 410 1673 638 766 1674 778 765 1675 623 422 1676 639 752 1677 640 402 1678 780 418 1679 154 758 1680 642 382 1681 392 767 1682 76 757 1683 8 722 1684 184 383 1685 642 382 1686 154 758 1687 232 754 1688 643 768 1689 304 769 1690 32 745 1691 76 757 1692 392 767 1693 643 768 1694 232 754 1695 641 152 1696 645 155 1697 646 398 1698 774 770 1699 648 401 1700 649 394 1701 303 149 1702 771 148 1703 650 771 1704 646 398 1705 648 401 1706 650 771 1707 774 770 1708 303 149 1709 649 394 1710 139 397 1711 25 150 1712 153 742 1713 651 772 1714 390 773 1715 75 741 1716 32 745 1717 304 769 1718 651 772 1719 153 742 1720 231 738 1721 652 390 1722 140 393 1723 5 661 1724 75 741 1725 390 773 1726 652 390 1727 231 738 1728 81 357 1729 159 174 1730 653 774 1731 387 775 1732 159 174 1733 35 173 1734 305 776 1735 653 774 1736 130 733 1737 654 777 1738 388 778 1739 52 732 1740 7 734 1741 237 358 1742 654 777 1743 130 733 1744 237 358 1745 81 357 1746 387 775 1747 654 777 1748 208 729 1749 655 779 1750 306 780 1751 20 726 1752 52 732 1753 388 778 1754 655 779 1755 208 729 1756 82 361 1757 160 170 1758 656 781 1759 386 782 1760 160 170 1761 11 169 1762 261 783 1763 656 781 1764 35 173 1765 238 362 1766 657 784 1767 305 776 1768 238 362 1769 82 361 1770 386 782 1771 657 784 1772 305 776 1773 657 784 1774 658 386 1775 770 785 1776 653 774 1777 667 786 1778 675 787 1779 659 388 1780 769 387 1781 660 389 1782 661 154 1783 767 153 1784 662 788 1785 658 386 1786 660 389 1787 662 788 1788 770 785 1789 129 723 1790 663 789 1791 385 790 1792 51 721 1793 20 726 1794 306 780 1795 663 789 1796 129 723 1797 207 719 1798 664 381 1799 184 383 1800 8 722 1801 51 721 1802 385 790 1803 664 381 1804 207 719 1805 57 570 1806 135 23 1807 665 791 1808 384 792 1809 135 23 1810 23 22 1811 307 793 1812 665 791 1813 11 169 1814 213 571 1815 666 794 1816 261 783 1817 213 571 1818 57 570 1819 384 792 1820 666 794 1821 261 783 1822 666 794 1823 667 786 1824 769 387 1825 656 781 1826 58 574 1827 136 19 1828 668 378 1829 382 795 1830 136 19 1831 6 10 1832 249 9 1833 668 378 1834 23 22 1835 214 575 1836 669 796 1837 307 793 1838 214 575 1839 58 574 1840 382 795 1841 669 796 1842 307 793 1843 669 796 1844 670 375 1845 766 797 1846 665 791 1847 308 158 1848 41 6 1849 250 5 1850 671 372 1851 672 377 1852 673 165 1853 763 164 1854 674 798 1855 670 375 1856 672 377 1857 674 798 1858 766 797 1859 659 388 1860 675 787 1861 676 369 1862 768 384 1863 170 123 1864 678 347 1865 379 799 1866 92 430 1867 16 122 1868 186 348 1869 678 347 1870 170 123 1871 248 431 1872 679 800 1873 310 801 1874 40 126 1875 92 430 1876 379 799 1877 679 800 1878 248 431 1879 677 175 1880 681 178 1881 682 363 1882 762 802 1883 684 366 1884 685 359 1885 309 172 1886 759 171 1887 686 803 1888 682 363 1889 684 366 1890 686 803 1891 762 802 1892 309 172 1893 685 359 1894 238 362 1895 35 173 1896 169 127 1897 687 804 1898 377 805 1899 91 426 1900 40 126 1901 310 801 1902 687 804 1903 169 127 1904 247 427 1905 688 355 1906 237 358 1907 7 734 1908 91 426 1909 377 805 1910 688 355 1911 247 427 1912 60 460 1913 216 103 1914 689 806 1915 374 807 1916 216 103 1917 24 102 1918 311 808 1919 689 806 1920 146 43 1921 690 809 1922 375 810 1923 68 544 1924 3 42 1925 138 461 1926 690 809 1927 146 43 1928 138 461 1929 60 460 1930 374 807 1931 690 809 1932 224 545 1933 691 811 1934 312 812 1935 28 46 1936 68 544 1937 375 810 1938 691 811 1939 224 545 1940 59 464 1941 215 99 1942 692 813 1943 373 814 1944 215 99 1945 12 98 1946 263 815 1947 692 813 1948 24 102 1949 137 465 1950 693 816 1951 311 808 1952 137 465 1953 59 464 1954 373 814 1955 693 816 1956 311 808 1957 693 816 1958 694 351 1959 758 817 1960 689 806 1961 703 818 1962 711 367 1963 695 353 1964 757 352 1965 696 354 1966 697 177 1967 755 176 1968 698 819 1969 694 351 1970 696 354 1971 698 819 1972 758 817 1973 145 47 1974 699 820 1975 372 821 1976 67 540 1977 28 46 1978 312 812 1979 699 820 1980 145 47 1981 223 541 1982 700 346 1983 186 348 1984 16 122 1985 67 540 1986 372 821 1987 700 346 1988 223 541 1989 84 523 1990 240 59 1991 701 822 1992 371 823 1993 240 59 1994 36 58 1995 313 824 1996 701 822 1997 12 98 1998 162 524 1999 702 825 2000 263 815 2001 162 524 2002 84 523 2003 371 823 2004 702 825 2005 263 815 2006 702 825 2007 703 818 2008 757 352 2009 692 813 2010 83 527 2011 239 55 2012 704 344 2013 369 826 2014 239 55 2015 2 54 2016 243 301 2017 704 344 2018 36 58 2019 161 528 2020 705 827 2021 313 824 2022 161 528 2023 83 527 2024 369 826 2025 705 827 2026 313 824 2027 705 827 2028 706 342 2029 754 828 2030 701 822 2031 314 182 2032 38 181 2033 244 313 2034 707 340 2035 708 343 2036 709 189 2037 751 188 2038 710 368 2039 706 342 2040 708 343 2041 710 368 2042 754 828 2043 695 353 2044 711 367 2045 712 337 2046 756 349 2047 364 332 2048 713 335 2049 366 336 2050 125 333 2051 101 266 2052 269 219 2053 713 335 2054 364 332 2055 269 219 2056 45 218 2057 315 276 2058 713 335 2059 221 535 2060 714 331 2061 365 334 2062 65 536 2063 15 114 2064 191 267 2065 714 331 2066 221 535 2067 191 267 2068 101 266 2069 364 332 2070 714 331 2071 143 49 2072 715 327 2073 318 330 2074 27 50 2075 65 536 2076 365 334 2077 715 327 2078 143 49 2079 365 334 2080 125 333 2081 363 328 2082 715 327 2083 197 192 2084 716 322 2085 198 325 2086 48 193 2087 358 315 2088 717 318 2089 360 321 2090 124 316 2091 108 324 2092 316 198 2093 717 318 2094 358 315 2095 316 198 2096 44 197 2097 266 319 2098 717 318 2099 199 307 2100 718 314 2101 359 317 2102 109 308 2103 48 193 2104 198 325 2105 718 314 2106 199 307 2107 198 325 2108 108 324 2109 358 315 2110 718 314 2111 317 202 2112 719 310 2113 244 313 2114 38 181 2115 109 308 2116 359 317 2117 719 310 2118 317 202 2119 359 317 2120 124 316 2121 357 311 2122 719 310 2123 354 303 2124 720 306 2125 356 309 2126 123 304 2127 110 329 2128 200 194 2129 720 306 2130 354 303 2131 200 194 2132 48 193 2133 199 307 2134 720 306 2135 222 530 2136 721 302 2137 355 305 2138 66 531 2139 27 50 2140 318 330 2141 721 302 2142 222 530 2143 318 330 2144 110 329 2145 354 303 2146 721 302 2147 144 53 2148 722 298 2149 243 301 2150 2 54 2151 66 531 2152 355 305 2153 722 298 2154 144 53 2155 355 305 2156 123 304 2157 353 299 2158 722 298 2159 350 291 2160 723 294 2161 352 297 2162 122 292 2163 72 514 2164 228 513 2165 723 294 2166 350 291 2167 228 513 2168 30 62 2169 319 295 2170 723 294 2171 245 446 2172 724 290 2173 351 293 2174 89 447 2175 0 66 2176 150 65 2177 724 290 2178 245 446 2179 150 65 2180 72 514 2181 350 291 2182 724 290 2183 167 109 2184 725 286 2185 321 289 2186 39 110 2187 89 447 2188 351 293 2189 725 286 2190 167 109 2191 351 293 2192 122 292 2193 349 287 2194 725 286 2195 346 279 2196 726 282 2197 348 285 2198 121 280 2199 71 519 2200 227 518 2201 726 282 2202 346 279 2203 227 518 2204 18 90 2205 267 283 2206 726 282 2207 319 295 2208 727 278 2209 347 281 2210 111 296 2211 30 62 2212 149 61 2213 727 278 2214 319 295 2215 149 61 2216 71 519 2217 346 279 2218 727 278 2219 111 296 2220 347 281 2221 728 277 2222 201 204 2223 347 281 2224 121 280 2225 345 210 2226 728 277 2227 340 269 2228 729 272 2229 342 275 2230 120 270 2231 113 288 2232 203 206 2233 729 272 2234 340 269 2235 203 206 2236 49 205 2237 202 273 2238 729 272 2239 246 440 2240 730 268 2241 341 271 2242 90 441 2243 39 110 2244 321 289 2245 730 268 2246 246 440 2247 321 289 2248 113 288 2249 340 269 2250 730 268 2251 168 113 2252 731 264 2253 191 267 2254 15 114 2255 90 441 2256 341 271 2257 731 264 2258 168 113 2259 341 271 2260 120 270 2261 339 265 2262 731 264 2263 336 257 2264 732 260 2265 338 263 2266 119 258 2267 96 475 2268 252 474 2269 732 260 2270 336 257 2271 252 474 2272 42 86 2273 322 261 2274 732 260 2275 267 283 2276 733 256 2277 337 259 2278 100 284 2279 18 90 2280 174 89 2281 733 256 2282 267 283 2283 174 89 2284 96 475 2285 336 257 2286 733 256 2287 268 208 2288 189 207 2289 734 829 2290 335 830 2291 326 231 2292 100 284 2293 337 259 2294 734 829 2295 189 207 2296 337 259 2297 119 258 2298 335 830 2299 734 829 2300 332 250 2301 735 253 2302 334 255 2303 118 251 2304 95 481 2305 251 480 2306 735 253 2307 332 250 2308 251 480 2309 4 30 2310 148 29 2311 735 253 2312 322 261 2313 736 249 2314 333 252 2315 114 262 2316 42 86 2317 173 85 2318 736 249 2319 322 261 2320 173 85 2321 95 481 2322 332 250 2323 736 249 2324 204 831 2325 737 245 2326 205 248 2327 50 832 2328 114 262 2329 333 252 2330 737 245 2331 204 831 2332 333 252 2333 118 251 2334 331 246 2335 737 245 2336 328 239 2337 738 242 2338 330 244 2339 117 240 2340 115 247 2341 323 222 2342 738 242 2343 328 239 2344 323 222 2345 29 26 2346 147 25 2347 738 242 2348 206 233 2349 739 238 2350 329 241 2351 116 232 2352 50 832 2353 205 248 2354 739 238 2355 206 233 2356 205 248 2357 115 247 2358 328 239 2359 739 238 2360 324 230 2361 740 234 2362 192 237 2363 46 226 2364 116 232 2365 329 241 2366 740 234 2367 324 230 2368 329 241 2369 117 240 2370 327 235 2371 740 234 2372 335 830 2373 743 833 2374 204 831 2375 50 832 2376 206 233 2377 326 231 2378 327 235 2379 741 223 2380 270 225 2381 102 236 2382 117 240 2383 330 244 2384 741 223 2385 327 235 2386 330 244 2387 69 243 2388 225 224 2389 741 223 2390 331 246 2391 742 220 2392 323 222 2393 115 247 2394 118 251 2395 334 255 2396 742 220 2397 331 246 2398 334 255 2399 70 254 2400 226 221 2401 742 220 2402 119 258 2403 338 263 2404 743 833 2405 335 830 2406 338 263 2407 114 262 2408 204 831 2409 743 833 2410 339 265 2411 744 216 2412 269 219 2413 101 266 2414 120 270 2415 342 275 2416 744 216 2417 339 265 2418 342 275 2419 112 274 2420 320 217 2421 744 216 2422 121 280 2423 348 285 2424 745 211 2425 345 210 2426 348 285 2427 100 284 2428 189 207 2429 745 211 2430 349 287 2431 746 203 2432 203 206 2433 113 288 2434 122 292 2435 352 297 2436 746 203 2437 349 287 2438 352 297 2439 111 296 2440 201 204 2441 746 203 2442 353 299 2443 747 201 2444 165 180 2445 87 300 2446 123 304 2447 356 309 2448 747 201 2449 353 299 2450 356 309 2451 109 308 2452 317 202 2453 747 201 2454 357 311 2455 748 199 2456 166 184 2457 88 312 2458 124 316 2459 360 321 2460 748 199 2461 357 311 2462 360 321 2463 99 320 2464 188 200 2465 748 199 2466 361 323 2467 749 195 2468 316 198 2469 108 324 2470 363 328 2471 750 191 2472 200 194 2473 110 329 2474 125 333 2475 366 336 2476 750 191 2477 363 328 2478 366 336 2479 107 326 2480 197 192 2481 750 191 2482 367 834 2483 710 368 2484 711 367 2485 707 340 2486 368 341 2487 752 183 2488 709 189 2489 708 343 2490 368 341 2491 88 312 2492 166 184 2493 752 183 2494 369 826 2495 704 344 2496 370 345 2497 753 179 2498 706 342 2499 705 827 2500 370 345 2501 87 300 2502 165 180 2503 753 179 2504 367 834 2505 711 367 2506 703 818 2507 754 828 2508 710 368 2509 371 823 2510 701 822 2511 754 828 2512 703 818 2513 702 825 2514 698 819 2515 755 176 2516 700 346 2517 372 821 2518 699 820 2519 695 353 2520 756 349 2521 697 177 2522 696 354 2523 373 814 2524 692 813 2525 757 352 2526 694 351 2527 693 816 2528 698 819 2529 699 820 2530 312 812 2531 691 811 2532 758 817 2533 374 807 2534 689 806 2535 758 817 2536 691 811 2537 375 810 2538 690 809 2539 376 356 2540 759 171 2541 159 174 2542 81 357 2543 686 803 2544 759 171 2545 376 356 2546 688 355 2547 377 805 2548 687 804 2549 378 360 2550 760 167 2551 160 170 2552 82 361 2553 683 365 2554 760 167 2555 378 360 2556 685 359 2557 684 366 2558 680 350 2559 761 364 2560 682 363 2561 681 178 2562 686 803 2563 687 804 2564 310 801 2565 679 800 2566 762 802 2567 677 175 2568 762 802 2569 679 800 2570 379 799 2571 678 347 2572 674 798 2573 763 164 2574 676 369 2575 675 787 2576 380 376 2577 671 372 2578 381 374 2579 764 159 2580 673 165 2581 672 377 2582 381 374 2583 94 373 2584 172 160 2585 764 159 2586 382 795 2587 668 378 2588 383 380 2589 765 156 2590 670 375 2591 669 796 2592 383 380 2593 93 379 2594 171 157 2595 765 156 2596 674 798 2597 675 787 2598 667 786 2599 766 797 2600 384 792 2601 665 791 2602 766 797 2603 667 786 2604 666 794 2605 662 788 2606 767 153 2607 664 381 2608 385 790 2609 663 789 2610 659 388 2611 768 384 2612 661 154 2613 660 389 2614 386 782 2615 656 781 2616 769 387 2617 658 386 2618 657 784 2619 662 788 2620 663 789 2621 306 780 2622 655 779 2623 770 785 2624 387 775 2625 653 774 2626 770 785 2627 655 779 2628 388 778 2629 654 777 2630 389 391 2631 771 148 2632 218 151 2633 62 392 2634 650 771 2635 771 148 2636 389 391 2637 652 390 2638 390 773 2639 651 772 2640 391 395 2641 772 144 2642 217 147 2643 61 396 2644 647 400 2645 772 144 2646 391 395 2647 649 394 2648 648 401 2649 644 385 2650 773 399 2651 646 398 2652 645 155 2653 650 771 2654 651 772 2655 304 769 2656 643 768 2657 774 770 2658 641 152 2659 774 770 2660 643 768 2661 392 767 2662 642 382 2663 638 766 2664 775 141 2665 640 402 2666 639 752 2667 635 405 2668 393 408 2669 776 136 2670 637 142 2671 636 410 2672 393 408 2673 73 407 2674 229 137 2675 776 136 2676 394 763 2677 632 411 2678 395 414 2679 777 132 2680 634 409 2681 633 764 2682 395 414 2683 74 413 2684 230 133 2685 777 132 2686 638 766 2687 639 752 2688 631 751 2689 778 765 2690 396 760 2691 629 759 2692 778 765 2693 631 751 2694 630 762 2695 626 753 2696 779 129 2697 628 415 2698 397 756 2699 627 755 2700 623 422 2701 780 418 2702 625 130 2703 624 423 2704 398 747 2705 620 746 2706 781 421 2707 622 420 2708 621 749 2709 626 753 2710 627 755 2711 300 744 2712 619 743 2713 782 750 2714 399 736 2715 617 735 2716 782 750 2717 619 743 2718 400 740 2719 618 739 2720 401 425 2721 783 124 2722 169 127 2723 91 426 2724 614 728 2725 783 124 2726 401 425 2727 616 424 2728 402 731 2729 615 730 2730 403 429 2731 784 120 2732 170 123 2733 92 430 2734 611 434 2735 784 120 2736 403 429 2737 613 428 2738 612 435 2739 608 419 2740 785 433 2741 610 432 2742 609 131 2743 614 728 2744 615 730 2745 298 725 2746 607 724 2747 786 727 2748 605 128 2749 786 727 2750 607 724 2751 404 720 2752 606 416 2753 602 718 2754 787 117 2755 604 436 2756 603 707 2757 599 439 2758 405 442 2759 788 112 2760 601 118 2761 600 444 2762 405 442 2763 90 441 2764 168 113 2765 788 112 2766 406 715 2767 596 445 2768 407 448 2769 789 108 2770 598 443 2771 597 716 2772 407 448 2773 89 447 2774 167 109 2775 789 108 2776 602 718 2777 603 707 2778 595 706 2779 790 717 2780 408 712 2781 593 711 2782 790 717 2783 595 706 2784 594 714 2785 590 708 2786 791 105 2787 592 449 2788 409 710 2789 591 709 2790 587 456 2791 792 452 2792 589 106 2793 588 457 2794 410 702 2795 584 701 2796 793 455 2797 586 454 2798 585 704 2799 590 708 2800 591 709 2801 294 700 2802 583 699 2803 794 705 2804 411 695 2805 581 694 2806 794 705 2807 583 699 2808 412 698 2809 582 697 2810 413 459 2811 795 100 2812 216 103 2813 60 460 2814 578 691 2815 795 100 2816 413 459 2817 580 458 2818 414 693 2819 579 692 2820 415 463 2821 796 96 2822 215 99 2823 59 464 2824 575 468 2825 796 96 2826 415 463 2827 577 462 2828 576 469 2829 572 453 2830 797 467 2831 574 466 2832 573 107 2833 578 691 2834 579 692 2835 292 689 2836 571 688 2837 798 690 2838 569 104 2839 798 690 2840 571 688 2841 416 687 2842 570 450 2843 566 686 2844 799 93 2845 568 470 2846 567 672 2847 563 473 2848 417 476 2849 800 88 2850 565 94 2851 564 478 2852 417 476 2853 96 475 2854 174 89 2855 800 88 2856 418 683 2857 560 479 2858 419 482 2859 801 84 2860 562 477 2861 561 684 2862 419 482 2863 95 481 2864 173 85 2865 801 84 2866 566 686 2867 567 672 2868 559 671 2869 802 685 2870 420 680 2871 557 679 2872 802 685 2873 559 671 2874 558 682 2875 554 673 2876 803 81 2877 556 483 2878 421 676 2879 555 675 2880 551 490 2881 804 486 2882 553 82 2883 552 491 2884 422 667 2885 548 666 2886 805 489 2887 550 488 2888 549 669 2889 554 673 2890 555 675 2891 288 664 2892 547 663 2893 806 670 2894 423 655 2895 545 654 2896 806 670 2897 547 663 2898 424 659 2899 546 658 2900 425 493 2901 807 76 2902 212 79 2903 56 494 2904 542 647 2905 807 76 2906 425 493 2907 544 492 2908 426 650 2909 543 649 2910 427 497 2911 808 72 2912 211 75 2913 55 498 2914 539 502 2915 808 72 2916 427 497 2917 541 496 2918 540 503 2919 536 487 2920 809 501 2921 538 500 2922 537 83 2923 542 647 2924 543 649 2925 286 644 2926 535 643 2927 810 646 2928 533 80 2929 810 646 2930 535 643 2931 428 639 2932 534 484 2933 429 505 2934 811 68 2935 236 71 2936 80 506 2937 530 636 2938 811 68 2939 429 505 2940 532 504 2941 531 637 2942 430 509 2943 812 64 2944 235 67 2945 79 510 2946 527 512 2947 431 515 2948 812 64 2949 430 509 2950 529 508 2951 528 517 2952 431 515 2953 72 514 2954 150 65 2955 812 64 2956 524 472 2957 432 520 2958 813 60 2959 526 516 2960 525 95 2961 432 520 2962 71 519 2963 149 61 2964 813 60 2965 530 636 2966 531 637 2967 523 634 2968 814 635 2969 521 92 2970 814 635 2971 523 634 2972 522 471 2973 433 522 2974 815 56 2975 240 59 2976 84 523 2977 518 632 2978 815 56 2979 433 522 2980 520 521 2981 519 633 2982 434 526 2983 816 52 2984 239 55 2985 83 527 2986 515 529 2987 435 532 2988 816 52 2989 434 526 2990 517 525 2991 516 534 2992 435 532 2993 66 531 2994 144 53 2995 816 52 2996 512 438 2997 436 537 2998 817 48 2999 514 533 3000 513 119 3001 436 537 3002 65 536 3003 143 49 3004 817 48 3005 518 632 3006 519 633 3007 511 630 3008 818 631 3009 509 116 3010 818 631 3011 511 630 3012 510 437 3013 437 539 3014 819 44 3015 145 47 3016 67 540 3017 506 628 3018 819 44 3019 437 539 3020 508 538 3021 507 629 3022 438 543 3023 820 40 3024 146 43 3025 68 544 3026 503 546 3027 439 549 3028 820 40 3029 438 543 3030 505 542 3031 504 551 3032 439 549 3033 97 548 3034 253 41 3035 820 40 3036 500 404 3037 440 554 3038 821 36 3039 502 550 3040 501 143 3041 440 554 3042 98 553 3043 254 37 3044 821 36 3045 506 628 3046 507 629 3047 499 626 3048 822 627 3049 497 140 3050 822 627 3051 499 626 3052 498 403 3053 441 556 3054 823 32 3055 242 35 3056 86 557 3057 494 624 3058 823 32 3059 441 556 3060 496 555 3061 495 625 3062 442 560 3063 824 28 3064 241 31 3065 85 561 3066 491 563 3067 443 564 3068 824 28 3069 442 560 3070 493 559 3071 492 566 3072 443 564 3073 70 254 3074 148 29 3075 824 28 3076 488 371 3077 444 567 3078 825 24 3079 490 565 3080 489 166 3081 444 567 3082 69 243 3083 147 25 3084 825 24 3085 494 624 3086 495 625 3087 487 622 3088 826 623 3089 485 163 3090 826 623 3091 487 622 3092 486 370 3093 445 569 3094 827 20 3095 135 23 3096 57 570 3097 482 620 3098 827 20 3099 445 569 3100 484 568 3101 483 621 3102 446 573 3103 828 18 3104 136 19 3105 58 574 3106 479 576 3107 447 579 3108 828 18 3109 446 573 3110 481 572 3111 480 581 3112 447 579 3113 64 578 3114 142 11 3115 828 18 3116 476 339 3117 448 584 3118 829 16 3119 478 580 3120 477 190 3121 448 584 3122 63 583 3123 141 15 3124 829 16 3125 482 620 3126 483 621 3127 475 618 3128 830 619 3129 473 187 3130 830 619 3131 475 618 3132 474 338 3133 449 586 3134 831 12 3135 141 15 3136 63 583 3137 126 589 3138 452 594 3139 831 12 3140 449 586 3141 452 594 3142 105 593 3143 273 13 3144 831 12 3145 453 596 3146 832 8 3147 142 11 3148 64 578 3149 127 599 3150 456 602 3151 832 8 3152 453 596 3153 456 602 3154 93 379 3155 249 9 3156 832 8 3157 457 604 3158 833 4 3159 272 7 3160 104 605 3161 128 609 3162 460 612 3163 833 4 3164 457 604 3165 460 612 3166 94 373 3167 250 5 3168 833 4 3169 461 614 3170 834 0 3171 196 3 3172 106 615 3173</p>
        </polylist>
      </mesh>
    </geometry>
    <geometry id="caja-madera-cubierta-lona-mesh" name="caja-madera-cubierta-lona">
      <mesh>
        <source id="caja-madera-cubierta-lona-mesh-positions">
          <float_array id="caja-madera-cubierta-lona-mesh-positions-array" count="1158">0.5911324 0.3234907 0.7783883 0.6961286 0.4708634 0.1413957 0.6203727 -0.4313927 1.015512 0.6961286 -0.4523376 0.1413957 -0.6406669 0.3884395 0.9091947 -0.6912528 0.4708634 0.1413957 -0.4870312 -0.3337723 0.7457156 -0.6912528 -0.4523376 0.1413957 -0.6912528 0.002801001 0.1413957 -2.46854e-4 0.4708634 0.1413957 0.6965439 0.4254129 0.5969079 -0.678383 -0.4338975 0.5816985 0.6884343 -0.4381021 0.5972039 -0.6904581 0.4623826 0.5880312 0.01441854 -0.4223156 0.9628207 0.6444433 -0.04566395 0.9156019 -8.55272e-4 -0.4523376 0.1413957 -0.6562136 0.008798122 0.898828 -0.0786305 0.3224858 0.8643237 0.6961286 -0.001818716 0.1413957 0.001179814 0.4779753 0.5980546 0.6917454 0.001758575 0.5854442 0.04212915 -1.09553e-4 0.1413957 -0.7036439 1.84292e-4 0.569443 0.01964402 -0.4748336 0.6169472 -0.03088974 -0.02977019 0.9562237 -0.6912528 -0.2672698 0.1413957 -0.3944039 0.4708634 0.1413957 0.6896992 0.4499739 0.3832184 -0.6825734 -0.4119747 0.6361826 0.7045752 -0.464592 0.4078636 -0.703943 0.4691621 0.3700946 -0.3194724 -0.3392343 0.8229175 0.6069798 -0.2140959 1.014804 0.3940711 -0.4523376 0.1413957 -0.6326588 0.2022215 0.9123708 0.298491 0.3369229 0.7889457 0.6961286 0.2694483 0.1413957 -0.6912528 0.2721985 0.1413957 0.3937985 0.4708634 0.1413957 0.6580026 0.434038 0.7442889 -0.6914922 -0.44373 0.369096 0.6495985 -0.4468842 0.8012255 -0.6692296 0.4697753 0.8700211 0.3566945 -0.4460639 0.9867306 0.6204946 0.1863065 0.8295742 -0.3945378 -0.4523376 0.1413957 -0.5925284 -0.1565089 0.8095227 -0.3868626 0.3985598 0.9367972 0.6961286 -0.2688264 0.1413957 0.3884865 0.4800765 0.6081715 -0.3968566 0.4850115 0.6021375 0.002176463 0.4811295 0.3907924 -0.009542226 0.4816611 0.794501 0.7211866 -0.2636924 0.6160317 0.7131986 0.2796441 0.6092525 0.7468053 0.005692958 0.401808 0.6903774 -0.03563064 0.7959461 -0.03017777 -0.3059372 0.1413957 -0.02888095 0.2202165 0.1413957 -0.3871753 -5.36029e-4 0.1413957 0.3925774 3.8961e-4 0.1413957 -0.7207216 0.2702708 0.5932349 -0.7217636 -0.2920292 0.6120319 -0.6938139 1.66787e-4 0.3807274 -0.6856806 -0.03464448 0.754891 -0.3997527 -0.4560849 0.6197936 0.4135689 -0.4707826 0.6077054 -0.01966834 -0.5073814 0.4221835 0.008959472 -0.4717621 0.8207446 0.01734489 -0.2605516 0.9774237 -0.07809937 0.1366199 0.9313271 0.3962914 -0.07109272 0.9448605 -0.3759619 -0.02401787 0.9494992 -0.4022691 0.1969549 0.9422285 0.373493 0.1661952 0.8288017 0.3731917 -0.1899967 1.003532 0.4031712 -0.4741793 0.8347545 0.4016973 -0.5014706 0.4290364 -0.3981074 -0.4570121 0.3845887 -0.6829867 -0.2215127 0.7416628 -0.7488864 -0.2683948 0.3729003 -0.6938287 0.2699134 0.3799399 0.3944652 0.269978 0.1413957 -0.3753057 0.2975708 0.1413957 -0.3904801 -0.2905662 0.1413957 0.6853989 0.2223112 0.7743582 0.7329953 0.2676969 0.4017458 0.7450897 -0.2717984 0.371563 -0.3584042 0.4591403 0.8006116 -0.3976013 0.4899589 0.3713852 0.3879887 0.4679253 0.3819553 0.3928605 0.4586802 0.7492955 0.693657 -0.2617175 0.7942862 0.3947386 -0.2883316 0.1413957 -0.6644966 0.257976 0.835992 -0.3508602 -0.4533636 0.7547682 -0.3207331 -0.1842609 0.9072422 -0.6912528 -0.372269 0.1413957 -0.5622876 0.4708634 0.1413957 0.6958554 0.4650641 0.2652245 -0.6015077 -0.3789963 0.685197 0.6958554 -0.443503 0.2685263 -0.6909471 0.4650641 0.2680404 -0.4145368 -0.3259152 0.7778436 0.6208128 -0.3428003 1.032472 0.5625264 -0.4523376 0.1413957 -0.634736 0.2961967 0.911624 0.4318343 0.3367545 0.7728874 0.6961286 0.3796288 0.1413957 -0.6912528 0.1366631 0.1413957 0.1966966 0.4708634 0.1413957 0.6786919 0.4313841 0.6709889 -0.6904362 -0.4338591 0.4751098 0.6721963 -0.4405462 0.6972723 -0.6831641 0.4453147 0.7391315 0.1841489 -0.4372106 0.977831 0.6460902 0.07074731 0.8586833 -0.1977609 -0.4523376 0.1413957 -0.6347808 -0.0747742 0.8534886 -0.2314626 0.3588575 0.9270622 0.6961286 -0.1354347 0.1413957 0.5595164 0.4664225 0.6032799 -0.1981685 0.4771223 0.5900806 4.34549e-4 0.4650641 0.2652245 -0.003179252 0.4839208 0.7049777 0.7066106 -0.3573621 0.6110929 0.6906599 0.1397906 0.5975874 0.6958554 0.005120515 0.3199226 0.7000279 -0.03861218 0.6966788 -0.03051471 -0.3878756 0.1413957 0.008555173 0.1177597 0.1413957 -0.5514937 1.58177e-4 0.1413957 0.2322121 -6.65586e-4 0.1413957 -0.7236989 0.3761478 0.5989722 -0.727867 -0.1556555 0.5944523 -0.6909471 0.00200951 0.2680404 -0.6709195 -0.01867431 0.6600725 -0.5493954 -0.4577423 0.5988709 0.2200805 -0.4714006 0.6123628 -0.009910047 -0.443503 0.2685263 0.01285493 -0.4788633 0.7160788 0.01456856 -0.3417101 0.9700679 -0.05077695 0.05985939 0.9431113 0.5338497 -0.06021499 0.9353992 -0.2094642 -0.02950894 0.9243418 -0.6912528 -0.1320217 0.1413957 -0.197291 0.4708634 0.1413957 0.6915419 0.4313399 0.4886533 -0.6823222 -0.4227254 0.6103659 0.6926978 -0.440869 0.4982666 -0.692644 0.4690429 0.4763857 -0.1532849 -0.3833131 0.9065507 0.6185469 -0.1277379 0.9747163 0.1969253 -0.4523376 0.1413957 -0.6517042 0.1033491 0.8973561 0.1087233 0.3292483 0.8021553 0.6961286 0.1338142 0.1413957 -0.6912528 0.3796606 0.1413957 0.5532798 0.4708634 0.1413957 0.6319545 0.3899449 0.7632868 -0.6909471 -0.443503 0.2680404 0.629931 -0.4413543 0.9208263 -0.6555132 0.4403644 0.899516 0.5021381 -0.4466679 0.9976574 0.6052283 0.2561217 0.8072421 -0.553477 -0.4523376 0.1413957 -0.5332094 -0.2375859 0.7726266 -0.5324407 0.3971428 0.9347751 0.6961286 -0.3771949 0.1413957 0.1937518 0.4858507 0.6061039 -0.556312 0.4922592 0.5967224 6.18534e-4 0.4767844 0.4949662 -0.0381639 0.4190904 0.8414068 0.7112401 -0.131663 0.5996543 0.7284982 0.3609794 0.6058499 0.7169288 0.007173717 0.4662249 0.6563879 -0.02304846 0.8731503 0.009750008 -0.1531982 0.1413957 -0.03205746 0.3531707 0.1413957 -0.1719909 -9.32462e-4 0.1413957 0.5705663 -9.15427e-4 0.1413957 -0.7341024 0.1409474 0.5940843 -0.7108464 -0.3639643 0.598925 -0.7301055 0.007862448 0.4886233 -0.6735908 -0.0127452 0.8292229 -0.1900436 -0.4678225 0.6145117 0.5660181 -0.4693455 0.6040267 -0.00810945 -0.486464 0.4881821 0.02106487 -0.4584256 0.9143275 -0.009559273 -0.1465374 0.9762459 -0.08244651 0.2288084 0.900184 0.1865152 -0.05937314 0.9376168 -0.5284455 -0.002135634 0.9302826 -0.3962242 0.08516484 0.9388892 -0.3993898 0.295586 0.94125 -0.2123388 0.1840102 0.9305507 -0.5134348 0.1959123 0.9337285 0.3910741 0.04361987 0.880396 0.3360134 0.2471331 0.8004527 0.4898885 0.1721174 0.8209372 0.1560694 0.153259 0.8577238 0.3676308 -0.3220444 0.9947849 0.3863332 -0.1346935 0.9858555 0.5039091 -0.1982795 1.006889 0.1955831 -0.2288529 0.9867718 0.2114536 -0.4590406 0.8311825 0.5417428 -0.4774535 0.8198669 0.4194995 -0.4625941 0.7221062 0.3792822 -0.4662154 0.9269616 0.1906607 -0.4592733 0.4209827 0.5673815 -0.4874534 0.4148074 0.3964042 -0.443503 0.2685263 0.40477 -0.4750986 0.5062941 -0.5565584 -0.4653031 0.3753938 -0.1919103 -0.4651615 0.3847445 -0.3947415 -0.443503 0.2685263 -0.397957 -0.4586061 0.4944747 -0.6782042 -0.1290316 0.7555183 -0.6888292 -0.3183976 0.6831288 -0.7110738 -0.2570211 0.6665909 -0.6425185 -0.1940523 0.7837324 -0.6939185 -0.1335112 0.3776463 -0.7269825 -0.3537859 0.3621383 -0.6909471 -0.2666695 0.2680404 -0.7349135 -0.2756844 0.5078541 -0.7240828 0.3926356 0.396101 -0.6937836 0.1349886 0.3801625 -0.6909471 0.2715825 0.2680404 -0.7222201 0.2716246 0.4848101 0.3958574 0.1354587 0.1413957 0.3943359 0.3820555 0.1413957 0.1834594 0.2529144 0.1413957 0.557801 0.270119 0.1413957 -0.3803741 0.1516396 0.1413957 -0.3844509 0.3952702 0.1413957 -0.5503669 0.2830505 0.1413957 -0.2016382 0.264765 0.1413957 -0.3923048 -0.3864405 0.1413957 -0.3877064 -0.1407871 0.1413957 -0.5503885 -0.2928662 0.1413957 -0.2062475 -0.290237 0.1413957 0.690123 0.1024706 0.7920928 0.6727333 0.334859 0.7562927 0.6980583 0.2354534 0.6792636 0.661862 0.2112943 0.8087961 0.7399062 0.1299824 0.3937931 0.7279971 0.3688591 0.3867497 0.6958554 0.2692692 0.2647845 0.7278438 0.274193 0.525774 0.7334516 -0.3755313 0.3915201 0.7380965 -0.1270238 0.3555765 0.6958554 -0.269024 0.2494567 0.7233419 -0.2701899 0.464393 -0.1724186 0.4650002 0.8144735 -0.534344 0.4507166 0.8462927 -0.3817884 0.4718486 0.7049329 -0.3701362 0.4400379 0.9008539 -0.1961608 0.4840552 0.3843184 -0.5677204 0.4929009 0.3727545 -0.3957697 0.4650641 0.2652245 -0.3952959 0.482442 0.484925 0.5554382 0.4691447 0.3792447 0.1943259 0.4780797 0.3819295 0.3914667 0.4650641 0.2652245 0.3898806 0.4690357 0.4962415 0.5391271 0.4521457 0.7424737 0.190143 0.4718821 0.7626953 0.3935316 0.4740658 0.6782657 0.3472853 0.409093 0.7821215 0.6762328 -0.3580977 0.8062159 0.7070491 -0.1518455 0.7985407 0.7089431 -0.2583014 0.7034537 0.6780011 -0.2370526 0.9263141 0.3944777 -0.3870809 0.1413957 0.3960281 -0.1395134 0.1413957 0.1863018 -0.2894986 0.1413957 0.5637154 -0.2851326 0.1413957 -0.6967453 0.3803987 0.8415004 -0.6558247 0.125967 0.8095002 -0.7271277 0.2640936 0.7239403 -0.6543033 0.230711 0.884598 -0.5285458 -0.4369336 0.6881151 -0.1746121 -0.4481777 0.7954427 -0.3788384 -0.4672532 0.6915505 -0.3305569 -0.3980238 0.796641 -0.315571 -0.255024 0.8656157 -0.3476992 -0.1021952 0.9359775 -0.1602891 -0.2295295 0.9478914 -0.4489223 -0.1639313 0.8540799 -0.4782978 -0.08232468 0.891505 -0.1904825 -0.13567 0.9365088 -0.157794 -0.3057141 0.9363015 -0.1529817 -0.4494408 0.8699211 -0.1815333 -0.4606742 0.7017698 -0.538331 -0.4470089 0.6507441 -0.6633759 0.1146703 0.8636252 -0.7252256 0.1279075 0.6937696 -0.7273749 0.3606157 0.7269417 0.5620256 -0.139447 0.1413957 0.202756 -0.1399772 0.1413957 0.1916224 -0.3873301 0.1413957 0.6739413 -0.1551965 0.8717887 0.7223526 -0.1423462 0.7027788 0.692058 -0.358487 0.7039388 0.1558164 0.4136809 0.7923848 0.1957438 0.4912511 0.6916003 0.5496979 0.4696493 0.6790038 0.1952864 0.4732327 0.4941851 0.1960011 0.4650641 0.2652245 0.5530328 0.4650641 0.2652245 -0.5629082 0.4845845 0.4844619 -0.5636053 0.4650641 0.2652245 -0.1977738 0.4650641 0.2652245 -0.5260213 0.4495264 0.9130714 -0.5201288 0.4660903 0.6976391 -0.1818518 0.4623596 0.7045209 0.7080747 -0.117681 0.4785369 0.6958554 -0.1349958 0.2599376 0.6958554 -0.3772285 0.2589942 0.713549 0.3540647 0.470457 0.6958554 0.3736634 0.2631416 0.6958554 0.1349974 0.263098 0.6454536 0.3006546 0.7901377 0.7109513 0.3667145 0.6690369 0.6917551 0.1431712 0.7158877 -0.1891008 -0.1406408 0.1413957 -0.5511415 -0.1413964 0.1413957 -0.5520307 -0.3780344 0.1413957 -0.1994007 0.3556399 0.1413957 -0.5566082 0.3870761 0.1413957 -0.5509907 0.1520984 0.1413957 0.5557546 0.3802249 0.1413957 0.1900291 0.371774 0.1413957 0.2013885 0.1262456 0.1413957 -0.7117071 0.1416769 0.4905081 -0.6909471 0.136376 0.2680404 -0.6909471 0.381032 0.2680404 -0.7226357 -0.3640096 0.4934819 -0.6909471 -0.369455 0.2680404 -0.6909471 -0.1323587 0.2680404 -0.6291482 -0.2760768 0.7342361 -0.7064687 -0.3469899 0.6454712 -0.6969496 -0.1322609 0.667899 -0.1979495 -0.4609451 0.5103511 -0.202085 -0.443503 0.2685263 -0.5550644 -0.443503 0.2685263 0.572487 -0.4729562 0.508667 0.5641365 -0.443503 0.2685263 0.1931608 -0.443503 0.2685263 0.5204752 -0.4661378 0.9269422 0.5565109 -0.4725993 0.712607 0.2054404 -0.4624592 0.7149612 0.1928809 -0.1429889 0.9801317 0.5198282 -0.134121 0.9842245 0.5030511 -0.331537 1.000712 0.1287381 0.223384 0.839402 0.4626705 0.2512732 0.7897963 0.5098532 0.05028152 0.8722262 -0.5159423 0.3003495 0.9315531 -0.2185339 0.2716383 0.9388492 -0.2215977 0.07239955 0.9215956 -0.525621 0.09645676 0.9359813 0.1668164 0.04275333 0.8935455 0.1873278 -0.3318959 0.9819989 0.1950426 -0.4577672 0.9153333 0.2038178 -0.4687818 0.5166356 -0.5557357 -0.4511049 0.4876865 -0.6677929 -0.1048089 0.8176026 -0.7275748 -0.1390025 0.5003151 -0.7128386 0.3754349 0.4723492 0.5591382 0.1349035 0.1413957 -0.1863436 0.1520099 0.1413957 -0.201775 -0.3870155 0.1413957 0.6743426 0.08538484 0.8379278 0.7329627 0.1405813 0.4808125 0.7070514 -0.362582 0.4820721 -0.1998603 0.4443355 0.8851211 -0.1985902 0.4804791 0.4982212 0.5559009 0.4656162 0.492783 0.4839788 0.4034172 0.7642529 0.6605023 -0.3489199 0.9266904 0.5631536 -0.3785017 0.1413957 -0.6492093 0.330566 0.8972408 -0.461975 -0.3901269 0.7307586 -0.4217935 -0.2429561 0.8083775</float_array>
          <technique_common>
            <accessor source="#caja-madera-cubierta-lona-mesh-positions-array" count="386" stride="3">
              <param name="X" type="float"/>
              <param name="Y" type="float"/>
              <param name="Z" type="float"/>
            </accessor>
          </technique_common>
        </source>
        <source id="caja-madera-cubierta-lona-mesh-normals">
          <float_array id="caja-madera-cubierta-lona-mesh-normals-array" count="963">-0.3737641 -0.4555851 0.807925 -0.2384167 -0.478268 0.8452321 -0.3011658 -0.3872001 0.8714215 -0.3991609 -0.3448367 0.8495636 -0.3690394 -0.3607992 0.8565244 -0.3159693 -0.4112515 0.8550063 -0.8063414 -0.06833189 0.58749 -0.5009094 -0.01965427 0.8652766 -0.4478072 0.0544461 0.892471 -0.4856587 0.471284 0.7362249 0 0 -1 0.7079304 6.1039e-5 -0.7062824 0.5744953 -0.5986972 -0.558137 0 -0.7312035 -0.6821596 0.951006 -0.1583942 0.2655162 0.457022 -0.07336765 0.8864244 0.4655733 -0.5571009 0.6876628 0.6644748 -0.7183726 0.2059469 0.06164747 0.2685024 0.9613044 0.06256479 0.1439296 0.9876082 -0.04525917 0.260019 0.9645423 0.2007543 0.2903583 0.9356227 0.1292492 0.9914802 0.01617521 0.1713338 0.9851849 -0.007446587 0.6850446 0.7278027 0.03189301 0.6663355 0.7446185 0.03924822 0.01626676 0.9995666 0.02453744 0.007324516 0.9989498 0.04522919 -0.02575826 0.9995077 -0.01791483 0.007873833 0.9999477 0.006531 0.1635519 0.6865275 0.7084708 0.2050907 0.2561192 0.944638 0.3263406 0.2259023 0.9178617 0.252002 0.3920879 0.8847385 0.9768928 -0.1640718 0.1369706 0.9773886 -0.1926088 0.08725535 0.7311144 -0.6791099 0.06543284 0.7233459 -0.6728969 0.1548566 0.9795836 -0.04254412 0.1964843 0.9879842 -0.06866723 0.1384636 0.9964097 0.03326553 0.07785356 0.9710499 -0.04687696 0.2342324 0.7635268 0.1458507 0.6290902 0.3789875 0.3186205 0.8688209 0.5794102 0.3313488 0.744642 0.8714746 0.1091365 0.4781437 0.7078236 1.22075e-4 -0.7063893 0.7077474 0 -0.7064657 -0.9942124 0.1064497 -0.01449644 -0.9815324 0.1911121 -0.00839281 -0.6359202 0.7694094 0.06012201 -0.6520758 0.7565739 0.04892241 -0.9960718 0.08523893 -0.02398771 -0.9739708 0.08218657 0.2112498 -0.9858638 -0.02530044 0.165628 -0.9949489 0.02203464 -0.09793531 -0.7473887 -0.3111754 0.5870094 -0.4634639 -0.4570243 0.759164 -0.6520538 -0.1933119 0.7331142 -0.9630975 -0.06186258 0.2619471 -0.08139455 -0.9961755 0.0317704 -0.118871 -0.989941 0.07672446 -0.5590415 -0.8179317 0.1358692 -0.619631 -0.7825425 0.06070262 0.01239055 -0.9986912 0.04962325 0.01895213 -0.9990924 0.0381484 -0.004974544 -0.9996088 0.0275278 -0.01254308 -0.9980174 0.06167793 -0.03595113 -0.9758703 0.2153714 -0.07709264 -0.5774626 0.8127692 -0.1971547 -0.4873932 0.8506338 -0.1128301 -0.9213495 0.3720007 -0.0663492 -0.05615574 0.996215 -0.1615703 -0.1203689 0.979493 0.1353221 0.352161 0.926105 0.05978631 0.1774669 0.9823091 -0.02075296 0.2031351 0.9789308 0.05340796 0.3943035 0.9174271 -0.1603166 -0.006012201 0.9870474 -0.6842703 0.007049918 0.7291945 -0.2113764 -0.2443372 0.9463717 0.004303157 0.02371323 0.9997096 0.01406902 0.006378352 0.9998808 -0.05029505 -0.1108444 0.9925644 -0.03186136 0.06161695 0.9975912 0.1789951 0.114508 0.9771636 -0.01065123 0.01773178 0.9997861 -0.006500601 -0.01977652 0.9997834 0.06912654 0.0215162 0.997376 -0.1190861 0.001586973 0.9928827 -0.5426255 0.002563536 0.8399708 -0.1310481 -5.18821e-4 0.9913759 0.02401888 0.4223908 0.9060956 0.04138439 0.4262654 0.903651 0.009186208 0.4992011 0.8664376 0.03988891 0.5195022 0.8535376 -0.006195306 0.2917912 0.9564621 0.09741854 0.2870673 0.9529439 0.07065218 0.365896 0.9279701 -0.0150156 0.3458474 0.9381706 0.1962687 0.3222824 0.9260737 0.2717702 0.262462 0.9258805 0.1284247 0.1706938 0.976919 0.1731016 0.3302419 0.927888 -0.1191769 -0.03802675 0.9921446 -0.05914521 -0.05023372 0.9969847 -0.06332808 -0.6188151 0.7829799 -0.03369313 -0.6617465 0.7489702 0.02404934 0.4531534 0.8911081 -0.02044779 0.3931775 0.9192352 -0.05093586 0.1040691 0.9932649 -0.04309314 0.1763097 0.9833911 -0.02401834 0.2564504 0.966259 -0.09082424 0.1175588 0.988904 -0.1141402 -0.03936922 0.9926843 -0.06204557 0.0192576 0.9978875 0.0240181 -0.9992704 0.02969455 -0.002960324 -0.9995298 0.03051906 -0.03409004 -0.996151 0.08075416 -0.01562577 -0.998679 0.04895275 0.1157881 -0.9932023 -0.01193279 0.1171326 -0.9926359 0.03088539 -0.03711146 -0.9992629 0.009827196 -0.03109842 -0.9994847 -0.007965326 0.09824109 -0.9801529 0.172189 -0.03634768 -0.9829447 0.1802737 0.003753781 -0.9963822 -0.08490365 0.01959311 -0.9959855 -0.08734518 -0.01605278 -0.9969232 -0.07672393 0.009979724 -0.99459 -0.103399 0.02603298 -0.9944128 -0.102301 0.09607511 -0.9949024 -0.03064149 -0.03228956 -0.9984753 -0.04477202 -0.01785361 -0.9945841 -0.1023913 0.1408769 -0.98153 0.1294322 0.1268668 -0.9915266 0.02792471 -0.007263422 -0.9992411 0.03827035 -0.0159921 -0.9949616 0.09897422 -0.01144444 -0.9994518 -0.03106784 -0.04974657 -0.9984716 -0.02407974 -0.6243849 -0.7800004 -0.04174971 -0.684877 -0.7257725 -0.06479179 -0.0243237 -0.9967533 -0.07675546 -0.07822126 -0.9924308 -0.09467124 -0.004150569 -0.9983106 -0.05795574 0.002288877 -0.9991255 -0.04174971 -0.07834154 -0.9962837 0.03579843 -0.04712128 -0.9988867 0.00225836 -0.03470045 -0.9993562 -0.009125232 -0.01953226 -0.9997788 0.007812917 -0.964788 0.1129192 0.2375576 -0.9577088 -0.05661225 0.2821153 -0.9908555 -0.0187996 0.1336115 -0.9773769 -0.03045815 0.2093005 -0.9022049 -0.2734509 0.333543 -0.6528415 -0.3606178 0.6661479 -0.7783692 -0.2456209 0.5777646 -0.9391916 -0.05676531 0.3386693 -0.2864801 -0.4707221 0.8344759 -0.220624 -0.5104354 0.8311323 -0.4381049 -0.4369757 0.7855675 -0.9961646 0.04968458 -0.0720244 -0.9812695 0.09924697 -0.1651064 -0.9887061 0.01193302 -0.1493924 -0.9999317 1.83115e-4 -0.01168882 -0.9868226 -0.07889086 -0.1412711 -0.9645346 -0.2158941 -0.1518644 -0.9854285 0.03289949 -0.1668779 -0.9842782 0.03039717 -0.1739906 -0.9499631 -0.3040602 0.07153636 -0.9424878 -0.3029316 0.1412419 -0.9819192 -0.0797767 0.1716695 -0.9985394 -0.0323497 0.04327541 -0.9963641 -0.01007133 -0.08459949 -0.9971276 0.05652177 -0.0504179 -0.7097807 0.7004725 -0.07449692 -0.6981047 0.7077183 -0.1085581 -0.9999338 -3.05193e-5 -0.01150572 -0.9918715 0.006988823 -0.1270511 -0.990658 -0.06305295 -0.1209176 -0.998701 -0.02993905 -0.04123103 -0.9910426 -0.003906428 -0.13349 -0.9967463 -0.07699906 0.02383524 -0.9990036 0.01617497 -0.04159712 -0.9935606 -0.02182137 -0.1111823 0.7078999 0 -0.7063129 -3.05189e-5 -0.7312329 -0.682128 0.9988083 -0.005218803 0.04852581 0.9613354 0.05911445 0.2689603 0.9648951 0.08423298 0.248762 0.993583 0.1102048 0.02545297 0.9458703 0.1852798 0.26646 0.7870272 0.1922094 0.5862113 0.9115703 0.1126759 0.3954034 0.9881265 -0.05310374 0.1441736 0.3423346 0.2912454 0.893299 0.01455771 0.2946337 0.9554995 0.1236326 0.3002463 0.9458156 0.5737534 0.2431432 0.7821052 0.9888816 -0.00564599 -0.1485977 0.9935737 -0.01632761 -0.1120043 0.9986339 -0.03256344 -0.04086458 0.9599595 0.0237441 -0.2791311 0.9949449 0.05551373 -0.08368265 0.9831432 0.1783232 -0.04037678 0.9944009 0.05688738 -0.08905446 0.9903954 0.009399771 -0.1379448 0.9739301 0.2206846 0.05252361 0.9817749 0.1705417 0.08386695 0.9854549 -0.09006124 0.1441102 0.9934927 -0.009094715 0.1135315 0.9893001 -0.07409983 -0.1256768 0.9882149 -0.1530237 0.003875911 0.6673804 -0.7445008 0.01794493 0.6889764 -0.71504 -0.1184459 0.9808131 0.03222781 -0.1922684 0.9887505 0.05380475 -0.1395628 0.9976924 -0.02417093 -0.06344872 0.9852029 -0.01910465 -0.1703245 0.9875624 0.02722287 0.1548531 0.9966098 0.08194446 0.007355153 0.9969218 -0.06436377 0.04477083 0.9900301 -0.02136313 0.1392267 -0.02990835 0.9982069 0.05185133 0.01641947 0.9626159 0.2703723 0.06790542 0.880573 0.4690204 -0.0454728 0.998388 0.03396725 -0.04623645 0.9905894 0.1288211 0.008362114 0.9929875 0.1179243 -0.007690787 0.992302 0.1236028 0.004699885 0.9928693 0.119115 -0.01486295 0.7752258 0.6315095 -0.1026973 0.1938583 0.9756395 0.0438565 0.2980228 0.9535508 0.05163788 0.8164105 0.5751587 0.007629692 0.9981491 -0.06033569 0.01577824 0.9980275 -0.060763 0.0124517 0.9989764 -0.04348945 0.003692805 0.9991073 -0.04208594 -0.01947093 0.9968951 -0.07629686 -0.05554473 0.9961131 -0.06836277 0.01507645 0.996543 -0.08169984 0.00714153 0.9963687 -0.08484405 -0.0697655 0.9973782 0.01922667 -0.07718175 0.9934137 0.08468931 0.02349966 0.9971502 0.0716893 0.02145457 0.9995755 0.01971501 0.01583921 0.9994905 0.02771103 0.06579959 0.9973406 0.03134328 0.6409762 0.7660157 0.04867899 0.6766361 0.7363007 0.005005061 0.007843255 0.9997016 -0.02313315 0.02136313 0.9992162 -0.0333265 0.01666325 0.9997034 -0.01776188 0.005371332 0.9999853 -7.62975e-4 0.01806706 0.9994587 -0.02749735 0.008179068 0.9983401 -0.05700963 0.04748696 0.9982953 -0.03393667 0.02996927 0.9989962 -0.03329581 0.1504284 0.9832021 0.1033681 0.1025758 0.7748585 0.6237567 0.4987449 0.6375157 0.58722 0.6437457 0.7392104 0.1978878 0.03332626 0.9961274 0.0813626 0.09274858 0.8068426 0.5834403 0.08606529 0.7699488 0.6322749 0.0608862 0.990355 0.1244581 0.1493282 0.2643533 0.9527952 0.2042307 0.1807009 0.9621004 0.09140461 0.1469494 0.9849117 0.094639 0.2447919 0.9649459 0.9654064 -0.2092685 0.1555551 0.9617677 -0.2251062 0.1559813 0.6782012 -0.7256284 0.1162177 0.7092267 -0.6986367 0.09436416 0.9964802 0.05572789 0.06262522 0.9717838 0.0466634 0.2312114 0.9794967 -0.1115457 0.1677611 0.9869586 -0.1127377 0.1149046 0.924247 0.1025754 0.3677578 0.4948695 0.3894561 0.7768064 0.4067916 0.1949571 0.8924754 0.9285186 0.04498541 0.3685508 0.7078542 -1.52594e-4 -0.7063587 0.7079608 0 -0.7062518 -0.9812191 0.1324833 0.1402046 -0.9294286 0.06909519 0.3624753 -0.5104291 0.8050589 0.3022289 -0.6133438 0.7846785 0.08993995 -0.9658578 -0.1363578 0.2202844 -0.9789726 -0.03299152 0.2013063 -0.9303829 -0.1173164 0.3473104 -0.9697642 -0.07245153 0.2330412 -0.9756845 0.04626637 0.2142416 -0.9186494 -0.03299093 0.3936938 -0.1798466 -0.9591108 0.2185443 -0.3040359 -0.7137305 0.630992 -0.5585317 -0.6015943 0.5710751 -0.6249144 -0.7233088 0.2937794 -0.04529088 -0.9967355 0.0668376 -0.1429507 -0.9590885 0.2443652 -0.2191591 -0.8325666 0.5087262 -0.08270603 -0.9880171 0.1303154 -0.2974684 -0.7897392 0.5364929 -0.3909191 -0.3950392 0.8313402 -0.4644427 -0.3482557 0.8142549 -0.4053305 -0.5036341 0.7629285 -0.3474926 -0.2576134 0.901601 -0.4410704 -0.3979156 0.8044378 -0.1321786 -0.01510697 0.9911108 -0.1704486 -0.2470207 0.9539015 -0.3309222 -0.3532319 0.8750531 -0.2522066 -0.1455132 0.9566701 -0.2761682 -0.4741462 0.8360123 -0.3321087 -0.5124765 0.7918787 0 0.7234546 -0.6903719 0.5756225 0.5917977 -0.5642999 1.52596e-4 0.7233652 -0.6904656 -0.5756245 0.5916776 -0.5644239 -0.7079608 0 -0.7062518 -0.5745242 -0.5987564 -0.5580438</float_array>
          <technique_common>
            <accessor source="#caja-madera-cubierta-lona-mesh-normals-array" count="321" stride="3">
              <param name="X" type="float"/>
              <param name="Y" type="float"/>
              <param name="Z" type="float"/>
            </accessor>
          </technique_common>
        </source>
        <source id="caja-madera-cubierta-lona-mesh-map-0">
          <float_array id="caja-madera-cubierta-lona-mesh-map-0-array" count="3072">0.7677891 0.6243687 0.7552306 0.6231067 0.7552306 0.6145208 0.7677891 0.6170448 0.8429093 0.5547392 0.8421596 0.5635775 0.8311005 0.5602016 0.8311005 0.5530512 0.8731067 0.7285262 0.8731067 0.7343316 0.8645208 0.7343316 0.8645208 0.7271813 0.7621773 0.5931403 0.7621773 0.6056988 0.7535914 0.6056988 0.7535914 0.5931403 0.7621773 0.7398506 0.7621773 0.7470009 0.7535914 0.7470009 0.7535914 0.7398506 0.9540697 0.6210788 0.9540697 0.6139284 0.9666282 0.6139284 0.9666282 0.6210788 0.9540697 0.64968 0.9540697 0.6425297 0.9666283 0.6425297 0.9666283 0.64968 0.9038355 0.64968 0.9038355 0.6425297 0.9163941 0.6425297 0.9163941 0.64968 0.9047628 0.617416 0.9056639 0.6068968 0.9200509 0.5998651 0.9171946 0.6144588 0.7621773 0.7112494 0.7621773 0.7183997 0.7535914 0.7183997 0.7535914 0.7112494 0.7965208 0.7112494 0.7965208 0.7183997 0.787935 0.7183997 0.787935 0.7112494 0.7965208 0.7398506 0.7965208 0.7470009 0.787935 0.7470009 0.787935 0.7398506 0.7621774 0.5429061 0.7621774 0.5554646 0.7535915 0.5554646 0.7535915 0.5429061 0.796521 0.5429061 0.796521 0.5554646 0.787935 0.5554646 0.787935 0.5429061 0.7965209 0.5931403 0.7965209 0.6056989 0.787935 0.6056989 0.787935 0.5931403 0.8731067 0.69858 0.8731067 0.7057303 0.8645208 0.7057303 0.8645208 0.69858 0.9074503 0.69858 0.9074503 0.7057303 0.8988643 0.7057303 0.8988644 0.69858 0.9074502 0.7262027 0.9074502 0.7343316 0.8988643 0.7343316 0.8999966 0.7270973 0.8436591 0.52445 0.8436591 0.5316004 0.8311005 0.5316004 0.8311005 0.5244501 0.8938933 0.52445 0.8938933 0.5316004 0.8813347 0.5316004 0.8813347 0.52445 0.8937739 0.5535671 0.8936545 0.5612332 0.8808572 0.5622648 0.881096 0.5540829 0.8180233 0.6240086 0.8054648 0.6249105 0.8054648 0.6181284 0.8180233 0.6163246 0.8180233 0.6574503 0.8054648 0.6574503 0.8054648 0.6488644 0.8180233 0.6488644 0.7677891 0.6574503 0.7552305 0.6574503 0.7552305 0.6488643 0.7677891 0.6488644 0.7929062 0.6574503 0.7803476 0.6574503 0.7803476 0.6488644 0.7929062 0.6488644 0.7929062 0.6729227 0.7803476 0.6746221 0.7803476 0.6660362 0.7929062 0.6660362 0.7677891 0.6746221 0.7552305 0.6746221 0.7552305 0.6660361 0.7677891 0.6660361 0.8431404 0.6574503 0.8305818 0.6574503 0.8305818 0.6488644 0.8431404 0.6488644 0.8431404 0.6746221 0.8305818 0.6746221 0.8305818 0.6660362 0.8431404 0.6660361 0.8180233 0.6729227 0.8054648 0.6712235 0.8054648 0.6660362 0.8180233 0.6660362 0.8431404 0.6231067 0.8305818 0.6231067 0.8305818 0.6145209 0.8431404 0.6145209 0.8431404 0.6402785 0.8305818 0.6402785 0.8305818 0.6316927 0.8431404 0.6316927 0.8180233 0.6402785 0.8054648 0.6402785 0.8054648 0.6316926 0.8180233 0.6316927 0.8938933 0.5387507 0.8938933 0.545901 0.8813347 0.545901 0.8813347 0.5387507 0.9190103 0.5387507 0.9190103 0.545901 0.9064518 0.545901 0.9064518 0.5387507 0.9190103 0.5530512 0.9190103 0.5602016 0.9064518 0.5602016 0.9064518 0.5530512 0.8938933 0.5101494 0.8938933 0.5172997 0.8813347 0.5172997 0.8813347 0.5101494 0.9190103 0.5101494 0.9190103 0.5172997 0.9064518 0.5172997 0.9064518 0.5101494 0.9190103 0.52445 0.9190103 0.5316004 0.9064518 0.5316004 0.9064518 0.52445 0.8436591 0.5101494 0.8436591 0.5172997 0.8311005 0.5172997 0.8311005 0.5101494 0.8687761 0.5101494 0.8687761 0.5172997 0.8562176 0.5172997 0.8562176 0.5101494 0.8687761 0.52445 0.8687761 0.5316004 0.8562176 0.5316004 0.8562176 0.52445 0.9074502 0.711902 0.9074502 0.7180737 0.9000374 0.7186886 0.8994533 0.7121645 0.9246221 0.7128807 0.9246221 0.720031 0.9160361 0.720031 0.9160361 0.7128807 0.9246221 0.7271813 0.9246221 0.7343316 0.9160361 0.7343316 0.9160361 0.7271813 0.9074503 0.6842795 0.9074503 0.6914297 0.8988644 0.6914297 0.8988644 0.6842795 0.9246221 0.6842795 0.9246221 0.6914297 0.9160361 0.6914297 0.9160361 0.6842795 0.9246221 0.69858 0.9246221 0.7057304 0.9160361 0.7057304 0.9160361 0.69858 0.8731067 0.6842795 0.8731067 0.6914297 0.8645208 0.6914297 0.8645208 0.6842795 0.8902785 0.6842795 0.8902785 0.6914297 0.8816926 0.6914297 0.8816926 0.6842795 0.8902785 0.69858 0.8902785 0.7057303 0.8816926 0.7057303 0.8816926 0.69858 0.796521 0.5680232 0.7965209 0.5805818 0.787935 0.5805818 0.787935 0.5680232 0.8136927 0.5680232 0.8136927 0.5805818 0.8051068 0.5805818 0.8051068 0.5680232 0.8136927 0.5931404 0.8136927 0.6056989 0.8051068 0.6056989 0.8051068 0.5931403 0.796521 0.517789 0.796521 0.5303476 0.787935 0.5303476 0.787935 0.517789 0.8136927 0.517789 0.8136927 0.5303476 0.8051068 0.5303476 0.8051068 0.517789 0.8136927 0.5429061 0.8136927 0.5554647 0.8051068 0.5554647 0.8051068 0.5429062 0.7621774 0.517789 0.7621774 0.5303476 0.7535915 0.5303476 0.7535915 0.517789 0.7793492 0.517789 0.7793492 0.5303476 0.7707633 0.5303476 0.7707633 0.517789 0.7793492 0.5429061 0.7793492 0.5554646 0.7707633 0.5554646 0.7707633 0.5429061 0.7965208 0.72555 0.7965208 0.7327004 0.787935 0.7327004 0.787935 0.72555 0.8136927 0.72555 0.8136927 0.7327004 0.8051068 0.7327004 0.8051068 0.72555 0.8136927 0.7398506 0.8136927 0.7470009 0.8051068 0.7470009 0.8051068 0.7398506 0.7965208 0.6969488 0.7965208 0.7040991 0.787935 0.7040991 0.787935 0.6969488 0.8136927 0.6969488 0.8136927 0.7040991 0.8051068 0.7040991 0.8051068 0.6969488 0.8136927 0.7112494 0.8136927 0.7183997 0.8051068 0.7183997 0.8051068 0.7112494 0.7621773 0.6969488 0.7621773 0.7040991 0.7535914 0.7040991 0.7535914 0.6969488 0.7793491 0.6969488 0.7793491 0.7040991 0.7707632 0.7040991 0.7707632 0.6969488 0.7793491 0.7112494 0.7793491 0.7183997 0.7707632 0.7183997 0.7707632 0.7112494 0.90482 0.6335234 0.9060271 0.6247345 0.9172663 0.624947 0.9167785 0.6332631 0.8787184 0.6353794 0.8787184 0.6282291 0.891277 0.6282291 0.891277 0.6353794 0.8787184 0.6210788 0.8787184 0.6139284 0.891277 0.6139284 0.891277 0.6210788 0.9038355 0.6639806 0.9038355 0.6568303 0.9163941 0.6568303 0.9163941 0.6639806 0.8787184 0.6639806 0.8787184 0.6568303 0.891277 0.6568303 0.891277 0.6639806 0.8787184 0.64968 0.8787184 0.6425297 0.891277 0.6425297 0.891277 0.64968 0.9540697 0.6639806 0.9540697 0.6568303 0.9666283 0.6568303 0.9666283 0.6639806 0.9289526 0.6639806 0.9289526 0.6568303 0.9415112 0.6568303 0.9415112 0.6639806 0.9289526 0.64968 0.9289526 0.6425297 0.9415112 0.6425297 0.9415112 0.64968 0.9540697 0.6353794 0.9540697 0.6282291 0.9666282 0.6282291 0.9666283 0.6353794 0.9290508 0.6343343 0.9294848 0.6264048 0.9415112 0.6282291 0.9415112 0.6353794 0.9292858 0.6177051 0.930781 0.6068968 0.9415112 0.6139284 0.9415112 0.6210787 0.7621773 0.72555 0.7621773 0.7327004 0.7535914 0.7327003 0.7535914 0.72555 0.7793491 0.72555 0.7793491 0.7327004 0.7707632 0.7327004 0.7707632 0.72555 0.7793491 0.7398506 0.7793491 0.7470009 0.7707632 0.7470009 0.7707632 0.7398506 0.7621774 0.5680232 0.7621774 0.5805817 0.7535914 0.5805817 0.7535914 0.5680232 0.7793491 0.5680232 0.7793491 0.5805817 0.7707632 0.5805817 0.7707632 0.5680232 0.7793491 0.5931403 0.7793491 0.6056988 0.7707632 0.6056988 0.7707632 0.5931403 0.8731067 0.7142255 0.8713571 0.7214955 0.8645208 0.720031 0.8645208 0.7128807 0.8895186 0.7136483 0.8895292 0.7225367 0.880216 0.7243567 0.8804545 0.7149923 0.89038 0.7293746 0.8902785 0.7343316 0.8816925 0.7343316 0.8816925 0.729871 0.8436591 0.5387507 0.8436591 0.545901 0.8311005 0.545901 0.8311005 0.5387507 0.8687761 0.5387507 0.8687761 0.545901 0.8562176 0.545901 0.8562176 0.5387507 0.8679071 0.5552551 0.867038 0.5646092 0.8532187 0.5669535 0.8547182 0.5564272 0.7929062 0.6252706 0.7803477 0.6256307 0.7803477 0.6195688 0.7929062 0.6188486 0.7929062 0.6402785 0.7803476 0.6402785 0.7803476 0.6316926 0.7929062 0.6316926 0.7677891 0.6402785 0.7552306 0.6402785 0.7552306 0.6316925 0.7677891 0.6316926 0.7803476 0.6402785 0.7677891 0.6402785 0.7677891 0.6316926 0.7803476 0.6316926 0.7803476 0.6488644 0.7677891 0.6488644 0.7677891 0.6402785 0.7803476 0.6402785 0.7677891 0.6488644 0.7552305 0.6488643 0.7552306 0.6402785 0.7677891 0.6402785 0.8054648 0.6402785 0.7929062 0.6402785 0.7929062 0.6316926 0.8054648 0.6316926 0.8054648 0.6488644 0.7929062 0.6488644 0.7929062 0.6402785 0.8054648 0.6402785 0.7929062 0.6488644 0.7803476 0.6488644 0.7803476 0.6402785 0.7929062 0.6402785 0.8054648 0.6249105 0.7929062 0.6252706 0.7929062 0.6188486 0.8054648 0.6181284 0.8054648 0.6316926 0.7929062 0.6316926 0.7929062 0.6252706 0.8054648 0.6249105 0.7929062 0.6316926 0.7803476 0.6316926 0.7803477 0.6256307 0.7929062 0.6252706 0.8687761 0.545901 0.8679071 0.5552551 0.8547182 0.5564272 0.8562176 0.545901 0.8813347 0.545901 0.881096 0.5540829 0.8679071 0.5552551 0.8687761 0.545901 0.881096 0.5540829 0.8808572 0.5622648 0.867038 0.5646092 0.8679071 0.5552551 0.8687761 0.5316004 0.8687761 0.5387507 0.8562176 0.5387507 0.8562176 0.5316004 0.8813347 0.5316004 0.8813347 0.5387507 0.8687761 0.5387507 0.8687761 0.5316004 0.8813347 0.5387507 0.8813347 0.545901 0.8687761 0.545901 0.8687761 0.5387507 0.8436591 0.5316004 0.8436591 0.5387507 0.8311005 0.5387507 0.8311005 0.5316004 0.8562176 0.5316004 0.8562176 0.5387507 0.8436591 0.5387507 0.8436591 0.5316004 0.8562176 0.5387507 0.8562176 0.545901 0.8436591 0.545901 0.8436591 0.5387507 0.8895292 0.7225367 0.89038 0.7293746 0.8816925 0.729871 0.880216 0.7243567 0.9000374 0.7186886 0.8999966 0.7270973 0.89038 0.7293746 0.8895292 0.7225367 0.8999966 0.7270973 0.8988643 0.7343316 0.8902785 0.7343316 0.89038 0.7293746 0.8902785 0.7057303 0.8895186 0.7136483 0.8804545 0.7149923 0.8816926 0.7057303 0.8988643 0.7057304 0.8994533 0.7121645 0.8895186 0.7136483 0.8902785 0.7057303 0.8994533 0.7121645 0.9000374 0.7186886 0.8895292 0.7225367 0.8895186 0.7136483 0.8731067 0.7057303 0.8731067 0.7142255 0.8645208 0.7128807 0.8645208 0.7057303 0.8816926 0.7057303 0.8804545 0.7149923 0.8731067 0.7142255 0.8731067 0.7057303 0.8804545 0.7149923 0.880216 0.7243567 0.8713571 0.7214955 0.8731067 0.7142255 0.7793491 0.5805817 0.7793491 0.5931403 0.7707632 0.5931403 0.7707632 0.5805817 0.787935 0.5805818 0.787935 0.5931403 0.7793491 0.5931403 0.7793491 0.5805817 0.787935 0.5931403 0.787935 0.6056989 0.7793491 0.6056988 0.7793491 0.5931403 0.7793492 0.5554646 0.7793491 0.5680232 0.7707632 0.5680232 0.7707633 0.5554646 0.787935 0.5554646 0.787935 0.5680232 0.7793491 0.5680232 0.7793492 0.5554646 0.787935 0.5680232 0.787935 0.5805818 0.7793491 0.5805817 0.7793491 0.5680232 0.7621774 0.5554646 0.7621774 0.5680232 0.7535914 0.5680232 0.7535915 0.5554646 0.7707633 0.5554646 0.7707632 0.5680232 0.7621774 0.5680232 0.7621774 0.5554646 0.7707632 0.5680232 0.7707632 0.5805817 0.7621774 0.5805817 0.7621774 0.5680232 0.7793491 0.7327004 0.7793491 0.7398506 0.7707632 0.7398506 0.7707632 0.7327004 0.787935 0.7327004 0.787935 0.7398506 0.7793491 0.7398506 0.7793491 0.7327004 0.787935 0.7398506 0.787935 0.7470009 0.7793491 0.7470009 0.7793491 0.7398506 0.7793491 0.7183997 0.7793491 0.72555 0.7707632 0.72555 0.7707632 0.7183997 0.787935 0.7183997 0.787935 0.72555 0.7793491 0.72555 0.7793491 0.7183997 0.787935 0.72555 0.787935 0.7327004 0.7793491 0.7327004 0.7793491 0.72555 0.7621773 0.7183997 0.7621773 0.72555 0.7535914 0.72555 0.7535914 0.7183997 0.7707632 0.7183997 0.7707632 0.72555 0.7621773 0.72555 0.7621773 0.7183997 0.7707632 0.72555 0.7707632 0.7327004 0.7621773 0.7327004 0.7621773 0.72555 0.9294848 0.6264048 0.9292858 0.6177051 0.9415112 0.6210787 0.9415112 0.6282291 0.9172663 0.624947 0.9171946 0.6144588 0.9292858 0.6177051 0.9294848 0.6264048 0.9171946 0.6144588 0.9200509 0.5998651 0.930781 0.6068968 0.9292858 0.6177051 0.9289526 0.6425297 0.9290508 0.6343343 0.9415112 0.6353794 0.9415112 0.6425297 0.9163941 0.6425297 0.9167785 0.6332631 0.9290508 0.6343343 0.9289526 0.6425297 0.9167785 0.6332631 0.9172663 0.624947 0.9294848 0.6264048 0.9290508 0.6343343 0.9540697 0.6425297 0.9540697 0.6353794 0.9666283 0.6353794 0.9666283 0.6425297 0.9415112 0.6425297 0.9415112 0.6353794 0.9540697 0.6353794 0.9540697 0.6425297 0.9415112 0.6353794 0.9415112 0.6282291 0.9540697 0.6282291 0.9540697 0.6353794 0.9289526 0.6568303 0.9289526 0.64968 0.9415112 0.64968 0.9415112 0.6568303 0.9163941 0.6568303 0.9163941 0.64968 0.9289526 0.64968 0.9289526 0.6568303 0.9163941 0.64968 0.9163941 0.6425297 0.9289526 0.6425297 0.9289526 0.64968 0.9289526 0.671131 0.9289526 0.6639806 0.9415112 0.6639806 0.9415112 0.671131 0.9163941 0.671131 0.9163941 0.6639806 0.9289526 0.6639806 0.9289526 0.671131 0.9163941 0.6639806 0.9163941 0.6568303 0.9289526 0.6568303 0.9289526 0.6639806 0.9540697 0.671131 0.9540697 0.6639806 0.9666283 0.6639806 0.9666283 0.671131 0.9415112 0.671131 0.9415112 0.6639806 0.9540697 0.6639806 0.9540697 0.671131 0.9415112 0.6639806 0.9415112 0.6568303 0.9540697 0.6568303 0.9540697 0.6639806 0.8787184 0.6568303 0.8787184 0.64968 0.891277 0.64968 0.891277 0.6568303 0.8661599 0.6568303 0.8661599 0.64968 0.8787184 0.64968 0.8787184 0.6568303 0.8661599 0.64968 0.8661599 0.6425297 0.8787184 0.6425297 0.8787184 0.64968 0.8787184 0.671131 0.8787184 0.6639806 0.891277 0.6639806 0.891277 0.671131 0.8661599 0.671131 0.8661599 0.6639806 0.8787184 0.6639806 0.8787184 0.671131 0.8661599 0.6639806 0.8661599 0.6568303 0.8787184 0.6568303 0.8787184 0.6639806 0.9038355 0.671131 0.9038355 0.6639806 0.9163941 0.6639806 0.9163941 0.671131 0.891277 0.671131 0.891277 0.6639806 0.9038355 0.6639806 0.9038355 0.671131 0.891277 0.6639806 0.891277 0.6568303 0.9038355 0.6568303 0.9038355 0.6639806 0.8787184 0.6282291 0.8787184 0.6210788 0.891277 0.6210788 0.891277 0.6282291 0.8661599 0.6282291 0.8661599 0.6210788 0.8787184 0.6210788 0.8787184 0.6282291 0.8661599 0.6210788 0.8661599 0.6139284 0.8787184 0.6139284 0.8787184 0.6210788 0.8787184 0.6425297 0.8787184 0.6353794 0.891277 0.6353794 0.891277 0.6425297 0.8661599 0.6425297 0.8661599 0.6353794 0.8787184 0.6353794 0.8787184 0.6425297 0.8661599 0.6353794 0.8661599 0.6282291 0.8787184 0.6282291 0.8787184 0.6353794 0.9038355 0.6425297 0.90482 0.6335234 0.9167785 0.6332631 0.9163941 0.6425297 0.891277 0.6425297 0.891277 0.6353794 0.90482 0.6335234 0.9038355 0.6425297 0.891277 0.6353794 0.891277 0.6282291 0.9060271 0.6247345 0.90482 0.6335234 0.7793491 0.7040991 0.7793491 0.7112494 0.7707632 0.7112494 0.7707632 0.7040991 0.787935 0.7040991 0.787935 0.7112494 0.7793491 0.7112494 0.7793491 0.7040991 0.787935 0.7112494 0.787935 0.7183997 0.7793491 0.7183997 0.7793491 0.7112494 0.7793491 0.6897985 0.7793491 0.6969488 0.7707632 0.6969488 0.7707632 0.6897985 0.787935 0.6897985 0.787935 0.6969488 0.7793491 0.6969488 0.7793491 0.6897985 0.787935 0.6969488 0.787935 0.7040991 0.7793491 0.7040991 0.7793491 0.6969488 0.7621773 0.6897985 0.7621773 0.6969488 0.7535914 0.6969488 0.7535914 0.6897985 0.7707632 0.6897985 0.7707632 0.6969488 0.7621773 0.6969488 0.7621773 0.6897985 0.7707632 0.6969488 0.7707632 0.7040991 0.7621773 0.7040991 0.7621773 0.6969488 0.8136927 0.7040991 0.8136927 0.7112494 0.8051068 0.7112494 0.8051068 0.7040991 0.8222786 0.7040991 0.8222786 0.7112494 0.8136927 0.7112494 0.8136927 0.7040991 0.8222786 0.7112494 0.8222786 0.7183997 0.8136927 0.7183997 0.8136927 0.7112494 0.8136927 0.6897985 0.8136927 0.6969488 0.8051068 0.6969488 0.8051068 0.6897985 0.8222786 0.6897985 0.8222786 0.6969488 0.8136927 0.6969488 0.8136927 0.6897985 0.8222786 0.6969488 0.8222786 0.7040991 0.8136927 0.7040991 0.8136927 0.6969488 0.7965208 0.6897985 0.7965208 0.6969488 0.787935 0.6969488 0.787935 0.6897985 0.8051068 0.6897985 0.8051068 0.6969488 0.7965208 0.6969488 0.7965208 0.6897985 0.8051068 0.6969488 0.8051068 0.7040991 0.7965208 0.7040991 0.7965208 0.6969488 0.8136927 0.7327004 0.8136927 0.7398506 0.8051068 0.7398506 0.8051068 0.7327004 0.8222786 0.7327004 0.8222786 0.7398506 0.8136927 0.7398506 0.8136927 0.7327004 0.8222786 0.7398506 0.8222786 0.7470009 0.8136927 0.7470009 0.8136927 0.7398506 0.8136927 0.7183997 0.8136927 0.72555 0.8051068 0.72555 0.8051068 0.7183997 0.8222786 0.7183997 0.8222786 0.72555 0.8136927 0.72555 0.8136927 0.7183997 0.8222786 0.72555 0.8222786 0.7327004 0.8136927 0.7327004 0.8136927 0.72555 0.7965208 0.7183997 0.7965208 0.72555 0.787935 0.72555 0.787935 0.7183997 0.8051068 0.7183997 0.8051068 0.72555 0.7965208 0.72555 0.7965208 0.7183997 0.8051068 0.72555 0.8051068 0.7327004 0.7965208 0.7327004 0.7965208 0.72555 0.7793492 0.5303476 0.7793492 0.5429061 0.7707633 0.5429061 0.7707633 0.5303476 0.787935 0.5303476 0.787935 0.5429061 0.7793492 0.5429061 0.7793492 0.5303476 0.787935 0.5429061 0.787935 0.5554646 0.7793492 0.5554646 0.7793492 0.5429061 0.7793492 0.5052305 0.7793492 0.517789 0.7707633 0.517789 0.7707633 0.5052305 0.787935 0.5052305 0.787935 0.517789 0.7793492 0.517789 0.7793492 0.5052305 0.787935 0.517789 0.787935 0.5303476 0.7793492 0.5303476 0.7793492 0.517789 0.7621774 0.5052305 0.7621774 0.517789 0.7535915 0.517789 0.7535915 0.5052305 0.7707633 0.5052305 0.7707633 0.517789 0.7621774 0.517789 0.7621774 0.5052305 0.7707633 0.517789 0.7707633 0.5303476 0.7621774 0.5303476 0.7621774 0.517789 0.8136927 0.5303476 0.8136927 0.5429061 0.8051068 0.5429062 0.8051068 0.5303476 0.8222786 0.5303476 0.8222786 0.5429061 0.8136927 0.5429061 0.8136927 0.5303476 0.8222786 0.5429061 0.8222786 0.5554647 0.8136927 0.5554647 0.8136927 0.5429061 0.8136927 0.5052305 0.8136927 0.517789 0.8051068 0.517789 0.8051068 0.5052305 0.8222786 0.5052305 0.8222786 0.517789 0.8136927 0.517789 0.8136927 0.5052305 0.8222786 0.517789 0.8222786 0.5303476 0.8136927 0.5303476 0.8136927 0.517789 0.796521 0.5052305 0.796521 0.517789 0.787935 0.517789 0.787935 0.5052305 0.8051068 0.5052305 0.8051068 0.517789 0.796521 0.517789 0.796521 0.5052305 0.8051068 0.517789 0.8051068 0.5303476 0.796521 0.5303476 0.796521 0.517789 0.8136927 0.5805818 0.8136927 0.5931404 0.8051068 0.5931403 0.8051068 0.5805818 0.8222786 0.5805818 0.8222786 0.5931404 0.8136927 0.5931404 0.8136927 0.5805818 0.8222786 0.5931404 0.8222786 0.6056989 0.8136927 0.6056989 0.8136927 0.5931404 0.8136927 0.5554647 0.8136927 0.5680232 0.8051068 0.5680232 0.8051068 0.5554647 0.8222786 0.5554647 0.8222786 0.5680232 0.8136927 0.5680232 0.8136927 0.5554647 0.8222786 0.5680232 0.8222786 0.5805818 0.8136927 0.5805818 0.8136927 0.5680232 0.796521 0.5554646 0.796521 0.5680232 0.787935 0.5680232 0.787935 0.5554646 0.8051068 0.5554647 0.8051068 0.5680232 0.796521 0.5680232 0.796521 0.5554646 0.8051068 0.5680232 0.8051068 0.5805818 0.7965209 0.5805818 0.796521 0.5680232 0.8902785 0.6914297 0.8902785 0.69858 0.8816926 0.69858 0.8816926 0.6914297 0.8988644 0.6914297 0.8988644 0.69858 0.8902785 0.69858 0.8902785 0.6914297 0.8988644 0.69858 0.8988643 0.7057303 0.8902785 0.7057303 0.8902785 0.69858 0.8902785 0.6771292 0.8902785 0.6842795 0.8816926 0.6842795 0.8816926 0.6771292 0.8988644 0.6771291 0.8988644 0.6842795 0.8902785 0.6842795 0.8902785 0.6771292 0.8988644 0.6842795 0.8988644 0.6914297 0.8902785 0.6914297 0.8902785 0.6842795 0.8731067 0.6771292 0.8731067 0.6842795 0.8645208 0.6842795 0.8645208 0.6771291 0.8816926 0.6771292 0.8816926 0.6842795 0.8731067 0.6842795 0.8731067 0.6771292 0.8816926 0.6842795 0.8816926 0.6914297 0.8731067 0.6914297 0.8731067 0.6842795 0.9246221 0.6914297 0.9246221 0.69858 0.9160361 0.69858 0.9160361 0.6914297 0.933208 0.6914297 0.933208 0.69858 0.9246221 0.69858 0.9246221 0.6914297 0.933208 0.69858 0.933208 0.7057304 0.9246221 0.7057304 0.9246221 0.69858 0.9246221 0.6771291 0.9246221 0.6842795 0.9160361 0.6842795 0.9160361 0.6771291 0.9332079 0.6771291 0.9332079 0.6842795 0.9246221 0.6842795 0.9246221 0.6771291 0.9332079 0.6842795 0.933208 0.6914297 0.9246221 0.6914297 0.9246221 0.6842795 0.9074503 0.6771291 0.9074503 0.6842795 0.8988644 0.6842795 0.8988644 0.6771291 0.9160361 0.6771291 0.9160361 0.6842795 0.9074503 0.6842795 0.9074503 0.6771291 0.9160361 0.6842795 0.9160361 0.6914297 0.9074503 0.6914297 0.9074503 0.6842795 0.9246221 0.720031 0.9246221 0.7271813 0.9160361 0.7271813 0.9160361 0.720031 0.933208 0.720031 0.9332079 0.7271813 0.9246221 0.7271813 0.9246221 0.720031 0.9332079 0.7271813 0.9332079 0.7343316 0.9246221 0.7343316 0.9246221 0.7271813 0.9246221 0.7057304 0.9246221 0.7128807 0.9160361 0.7128807 0.9160361 0.7057304 0.933208 0.7057304 0.933208 0.7128807 0.9246221 0.7128807 0.9246221 0.7057304 0.933208 0.7128807 0.933208 0.720031 0.9246221 0.720031 0.9246221 0.7128807 0.9074503 0.7057303 0.9074502 0.711902 0.8994533 0.7121645 0.8988643 0.7057304 0.9160361 0.7057304 0.9160361 0.7128807 0.9074502 0.711902 0.9074503 0.7057303 0.9160361 0.7128807 0.9160361 0.720031 0.9074502 0.7180737 0.9074502 0.711902 0.8687761 0.5172997 0.8687761 0.52445 0.8562176 0.52445 0.8562176 0.5172997 0.8813347 0.5172997 0.8813347 0.52445 0.8687761 0.52445 0.8687761 0.5172997 0.8813347 0.52445 0.8813347 0.5316004 0.8687761 0.5316004 0.8687761 0.52445 0.8687761 0.5029991 0.8687761 0.5101494 0.8562176 0.5101494 0.8562176 0.5029991 0.8813347 0.5029991 0.8813347 0.5101494 0.8687761 0.5101494 0.8687761 0.5029991 0.8813347 0.5101494 0.8813347 0.5172997 0.8687761 0.5172997 0.8687761 0.5101494 0.8436591 0.5029991 0.8436591 0.5101494 0.8311005 0.5101494 0.8311005 0.5029991 0.8562176 0.5029991 0.8562176 0.5101494 0.8436591 0.5101494 0.8436591 0.5029991 0.8562176 0.5101494 0.8562176 0.5172997 0.8436591 0.5172997 0.8436591 0.5101494 0.9190103 0.5172997 0.9190103 0.52445 0.9064518 0.52445 0.9064518 0.5172997 0.9315689 0.5172997 0.9315689 0.52445 0.9190103 0.52445 0.9190103 0.5172997 0.9315689 0.52445 0.9315689 0.5316004 0.9190103 0.5316004 0.9190103 0.52445 0.9190103 0.5029991 0.9190103 0.5101494 0.9064518 0.5101494 0.9064518 0.5029991 0.9315689 0.5029991 0.9315689 0.5101494 0.9190103 0.5101494 0.9190103 0.5029991 0.9315689 0.5101494 0.9315689 0.5172997 0.9190103 0.5172997 0.9190103 0.5101494 0.8938933 0.5029991 0.8938933 0.5101494 0.8813347 0.5101494 0.8813347 0.5029991 0.9064518 0.5029991 0.9064518 0.5101494 0.8938933 0.5101494 0.8938933 0.5029991 0.9064518 0.5101494 0.9064518 0.5172997 0.8938933 0.5172997 0.8938933 0.5101494 0.9190103 0.545901 0.9190103 0.5530512 0.9064518 0.5530512 0.9064518 0.545901 0.9315689 0.545901 0.9315689 0.5530512 0.9190103 0.5530512 0.9190103 0.545901 0.9315689 0.5530512 0.9315689 0.5602016 0.9190103 0.5602016 0.9190103 0.5530512 0.9190103 0.5316004 0.9190103 0.5387507 0.9064518 0.5387507 0.9064518 0.5316004 0.9315689 0.5316004 0.9315689 0.5387507 0.9190103 0.5387507 0.9190103 0.5316004 0.9315689 0.5387507 0.9315689 0.545901 0.9190103 0.545901 0.9190103 0.5387507 0.8938933 0.5316004 0.8938933 0.5387507 0.8813347 0.5387507 0.8813347 0.5316004 0.9064518 0.5316004 0.9064518 0.5387507 0.8938933 0.5387507 0.8938933 0.5316004 0.9064518 0.5387507 0.9064518 0.545901 0.8938933 0.545901 0.8938933 0.5387507 0.8305818 0.6402785 0.8180233 0.6402785 0.8180233 0.6316927 0.8305818 0.6316927 0.8305818 0.6488644 0.8180233 0.6488644 0.8180233 0.6402785 0.8305818 0.6402785 0.8180233 0.6488644 0.8054648 0.6488644 0.8054648 0.6402785 0.8180233 0.6402785 0.8556989 0.6402785 0.8431404 0.6402785 0.8431404 0.6316927 0.8556989 0.6316927 0.8556988 0.6488644 0.8431404 0.6488644 0.8431404 0.6402785 0.8556989 0.6402785 0.8431404 0.6488644 0.8305818 0.6488644 0.8305818 0.6402785 0.8431404 0.6402785 0.8556989 0.6231067 0.8431404 0.6231067 0.8431404 0.6145209 0.8556989 0.6145209 0.8556989 0.6316927 0.8431404 0.6316927 0.8431404 0.6231067 0.8556989 0.6231067 0.8431404 0.6316927 0.8305818 0.6316927 0.8305818 0.6231067 0.8431404 0.6231067 0.8305818 0.6746221 0.8180233 0.6729227 0.8180233 0.6660362 0.8305818 0.6660362 0.8305818 0.683208 0.8180233 0.6798093 0.8180233 0.6729227 0.8305818 0.6746221 0.8180233 0.6798093 0.8054648 0.6764108 0.8054648 0.6712235 0.8180233 0.6729227 0.8556989 0.6746221 0.8431404 0.6746221 0.8431404 0.6660361 0.8556989 0.6660361 0.8556989 0.6832079 0.8431404 0.6832079 0.8431404 0.6746221 0.8556989 0.6746221 0.8431404 0.6832079 0.8305818 0.683208 0.8305818 0.6746221 0.8431404 0.6746221 0.8556989 0.6574503 0.8431404 0.6574503 0.8431404 0.6488644 0.8556988 0.6488644 0.8556989 0.6660361 0.8431404 0.6660361 0.8431404 0.6574503 0.8556989 0.6574503 0.8431404 0.6660361 0.8305818 0.6660362 0.8305818 0.6574503 0.8431404 0.6574503 0.7803476 0.6746221 0.7677891 0.6746221 0.7677891 0.6660361 0.7803476 0.6660362 0.7803476 0.683208 0.7677891 0.683208 0.7677891 0.6746221 0.7803476 0.6746221 0.7677891 0.683208 0.7552305 0.683208 0.7552305 0.6746221 0.7677891 0.6746221 0.8054648 0.6712235 0.7929062 0.6729227 0.7929062 0.6660362 0.8054648 0.6660362 0.8054648 0.6764108 0.7929062 0.6798093 0.7929062 0.6729227 0.8054648 0.6712235 0.7929062 0.6798093 0.7803476 0.683208 0.7803476 0.6746221 0.7929062 0.6729227 0.8054648 0.6574503 0.7929062 0.6574503 0.7929062 0.6488644 0.8054648 0.6488644 0.8054648 0.6660362 0.7929062 0.6660362 0.7929062 0.6574503 0.8054648 0.6574503 0.7929062 0.6660362 0.7803476 0.6660362 0.7803476 0.6574503 0.7929062 0.6574503 0.7803476 0.6574503 0.7677891 0.6574503 0.7677891 0.6488644 0.7803476 0.6488644 0.7803476 0.6660362 0.7677891 0.6660361 0.7677891 0.6574503 0.7803476 0.6574503 0.7677891 0.6660361 0.7552305 0.6660361 0.7552305 0.6574503 0.7677891 0.6574503 0.8305818 0.6574503 0.8180233 0.6574503 0.8180233 0.6488644 0.8305818 0.6488644 0.8305818 0.6660362 0.8180233 0.6660362 0.8180233 0.6574503 0.8305818 0.6574503 0.8180233 0.6660362 0.8054648 0.6660362 0.8054648 0.6574503 0.8180233 0.6574503 0.8305818 0.6231067 0.8180233 0.6240086 0.8180233 0.6163246 0.8305818 0.6145209 0.8305818 0.6316927 0.8180233 0.6316927 0.8180233 0.6240086 0.8305818 0.6231067 0.8180233 0.6316927 0.8054648 0.6316926 0.8054648 0.6249105 0.8180233 0.6240086 0.8938933 0.545901 0.8937739 0.5535671 0.881096 0.5540829 0.8813347 0.545901 0.9064518 0.545901 0.9064518 0.5530512 0.8937739 0.5535671 0.8938933 0.545901 0.9064518 0.5530512 0.9064518 0.5602016 0.8936545 0.5612332 0.8937739 0.5535671 0.8938933 0.5172997 0.8938933 0.52445 0.8813347 0.52445 0.8813347 0.5172997 0.9064518 0.5172997 0.9064518 0.52445 0.8938933 0.52445 0.8938933 0.5172997 0.9064518 0.52445 0.9064518 0.5316004 0.8938933 0.5316004 0.8938933 0.52445 0.8436591 0.5172997 0.8436591 0.52445 0.8311005 0.5244501 0.8311005 0.5172997 0.8562176 0.5172997 0.8562176 0.52445 0.8436591 0.52445 0.8436591 0.5172997 0.8562176 0.52445 0.8562176 0.5316004 0.8436591 0.5316004 0.8436591 0.52445 0.9074502 0.7180737 0.9074502 0.7262027 0.8999966 0.7270973 0.9000374 0.7186886 0.9160361 0.720031 0.9160361 0.7271813 0.9074502 0.7262026 0.9074502 0.7180737 0.9160361 0.7271813 0.9160361 0.7343316 0.9074502 0.7343316 0.9074502 0.7262026 0.9074503 0.6914297 0.9074503 0.69858 0.8988644 0.69858 0.8988644 0.6914297 0.9160361 0.6914297 0.9160361 0.69858 0.9074503 0.69858 0.9074503 0.6914297 0.9160361 0.69858 0.9160361 0.7057304 0.9074503 0.7057303 0.9074503 0.69858 0.8731067 0.6914297 0.8731067 0.69858 0.8645208 0.69858 0.8645208 0.6914297 0.8816926 0.6914297 0.8816926 0.69858 0.8731067 0.69858 0.8731067 0.6914297 0.8816926 0.69858 0.8816926 0.7057303 0.8731067 0.7057303 0.8731067 0.69858 0.7965209 0.5805818 0.7965209 0.5931403 0.787935 0.5931403 0.787935 0.5805818 0.8051068 0.5805818 0.8051068 0.5931403 0.7965209 0.5931403 0.7965209 0.5805818 0.8051068 0.5931403 0.8051068 0.6056989 0.7965209 0.6056989 0.7965209 0.5931403 0.796521 0.5303476 0.796521 0.5429061 0.787935 0.5429061 0.787935 0.5303476 0.8051068 0.5303476 0.8051068 0.5429062 0.796521 0.5429061 0.796521 0.5303476 0.8051068 0.5429062 0.8051068 0.5554647 0.796521 0.5554646 0.796521 0.5429061 0.7621774 0.5303476 0.7621774 0.5429061 0.7535915 0.5429061 0.7535915 0.5303476 0.7707633 0.5303476 0.7707633 0.5429061 0.7621774 0.5429061 0.7621774 0.5303476 0.7707633 0.5429061 0.7707633 0.5554646 0.7621774 0.5554646 0.7621774 0.5429061 0.7965208 0.7327004 0.7965208 0.7398506 0.787935 0.7398506 0.787935 0.7327004 0.8051068 0.7327004 0.8051068 0.7398506 0.7965208 0.7398506 0.7965208 0.7327004 0.8051068 0.7398506 0.8051068 0.7470009 0.7965208 0.7470009 0.7965208 0.7398506 0.7965208 0.7040991 0.7965208 0.7112494 0.787935 0.7112494 0.787935 0.7040991 0.8051068 0.7040991 0.8051068 0.7112494 0.7965208 0.7112494 0.7965208 0.7040991 0.8051068 0.7112494 0.8051068 0.7183997 0.7965208 0.7183997 0.7965208 0.7112494 0.7621773 0.7040991 0.7621773 0.7112494 0.7535914 0.7112494 0.7535914 0.7040991 0.7707632 0.7040991 0.7707632 0.7112494 0.7621773 0.7112494 0.7621773 0.7040991 0.7707632 0.7112494 0.7707632 0.7183997 0.7621773 0.7183997 0.7621773 0.7112494 0.9060271 0.6247345 0.9047628 0.617416 0.9171946 0.6144588 0.9172663 0.624947 0.891277 0.6282291 0.891277 0.6210787 0.9047628 0.617416 0.9060271 0.6247345 0.891277 0.6210787 0.891277 0.6139284 0.9056639 0.6068968 0.9047628 0.617416 0.9038355 0.6568303 0.9038355 0.64968 0.9163941 0.64968 0.9163941 0.6568303 0.891277 0.6568303 0.891277 0.64968 0.9038355 0.64968 0.9038355 0.6568303 0.891277 0.64968 0.891277 0.6425297 0.9038355 0.6425297 0.9038355 0.64968 0.9540697 0.6568303 0.9540697 0.64968 0.9666283 0.64968 0.9666283 0.6568303 0.9415112 0.6568303 0.9415112 0.64968 0.9540697 0.64968 0.9540697 0.6568303 0.9415112 0.64968 0.9415112 0.6425297 0.9540697 0.6425297 0.9540697 0.64968 0.9540697 0.6282291 0.9540697 0.6210788 0.9666282 0.6210788 0.9666282 0.6282291 0.9415112 0.6282291 0.9415112 0.6210788 0.9540697 0.6210788 0.9540697 0.6282291 0.9415112 0.6210788 0.9415112 0.6139284 0.9540697 0.6139284 0.9540697 0.6210788 0.7621773 0.7327004 0.7621773 0.7398506 0.7535914 0.7398506 0.7535914 0.7327003 0.7707632 0.7327004 0.7707632 0.7398506 0.7621773 0.7398506 0.7621773 0.7327004 0.7707632 0.7398506 0.7707632 0.7470009 0.7621773 0.7470009 0.7621773 0.7398506 0.7621774 0.5805817 0.7621773 0.5931403 0.7535914 0.5931403 0.7535914 0.5805817 0.7707632 0.5805817 0.7707632 0.5931403 0.7621773 0.5931403 0.7621774 0.5805817 0.7707632 0.5931403 0.7707632 0.6056988 0.7621773 0.6056988 0.7621773 0.5931403 0.8713571 0.7214955 0.8731067 0.7285262 0.8645208 0.7271813 0.8645208 0.720031 0.880216 0.7243567 0.8816925 0.729871 0.8731067 0.7285262 0.8713571 0.7214955 0.8816925 0.729871 0.8816925 0.7343316 0.8731067 0.7343316 0.8731067 0.7285262 0.8436591 0.545901 0.8429093 0.5547392 0.8311005 0.5530512 0.8311005 0.545901 0.8562176 0.545901 0.8547182 0.5564272 0.8429093 0.5547392 0.8436591 0.545901 0.8547182 0.5564272 0.8532187 0.5669535 0.8421596 0.5635775 0.8429093 0.5547392 0.7803477 0.6256307 0.7677891 0.6243687 0.7677891 0.6170448 0.7803477 0.6195688 0.7803476 0.6316926 0.7677891 0.6316926 0.7677891 0.6243687 0.7803477 0.6256307 0.7677891 0.6316926 0.7552306 0.6316925 0.7552306 0.6231067 0.7677891 0.6243687</float_array>
          <technique_common>
            <accessor source="#caja-madera-cubierta-lona-mesh-map-0-array" count="1536" stride="2">
              <param name="S" type="float"/>
              <param name="T" type="float"/>
            </accessor>
          </technique_common>
        </source>
        <vertices id="caja-madera-cubierta-lona-mesh-vertices">
          <input semantic="POSITION" source="#caja-madera-cubierta-lona-mesh-positions"/>
        </vertices>
        <polylist material="hiper-atlas-material" count="384">
          <input semantic="VERTEX" source="#caja-madera-cubierta-lona-mesh-vertices" offset="0"/>
          <input semantic="NORMAL" source="#caja-madera-cubierta-lona-mesh-normals" offset="1"/>
          <input semantic="TEXCOORD" source="#caja-madera-cubierta-lona-mesh-map-0" offset="2" set="0"/>
          <vcount>4 4 4 4 4 4 4 4 4 4 4 4 4 4 4 4 4 4 4 4 4 4 4 4 4 4 4 4 4 4 4 4 4 4 4 4 4 4 4 4 4 4 4 4 4 4 4 4 4 4 4 4 4 4 4 4 4 4 4 4 4 4 4 4 4 4 4 4 4 4 4 4 4 4 4 4 4 4 4 4 4 4 4 4 4 4 4 4 4 4 4 4 4 4 4 4 4 4 4 4 4 4 4 4 4 4 4 4 4 4 4 4 4 4 4 4 4 4 4 4 4 4 4 4 4 4 4 4 4 4 4 4 4 4 4 4 4 4 4 4 4 4 4 4 4 4 4 4 4 4 4 4 4 4 4 4 4 4 4 4 4 4 4 4 4 4 4 4 4 4 4 4 4 4 4 4 4 4 4 4 4 4 4 4 4 4 4 4 4 4 4 4 4 4 4 4 4 4 4 4 4 4 4 4 4 4 4 4 4 4 4 4 4 4 4 4 4 4 4 4 4 4 4 4 4 4 4 4 4 4 4 4 4 4 4 4 4 4 4 4 4 4 4 4 4 4 4 4 4 4 4 4 4 4 4 4 4 4 4 4 4 4 4 4 4 4 4 4 4 4 4 4 4 4 4 4 4 4 4 4 4 4 4 4 4 4 4 4 4 4 4 4 4 4 4 4 4 4 4 4 4 4 4 4 4 4 4 4 4 4 4 4 4 4 4 4 4 4 4 4 4 4 4 4 4 4 4 4 4 4 4 4 4 4 4 4 4 4 4 4 4 4 4 4 4 4 4 4 4 4 4 4 4 4 4 4 4 4 4 4 4 4 4 4 4 4 4 4 4 4 4 4 4 4 4 4 4 4 4 4 4 4 4 4 </vcount>
          <p>385 0 0 167 1 1 6 2 2 104 3 3 384 4 4 104 3 5 6 2 6 101 5 7 383 6 8 107 7 9 4 8 10 163 9 11 382 10 12 169 11 13 3 12 14 106 13 15 381 14 16 105 15 17 2 16 18 162 17 19 380 18 20 108 19 21 0 20 22 160 21 23 379 22 24 122 23 25 10 24 26 148 25 27 378 26 28 123 27 29 20 28 30 172 29 31 377 30 32 120 31 33 18 32 34 173 33 35 376 34 36 126 35 37 12 36 38 150 37 39 375 38 40 127 39 41 21 40 42 176 41 43 374 42 44 117 43 45 15 44 46 177 45 47 373 10 48 130 10 49 16 13 50 118 13 51 372 10 52 131 10 53 22 10 54 180 10 55 371 10 56 157 46 57 19 47 58 181 10 59 370 48 60 134 49 61 13 50 62 151 51 63 369 52 64 135 53 65 23 54 66 184 55 67 368 56 68 119 57 69 17 58 70 185 59 71 367 60 72 138 61 73 11 62 74 113 63 75 366 64 76 139 65 77 24 66 78 188 67 79 365 68 80 116 69 81 14 70 82 189 71 83 364 72 84 142 73 85 14 70 86 116 69 87 363 74 88 143 75 89 25 76 90 192 77 91 362 78 92 155 79 93 17 58 94 193 80 95 361 81 96 194 82 97 73 83 98 145 84 99 360 85 100 195 86 101 74 87 102 196 88 103 359 89 104 107 7 105 35 90 106 197 91 107 358 92 108 198 93 109 72 94 110 144 95 111 357 96 112 199 97 113 75 98 114 200 99 115 356 100 116 191 101 117 71 102 118 201 103 119 355 104 120 202 105 121 44 106 122 164 107 123 354 108 124 203 109 125 76 110 126 204 111 127 353 112 128 190 113 129 70 114 130 205 115 131 352 116 132 206 117 133 69 118 134 141 119 135 351 120 136 207 121 137 77 122 138 208 123 139 350 124 140 164 107 141 44 106 142 209 125 143 349 126 144 210 127 145 68 128 146 140 129 147 348 130 148 211 131 149 78 132 150 212 133 151 347 134 152 187 135 153 67 136 154 213 137 155 346 138 156 214 139 157 41 140 158 161 141 159 345 142 160 215 143 161 79 144 162 216 145 163 344 146 164 186 147 165 66 148 166 217 149 167 343 150 168 218 151 169 65 152 170 137 153 171 342 154 172 219 155 173 80 156 174 220 157 175 341 158 176 167 1 177 47 159 178 221 160 179 340 161 180 222 162 181 64 163 182 136 164 183 339 165 184 223 166 185 81 167 186 224 168 187 338 169 188 183 170 189 63 171 190 225 172 191 337 173 192 226 174 193 31 175 194 103 176 195 336 177 196 227 178 197 82 179 198 228 180 199 335 181 200 182 182 201 62 183 202 229 184 203 334 10 204 230 10 205 61 10 206 133 10 207 333 10 208 231 10 209 83 10 210 232 10 211 332 10 212 109 185 213 37 185 214 233 10 215 331 10 216 234 10 217 60 10 218 132 10 219 330 10 220 235 10 221 84 10 222 236 10 223 329 10 224 179 10 225 59 10 226 237 10 227 328 10 228 238 10 229 46 13 230 166 186 231 327 10 232 239 10 233 85 10 234 240 10 235 326 10 236 178 10 237 58 10 238 241 10 239 325 187 240 242 188 241 57 189 242 129 190 243 324 191 244 243 192 245 86 193 246 244 194 247 323 195 248 165 196 249 45 197 250 245 198 251 322 199 252 246 200 253 56 201 254 128 202 255 321 203 256 247 204 257 87 205 258 248 206 259 320 207 260 175 208 261 55 209 262 249 210 263 319 211 264 250 212 265 30 213 266 102 214 267 318 215 268 251 216 269 88 217 270 252 218 271 317 219 272 174 220 273 54 221 274 253 222 275 316 223 276 254 224 277 53 225 278 125 226 279 315 227 280 255 228 281 89 229 282 256 230 283 314 231 284 168 232 285 48 233 286 257 234 287 313 235 288 258 236 289 52 237 290 124 238 291 312 239 292 259 240 293 90 241 294 260 242 295 311 243 296 171 244 297 51 245 298 261 246 299 310 247 300 262 248 301 28 249 302 100 250 303 309 251 304 263 252 305 91 253 306 264 254 307 308 255 308 170 256 309 50 257 310 265 258 311 307 259 312 266 260 313 40 261 314 112 262 315 306 263 316 267 264 317 92 265 318 268 266 319 305 267 320 156 268 321 36 269 322 269 270 323 304 271 324 270 272 325 42 273 326 114 274 327 303 275 328 271 276 329 93 277 330 272 278 331 302 279 332 153 280 333 33 281 334 273 282 335 301 10 336 274 10 337 34 13 338 154 13 339 300 10 340 275 10 341 94 10 342 276 10 343 299 10 344 121 283 345 49 284 346 277 10 347 298 285 348 278 286 349 43 287 350 115 288 351 297 289 352 279 290 353 95 291 354 280 292 355 296 293 356 155 79 357 35 90 358 281 294 359 295 295 360 282 296 361 29 297 362 149 298 363 294 299 364 283 300 365 96 301 366 284 302 367 293 303 368 152 304 369 32 305 370 285 306 371 292 307 372 286 308 373 32 305 374 152 304 375 291 309 376 287 310 377 97 311 378 288 312 379 290 313 380 119 57 381 47 159 382 289 314 383 287 310 384 290 313 385 289 314 386 97 311 387 73 83 388 193 80 389 290 313 390 287 310 391 193 80 392 17 58 393 119 57 394 290 313 395 190 113 396 291 309 397 288 312 398 70 114 399 25 76 400 145 84 401 291 309 402 190 113 403 145 84 404 73 83 405 287 310 406 291 309 407 142 73 408 292 307 409 152 304 410 14 70 411 70 114 412 288 312 413 292 307 414 142 73 415 288 312 416 97 311 417 286 308 418 292 307 419 283 300 420 293 303 421 285 306 422 96 301 423 69 118 424 189 71 425 293 303 426 283 300 427 189 71 428 14 70 429 152 304 430 293 303 431 186 147 432 294 299 433 284 302 434 66 148 435 24 66 436 141 119 437 294 299 438 186 147 439 141 119 440 69 118 441 283 300 442 294 299 443 138 61 444 295 295 445 149 298 446 11 62 447 66 148 448 284 302 449 295 295 450 138 61 451 284 302 452 96 301 453 282 296 454 295 295 455 279 290 456 296 293 457 281 294 458 95 291 459 65 152 460 185 59 461 296 293 462 279 290 463 185 59 464 17 58 465 155 79 466 296 293 467 182 182 468 297 289 469 280 292 470 62 183 471 23 54 472 137 153 473 297 289 474 182 182 475 137 153 476 65 152 477 279 290 478 297 289 479 134 49 480 298 285 481 115 288 482 13 50 483 62 183 484 280 292 485 298 285 486 134 49 487 280 292 488 95 291 489 278 286 490 298 285 491 275 10 492 299 10 493 277 10 494 94 10 495 61 10 496 181 10 497 299 10 498 275 10 499 181 10 500 19 47 501 121 283 502 299 10 503 178 10 504 300 10 505 276 10 506 58 10 507 22 10 508 133 10 509 300 10 510 178 10 511 133 10 512 61 10 513 275 10 514 300 10 515 130 10 516 301 10 517 154 13 518 16 13 519 58 10 520 276 10 521 301 10 522 130 10 523 276 10 524 94 10 525 274 10 526 301 10 527 271 276 528 302 279 529 273 282 530 93 277 531 57 189 532 177 45 533 302 279 534 271 276 535 177 45 536 15 44 537 153 280 538 302 279 539 174 220 540 303 275 541 272 278 542 54 221 543 21 40 544 129 190 545 303 275 546 174 220 547 129 190 548 57 189 549 271 276 550 303 275 551 126 35 552 304 271 553 114 274 554 12 36 555 54 221 556 272 278 557 304 271 558 126 35 559 272 278 560 93 277 561 270 272 562 304 271 563 267 264 564 305 267 565 269 270 566 92 265 567 53 225 568 173 33 569 305 267 570 267 264 571 173 33 572 18 32 573 156 268 574 305 267 575 170 256 576 306 263 577 268 266 578 50 257 579 20 28 580 125 226 581 306 263 582 170 256 583 125 226 584 53 225 585 267 264 586 306 263 587 122 23 588 307 259 589 112 262 590 10 24 591 50 257 592 268 266 593 307 259 594 122 23 595 268 266 596 92 265 597 266 260 598 307 259 599 263 252 600 308 255 601 265 258 602 91 253 603 52 237 604 172 29 605 308 255 606 263 252 607 172 29 608 20 28 609 170 256 610 308 255 611 111 315 612 309 251 613 264 254 614 39 315 615 9 315 616 124 238 617 309 251 618 111 315 619 124 238 620 52 237 621 263 252 622 309 251 623 159 315 624 310 247 625 100 250 626 1 316 627 39 315 628 264 254 629 310 247 630 159 315 631 264 254 632 91 253 633 262 248 634 310 247 635 259 240 636 311 243 637 261 246 638 90 241 639 31 175 640 151 51 641 311 243 642 259 240 643 151 51 644 13 50 645 171 244 646 311 243 647 99 317 648 312 239 649 260 242 650 27 315 651 5 318 652 103 176 653 312 239 654 99 317 655 103 176 656 31 175 657 259 240 658 312 239 659 147 315 660 313 235 661 124 238 662 9 315 663 27 315 664 260 242 665 313 235 666 147 315 667 260 242 668 90 241 669 258 236 670 313 235 671 255 228 672 314 231 673 257 234 674 89 229 675 43 287 676 163 9 677 314 231 678 255 228 679 163 9 680 4 8 681 168 232 682 314 231 683 171 244 684 315 227 685 256 230 686 51 245 687 13 50 688 115 288 689 315 227 690 171 244 691 115 288 692 43 287 693 255 228 694 315 227 695 123 27 696 316 223 697 125 226 698 20 28 699 51 245 700 256 230 701 316 223 702 123 27 703 256 230 704 89 229 705 254 224 706 316 223 707 251 216 708 317 219 709 253 222 710 88 217 711 56 201 712 176 41 713 317 219 714 251 216 715 176 41 716 21 40 717 174 220 718 317 219 719 121 283 720 318 215 721 252 218 722 49 284 723 19 47 724 128 202 725 318 215 726 121 283 727 128 202 728 56 201 729 251 216 730 318 215 731 169 11 732 319 211 733 102 214 734 3 12 735 49 284 736 252 218 737 319 211 738 169 11 739 252 218 740 88 217 741 250 212 742 319 211 743 247 204 744 320 207 745 249 210 746 87 205 747 28 249 748 148 25 749 320 207 750 247 204 751 148 25 752 10 24 753 175 208 754 320 207 755 109 185 756 321 203 757 248 206 758 37 185 759 1 316 760 100 250 761 321 203 762 109 185 763 100 250 764 28 249 765 247 204 766 321 203 767 157 46 768 322 199 769 128 202 770 19 47 771 37 185 772 248 206 773 322 199 774 157 46 775 248 206 776 87 205 777 246 200 778 322 199 779 243 192 780 323 195 781 245 198 782 86 193 783 40 261 784 160 21 785 323 195 786 243 192 787 160 21 788 0 20 789 165 196 790 323 195 791 175 208 792 324 191 793 244 194 794 55 209 795 10 24 796 112 262 797 324 191 798 175 208 799 112 262 800 40 261 801 243 192 802 324 191 803 127 39 804 325 187 805 129 190 806 21 40 807 55 209 808 244 194 809 325 187 810 127 39 811 244 194 812 86 193 813 242 188 814 325 187 815 239 10 816 326 10 817 241 10 818 85 10 819 60 10 820 180 10 821 326 10 822 239 10 823 180 10 824 22 10 825 178 10 826 326 10 827 146 319 828 327 10 829 240 10 830 26 319 831 8 319 832 132 10 833 327 10 834 146 319 835 132 10 836 60 10 837 239 10 838 327 10 839 98 319 840 328 10 841 166 186 842 7 320 843 26 319 844 240 10 845 328 10 846 98 319 847 240 10 848 85 10 849 238 10 850 328 10 851 235 10 852 329 10 853 237 10 854 84 10 855 27 315 856 147 315 857 329 10 858 235 10 859 147 315 860 9 315 861 179 10 862 329 10 863 158 319 864 330 10 865 236 10 866 38 319 867 5 318 868 99 317 869 330 10 870 158 319 871 99 317 872 27 315 873 235 10 874 330 10 875 110 319 876 331 10 877 132 10 878 8 319 879 38 319 880 236 10 881 331 10 882 110 319 883 236 10 884 84 10 885 234 10 886 331 10 887 231 10 888 332 10 889 233 10 890 83 10 891 39 315 892 159 315 893 332 10 894 231 10 895 159 315 896 1 316 897 109 185 898 332 10 899 179 10 900 333 10 901 232 10 902 59 10 903 9 315 904 111 315 905 333 10 906 179 10 907 111 315 908 39 315 909 231 10 910 333 10 911 131 10 912 334 10 913 133 10 914 22 10 915 59 10 916 232 10 917 334 10 918 131 10 919 232 10 920 83 10 921 230 10 922 334 10 923 227 178 924 335 181 925 229 184 926 82 179 927 64 163 928 184 55 929 335 181 930 227 178 931 184 55 932 23 54 933 182 182 934 335 181 935 110 319 936 336 177 937 228 180 938 38 319 939 8 319 940 136 164 941 336 177 942 110 319 943 136 164 944 64 163 945 227 178 946 336 177 947 158 319 948 337 173 949 103 176 950 5 318 951 38 319 952 228 180 953 337 173 954 158 319 955 228 180 956 82 179 957 226 174 958 337 173 959 223 166 960 338 169 961 225 172 962 81 167 963 41 140 964 113 63 965 338 169 966 223 166 967 113 63 968 11 62 969 183 170 970 338 169 971 98 319 972 339 165 973 224 168 974 26 319 975 7 320 976 161 141 977 339 165 978 98 319 979 161 141 980 41 140 981 223 166 982 339 165 983 146 319 984 340 161 985 136 164 986 8 319 987 26 319 988 224 168 989 340 161 990 146 319 991 224 168 992 81 167 993 222 162 994 340 161 995 219 155 996 341 158 997 221 160 998 80 156 999 29 297 1000 101 5 1001 341 158 1002 219 155 1003 101 5 1004 6 2 1005 167 1 1006 341 158 1007 183 170 1008 342 154 1009 220 157 1010 63 171 1011 11 62 1012 149 298 1013 342 154 1014 183 170 1015 149 298 1016 29 297 1017 219 155 1018 342 154 1019 135 53 1020 343 150 1021 137 153 1022 23 54 1023 63 171 1024 220 157 1025 343 150 1026 135 53 1027 220 157 1028 80 156 1029 218 151 1030 343 150 1031 215 143 1032 344 146 1033 217 149 1034 79 144 1035 68 128 1036 188 67 1037 344 146 1038 215 143 1039 188 67 1040 24 66 1041 186 147 1042 344 146 1043 118 13 1044 345 142 1045 216 145 1046 46 13 1047 16 13 1048 140 129 1049 345 142 1050 118 13 1051 140 129 1052 68 128 1053 215 143 1054 345 142 1055 166 186 1056 346 138 1057 161 141 1058 7 320 1059 46 13 1060 216 145 1061 346 138 1062 166 186 1063 216 145 1064 79 144 1065 214 139 1066 346 138 1067 211 131 1068 347 134 1069 213 137 1070 78 132 1071 30 213 1072 150 37 1073 347 134 1074 211 131 1075 150 37 1076 12 36 1077 187 135 1078 347 134 1079 106 13 1080 348 130 1081 212 133 1082 34 13 1083 3 12 1084 102 214 1085 348 130 1086 106 13 1087 102 214 1088 30 213 1089 211 131 1090 348 130 1091 154 13 1092 349 126 1093 140 129 1094 16 13 1095 34 13 1096 212 133 1097 349 126 1098 154 13 1099 212 133 1100 78 132 1101 210 127 1102 349 126 1103 207 121 1104 350 124 1105 209 125 1106 77 122 1107 42 273 1108 162 17 1109 350 124 1110 207 121 1111 162 17 1112 2 16 1113 164 107 1114 350 124 1115 187 135 1116 351 120 1117 208 123 1118 67 136 1119 12 36 1120 114 274 1121 351 120 1122 187 135 1123 114 274 1124 42 273 1125 207 121 1126 351 120 1127 139 65 1128 352 116 1129 141 119 1130 24 66 1131 67 136 1132 208 123 1133 352 116 1134 139 65 1135 208 123 1136 77 122 1137 206 117 1138 352 116 1139 203 109 1140 353 112 1141 205 115 1142 76 110 1143 72 94 1144 192 77 1145 353 112 1146 203 109 1147 192 77 1148 25 76 1149 190 113 1150 353 112 1151 153 280 1152 354 108 1153 204 111 1154 33 281 1155 15 44 1156 144 95 1157 354 108 1158 153 280 1159 144 95 1160 72 94 1161 203 109 1162 354 108 1163 105 15 1164 355 104 1165 164 107 1166 2 16 1167 33 281 1168 204 111 1169 355 104 1170 105 15 1171 204 111 1172 76 110 1173 202 105 1174 355 104 1175 199 97 1176 356 100 1177 201 103 1178 75 98 1179 36 269 1180 156 268 1181 356 100 1182 199 97 1183 156 268 1184 18 32 1185 191 101 1186 356 100 1187 165 196 1188 357 96 1189 200 99 1190 45 197 1191 0 20 1192 108 19 1193 357 96 1194 165 196 1195 108 19 1196 36 269 1197 199 97 1198 357 96 1199 117 43 1200 358 92 1201 144 95 1202 15 44 1203 45 197 1204 200 99 1205 358 92 1206 117 43 1207 200 99 1208 75 98 1209 198 93 1210 358 92 1211 195 86 1212 359 89 1213 197 91 1214 74 87 1215 48 233 1216 168 232 1217 359 89 1218 195 86 1219 168 232 1220 4 8 1221 107 7 1222 359 89 1223 191 101 1224 360 85 1225 196 88 1226 71 102 1227 18 32 1228 120 31 1229 360 85 1230 191 101 1231 120 31 1232 48 233 1233 195 86 1234 360 85 1235 143 75 1236 361 81 1237 145 84 1238 25 76 1239 71 102 1240 196 88 1241 361 81 1242 143 75 1243 196 88 1244 74 87 1245 194 82 1246 361 81 1247 194 82 1248 362 78 1249 193 80 1250 73 83 1251 74 87 1252 197 91 1253 362 78 1254 194 82 1255 197 91 1256 35 90 1257 155 79 1258 362 78 1259 198 93 1260 363 74 1261 192 77 1262 72 94 1263 75 98 1264 201 103 1265 363 74 1266 198 93 1267 201 103 1268 71 102 1269 143 75 1270 363 74 1271 202 105 1272 364 72 1273 116 69 1274 44 106 1275 76 110 1276 205 115 1277 364 72 1278 202 105 1279 205 115 1280 70 114 1281 142 73 1282 364 72 1283 206 117 1284 365 68 1285 189 71 1286 69 118 1287 77 122 1288 209 125 1289 365 68 1290 206 117 1291 209 125 1292 44 106 1293 116 69 1294 365 68 1295 210 127 1296 366 64 1297 188 67 1298 68 128 1299 78 132 1300 213 137 1301 366 64 1302 210 127 1303 213 137 1304 67 136 1305 139 65 1306 366 64 1307 214 139 1308 367 60 1309 113 63 1310 41 140 1311 79 144 1312 217 149 1313 367 60 1314 214 139 1315 217 149 1316 66 148 1317 138 61 1318 367 60 1319 218 151 1320 368 56 1321 185 59 1322 65 152 1323 80 156 1324 221 160 1325 368 56 1326 218 151 1327 221 160 1328 47 159 1329 119 57 1330 368 56 1331 222 162 1332 369 52 1333 184 55 1334 64 163 1335 81 167 1336 225 172 1337 369 52 1338 222 162 1339 225 172 1340 63 171 1341 135 53 1342 369 52 1343 226 174 1344 370 48 1345 151 51 1346 31 175 1347 82 179 1348 229 184 1349 370 48 1350 226 174 1351 229 184 1352 62 183 1353 134 49 1354 370 48 1355 230 10 1356 371 10 1357 181 10 1358 61 10 1359 83 10 1360 233 10 1361 371 10 1362 230 10 1363 233 10 1364 37 185 1365 157 46 1366 371 10 1367 234 10 1368 372 10 1369 180 10 1370 60 10 1371 84 10 1372 237 10 1373 372 10 1374 234 10 1375 237 10 1376 59 10 1377 131 10 1378 372 10 1379 238 10 1380 373 10 1381 118 13 1382 46 13 1383 85 10 1384 241 10 1385 373 10 1386 238 10 1387 241 10 1388 58 10 1389 130 10 1390 373 10 1391 242 188 1392 374 42 1393 177 45 1394 57 189 1395 86 193 1396 245 198 1397 374 42 1398 242 188 1399 245 198 1400 45 197 1401 117 43 1402 374 42 1403 246 200 1404 375 38 1405 176 41 1406 56 201 1407 87 205 1408 249 210 1409 375 38 1410 246 200 1411 249 210 1412 55 209 1413 127 39 1414 375 38 1415 250 212 1416 376 34 1417 150 37 1418 30 213 1419 88 217 1420 253 222 1421 376 34 1422 250 212 1423 253 222 1424 54 221 1425 126 35 1426 376 34 1427 254 224 1428 377 30 1429 173 33 1430 53 225 1431 89 229 1432 257 234 1433 377 30 1434 254 224 1435 257 234 1436 48 233 1437 120 31 1438 377 30 1439 258 236 1440 378 26 1441 172 29 1442 52 237 1443 90 241 1444 261 246 1445 378 26 1446 258 236 1447 261 246 1448 51 245 1449 123 27 1450 378 26 1451 262 248 1452 379 22 1453 148 25 1454 28 249 1455 91 253 1456 265 258 1457 379 22 1458 262 248 1459 265 258 1460 50 257 1461 122 23 1462 379 22 1463 266 260 1464 380 18 1465 160 21 1466 40 261 1467 92 265 1468 269 270 1469 380 18 1470 266 260 1471 269 270 1472 36 269 1473 108 19 1474 380 18 1475 270 272 1476 381 14 1477 162 17 1478 42 273 1479 93 277 1480 273 282 1481 381 14 1482 270 272 1483 273 282 1484 33 281 1485 105 15 1486 381 14 1487 274 10 1488 382 10 1489 106 13 1490 34 13 1491 94 10 1492 277 10 1493 382 10 1494 274 10 1495 277 10 1496 49 284 1497 169 11 1498 382 10 1499 278 286 1500 383 6 1501 163 9 1502 43 287 1503 95 291 1504 281 294 1505 383 6 1506 278 286 1507 281 294 1508 35 90 1509 107 7 1510 383 6 1511 282 296 1512 384 4 1513 101 5 1514 29 297 1515 96 301 1516 285 306 1517 384 4 1518 282 296 1519 285 306 1520 32 305 1521 104 3 1522 384 4 1523 286 308 1524 385 0 1525 104 3 1526 32 305 1527 97 311 1528 289 314 1529 385 0 1530 286 308 1531 289 314 1532 47 159 1533 167 1 1534 385 0 1535</p>
        </polylist>
      </mesh>
    </geometry>
    <geometry id="caja-cubierta-lona_001-mesh" name="caja-cubierta-lona.001">
      <mesh>
        <source id="caja-cubierta-lona_001-mesh-positions">
          <float_array id="caja-cubierta-lona_001-mesh-positions-array" count="1158">0.3880783 0.286723 0.7233166 0.4362782 0.2582255 0.004065692 0.3966949 -0.3030692 0.691273 0.5707314 -0.3597013 0.002353191 -0.3523201 0.2808842 0.7063575 -0.5367167 0.2694834 0.003971755 -0.3542379 -0.3090641 0.7039957 -0.4315058 -0.2627222 0.004591464 -0.5766981 -0.04385668 0.004025578 -0.001028358 0.3576598 0.002691447 0.4208559 0.2571367 0.350745 -0.369551 -0.3003597 0.3361778 0.4738387 -0.3002389 0.2287927 -0.3669363 0.2720204 0.3977025 -0.003556668 -0.3268399 0.7095088 0.3938281 -0.0190339 0.700271 9.52761e-4 -0.3527022 -0.0024181 -0.3692705 0.005323886 0.6820111 0.003168463 0.3003678 0.7160989 0.5396046 0.03552675 0.006133496 -0.009566187 0.3110648 0.3854806 0.4560059 0.00278598 0.3266388 -6.8922e-4 -1.32559e-5 -0.003021597 -0.4192196 0.009116232 0.357927 7.42367e-4 -0.3370615 0.3623655 -3.88075e-4 -0.01483148 0.7031801 -0.5368438 -0.09493929 0.006155312 -0.3117712 0.3708854 0.01538789 0.4311043 0.245263 0.139062 -0.37891 -0.2955856 0.5456259 0.504028 -0.3692566 0.1228828 -0.4461281 0.2976824 0.06689089 -0.3179674 -0.3294818 0.7264305 0.3907429 -0.1951634 0.6997739 0.3105348 -0.3517435 2.03349e-4 -0.3584761 0.1863791 0.6949971 0.3150774 0.3042472 0.7351824 0.5794642 0.1420885 0.007200896 -0.5285893 0.2294362 0.001886844 0.3031182 0.3398229 0.004788398 0.4074881 0.2695714 0.5552782 -0.4033337 -0.2790871 0.1370764 0.4102966 -0.2820063 0.5706715 -0.3702785 0.2650708 0.5516431 0.3118627 -0.315946 0.7067704 0.3999677 0.1994826 0.6986668 -0.3014842 -0.3326647 -0.001130342 -0.3631621 -0.188472 0.6872723 -0.3051446 0.2910168 0.7125207 0.5397182 -0.2236017 0.005121767 0.3043977 0.310161 0.3404471 -0.3008275 0.2957891 0.3622802 -0.01696181 0.3177604 0.1550561 0.008467972 0.3187049 0.5774819 0.4575229 -0.1951286 0.3109508 0.4421814 0.1739315 0.3206894 0.4813801 -0.006157994 0.1738088 0.4364956 0.03522753 0.5171645 -5.50938e-4 -0.2030741 -0.004455268 -5.63621e-6 0.2039284 -0.002461791 -0.3169101 -5.05638e-5 -1.41661e-4 0.314961 3.30067e-4 -0.001811385 -0.4372022 0.144748 0.2615694 -0.423399 -0.156127 0.3070939 -0.5780422 -0.04988193 0.02813273 -0.435915 -0.1114661 0.4940874 -0.3117845 -0.3295252 0.37499 0.3393449 -0.3361223 0.3645378 -0.00618875 -0.3360036 0.1683254 9.61497e-4 -0.3451591 0.5671388 -3.18176e-4 -0.2117881 0.7128015 -0.002799272 0.2155445 0.7313522 0.3188692 -0.001912593 0.7265268 -0.3098486 -4.13384e-4 0.7252773 -0.3139607 0.2021145 0.7237021 0.3233115 0.2076339 0.7231684 0.3214576 -0.2014064 0.7195193 0.3075578 -0.3293005 0.5644757 0.3174011 -0.3394698 0.1558638 -0.3041887 -0.3313646 0.1547328 -0.4227491 -0.1680183 0.539281 -0.4521088 -0.1586551 0.1361519 -0.4474057 0.2125746 0.1615211 0.3154076 0.2045246 -0.00126338 -0.3153946 0.2034329 -0.001168251 -0.3156376 -0.2028657 -0.004660367 0.4232282 0.1853268 0.5643583 0.4659684 0.1765559 0.1470592 0.4899634 -0.2032162 0.1602478 -0.2975689 0.3011313 0.5795907 -0.3174647 0.3276706 0.1680169 0.3106854 0.3256879 0.1595211 0.3183856 0.3042138 0.5797199 0.4255812 -0.2023029 0.5592271 0.3147919 -0.2031173 -0.002260625 -0.3884308 0.170845 0.5649998 -0.3051065 -0.3300634 0.5603672 -0.3114537 -0.2058728 0.7276421 -0.4688803 -0.1844208 0.01349467 -0.4270293 0.3311084 0.009266138 0.4326472 0.2510717 0.06704664 -0.3674297 -0.3015426 0.6277589 0.5348201 -0.3713335 0.04511243 -0.5110766 0.2765038 0.01394104 -0.3380318 -0.3257104 0.7229275 0.3887262 -0.2517413 0.6994293 0.451495 -0.3365784 0.003452122 -0.3520843 0.2373101 0.7022941 0.3620876 0.3043094 0.7334402 0.528683 0.1606883 0.009995996 -0.4999519 0.1157928 0.00810647 0.1534432 0.3547345 0.002759337 0.4098778 0.2644788 0.4551773 -0.3844047 -0.2910261 0.23684 0.4024832 -0.3030115 0.3864908 -0.3715783 0.2691324 0.4755327 0.1540764 -0.3221141 0.7070509 0.3989815 0.09183442 0.6960543 -0.1512208 -0.348835 -0.002728343 -0.3677694 -0.09252023 0.6843684 -0.1513956 0.2969303 0.7129537 0.5187658 -0.1041445 0.008041977 0.3754173 0.3006523 0.3478682 -0.1560007 0.3067648 0.3753454 -0.008568584 0.3192667 0.07216823 4.68636e-4 0.2979354 0.4877206 0.4673774 -0.2476822 0.2704102 0.4506975 0.08815145 0.3249315 0.4702503 0.01443165 0.09428244 0.4312756 0.01738435 0.4236928 3.05901e-4 -0.2867361 -0.005100488 -5.15957e-4 0.1017501 -0.001994729 -0.4553506 -0.01504194 -0.003224968 0.1570883 6.75047e-5 -0.001616775 -0.3864549 0.2045194 0.3277164 -0.4178399 -0.07647222 0.3565008 -0.579034 -0.04673373 0.004068136 -0.4281526 -0.05769878 0.4247835 -0.3491658 -0.3193926 0.3564363 0.1704204 -0.3345167 0.3817941 -0.006449162 -0.3303206 0.07558113 0.002033889 -0.3398178 0.4643629 -0.001191556 -0.2777603 0.7210604 -0.002122402 0.1024482 0.7083935 0.3665959 -0.01086753 0.7252133 -0.159621 -0.01023089 0.7136297 -0.5657272 -0.0623514 0.002372622 -0.1567661 0.3632313 0.006296277 0.4261127 0.2459774 0.2454906 -0.3786338 -0.2997014 0.4441811 0.4904309 -0.3406127 0.1771998 -0.3939958 0.262251 0.2024808 -0.1610336 -0.3275758 0.7174993 0.3940738 -0.1054924 0.6977824 0.1568473 -0.3568589 8.28838e-4 -0.3646351 0.09476333 0.6902869 0.1583433 0.3002964 0.7266392 0.5627431 0.0962755 0.003241598 -0.534742 0.25508 0.00339514 0.3761159 0.3077617 0.004035949 0.3998474 0.2729366 0.6440242 -0.4148133 -0.2736688 0.06107527 0.4054005 -0.2903419 0.6352028 -0.3617199 0.2728904 0.6342229 0.3661596 -0.3150514 0.7050938 0.3956483 0.2466548 0.7108768 -0.377883 -0.3100701 -0.001124382 -0.3574764 -0.2532276 0.6930373 -0.3391478 0.2879239 0.7145268 0.5585004 -0.3035018 0.00411427 0.1502285 0.3101552 0.3632292 -0.3428573 0.2879719 0.3786348 -0.01856529 0.3101951 0.2702679 0.004891157 0.3163058 0.6518328 0.453732 -0.09768587 0.3179652 0.4313942 0.2220521 0.3321814 0.4729862 -0.002203881 0.2464946 0.4027556 0.004116714 0.6250441 -5.89981e-4 -0.1015408 -0.003491044 -5.46217e-4 0.2900773 -0.002935707 -0.158303 1.3731e-4 -0.00309199 0.4385627 0.01295775 -0.001246273 -0.4249045 0.08192414 0.3103137 -0.3984187 -0.2290309 0.321914 -0.438689 -0.01898884 0.1775242 -0.3801494 -0.04391783 0.5941701 -0.1569231 -0.3352325 0.3683103 0.3968326 -0.3153027 0.2973755 -0.003113508 -0.3382595 0.2648602 -8.36865e-4 -0.3443272 0.6464858 -5.003e-4 -0.1130486 0.7018324 2.61624e-4 0.2650485 0.7389824 0.1606158 -0.008566141 0.7125082 -0.3459197 0.002556979 0.7101163 -0.3107284 0.1016631 0.7235865 -0.3097758 0.2552959 0.7253062 -0.1572301 0.2096905 0.7252754 -0.341031 0.1934371 0.7173314 0.3227342 0.1013615 0.7242347 0.314723 0.2749392 0.73532 0.3712533 0.2034741 0.7225611 0.1566695 0.215465 0.723955 0.3160377 -0.2685859 0.7173974 0.3215779 -0.1027332 0.7206719 0.3662205 -0.1985369 0.7168844 0.160587 -0.2085021 0.7109613 0.1560822 -0.336425 0.5668351 0.3702286 -0.3194532 0.5675939 0.3280622 -0.324926 0.4637776 0.3086144 -0.3263257 0.6420453 0.1546645 -0.327387 0.1613749 0.4068266 -0.3265156 0.1435922 0.3131166 -0.3359825 0.07104414 0.3308063 -0.3400959 0.2621827 -0.3640701 -0.3163965 0.1477006 -0.1594178 -0.3319998 0.1637586 -0.3037468 -0.3281807 0.07241338 -0.3139919 -0.3255309 0.2666509 -0.4308561 -0.136509 0.5177908 -0.3997119 -0.229487 0.5487241 -0.4128863 -0.1555739 0.434013 -0.3972871 -0.199193 0.5947846 -0.5361323 -0.07770776 0.03396332 -0.4295066 -0.2204287 0.1374577 -0.4686797 -0.1283111 0.05300128 -0.4387592 -0.1602619 0.2227218 -0.4487784 0.2548921 0.1132022 -0.480265 0.08548623 0.02333432 -0.4788575 0.2207956 0.02974629 -0.4452491 0.1740491 0.209591 0.3151562 0.1024142 -0.00170964 0.3122351 0.2824089 -0.001301169 0.1575524 0.2040959 -0.002313792 0.4568477 0.177969 0.002714455 -0.3139383 0.1032956 -0.001646697 -0.3142775 0.2935848 -0.001107633 -0.4338798 0.2111651 -0.001130223 -0.1577199 0.2036131 -0.00230664 -0.3103979 -0.2779404 -0.00497508 -0.3160036 -0.1013939 -0.00427246 -0.4337458 -0.1567589 -0.003101348 -0.1627774 -0.2075105 1.69941e-4 0.4315226 0.1078885 0.5448349 0.416793 0.2314501 0.5607969 0.4188934 0.169973 0.4374786 0.4215477 0.1924995 0.6352621 0.4752693 0.08644801 0.1567028 0.4528614 0.2113984 0.1443966 0.5407455 0.1563749 0.01210576 0.4556485 0.17803 0.2339718 0.5067638 -0.2926074 0.1430621 0.485947 -0.1074092 0.1678493 0.4983947 -0.2180571 0.06482923 0.483404 -0.1999961 0.2361633 -0.1451239 0.2949734 0.5805829 -0.3430086 0.2900629 0.5661638 -0.3016864 0.2924727 0.4752947 -0.302482 0.3005038 0.6500229 -0.1658199 0.3197775 0.1617314 -0.382894 0.3066011 0.1148079 -0.3224753 0.3226178 0.08569806 -0.3111512 0.3164769 0.2633879 0.3804954 0.3009431 0.1504602 0.1566756 0.3102086 0.1589584 0.307242 0.3276636 0.07387948 0.3085408 0.3218324 0.2519764 0.3718571 0.2930876 0.568233 0.1622156 0.3088887 0.577225 0.3089841 0.3014271 0.4627945 0.3149311 0.3072805 0.6640631 0.4224717 -0.2448821 0.5643138 0.4240176 -0.0868628 0.5407303 0.4307913 -0.1991385 0.4393512 0.4201456 -0.2059011 0.622855 0.3139495 -0.2869278 -0.003112494 0.3151664 -0.1010681 -0.001625895 0.1570918 -0.203098 -0.003663718 0.4391355 -0.2100709 -0.00142914 -0.3831058 0.2238447 0.5577855 -0.3978719 0.04463845 0.5124373 -0.3882094 0.1577445 0.4221994 -0.3819419 0.1864826 0.6256453 -0.3513392 -0.3197759 0.5543341 -0.1529403 -0.3426554 0.5631879 -0.3092083 -0.325248 0.4732968 -0.3102173 -0.3299202 0.6518744 -0.3149507 -0.276759 0.731675 -0.3148141 -0.1035354 0.7216165 -0.1572357 -0.20939 0.7185583 -0.3462319 -0.1971991 0.716089 -0.3463583 -0.09608036 0.7129796 -0.1589714 -0.10756 0.7104498 -0.1587961 -0.2770072 0.727029 -0.1561477 -0.3419541 0.6493961 -0.1578015 -0.3328742 0.4653589 -0.352744 -0.3191596 0.4549684 -0.3752754 0.06076067 0.6154803 -0.393199 0.05315071 0.436027 -0.3903126 0.2192881 0.4457393 0.4387453 -0.09865701 -0.001355767 0.15709 -0.1015152 -0.002640247 0.1570186 -0.2868965 -0.004391252 0.3989896 -0.09569859 0.6248597 0.4353886 -0.086093 0.4264642 0.4224367 -0.234992 0.4344633 0.160035 0.3101351 0.6585861 0.1532058 0.3097376 0.472248 0.3723991 0.2931887 0.4574415 0.1526744 0.3141101 0.2638759 0.156436 0.3073754 0.068704 0.3783882 0.3042955 0.06948274 -0.3541095 0.3004806 0.2477223 -0.4230888 0.3285063 0.04531484 -0.1648119 0.3170935 0.08785223 -0.3390083 0.2903169 0.6437886 -0.3429639 0.2888151 0.4735542 -0.1513783 0.3115785 0.4768881 0.4769969 -0.1016213 0.2398175 0.4787264 -0.1087146 0.07604193 0.5231782 -0.3032457 0.06314611 0.4467312 0.2151321 0.2410008 0.4621099 0.1987656 0.06705963 0.5464744 0.08043998 0.007655024 0.4120913 0.2373612 0.6413112 0.4149801 0.2326797 0.4454314 0.4308147 0.09930104 0.4326047 -0.1539724 -0.09807491 -0.003425955 -0.4449265 -0.08590006 -0.003027856 -0.4058933 -0.2359576 -0.003692567 -0.1573253 0.2920066 -0.002106368 -0.4315252 0.2724969 0.004219055 -0.4453184 0.09814161 -0.002633929 0.419594 0.24605 0.001665592 0.1558666 0.2862539 -0.001521706 0.1573645 0.1021685 -0.002415418 -0.4219295 0.07177746 0.205865 -0.4957915 0.1035295 0.01105666 -0.507394 0.2608232 0.01545584 -0.4167531 -0.2253874 0.230407 -0.4468392 -0.1971195 0.06295639 -0.5485768 -0.0765118 0.0302186 -0.391134 -0.2448748 0.6214126 -0.4005761 -0.2338827 0.4337759 -0.4259331 -0.1031184 0.4335051 -0.1581255 -0.3372759 0.2652777 -0.1597821 -0.3286952 0.07033246 -0.3702826 -0.3121314 0.06652462 0.4018206 -0.3235178 0.221091 0.4274491 -0.319007 0.06753724 0.1618238 -0.3259427 0.07478493 0.3677729 -0.3174142 0.6387925 0.3878851 -0.3156819 0.436145 0.161501 -0.3315531 0.466359 0.1617269 -0.107771 0.7048801 0.3663643 -0.1042619 0.7186009 0.366806 -0.261789 0.7153495 0.1583416 0.2645941 0.743621 0.366858 0.2560378 0.7208015 0.3686876 0.09643489 0.7237021 -0.3406364 0.2471772 0.7197996 -0.1548509 0.2600128 0.7322279 -0.1597127 0.1001027 0.7106059 -0.3437683 0.09816104 0.7134909 0.1612327 0.1021683 0.6998592 0.1572675 -0.2738205 0.7184804 0.1542124 -0.3405446 0.644629 0.1667364 -0.3303871 0.2636564 -0.3575541 -0.3209335 0.2520565 -0.3783436 -0.1152424 0.6060653 -0.4399504 -0.09996777 0.2028416 -0.4143548 0.2227256 0.2188926 0.4495301 0.09549152 -0.001115679 -0.1582805 0.1017002 -0.002421438 -0.1550971 -0.2823599 -0.005857467 0.4136964 0.09912163 0.6250132 0.4638789 0.08604055 0.241405 0.4902877 -0.2706421 0.2082079 -0.1478098 0.3087822 0.6530944 -0.1564018 0.3132095 0.2691618 0.3765766 0.2993775 0.2491087 0.365606 0.2974853 0.6544861 0.4192524 -0.250392 0.6340224 0.4477398 -0.2928354 -0.002619087 -0.3761466 0.2290879 0.63456 -0.3479459 -0.3220933 0.6409178 -0.3429812 -0.2654327 0.7184104</float_array>
          <technique_common>
            <accessor source="#caja-cubierta-lona_001-mesh-positions-array" count="386" stride="3">
              <param name="X" type="float"/>
              <param name="Y" type="float"/>
              <param name="Z" type="float"/>
            </accessor>
          </technique_common>
        </source>
        <source id="caja-cubierta-lona_001-mesh-normals">
          <float_array id="caja-cubierta-lona_001-mesh-normals-array" count="1158">-0.6265972 0.01355063 0.7792255 -0.9041957 -0.05874967 0.4230587 -0.8852321 -0.3238364 0.3339076 -0.5700459 -0.5918064 0.5699238 -0.4956638 -0.8683044 0.01910507 -0.8621014 -0.4921804 0.1205806 -0.9699733 0.1604109 0.1828122 -0.8879781 0.05908459 0.4560745 -0.8340018 0.4280946 0.3481035 -0.8423702 0.5323526 0.08374565 0.0283522 -0.02243149 -0.9993464 0.8838914 0.1201838 -0.4519864 0.7520274 -0.6054124 -0.2606353 -0.09052044 -0.6961469 -0.7121697 0.9722403 -0.1112414 0.2058499 0.7718536 -0.04861658 0.6339387 0.7657238 -0.4969117 0.4083454 0.8419284 -0.5312142 0.09470051 0.3658941 0.9301933 -0.0293594 0.3607328 0.6340597 0.6839885 0.7152521 0.3650423 0.5959519 0.8262004 0.5609226 0.05252444 0.5193748 0.8540782 0.02829122 0.4473795 0.8934773 0.03936964 0.8573741 0.511928 0.05328637 0.8129711 0.5815743 0.02914583 0.0032655 0.9970633 0.07651168 -0.03036665 0.9984983 0.04559576 -0.002105772 0.9993203 0.0368061 0.003906428 0.9995405 0.03006154 -0.04785311 0.9973174 0.05539125 -0.04477149 0.8017978 0.595916 -0.02972561 0.8133656 0.5809929 -0.02044802 0.9964297 0.08191418 0.9532224 -0.06094592 0.2960623 0.9231284 -0.1872076 0.3358384 0.7104569 -0.5675049 0.4161601 0.5519719 -0.7421376 0.3802093 0.9845432 0.09891206 0.144538 0.9797009 0.08426386 0.1818951 0.9776505 0.02691787 0.2085068 0.984322 0.05175983 0.1686162 0.9785239 -0.05731427 0.1980059 0.8698585 -0.0408957 0.4916034 0.879468 -0.03466963 0.4746936 0.9791051 -0.05356049 0.196175 -0.002685666 -0.00463885 -0.9999857 0.001739561 -0.0134285 -0.9999083 -0.003448605 -0.8190392 -0.5737273 -0.03201436 -0.8010014 -0.597806 -0.003875911 0.00137335 -0.9999915 0.001159727 0.001464903 -0.9999983 0.002960324 0.005188167 -0.9999822 -0.004303157 0.00778234 -0.9999606 0.03247201 0.009155631 -0.9994308 0.9405773 -0.2187325 -0.2597506 0.8941667 -0.1461284 -0.4232169 0.0400719 -0.0104376 -0.9991424 -0.8623154 0.3983345 0.312637 -0.9392278 0.307908 0.1518024 -0.7939803 0.6078454 0.01092576 -0.7517196 0.5913715 0.2918861 -0.9484577 -0.09403085 0.3026323 -0.9996362 -0.02291941 0.0142216 -0.9878392 0.1034899 0.1160332 -0.92563 0.1081921 0.3626343 -0.9449972 0.07052987 0.3193836 -0.919215 0.01455771 0.3934871 -0.9233016 0.00927788 0.3839638 -0.9627462 0.06164795 0.2632857 -0.4811028 -0.8762639 0.0264905 -0.4323321 -0.9017143 -6.1038e-4 -0.8275197 -0.5607236 0.02829098 -0.8282342 -0.5541399 0.08340936 -0.006805717 -0.9998936 -0.01290953 0.01278758 -0.9997202 0.01989853 0.007171869 -0.9999744 1.22075e-4 0.01406919 -0.9997683 -0.01629704 0.05154728 -0.991698 0.117805 0.03814846 -0.7010774 0.7120642 0.02847486 -0.6988096 0.7147408 0.01437455 -0.9918777 0.1263805 0.005462884 -0.07406955 0.9972382 0.02899271 -0.05182069 0.9982355 -0.03823983 -0.05053883 0.9979898 0.01947134 -0.08756005 0.9959689 0.01461845 -0.0117802 0.9998238 -0.06234949 -0.002899229 0.9980503 -0.5559024 -0.007507622 0.8312138 -0.8989779 -0.003112971 0.4379831 -0.5787758 -2.74677e-4 0.8154867 0.0386067 -0.05514806 0.9977316 -0.1207955 -0.01934921 0.9924889 -0.1284239 -0.003021359 0.9917148 0.06335806 -0.01187199 0.9979203 -0.03589063 0.1777442 0.9834221 -0.08267509 0.1401723 0.9866694 -0.1104182 -0.0498377 0.992635 -0.007721304 -0.1152404 0.9933077 -0.4803099 0.05084484 0.875624 -0.8901083 0.01620543 0.455461 -0.5424816 -0.01184147 0.8399842 0.3638426 0.002197325 0.9314579 -0.03930854 -0.001861631 0.9992254 -0.04165863 -0.007171988 0.9991062 0.359029 -0.02447646 0.9330054 0.2369219 -0.1352924 0.9620624 0.06866735 -0.06057983 0.9957987 0.02853494 -0.1039161 0.9941766 0.3408026 -0.03140372 0.9396104 -0.003845334 0.05157649 0.9986617 -0.02920639 0.1593381 0.986792 0.002288877 -0.1935502 0.9810878 0.004242062 -0.2114026 0.9773899 0.3085175 -0.0962572 0.9463359 0.02160751 -0.1062981 0.9940996 0.06491464 -0.7212025 0.689676 0.3352263 -0.7020097 0.6283357 0.3448631 -0.03341811 0.938058 -0.02105814 -0.03140407 0.999285 0.001312315 0.004455745 0.9999893 0.3313809 -0.01941037 0.9432973 -0.05279743 -0.001281738 0.9986045 0.01620566 0.02923732 0.9994412 0.02270609 0.1058397 0.9941241 -0.02404916 0.06747812 0.9974309 0.03747761 -0.9992917 -0.003418147 0.05188173 -0.9982359 -0.02887064 0.01239061 -0.9993668 -0.03335696 0.007690846 -0.9995065 -0.03045821 0.4826299 -0.874038 0.05591106 0.4203122 -0.907126 0.02145504 0.1003472 -0.9949269 -0.00714147 0.1182928 -0.9927619 0.02075308 0.3518828 -0.9357398 0.02386575 0.09412014 -0.9917407 0.08713132 -0.01336747 -0.9896525 0.1428613 -0.00903356 -0.9995853 -0.02734488 0.01355051 -0.9991685 -0.03845417 -8.54541e-4 -0.9918174 0.1276624 -0.1342545 -0.9909012 -0.00952202 -0.07095658 -0.9974512 0.007507622 0.04431325 -0.9987879 -0.02142417 0.04547369 -0.991388 0.1228095 0.1621161 -0.9710484 0.1754528 0.3437669 -0.9316559 0.117651 0.1589148 -0.9858698 0.05298173 0.1146003 -0.9932541 0.0177012 -0.4703674 -0.8822593 0.01931887 -0.4746037 -0.880173 0.006836295 -0.8164724 -0.573023 0.07083439 -0.7951104 -0.5983241 0.09903401 -0.02490371 -0.9958748 0.08725458 -0.01962393 -0.9993564 -0.03003102 -0.1135302 -0.9933897 -0.01696848 -0.140447 -0.9897214 0.02694797 -0.03042781 -0.9995109 -0.007233083 -0.03372377 -0.9993844 0.009674608 -0.1227468 -0.9923509 0.01315361 -0.1179246 -0.9930207 -0.001922667 -0.9836403 -0.1403587 -0.1129218 -0.9801952 -0.07111042 0.1848261 -0.9976856 -0.005005002 0.06781244 -0.9958611 0.08206522 -0.0390641 -0.9569975 -0.2896293 -0.01644992 -0.9609791 -0.2687189 0.06564611 -0.9739756 -0.09042704 0.2078327 -0.9774653 -0.207133 -0.04071241 -0.9553702 -0.1665733 0.2439697 -0.9065172 0.0141915 0.4219304 -0.9537531 -0.04104816 0.2977751 -0.6530093 -0.7326021 0.1920238 -0.7903232 -0.5508396 0.2682631 -0.8568546 -0.087834 0.5080211 -0.8818923 -0.2852966 0.3753291 -0.9011508 -0.3751463 0.2172381 -0.9244152 -0.365585 0.108647 -0.923721 -0.3296366 0.195139 -0.777652 -0.5884959 0.221201 -0.9244825 -0.3550584 0.1388005 -0.9446849 -0.3197169 0.07315403 -0.9831564 -0.1438996 0.1126781 -0.9588008 -0.2048774 0.1967898 -0.6300126 0.08765178 0.7716227 -0.8522179 0.2989355 0.4293745 -0.6251893 0.6234802 0.4694795 -0.5979316 0.5697624 0.5637807 -0.6965964 0.1452399 0.7026087 -0.8676085 0.231521 0.4400607 -0.9197623 0.1835435 0.3469137 -0.8202009 -0.05307269 0.5696086 -0.9839417 0.02761995 0.1763404 -0.9877586 0.03790497 0.1513149 -0.9835208 0.07977789 0.1622415 -0.9560503 0.1362385 0.2596284 0.002349972 -3.35713e-4 -0.9999973 0.007843315 0.005798578 -0.9999524 0.002990841 3.05193e-4 -0.9999955 0.003601253 0.002288937 -0.9999909 0.0070194 0.04080432 -0.9991425 0.02447646 0.04959386 -0.9984695 0.01461869 0.006866812 -0.9998696 0.003448665 0.001922667 -0.9999923 0.0687589 0.04751777 -0.996501 0.381156 0.6656269 -0.6416081 0.9844269 0.06680649 -0.1626062 0.0707125 0.07736563 -0.9944921 -0.04620599 0.008942067 -0.998892 1.22078e-4 8.24025e-4 -0.9999997 0.001220762 0.008606374 -0.9999622 -0.03885042 0.02060014 -0.9990327 -0.01733475 0.08279806 -0.9964156 -0.02459812 0.09421145 -0.9952483 -0.00814855 0.01223808 -0.999892 -0.03378456 0.02172952 -0.999193 -0.01217705 0.06674498 -0.9976958 -8.24025e-4 0.04349017 -0.9990535 4.57791e-4 -7.62986e-4 -0.9999997 -0.00375384 2.74673e-4 -0.999993 -0.1361463 -0.05163854 -0.989342 -0.01098662 -0.02063053 -0.9997269 -0.1282427 -0.7670755 -0.6286089 -0.3931773 -0.6723353 -0.6271976 -0.03869783 -0.01385551 -0.9991549 0.001495361 0.007324457 -0.9999721 0.001983702 0.00753802 -0.9999697 -0.1310163 -0.08774089 -0.9874899 -0.001281797 -2.74675e-4 -0.9999992 -6.40907e-4 0.002258419 -0.9999973 -0.004272639 0.0116887 -0.9999226 0.002075254 0.01474058 -0.9998893 0.9931539 0.08530098 0.07980751 0.9960231 0.02404904 0.08578932 0.9941953 -0.01864725 0.1059628 0.9938266 0.007477164 0.110693 0.9873089 0.1465505 0.06118988 0.9821904 0.1874777 0.01242119 0.9956164 0.08819943 0.03112918 0.9903712 0.1178337 0.07266563 0.972921 0.190165 0.131385 0.7924007 0.04110932 0.6086141 0.8391592 0.001159727 0.5438847 0.9850653 0.04822015 0.1652914 0.7618479 -0.08774232 0.6417859 0.9714636 0.003265559 0.2371664 0.9968514 0.007660329 0.07892286 0.9528612 -0.1240288 0.276898 0.7501282 0.6377264 0.1749657 0.8510906 0.5193462 0.07696956 0.91825 0.335829 0.2098473 0.6849154 0.6429817 0.3427323 0.9283399 0.3618994 0.08493554 0.9635701 0.2396336 0.1187791 0.9774157 0.1331868 0.1640725 0.9762625 0.1768558 0.1250351 0.9180695 0.1148731 0.3794109 0.9765045 0.0419631 0.211372 0.4179022 -0.890892 0.1779586 0.4114022 -0.8752368 0.2543796 0.9619383 0.05670487 0.2673187 0.9974072 0.06628829 0.02801686 0.9895284 0.1174079 0.08395868 0.936181 0.1705726 0.3073604 0.9806767 0.02697902 0.193767 0.9721627 0.00576812 0.2342358 0.9650059 -0.03708034 0.2595933 0.9714636 0.01852524 0.2364645 -0.03540211 0.9992563 0.01529002 -0.04645031 0.9981637 -0.03888154 -0.0220043 0.9985885 -0.0483424 -0.01217687 0.9999108 -0.005493342 -0.3816383 0.9242941 -0.005737543 -0.4356065 0.900115 -0.006317555 -0.1161561 0.9929728 -0.02264523 -0.1108769 0.9938336 -0.001098692 -0.4168959 0.908656 0.02328634 -0.4499191 0.6554682 0.6065759 -0.1082528 0.7817579 0.6141141 -0.1240295 0.991321 0.04358124 0.03283834 0.9697395 0.2419236 0.02472072 0.9994502 0.02209603 0.02047848 0.9996615 0.01605314 0.0382409 0.9619446 0.2705555 -0.392632 0.8399243 0.3746562 -0.4137737 0.8771405 0.2437536 -0.1503357 0.9855139 0.07849442 -0.08704096 0.9619675 0.2589255 -0.5012499 0.8534127 0.1429526 -0.4202767 0.9050095 0.06576836 -0.1383117 0.9866157 0.0863685 -0.1587927 0.978698 0.1301349 0.5312806 0.8453551 0.0558198 0.548953 0.8351948 0.03317457 0.7942266 0.6065042 0.03683638 0.754281 0.6474639 0.1088618 -0.01046806 0.970663 0.2402166 -0.03167867 0.9994967 0.001709043 0.1218327 0.9924548 0.01379466 0.1418834 0.9816169 0.1276614 -0.02060061 0.9993594 0.02926814 -0.003570616 0.9988408 0.04800564 0.09039717 0.9938807 0.06347942 0.1148142 0.9924319 0.04355126 0.3947677 0.9185101 0.0223096 0.3875268 0.9217876 -0.0114445 0.8266742 0.5625609 0.01162779 0.8499861 0.5258738 0.03131252 0.007782399 0.9999689 -0.001312315 0.02716225 0.9991454 -0.03116029 0.1082829 0.9938656 -0.02249282 0.0903353 0.9957335 0.01883 0.01944077 0.9975231 0.06760019 -0.01544272 0.7868776 0.616916 0.07284915 0.7107909 0.6996209 0.07214647 0.9973859 0.004028439 0.9692648 -0.2162297 0.117347 0.9810936 -0.1923 0.02182102 0.8524466 -0.5225096 0.01785337 0.7128676 -0.6809445 0.1677335 0.9920185 -0.00814855 0.1258296 0.9876615 0.003570735 0.1565634 0.9955173 -0.01590019 0.09323436 0.9903038 -0.06482183 0.1228685 0.9795796 0.03470045 0.19804 0.8624399 0.007843375 0.5060986 0.808844 0.02029508 0.5876731 0.9764927 0.04049897 0.2117118 0.007049798 -0.02594083 -0.9996387 0.008514821 -0.03140413 -0.9994706 0.04937988 -0.8238631 -0.5646339 9.46104e-4 -0.8367526 -0.5475805 0.00564599 0.007324576 -0.9999573 0.00451678 0.003784298 -0.9999827 0.006591975 0.008239984 -0.9999443 0.00653094 0.008850336 -0.9999396 0.04797536 0.001922667 -0.9988467 0.8865329 0.02166885 -0.462158 0.868546 0.1839697 -0.460199 0.04110902 0.01522892 -0.9990386 -0.971518 0.2364934 0.01495438 -0.9802238 0.1904719 0.05368369 -0.8326256 0.5525812 0.03726392 -0.8070876 0.5903993 0.006195425 -0.9827308 0.1483511 0.1105995 -0.985607 0.1122484 0.1264091 -0.9958805 0.0315876 0.0849967 -0.9853836 0.1296429 0.1105077 -0.9806606 0.01858592 0.194832 -0.9802842 0.04004144 0.1934932 -0.4289193 -0.9033429 2.44155e-4 -0.44897 -0.8935451 0.001770079 -0.8385145 -0.5437908 0.03442561 -0.8188248 -0.5738183 -0.01608347 -0.04174941 -0.9987214 -0.02850437 -0.0476098 -0.9982504 -0.03506648 -0.131201 -0.9909512 -0.02832156 -0.1209456 -0.9925595 -0.01406908 -0.03061032 -0.9955537 0.08908432 0.01806706 -0.7108111 0.7031509 -0.1713954 -0.711004 0.6819803 -0.1255244 -0.9918964 0.01962363 0.04300135 -0.03585988 0.9984314 -0.1497267 -0.01098686 0.9886664 0.06171023 0.02655184 0.9977409 -0.1244584 0.02087527 0.9920052 -0.1319663 0.06189352 0.98932 0.04928785 0.09451669 0.9943025 -0.5899918 0.01220756 0.807317 -0.6258554 0.01147514 0.7798548 0.01867771 0.8792265 -0.4760379 0.1470692 0.830778 -0.5368226 0.03714144 0.8863907 -0.4614456 0.4090513 0.6761875 -0.6127377 0.5905154 0.5471782 -0.5932012 -0.3329085 0.7965021 -0.5047341 -0.09122234 0.9204031 -0.3801798 -0.8698313 0.4144524 -0.267624 0.02124154 0.8956249 -0.4443027 -0.5630825 -0.4910567 -0.6646814 -0.6095536 -0.588465 -0.5311811 -0.9546723 -0.1504293 0.2568499 -0.8221579 -0.4292837 -0.3738607 -0.7305862 -0.4472696 -0.5159395 -0.9784078 0.04672449 -0.2013337 -0.9635337 -0.05734628 -0.2613697 -0.9729881 -0.0320453 -0.2286206</float_array>
          <technique_common>
            <accessor source="#caja-cubierta-lona_001-mesh-normals-array" count="386" stride="3">
              <param name="X" type="float"/>
              <param name="Y" type="float"/>
              <param name="Z" type="float"/>
            </accessor>
          </technique_common>
        </source>
        <source id="caja-cubierta-lona_001-mesh-map-0">
          <float_array id="caja-cubierta-lona_001-mesh-map-0-array" count="3072">0.5624598 0.6360222 0.5611386 0.632964 0.5670327 0.6340724 0.5687972 0.636678 0.591364 0.6258875 0.5827899 0.6266918 0.5848161 0.6243072 0.5928024 0.622973 0.6703642 0.5768725 0.6692041 0.5846588 0.6644219 0.5850667 0.6653496 0.5770944 0.5105878 0.6122456 0.5098622 0.6238996 0.5040202 0.6253998 0.5059803 0.6128198 0.7402979 0.6723674 0.7475252 0.6722757 0.7468158 0.6775823 0.7409843 0.6765555 0.6514073 0.6025431 0.6597177 0.6022582 0.6584998 0.6054765 0.6501175 0.6069061 0.6087992 0.6026139 0.6191277 0.602534 0.6194068 0.6090802 0.6084158 0.6102433 0.6124674 0.5463017 0.6236886 0.5467157 0.6242397 0.562174 0.6121622 0.5608586 0.6528595 0.5488622 0.6592207 0.548651 0.6590539 0.5647429 0.6521691 0.5647177 0.694929 0.6768248 0.7017645 0.6743137 0.6975852 0.679894 0.6921625 0.6841589 0.6972922 0.6391234 0.7063617 0.638698 0.7067404 0.6477461 0.6981102 0.6486516 0.7378789 0.636715 0.7453253 0.6371826 0.7463228 0.6484659 0.7384845 0.646466 0.5092979 0.5490351 0.5094692 0.5653373 0.5025532 0.5656709 0.502341 0.5497117 0.5495795 0.5471584 0.5502102 0.5637068 0.5395347 0.5640923 0.5389245 0.5475572 0.5513301 0.6110098 0.5517725 0.622902 0.5453252 0.6206926 0.5426099 0.6101492 0.67145 0.530884 0.6725675 0.5432315 0.6649101 0.5509973 0.6665437 0.5294235 0.7064222 0.5294616 0.7039704 0.5462239 0.6946802 0.5463886 0.6980205 0.5272305 0.7078308 0.5739321 0.7055133 0.5824943 0.6947967 0.5823017 0.7001497 0.5726601 0.6320356 0.6259644 0.6211233 0.6263908 0.623304 0.6234959 0.6336587 0.621815 0.6295136 0.6809378 0.6169982 0.680979 0.6195441 0.6631689 0.6297896 0.6630181 0.589481 0.6782561 0.5826932 0.6780945 0.5830072 0.661639 0.5898134 0.6621229 0.5634819 0.6888409 0.5638946 0.6721629 0.569205 0.6719419 0.5687014 0.6885347 0.5239601 0.6893091 0.5238677 0.6722217 0.5361868 0.6723563 0.5355657 0.6892529 0.5241163 0.6360685 0.5244717 0.6327835 0.5338867 0.6317765 0.5342076 0.6356323 0.5240393 0.6556586 0.5237813 0.6397157 0.5345391 0.6397566 0.5356393 0.6556012 0.5070787 0.6561992 0.5076614 0.6399956 0.5132002 0.6394951 0.5124248 0.6559396 0.5084922 0.6367715 0.5094661 0.6345852 0.5148214 0.6335701 0.5140748 0.6365501 0.5245962 0.7111729 0.5240436 0.7063321 0.5348722 0.7058674 0.5358205 0.7108406 0.5076621 0.7111899 0.5054735 0.7054862 0.5127577 0.7064471 0.5132651 0.7115381 0.5064294 0.6889923 0.5065123 0.6725062 0.5117581 0.6721659 0.5119499 0.6888484 0.5621547 0.7107585 0.5628758 0.7054919 0.5679675 0.7051259 0.5678079 0.7108428 0.5456406 0.7109058 0.5454623 0.7061664 0.5558399 0.7060874 0.5555836 0.7108045 0.5459824 0.6893027 0.5464853 0.6723129 0.5569023 0.6722857 0.5565704 0.689186 0.6081185 0.6797603 0.5975916 0.6787903 0.5980792 0.6625666 0.6088433 0.6630049 0.6103288 0.703966 0.5965346 0.7013179 0.597184 0.6946843 0.607726 0.6973865 0.5890704 0.7007404 0.5821432 0.7002488 0.5821717 0.6945779 0.5890415 0.6944521 0.649396 0.6807343 0.6403322 0.6798601 0.6399264 0.6629212 0.6496735 0.6631052 0.6502602 0.7086363 0.6421448 0.7069868 0.6407327 0.6972221 0.6497828 0.6967135 0.633535 0.7066403 0.6250475 0.7059004 0.6182776 0.6989235 0.6292434 0.6984716 0.651371 0.6247663 0.6428713 0.625364 0.6440894 0.6197528 0.6520282 0.6186241 0.6505571 0.6470336 0.6407721 0.6468726 0.6420164 0.6317846 0.6506356 0.631942 0.6301381 0.6467753 0.6193558 0.6466245 0.619062 0.6303986 0.6303936 0.6304533 0.7067663 0.5545482 0.7101092 0.5632799 0.7074467 0.5609197 0.7019248 0.5536268 0.7210447 0.5546739 0.7202226 0.5669632 0.7134154 0.5655578 0.7125363 0.5544957 0.7217828 0.5747469 0.7230825 0.583139 0.7159729 0.5825675 0.716896 0.5718923 0.7018783 0.5099503 0.7027127 0.5108708 0.6985809 0.5096614 0.6982914 0.5080966 0.7169106 0.5144279 0.7194739 0.5224754 0.7123823 0.5220614 0.7099953 0.5133211 0.7201228 0.532505 0.7208715 0.5425543 0.7125486 0.54073 0.7128035 0.5314528 0.6712977 0.5059414 0.6697854 0.5182234 0.6653144 0.513125 0.6697624 0.5051693 0.6863058 0.5092199 0.6874284 0.5113178 0.6738808 0.5240169 0.6750852 0.5095682 0.6884042 0.5300579 0.6868644 0.5409321 0.6802692 0.5352916 0.6775481 0.5295113 0.5508852 0.5802691 0.5515444 0.5968397 0.5408176 0.597215 0.5401702 0.580645 0.5701926 0.5793672 0.5704305 0.5957801 0.5622666 0.5964493 0.5615789 0.5798786 0.5670928 0.6072219 0.5586816 0.6192297 0.5566254 0.6245425 0.5600929 0.6115114 0.5480895 0.5170588 0.5491374 0.5308215 0.538278 0.5309113 0.5361685 0.5164208 0.566469 0.5178322 0.5690891 0.5300629 0.5596373 0.5302804 0.5599976 0.5178146 0.5695402 0.5465092 0.5699582 0.5629512 0.5609281 0.5633532 0.5602687 0.5468158 0.5131178 0.5225486 0.5091288 0.5327416 0.5034151 0.5338994 0.5054622 0.5257983 0.5287498 0.5177795 0.5276325 0.5314116 0.516983 0.5318711 0.5213187 0.5192359 0.5286398 0.5484046 0.5288857 0.5645055 0.5182371 0.5649119 0.5171314 0.5479198 0.7178555 0.637209 0.7294529 0.6361027 0.7268175 0.6436373 0.7171865 0.6457991 0.7190978 0.6232866 0.7309212 0.6233527 0.7313416 0.6281093 0.7183164 0.6297553 0.739086 0.6226152 0.7462839 0.6213265 0.7451919 0.6261969 0.7384763 0.627218 0.6689134 0.6415059 0.687746 0.6392999 0.6903853 0.6494492 0.6819384 0.6479513 0.6783121 0.6246829 0.68709 0.624803 0.6867702 0.6290566 0.6675193 0.6316815 0.6975479 0.6252267 0.707245 0.6244855 0.7058984 0.6296397 0.6965563 0.6292423 0.6797341 0.6809066 0.6881282 0.6793819 0.6865967 0.6873458 0.6780868 0.6881029 0.6809806 0.6605711 0.6903087 0.6600675 0.6898245 0.6699936 0.6800824 0.671798 0.6978308 0.6591481 0.7063606 0.6583669 0.7059691 0.6686598 0.6977041 0.6694404 0.6343161 0.5476667 0.6451908 0.5488304 0.6444646 0.5648931 0.634986 0.5635595 0.6350017 0.5274893 0.6446378 0.528063 0.6458037 0.5329858 0.6349217 0.531826 0.6526679 0.5288353 0.660018 0.5291092 0.6596921 0.5326566 0.6531322 0.5327898 0.593294 0.5449197 0.6011229 0.5449926 0.6000041 0.5606972 0.5912435 0.5613783 0.5886744 0.51738 0.5967239 0.5211337 0.6021422 0.5289238 0.5933005 0.5280058 0.6109978 0.5249488 0.6249891 0.5267933 0.6229743 0.5312615 0.612253 0.5299264 0.5899462 0.6024611 0.5984429 0.6028214 0.5972999 0.6106919 0.5897656 0.6104295 0.5906249 0.5786069 0.5999607 0.5789158 0.5994705 0.5950906 0.5904281 0.5945184 0.6109684 0.5788346 0.6214154 0.5789011 0.6184874 0.5950413 0.6091306 0.5951079 0.6306189 0.6027337 0.6423109 0.6029977 0.6408146 0.6074243 0.6303223 0.6077031 0.6328829 0.5795614 0.6438946 0.5808852 0.6436945 0.5972961 0.6313872 0.5959914 0.6524288 0.5809023 0.6596143 0.5809476 0.660018 0.5973525 0.6525654 0.5971505 0.7196598 0.6724722 0.7332738 0.6723415 0.7342904 0.676301 0.7154747 0.6803763 0.7178837 0.6566525 0.72991 0.6561809 0.7324274 0.6679992 0.719854 0.6685578 0.7389908 0.6566548 0.7465046 0.6572864 0.7471945 0.666446 0.7389312 0.6680178 0.5100743 0.5817644 0.5106825 0.5982139 0.5038693 0.5981085 0.5027212 0.5820265 0.5295126 0.5810443 0.5301759 0.5976257 0.519472 0.5979785 0.5188594 0.5814428 0.5308987 0.6105779 0.5306224 0.6190404 0.5181752 0.6216523 0.5192206 0.6110386 0.6712959 0.5562149 0.6708716 0.5684971 0.6661104 0.5679655 0.6655139 0.5595884 0.6894888 0.5550588 0.6905682 0.5633841 0.6767198 0.5692109 0.6780157 0.5535107 0.6887356 0.5749633 0.6849515 0.5832345 0.6748578 0.5838294 0.6750031 0.5758464 0.6107855 0.625821 0.6003993 0.625712 0.6014126 0.6219078 0.6119917 0.6224724 0.6092035 0.6462548 0.5989359 0.6465458 0.5996367 0.6306405 0.6087604 0.630376 0.5899711 0.6459653 0.5827487 0.6451959 0.5823552 0.6288059 0.5901038 0.6298663 0.5637608 0.6555667 0.5636773 0.6392477 0.569205 0.6388282 0.5691857 0.6553393 0.5458684 0.6556606 0.5454427 0.6391613 0.5562524 0.6395648 0.55661 0.655786 0.5446427 0.6356982 0.5441995 0.63194 0.5543108 0.632246 0.5552938 0.6357381 0.5454427 0.6391613 0.5446427 0.6356982 0.5552938 0.6357381 0.5562524 0.6395648 0.5345391 0.6397566 0.5342076 0.6356323 0.5446427 0.6356982 0.5454427 0.6391613 0.5342076 0.6356323 0.5338867 0.6317765 0.5441995 0.63194 0.5446427 0.6356982 0.5464853 0.6723129 0.5458684 0.6556606 0.55661 0.655786 0.5569023 0.6722857 0.5361868 0.6723563 0.5356393 0.6556012 0.5458684 0.6556606 0.5464853 0.6723129 0.5356393 0.6556012 0.5345391 0.6397566 0.5454427 0.6391613 0.5458684 0.6556606 0.5638946 0.6721629 0.5637608 0.6555667 0.5691857 0.6553393 0.569205 0.6719419 0.5569023 0.6722857 0.55661 0.655786 0.5637608 0.6555667 0.5638946 0.6721629 0.55661 0.655786 0.5562524 0.6395648 0.5636773 0.6392477 0.5637608 0.6555667 0.5989359 0.6465458 0.5899711 0.6459653 0.5901038 0.6298663 0.5996367 0.6306405 0.5980792 0.6625666 0.5898134 0.6621229 0.5899711 0.6459653 0.5989359 0.6465458 0.5898134 0.6621229 0.5830072 0.661639 0.5827487 0.6451959 0.5899711 0.6459653 0.6193558 0.6466245 0.6092035 0.6462548 0.6087604 0.630376 0.619062 0.6303986 0.6195441 0.6631689 0.6088433 0.6630049 0.6092035 0.6462548 0.6193558 0.6466245 0.6088433 0.6630049 0.5980792 0.6625666 0.5989359 0.6465458 0.6092035 0.6462548 0.6211233 0.6263908 0.6107855 0.625821 0.6119917 0.6224724 0.623304 0.6234959 0.619062 0.6303986 0.6087604 0.630376 0.6107855 0.625821 0.6211233 0.6263908 0.6087604 0.630376 0.5996367 0.6306405 0.6003993 0.625712 0.6107855 0.625821 0.6905682 0.5633841 0.6887356 0.5749633 0.6750031 0.5758464 0.6767198 0.5692109 0.7074467 0.5609197 0.7001497 0.5726601 0.6887356 0.5749633 0.6905682 0.5633841 0.7001497 0.5726601 0.6947967 0.5823017 0.6849515 0.5832345 0.6887356 0.5749633 0.6868644 0.5409321 0.6894888 0.5550588 0.6780157 0.5535107 0.6802692 0.5352916 0.6946802 0.5463886 0.7019248 0.5536268 0.6894888 0.5550588 0.6868644 0.5409321 0.7019248 0.5536268 0.7074467 0.5609197 0.6905682 0.5633841 0.6894888 0.5550588 0.6725675 0.5432315 0.6712959 0.5562149 0.6655139 0.5595884 0.6649101 0.5509973 0.6802692 0.5352916 0.6780157 0.5535107 0.6712959 0.5562149 0.6725675 0.5432315 0.6780157 0.5535107 0.6767198 0.5692109 0.6708716 0.5684971 0.6712959 0.5562149 0.5301759 0.5976257 0.5308987 0.6105779 0.5192206 0.6110386 0.519472 0.5979785 0.5408176 0.597215 0.5426099 0.6101492 0.5308987 0.6105779 0.5301759 0.5976257 0.5426099 0.6101492 0.5453252 0.6206926 0.5306224 0.6190404 0.5308987 0.6105779 0.5288857 0.5645055 0.5295126 0.5810443 0.5188594 0.5814428 0.5182371 0.5649119 0.5395347 0.5640923 0.5401702 0.580645 0.5295126 0.5810443 0.5288857 0.5645055 0.5401702 0.580645 0.5408176 0.597215 0.5301759 0.5976257 0.5295126 0.5810443 0.5094692 0.5653373 0.5100743 0.5817644 0.5027212 0.5820265 0.5025532 0.5656709 0.5182371 0.5649119 0.5188594 0.5814428 0.5100743 0.5817644 0.5094692 0.5653373 0.5188594 0.5814428 0.519472 0.5979785 0.5106825 0.5982139 0.5100743 0.5817644 0.72991 0.6561809 0.7389908 0.6566548 0.7389312 0.6680178 0.7324274 0.6679992 0.7268175 0.6436373 0.7384845 0.646466 0.7389908 0.6566548 0.72991 0.6561809 0.7384845 0.646466 0.7463228 0.6484659 0.7465046 0.6572864 0.7389908 0.6566548 0.7063606 0.6583669 0.7178837 0.6566525 0.719854 0.6685578 0.7059691 0.6686598 0.7067404 0.6477461 0.7171865 0.6457991 0.7178837 0.6566525 0.7063606 0.6583669 0.7171865 0.6457991 0.7268175 0.6436373 0.72991 0.6561809 0.7178837 0.6566525 0.7017645 0.6743137 0.7196598 0.6724722 0.7154747 0.6803763 0.6975852 0.679894 0.7059691 0.6686598 0.719854 0.6685578 0.7196598 0.6724722 0.7017645 0.6743137 0.719854 0.6685578 0.7324274 0.6679992 0.7332738 0.6723415 0.7196598 0.6724722 0.6438946 0.5808852 0.6524288 0.5809023 0.6525654 0.5971505 0.6436945 0.5972961 0.6444646 0.5648931 0.6521691 0.5647177 0.6524288 0.5809023 0.6438946 0.5808852 0.6521691 0.5647177 0.6590539 0.5647429 0.6596143 0.5809476 0.6524288 0.5809023 0.6214154 0.5789011 0.6328829 0.5795614 0.6313872 0.5959914 0.6184874 0.5950413 0.6242397 0.562174 0.634986 0.5635595 0.6328829 0.5795614 0.6214154 0.5789011 0.634986 0.5635595 0.6444646 0.5648931 0.6438946 0.5808852 0.6328829 0.5795614 0.6191277 0.602534 0.6306189 0.6027337 0.6303223 0.6077031 0.6194068 0.6090802 0.6184874 0.5950413 0.6313872 0.5959914 0.6306189 0.6027337 0.6191277 0.602534 0.6313872 0.5959914 0.6436945 0.5972961 0.6423109 0.6029977 0.6306189 0.6027337 0.5999607 0.5789158 0.6109684 0.5788346 0.6091306 0.5951079 0.5994705 0.5950906 0.6000041 0.5606972 0.6121622 0.5608586 0.6109684 0.5788346 0.5999607 0.5789158 0.6121622 0.5608586 0.6242397 0.562174 0.6214154 0.5789011 0.6109684 0.5788346 0.5822227 0.5780177 0.5906249 0.5786069 0.5904281 0.5945184 0.5830199 0.5937848 0.5828363 0.5618367 0.5912435 0.5613783 0.5906249 0.5786069 0.5822227 0.5780177 0.5912435 0.5613783 0.6000041 0.5606972 0.5999607 0.5789158 0.5906249 0.5786069 0.5830811 0.6021246 0.5899462 0.6024611 0.5897656 0.6104295 0.583145 0.6102545 0.5830199 0.5937848 0.5904281 0.5945184 0.5899462 0.6024611 0.5830811 0.6021246 0.5904281 0.5945184 0.5994705 0.5950906 0.5984429 0.6028214 0.5899462 0.6024611 0.5967239 0.5211337 0.6109978 0.5249488 0.612253 0.5299264 0.6021422 0.5289238 0.5917815 0.514122 0.607116 0.5185151 0.6109978 0.5249488 0.5967239 0.5211337 0.607116 0.5185151 0.627277 0.5239345 0.6249891 0.5267933 0.6109978 0.5249488 0.5850036 0.5166332 0.5886744 0.51738 0.5933005 0.5280058 0.5841802 0.5292695 0.5862377 0.5037123 0.5871062 0.5065069 0.5886744 0.51738 0.5850036 0.5166332 0.5871062 0.5065069 0.5917815 0.514122 0.5967239 0.5211337 0.5886744 0.51738 0.5834353 0.545509 0.593294 0.5449197 0.5912435 0.5613783 0.5828363 0.5618367 0.5841802 0.5292695 0.5933005 0.5280058 0.593294 0.5449197 0.5834353 0.545509 0.5933005 0.5280058 0.6021422 0.5289238 0.6011229 0.5449926 0.593294 0.5449197 0.6446378 0.528063 0.6526679 0.5288353 0.6531322 0.5327898 0.6458037 0.5329858 0.6433355 0.5241472 0.6518382 0.5258099 0.6526679 0.5288353 0.6446378 0.528063 0.6518382 0.5258099 0.6592555 0.527512 0.660018 0.5291092 0.6526679 0.5288353 0.6249891 0.5267933 0.6350017 0.5274893 0.6349217 0.531826 0.6229743 0.5312615 0.627277 0.5239345 0.6354117 0.5238757 0.6350017 0.5274893 0.6249891 0.5267933 0.6354117 0.5238757 0.6433355 0.5241472 0.6446378 0.528063 0.6350017 0.5274893 0.6236886 0.5467157 0.6343161 0.5476667 0.634986 0.5635595 0.6242397 0.562174 0.6229743 0.5312615 0.6349217 0.531826 0.6343161 0.5476667 0.6236886 0.5467157 0.6349217 0.531826 0.6458037 0.5329858 0.6451908 0.5488304 0.6343161 0.5476667 0.6903087 0.6600675 0.6978308 0.6591481 0.6977041 0.6694404 0.6898245 0.6699936 0.6903853 0.6494492 0.6981102 0.6486516 0.6978308 0.6591481 0.6903087 0.6600675 0.6981102 0.6486516 0.7067404 0.6477461 0.7063606 0.6583669 0.6978308 0.6591481 0.6728767 0.6608526 0.6809806 0.6605711 0.6800824 0.671798 0.6728397 0.6732403 0.6702306 0.6466636 0.6819384 0.6479513 0.6809806 0.6605711 0.6728767 0.6608526 0.6819384 0.6479513 0.6903853 0.6494492 0.6903087 0.6600675 0.6809806 0.6605711 0.6726561 0.6816084 0.6797341 0.6809066 0.6780868 0.6881029 0.6722821 0.6874855 0.6728397 0.6732403 0.6800824 0.671798 0.6797341 0.6809066 0.6726561 0.6816084 0.6800824 0.671798 0.6898245 0.6699936 0.6881282 0.6793819 0.6797341 0.6809066 0.68709 0.624803 0.6975479 0.6252267 0.6965563 0.6292423 0.6867702 0.6290566 0.687286 0.6204013 0.6983932 0.6214061 0.6975479 0.6252267 0.68709 0.624803 0.6983932 0.6214061 0.7093312 0.6207708 0.707245 0.6244855 0.6975479 0.6252267 0.6683382 0.6299747 0.6783121 0.6246829 0.6675193 0.6316815 0.6636299 0.6359826 0.6734866 0.615751 0.6799811 0.6182636 0.6783121 0.6246829 0.6683382 0.6299747 0.6799811 0.6182636 0.687286 0.6204013 0.68709 0.624803 0.6783121 0.6246829 0.6667276 0.6399937 0.6689134 0.6415059 0.6819384 0.6479513 0.6702306 0.6466636 0.6636299 0.6359826 0.6675193 0.6316815 0.6689134 0.6415059 0.6667276 0.6399937 0.6675193 0.6316815 0.6867702 0.6290566 0.687746 0.6392999 0.6689134 0.6415059 0.7309212 0.6233527 0.739086 0.6226152 0.7384763 0.627218 0.7313416 0.6281093 0.7303379 0.6193516 0.7394024 0.6188014 0.739086 0.6226152 0.7309212 0.6233527 0.7394024 0.6188014 0.7475252 0.6171646 0.7462839 0.6213265 0.739086 0.6226152 0.707245 0.6244855 0.7190978 0.6232866 0.7183164 0.6297553 0.7058984 0.6296397 0.7093312 0.6207708 0.7201073 0.6199807 0.7190978 0.6232866 0.707245 0.6244855 0.7201073 0.6199807 0.7303379 0.6193516 0.7309212 0.6233527 0.7190978 0.6232866 0.7063617 0.638698 0.7178555 0.637209 0.7171865 0.6457991 0.7067404 0.6477461 0.7058984 0.6296397 0.7183164 0.6297553 0.7178555 0.637209 0.7063617 0.638698 0.7183164 0.6297553 0.7313416 0.6281093 0.7294529 0.6361027 0.7178555 0.637209 0.5276325 0.5314116 0.5286398 0.5484046 0.5171314 0.5479198 0.516983 0.5318711 0.538278 0.5309113 0.5389245 0.5475572 0.5286398 0.5484046 0.5276325 0.5314116 0.5389245 0.5475572 0.5395347 0.5640923 0.5288857 0.5645055 0.5286398 0.5484046 0.5308026 0.5049951 0.5287498 0.5177795 0.5213187 0.5192359 0.5274345 0.5081093 0.5327042 0.503769 0.5361685 0.5164208 0.5287498 0.5177795 0.5308026 0.5049951 0.5361685 0.5164208 0.538278 0.5309113 0.5276325 0.5314116 0.5287498 0.5177795 0.5181006 0.5153748 0.5131178 0.5225486 0.5054622 0.5257983 0.5101408 0.5199006 0.5274345 0.5081093 0.5213187 0.5192359 0.5131178 0.5225486 0.5181006 0.5153748 0.5213187 0.5192359 0.516983 0.5318711 0.5091288 0.5327416 0.5131178 0.5225486 0.5690891 0.5300629 0.5695402 0.5465092 0.5602687 0.5468158 0.5596373 0.5302804 0.5773776 0.5299796 0.5770609 0.5462784 0.5695402 0.5465092 0.5690891 0.5300629 0.5770609 0.5462784 0.5770651 0.5626296 0.5699582 0.5629512 0.5695402 0.5465092 0.5642583 0.5070698 0.566469 0.5178322 0.5599976 0.5178146 0.5615885 0.5078095 0.5657621 0.5068094 0.5726573 0.5180792 0.566469 0.5178322 0.5642583 0.5070698 0.5726573 0.5180792 0.5773776 0.5299796 0.5690891 0.5300629 0.566469 0.5178322 0.5497491 0.5111617 0.5480895 0.5170588 0.5361685 0.5164208 0.5327042 0.503769 0.5615885 0.5078095 0.5599976 0.5178146 0.5480895 0.5170588 0.5497491 0.5111617 0.5599976 0.5178146 0.5596373 0.5302804 0.5491374 0.5308215 0.5480895 0.5170588 0.5704305 0.5957801 0.5670928 0.6072219 0.5600929 0.6115114 0.5622666 0.5964493 0.5764475 0.5945882 0.5733974 0.6023802 0.5670928 0.6072219 0.5704305 0.5957801 0.5733974 0.6023802 0.5684664 0.6089314 0.5586816 0.6192297 0.5670928 0.6072219 0.5699582 0.5629512 0.5701926 0.5793672 0.5615789 0.5798786 0.5609281 0.5633532 0.5770651 0.5626296 0.5773776 0.5788342 0.5701926 0.5793672 0.5699582 0.5629512 0.5773776 0.5788342 0.5764475 0.5945882 0.5704305 0.5957801 0.5701926 0.5793672 0.5502102 0.5637068 0.5508852 0.5802691 0.5401702 0.580645 0.5395347 0.5640923 0.5609281 0.5633532 0.5615789 0.5798786 0.5508852 0.5802691 0.5502102 0.5637068 0.5615789 0.5798786 0.5622666 0.5964493 0.5515444 0.5968397 0.5508852 0.5802691 0.6874284 0.5113178 0.6884042 0.5300579 0.6775481 0.5295113 0.6738808 0.5240169 0.6985809 0.5096614 0.6980205 0.5272305 0.6884042 0.5300579 0.6874284 0.5113178 0.6980205 0.5272305 0.6946802 0.5463886 0.6868644 0.5409321 0.6884042 0.5300579 0.6854344 0.5085696 0.6863058 0.5092199 0.6750852 0.5095682 0.6749628 0.5038508 0.6976062 0.507987 0.6982914 0.5080966 0.6863058 0.5092199 0.6854344 0.5085696 0.6982914 0.5080966 0.6985809 0.5096614 0.6874284 0.5113178 0.6863058 0.5092199 0.6724315 0.5029364 0.6712977 0.5059414 0.6697624 0.5051693 0.6710122 0.502511 0.6749628 0.5038508 0.6750852 0.5095682 0.6712977 0.5059414 0.6724315 0.5029364 0.6750852 0.5095682 0.6738808 0.5240169 0.6697854 0.5182234 0.6712977 0.5059414 0.7194739 0.5224754 0.7201228 0.532505 0.7128035 0.5314528 0.7123823 0.5220614 0.7263212 0.5227158 0.7279226 0.5335249 0.7201228 0.532505 0.7194739 0.5224754 0.7279226 0.5335249 0.7291517 0.5443027 0.7208715 0.5425543 0.7201228 0.532505 0.7149125 0.5089802 0.7169106 0.5144279 0.7099953 0.5133211 0.7039779 0.5077161 0.7240896 0.5084416 0.7256312 0.514567 0.7169106 0.5144279 0.7149125 0.5089802 0.7256312 0.514567 0.7263212 0.5227158 0.7194739 0.5224754 0.7169106 0.5144279 0.699714 0.5074322 0.7018783 0.5099503 0.6982914 0.5080966 0.6976062 0.507987 0.7039779 0.5077161 0.7099953 0.5133211 0.7018783 0.5099503 0.699714 0.5074322 0.7099953 0.5133211 0.7123823 0.5220614 0.7027127 0.5108708 0.7018783 0.5099503 0.7202226 0.5669632 0.7217828 0.5747469 0.716896 0.5718923 0.7134154 0.5655578 0.7277069 0.5669223 0.7282577 0.5759294 0.7217828 0.5747469 0.7202226 0.5669632 0.7282577 0.5759294 0.7291517 0.5843134 0.7230825 0.583139 0.7217828 0.5747469 0.7208715 0.5425543 0.7210447 0.5546739 0.7125363 0.5544957 0.7125486 0.54073 0.7291517 0.5443027 0.7284865 0.5559948 0.7210447 0.5546739 0.7208715 0.5425543 0.7284865 0.5559948 0.7277069 0.5669223 0.7202226 0.5669632 0.7210447 0.5546739 0.7039704 0.5462239 0.7067663 0.5545482 0.7019248 0.5536268 0.6946802 0.5463886 0.7125486 0.54073 0.7125363 0.5544957 0.7067663 0.5545482 0.7039704 0.5462239 0.7125363 0.5544957 0.7134154 0.5655578 0.7101092 0.5632799 0.7067663 0.5545482 0.6407721 0.6468726 0.6301381 0.6467753 0.6303936 0.6304533 0.6420164 0.6317846 0.6399264 0.6629212 0.6297896 0.6630181 0.6301381 0.6467753 0.6407721 0.6468726 0.6297896 0.6630181 0.6195441 0.6631689 0.6193558 0.6466245 0.6301381 0.6467753 0.6584481 0.6481418 0.6505571 0.6470336 0.6506356 0.631942 0.6583251 0.632382 0.6581628 0.6640388 0.6496735 0.6631052 0.6505571 0.6470336 0.6584481 0.6481418 0.6496735 0.6631052 0.6399264 0.6629212 0.6407721 0.6468726 0.6505571 0.6470336 0.6584613 0.6240877 0.651371 0.6247663 0.6520282 0.6186241 0.6579437 0.6166262 0.6583251 0.632382 0.6506356 0.631942 0.651371 0.6247663 0.6584613 0.6240877 0.6506356 0.631942 0.6420164 0.6317846 0.6428713 0.625364 0.651371 0.6247663 0.6421448 0.7069868 0.633535 0.7066403 0.6292434 0.6984716 0.6407327 0.6972221 0.6449196 0.7181206 0.6387909 0.7160853 0.633535 0.7066403 0.6421448 0.7069868 0.6387909 0.7160853 0.6319472 0.7147263 0.6250475 0.7059004 0.633535 0.7066403 0.65705 0.7110418 0.6502602 0.7086363 0.6497828 0.6967135 0.6574448 0.6963843 0.6584613 0.7235748 0.6533041 0.7206628 0.6502602 0.7086363 0.65705 0.7110418 0.6533041 0.7206628 0.6449196 0.7181206 0.6421448 0.7069868 0.6502602 0.7086363 0.6577823 0.6803266 0.649396 0.6807343 0.6496735 0.6631052 0.6581628 0.6640388 0.6574448 0.6963843 0.6497828 0.6967135 0.649396 0.6807343 0.6577823 0.6803266 0.6497828 0.6967135 0.6407327 0.6972221 0.6403322 0.6798601 0.649396 0.6807343 0.5965346 0.7013179 0.5890704 0.7007404 0.5890415 0.6944521 0.597184 0.6946843 0.5958061 0.7070339 0.589141 0.705608 0.5890704 0.7007404 0.5965346 0.7013179 0.589141 0.705608 0.583367 0.7037512 0.5821432 0.7002488 0.5890704 0.7007404 0.6250475 0.7059004 0.6103288 0.703966 0.607726 0.6973865 0.6182776 0.6989235 0.6319472 0.7147263 0.6154087 0.7064363 0.6103288 0.703966 0.6250475 0.7059004 0.6154087 0.7064363 0.5958061 0.7070339 0.5965346 0.7013179 0.6103288 0.703966 0.6169982 0.680979 0.6081185 0.6797603 0.6088433 0.6630049 0.6195441 0.6631689 0.6182776 0.6989235 0.607726 0.6973865 0.6081185 0.6797603 0.6169982 0.680979 0.607726 0.6973865 0.597184 0.6946843 0.5975916 0.6787903 0.6081185 0.6797603 0.5454623 0.7061664 0.5459824 0.6893027 0.5565704 0.689186 0.5558399 0.7060874 0.5348722 0.7058674 0.5355657 0.6892529 0.5459824 0.6893027 0.5454623 0.7061664 0.5355657 0.6892529 0.5361868 0.6723563 0.5464853 0.6723129 0.5459824 0.6893027 0.5458703 0.7145614 0.5456406 0.7109058 0.5555836 0.7108045 0.5553079 0.7139473 0.5367652 0.7146767 0.5358205 0.7108406 0.5456406 0.7109058 0.5458703 0.7145614 0.5358205 0.7108406 0.5348722 0.7058674 0.5454623 0.7061664 0.5456406 0.7109058 0.5612463 0.7136237 0.5621547 0.7107585 0.5678079 0.7108428 0.5667203 0.7144567 0.5553079 0.7139473 0.5555836 0.7108045 0.5621547 0.7107585 0.5612463 0.7136237 0.5555836 0.7108045 0.5558399 0.7060874 0.5628758 0.7054919 0.5621547 0.7107585 0.5054735 0.7054862 0.5064294 0.6889923 0.5119499 0.6888484 0.5127577 0.7064471 0.5023738 0.7055748 0.5023021 0.6890099 0.5064294 0.6889923 0.5054735 0.7054862 0.5023021 0.6890099 0.5020726 0.6726968 0.5065123 0.6725062 0.5064294 0.6889923 0.5087105 0.7144011 0.5076621 0.7111899 0.5132651 0.7115381 0.5137413 0.7154801 0.5043499 0.7133642 0.5024051 0.7105112 0.5076621 0.7111899 0.5087105 0.7144011 0.5024051 0.7105112 0.5023738 0.7055748 0.5054735 0.7054862 0.5076621 0.7111899 0.5251178 0.715503 0.5245962 0.7111729 0.5358205 0.7108406 0.5367652 0.7146767 0.5137413 0.7154801 0.5132651 0.7115381 0.5245962 0.7111729 0.5251178 0.715503 0.5132651 0.7115381 0.5127577 0.7064471 0.5240436 0.7063321 0.5245962 0.7111729 0.5076614 0.6399956 0.5084922 0.6367715 0.5140748 0.6365501 0.5132002 0.6394951 0.5036863 0.6403247 0.5042288 0.6367596 0.5084922 0.6367715 0.5076614 0.6399956 0.5042288 0.6367596 0.5049179 0.6350967 0.5094661 0.6345852 0.5084922 0.6367715 0.5065123 0.6725062 0.5070787 0.6561992 0.5124248 0.6559396 0.5117581 0.6721659 0.5020726 0.6726968 0.5026943 0.6564418 0.5070787 0.6561992 0.5065123 0.6725062 0.5026943 0.6564418 0.5036863 0.6403247 0.5076614 0.6399956 0.5070787 0.6561992 0.5238677 0.6722217 0.5240393 0.6556586 0.5356393 0.6556012 0.5361868 0.6723563 0.5117581 0.6721659 0.5124248 0.6559396 0.5240393 0.6556586 0.5238677 0.6722217 0.5124248 0.6559396 0.5132002 0.6394951 0.5237813 0.6397157 0.5240393 0.6556586 0.5237813 0.6397157 0.5241163 0.6360685 0.5342076 0.6356323 0.5345391 0.6397566 0.5132002 0.6394951 0.5140748 0.6365501 0.5241163 0.6360685 0.5237813 0.6397157 0.5140748 0.6365501 0.5148214 0.6335701 0.5244717 0.6327835 0.5241163 0.6360685 0.5240436 0.7063321 0.5239601 0.6893091 0.5355657 0.6892529 0.5348722 0.7058674 0.5127577 0.7064471 0.5119499 0.6888484 0.5239601 0.6893091 0.5240436 0.7063321 0.5119499 0.6888484 0.5117581 0.6721659 0.5238677 0.6722217 0.5239601 0.6893091 0.5628758 0.7054919 0.5634819 0.6888409 0.5687014 0.6885347 0.5679675 0.7051259 0.5558399 0.7060874 0.5565704 0.689186 0.5634819 0.6888409 0.5628758 0.7054919 0.5565704 0.689186 0.5569023 0.6722857 0.5638946 0.6721629 0.5634819 0.6888409 0.5975916 0.6787903 0.589481 0.6782561 0.5898134 0.6621229 0.5980792 0.6625666 0.597184 0.6946843 0.5890415 0.6944521 0.589481 0.6782561 0.5975916 0.6787903 0.5890415 0.6944521 0.5821717 0.6945779 0.5826932 0.6780945 0.589481 0.6782561 0.6403322 0.6798601 0.6295136 0.6809378 0.6297896 0.6630181 0.6399264 0.6629212 0.6407327 0.6972221 0.6292434 0.6984716 0.6295136 0.6809378 0.6403322 0.6798601 0.6292434 0.6984716 0.6182776 0.6989235 0.6169982 0.680979 0.6295136 0.6809378 0.6428713 0.625364 0.6320356 0.6259644 0.6336587 0.621815 0.6440894 0.6197528 0.6420164 0.6317846 0.6303936 0.6304533 0.6320356 0.6259644 0.6428713 0.625364 0.6303936 0.6304533 0.619062 0.6303986 0.6211233 0.6263908 0.6320356 0.6259644 0.7101092 0.5632799 0.7078308 0.5739321 0.7001497 0.5726601 0.7074467 0.5609197 0.7134154 0.5655578 0.716896 0.5718923 0.7078308 0.5739321 0.7101092 0.5632799 0.716896 0.5718923 0.7159729 0.5825675 0.7055133 0.5824943 0.7078308 0.5739321 0.7027127 0.5108708 0.7064222 0.5294616 0.6980205 0.5272305 0.6985809 0.5096614 0.7123823 0.5220614 0.7128035 0.5314528 0.7064222 0.5294616 0.7027127 0.5108708 0.7128035 0.5314528 0.7125486 0.54073 0.7039704 0.5462239 0.7064222 0.5294616 0.6697854 0.5182234 0.67145 0.530884 0.6665437 0.5294235 0.6653144 0.513125 0.6738808 0.5240169 0.6775481 0.5295113 0.67145 0.530884 0.6697854 0.5182234 0.6775481 0.5295113 0.6802692 0.5352916 0.6725675 0.5432315 0.67145 0.530884 0.5515444 0.5968397 0.5513301 0.6110098 0.5426099 0.6101492 0.5408176 0.597215 0.5622666 0.5964493 0.5600929 0.6115114 0.5513301 0.6110098 0.5515444 0.5968397 0.5600929 0.6115114 0.5566254 0.6245425 0.5517725 0.622902 0.5513301 0.6110098 0.5491374 0.5308215 0.5495795 0.5471584 0.5389245 0.5475572 0.538278 0.5309113 0.5596373 0.5302804 0.5602687 0.5468158 0.5495795 0.5471584 0.5491374 0.5308215 0.5602687 0.5468158 0.5609281 0.5633532 0.5502102 0.5637068 0.5495795 0.5471584 0.5091288 0.5327416 0.5092979 0.5490351 0.502341 0.5497117 0.5034151 0.5338994 0.516983 0.5318711 0.5171314 0.5479198 0.5092979 0.5490351 0.5091288 0.5327416 0.5171314 0.5479198 0.5182371 0.5649119 0.5094692 0.5653373 0.5092979 0.5490351 0.7294529 0.6361027 0.7378789 0.636715 0.7384845 0.646466 0.7268175 0.6436373 0.7313416 0.6281093 0.7384763 0.627218 0.7378789 0.636715 0.7294529 0.6361027 0.7384763 0.627218 0.7451919 0.6261969 0.7453253 0.6371826 0.7378789 0.636715 0.687746 0.6392999 0.6972922 0.6391234 0.6981102 0.6486516 0.6903853 0.6494492 0.6867702 0.6290566 0.6965563 0.6292423 0.6972922 0.6391234 0.687746 0.6392999 0.6965563 0.6292423 0.7058984 0.6296397 0.7063617 0.638698 0.6972922 0.6391234 0.6881282 0.6793819 0.694929 0.6768248 0.6921625 0.6841589 0.6865967 0.6873458 0.6898245 0.6699936 0.6977041 0.6694404 0.694929 0.6768248 0.6881282 0.6793819 0.6977041 0.6694404 0.7059691 0.6686598 0.7017645 0.6743137 0.694929 0.6768248 0.6451908 0.5488304 0.6528595 0.5488622 0.6521691 0.5647177 0.6444646 0.5648931 0.6458037 0.5329858 0.6531322 0.5327898 0.6528595 0.5488622 0.6451908 0.5488304 0.6531322 0.5327898 0.6596921 0.5326566 0.6592207 0.548651 0.6528595 0.5488622 0.6011229 0.5449926 0.6124674 0.5463017 0.6121622 0.5608586 0.6000041 0.5606972 0.6021422 0.5289238 0.612253 0.5299264 0.6124674 0.5463017 0.6011229 0.5449926 0.612253 0.5299264 0.6229743 0.5312615 0.6236886 0.5467157 0.6124674 0.5463017 0.5984429 0.6028214 0.6087992 0.6026139 0.6084158 0.6102433 0.5972999 0.6106919 0.5994705 0.5950906 0.6091306 0.5951079 0.6087992 0.6026139 0.5984429 0.6028214 0.6091306 0.5951079 0.6184874 0.5950413 0.6191277 0.602534 0.6087992 0.6026139 0.6423109 0.6029977 0.6514073 0.6025431 0.6501175 0.6069061 0.6408146 0.6074243 0.6436945 0.5972961 0.6525654 0.5971505 0.6514073 0.6025431 0.6423109 0.6029977 0.6525654 0.5971505 0.660018 0.5973525 0.6597177 0.6022582 0.6514073 0.6025431 0.7332738 0.6723415 0.7402979 0.6723674 0.7409843 0.6765555 0.7342904 0.676301 0.7324274 0.6679992 0.7389312 0.6680178 0.7402979 0.6723674 0.7332738 0.6723415 0.7389312 0.6680178 0.7471945 0.666446 0.7475252 0.6722757 0.7402979 0.6723674 0.5106825 0.5982139 0.5105878 0.6122456 0.5059803 0.6128198 0.5038693 0.5981085 0.519472 0.5979785 0.5192206 0.6110386 0.5105878 0.6122456 0.5106825 0.5982139 0.5192206 0.6110386 0.5181752 0.6216523 0.5098622 0.6238996 0.5105878 0.6122456 0.6708716 0.5684971 0.6703642 0.5768725 0.6653496 0.5770944 0.6661104 0.5679655 0.6767198 0.5692109 0.6750031 0.5758464 0.6703642 0.5768725 0.6708716 0.5684971 0.6750031 0.5758464 0.6748578 0.5838294 0.6692041 0.5846588 0.6703642 0.5768725 0.6003993 0.625712 0.591364 0.6258875 0.5928024 0.622973 0.6014126 0.6219078 0.5996367 0.6306405 0.5901038 0.6298663 0.591364 0.6258875 0.6003993 0.625712 0.5901038 0.6298663 0.5823552 0.6288059 0.5827899 0.6266918 0.591364 0.6258875 0.5636773 0.6392477 0.5624598 0.6360222 0.5687972 0.636678 0.569205 0.6388282 0.5562524 0.6395648 0.5552938 0.6357381 0.5624598 0.6360222 0.5636773 0.6392477 0.5552938 0.6357381 0.5543108 0.632246 0.5611386 0.632964 0.5624598 0.6360222</float_array>
          <technique_common>
            <accessor source="#caja-cubierta-lona_001-mesh-map-0-array" count="1536" stride="2">
              <param name="S" type="float"/>
              <param name="T" type="float"/>
            </accessor>
          </technique_common>
        </source>
        <vertices id="caja-cubierta-lona_001-mesh-vertices">
          <input semantic="POSITION" source="#caja-cubierta-lona_001-mesh-positions"/>
        </vertices>
        <polylist material="hiper-atlas-material" count="384">
          <input semantic="VERTEX" source="#caja-cubierta-lona_001-mesh-vertices" offset="0"/>
          <input semantic="NORMAL" source="#caja-cubierta-lona_001-mesh-normals" offset="1"/>
          <input semantic="TEXCOORD" source="#caja-cubierta-lona_001-mesh-map-0" offset="2" set="0"/>
          <vcount>4 4 4 4 4 4 4 4 4 4 4 4 4 4 4 4 4 4 4 4 4 4 4 4 4 4 4 4 4 4 4 4 4 4 4 4 4 4 4 4 4 4 4 4 4 4 4 4 4 4 4 4 4 4 4 4 4 4 4 4 4 4 4 4 4 4 4 4 4 4 4 4 4 4 4 4 4 4 4 4 4 4 4 4 4 4 4 4 4 4 4 4 4 4 4 4 4 4 4 4 4 4 4 4 4 4 4 4 4 4 4 4 4 4 4 4 4 4 4 4 4 4 4 4 4 4 4 4 4 4 4 4 4 4 4 4 4 4 4 4 4 4 4 4 4 4 4 4 4 4 4 4 4 4 4 4 4 4 4 4 4 4 4 4 4 4 4 4 4 4 4 4 4 4 4 4 4 4 4 4 4 4 4 4 4 4 4 4 4 4 4 4 4 4 4 4 4 4 4 4 4 4 4 4 4 4 4 4 4 4 4 4 4 4 4 4 4 4 4 4 4 4 4 4 4 4 4 4 4 4 4 4 4 4 4 4 4 4 4 4 4 4 4 4 4 4 4 4 4 4 4 4 4 4 4 4 4 4 4 4 4 4 4 4 4 4 4 4 4 4 4 4 4 4 4 4 4 4 4 4 4 4 4 4 4 4 4 4 4 4 4 4 4 4 4 4 4 4 4 4 4 4 4 4 4 4 4 4 4 4 4 4 4 4 4 4 4 4 4 4 4 4 4 4 4 4 4 4 4 4 4 4 4 4 4 4 4 4 4 4 4 4 4 4 4 4 4 4 4 4 4 4 4 4 4 4 4 4 4 4 4 4 4 4 4 4 4 4 4 4 4 4 4 4 4 4 4 4 4 4 4 4 4 4 </vcount>
          <p>385 0 0 167 1 1 6 2 2 104 3 3 384 4 4 104 3 5 6 2 6 101 5 7 383 6 8 107 7 9 4 8 10 163 9 11 382 10 12 169 11 13 3 12 14 106 13 15 381 14 16 105 15 17 2 16 18 162 17 19 380 18 20 108 19 21 0 20 22 160 21 23 379 22 24 122 23 25 10 24 26 148 25 27 378 26 28 123 27 29 20 28 30 172 29 31 377 30 32 120 31 33 18 32 34 173 33 35 376 34 36 126 35 37 12 36 38 150 37 39 375 38 40 127 39 41 21 40 42 176 41 43 374 42 44 117 43 45 15 44 46 177 45 47 373 46 48 130 47 49 16 48 50 118 49 51 372 50 52 131 51 53 22 52 54 180 53 55 371 54 56 157 55 57 19 56 58 181 57 59 370 58 60 134 59 61 13 60 62 151 61 63 369 62 64 135 63 65 23 64 66 184 65 67 368 66 68 119 67 69 17 68 70 185 69 71 367 70 72 138 71 73 11 72 74 113 73 75 366 74 76 139 75 77 24 76 78 188 77 79 365 78 80 116 79 81 14 80 82 189 81 83 364 82 84 142 83 85 14 80 86 116 79 87 363 84 88 143 85 89 25 86 90 192 87 91 362 88 92 155 89 93 17 68 94 193 90 95 361 91 96 194 92 97 73 93 98 145 94 99 360 95 100 195 96 101 74 97 102 196 98 103 359 99 104 107 7 105 35 100 106 197 101 107 358 102 108 198 103 109 72 104 110 144 105 111 357 106 112 199 107 113 75 108 114 200 109 115 356 110 116 191 111 117 71 112 118 201 113 119 355 114 120 202 115 121 44 116 122 164 117 123 354 118 124 203 119 125 76 120 126 204 121 127 353 122 128 190 123 129 70 124 130 205 125 131 352 126 132 206 127 133 69 128 134 141 129 135 351 130 136 207 131 137 77 132 138 208 133 139 350 134 140 164 117 141 44 116 142 209 135 143 349 136 144 210 137 145 68 138 146 140 139 147 348 140 148 211 141 149 78 142 150 212 143 151 347 144 152 187 145 153 67 146 154 213 147 155 346 148 156 214 149 157 41 150 158 161 151 159 345 152 160 215 153 161 79 154 162 216 155 163 344 156 164 186 157 165 66 158 166 217 159 167 343 160 168 218 161 169 65 162 170 137 163 171 342 164 172 219 165 173 80 166 174 220 167 175 341 168 176 167 1 177 47 169 178 221 170 179 340 171 180 222 172 181 64 173 182 136 174 183 339 175 184 223 176 185 81 177 186 224 178 187 338 179 188 183 180 189 63 181 190 225 182 191 337 183 192 226 184 193 31 185 194 103 186 195 336 187 196 227 188 197 82 189 198 228 190 199 335 191 200 182 192 201 62 193 202 229 194 203 334 195 204 230 196 205 61 197 206 133 198 207 333 199 208 231 200 209 83 201 210 232 202 211 332 203 212 109 204 213 37 205 214 233 206 215 331 207 216 234 208 217 60 209 218 132 210 219 330 211 220 235 212 221 84 213 222 236 214 223 329 215 224 179 216 225 59 217 226 237 218 227 328 219 228 238 220 229 46 221 230 166 222 231 327 223 232 239 224 233 85 225 234 240 226 235 326 227 236 178 228 237 58 229 238 241 230 239 325 231 240 242 232 241 57 233 242 129 234 243 324 235 244 243 236 245 86 237 246 244 238 247 323 239 248 165 240 249 45 241 250 245 242 251 322 243 252 246 244 253 56 245 254 128 246 255 321 247 256 247 248 257 87 249 258 248 250 259 320 251 260 175 252 261 55 253 262 249 254 263 319 255 264 250 256 265 30 257 266 102 258 267 318 259 268 251 260 269 88 261 270 252 262 271 317 263 272 174 264 273 54 265 274 253 266 275 316 267 276 254 268 277 53 269 278 125 270 279 315 271 280 255 272 281 89 273 282 256 274 283 314 275 284 168 276 285 48 277 286 257 278 287 313 279 288 258 280 289 52 281 290 124 282 291 312 283 292 259 284 293 90 285 294 260 286 295 311 287 296 171 288 297 51 289 298 261 290 299 310 291 300 262 292 301 28 293 302 100 294 303 309 295 304 263 296 305 91 297 306 264 298 307 308 299 308 170 300 309 50 301 310 265 302 311 307 303 312 266 304 313 40 305 314 112 306 315 306 307 316 267 308 317 92 309 318 268 310 319 305 311 320 156 312 321 36 313 322 269 314 323 304 315 324 270 316 325 42 317 326 114 318 327 303 319 328 271 320 329 93 321 330 272 322 331 302 323 332 153 324 333 33 325 334 273 326 335 301 327 336 274 328 337 34 329 338 154 330 339 300 331 340 275 332 341 94 333 342 276 334 343 299 335 344 121 336 345 49 337 346 277 338 347 298 339 348 278 340 349 43 341 350 115 342 351 297 343 352 279 344 353 95 345 354 280 346 355 296 347 356 155 89 357 35 100 358 281 348 359 295 349 360 282 350 361 29 351 362 149 352 363 294 353 364 283 354 365 96 355 366 284 356 367 293 357 368 152 358 369 32 359 370 285 360 371 292 361 372 286 362 373 32 359 374 152 358 375 291 363 376 287 364 377 97 365 378 288 366 379 290 367 380 119 67 381 47 169 382 289 368 383 287 364 384 290 367 385 289 368 386 97 365 387 73 93 388 193 90 389 290 367 390 287 364 391 193 90 392 17 68 393 119 67 394 290 367 395 190 123 396 291 363 397 288 366 398 70 124 399 25 86 400 145 94 401 291 363 402 190 123 403 145 94 404 73 93 405 287 364 406 291 363 407 142 83 408 292 361 409 152 358 410 14 80 411 70 124 412 288 366 413 292 361 414 142 83 415 288 366 416 97 365 417 286 362 418 292 361 419 283 354 420 293 357 421 285 360 422 96 355 423 69 128 424 189 81 425 293 357 426 283 354 427 189 81 428 14 80 429 152 358 430 293 357 431 186 157 432 294 353 433 284 356 434 66 158 435 24 76 436 141 129 437 294 353 438 186 157 439 141 129 440 69 128 441 283 354 442 294 353 443 138 71 444 295 349 445 149 352 446 11 72 447 66 158 448 284 356 449 295 349 450 138 71 451 284 356 452 96 355 453 282 350 454 295 349 455 279 344 456 296 347 457 281 348 458 95 345 459 65 162 460 185 69 461 296 347 462 279 344 463 185 69 464 17 68 465 155 89 466 296 347 467 182 192 468 297 343 469 280 346 470 62 193 471 23 64 472 137 163 473 297 343 474 182 192 475 137 163 476 65 162 477 279 344 478 297 343 479 134 59 480 298 339 481 115 342 482 13 60 483 62 193 484 280 346 485 298 339 486 134 59 487 280 346 488 95 345 489 278 340 490 298 339 491 275 332 492 299 335 493 277 338 494 94 333 495 61 197 496 181 57 497 299 335 498 275 332 499 181 57 500 19 56 501 121 336 502 299 335 503 178 228 504 300 331 505 276 334 506 58 229 507 22 52 508 133 198 509 300 331 510 178 228 511 133 198 512 61 197 513 275 332 514 300 331 515 130 47 516 301 327 517 154 330 518 16 48 519 58 229 520 276 334 521 301 327 522 130 47 523 276 334 524 94 333 525 274 328 526 301 327 527 271 320 528 302 323 529 273 326 530 93 321 531 57 233 532 177 45 533 302 323 534 271 320 535 177 45 536 15 44 537 153 324 538 302 323 539 174 264 540 303 319 541 272 322 542 54 265 543 21 40 544 129 234 545 303 319 546 174 264 547 129 234 548 57 233 549 271 320 550 303 319 551 126 35 552 304 315 553 114 318 554 12 36 555 54 265 556 272 322 557 304 315 558 126 35 559 272 322 560 93 321 561 270 316 562 304 315 563 267 308 564 305 311 565 269 314 566 92 309 567 53 269 568 173 33 569 305 311 570 267 308 571 173 33 572 18 32 573 156 312 574 305 311 575 170 300 576 306 307 577 268 310 578 50 301 579 20 28 580 125 270 581 306 307 582 170 300 583 125 270 584 53 269 585 267 308 586 306 307 587 122 23 588 307 303 589 112 306 590 10 24 591 50 301 592 268 310 593 307 303 594 122 23 595 268 310 596 92 309 597 266 304 598 307 303 599 263 296 600 308 299 601 265 302 602 91 297 603 52 281 604 172 29 605 308 299 606 263 296 607 172 29 608 20 28 609 170 300 610 308 299 611 111 369 612 309 295 613 264 298 614 39 370 615 9 371 616 124 282 617 309 295 618 111 369 619 124 282 620 52 281 621 263 296 622 309 295 623 159 372 624 310 291 625 100 294 626 1 373 627 39 370 628 264 298 629 310 291 630 159 372 631 264 298 632 91 297 633 262 292 634 310 291 635 259 284 636 311 287 637 261 290 638 90 285 639 31 185 640 151 61 641 311 287 642 259 284 643 151 61 644 13 60 645 171 288 646 311 287 647 99 374 648 312 283 649 260 286 650 27 375 651 5 376 652 103 186 653 312 283 654 99 374 655 103 186 656 31 185 657 259 284 658 312 283 659 147 377 660 313 279 661 124 282 662 9 371 663 27 375 664 260 286 665 313 279 666 147 377 667 260 286 668 90 285 669 258 280 670 313 279 671 255 272 672 314 275 673 257 278 674 89 273 675 43 341 676 163 9 677 314 275 678 255 272 679 163 9 680 4 8 681 168 276 682 314 275 683 171 288 684 315 271 685 256 274 686 51 289 687 13 60 688 115 342 689 315 271 690 171 288 691 115 342 692 43 341 693 255 272 694 315 271 695 123 27 696 316 267 697 125 270 698 20 28 699 51 289 700 256 274 701 316 267 702 123 27 703 256 274 704 89 273 705 254 268 706 316 267 707 251 260 708 317 263 709 253 266 710 88 261 711 56 245 712 176 41 713 317 263 714 251 260 715 176 41 716 21 40 717 174 264 718 317 263 719 121 336 720 318 259 721 252 262 722 49 337 723 19 56 724 128 246 725 318 259 726 121 336 727 128 246 728 56 245 729 251 260 730 318 259 731 169 11 732 319 255 733 102 258 734 3 12 735 49 337 736 252 262 737 319 255 738 169 11 739 252 262 740 88 261 741 250 256 742 319 255 743 247 248 744 320 251 745 249 254 746 87 249 747 28 293 748 148 25 749 320 251 750 247 248 751 148 25 752 10 24 753 175 252 754 320 251 755 109 204 756 321 247 757 248 250 758 37 205 759 1 373 760 100 294 761 321 247 762 109 204 763 100 294 764 28 293 765 247 248 766 321 247 767 157 55 768 322 243 769 128 246 770 19 56 771 37 205 772 248 250 773 322 243 774 157 55 775 248 250 776 87 249 777 246 244 778 322 243 779 243 236 780 323 239 781 245 242 782 86 237 783 40 305 784 160 21 785 323 239 786 243 236 787 160 21 788 0 20 789 165 240 790 323 239 791 175 252 792 324 235 793 244 238 794 55 253 795 10 24 796 112 306 797 324 235 798 175 252 799 112 306 800 40 305 801 243 236 802 324 235 803 127 39 804 325 231 805 129 234 806 21 40 807 55 253 808 244 238 809 325 231 810 127 39 811 244 238 812 86 237 813 242 232 814 325 231 815 239 224 816 326 227 817 241 230 818 85 225 819 60 209 820 180 53 821 326 227 822 239 224 823 180 53 824 22 52 825 178 228 826 326 227 827 146 378 828 327 223 829 240 226 830 26 379 831 8 380 832 132 210 833 327 223 834 146 378 835 132 210 836 60 209 837 239 224 838 327 223 839 98 381 840 328 219 841 166 222 842 7 382 843 26 379 844 240 226 845 328 219 846 98 381 847 240 226 848 85 225 849 238 220 850 328 219 851 235 212 852 329 215 853 237 218 854 84 213 855 27 375 856 147 377 857 329 215 858 235 212 859 147 377 860 9 371 861 179 216 862 329 215 863 158 383 864 330 211 865 236 214 866 38 384 867 5 376 868 99 374 869 330 211 870 158 383 871 99 374 872 27 375 873 235 212 874 330 211 875 110 385 876 331 207 877 132 210 878 8 380 879 38 384 880 236 214 881 331 207 882 110 385 883 236 214 884 84 213 885 234 208 886 331 207 887 231 200 888 332 203 889 233 206 890 83 201 891 39 370 892 159 372 893 332 203 894 231 200 895 159 372 896 1 373 897 109 204 898 332 203 899 179 216 900 333 199 901 232 202 902 59 217 903 9 371 904 111 369 905 333 199 906 179 216 907 111 369 908 39 370 909 231 200 910 333 199 911 131 51 912 334 195 913 133 198 914 22 52 915 59 217 916 232 202 917 334 195 918 131 51 919 232 202 920 83 201 921 230 196 922 334 195 923 227 188 924 335 191 925 229 194 926 82 189 927 64 173 928 184 65 929 335 191 930 227 188 931 184 65 932 23 64 933 182 192 934 335 191 935 110 385 936 336 187 937 228 190 938 38 384 939 8 380 940 136 174 941 336 187 942 110 385 943 136 174 944 64 173 945 227 188 946 336 187 947 158 383 948 337 183 949 103 186 950 5 376 951 38 384 952 228 190 953 337 183 954 158 383 955 228 190 956 82 189 957 226 184 958 337 183 959 223 176 960 338 179 961 225 182 962 81 177 963 41 150 964 113 73 965 338 179 966 223 176 967 113 73 968 11 72 969 183 180 970 338 179 971 98 381 972 339 175 973 224 178 974 26 379 975 7 382 976 161 151 977 339 175 978 98 381 979 161 151 980 41 150 981 223 176 982 339 175 983 146 378 984 340 171 985 136 174 986 8 380 987 26 379 988 224 178 989 340 171 990 146 378 991 224 178 992 81 177 993 222 172 994 340 171 995 219 165 996 341 168 997 221 170 998 80 166 999 29 351 1000 101 5 1001 341 168 1002 219 165 1003 101 5 1004 6 2 1005 167 1 1006 341 168 1007 183 180 1008 342 164 1009 220 167 1010 63 181 1011 11 72 1012 149 352 1013 342 164 1014 183 180 1015 149 352 1016 29 351 1017 219 165 1018 342 164 1019 135 63 1020 343 160 1021 137 163 1022 23 64 1023 63 181 1024 220 167 1025 343 160 1026 135 63 1027 220 167 1028 80 166 1029 218 161 1030 343 160 1031 215 153 1032 344 156 1033 217 159 1034 79 154 1035 68 138 1036 188 77 1037 344 156 1038 215 153 1039 188 77 1040 24 76 1041 186 157 1042 344 156 1043 118 49 1044 345 152 1045 216 155 1046 46 221 1047 16 48 1048 140 139 1049 345 152 1050 118 49 1051 140 139 1052 68 138 1053 215 153 1054 345 152 1055 166 222 1056 346 148 1057 161 151 1058 7 382 1059 46 221 1060 216 155 1061 346 148 1062 166 222 1063 216 155 1064 79 154 1065 214 149 1066 346 148 1067 211 141 1068 347 144 1069 213 147 1070 78 142 1071 30 257 1072 150 37 1073 347 144 1074 211 141 1075 150 37 1076 12 36 1077 187 145 1078 347 144 1079 106 13 1080 348 140 1081 212 143 1082 34 329 1083 3 12 1084 102 258 1085 348 140 1086 106 13 1087 102 258 1088 30 257 1089 211 141 1090 348 140 1091 154 330 1092 349 136 1093 140 139 1094 16 48 1095 34 329 1096 212 143 1097 349 136 1098 154 330 1099 212 143 1100 78 142 1101 210 137 1102 349 136 1103 207 131 1104 350 134 1105 209 135 1106 77 132 1107 42 317 1108 162 17 1109 350 134 1110 207 131 1111 162 17 1112 2 16 1113 164 117 1114 350 134 1115 187 145 1116 351 130 1117 208 133 1118 67 146 1119 12 36 1120 114 318 1121 351 130 1122 187 145 1123 114 318 1124 42 317 1125 207 131 1126 351 130 1127 139 75 1128 352 126 1129 141 129 1130 24 76 1131 67 146 1132 208 133 1133 352 126 1134 139 75 1135 208 133 1136 77 132 1137 206 127 1138 352 126 1139 203 119 1140 353 122 1141 205 125 1142 76 120 1143 72 104 1144 192 87 1145 353 122 1146 203 119 1147 192 87 1148 25 86 1149 190 123 1150 353 122 1151 153 324 1152 354 118 1153 204 121 1154 33 325 1155 15 44 1156 144 105 1157 354 118 1158 153 324 1159 144 105 1160 72 104 1161 203 119 1162 354 118 1163 105 15 1164 355 114 1165 164 117 1166 2 16 1167 33 325 1168 204 121 1169 355 114 1170 105 15 1171 204 121 1172 76 120 1173 202 115 1174 355 114 1175 199 107 1176 356 110 1177 201 113 1178 75 108 1179 36 313 1180 156 312 1181 356 110 1182 199 107 1183 156 312 1184 18 32 1185 191 111 1186 356 110 1187 165 240 1188 357 106 1189 200 109 1190 45 241 1191 0 20 1192 108 19 1193 357 106 1194 165 240 1195 108 19 1196 36 313 1197 199 107 1198 357 106 1199 117 43 1200 358 102 1201 144 105 1202 15 44 1203 45 241 1204 200 109 1205 358 102 1206 117 43 1207 200 109 1208 75 108 1209 198 103 1210 358 102 1211 195 96 1212 359 99 1213 197 101 1214 74 97 1215 48 277 1216 168 276 1217 359 99 1218 195 96 1219 168 276 1220 4 8 1221 107 7 1222 359 99 1223 191 111 1224 360 95 1225 196 98 1226 71 112 1227 18 32 1228 120 31 1229 360 95 1230 191 111 1231 120 31 1232 48 277 1233 195 96 1234 360 95 1235 143 85 1236 361 91 1237 145 94 1238 25 86 1239 71 112 1240 196 98 1241 361 91 1242 143 85 1243 196 98 1244 74 97 1245 194 92 1246 361 91 1247 194 92 1248 362 88 1249 193 90 1250 73 93 1251 74 97 1252 197 101 1253 362 88 1254 194 92 1255 197 101 1256 35 100 1257 155 89 1258 362 88 1259 198 103 1260 363 84 1261 192 87 1262 72 104 1263 75 108 1264 201 113 1265 363 84 1266 198 103 1267 201 113 1268 71 112 1269 143 85 1270 363 84 1271 202 115 1272 364 82 1273 116 79 1274 44 116 1275 76 120 1276 205 125 1277 364 82 1278 202 115 1279 205 125 1280 70 124 1281 142 83 1282 364 82 1283 206 127 1284 365 78 1285 189 81 1286 69 128 1287 77 132 1288 209 135 1289 365 78 1290 206 127 1291 209 135 1292 44 116 1293 116 79 1294 365 78 1295 210 137 1296 366 74 1297 188 77 1298 68 138 1299 78 142 1300 213 147 1301 366 74 1302 210 137 1303 213 147 1304 67 146 1305 139 75 1306 366 74 1307 214 149 1308 367 70 1309 113 73 1310 41 150 1311 79 154 1312 217 159 1313 367 70 1314 214 149 1315 217 159 1316 66 158 1317 138 71 1318 367 70 1319 218 161 1320 368 66 1321 185 69 1322 65 162 1323 80 166 1324 221 170 1325 368 66 1326 218 161 1327 221 170 1328 47 169 1329 119 67 1330 368 66 1331 222 172 1332 369 62 1333 184 65 1334 64 173 1335 81 177 1336 225 182 1337 369 62 1338 222 172 1339 225 182 1340 63 181 1341 135 63 1342 369 62 1343 226 184 1344 370 58 1345 151 61 1346 31 185 1347 82 189 1348 229 194 1349 370 58 1350 226 184 1351 229 194 1352 62 193 1353 134 59 1354 370 58 1355 230 196 1356 371 54 1357 181 57 1358 61 197 1359 83 201 1360 233 206 1361 371 54 1362 230 196 1363 233 206 1364 37 205 1365 157 55 1366 371 54 1367 234 208 1368 372 50 1369 180 53 1370 60 209 1371 84 213 1372 237 218 1373 372 50 1374 234 208 1375 237 218 1376 59 217 1377 131 51 1378 372 50 1379 238 220 1380 373 46 1381 118 49 1382 46 221 1383 85 225 1384 241 230 1385 373 46 1386 238 220 1387 241 230 1388 58 229 1389 130 47 1390 373 46 1391 242 232 1392 374 42 1393 177 45 1394 57 233 1395 86 237 1396 245 242 1397 374 42 1398 242 232 1399 245 242 1400 45 241 1401 117 43 1402 374 42 1403 246 244 1404 375 38 1405 176 41 1406 56 245 1407 87 249 1408 249 254 1409 375 38 1410 246 244 1411 249 254 1412 55 253 1413 127 39 1414 375 38 1415 250 256 1416 376 34 1417 150 37 1418 30 257 1419 88 261 1420 253 266 1421 376 34 1422 250 256 1423 253 266 1424 54 265 1425 126 35 1426 376 34 1427 254 268 1428 377 30 1429 173 33 1430 53 269 1431 89 273 1432 257 278 1433 377 30 1434 254 268 1435 257 278 1436 48 277 1437 120 31 1438 377 30 1439 258 280 1440 378 26 1441 172 29 1442 52 281 1443 90 285 1444 261 290 1445 378 26 1446 258 280 1447 261 290 1448 51 289 1449 123 27 1450 378 26 1451 262 292 1452 379 22 1453 148 25 1454 28 293 1455 91 297 1456 265 302 1457 379 22 1458 262 292 1459 265 302 1460 50 301 1461 122 23 1462 379 22 1463 266 304 1464 380 18 1465 160 21 1466 40 305 1467 92 309 1468 269 314 1469 380 18 1470 266 304 1471 269 314 1472 36 313 1473 108 19 1474 380 18 1475 270 316 1476 381 14 1477 162 17 1478 42 317 1479 93 321 1480 273 326 1481 381 14 1482 270 316 1483 273 326 1484 33 325 1485 105 15 1486 381 14 1487 274 328 1488 382 10 1489 106 13 1490 34 329 1491 94 333 1492 277 338 1493 382 10 1494 274 328 1495 277 338 1496 49 337 1497 169 11 1498 382 10 1499 278 340 1500 383 6 1501 163 9 1502 43 341 1503 95 345 1504 281 348 1505 383 6 1506 278 340 1507 281 348 1508 35 100 1509 107 7 1510 383 6 1511 282 350 1512 384 4 1513 101 5 1514 29 351 1515 96 355 1516 285 360 1517 384 4 1518 282 350 1519 285 360 1520 32 359 1521 104 3 1522 384 4 1523 286 362 1524 385 0 1525 104 3 1526 32 359 1527 97 365 1528 289 368 1529 385 0 1530 286 362 1531 289 368 1532 47 169 1533 167 1 1534 385 0 1535</p>
        </polylist>
      </mesh>
    </geometry>
    <geometry id="caja-cubierta-lona-mesh" name="caja-cubierta-lona">
      <mesh>
        <source id="caja-cubierta-lona-mesh-positions">
          <float_array id="caja-cubierta-lona-mesh-positions-array" count="1158">0.3708595 0.3331511 0.7146415 0.3928935 0.33366 0.03429388 0.3743468 -0.273899 0.701916 0.4177786 -0.3214955 0.03622502 -0.3503677 0.3210476 0.706151 -0.3787429 0.3370905 0.02983713 -0.3469375 -0.2549249 0.7128386 -0.3824104 -0.2559005 0.006372392 -0.4155575 0.004589319 0.01264679 0.004031538 0.3406446 -9.59553e-4 0.3863667 0.3361322 0.3522874 -0.3462255 -0.2681444 0.4032758 0.385823 -0.2728431 0.3208631 -0.3515946 0.3353168 0.3867635 -0.004644036 -0.265524 0.7079973 0.3732782 0.009005606 0.7152865 0.003112614 -0.2699266 0.01965779 -0.3463884 0.01107019 0.713674 0.001645684 0.3429652 0.7097008 0.4140813 0.009910404 0.01255083 0.002831935 0.3544821 0.3497326 0.4383842 0.006841242 0.3820915 -3.33214e-4 0.01009309 -0.003974199 -0.3797098 -0.005168855 0.3658463 0.003144919 -0.2783458 0.3789201 -6.08523e-4 0.01042634 0.6988897 -0.4158991 -0.1839826 0.01223754 -0.2425219 0.3484914 0.008303761 0.3852782 0.3366327 0.1692788 -0.3439977 -0.2661236 0.5297552 0.4379226 -0.3157868 0.1019719 -0.3580406 0.3570798 0.1434539 -0.2338426 -0.2610219 0.7163888 0.3821541 -0.1844462 0.713334 0.2636234 -0.3387146 0.02747827 -0.348107 0.2092949 0.7095416 0.2333701 0.343231 0.7155923 0.4115225 0.1850707 0.01205599 -0.4080821 0.1924393 0.02335518 0.2270595 0.3409047 0.0111311 0.3862423 0.3393309 0.5505815 -0.3401547 -0.277379 0.1571522 0.3895729 -0.2612969 0.5613559 -0.3494977 0.3303099 0.5319281 0.2354729 -0.2688081 0.7080792 0.3710184 0.2020245 0.715668 -0.2553331 -0.3101685 0.02041703 -0.3459792 -0.1879701 0.7137497 -0.2290101 0.3335798 0.7087452 0.4088752 -0.1859235 0.01222997 0.2306064 0.3527771 0.3640518 -0.2299451 0.3437532 0.3661743 -0.009467899 0.3341932 0.1603558 -0.003399252 0.3534236 0.5621268 0.4140276 -0.1701282 0.3496409 0.4273228 0.1930617 0.3562359 0.4393756 -0.003768205 0.1717957 0.3819034 1.50513e-4 0.536129 0.001280188 -0.1918933 -0.006738007 -7.17945e-4 0.2114051 -0.003065645 -0.2346334 0.01066297 -0.002468466 0.2346184 0.009986281 -0.003674328 -0.3680319 0.2208995 0.3748641 -0.3696863 -0.1720989 0.386409 -0.4132356 0.03562271 0.1579349 -0.3593305 -0.002376437 0.5590822 -0.2296138 -0.2805566 0.3725501 0.2390585 -0.282804 0.3362837 -0.02470737 -0.2810487 0.1397316 -0.002986729 -0.2697976 0.5815945 3.8312e-4 -0.1983211 0.7182388 1.26383e-4 0.2144799 0.7096275 0.236696 0.01025295 0.699276 -0.2422668 0.01246887 0.7080215 -0.2389949 0.2147078 0.7124592 0.2346364 0.214895 0.7079216 0.235521 -0.1955854 0.7192383 0.2163469 -0.2664987 0.565061 0.2185465 -0.2820523 0.1496431 -0.2857615 -0.3169244 0.1506279 -0.3645076 -0.1729905 0.5407077 -0.3868229 -0.1997098 0.1689993 -0.4145312 0.218591 0.1514236 0.2345452 0.2103145 -0.002885639 -0.2351214 0.2086563 -0.002317428 -0.2355204 -0.1892773 -0.001202642 0.415147 0.2100931 0.5508359 0.4401112 0.1960801 0.1666153 0.4405012 -0.1907116 0.1669316 -0.2322776 0.3462778 0.5731233 -0.2170875 0.3536273 0.1538442 0.2265906 0.3570258 0.1629881 0.2256243 0.3527403 0.5540465 0.4141027 -0.1832517 0.5583583 0.235161 -0.1873211 -0.005854606 -0.3670856 0.1952049 0.5446282 -0.2484005 -0.2756958 0.5522369 -0.2350586 -0.1952992 0.7165354 -0.4048389 -0.2236744 0.007383644 -0.3169683 0.3367965 0.01115643 0.388073 0.329321 0.09760397 -0.3419737 -0.2596341 0.6287348 0.4326243 -0.3286162 0.06555306 -0.37361 0.3472668 0.07971739 -0.2985465 -0.26188 0.7167592 0.3822671 -0.233165 0.7148642 0.343478 -0.3425235 0.01239627 -0.3499335 0.2733953 0.7084631 0.3115504 0.3417105 0.7186461 0.3847547 0.2699165 0.01676893 -0.4074986 0.09891843 0.0152567 0.1172989 0.3332383 -0.005237936 0.3977535 0.3388974 0.4541137 -0.3400458 -0.2751985 0.2817627 0.3950458 -0.2611138 0.4424271 -0.3546572 0.3352137 0.4585949 0.1167281 -0.2664399 0.7064739 0.3741067 0.1069706 0.7139889 -0.1286218 -0.2700089 0.02140504 -0.3445564 -0.08943992 0.7146108 -0.113916 0.3379526 0.7107804 0.4130477 -0.08698636 0.01236987 0.3134267 0.3510341 0.365351 -0.1163659 0.3469328 0.3583853 -0.001093566 0.3392537 0.07361978 -4.09501e-4 0.353671 0.4555293 0.4102433 -0.2240968 0.3369914 0.4300612 0.1008342 0.3672136 0.4196329 0.01827102 0.07848316 0.4203516 0.01911646 0.4409904 9.52769e-4 -0.236935 -0.002925276 -3.31507e-4 0.1100078 -0.00340712 -0.3344095 0.008485734 -0.001035809 0.1171318 0.01001286 -0.003883361 -0.3652713 0.2844932 0.3796281 -0.3732075 -0.09591752 0.3736016 -0.4145007 0.01891058 0.07586932 -0.363456 -0.002953588 0.4612045 -0.2899527 -0.2726107 0.3823852 0.1219229 -0.2758039 0.3766904 -0.01009434 -0.2835328 0.07567179 -0.002266705 -0.2744091 0.477235 -0.001935541 -0.2382661 0.7234394 -2.88779e-4 0.1123471 0.7016711 0.3146741 0.009950339 0.7184572 -0.1241676 0.01466298 0.6991318 -0.4172695 -0.08795696 0.01744449 -0.1193937 0.3404646 -0.001426398 0.3808307 0.3433521 0.2600271 -0.3489858 -0.2711238 0.4659869 0.3902076 -0.2823111 0.21664 -0.3370961 0.3532872 0.2587876 -0.1190533 -0.2637762 0.7118894 0.3772423 -0.08512264 0.7138578 0.1371535 -0.2726117 0.02168029 -0.3451061 0.1090786 0.7132122 0.117594 0.3427399 0.7126147 0.4090835 0.09102177 0.02329385 -0.4112187 0.2730258 0.007923364 0.3205143 0.3392294 0.01373827 0.3754459 0.341046 0.6406767 -0.3635257 -0.2763406 0.07388305 0.3863224 -0.263478 0.645133 -0.3471312 0.325012 0.6286237 0.3126614 -0.2727852 0.7040789 0.370585 0.2705053 0.7169212 -0.3251581 -0.2764359 0.008903205 -0.345551 -0.2277016 0.7143045 -0.2958857 0.324023 0.7118954 0.4127427 -0.2600235 0.02381908 0.11597 0.3535825 0.3576008 -0.312478 0.3435552 0.3785421 0.003827393 0.3417519 0.2579424 -4.79712e-4 0.3585798 0.6426565 0.4276139 -0.07408779 0.3512722 0.4052473 0.2727966 0.3588024 0.4363619 0.008051872 0.2697271 0.3789467 0.005800068 0.6359806 1.59903e-4 -0.0903424 -0.002875804 0.001570761 0.2829157 -0.002634704 -0.1177945 0.01019036 -0.002983272 0.333007 0.00975871 -0.002804696 -0.3687204 0.1099817 0.3685938 -0.3652603 -0.2275112 0.3943561 -0.3924154 0.02577805 0.2590592 -0.3518635 0.001591265 0.6421976 -0.1131842 -0.2815781 0.3723587 0.3199278 -0.2831364 0.3244478 0.007852375 -0.2664247 0.2724535 -0.003265738 -0.2783325 0.6479874 3.61371e-4 -0.09469377 0.7025333 8.79837e-4 0.2865254 0.7173875 0.1180018 0.01023197 0.6979613 -0.3021811 0.01127862 0.7153317 -0.2390378 0.1116886 0.7127749 -0.2330225 0.2800596 0.7158877 -0.1185108 0.2145994 0.7092035 -0.3002701 0.2109364 0.7176535 0.2369616 0.1125187 0.7010136 0.2342081 0.2866654 0.7205068 0.3133627 0.2082616 0.7190085 0.1174166 0.2145966 0.7104119 0.2353489 -0.23947 0.7208853 0.2382557 -0.09257566 0.7033415 0.3180351 -0.1922212 0.7192615 0.1178035 -0.1984177 0.7191123 0.1075943 -0.2710137 0.5731377 0.3125616 -0.2696838 0.5634551 0.2269165 -0.2592028 0.4550066 0.2265005 -0.2748422 0.6437343 0.1075652 -0.2813562 0.1506726 0.3393087 -0.2981591 0.1180394 0.2527511 -0.3117532 0.06326997 0.2308147 -0.2789503 0.2524358 -0.3163071 -0.2961414 0.153024 -0.1556301 -0.2841556 0.1460618 -0.274618 -0.3150027 0.07837647 -0.2630424 -0.2837512 0.2598577 -0.3546574 -0.08390974 0.5513039 -0.3604744 -0.2280259 0.5371947 -0.3743897 -0.178476 0.4637663 -0.3596373 -0.1894273 0.6272944 -0.401032 -0.07837468 0.1629139 -0.369637 -0.2408226 0.1637248 -0.4048542 -0.1864954 0.06585276 -0.37094 -0.1759182 0.2671042 -0.3832364 0.2826707 0.1438651 -0.424462 0.1262946 0.1573418 -0.4147753 0.2048997 0.08645826 -0.388353 0.2225543 0.258972 0.2347535 0.1109291 -0.004814922 0.2343313 0.2830387 -0.004973232 0.117051 0.2102982 -0.003367304 0.3320235 0.2026283 -0.002164185 -0.2347806 0.1100763 -0.003068387 -0.2397987 0.2880067 -0.00213325 -0.3306729 0.2021929 -0.001130163 -0.1177944 0.209272 -0.002827465 -0.248509 -0.2571649 8.1995e-4 -0.2350792 -0.08913153 -0.001547753 -0.334953 -0.1891631 -0.002022027 -0.116879 -0.1895858 -0.002699971 0.409856 0.118873 0.5340064 0.4082642 0.2791559 0.5516524 0.4214487 0.1968372 0.4566395 0.395442 0.2179531 0.6252956 0.4328262 0.1104676 0.1637168 0.4023829 0.2767513 0.1637229 0.4337039 0.1936556 0.08386731 0.4389005 0.200657 0.2621951 0.4421719 -0.2562592 0.1377927 0.4340882 -0.09743934 0.170839 0.4332094 -0.1891744 0.08191144 0.4377915 -0.1738527 0.2504254 -0.1165427 0.3539809 0.574227 -0.2946588 0.3414863 0.5576517 -0.2408009 0.3402556 0.4755688 -0.2268042 0.3409191 0.6484367 -0.1173656 0.3499754 0.1592679 -0.2979051 0.3556924 0.1517062 -0.2336072 0.3565312 0.0773319 -0.2368935 0.3460831 0.2644996 0.3210291 0.3486794 0.1694036 0.1045788 0.3400123 0.1626625 0.232411 0.35527 0.079737 0.2192187 0.3466782 0.2609691 0.3206388 0.3479869 0.5547473 0.1138339 0.3553577 0.5593121 0.2332413 0.3541169 0.4616414 0.2278761 0.3492833 0.6416882 0.4037523 -0.2250409 0.5556738 0.3871284 -0.09954589 0.5482013 0.4190265 -0.1775122 0.4560095 0.3964562 -0.1970183 0.6382328 0.255076 -0.2572 0.003121316 0.234776 -0.08953559 -0.004563629 0.1188467 -0.1901498 -0.003112554 0.3298661 -0.1888673 -0.005635499 -0.3600553 0.2704907 0.5388902 -0.3625157 0.09968852 0.5708267 -0.3760063 0.2108505 0.4612179 -0.3509964 0.1975035 0.6354024 -0.3119937 -0.2771568 0.541592 -0.1237668 -0.2769795 0.5669847 -0.2362846 -0.2755318 0.4641243 -0.2408882 -0.2603796 0.6384828 -0.2343879 -0.2348385 0.7210454 -0.2399116 -0.09109169 0.7095182 -0.1172358 -0.1969658 0.7164133 -0.2995147 -0.190914 0.7176222 -0.301558 -0.08943086 0.7173634 -0.1175971 -0.09455537 0.7048172 -0.1181706 -0.2370476 0.7218369 -0.1220571 -0.2675676 0.6445943 -0.1099639 -0.2647145 0.4779907 -0.2980694 -0.2801825 0.4654263 -0.3487272 0.10438 0.6385856 -0.3725798 0.1091697 0.456716 -0.3723612 0.2776424 0.459993 0.331698 -0.08814811 -0.005453169 0.1175429 -0.0899114 -0.004615902 0.1222658 -0.2479892 0.0066244 0.3989063 -0.08989554 0.6174281 0.4214115 -0.08870351 0.4574717 0.4138002 -0.2299418 0.4498251 0.1157857 0.3597959 0.6427217 0.1201872 0.3537545 0.4591302 0.3188005 0.3480772 0.4570366 0.1150857 0.3361625 0.2609236 0.1123301 0.3386614 0.0763303 0.323361 0.3357483 0.08987385 -0.3042346 0.3460063 0.2612992 -0.3112555 0.3495181 0.08221882 -0.1215476 0.3476386 0.07524871 -0.298802 0.3410526 0.6387245 -0.3021757 0.3450431 0.4661802 -0.1213479 0.3439157 0.4623981 0.4386188 -0.0889728 0.2653455 0.428197 -0.09481167 0.08304888 0.4346687 -0.2580845 0.07352298 0.4088369 0.2742266 0.2611631 0.4027234 0.2641378 0.09134119 0.4406546 0.1020866 0.08256816 0.3929777 0.2755789 0.6427004 0.4050443 0.2895161 0.4513847 0.4277374 0.1045359 0.4569817 -0.1171137 -0.08954149 -0.003855824 -0.3344377 -0.08938992 -2.74472e-4 -0.3330569 -0.2415276 -8.27579e-4 -0.118212 0.2847322 6.29751e-4 -0.3252372 0.2806838 5.09568e-4 -0.3333291 0.1043808 -0.002179443 0.3270045 0.2759683 -0.002661049 0.1187028 0.2824633 -0.002203702 0.1172754 0.1110268 -0.003765761 -0.3819639 0.09687596 0.2561208 -0.4272513 0.1123639 0.08012402 -0.4025893 0.2850118 0.08051586 -0.3650272 -0.2334999 0.2766548 -0.3866167 -0.2314269 0.06512475 -0.4236373 -0.08735197 0.08095723 -0.3530742 -0.2177971 0.6371431 -0.3699575 -0.2286834 0.4653726 -0.377337 -0.08982694 0.4639893 -0.1357561 -0.2875497 0.2608574 -0.1413289 -0.2786173 0.07928431 -0.320012 -0.2957549 0.07315295 0.3274278 -0.28228 0.2381675 0.3355944 -0.3186447 0.0726552 0.1354053 -0.2778136 0.08613932 0.3136722 -0.2752185 0.6439169 0.3184672 -0.2657071 0.4467704 0.1075615 -0.2527024 0.4611184 0.1172367 -0.09315371 0.7006261 0.3182909 -0.08995491 0.718868 0.3151603 -0.2383079 0.7213895 0.1174256 0.286532 0.7190435 0.3119754 0.2798255 0.7216359 0.3142554 0.109175 0.7183479 -0.2995045 0.2768597 0.715401 -0.1165677 0.2842748 0.7163752 -0.1206316 0.1130101 0.7042392 -0.3027354 0.1123988 0.7182615 0.1180728 0.1127431 0.7005575 0.1165946 -0.2388357 0.7226929 0.1116907 -0.2793467 0.6453518 0.1025778 -0.2783414 0.2461157 -0.3090628 -0.3028377 0.2707913 -0.3494469 -0.08430814 0.6368294 -0.3694646 -0.08201181 0.2624776 -0.3553878 0.284726 0.268514 0.3326027 0.1056708 -0.006613194 -0.1177538 0.10969 -0.003265678 -0.1286067 -0.2421172 0.001030504 0.3882471 0.1091422 0.6399797 0.4159967 0.1021237 0.2681245 0.4073859 -0.2351236 0.2377575 -0.1160101 0.3560903 0.6466683 -0.1171051 0.3514956 0.2588326 0.3120386 0.3518444 0.2615531 0.3173881 0.3433489 0.6408271 0.3967077 -0.2334046 0.6395558 0.3375216 -0.265191 -0.001236259 -0.361556 0.2714688 0.6318389 -0.2965683 -0.2697332 0.6358684 -0.2992866 -0.231621 0.7193256</float_array>
          <technique_common>
            <accessor source="#caja-cubierta-lona-mesh-positions-array" count="386" stride="3">
              <param name="X" type="float"/>
              <param name="Y" type="float"/>
              <param name="Z" type="float"/>
            </accessor>
          </technique_common>
        </source>
        <source id="caja-cubierta-lona-mesh-normals">
          <float_array id="caja-cubierta-lona-mesh-normals-array" count="1158">-0.05237114 -0.02227908 0.9983791 -0.7005765 -0.08563786 0.70842 -0.6327635 -0.5669936 0.5273792 -0.0695222 -0.7261988 0.6839605 -0.06595271 -0.9945099 0.08124303 -0.6924808 -0.7175065 0.0751993 -0.9960705 0.06262439 0.06262439 -0.7241312 0.04519903 0.6881795 -0.6266152 0.5529425 0.5491886 -0.7210054 0.6899678 0.0639978 0.1096245 -0.1487804 -0.9827751 0.6698083 -0.05545365 -0.7404606 0.6169679 -0.6046688 -0.5037127 0.07986819 -0.8343589 -0.545405 0.9739959 -0.1878163 0.1267165 0.6538982 -0.1699598 0.7372454 0.4775937 -0.7499462 0.4576952 0.6630027 -0.7472972 0.04443615 0.07168811 0.9962785 0.04785311 0.06238156 0.7055465 0.7059127 0.5583527 0.5632662 0.6090759 0.6304941 0.7658768 0.1261354 0.07638806 0.9970734 0.003082334 0.08661383 0.9962421 1.52597e-4 0.6644905 0.7471971 -0.01220756 0.6184412 0.7858086 -0.005951225 0.01898247 0.9997869 -0.008117914 -0.03253281 0.9994227 0.00979644 -0.004425168 0.9988417 -0.04791408 0.03628754 0.997069 -0.06735628 -0.05621606 0.9925096 0.1084646 -0.03885054 0.6638472 0.7468585 -0.01696842 0.6706201 0.7416069 -0.01489323 0.9954984 0.09360164 0.9151864 -0.3562229 0.1885185 0.9447711 -0.3266734 0.02630722 0.5604884 -0.8261596 0.05755954 0.4784446 -0.8413752 0.2513536 0.9997362 0.006164789 0.02212613 0.9993812 0.03039705 0.01770108 0.9972197 0.001770079 0.07449769 0.9983803 0.05404978 0.01776224 0.9824263 -0.0710169 0.1726135 0.672333 -0.01944059 0.7399936 0.6719992 0.01806724 0.7403314 0.9958667 0.002471983 0.09079414 0.01599216 -0.2910637 -0.95657 0.005585014 -0.3305247 -0.9437808 0.001129209 -0.8373313 -0.5466947 0.08899247 -0.8193352 -0.5663658 -0.003112912 0.001709043 -0.9999937 -0.002594113 0.003082394 -0.9999919 -0.003235042 4.57789e-4 -0.9999948 -0.005005121 -0.001068115 -0.999987 0.1343463 0.001220762 -0.9909337 0.6993607 -0.01599234 -0.71459 0.7138418 0.01037645 -0.7002303 0.1203688 0.01284867 -0.9926461 -0.9467667 0.3121504 0.078709 -0.9755516 0.2153751 -0.04373425 -0.6709332 0.7412188 -0.0210582 -0.5308785 0.8425998 0.09051942 -0.9886501 -0.08957481 0.1206132 -0.9994031 -0.03445583 0.002502501 -0.9980737 -0.008423328 0.06146591 -0.9834448 -0.03433388 0.1779258 -0.996484 0.01687711 0.08206623 -0.690653 0.01327592 0.7230645 -0.7105463 0.001525938 0.7036489 -0.9961374 -0.01406919 0.08667367 -0.2318856 -0.9675534 0.1003475 -0.08493411 -0.9947333 0.05737555 -0.6127668 -0.790145 -0.01370316 -0.6728329 -0.7369544 0.06476235 -0.0340898 -0.9991338 0.02386587 0.003936886 -0.9949665 0.1001314 0.03497517 -0.998166 0.04941082 0.01547312 -0.9998639 0.005737543 0.006256341 -0.9994949 0.03115981 0.00149542 -0.8117586 0.5839913 -0.01409983 -0.8098576 0.586457 -0.02212607 -0.9980545 0.05829077 0.001648008 -0.2043256 0.9789016 -0.001312315 -0.1804615 0.9835811 0.002838253 -0.0540803 0.9985325 0.007416009 -0.05398774 0.9985141 0.01062041 0.002502501 0.9999405 -9.76614e-4 0.003845393 0.9999921 -0.01052904 -0.006225824 0.9999253 -0.7195534 0.00125128 0.6944361 0.02505594 -0.00451678 0.9996759 0.03549408 -0.04440575 0.9983828 0.07788449 -0.02804696 0.9965678 0.08969545 -0.009094655 0.9959278 0.03903406 -0.003814876 0.9992306 -0.003021359 0.01416081 0.9998952 0.01116979 0.03204452 0.9994241 0.0461142 -0.02658206 0.9985826 0.01648026 -0.06759971 0.9975765 -0.0581693 0.04477143 0.9973023 -0.7334585 -0.02288907 0.6793487 -0.04309219 0.009582817 0.9990252 -0.07144498 -0.01287901 0.9973614 -0.1033083 -0.03790515 0.9939269 -0.1169195 0.00488305 0.9931294 -0.07993036 0.003296077 0.9967951 0.008056879 -0.007110834 0.9999423 -0.03033614 -0.01928818 0.9993537 -0.06216669 -0.09463864 0.9935688 -0.03579837 -0.04541176 0.9983268 -0.01113945 -0.008758962 0.9998996 -0.009582936 0.007324576 0.9999273 -0.00125128 -0.09201598 0.9957568 0.001098692 -0.1069706 0.9942616 0.043581 -0.1895225 0.9809088 0.002472043 -0.2026494 0.9792483 -0.002777278 -0.8129811 0.5822834 0.04028552 -0.8381526 0.5439462 -0.03763008 0.02356076 0.999014 -0.08658355 0.07309395 0.9935596 -0.02661293 0.08737725 0.9958198 0.01965409 0.04083418 0.9989727 -0.003845393 0.09677702 0.9952988 0.007294058 0.09216773 0.9957169 -0.001709043 0.1332169 0.9910855 -0.00100708 0.1232346 0.9923771 0.04751873 -0.9975584 0.05118107 0.02365243 -0.9944723 -0.1023008 0.01001006 -0.9984749 -0.05429244 0.03891229 -0.9986578 0.03418177 0.03112965 -0.9979194 0.05646061 0.03442549 -0.9981577 -0.04995971 -0.01257395 -0.9955417 -0.09348076 -0.02655178 -0.9980118 0.05716264 0.0422995 -0.9986472 -0.03024446 -4.27263e-4 -0.999979 0.006469964 -0.1213448 -0.9919691 0.03567707 -0.03323501 -0.9982104 0.04971516 0.01715183 -0.9997217 0.01620572 0.001281797 -0.9952697 -0.09714335 -0.04156625 -0.9355463 0.3507497 -0.07144546 -0.9633089 0.2587115 -0.07425367 -0.9902022 0.1182627 -0.1768884 -0.9450833 0.274824 -0.009064078 -0.9975394 0.06952196 0.03720241 -0.9967745 0.07110875 -0.02291953 -0.9964061 0.081546 -0.03372371 -0.9992294 0.02008163 -0.4258033 -0.8989723 -0.1026664 -0.4141402 -0.9092468 0.04193282 -0.7031549 -0.7077633 0.06814861 -0.6503286 -0.7593119 0.02276712 0.1303464 -0.9896383 -0.06021386 0.1235088 -0.9919155 0.02914524 -0.05465883 -0.9975322 0.04406887 -0.1009255 -0.9913401 -0.08401805 0.06445544 -0.9971982 0.03796523 0.02478146 -0.9983393 0.05200445 0.02606356 -0.9974662 0.06619662 0.06125247 -0.9930714 0.1002868 -0.9958824 0.02017277 0.08838176 -0.9925167 0.03387635 0.117316 -0.9945463 -0.01870799 0.1026042 -0.9964172 0.01043748 0.08392745 -0.9642875 -0.2631983 0.02960366 -0.9644972 -0.2460455 0.09595221 -0.9930648 -0.0144661 0.116675 -0.9975663 -0.04910463 0.04950135 -0.9846103 -0.1594933 0.0714454 -0.6987698 -0.002655148 0.7153418 -0.9959155 -0.02252274 0.08743596 -0.9940952 -0.05722308 0.09219783 -0.9740562 -0.08847564 0.2082946 -0.9804576 -0.07010245 0.1838167 -0.9997161 -0.0238049 -0.00112915 -0.8855764 -0.4385002 0.1532065 -0.8900723 -0.4428082 0.1081308 -0.9628233 -0.2114073 0.1681614 -0.9590709 -0.2428425 0.1456384 -0.9376003 -0.3450157 0.04324519 -0.9607544 -0.2757133 -0.03055 -0.9978129 -0.05880975 -0.03018307 -0.9912167 -0.09039634 0.09653061 -0.9498975 0.2987485 0.09189206 -0.9180974 0.3513936 0.183357 -0.5302717 0.8428497 0.09174078 -0.5690039 0.822315 -0.005707085 -0.9968588 0.006988704 -0.0788905 -0.9855014 0.009827196 0.1693825 -0.9602022 0.2268509 0.1629432 -0.9904628 0.1365419 -0.01843345 -0.9742421 0.02841359 0.2237076 -0.9973877 0.01754832 0.07007133 -0.9971855 0.07434481 0.009705066 -0.9643454 0.1898904 0.1843359 -0.002472043 0.003418147 -0.9999912 -0.003662228 0.003967463 -0.9999855 -0.002014219 -0.001037657 -0.9999975 -0.002655148 0.001129209 -0.9999958 0.007477223 0.02948158 -0.9995375 0.02459806 0.09741562 -0.9949398 0 0.004547297 -0.9999898 -0.003540158 0.005096614 -0.9999808 0.154089 0.1397452 -0.9781248 0.6690125 0.212597 -0.7121972 0.6858994 0.1064527 -0.7198679 0.1344658 0.01922678 -0.9907317 -0.1250985 0.01699924 -0.9919987 -0.007171869 6.40892e-4 -0.9999741 -0.009949266 -0.005493462 -0.9999355 -0.1033083 -0.006439566 -0.9946286 -0.1120649 0.1143538 -0.9870991 -0.02386569 0.07336723 -0.9970195 -0.006470024 0.01281797 -0.999897 -0.1213758 -0.006714224 -0.992584 -0.01019328 0.02905398 -0.9995259 -0.01059013 0.005554437 -0.9999286 -0.004760921 0.01144456 -0.9999232 -0.002410948 0.01501518 -0.9998844 -0.06057971 -0.1185653 -0.9910966 0.02761954 -0.232096 -0.9723007 0.01562577 -0.8425719 -0.5383573 -0.2317646 -0.6721906 -0.7031679 -0.09876018 0.001556456 -0.9951101 -0.01098692 -0.002288937 -0.9999371 -0.002838253 -0.01941013 -0.9998076 -0.08182263 0.00827074 -0.9966127 -0.01022374 0.001068115 -0.9999472 -0.003021359 0.005554378 -0.9999801 0.00350964 -0.04498511 -0.9989815 -0.01663279 -0.02929812 -0.9994323 0.9853977 -0.04361164 0.164589 0.9764501 -0.09750765 0.1924517 0.9810475 -0.0245071 0.1922115 0.9722353 -0.04492354 0.2296534 0.9770066 0.2131756 -0.003784358 0.9772266 0.1854044 0.1032161 0.9889392 0.02948135 0.1453622 0.9936527 0.09882199 0.05374473 0.9719666 0.1140492 0.2056059 0.6388866 0.03701961 0.7684097 0.6356852 -0.01794528 0.77174 0.9732308 -0.008057057 0.2296884 0.9824057 -0.03500521 -0.1834495 0.9991412 -0.03024458 0.02832192 0.9993138 0.01666337 -0.03308254 0.9862906 -0.02914583 -0.1624234 0.9521926 0.2834604 -0.1139274 0.9386081 0.3434594 -0.03241103 0.9863207 0.1648344 -0.001068115 0.9635513 0.1992596 -0.1785066 0.9374938 0.3477987 0.01190251 0.962226 0.2721663 0.006836175 0.9929992 0.114477 0.0291152 0.9913959 0.1261982 0.03476172 0.9672104 0.01883023 -0.2532777 0.9731848 -0.1791151 0.1443236 0.7040865 -0.6789995 0.2078993 0.6702646 -0.7418933 0.01843363 0.986579 0.02783304 -0.1608948 0.9980067 0.02411007 -0.05832207 0.9963338 -0.07107949 0.0476101 0.9793776 0.03735494 -0.1985551 0.9971259 -0.03906464 0.06491446 0.9932208 -0.07364308 0.08994042 0.9890341 -0.1337959 0.06253373 0.9805864 -0.1535733 0.1219247 -0.04715198 0.9987379 -0.0173043 -0.05136328 0.9980897 -0.0343337 -0.0199902 0.9990236 -0.03940057 -0.03012198 0.9995188 -0.007416009 -0.09134441 0.9956331 0.01925766 -0.1270809 0.9915911 0.02444565 -0.04965394 0.9987554 -0.004730343 -0.01046788 0.999851 -0.01373332 -0.1452699 0.9848142 0.0950663 -0.115271 0.6492963 0.7517493 -0.05334728 0.6930878 0.7188764 -0.0770595 0.9903905 0.1148416 0.06607353 0.9972682 -0.0330215 0.06662213 0.997776 -0.002197325 0.05227941 0.9985888 -0.009338855 0.03576815 0.9993422 -0.005981683 -0.04788422 0.992324 -0.1140188 0.01721268 0.9998338 0.006012201 0.01089537 0.9997227 0.02087521 -0.00854516 0.9978045 -0.06567591 0.0219736 0.9979985 0.05929821 -0.03979676 0.9987046 0.03170925 -0.009430348 0.9996514 0.02465939 -0.007568597 0.9990867 0.04205459 0.1236627 0.990858 -0.05392694 0.1187175 0.9915509 -0.05227839 0.6513013 0.7564385 -0.06006091 0.6990713 0.7129575 -0.05469024 -0.05520856 0.9976308 -0.04104781 -0.06695914 0.9977033 0.01022392 -0.02185136 0.9997611 -6.40892e-4 0.01590019 0.9966469 -0.08026397 -0.03341847 0.9980069 -0.05353057 -5.18817e-4 0.9976543 -0.06845325 -0.002410948 0.9994658 -0.03259426 -0.04355114 0.999022 -0.007660329 0.09668391 0.9953134 0.001892149 0.0824005 0.996375 0.02114945 0.6403352 0.765222 0.06638044 0.6882047 0.7254685 -0.008362174 0.001861631 0.9999937 -0.003051877 0.01135301 0.9997691 -0.01825028 0.04550415 0.9988944 0.01181089 0.0305801 0.9995298 0.002227842 0.01986759 0.9964341 0.08200359 -6.71424e-4 0.6766126 0.7363389 0.01440513 0.7042354 0.7098205 0.05053955 0.9967221 0.06317442 0.9558877 -0.2932577 0.01669389 0.9594255 -0.2704593 0.07971554 0.5985079 -0.8010014 0.01361143 0.5821245 -0.8123925 0.03390687 0.9816715 0.02224826 0.1892783 0.9824984 0.1264708 0.1367557 0.9940034 -1.83114e-4 0.1093495 0.9970796 -0.04565608 0.0612207 0.9920631 0.1044068 0.07007247 0.6705853 0.04489284 0.7404729 0.6765084 0.02472013 0.7360199 0.9889941 2.7467e-4 0.1479554 -0.01010185 -0.3231067 -0.9463087 -0.07120168 -0.2146733 -0.9740872 -0.2065255 -0.9067344 -0.3676684 -0.1382223 -0.8039114 -0.5784646 -0.002319395 0.004242122 -0.9999883 -0.0035097 0.008057057 -0.9999614 -0.01791459 -0.06161773 -0.9979391 0.00488305 -0.06747829 -0.9977088 0.104192 0.008056998 -0.9945245 0.7098988 0.01416069 -0.7041614 0.6617844 -0.01718246 -0.7494974 0.1098069 -0.04504585 -0.9929318 -0.9861305 0.1626968 0.03280794 -0.9875678 0.1294925 0.08911579 -0.701754 0.7084072 0.075504 -0.6883497 0.7243313 0.03897237 -0.9990339 -0.02160727 0.03827059 -0.991866 -0.02398788 0.1250056 -0.9929126 0.001098692 0.1188418 -0.9994043 0.02533072 0.02343851 -0.9941106 -0.0035097 0.1083136 -0.9941185 -0.03317385 0.1030924 -0.0842638 -0.9963944 -0.009888231 -0.1215268 -0.990129 0.06982755 -0.6487848 -0.7559389 0.08737748 -0.6129175 -0.7901426 0.00262463 0.008392572 -0.9996653 0.02447587 -0.006958305 -0.9998349 0.01678544 0.0347613 -0.997763 0.0571013 0.02319419 -0.9996408 0.01342821 -0.03930866 -0.9963588 0.07565695 -0.02456772 -0.7988641 0.6010098 0.01037639 -0.7573558 0.6529202 0.01767075 -0.9962454 0.08475238 -1.22076e-4 -0.1137136 0.9935135 -0.001190185 -0.04855543 0.9988199 0.02255356 0.07571774 0.9968743 0.06879013 0.04529041 0.9966026 0.02221751 0.0828886 0.9963112 0.00262463 0.1195142 0.9928291 0.01785343 0.01672422 0.9997008 -0.02295029 0.03476113 0.9991322 -0.005554497 0.6661456 -0.7458011 0.02957332 0.7545927 -0.6555267 0.01452726 0.7055199 -0.7085413 0.1661154 0.7593759 -0.6290899 0.6613823 0.6364481 -0.3968721 -0.1189323 0.6974492 -0.7066964 -0.04779356 0.7328653 -0.6786932 -0.5143758 0.7245332 -0.4587693 0.01937973 0.6782909 -0.734538 -0.7817184 -0.01641929 -0.6234154 -0.8123934 -0.1423726 -0.5654618 -0.7407371 0.009155809 -0.6717327 -0.7606363 -0.3225296 -0.5633891 -0.5560569 -0.5894752 -0.585935 -0.7458044 0.1880304 -0.6390778 -0.7675284 0.03732502 -0.6399275 -0.7141399 0.03253298 -0.6992467</float_array>
          <technique_common>
            <accessor source="#caja-cubierta-lona-mesh-normals-array" count="386" stride="3">
              <param name="X" type="float"/>
              <param name="Y" type="float"/>
              <param name="Z" type="float"/>
            </accessor>
          </technique_common>
        </source>
        <source id="caja-cubierta-lona-mesh-map-0">
          <float_array id="caja-cubierta-lona-mesh-map-0-array" count="3072">0.9065487 0.9931523 0.9116088 0.9926898 0.9117963 0.9956589 0.9065141 0.996458 0.7606016 0.7626845 0.7518259 0.7623808 0.7522302 0.7570968 0.7613341 0.7576529 0.9295644 0.8582003 0.9211899 0.8579733 0.9214622 0.8528093 0.9298554 0.8522049 0.8409636 0.8348142 0.84154 0.8433679 0.8347765 0.8443148 0.8325204 0.835841 0.9797484 0.8154345 0.9880571 0.815394 0.9868432 0.8199675 0.9805235 0.8188495 0.9076085 0.8566598 0.9068919 0.8481957 0.9134108 0.8485403 0.9139315 0.8566259 0.907418 0.8979556 0.907451 0.8866542 0.9155659 0.8879806 0.9149667 0.8980469 0.8607112 0.8987164 0.8606764 0.8878532 0.8736831 0.8886814 0.8739227 0.8987606 0.8605642 0.8565237 0.8606237 0.8492978 0.8732092 0.8493657 0.8730582 0.8568512 0.9357274 0.8169058 0.9466764 0.815046 0.9451603 0.8211277 0.9337684 0.8225846 0.9387417 0.7790512 0.9494829 0.7792347 0.9510671 0.7894698 0.9389075 0.7893834 0.9795753 0.7781535 0.9877939 0.7783407 0.9880158 0.7890164 0.9793763 0.7894549 0.8423492 0.7839645 0.8432636 0.7980456 0.8389471 0.7983699 0.8385834 0.7840606 0.8807278 0.7844869 0.8809782 0.7972636 0.8701074 0.797448 0.8698982 0.784666 0.8811588 0.8334136 0.8797321 0.8423188 0.8708646 0.8427129 0.870738 0.8337313 0.9691039 0.8559949 0.9569464 0.856563 0.9560758 0.850858 0.9699691 0.8482463 0.9697101 0.897046 0.9576321 0.8983721 0.9586624 0.8884283 0.9704635 0.8850986 0.9288275 0.8968255 0.9203644 0.8973463 0.9205199 0.8864359 0.9283081 0.8874848 0.8004954 0.7615979 0.7881435 0.7634477 0.7856848 0.7573131 0.7989316 0.7574068 0.8026553 0.8066765 0.788348 0.808565 0.7881993 0.7955912 0.7998414 0.7962653 0.7589434 0.8068332 0.7521964 0.8072742 0.7522422 0.7941677 0.7588614 0.7944501 0.8613395 0.9942845 0.8741954 0.9941436 0.8745196 0.9975415 0.8613294 0.9977662 0.8609231 0.9559801 0.8737713 0.9559189 0.87388 0.9669901 0.8610204 0.9670966 0.9067088 0.9556742 0.9113507 0.9560111 0.9115374 0.9666833 0.9067162 0.966688 0.8868485 0.9557543 0.899756 0.9558006 0.9001431 0.9666029 0.8872817 0.9664437 0.8862999 0.9370704 0.8989871 0.9374703 0.8996713 0.9445934 0.8865541 0.9446941 0.906228 0.9377917 0.9117787 0.9381034 0.9116446 0.9450919 0.9063622 0.9449669 0.8394461 0.9565304 0.8480392 0.9561328 0.8481803 0.9671928 0.8394807 0.9673164 0.8396311 0.9379206 0.8481025 0.9370868 0.8481584 0.94501 0.8395051 0.9457334 0.8608164 0.936989 0.8735068 0.9368994 0.8736475 0.9447843 0.8608918 0.944868 0.8397797 0.9942835 0.8484168 0.9944233 0.8483965 0.9979057 0.8400036 0.9984595 0.8392195 0.978173 0.848061 0.9783281 0.8483847 0.9896363 0.8394097 0.9892957 0.861175 0.9782966 0.8738452 0.9784037 0.8739166 0.9897735 0.8611789 0.9898815 0.7789602 0.806911 0.7667951 0.8065369 0.7661046 0.7945459 0.7774424 0.79484 0.7801061 0.8297325 0.7674007 0.8288101 0.7674709 0.8183541 0.7794153 0.8197379 0.7586464 0.8287281 0.7521277 0.8284849 0.7518419 0.8201112 0.7588619 0.8192687 0.8203502 0.8104167 0.8131698 0.8073134 0.814376 0.7927718 0.8213465 0.7943887 0.821712 0.8335446 0.8161792 0.8334308 0.8131773 0.8196912 0.8232705 0.8242029 0.8029111 0.8314156 0.7935343 0.8302198 0.7925008 0.8214102 0.8017031 0.8207401 0.8214123 0.7599257 0.8127434 0.760546 0.8122053 0.7572221 0.8213217 0.7547462 0.8210806 0.7800927 0.8137827 0.7784897 0.8134089 0.7643646 0.8208932 0.7652788 0.8012862 0.7805336 0.7891026 0.7828807 0.7891672 0.7701314 0.801473 0.7667596 0.9478315 0.8976782 0.9381298 0.8968223 0.9373813 0.887954 0.9480821 0.8881121 0.9474566 0.9125964 0.9396442 0.9125715 0.9393281 0.9065549 0.9477216 0.9071955 0.9287363 0.9113971 0.9202913 0.9123414 0.9204168 0.9080433 0.9299047 0.9082722 0.9902665 0.89736 0.9810585 0.8965014 0.9817471 0.8839763 0.9907223 0.8858396 0.9915053 0.913644 0.980541 0.9147861 0.9801967 0.9098726 0.9916877 0.9083283 0.9681002 0.9136723 0.9551537 0.9127476 0.9561412 0.9066902 0.9692426 0.9072971 0.9900939 0.8569363 0.9829359 0.8566371 0.9827212 0.8481305 0.9898189 0.8494863 0.9901956 0.8756833 0.9820536 0.8741416 0.9826159 0.8643169 0.9896012 0.8657084 0.9705939 0.8772832 0.958281 0.8757808 0.9576724 0.8635692 0.9706434 0.8635779 0.8813049 0.8100542 0.8815159 0.8228116 0.8705486 0.8230125 0.8703169 0.8102329 0.8999764 0.8099234 0.9001237 0.8224731 0.8922674 0.822597 0.8921034 0.8098593 0.8994529 0.8323485 0.8991592 0.8389008 0.8899965 0.8419368 0.8916424 0.8331475 0.8797538 0.7610333 0.8805595 0.7717463 0.8697358 0.7719454 0.8693159 0.7610884 0.8990163 0.7615946 0.8999271 0.7708973 0.8912926 0.7715306 0.8904344 0.7611062 0.8997715 0.7841224 0.899796 0.7971539 0.8920093 0.7970367 0.8915615 0.7843024 0.8421558 0.7617123 0.8405771 0.7708954 0.8344247 0.7702051 0.8382359 0.7625833 0.8586617 0.761265 0.8588703 0.7720785 0.8479705 0.7722082 0.8478191 0.761417 0.859041 0.7849285 0.8591818 0.7976878 0.8481562 0.7980052 0.8481357 0.7851458 0.9592373 0.7787173 0.9677954 0.7771299 0.9687121 0.790157 0.9577149 0.7880485 0.9587849 0.7583385 0.9696344 0.7597672 0.9694517 0.7672185 0.9592168 0.7686517 0.9796181 0.7600277 0.9880571 0.7604928 0.987979 0.7679685 0.9777747 0.7663179 0.9186528 0.7786853 0.9274041 0.778106 0.9281774 0.7905828 0.9177519 0.7879635 0.9193531 0.7606759 0.9273021 0.7592867 0.9277639 0.7688344 0.918982 0.7690817 0.9379051 0.7598096 0.9485973 0.7600089 0.9481926 0.7691145 0.9379143 0.7683674 0.916973 0.8183801 0.9239842 0.8183459 0.9199286 0.8247336 0.9158766 0.8260282 0.9182425 0.8004931 0.9279494 0.8008918 0.9274605 0.8112718 0.9180277 0.8108813 0.9383671 0.8000027 0.9478493 0.7983605 0.9479331 0.8090041 0.9367034 0.809324 0.8600319 0.8765416 0.8605205 0.8643558 0.8728007 0.8656045 0.8732253 0.8771829 0.8403399 0.8762413 0.8411008 0.8662701 0.84792 0.8645414 0.8470256 0.875187 0.8406512 0.8574799 0.8407362 0.8493433 0.8480797 0.8496881 0.8484321 0.8563017 0.8604171 0.9187208 0.8607665 0.9095671 0.8725833 0.9093762 0.873562 0.9187954 0.839716 0.9182404 0.8410868 0.9106022 0.8499099 0.910259 0.8482015 0.9185955 0.8403188 0.8986151 0.8392391 0.8858206 0.8482835 0.8871017 0.8476391 0.8982004 0.9090347 0.9166576 0.9085492 0.9079521 0.9156419 0.9079409 0.9160956 0.9157763 0.8859077 0.9183854 0.8849679 0.9090003 0.8983129 0.908793 0.8990169 0.9177585 0.8859682 0.8983394 0.8859835 0.8877081 0.8984378 0.8868892 0.8972995 0.8981345 0.9079491 0.876668 0.9080286 0.8660389 0.915229 0.8664104 0.916597 0.8768838 0.8863303 0.876667 0.8855305 0.865792 0.897683 0.8662267 0.8986149 0.8762691 0.8856254 0.8567468 0.8858177 0.848962 0.898395 0.8486062 0.8978363 0.8566771 0.9590879 0.8151544 0.9706184 0.8146372 0.97139 0.8188728 0.95842 0.8191251 0.9594393 0.7997418 0.9697517 0.8006722 0.9707707 0.8099818 0.9596406 0.8094184 0.9772622 0.7999691 0.9879232 0.799268 0.9878757 0.8100993 0.9795833 0.8115026 0.84206 0.8113051 0.8414961 0.8258488 0.8322597 0.8270094 0.8389357 0.8129813 0.8594351 0.8104723 0.8597257 0.8232321 0.8490952 0.8234969 0.8484907 0.8108157 0.8600777 0.8337534 0.8603673 0.8427696 0.8496397 0.8425208 0.8491738 0.833755 0.9482643 0.8575596 0.9396343 0.8582118 0.9403291 0.8516034 0.9483032 0.8510705 0.94864 0.8758192 0.9361826 0.8768418 0.9390607 0.8664415 0.9481701 0.8647556 0.9286761 0.8763243 0.9205767 0.8757937 0.9210401 0.8649222 0.9290583 0.8662554 0.7789827 0.7626652 0.7707857 0.7611712 0.7720239 0.757516 0.7789205 0.7570874 0.7774994 0.783138 0.7678483 0.7814585 0.7695847 0.7680109 0.7791495 0.7693663 0.7593895 0.7815639 0.7520862 0.7817821 0.7517479 0.7693824 0.7601393 0.7687423 0.8868342 0.9939389 0.8994926 0.9935747 0.8994694 0.9964681 0.8869673 0.9970443 0.886654 0.9783222 0.8999602 0.9778699 0.899531 0.9892407 0.8867022 0.9895309 0.9067199 0.9776611 0.9114091 0.9776316 0.9116309 0.9883642 0.906552 0.988717 0.8999602 0.9778699 0.9067199 0.9776611 0.906552 0.988717 0.899531 0.9892407 0.9001431 0.9666029 0.9067162 0.966688 0.9067199 0.9776611 0.8999602 0.9778699 0.9067162 0.966688 0.9115374 0.9666833 0.9114091 0.9776316 0.9067199 0.9776611 0.8738452 0.9784037 0.886654 0.9783222 0.8867022 0.9895309 0.8739166 0.9897735 0.87388 0.9669901 0.8872817 0.9664437 0.886654 0.9783222 0.8738452 0.9784037 0.8872817 0.9664437 0.9001431 0.9666029 0.8999602 0.9778699 0.886654 0.9783222 0.8741954 0.9941436 0.8868342 0.9939389 0.8869673 0.9970443 0.8745196 0.9975415 0.8739166 0.9897735 0.8867022 0.9895309 0.8868342 0.9939389 0.8741954 0.9941436 0.8867022 0.9895309 0.899531 0.9892407 0.8994926 0.9935747 0.8868342 0.9939389 0.7678483 0.7814585 0.7593895 0.7815639 0.7601393 0.7687423 0.7695847 0.7680109 0.7661046 0.7945459 0.7588614 0.7944501 0.7593895 0.7815639 0.7678483 0.7814585 0.7588614 0.7944501 0.7522422 0.7941677 0.7520862 0.7817821 0.7593895 0.7815639 0.7891026 0.7828807 0.7774994 0.783138 0.7791495 0.7693663 0.7891672 0.7701314 0.7881993 0.7955912 0.7774424 0.79484 0.7774994 0.783138 0.7891026 0.7828807 0.7774424 0.79484 0.7661046 0.7945459 0.7678483 0.7814585 0.7774994 0.783138 0.7881435 0.7634477 0.7789827 0.7626652 0.7789205 0.7570874 0.7856848 0.7573131 0.7891672 0.7701314 0.7791495 0.7693663 0.7789827 0.7626652 0.7881435 0.7634477 0.7791495 0.7693663 0.7695847 0.7680109 0.7707857 0.7611712 0.7789827 0.7626652 0.9361826 0.8768418 0.9286761 0.8763243 0.9290583 0.8662554 0.9390607 0.8664415 0.9373813 0.887954 0.9283081 0.8874848 0.9286761 0.8763243 0.9361826 0.8768418 0.9283081 0.8874848 0.9205199 0.8864359 0.9205767 0.8757937 0.9286761 0.8763243 0.958281 0.8757808 0.94864 0.8758192 0.9481701 0.8647556 0.9576724 0.8635692 0.9586624 0.8884283 0.9480821 0.8881121 0.94864 0.8758192 0.958281 0.8757808 0.9480821 0.8881121 0.9373813 0.887954 0.9361826 0.8768418 0.94864 0.8758192 0.9569464 0.856563 0.9482643 0.8575596 0.9483032 0.8510705 0.9560758 0.850858 0.9576724 0.8635692 0.9481701 0.8647556 0.9482643 0.8575596 0.9569464 0.856563 0.9481701 0.8647556 0.9390607 0.8664415 0.9396343 0.8582118 0.9482643 0.8575596 0.8597257 0.8232321 0.8600777 0.8337534 0.8491738 0.833755 0.8490952 0.8234969 0.8705486 0.8230125 0.870738 0.8337313 0.8600777 0.8337534 0.8597257 0.8232321 0.870738 0.8337313 0.8708646 0.8427129 0.8603673 0.8427696 0.8600777 0.8337534 0.8591818 0.7976878 0.8594351 0.8104723 0.8484907 0.8108157 0.8481562 0.7980052 0.8701074 0.797448 0.8703169 0.8102329 0.8594351 0.8104723 0.8591818 0.7976878 0.8703169 0.8102329 0.8705486 0.8230125 0.8597257 0.8232321 0.8594351 0.8104723 0.8432636 0.7980456 0.84206 0.8113051 0.8389357 0.8129813 0.8389471 0.7983699 0.8481562 0.7980052 0.8484907 0.8108157 0.84206 0.8113051 0.8432636 0.7980456 0.8484907 0.8108157 0.8490952 0.8234969 0.8414961 0.8258488 0.84206 0.8113051 0.9697517 0.8006722 0.9772622 0.7999691 0.9795833 0.8115026 0.9707707 0.8099818 0.9687121 0.790157 0.9793763 0.7894549 0.9772622 0.7999691 0.9697517 0.8006722 0.9793763 0.7894549 0.9880158 0.7890164 0.9879232 0.799268 0.9772622 0.7999691 0.9478493 0.7983605 0.9594393 0.7997418 0.9596406 0.8094184 0.9479331 0.8090041 0.9510671 0.7894698 0.9577149 0.7880485 0.9594393 0.7997418 0.9478493 0.7983605 0.9577149 0.7880485 0.9687121 0.790157 0.9697517 0.8006722 0.9594393 0.7997418 0.9466764 0.815046 0.9590879 0.8151544 0.95842 0.8191251 0.9451603 0.8211277 0.9479331 0.8090041 0.9596406 0.8094184 0.9590879 0.8151544 0.9466764 0.815046 0.9596406 0.8094184 0.9707707 0.8099818 0.9706184 0.8146372 0.9590879 0.8151544 0.8855305 0.865792 0.8856254 0.8567468 0.8978363 0.8566771 0.897683 0.8662267 0.8728007 0.8656045 0.8730582 0.8568512 0.8856254 0.8567468 0.8855305 0.865792 0.8730582 0.8568512 0.8732092 0.8493657 0.8858177 0.848962 0.8856254 0.8567468 0.8859835 0.8877081 0.8863303 0.876667 0.8986149 0.8762691 0.8984378 0.8868892 0.8736831 0.8886814 0.8732253 0.8771829 0.8863303 0.876667 0.8859835 0.8877081 0.8732253 0.8771829 0.8728007 0.8656045 0.8855305 0.865792 0.8863303 0.876667 0.907451 0.8866542 0.9079491 0.876668 0.916597 0.8768838 0.9155659 0.8879806 0.8984378 0.8868892 0.8986149 0.8762691 0.9079491 0.876668 0.907451 0.8866542 0.8986149 0.8762691 0.897683 0.8662267 0.9080286 0.8660389 0.9079491 0.876668 0.8849679 0.9090003 0.8859682 0.8983394 0.8972995 0.8981345 0.8983129 0.908793 0.8725833 0.9093762 0.8739227 0.8987606 0.8859682 0.8983394 0.8849679 0.9090003 0.8739227 0.8987606 0.8736831 0.8886814 0.8859835 0.8877081 0.8859682 0.8983394 0.8865406 0.9272783 0.8859077 0.9183854 0.8990169 0.9177585 0.8984786 0.9253343 0.8741936 0.9269033 0.873562 0.9187954 0.8859077 0.9183854 0.8865406 0.9272783 0.873562 0.9187954 0.8725833 0.9093762 0.8849679 0.9090003 0.8859077 0.9183854 0.9086638 0.924947 0.9090347 0.9166576 0.9160956 0.9157763 0.916597 0.9227083 0.8984786 0.9253343 0.8990169 0.9177585 0.9090347 0.9166576 0.9086638 0.924947 0.8990169 0.9177585 0.8983129 0.908793 0.9085492 0.9079521 0.9090347 0.9166576 0.8410868 0.9106022 0.8403188 0.8986151 0.8476391 0.8982004 0.8499099 0.910259 0.8345366 0.9115716 0.836667 0.8989753 0.8403188 0.8986151 0.8410868 0.9106022 0.836667 0.8989753 0.8348708 0.8848997 0.8392391 0.8858206 0.8403188 0.8986151 0.8391439 0.9261103 0.839716 0.9182404 0.8482015 0.9185955 0.8473452 0.9261551 0.8324 0.9241545 0.8329179 0.9186117 0.839716 0.9182404 0.8391439 0.9261103 0.8329179 0.9186117 0.8345366 0.9115716 0.8410868 0.9106022 0.839716 0.9182404 0.8607709 0.9270907 0.8604171 0.9187208 0.873562 0.9187954 0.8741936 0.9269033 0.8473452 0.9261551 0.8482015 0.9185955 0.8604171 0.9187208 0.8607709 0.9270907 0.8482015 0.9185955 0.8499099 0.910259 0.8607665 0.9095671 0.8604171 0.9187208 0.8411008 0.8662701 0.8406512 0.8574799 0.8484321 0.8563017 0.84792 0.8645414 0.8349954 0.8690651 0.8351317 0.8585256 0.8406512 0.8574799 0.8411008 0.8662701 0.8351317 0.8585256 0.834792 0.8500717 0.8407362 0.8493433 0.8406512 0.8574799 0.8392391 0.8858206 0.8403399 0.8762413 0.8470256 0.875187 0.8482835 0.8871017 0.8348708 0.8848997 0.8345401 0.8770696 0.8403399 0.8762413 0.8392391 0.8858206 0.8345401 0.8770696 0.8349954 0.8690651 0.8411008 0.8662701 0.8403399 0.8762413 0.8606764 0.8878532 0.8600319 0.8765416 0.8732253 0.8771829 0.8736831 0.8886814 0.8482835 0.8871017 0.8470256 0.875187 0.8600319 0.8765416 0.8606764 0.8878532 0.8470256 0.875187 0.84792 0.8645414 0.8605205 0.8643558 0.8600319 0.8765416 0.9279494 0.8008918 0.9383671 0.8000027 0.9367034 0.809324 0.9274605 0.8112718 0.9281774 0.7905828 0.9389075 0.7893834 0.9383671 0.8000027 0.9279494 0.8008918 0.9389075 0.7893834 0.9510671 0.7894698 0.9478493 0.7983605 0.9383671 0.8000027 0.9103403 0.7994931 0.9182425 0.8004931 0.9180277 0.8108813 0.9099788 0.8102926 0.9104458 0.7888819 0.9177519 0.7879635 0.9182425 0.8004931 0.9103403 0.7994931 0.9177519 0.7879635 0.9281774 0.7905828 0.9279494 0.8008918 0.9182425 0.8004931 0.9110587 0.8183953 0.916973 0.8183801 0.9158766 0.8260282 0.9123131 0.8251446 0.9099788 0.8102926 0.9180277 0.8108813 0.916973 0.8183801 0.9110587 0.8183953 0.9180277 0.8108813 0.9274605 0.8112718 0.9239842 0.8183459 0.916973 0.8183801 0.9273021 0.7592867 0.9379051 0.7598096 0.9379143 0.7683674 0.9277639 0.7688344 0.9279303 0.7524833 0.9378605 0.7516761 0.9379051 0.7598096 0.9273021 0.7592867 0.9378605 0.7516761 0.9479627 0.7527638 0.9485973 0.7600089 0.9379051 0.7598096 0.9109225 0.7598435 0.9193531 0.7606759 0.918982 0.7690817 0.9107906 0.7695942 0.9131278 0.7529097 0.9200701 0.7533228 0.9193531 0.7606759 0.9109225 0.7598435 0.9200701 0.7533228 0.9279303 0.7524833 0.9273021 0.7592867 0.9193531 0.7606759 0.9115235 0.779948 0.9186528 0.7786853 0.9177519 0.7879635 0.9104458 0.7888819 0.9107906 0.7695942 0.918982 0.7690817 0.9186528 0.7786853 0.9115235 0.779948 0.918982 0.7690817 0.9277639 0.7688344 0.9274041 0.778106 0.9186528 0.7786853 0.9696344 0.7597672 0.9796181 0.7600277 0.9777747 0.7663179 0.9694517 0.7672185 0.9697753 0.75282 0.9796615 0.7526578 0.9796181 0.7600277 0.9696344 0.7597672 0.9796615 0.7526578 0.9877273 0.7536633 0.9880571 0.7604928 0.9796181 0.7600277 0.9485973 0.7600089 0.9587849 0.7583385 0.9592168 0.7686517 0.9481926 0.7691145 0.9479627 0.7527638 0.9591799 0.7528814 0.9587849 0.7583385 0.9485973 0.7600089 0.9591799 0.7528814 0.9697753 0.75282 0.9696344 0.7597672 0.9587849 0.7583385 0.9494829 0.7792347 0.9592373 0.7787173 0.9577149 0.7880485 0.9510671 0.7894698 0.9481926 0.7691145 0.9592168 0.7686517 0.9592373 0.7787173 0.9494829 0.7792347 0.9592168 0.7686517 0.9694517 0.7672185 0.9677954 0.7771299 0.9592373 0.7787173 0.8588703 0.7720785 0.859041 0.7849285 0.8481357 0.7851458 0.8479705 0.7722082 0.8697358 0.7719454 0.8698982 0.784666 0.859041 0.7849285 0.8588703 0.7720785 0.8698982 0.784666 0.8701074 0.797448 0.8591818 0.7976878 0.859041 0.7849285 0.8586542 0.7520468 0.8586617 0.761265 0.8478191 0.761417 0.8482121 0.752484 0.8687241 0.7521494 0.8693159 0.7610884 0.8586617 0.761265 0.8586542 0.7520468 0.8693159 0.7610884 0.8697358 0.7719454 0.8588703 0.7720785 0.8586617 0.761265 0.8439092 0.7538421 0.8421558 0.7617123 0.8382359 0.7625833 0.8404564 0.7563589 0.8482121 0.752484 0.8478191 0.761417 0.8421558 0.7617123 0.8439092 0.7538421 0.8478191 0.761417 0.8479705 0.7722082 0.8405771 0.7708954 0.8421558 0.7617123 0.8999271 0.7708973 0.8997715 0.7841224 0.8915615 0.7843024 0.8912926 0.7715306 0.9065938 0.7704731 0.9058281 0.7838967 0.8997715 0.7841224 0.8999271 0.7708973 0.9058281 0.7838967 0.9060822 0.7973044 0.899796 0.7971539 0.8997715 0.7841224 0.8980931 0.7522202 0.8990163 0.7615946 0.8904344 0.7611062 0.8891847 0.7522785 0.9055926 0.7553969 0.9052452 0.7623914 0.8990163 0.7615946 0.8980931 0.7522202 0.9052452 0.7623914 0.9065938 0.7704731 0.8999271 0.7708973 0.8990163 0.7615946 0.8789935 0.7527607 0.8797538 0.7610333 0.8693159 0.7610884 0.8687241 0.7521494 0.8891847 0.7522785 0.8904344 0.7611062 0.8797538 0.7610333 0.8789935 0.7527607 0.8904344 0.7611062 0.8912926 0.7715306 0.8805595 0.7717463 0.8797538 0.7610333 0.9001237 0.8224731 0.8994529 0.8323485 0.8916424 0.8331475 0.8922674 0.822597 0.9065938 0.8216626 0.9064691 0.8317807 0.8994529 0.8323485 0.9001237 0.8224731 0.9064691 0.8317807 0.906275 0.8399209 0.8991592 0.8389008 0.8994529 0.8323485 0.899796 0.7971539 0.8999764 0.8099234 0.8921034 0.8098593 0.8920093 0.7970367 0.9060822 0.7973044 0.9055107 0.8096392 0.8999764 0.8099234 0.899796 0.7971539 0.9055107 0.8096392 0.9065938 0.8216626 0.9001237 0.8224731 0.8999764 0.8099234 0.8809782 0.7972636 0.8813049 0.8100542 0.8703169 0.8102329 0.8701074 0.797448 0.8920093 0.7970367 0.8921034 0.8098593 0.8813049 0.8100542 0.8809782 0.7972636 0.8921034 0.8098593 0.8922674 0.822597 0.8815159 0.8228116 0.8813049 0.8100542 0.9820536 0.8741416 0.9705939 0.8772832 0.9706434 0.8635779 0.9826159 0.8643169 0.9817471 0.8839763 0.9704635 0.8850986 0.9705939 0.8772832 0.9820536 0.8741416 0.9704635 0.8850986 0.9586624 0.8884283 0.958281 0.8757808 0.9705939 0.8772832 0.9974484 0.8771583 0.9901956 0.8756833 0.9896012 0.8657084 0.9964993 0.8670091 0.9976423 0.8874497 0.9907223 0.8858396 0.9901956 0.8756833 0.9974484 0.8771583 0.9907223 0.8858396 0.9817471 0.8839763 0.9820536 0.8741416 0.9901956 0.8756833 0.9980378 0.8581995 0.9900939 0.8569363 0.9898189 0.8494863 0.9953114 0.8504753 0.9964993 0.8670091 0.9896012 0.8657084 0.9900939 0.8569363 0.9980378 0.8581995 0.9896012 0.8657084 0.9826159 0.8643169 0.9829359 0.8566371 0.9900939 0.8569363 0.980541 0.9147861 0.9681002 0.9136723 0.9692426 0.9072971 0.9801967 0.9098726 0.9808711 0.9199703 0.9673236 0.918953 0.9681002 0.9136723 0.980541 0.9147861 0.9673236 0.918953 0.954086 0.9176474 0.9551537 0.9127476 0.9681002 0.9136723 0.9980378 0.9124398 0.9915053 0.913644 0.9916877 0.9083283 0.9976722 0.9079671 0.9977471 0.9166765 0.9902128 0.9190668 0.9915053 0.913644 0.9980378 0.9124398 0.9902128 0.9190668 0.9808711 0.9199703 0.980541 0.9147861 0.9915053 0.913644 0.9971091 0.897532 0.9902665 0.89736 0.9907223 0.8858396 0.9976423 0.8874497 0.9976722 0.9079671 0.9916877 0.9083283 0.9902665 0.89736 0.9971091 0.897532 0.9916877 0.9083283 0.9801967 0.9098726 0.9810585 0.8965014 0.9902665 0.89736 0.9396442 0.9125715 0.9287363 0.9113971 0.9299047 0.9082722 0.9393281 0.9065549 0.9402671 0.9171304 0.9295274 0.9161238 0.9287363 0.9113971 0.9396442 0.9125715 0.9295274 0.9161238 0.9204148 0.9152926 0.9202913 0.9123414 0.9287363 0.9113971 0.9551537 0.9127476 0.9474566 0.9125964 0.9477216 0.9071955 0.9561412 0.9066902 0.954086 0.9176474 0.9472354 0.9176816 0.9474566 0.9125964 0.9551537 0.9127476 0.9472354 0.9176816 0.9402671 0.9171304 0.9396442 0.9125715 0.9474566 0.9125964 0.9576321 0.8983721 0.9478315 0.8976782 0.9480821 0.8881121 0.9586624 0.8884283 0.9561412 0.9066902 0.9477216 0.9071955 0.9478315 0.8976782 0.9576321 0.8983721 0.9477216 0.9071955 0.9393281 0.9065549 0.9381298 0.8968223 0.9478315 0.8976782 0.8137827 0.7784897 0.8012862 0.7805336 0.801473 0.7667596 0.8134089 0.7643646 0.814376 0.7927718 0.7998414 0.7962653 0.8012862 0.7805336 0.8137827 0.7784897 0.7998414 0.7962653 0.7881993 0.7955912 0.7891026 0.7828807 0.8012862 0.7805336 0.8274433 0.7815296 0.8210806 0.7800927 0.8208932 0.7652788 0.8272255 0.767081 0.8275936 0.7958226 0.8213465 0.7943887 0.8210806 0.7800927 0.8274433 0.7815296 0.8213465 0.7943887 0.814376 0.7927718 0.8137827 0.7784897 0.8210806 0.7800927 0.8286112 0.758608 0.8214123 0.7599257 0.8213217 0.7547462 0.8288006 0.7519559 0.8272255 0.767081 0.8208932 0.7652788 0.8214123 0.7599257 0.8286112 0.758608 0.8208932 0.7652788 0.8134089 0.7643646 0.8127434 0.760546 0.8214123 0.7599257 0.8161792 0.8334308 0.8029111 0.8314156 0.8017031 0.8207401 0.8131773 0.8196912 0.8174677 0.8444709 0.8049318 0.8383751 0.8029111 0.8314156 0.8161792 0.8334308 0.8049318 0.8383751 0.793613 0.8374586 0.7935343 0.8302198 0.8029111 0.8314156 0.8288006 0.8349921 0.821712 0.8335446 0.8232705 0.8242029 0.8279903 0.8261774 0.8250336 0.8429041 0.8216794 0.8443272 0.821712 0.8335446 0.8288006 0.8349921 0.8216794 0.8443272 0.8174677 0.8444709 0.8161792 0.8334308 0.821712 0.8335446 0.82747 0.8103857 0.8203502 0.8104167 0.8213465 0.7943887 0.8275936 0.7958226 0.8279903 0.8261774 0.8232705 0.8242029 0.8203502 0.8104167 0.82747 0.8103857 0.8232705 0.8242029 0.8131773 0.8196912 0.8131698 0.8073134 0.8203502 0.8104167 0.7674007 0.8288101 0.7586464 0.8287281 0.7588619 0.8192687 0.7674709 0.8183541 0.7674789 0.8372113 0.7584193 0.8366941 0.7586464 0.8287281 0.7674007 0.8288101 0.7584193 0.8366941 0.7522264 0.8351637 0.7521277 0.8284849 0.7586464 0.8287281 0.7935343 0.8302198 0.7801061 0.8297325 0.7794153 0.8197379 0.7925008 0.8214102 0.793613 0.8374586 0.7803506 0.8380895 0.7801061 0.8297325 0.7935343 0.8302198 0.7803506 0.8380895 0.7674789 0.8372113 0.7674007 0.8288101 0.7801061 0.8297325 0.788348 0.808565 0.7789602 0.806911 0.7774424 0.79484 0.7881993 0.7955912 0.7925008 0.8214102 0.7794153 0.8197379 0.7789602 0.806911 0.788348 0.808565 0.7794153 0.8197379 0.7674709 0.8183541 0.7667951 0.8065369 0.7789602 0.806911 0.848061 0.9783281 0.861175 0.9782966 0.8611789 0.9898815 0.8483847 0.9896363 0.8481803 0.9671928 0.8610204 0.9670966 0.861175 0.9782966 0.848061 0.9783281 0.8610204 0.9670966 0.87388 0.9669901 0.8738452 0.9784037 0.861175 0.9782966 0.8327781 0.9777312 0.8392195 0.978173 0.8394097 0.9892957 0.8323913 0.9885537 0.8330988 0.9674816 0.8394807 0.9673164 0.8392195 0.978173 0.8327781 0.9777312 0.8394807 0.9673164 0.8481803 0.9671928 0.848061 0.9783281 0.8392195 0.978173 0.8324721 0.993853 0.8397797 0.9942835 0.8400036 0.9984595 0.8332758 0.9985382 0.8323913 0.9885537 0.8394097 0.9892957 0.8397797 0.9942835 0.8324721 0.993853 0.8394097 0.9892957 0.8483847 0.9896363 0.8484168 0.9944233 0.8397797 0.9942835 0.8481025 0.9370868 0.8608164 0.936989 0.8608918 0.944868 0.8481584 0.94501 0.848142 0.9308992 0.8607591 0.9308287 0.8608164 0.936989 0.8481025 0.9370868 0.8607591 0.9308287 0.8733927 0.9306956 0.8735068 0.9368994 0.8608164 0.936989 0.833227 0.9389734 0.8396311 0.9379206 0.8395051 0.9457334 0.8332095 0.946442 0.8331376 0.9321393 0.8396127 0.9311658 0.8396311 0.9379206 0.833227 0.9389734 0.8396127 0.9311658 0.848142 0.9308992 0.8481025 0.9370868 0.8396311 0.9379206 0.8329131 0.9568104 0.8394461 0.9565304 0.8394807 0.9673164 0.8330988 0.9674816 0.8332095 0.946442 0.8395051 0.9457334 0.8394461 0.9565304 0.8329131 0.9568104 0.8395051 0.9457334 0.8481584 0.94501 0.8480392 0.9561328 0.8394461 0.9565304 0.8989871 0.9374703 0.906228 0.9377917 0.9063622 0.9449669 0.8996713 0.9445934 0.8985285 0.93159 0.9058214 0.932641 0.906228 0.9377917 0.8989871 0.9374703 0.9058214 0.932641 0.9117963 0.9329027 0.9117787 0.9381034 0.906228 0.9377917 0.8735068 0.9368994 0.8862999 0.9370704 0.8865541 0.9446941 0.8736475 0.9447843 0.8733927 0.9306956 0.8859845 0.9311934 0.8862999 0.9370704 0.8735068 0.9368994 0.8859845 0.9311934 0.8985285 0.93159 0.8989871 0.9374703 0.8862999 0.9370704 0.8737713 0.9559189 0.8868485 0.9557543 0.8872817 0.9664437 0.87388 0.9669901 0.8736475 0.9447843 0.8865541 0.9446941 0.8868485 0.9557543 0.8737713 0.9559189 0.8865541 0.9446941 0.8996713 0.9445934 0.899756 0.9558006 0.8868485 0.9557543 0.899756 0.9558006 0.9067088 0.9556742 0.9067162 0.966688 0.9001431 0.9666029 0.8996713 0.9445934 0.9063622 0.9449669 0.9067088 0.9556742 0.899756 0.9558006 0.9063622 0.9449669 0.9116446 0.9450919 0.9113507 0.9560111 0.9067088 0.9556742 0.8480392 0.9561328 0.8609231 0.9559801 0.8610204 0.9670966 0.8481803 0.9671928 0.8481584 0.94501 0.8608918 0.944868 0.8609231 0.9559801 0.8480392 0.9561328 0.8608918 0.944868 0.8736475 0.9447843 0.8737713 0.9559189 0.8609231 0.9559801 0.8484168 0.9944233 0.8613395 0.9942845 0.8613294 0.9977662 0.8483965 0.9979057 0.8483847 0.9896363 0.8611789 0.9898815 0.8613395 0.9942845 0.8484168 0.9944233 0.8611789 0.9898815 0.8739166 0.9897735 0.8741954 0.9941436 0.8613395 0.9942845 0.7667951 0.8065369 0.7589434 0.8068332 0.7588614 0.7944501 0.7661046 0.7945459 0.7674709 0.8183541 0.7588619 0.8192687 0.7589434 0.8068332 0.7667951 0.8065369 0.7588619 0.8192687 0.7518419 0.8201112 0.7521964 0.8072742 0.7589434 0.8068332 0.8131698 0.8073134 0.8026553 0.8066765 0.7998414 0.7962653 0.814376 0.7927718 0.8131773 0.8196912 0.8017031 0.8207401 0.8026553 0.8066765 0.8131698 0.8073134 0.8017031 0.8207401 0.7925008 0.8214102 0.788348 0.808565 0.8026553 0.8066765 0.8127434 0.760546 0.8004954 0.7615979 0.7989316 0.7574068 0.8122053 0.7572221 0.8134089 0.7643646 0.801473 0.7667596 0.8004954 0.7615979 0.8127434 0.760546 0.801473 0.7667596 0.7891672 0.7701314 0.7881435 0.7634477 0.8004954 0.7615979 0.9381298 0.8968223 0.9288275 0.8968255 0.9283081 0.8874848 0.9373813 0.887954 0.9393281 0.9065549 0.9299047 0.9082722 0.9288275 0.8968255 0.9381298 0.8968223 0.9299047 0.9082722 0.9204168 0.9080433 0.9203644 0.8973463 0.9288275 0.8968255 0.9810585 0.8965014 0.9697101 0.897046 0.9704635 0.8850986 0.9817471 0.8839763 0.9801967 0.9098726 0.9692426 0.9072971 0.9697101 0.897046 0.9810585 0.8965014 0.9692426 0.9072971 0.9561412 0.9066902 0.9576321 0.8983721 0.9697101 0.897046 0.9829359 0.8566371 0.9691039 0.8559949 0.9699691 0.8482463 0.9827212 0.8481305 0.9826159 0.8643169 0.9706434 0.8635779 0.9691039 0.8559949 0.9829359 0.8566371 0.9706434 0.8635779 0.9576724 0.8635692 0.9569464 0.856563 0.9691039 0.8559949 0.8815159 0.8228116 0.8811588 0.8334136 0.870738 0.8337313 0.8705486 0.8230125 0.8922674 0.822597 0.8916424 0.8331475 0.8811588 0.8334136 0.8815159 0.8228116 0.8916424 0.8331475 0.8899965 0.8419368 0.8797321 0.8423188 0.8811588 0.8334136 0.8805595 0.7717463 0.8807278 0.7844869 0.8698982 0.784666 0.8697358 0.7719454 0.8912926 0.7715306 0.8915615 0.7843024 0.8807278 0.7844869 0.8805595 0.7717463 0.8915615 0.7843024 0.8920093 0.7970367 0.8809782 0.7972636 0.8807278 0.7844869 0.8405771 0.7708954 0.8423492 0.7839645 0.8385834 0.7840606 0.8344247 0.7702051 0.8479705 0.7722082 0.8481357 0.7851458 0.8423492 0.7839645 0.8405771 0.7708954 0.8481357 0.7851458 0.8481562 0.7980052 0.8432636 0.7980456 0.8423492 0.7839645 0.9677954 0.7771299 0.9795753 0.7781535 0.9793763 0.7894549 0.9687121 0.790157 0.9694517 0.7672185 0.9777747 0.7663179 0.9795753 0.7781535 0.9677954 0.7771299 0.9777747 0.7663179 0.987979 0.7679685 0.9877939 0.7783407 0.9795753 0.7781535 0.9274041 0.778106 0.9387417 0.7790512 0.9389075 0.7893834 0.9281774 0.7905828 0.9277639 0.7688344 0.9379143 0.7683674 0.9387417 0.7790512 0.9274041 0.778106 0.9379143 0.7683674 0.9481926 0.7691145 0.9494829 0.7792347 0.9387417 0.7790512 0.9239842 0.8183459 0.9357274 0.8169058 0.9337684 0.8225846 0.9199286 0.8247336 0.9274605 0.8112718 0.9367034 0.809324 0.9357274 0.8169058 0.9239842 0.8183459 0.9367034 0.809324 0.9479331 0.8090041 0.9466764 0.815046 0.9357274 0.8169058 0.8605205 0.8643558 0.8605642 0.8565237 0.8730582 0.8568512 0.8728007 0.8656045 0.84792 0.8645414 0.8484321 0.8563017 0.8605642 0.8565237 0.8605205 0.8643558 0.8484321 0.8563017 0.8480797 0.8496881 0.8606237 0.8492978 0.8605642 0.8565237 0.8607665 0.9095671 0.8607112 0.8987164 0.8739227 0.8987606 0.8725833 0.9093762 0.8499099 0.910259 0.8476391 0.8982004 0.8607112 0.8987164 0.8607665 0.9095671 0.8476391 0.8982004 0.8482835 0.8871017 0.8606764 0.8878532 0.8607112 0.8987164 0.9085492 0.9079521 0.907418 0.8979556 0.9149667 0.8980469 0.9156419 0.9079409 0.8983129 0.908793 0.8972995 0.8981345 0.907418 0.8979556 0.9085492 0.9079521 0.8972995 0.8981345 0.8984378 0.8868892 0.907451 0.8866542 0.907418 0.8979556 0.9080286 0.8660389 0.9076085 0.8566598 0.9139315 0.8566259 0.915229 0.8664104 0.897683 0.8662267 0.8978363 0.8566771 0.9076085 0.8566598 0.9080286 0.8660389 0.8978363 0.8566771 0.898395 0.8486062 0.9068919 0.8481957 0.9076085 0.8566598 0.9706184 0.8146372 0.9797484 0.8154345 0.9805235 0.8188495 0.97139 0.8188728 0.9707707 0.8099818 0.9795833 0.8115026 0.9797484 0.8154345 0.9706184 0.8146372 0.9795833 0.8115026 0.9878757 0.8100993 0.9880571 0.815394 0.9797484 0.8154345 0.8414961 0.8258488 0.8409636 0.8348142 0.8325204 0.835841 0.8322597 0.8270094 0.8490952 0.8234969 0.8491738 0.833755 0.8409636 0.8348142 0.8414961 0.8258488 0.8491738 0.833755 0.8496397 0.8425208 0.84154 0.8433679 0.8409636 0.8348142 0.9396343 0.8582118 0.9295644 0.8582003 0.9298554 0.8522049 0.9403291 0.8516034 0.9390607 0.8664415 0.9290583 0.8662554 0.9295644 0.8582003 0.9396343 0.8582118 0.9290583 0.8662554 0.9210401 0.8649222 0.9211899 0.8579733 0.9295644 0.8582003 0.7707857 0.7611712 0.7606016 0.7626845 0.7613341 0.7576529 0.7720239 0.757516 0.7695847 0.7680109 0.7601393 0.7687423 0.7606016 0.7626845 0.7707857 0.7611712 0.7601393 0.7687423 0.7517479 0.7693824 0.7518259 0.7623808 0.7606016 0.7626845 0.8994926 0.9935747 0.9065487 0.9931523 0.9065141 0.996458 0.8994694 0.9964681 0.899531 0.9892407 0.906552 0.988717 0.9065487 0.9931523 0.8994926 0.9935747 0.906552 0.988717 0.9116309 0.9883642 0.9116088 0.9926898 0.9065487 0.9931523</float_array>
          <technique_common>
            <accessor source="#caja-cubierta-lona-mesh-map-0-array" count="1536" stride="2">
              <param name="S" type="float"/>
              <param name="T" type="float"/>
            </accessor>
          </technique_common>
        </source>
        <vertices id="caja-cubierta-lona-mesh-vertices">
          <input semantic="POSITION" source="#caja-cubierta-lona-mesh-positions"/>
        </vertices>
        <polylist material="hiper-atlas-material" count="384">
          <input semantic="VERTEX" source="#caja-cubierta-lona-mesh-vertices" offset="0"/>
          <input semantic="NORMAL" source="#caja-cubierta-lona-mesh-normals" offset="1"/>
          <input semantic="TEXCOORD" source="#caja-cubierta-lona-mesh-map-0" offset="2" set="0"/>
          <vcount>4 4 4 4 4 4 4 4 4 4 4 4 4 4 4 4 4 4 4 4 4 4 4 4 4 4 4 4 4 4 4 4 4 4 4 4 4 4 4 4 4 4 4 4 4 4 4 4 4 4 4 4 4 4 4 4 4 4 4 4 4 4 4 4 4 4 4 4 4 4 4 4 4 4 4 4 4 4 4 4 4 4 4 4 4 4 4 4 4 4 4 4 4 4 4 4 4 4 4 4 4 4 4 4 4 4 4 4 4 4 4 4 4 4 4 4 4 4 4 4 4 4 4 4 4 4 4 4 4 4 4 4 4 4 4 4 4 4 4 4 4 4 4 4 4 4 4 4 4 4 4 4 4 4 4 4 4 4 4 4 4 4 4 4 4 4 4 4 4 4 4 4 4 4 4 4 4 4 4 4 4 4 4 4 4 4 4 4 4 4 4 4 4 4 4 4 4 4 4 4 4 4 4 4 4 4 4 4 4 4 4 4 4 4 4 4 4 4 4 4 4 4 4 4 4 4 4 4 4 4 4 4 4 4 4 4 4 4 4 4 4 4 4 4 4 4 4 4 4 4 4 4 4 4 4 4 4 4 4 4 4 4 4 4 4 4 4 4 4 4 4 4 4 4 4 4 4 4 4 4 4 4 4 4 4 4 4 4 4 4 4 4 4 4 4 4 4 4 4 4 4 4 4 4 4 4 4 4 4 4 4 4 4 4 4 4 4 4 4 4 4 4 4 4 4 4 4 4 4 4 4 4 4 4 4 4 4 4 4 4 4 4 4 4 4 4 4 4 4 4 4 4 4 4 4 4 4 4 4 4 4 4 4 4 4 4 4 4 4 4 4 4 4 4 4 4 4 4 4 4 4 4 4 4 </vcount>
          <p>385 0 0 167 1 1 6 2 2 104 3 3 384 4 4 104 3 5 6 2 6 101 5 7 383 6 8 107 7 9 4 8 10 163 9 11 382 10 12 169 11 13 3 12 14 106 13 15 381 14 16 105 15 17 2 16 18 162 17 19 380 18 20 108 19 21 0 20 22 160 21 23 379 22 24 122 23 25 10 24 26 148 25 27 378 26 28 123 27 29 20 28 30 172 29 31 377 30 32 120 31 33 18 32 34 173 33 35 376 34 36 126 35 37 12 36 38 150 37 39 375 38 40 127 39 41 21 40 42 176 41 43 374 42 44 117 43 45 15 44 46 177 45 47 373 46 48 130 47 49 16 48 50 118 49 51 372 50 52 131 51 53 22 52 54 180 53 55 371 54 56 157 55 57 19 56 58 181 57 59 370 58 60 134 59 61 13 60 62 151 61 63 369 62 64 135 63 65 23 64 66 184 65 67 368 66 68 119 67 69 17 68 70 185 69 71 367 70 72 138 71 73 11 72 74 113 73 75 366 74 76 139 75 77 24 76 78 188 77 79 365 78 80 116 79 81 14 80 82 189 81 83 364 82 84 142 83 85 14 80 86 116 79 87 363 84 88 143 85 89 25 86 90 192 87 91 362 88 92 155 89 93 17 68 94 193 90 95 361 91 96 194 92 97 73 93 98 145 94 99 360 95 100 195 96 101 74 97 102 196 98 103 359 99 104 107 7 105 35 100 106 197 101 107 358 102 108 198 103 109 72 104 110 144 105 111 357 106 112 199 107 113 75 108 114 200 109 115 356 110 116 191 111 117 71 112 118 201 113 119 355 114 120 202 115 121 44 116 122 164 117 123 354 118 124 203 119 125 76 120 126 204 121 127 353 122 128 190 123 129 70 124 130 205 125 131 352 126 132 206 127 133 69 128 134 141 129 135 351 130 136 207 131 137 77 132 138 208 133 139 350 134 140 164 117 141 44 116 142 209 135 143 349 136 144 210 137 145 68 138 146 140 139 147 348 140 148 211 141 149 78 142 150 212 143 151 347 144 152 187 145 153 67 146 154 213 147 155 346 148 156 214 149 157 41 150 158 161 151 159 345 152 160 215 153 161 79 154 162 216 155 163 344 156 164 186 157 165 66 158 166 217 159 167 343 160 168 218 161 169 65 162 170 137 163 171 342 164 172 219 165 173 80 166 174 220 167 175 341 168 176 167 1 177 47 169 178 221 170 179 340 171 180 222 172 181 64 173 182 136 174 183 339 175 184 223 176 185 81 177 186 224 178 187 338 179 188 183 180 189 63 181 190 225 182 191 337 183 192 226 184 193 31 185 194 103 186 195 336 187 196 227 188 197 82 189 198 228 190 199 335 191 200 182 192 201 62 193 202 229 194 203 334 195 204 230 196 205 61 197 206 133 198 207 333 199 208 231 200 209 83 201 210 232 202 211 332 203 212 109 204 213 37 205 214 233 206 215 331 207 216 234 208 217 60 209 218 132 210 219 330 211 220 235 212 221 84 213 222 236 214 223 329 215 224 179 216 225 59 217 226 237 218 227 328 219 228 238 220 229 46 221 230 166 222 231 327 223 232 239 224 233 85 225 234 240 226 235 326 227 236 178 228 237 58 229 238 241 230 239 325 231 240 242 232 241 57 233 242 129 234 243 324 235 244 243 236 245 86 237 246 244 238 247 323 239 248 165 240 249 45 241 250 245 242 251 322 243 252 246 244 253 56 245 254 128 246 255 321 247 256 247 248 257 87 249 258 248 250 259 320 251 260 175 252 261 55 253 262 249 254 263 319 255 264 250 256 265 30 257 266 102 258 267 318 259 268 251 260 269 88 261 270 252 262 271 317 263 272 174 264 273 54 265 274 253 266 275 316 267 276 254 268 277 53 269 278 125 270 279 315 271 280 255 272 281 89 273 282 256 274 283 314 275 284 168 276 285 48 277 286 257 278 287 313 279 288 258 280 289 52 281 290 124 282 291 312 283 292 259 284 293 90 285 294 260 286 295 311 287 296 171 288 297 51 289 298 261 290 299 310 291 300 262 292 301 28 293 302 100 294 303 309 295 304 263 296 305 91 297 306 264 298 307 308 299 308 170 300 309 50 301 310 265 302 311 307 303 312 266 304 313 40 305 314 112 306 315 306 307 316 267 308 317 92 309 318 268 310 319 305 311 320 156 312 321 36 313 322 269 314 323 304 315 324 270 316 325 42 317 326 114 318 327 303 319 328 271 320 329 93 321 330 272 322 331 302 323 332 153 324 333 33 325 334 273 326 335 301 327 336 274 328 337 34 329 338 154 330 339 300 331 340 275 332 341 94 333 342 276 334 343 299 335 344 121 336 345 49 337 346 277 338 347 298 339 348 278 340 349 43 341 350 115 342 351 297 343 352 279 344 353 95 345 354 280 346 355 296 347 356 155 89 357 35 100 358 281 348 359 295 349 360 282 350 361 29 351 362 149 352 363 294 353 364 283 354 365 96 355 366 284 356 367 293 357 368 152 358 369 32 359 370 285 360 371 292 361 372 286 362 373 32 359 374 152 358 375 291 363 376 287 364 377 97 365 378 288 366 379 290 367 380 119 67 381 47 169 382 289 368 383 287 364 384 290 367 385 289 368 386 97 365 387 73 93 388 193 90 389 290 367 390 287 364 391 193 90 392 17 68 393 119 67 394 290 367 395 190 123 396 291 363 397 288 366 398 70 124 399 25 86 400 145 94 401 291 363 402 190 123 403 145 94 404 73 93 405 287 364 406 291 363 407 142 83 408 292 361 409 152 358 410 14 80 411 70 124 412 288 366 413 292 361 414 142 83 415 288 366 416 97 365 417 286 362 418 292 361 419 283 354 420 293 357 421 285 360 422 96 355 423 69 128 424 189 81 425 293 357 426 283 354 427 189 81 428 14 80 429 152 358 430 293 357 431 186 157 432 294 353 433 284 356 434 66 158 435 24 76 436 141 129 437 294 353 438 186 157 439 141 129 440 69 128 441 283 354 442 294 353 443 138 71 444 295 349 445 149 352 446 11 72 447 66 158 448 284 356 449 295 349 450 138 71 451 284 356 452 96 355 453 282 350 454 295 349 455 279 344 456 296 347 457 281 348 458 95 345 459 65 162 460 185 69 461 296 347 462 279 344 463 185 69 464 17 68 465 155 89 466 296 347 467 182 192 468 297 343 469 280 346 470 62 193 471 23 64 472 137 163 473 297 343 474 182 192 475 137 163 476 65 162 477 279 344 478 297 343 479 134 59 480 298 339 481 115 342 482 13 60 483 62 193 484 280 346 485 298 339 486 134 59 487 280 346 488 95 345 489 278 340 490 298 339 491 275 332 492 299 335 493 277 338 494 94 333 495 61 197 496 181 57 497 299 335 498 275 332 499 181 57 500 19 56 501 121 336 502 299 335 503 178 228 504 300 331 505 276 334 506 58 229 507 22 52 508 133 198 509 300 331 510 178 228 511 133 198 512 61 197 513 275 332 514 300 331 515 130 47 516 301 327 517 154 330 518 16 48 519 58 229 520 276 334 521 301 327 522 130 47 523 276 334 524 94 333 525 274 328 526 301 327 527 271 320 528 302 323 529 273 326 530 93 321 531 57 233 532 177 45 533 302 323 534 271 320 535 177 45 536 15 44 537 153 324 538 302 323 539 174 264 540 303 319 541 272 322 542 54 265 543 21 40 544 129 234 545 303 319 546 174 264 547 129 234 548 57 233 549 271 320 550 303 319 551 126 35 552 304 315 553 114 318 554 12 36 555 54 265 556 272 322 557 304 315 558 126 35 559 272 322 560 93 321 561 270 316 562 304 315 563 267 308 564 305 311 565 269 314 566 92 309 567 53 269 568 173 33 569 305 311 570 267 308 571 173 33 572 18 32 573 156 312 574 305 311 575 170 300 576 306 307 577 268 310 578 50 301 579 20 28 580 125 270 581 306 307 582 170 300 583 125 270 584 53 269 585 267 308 586 306 307 587 122 23 588 307 303 589 112 306 590 10 24 591 50 301 592 268 310 593 307 303 594 122 23 595 268 310 596 92 309 597 266 304 598 307 303 599 263 296 600 308 299 601 265 302 602 91 297 603 52 281 604 172 29 605 308 299 606 263 296 607 172 29 608 20 28 609 170 300 610 308 299 611 111 369 612 309 295 613 264 298 614 39 370 615 9 371 616 124 282 617 309 295 618 111 369 619 124 282 620 52 281 621 263 296 622 309 295 623 159 372 624 310 291 625 100 294 626 1 373 627 39 370 628 264 298 629 310 291 630 159 372 631 264 298 632 91 297 633 262 292 634 310 291 635 259 284 636 311 287 637 261 290 638 90 285 639 31 185 640 151 61 641 311 287 642 259 284 643 151 61 644 13 60 645 171 288 646 311 287 647 99 374 648 312 283 649 260 286 650 27 375 651 5 376 652 103 186 653 312 283 654 99 374 655 103 186 656 31 185 657 259 284 658 312 283 659 147 377 660 313 279 661 124 282 662 9 371 663 27 375 664 260 286 665 313 279 666 147 377 667 260 286 668 90 285 669 258 280 670 313 279 671 255 272 672 314 275 673 257 278 674 89 273 675 43 341 676 163 9 677 314 275 678 255 272 679 163 9 680 4 8 681 168 276 682 314 275 683 171 288 684 315 271 685 256 274 686 51 289 687 13 60 688 115 342 689 315 271 690 171 288 691 115 342 692 43 341 693 255 272 694 315 271 695 123 27 696 316 267 697 125 270 698 20 28 699 51 289 700 256 274 701 316 267 702 123 27 703 256 274 704 89 273 705 254 268 706 316 267 707 251 260 708 317 263 709 253 266 710 88 261 711 56 245 712 176 41 713 317 263 714 251 260 715 176 41 716 21 40 717 174 264 718 317 263 719 121 336 720 318 259 721 252 262 722 49 337 723 19 56 724 128 246 725 318 259 726 121 336 727 128 246 728 56 245 729 251 260 730 318 259 731 169 11 732 319 255 733 102 258 734 3 12 735 49 337 736 252 262 737 319 255 738 169 11 739 252 262 740 88 261 741 250 256 742 319 255 743 247 248 744 320 251 745 249 254 746 87 249 747 28 293 748 148 25 749 320 251 750 247 248 751 148 25 752 10 24 753 175 252 754 320 251 755 109 204 756 321 247 757 248 250 758 37 205 759 1 373 760 100 294 761 321 247 762 109 204 763 100 294 764 28 293 765 247 248 766 321 247 767 157 55 768 322 243 769 128 246 770 19 56 771 37 205 772 248 250 773 322 243 774 157 55 775 248 250 776 87 249 777 246 244 778 322 243 779 243 236 780 323 239 781 245 242 782 86 237 783 40 305 784 160 21 785 323 239 786 243 236 787 160 21 788 0 20 789 165 240 790 323 239 791 175 252 792 324 235 793 244 238 794 55 253 795 10 24 796 112 306 797 324 235 798 175 252 799 112 306 800 40 305 801 243 236 802 324 235 803 127 39 804 325 231 805 129 234 806 21 40 807 55 253 808 244 238 809 325 231 810 127 39 811 244 238 812 86 237 813 242 232 814 325 231 815 239 224 816 326 227 817 241 230 818 85 225 819 60 209 820 180 53 821 326 227 822 239 224 823 180 53 824 22 52 825 178 228 826 326 227 827 146 378 828 327 223 829 240 226 830 26 379 831 8 380 832 132 210 833 327 223 834 146 378 835 132 210 836 60 209 837 239 224 838 327 223 839 98 381 840 328 219 841 166 222 842 7 382 843 26 379 844 240 226 845 328 219 846 98 381 847 240 226 848 85 225 849 238 220 850 328 219 851 235 212 852 329 215 853 237 218 854 84 213 855 27 375 856 147 377 857 329 215 858 235 212 859 147 377 860 9 371 861 179 216 862 329 215 863 158 383 864 330 211 865 236 214 866 38 384 867 5 376 868 99 374 869 330 211 870 158 383 871 99 374 872 27 375 873 235 212 874 330 211 875 110 385 876 331 207 877 132 210 878 8 380 879 38 384 880 236 214 881 331 207 882 110 385 883 236 214 884 84 213 885 234 208 886 331 207 887 231 200 888 332 203 889 233 206 890 83 201 891 39 370 892 159 372 893 332 203 894 231 200 895 159 372 896 1 373 897 109 204 898 332 203 899 179 216 900 333 199 901 232 202 902 59 217 903 9 371 904 111 369 905 333 199 906 179 216 907 111 369 908 39 370 909 231 200 910 333 199 911 131 51 912 334 195 913 133 198 914 22 52 915 59 217 916 232 202 917 334 195 918 131 51 919 232 202 920 83 201 921 230 196 922 334 195 923 227 188 924 335 191 925 229 194 926 82 189 927 64 173 928 184 65 929 335 191 930 227 188 931 184 65 932 23 64 933 182 192 934 335 191 935 110 385 936 336 187 937 228 190 938 38 384 939 8 380 940 136 174 941 336 187 942 110 385 943 136 174 944 64 173 945 227 188 946 336 187 947 158 383 948 337 183 949 103 186 950 5 376 951 38 384 952 228 190 953 337 183 954 158 383 955 228 190 956 82 189 957 226 184 958 337 183 959 223 176 960 338 179 961 225 182 962 81 177 963 41 150 964 113 73 965 338 179 966 223 176 967 113 73 968 11 72 969 183 180 970 338 179 971 98 381 972 339 175 973 224 178 974 26 379 975 7 382 976 161 151 977 339 175 978 98 381 979 161 151 980 41 150 981 223 176 982 339 175 983 146 378 984 340 171 985 136 174 986 8 380 987 26 379 988 224 178 989 340 171 990 146 378 991 224 178 992 81 177 993 222 172 994 340 171 995 219 165 996 341 168 997 221 170 998 80 166 999 29 351 1000 101 5 1001 341 168 1002 219 165 1003 101 5 1004 6 2 1005 167 1 1006 341 168 1007 183 180 1008 342 164 1009 220 167 1010 63 181 1011 11 72 1012 149 352 1013 342 164 1014 183 180 1015 149 352 1016 29 351 1017 219 165 1018 342 164 1019 135 63 1020 343 160 1021 137 163 1022 23 64 1023 63 181 1024 220 167 1025 343 160 1026 135 63 1027 220 167 1028 80 166 1029 218 161 1030 343 160 1031 215 153 1032 344 156 1033 217 159 1034 79 154 1035 68 138 1036 188 77 1037 344 156 1038 215 153 1039 188 77 1040 24 76 1041 186 157 1042 344 156 1043 118 49 1044 345 152 1045 216 155 1046 46 221 1047 16 48 1048 140 139 1049 345 152 1050 118 49 1051 140 139 1052 68 138 1053 215 153 1054 345 152 1055 166 222 1056 346 148 1057 161 151 1058 7 382 1059 46 221 1060 216 155 1061 346 148 1062 166 222 1063 216 155 1064 79 154 1065 214 149 1066 346 148 1067 211 141 1068 347 144 1069 213 147 1070 78 142 1071 30 257 1072 150 37 1073 347 144 1074 211 141 1075 150 37 1076 12 36 1077 187 145 1078 347 144 1079 106 13 1080 348 140 1081 212 143 1082 34 329 1083 3 12 1084 102 258 1085 348 140 1086 106 13 1087 102 258 1088 30 257 1089 211 141 1090 348 140 1091 154 330 1092 349 136 1093 140 139 1094 16 48 1095 34 329 1096 212 143 1097 349 136 1098 154 330 1099 212 143 1100 78 142 1101 210 137 1102 349 136 1103 207 131 1104 350 134 1105 209 135 1106 77 132 1107 42 317 1108 162 17 1109 350 134 1110 207 131 1111 162 17 1112 2 16 1113 164 117 1114 350 134 1115 187 145 1116 351 130 1117 208 133 1118 67 146 1119 12 36 1120 114 318 1121 351 130 1122 187 145 1123 114 318 1124 42 317 1125 207 131 1126 351 130 1127 139 75 1128 352 126 1129 141 129 1130 24 76 1131 67 146 1132 208 133 1133 352 126 1134 139 75 1135 208 133 1136 77 132 1137 206 127 1138 352 126 1139 203 119 1140 353 122 1141 205 125 1142 76 120 1143 72 104 1144 192 87 1145 353 122 1146 203 119 1147 192 87 1148 25 86 1149 190 123 1150 353 122 1151 153 324 1152 354 118 1153 204 121 1154 33 325 1155 15 44 1156 144 105 1157 354 118 1158 153 324 1159 144 105 1160 72 104 1161 203 119 1162 354 118 1163 105 15 1164 355 114 1165 164 117 1166 2 16 1167 33 325 1168 204 121 1169 355 114 1170 105 15 1171 204 121 1172 76 120 1173 202 115 1174 355 114 1175 199 107 1176 356 110 1177 201 113 1178 75 108 1179 36 313 1180 156 312 1181 356 110 1182 199 107 1183 156 312 1184 18 32 1185 191 111 1186 356 110 1187 165 240 1188 357 106 1189 200 109 1190 45 241 1191 0 20 1192 108 19 1193 357 106 1194 165 240 1195 108 19 1196 36 313 1197 199 107 1198 357 106 1199 117 43 1200 358 102 1201 144 105 1202 15 44 1203 45 241 1204 200 109 1205 358 102 1206 117 43 1207 200 109 1208 75 108 1209 198 103 1210 358 102 1211 195 96 1212 359 99 1213 197 101 1214 74 97 1215 48 277 1216 168 276 1217 359 99 1218 195 96 1219 168 276 1220 4 8 1221 107 7 1222 359 99 1223 191 111 1224 360 95 1225 196 98 1226 71 112 1227 18 32 1228 120 31 1229 360 95 1230 191 111 1231 120 31 1232 48 277 1233 195 96 1234 360 95 1235 143 85 1236 361 91 1237 145 94 1238 25 86 1239 71 112 1240 196 98 1241 361 91 1242 143 85 1243 196 98 1244 74 97 1245 194 92 1246 361 91 1247 194 92 1248 362 88 1249 193 90 1250 73 93 1251 74 97 1252 197 101 1253 362 88 1254 194 92 1255 197 101 1256 35 100 1257 155 89 1258 362 88 1259 198 103 1260 363 84 1261 192 87 1262 72 104 1263 75 108 1264 201 113 1265 363 84 1266 198 103 1267 201 113 1268 71 112 1269 143 85 1270 363 84 1271 202 115 1272 364 82 1273 116 79 1274 44 116 1275 76 120 1276 205 125 1277 364 82 1278 202 115 1279 205 125 1280 70 124 1281 142 83 1282 364 82 1283 206 127 1284 365 78 1285 189 81 1286 69 128 1287 77 132 1288 209 135 1289 365 78 1290 206 127 1291 209 135 1292 44 116 1293 116 79 1294 365 78 1295 210 137 1296 366 74 1297 188 77 1298 68 138 1299 78 142 1300 213 147 1301 366 74 1302 210 137 1303 213 147 1304 67 146 1305 139 75 1306 366 74 1307 214 149 1308 367 70 1309 113 73 1310 41 150 1311 79 154 1312 217 159 1313 367 70 1314 214 149 1315 217 159 1316 66 158 1317 138 71 1318 367 70 1319 218 161 1320 368 66 1321 185 69 1322 65 162 1323 80 166 1324 221 170 1325 368 66 1326 218 161 1327 221 170 1328 47 169 1329 119 67 1330 368 66 1331 222 172 1332 369 62 1333 184 65 1334 64 173 1335 81 177 1336 225 182 1337 369 62 1338 222 172 1339 225 182 1340 63 181 1341 135 63 1342 369 62 1343 226 184 1344 370 58 1345 151 61 1346 31 185 1347 82 189 1348 229 194 1349 370 58 1350 226 184 1351 229 194 1352 62 193 1353 134 59 1354 370 58 1355 230 196 1356 371 54 1357 181 57 1358 61 197 1359 83 201 1360 233 206 1361 371 54 1362 230 196 1363 233 206 1364 37 205 1365 157 55 1366 371 54 1367 234 208 1368 372 50 1369 180 53 1370 60 209 1371 84 213 1372 237 218 1373 372 50 1374 234 208 1375 237 218 1376 59 217 1377 131 51 1378 372 50 1379 238 220 1380 373 46 1381 118 49 1382 46 221 1383 85 225 1384 241 230 1385 373 46 1386 238 220 1387 241 230 1388 58 229 1389 130 47 1390 373 46 1391 242 232 1392 374 42 1393 177 45 1394 57 233 1395 86 237 1396 245 242 1397 374 42 1398 242 232 1399 245 242 1400 45 241 1401 117 43 1402 374 42 1403 246 244 1404 375 38 1405 176 41 1406 56 245 1407 87 249 1408 249 254 1409 375 38 1410 246 244 1411 249 254 1412 55 253 1413 127 39 1414 375 38 1415 250 256 1416 376 34 1417 150 37 1418 30 257 1419 88 261 1420 253 266 1421 376 34 1422 250 256 1423 253 266 1424 54 265 1425 126 35 1426 376 34 1427 254 268 1428 377 30 1429 173 33 1430 53 269 1431 89 273 1432 257 278 1433 377 30 1434 254 268 1435 257 278 1436 48 277 1437 120 31 1438 377 30 1439 258 280 1440 378 26 1441 172 29 1442 52 281 1443 90 285 1444 261 290 1445 378 26 1446 258 280 1447 261 290 1448 51 289 1449 123 27 1450 378 26 1451 262 292 1452 379 22 1453 148 25 1454 28 293 1455 91 297 1456 265 302 1457 379 22 1458 262 292 1459 265 302 1460 50 301 1461 122 23 1462 379 22 1463 266 304 1464 380 18 1465 160 21 1466 40 305 1467 92 309 1468 269 314 1469 380 18 1470 266 304 1471 269 314 1472 36 313 1473 108 19 1474 380 18 1475 270 316 1476 381 14 1477 162 17 1478 42 317 1479 93 321 1480 273 326 1481 381 14 1482 270 316 1483 273 326 1484 33 325 1485 105 15 1486 381 14 1487 274 328 1488 382 10 1489 106 13 1490 34 329 1491 94 333 1492 277 338 1493 382 10 1494 274 328 1495 277 338 1496 49 337 1497 169 11 1498 382 10 1499 278 340 1500 383 6 1501 163 9 1502 43 341 1503 95 345 1504 281 348 1505 383 6 1506 278 340 1507 281 348 1508 35 100 1509 107 7 1510 383 6 1511 282 350 1512 384 4 1513 101 5 1514 29 351 1515 96 355 1516 285 360 1517 384 4 1518 282 350 1519 285 360 1520 32 359 1521 104 3 1522 384 4 1523 286 362 1524 385 0 1525 104 3 1526 32 359 1527 97 365 1528 289 368 1529 385 0 1530 286 362 1531 289 368 1532 47 169 1533 167 1 1534 385 0 1535</p>
        </polylist>
      </mesh>
    </geometry>
    <geometry id="estanteria-travesaños_005-mesh" name="estanteria-travesaños.005">
      <mesh>
        <source id="estanteria-travesaños_005-mesh-positions">
          <float_array id="estanteria-travesaños_005-mesh-positions-array" count="276">-0.04999989 -0.02999997 -0.7049999 -0.04999989 -0.02999997 0.7050001 -0.04999989 0.02999997 -0.7049999 -0.04999989 0.02999997 0.7050001 0.05000013 -0.02999997 -0.7049999 0.05000013 -0.02999997 0.7050001 0.05000013 0.02999997 -0.7049999 0.05000013 0.02999997 0.7050001 -0.02999985 -0.02999997 -0.7049999 -0.02820748 -0.01568949 -0.7049999 0.02820819 -0.01568949 -0.7049999 0.03000009 -0.02999997 -0.7049999 0.03000009 -0.02999997 0.7050001 0.02820819 -0.01568949 0.7050001 -0.02820748 -0.01568949 0.7050001 -0.02999985 -0.02999997 0.7050001 0.03000009 0.02999997 -0.7049999 0.02820819 0.01568955 -0.7049999 -0.02820748 0.01568955 -0.7049999 -0.02999985 0.02999997 -0.7049999 -0.02999985 0.02999997 0.7050001 -0.02820748 0.01568955 0.7050001 0.02820819 0.01568955 0.7050001 0.03000009 0.02999997 0.7050001 -0.04999989 -0.02999997 0 -0.04999989 0.02999997 0 0.05000013 0.02999997 0 0.05000013 -0.02999997 0 0.03000009 -0.02999997 0 0.02820819 -0.01568949 0 -0.02820748 -0.01568949 0 -0.02999985 -0.02999997 0 -0.02999985 0.02999997 0 -0.02820748 0.01568955 0 0.02820819 0.01568955 0 0.03000009 0.02999997 0 0.170005 -0.03534936 0.6913124 -0.08999484 -0.03534936 0.6913124 0.170005 -0.02214455 0.6927672 -0.08999484 -0.02214455 0.6927672 0.170005 -0.00226742 0.6949843 -0.08999484 -0.00226742 0.6949843 0.170005 0.01260745 0.6963121 -0.08999484 0.01260745 0.6963121 0.170005 0.01879686 0.6971238 -0.08999484 0.01879686 0.6971238 0.170005 0.01972353 0.6975755 -0.08999484 0.01972353 0.6975755 0.170005 0.0204479 0.6981742 -0.08999484 0.0204479 0.6981742 0.170005 0.02099299 0.6989437 -0.08999484 0.02099299 0.6989437 0.170005 0.02138185 0.6999079 -0.08999484 0.02138185 0.6999079 0.170005 0.02163749 0.7010905 -0.08999484 0.02163749 0.7010905 0.170005 0.02183485 0.706186 -0.08999484 0.02183485 0.706186 0.170005 0.02089452 0.714869 -0.08999484 0.02089452 0.714869 0.170005 0.01927638 0.7239607 -0.08999484 0.01927638 0.7239607 0.1700051 0.01841759 0.7336223 -0.08999484 0.01841759 0.7336223 0.1700048 -0.03534919 -0.6897384 -0.08999514 -0.03534919 -0.6897384 0.1700048 -0.02214437 -0.6911931 -0.08999514 -0.02214437 -0.6911931 0.1700048 -0.002267241 -0.6934103 -0.08999514 -0.002267241 -0.6934103 0.1700048 0.01260763 -0.6947381 -0.08999514 0.01260763 -0.6947381 0.1700048 0.01764512 -0.6952213 -0.08999514 0.01764512 -0.6952213 0.1700048 0.01879703 -0.6955497 -0.08999514 0.01879703 -0.6955497 0.1700048 0.01972371 -0.6960014 -0.08999514 0.01972371 -0.6960014 0.1700048 0.02044808 -0.6966001 -0.08999514 0.02044808 -0.6966001 0.1700048 0.02099317 -0.6973697 -0.08999514 0.02099317 -0.6973697 0.1700048 0.02138203 -0.6983339 -0.08999514 0.02138203 -0.6983339 0.1700048 0.02183502 -0.704612 -0.08999514 0.02183502 -0.704612 0.1700048 0.0208947 -0.7132949 -0.08999514 0.0208947 -0.7132949 0.1700048 0.01927655 -0.7223867 -0.08999514 0.01927655 -0.7223867 0.1700048 0.01841777 -0.7320482 -0.08999514 0.01841777 -0.7320482</float_array>
          <technique_common>
            <accessor source="#estanteria-travesaños_005-mesh-positions-array" count="92" stride="3">
              <param name="X" type="float"/>
              <param name="Y" type="float"/>
              <param name="Z" type="float"/>
            </accessor>
          </technique_common>
        </source>
        <source id="estanteria-travesaños_005-mesh-normals">
          <float_array id="estanteria-travesaños_005-mesh-normals-array" count="132">-1 0 0 0 1 0 1 0 0 0 -1 0 -0.9922513 -0.1242473 0 0 -1 0 0.9922476 -0.1242768 0 0.9922476 0.1242771 0 0 1 0 -0.9922514 0.1242471 0 -0.9922513 0.1242473 0 0 1 0 0.9922476 0.1242769 0 0.9922476 -0.124277 0 0 -1 0 -0.9922514 -0.124247 0 0 0.09988743 -0.9949989 0 0.1094701 -0.9939901 0 0.2878239 -0.9576834 0 0.9920985 -0.1254619 0 0.9994031 0.03454738 0 0.5414177 -0.8407539 0 0.7329251 -0.6803095 0 0.8776669 -0.4792712 0 0.9558925 -0.293717 0 0.9899361 0.1415153 0 0.9912506 0.1319938 0 0.9960731 0.08853507 0 0.1095036 -0.9939864 0 0.1101736 -0.9939124 0 -0.09988743 -0.9949989 0 -0.09219765 -0.9957408 0 -0.1855874 -0.9826278 0 -0.1095036 -0.9939864 0 -0.1101736 -0.9939124 0 -0.9998396 0.01791477 0 -0.9899361 0.1415153 0 -0.3575369 -0.9338991 0 -0.5414177 -0.8407539 0 -0.7329251 -0.6803095 0 -0.8776669 -0.4792712 0 -0.9741929 -0.2257176 0 -0.9912506 0.1319938 0 -0.9960731 0.08853507</float_array>
          <technique_common>
            <accessor source="#estanteria-travesaños_005-mesh-normals-array" count="44" stride="3">
              <param name="X" type="float"/>
              <param name="Y" type="float"/>
              <param name="Z" type="float"/>
            </accessor>
          </technique_common>
        </source>
        <source id="estanteria-travesaños_005-mesh-map-0">
          <float_array id="estanteria-travesaños_005-mesh-map-0-array" count="400">0.151064 0.6524576 0.151064 0.701089 0.1469251 0.701089 0.1469252 0.6524576 0.2302654 0.6659535 0.2302654 0.6974025 0.2289909 0.6974026 0.2289907 0.6659535 0.151064 0.6524576 0.151064 0.701089 0.1469251 0.701089 0.1469252 0.6524576 0.2302654 0.6659535 0.2302654 0.6974025 0.2289909 0.6974026 0.2289907 0.6659535 0.2356988 0.6659535 0.2356988 0.6974025 0.2347797 0.6974025 0.2347797 0.6659535 0.2369735 0.6659535 0.2369733 0.6974025 0.2356988 0.6974025 0.2356988 0.6659535 0.2347797 0.6659535 0.2347797 0.6974025 0.2311845 0.6974025 0.2311846 0.6659535 0.2311846 0.6659535 0.2311845 0.6974025 0.2302654 0.6974025 0.2302654 0.6659535 0.2369735 0.6659535 0.2369732 0.6974026 0.2356987 0.6974026 0.2356988 0.6659535 0.2356988 0.6659535 0.2356987 0.6974026 0.2347796 0.6974026 0.2347797 0.6659535 0.2347797 0.6659535 0.2347796 0.6974026 0.2311844 0.6974025 0.2311846 0.6659535 0.2311846 0.6659535 0.2311844 0.6974025 0.2302654 0.6974025 0.2302654 0.6659535 0.2311846 0.6973936 0.2311845 0.6659446 0.2302654 0.6659446 0.2302654 0.6973936 0.2347797 0.6973936 0.2347797 0.6659446 0.2311845 0.6659446 0.2311846 0.6973936 0.2356988 0.6973936 0.2356988 0.6659446 0.2347797 0.6659446 0.2347797 0.6973936 0.2369735 0.6973935 0.2369733 0.6659446 0.2356988 0.6659446 0.2356988 0.6973936 0.2311974 0.6974026 0.2311974 0.6659535 0.2302783 0.6659535 0.2302782 0.6974026 0.2347925 0.6974026 0.2347926 0.6659535 0.2311974 0.6659535 0.2311974 0.6974026 0.2369863 0.6974026 0.2369862 0.6659535 0.2357116 0.6659535 0.2357116 0.6974026 0.2357116 0.6974026 0.2357116 0.6659535 0.2347926 0.6659535 0.2347925 0.6974026 0.2302782 0.6974026 0.2302783 0.6659535 0.2290038 0.6659535 0.2290036 0.6974026 0.151064 0.6524576 0.151064 0.701089 0.1469251 0.701089 0.1469252 0.6524576 0.2302654 0.6973936 0.2302654 0.6659446 0.2289909 0.6659446 0.2289907 0.6973936 0.151064 0.6524576 0.151064 0.701089 0.1469251 0.701089 0.1469252 0.6524576 0 0.5 0 0.5 0 0.5 0 0.5 0 0.5 0 0.5 0 0.5 0 0.5 0 0.5 0 0.5 0 0.5 0 0.5 0 0.5 0 0.5 0 0.5 0 0.5 0 0.5 0 0.5 0 0.5 0 0.5 0 0.5 0 0.5 0 0.5 0 0.5 0 0.5 0 0.5 0 0.5 0 0.5 0 0.5 0 0.5 0 0.5 0 0.5 0 0.5 0 0.5 0 0.5 0 0.5 0 0.5 0 0.5 0 0.5 0 0.5 0 0.5 0 0.5 0 0.5 0 0.5 0 0.5 0 0.5 0 0.5 0 0.5 0 0.5 0 0.5 0 0.5 0 0.5 0 0.5 0 0.5 0 0.5 0 0.5 0 0.5 0 0.5 0 0.5 0 0.5 0 0.5 0 0.5 0 0.5 0 0.5 0 0.5 0 0.5 0 0.5 0 0.5 0 0.5 0 0.5 0 0.5 0 0.5 0 0.5 0 0.5 0 0.5 0 0.5 0 0.5 0 0.5 0 0.5 0 0.5 0 0.5 0 0.5 0 0.5 0 0.5 0 0.5 0 0.5 0 0.5 0 0.5 0 0.5 0 0.5 0 0.5 0 0.5 0 0.5 0 0.5 0 0.5 0 0.5 0 0.5 0 0.5 0 0.5 0 0.5 0 0.5 0 0.5 0 0.5 0 0.5</float_array>
          <technique_common>
            <accessor source="#estanteria-travesaños_005-mesh-map-0-array" count="200" stride="2">
              <param name="S" type="float"/>
              <param name="T" type="float"/>
            </accessor>
          </technique_common>
        </source>
        <vertices id="estanteria-travesaños_005-mesh-vertices">
          <input semantic="POSITION" source="#estanteria-travesaños_005-mesh-positions"/>
        </vertices>
        <polylist material="hiper-atlas-material" count="50">
          <input semantic="VERTEX" source="#estanteria-travesaños_005-mesh-vertices" offset="0"/>
          <input semantic="NORMAL" source="#estanteria-travesaños_005-mesh-normals" offset="1"/>
          <input semantic="TEXCOORD" source="#estanteria-travesaños_005-mesh-map-0" offset="2" set="0"/>
          <vcount>4 4 4 4 4 4 4 4 4 4 4 4 4 4 4 4 4 4 4 4 4 4 4 4 4 4 4 4 4 4 4 4 4 4 4 4 4 4 4 4 4 4 4 4 4 4 4 4 4 4 </vcount>
          <p>24 0 0 1 0 1 3 0 2 25 0 3 35 1 4 23 1 5 7 1 6 26 1 7 26 2 8 7 2 9 5 2 10 27 2 11 31 3 12 15 3 13 1 3 14 24 3 15 28 4 16 12 4 17 13 4 18 29 4 19 27 3 20 5 3 21 12 3 22 28 3 23 29 5 24 13 5 25 14 5 26 30 5 27 30 6 28 14 6 29 15 6 30 31 6 31 25 1 32 3 1 33 20 1 34 32 1 35 32 7 36 20 7 37 21 7 38 33 7 39 33 8 40 21 8 41 22 8 42 34 8 43 34 9 44 22 9 45 23 9 46 35 9 47 17 10 48 34 10 49 35 10 50 16 10 51 18 11 52 33 11 53 34 11 54 17 11 55 19 12 56 32 12 57 33 12 58 18 12 59 2 1 60 25 1 61 32 1 62 19 1 63 9 13 64 30 13 65 31 13 66 8 13 67 10 14 68 29 14 69 30 14 70 9 14 71 4 3 72 27 3 73 28 3 74 11 3 75 11 15 76 28 15 77 29 15 78 10 15 79 8 3 80 31 3 81 24 3 82 0 3 83 6 2 84 26 2 85 27 2 86 4 2 87 16 1 88 35 1 89 26 1 90 6 1 91 0 0 92 24 0 93 25 0 94 2 0 95 41 16 96 43 17 97 42 17 98 40 16 99 43 17 100 45 18 101 44 18 102 42 17 103 55 19 104 57 20 105 56 20 106 54 19 107 45 18 108 47 21 109 46 21 110 44 18 111 47 21 112 49 22 113 48 22 114 46 21 115 49 22 116 51 23 117 50 23 118 48 22 119 51 23 120 53 24 121 52 24 122 50 23 123 53 24 124 55 19 125 54 19 126 52 24 127 57 20 128 59 25 129 58 25 130 56 20 131 59 25 132 61 26 133 60 26 134 58 25 135 61 26 136 63 27 137 62 27 138 60 26 139 37 28 140 39 29 141 38 29 142 36 28 143 39 29 144 41 16 145 40 16 146 38 29 147 69 30 148 71 31 149 70 31 150 68 30 151 71 31 152 73 32 153 72 32 154 70 31 155 65 33 156 67 34 157 66 34 158 64 33 159 85 35 160 87 36 161 86 36 162 84 35 163 73 32 164 75 37 165 74 37 166 72 32 167 75 37 168 77 38 169 76 38 170 74 37 171 77 38 172 79 39 173 78 39 174 76 38 175 79 39 176 81 40 177 80 40 178 78 39 179 81 40 180 83 41 181 82 41 182 80 40 183 87 36 184 89 42 185 88 42 186 86 36 187 89 42 188 91 43 189 90 43 190 88 42 191 83 41 192 85 35 193 84 35 194 82 41 195 67 34 196 69 30 197 68 30 198 66 34 199</p>
        </polylist>
      </mesh>
    </geometry>
    <geometry id="estanteria-travesaños_004-mesh" name="estanteria-travesaños.004">
      <mesh>
        <source id="estanteria-travesaños_004-mesh-positions">
          <float_array id="estanteria-travesaños_004-mesh-positions-array" count="276">-0.04999989 -0.02999997 -0.7049999 -0.04999989 -0.02999997 0.7050001 -0.04999989 0.02999997 -0.7049999 -0.04999989 0.02999997 0.7050001 0.05000013 -0.02999997 -0.7049999 0.05000013 -0.02999997 0.7050001 0.05000013 0.02999997 -0.7049999 0.05000013 0.02999997 0.7050001 -0.02999985 -0.02999997 -0.7049999 -0.02820748 -0.01568949 -0.7049999 0.02820819 -0.01568949 -0.7049999 0.03000009 -0.02999997 -0.7049999 0.03000009 -0.02999997 0.7050001 0.02820819 -0.01568949 0.7050001 -0.02820748 -0.01568949 0.7050001 -0.02999985 -0.02999997 0.7050001 0.03000009 0.02999997 -0.7049999 0.02820819 0.01568955 -0.7049999 -0.02820748 0.01568955 -0.7049999 -0.02999985 0.02999997 -0.7049999 -0.02999985 0.02999997 0.7050001 -0.02820748 0.01568955 0.7050001 0.02820819 0.01568955 0.7050001 0.03000009 0.02999997 0.7050001 -0.04999989 -0.02999997 0 -0.04999989 0.02999997 0 0.05000013 0.02999997 0 0.05000013 -0.02999997 0 0.03000009 -0.02999997 0 0.02820819 -0.01568949 0 -0.02820748 -0.01568949 0 -0.02999985 -0.02999997 0 -0.02999985 0.02999997 0 -0.02820748 0.01568955 0 0.02820819 0.01568955 0 0.03000009 0.02999997 0 0.170005 -0.03534936 0.6913124 -0.08999484 -0.03534936 0.6913124 0.170005 -0.02214455 0.6927672 -0.08999484 -0.02214455 0.6927672 0.170005 -0.00226742 0.6949843 -0.08999484 -0.00226742 0.6949843 0.170005 0.01260745 0.6963121 -0.08999484 0.01260745 0.6963121 0.170005 0.01879686 0.6971238 -0.08999484 0.01879686 0.6971238 0.170005 0.01972353 0.6975755 -0.08999484 0.01972353 0.6975755 0.170005 0.0204479 0.6981742 -0.08999484 0.0204479 0.6981742 0.170005 0.02099299 0.6989437 -0.08999484 0.02099299 0.6989437 0.170005 0.02138185 0.6999079 -0.08999484 0.02138185 0.6999079 0.170005 0.02163749 0.7010905 -0.08999484 0.02163749 0.7010905 0.170005 0.02183485 0.706186 -0.08999484 0.02183485 0.706186 0.170005 0.02089452 0.714869 -0.08999484 0.02089452 0.714869 0.170005 0.01927638 0.7239607 -0.08999484 0.01927638 0.7239607 0.1700051 0.01841759 0.7336223 -0.08999484 0.01841759 0.7336223 0.1700048 -0.03534919 -0.6897384 -0.08999514 -0.03534919 -0.6897384 0.1700048 -0.02214437 -0.6911931 -0.08999514 -0.02214437 -0.6911931 0.1700048 -0.002267241 -0.6934103 -0.08999514 -0.002267241 -0.6934103 0.1700048 0.01260763 -0.6947381 -0.08999514 0.01260763 -0.6947381 0.1700048 0.01764512 -0.6952213 -0.08999514 0.01764512 -0.6952213 0.1700048 0.01879703 -0.6955497 -0.08999514 0.01879703 -0.6955497 0.1700048 0.01972371 -0.6960014 -0.08999514 0.01972371 -0.6960014 0.1700048 0.02044808 -0.6966001 -0.08999514 0.02044808 -0.6966001 0.1700048 0.02099317 -0.6973697 -0.08999514 0.02099317 -0.6973697 0.1700048 0.02138203 -0.6983339 -0.08999514 0.02138203 -0.6983339 0.1700048 0.02183502 -0.704612 -0.08999514 0.02183502 -0.704612 0.1700048 0.0208947 -0.7132949 -0.08999514 0.0208947 -0.7132949 0.1700048 0.01927655 -0.7223867 -0.08999514 0.01927655 -0.7223867 0.1700048 0.01841777 -0.7320482 -0.08999514 0.01841777 -0.7320482</float_array>
          <technique_common>
            <accessor source="#estanteria-travesaños_004-mesh-positions-array" count="92" stride="3">
              <param name="X" type="float"/>
              <param name="Y" type="float"/>
              <param name="Z" type="float"/>
            </accessor>
          </technique_common>
        </source>
        <source id="estanteria-travesaños_004-mesh-normals">
          <float_array id="estanteria-travesaños_004-mesh-normals-array" count="132">-1 0 0 0 1 0 1 0 0 0 -1 0 -0.9922513 -0.1242473 0 0 -1 0 0.9922476 -0.1242768 0 0.9922476 0.1242771 0 0 1 0 -0.9922514 0.1242471 0 -0.9922513 0.1242473 0 0 1 0 0.9922476 0.1242769 0 0.9922476 -0.124277 0 0 -1 0 -0.9922514 -0.124247 0 0 0.09988743 -0.9949989 0 0.1094701 -0.9939901 0 0.2878239 -0.9576834 0 0.9920985 -0.1254619 0 0.9994031 0.03454738 0 0.5414177 -0.8407539 0 0.7329251 -0.6803095 0 0.8776669 -0.4792712 0 0.9558925 -0.293717 0 0.9899361 0.1415153 0 0.9912506 0.1319938 0 0.9960731 0.08853507 0 0.1095036 -0.9939864 0 0.1101736 -0.9939124 0 -0.09988743 -0.9949989 0 -0.09219765 -0.9957408 0 -0.1855874 -0.9826278 0 -0.1095036 -0.9939864 0 -0.1101736 -0.9939124 0 -0.9998396 0.01791477 0 -0.9899361 0.1415153 0 -0.3575369 -0.9338991 0 -0.5414177 -0.8407539 0 -0.7329251 -0.6803095 0 -0.8776669 -0.4792712 0 -0.9741929 -0.2257176 0 -0.9912506 0.1319938 0 -0.9960731 0.08853507</float_array>
          <technique_common>
            <accessor source="#estanteria-travesaños_004-mesh-normals-array" count="44" stride="3">
              <param name="X" type="float"/>
              <param name="Y" type="float"/>
              <param name="Z" type="float"/>
            </accessor>
          </technique_common>
        </source>
        <source id="estanteria-travesaños_004-mesh-map-0">
          <float_array id="estanteria-travesaños_004-mesh-map-0-array" count="400">0.151064 0.6524576 0.151064 0.701089 0.1469251 0.701089 0.1469252 0.6524576 0.2302654 0.6659535 0.2302654 0.6974025 0.2289909 0.6974026 0.2289907 0.6659535 0.151064 0.6524576 0.151064 0.701089 0.1469251 0.701089 0.1469252 0.6524576 0.2302654 0.6659535 0.2302654 0.6974025 0.2289909 0.6974026 0.2289907 0.6659535 0.2356988 0.6659535 0.2356988 0.6974025 0.2347797 0.6974025 0.2347797 0.6659535 0.2369735 0.6659535 0.2369733 0.6974025 0.2356988 0.6974025 0.2356988 0.6659535 0.2347797 0.6659535 0.2347797 0.6974025 0.2311845 0.6974025 0.2311846 0.6659535 0.2311846 0.6659535 0.2311845 0.6974025 0.2302654 0.6974025 0.2302654 0.6659535 0.2369735 0.6659535 0.2369732 0.6974026 0.2356987 0.6974026 0.2356988 0.6659535 0.2356988 0.6659535 0.2356987 0.6974026 0.2347796 0.6974026 0.2347797 0.6659535 0.2347797 0.6659535 0.2347796 0.6974026 0.2311844 0.6974025 0.2311846 0.6659535 0.2311846 0.6659535 0.2311844 0.6974025 0.2302654 0.6974025 0.2302654 0.6659535 0.2311846 0.6973936 0.2311845 0.6659446 0.2302654 0.6659446 0.2302654 0.6973936 0.2347797 0.6973936 0.2347797 0.6659446 0.2311845 0.6659446 0.2311846 0.6973936 0.2356988 0.6973936 0.2356988 0.6659446 0.2347797 0.6659446 0.2347797 0.6973936 0.2369735 0.6973935 0.2369733 0.6659446 0.2356988 0.6659446 0.2356988 0.6973936 0.2311974 0.6974026 0.2311974 0.6659535 0.2302783 0.6659535 0.2302782 0.6974026 0.2347925 0.6974026 0.2347926 0.6659535 0.2311974 0.6659535 0.2311974 0.6974026 0.2369863 0.6974026 0.2369862 0.6659535 0.2357116 0.6659535 0.2357116 0.6974026 0.2357116 0.6974026 0.2357116 0.6659535 0.2347926 0.6659535 0.2347925 0.6974026 0.2302782 0.6974026 0.2302783 0.6659535 0.2290038 0.6659535 0.2290036 0.6974026 0.151064 0.6524576 0.151064 0.701089 0.1469251 0.701089 0.1469252 0.6524576 0.2302654 0.6973936 0.2302654 0.6659446 0.2289909 0.6659446 0.2289907 0.6973936 0.151064 0.6524576 0.151064 0.701089 0.1469251 0.701089 0.1469252 0.6524576 0 0.5 0 0.5 0 0.5 0 0.5 0 0.5 0 0.5 0 0.5 0 0.5 0 0.5 0 0.5 0 0.5 0 0.5 0 0.5 0 0.5 0 0.5 0 0.5 0 0.5 0 0.5 0 0.5 0 0.5 0 0.5 0 0.5 0 0.5 0 0.5 0 0.5 0 0.5 0 0.5 0 0.5 0 0.5 0 0.5 0 0.5 0 0.5 0 0.5 0 0.5 0 0.5 0 0.5 0 0.5 0 0.5 0 0.5 0 0.5 0 0.5 0 0.5 0 0.5 0 0.5 0 0.5 0 0.5 0 0.5 0 0.5 0 0.5 0 0.5 0 0.5 0 0.5 0 0.5 0 0.5 0 0.5 0 0.5 0 0.5 0 0.5 0 0.5 0 0.5 0 0.5 0 0.5 0 0.5 0 0.5 0 0.5 0 0.5 0 0.5 0 0.5 0 0.5 0 0.5 0 0.5 0 0.5 0 0.5 0 0.5 0 0.5 0 0.5 0 0.5 0 0.5 0 0.5 0 0.5 0 0.5 0 0.5 0 0.5 0 0.5 0 0.5 0 0.5 0 0.5 0 0.5 0 0.5 0 0.5 0 0.5 0 0.5 0 0.5 0 0.5 0 0.5 0 0.5 0 0.5 0 0.5 0 0.5 0 0.5 0 0.5 0 0.5 0 0.5 0 0.5</float_array>
          <technique_common>
            <accessor source="#estanteria-travesaños_004-mesh-map-0-array" count="200" stride="2">
              <param name="S" type="float"/>
              <param name="T" type="float"/>
            </accessor>
          </technique_common>
        </source>
        <vertices id="estanteria-travesaños_004-mesh-vertices">
          <input semantic="POSITION" source="#estanteria-travesaños_004-mesh-positions"/>
        </vertices>
        <polylist material="hiper-atlas-material" count="50">
          <input semantic="VERTEX" source="#estanteria-travesaños_004-mesh-vertices" offset="0"/>
          <input semantic="NORMAL" source="#estanteria-travesaños_004-mesh-normals" offset="1"/>
          <input semantic="TEXCOORD" source="#estanteria-travesaños_004-mesh-map-0" offset="2" set="0"/>
          <vcount>4 4 4 4 4 4 4 4 4 4 4 4 4 4 4 4 4 4 4 4 4 4 4 4 4 4 4 4 4 4 4 4 4 4 4 4 4 4 4 4 4 4 4 4 4 4 4 4 4 4 </vcount>
          <p>24 0 0 1 0 1 3 0 2 25 0 3 35 1 4 23 1 5 7 1 6 26 1 7 26 2 8 7 2 9 5 2 10 27 2 11 31 3 12 15 3 13 1 3 14 24 3 15 28 4 16 12 4 17 13 4 18 29 4 19 27 3 20 5 3 21 12 3 22 28 3 23 29 5 24 13 5 25 14 5 26 30 5 27 30 6 28 14 6 29 15 6 30 31 6 31 25 1 32 3 1 33 20 1 34 32 1 35 32 7 36 20 7 37 21 7 38 33 7 39 33 8 40 21 8 41 22 8 42 34 8 43 34 9 44 22 9 45 23 9 46 35 9 47 17 10 48 34 10 49 35 10 50 16 10 51 18 11 52 33 11 53 34 11 54 17 11 55 19 12 56 32 12 57 33 12 58 18 12 59 2 1 60 25 1 61 32 1 62 19 1 63 9 13 64 30 13 65 31 13 66 8 13 67 10 14 68 29 14 69 30 14 70 9 14 71 4 3 72 27 3 73 28 3 74 11 3 75 11 15 76 28 15 77 29 15 78 10 15 79 8 3 80 31 3 81 24 3 82 0 3 83 6 2 84 26 2 85 27 2 86 4 2 87 16 1 88 35 1 89 26 1 90 6 1 91 0 0 92 24 0 93 25 0 94 2 0 95 41 16 96 43 17 97 42 17 98 40 16 99 43 17 100 45 18 101 44 18 102 42 17 103 55 19 104 57 20 105 56 20 106 54 19 107 45 18 108 47 21 109 46 21 110 44 18 111 47 21 112 49 22 113 48 22 114 46 21 115 49 22 116 51 23 117 50 23 118 48 22 119 51 23 120 53 24 121 52 24 122 50 23 123 53 24 124 55 19 125 54 19 126 52 24 127 57 20 128 59 25 129 58 25 130 56 20 131 59 25 132 61 26 133 60 26 134 58 25 135 61 26 136 63 27 137 62 27 138 60 26 139 37 28 140 39 29 141 38 29 142 36 28 143 39 29 144 41 16 145 40 16 146 38 29 147 69 30 148 71 31 149 70 31 150 68 30 151 71 31 152 73 32 153 72 32 154 70 31 155 65 33 156 67 34 157 66 34 158 64 33 159 85 35 160 87 36 161 86 36 162 84 35 163 73 32 164 75 37 165 74 37 166 72 32 167 75 37 168 77 38 169 76 38 170 74 37 171 77 38 172 79 39 173 78 39 174 76 38 175 79 39 176 81 40 177 80 40 178 78 39 179 81 40 180 83 41 181 82 41 182 80 40 183 87 36 184 89 42 185 88 42 186 86 36 187 89 42 188 91 43 189 90 43 190 88 42 191 83 41 192 85 35 193 84 35 194 82 41 195 67 34 196 69 30 197 68 30 198 66 34 199</p>
        </polylist>
      </mesh>
    </geometry>
    <geometry id="estanteria-travesaños_003-mesh" name="estanteria-travesaños.003">
      <mesh>
        <source id="estanteria-travesaños_003-mesh-positions">
          <float_array id="estanteria-travesaños_003-mesh-positions-array" count="276">-0.04999989 -0.02999997 -0.7049999 -0.04999989 -0.02999997 0.7050001 -0.04999989 0.02999997 -0.7049999 -0.04999989 0.02999997 0.7050001 0.05000013 -0.02999997 -0.7049999 0.05000013 -0.02999997 0.7050001 0.05000013 0.02999997 -0.7049999 0.05000013 0.02999997 0.7050001 -0.02999985 -0.02999997 -0.7049999 -0.02820748 -0.01568949 -0.7049999 0.02820819 -0.01568949 -0.7049999 0.03000009 -0.02999997 -0.7049999 0.03000009 -0.02999997 0.7050001 0.02820819 -0.01568949 0.7050001 -0.02820748 -0.01568949 0.7050001 -0.02999985 -0.02999997 0.7050001 0.03000009 0.02999997 -0.7049999 0.02820819 0.01568955 -0.7049999 -0.02820748 0.01568955 -0.7049999 -0.02999985 0.02999997 -0.7049999 -0.02999985 0.02999997 0.7050001 -0.02820748 0.01568955 0.7050001 0.02820819 0.01568955 0.7050001 0.03000009 0.02999997 0.7050001 -0.04999989 -0.02999997 0 -0.04999989 0.02999997 0 0.05000013 0.02999997 0 0.05000013 -0.02999997 0 0.03000009 -0.02999997 0 0.02820819 -0.01568949 0 -0.02820748 -0.01568949 0 -0.02999985 -0.02999997 0 -0.02999985 0.02999997 0 -0.02820748 0.01568955 0 0.02820819 0.01568955 0 0.03000009 0.02999997 0 0.170005 -0.03534936 0.6913124 -0.08999484 -0.03534936 0.6913124 0.170005 -0.02214455 0.6927672 -0.08999484 -0.02214455 0.6927672 0.170005 -0.00226742 0.6949843 -0.08999484 -0.00226742 0.6949843 0.170005 0.01260745 0.6963121 -0.08999484 0.01260745 0.6963121 0.170005 0.01879686 0.6971238 -0.08999484 0.01879686 0.6971238 0.170005 0.01972353 0.6975755 -0.08999484 0.01972353 0.6975755 0.170005 0.0204479 0.6981742 -0.08999484 0.0204479 0.6981742 0.170005 0.02099299 0.6989437 -0.08999484 0.02099299 0.6989437 0.170005 0.02138185 0.6999079 -0.08999484 0.02138185 0.6999079 0.170005 0.02163749 0.7010905 -0.08999484 0.02163749 0.7010905 0.170005 0.02183485 0.706186 -0.08999484 0.02183485 0.706186 0.170005 0.02089452 0.714869 -0.08999484 0.02089452 0.714869 0.170005 0.01927638 0.7239607 -0.08999484 0.01927638 0.7239607 0.1700051 0.01841759 0.7336223 -0.08999484 0.01841759 0.7336223 0.1700048 -0.03534919 -0.6897384 -0.08999514 -0.03534919 -0.6897384 0.1700048 -0.02214437 -0.6911931 -0.08999514 -0.02214437 -0.6911931 0.1700048 -0.002267241 -0.6934103 -0.08999514 -0.002267241 -0.6934103 0.1700048 0.01260763 -0.6947381 -0.08999514 0.01260763 -0.6947381 0.1700048 0.01764512 -0.6952213 -0.08999514 0.01764512 -0.6952213 0.1700048 0.01879703 -0.6955497 -0.08999514 0.01879703 -0.6955497 0.1700048 0.01972371 -0.6960014 -0.08999514 0.01972371 -0.6960014 0.1700048 0.02044808 -0.6966001 -0.08999514 0.02044808 -0.6966001 0.1700048 0.02099317 -0.6973697 -0.08999514 0.02099317 -0.6973697 0.1700048 0.02138203 -0.6983339 -0.08999514 0.02138203 -0.6983339 0.1700048 0.02183502 -0.704612 -0.08999514 0.02183502 -0.704612 0.1700048 0.0208947 -0.7132949 -0.08999514 0.0208947 -0.7132949 0.1700048 0.01927655 -0.7223867 -0.08999514 0.01927655 -0.7223867 0.1700048 0.01841777 -0.7320482 -0.08999514 0.01841777 -0.7320482</float_array>
          <technique_common>
            <accessor source="#estanteria-travesaños_003-mesh-positions-array" count="92" stride="3">
              <param name="X" type="float"/>
              <param name="Y" type="float"/>
              <param name="Z" type="float"/>
            </accessor>
          </technique_common>
        </source>
        <source id="estanteria-travesaños_003-mesh-normals">
          <float_array id="estanteria-travesaños_003-mesh-normals-array" count="132">-1 0 0 0 1 0 1 0 0 0 -1 0 -0.9922513 -0.1242473 0 0 -1 0 0.9922476 -0.1242768 0 0.9922476 0.1242771 0 0 1 0 -0.9922514 0.1242471 0 -0.9922513 0.1242473 0 0 1 0 0.9922476 0.1242769 0 0.9922476 -0.124277 0 0 -1 0 -0.9922514 -0.124247 0 0 0.09988743 -0.9949989 0 0.1094701 -0.9939901 0 0.2878239 -0.9576834 0 0.9920985 -0.1254619 0 0.9994031 0.03454738 0 0.5414177 -0.8407539 0 0.7329251 -0.6803095 0 0.8776669 -0.4792712 0 0.9558925 -0.293717 0 0.9899361 0.1415153 0 0.9912506 0.1319938 0 0.9960731 0.08853507 0 0.1095036 -0.9939864 0 0.1101736 -0.9939124 0 -0.09988743 -0.9949989 0 -0.09219765 -0.9957408 0 -0.1855874 -0.9826278 0 -0.1095036 -0.9939864 0 -0.1101736 -0.9939124 0 -0.9998396 0.01791477 0 -0.9899361 0.1415153 0 -0.3575369 -0.9338991 0 -0.5414177 -0.8407539 0 -0.7329251 -0.6803095 0 -0.8776669 -0.4792712 0 -0.9741929 -0.2257176 0 -0.9912506 0.1319938 0 -0.9960731 0.08853507</float_array>
          <technique_common>
            <accessor source="#estanteria-travesaños_003-mesh-normals-array" count="44" stride="3">
              <param name="X" type="float"/>
              <param name="Y" type="float"/>
              <param name="Z" type="float"/>
            </accessor>
          </technique_common>
        </source>
        <source id="estanteria-travesaños_003-mesh-map-0">
          <float_array id="estanteria-travesaños_003-mesh-map-0-array" count="400">0.151064 0.6524576 0.151064 0.701089 0.1469251 0.701089 0.1469252 0.6524576 0.2302654 0.6659535 0.2302654 0.6974025 0.2289909 0.6974026 0.2289907 0.6659535 0.151064 0.6524576 0.151064 0.701089 0.1469251 0.701089 0.1469252 0.6524576 0.2302654 0.6659535 0.2302654 0.6974025 0.2289909 0.6974026 0.2289907 0.6659535 0.2356988 0.6659535 0.2356988 0.6974025 0.2347797 0.6974025 0.2347797 0.6659535 0.2369735 0.6659535 0.2369733 0.6974025 0.2356988 0.6974025 0.2356988 0.6659535 0.2347797 0.6659535 0.2347797 0.6974025 0.2311845 0.6974025 0.2311846 0.6659535 0.2311846 0.6659535 0.2311845 0.6974025 0.2302654 0.6974025 0.2302654 0.6659535 0.2369735 0.6659535 0.2369732 0.6974026 0.2356987 0.6974026 0.2356988 0.6659535 0.2356988 0.6659535 0.2356987 0.6974026 0.2347796 0.6974026 0.2347797 0.6659535 0.2347797 0.6659535 0.2347796 0.6974026 0.2311844 0.6974025 0.2311846 0.6659535 0.2311846 0.6659535 0.2311844 0.6974025 0.2302654 0.6974025 0.2302654 0.6659535 0.2311846 0.6973936 0.2311845 0.6659446 0.2302654 0.6659446 0.2302654 0.6973936 0.2347797 0.6973936 0.2347797 0.6659446 0.2311845 0.6659446 0.2311846 0.6973936 0.2356988 0.6973936 0.2356988 0.6659446 0.2347797 0.6659446 0.2347797 0.6973936 0.2369735 0.6973935 0.2369733 0.6659446 0.2356988 0.6659446 0.2356988 0.6973936 0.2311974 0.6974026 0.2311974 0.6659535 0.2302783 0.6659535 0.2302782 0.6974026 0.2347925 0.6974026 0.2347926 0.6659535 0.2311974 0.6659535 0.2311974 0.6974026 0.2369863 0.6974026 0.2369862 0.6659535 0.2357116 0.6659535 0.2357116 0.6974026 0.2357116 0.6974026 0.2357116 0.6659535 0.2347926 0.6659535 0.2347925 0.6974026 0.2302782 0.6974026 0.2302783 0.6659535 0.2290038 0.6659535 0.2290036 0.6974026 0.151064 0.6524576 0.151064 0.701089 0.1469251 0.701089 0.1469252 0.6524576 0.2302654 0.6973936 0.2302654 0.6659446 0.2289909 0.6659446 0.2289907 0.6973936 0.151064 0.6524576 0.151064 0.701089 0.1469251 0.701089 0.1469252 0.6524576 0 0.5 0 0.5 0 0.5 0 0.5 0 0.5 0 0.5 0 0.5 0 0.5 0 0.5 0 0.5 0 0.5 0 0.5 0 0.5 0 0.5 0 0.5 0 0.5 0 0.5 0 0.5 0 0.5 0 0.5 0 0.5 0 0.5 0 0.5 0 0.5 0 0.5 0 0.5 0 0.5 0 0.5 0 0.5 0 0.5 0 0.5 0 0.5 0 0.5 0 0.5 0 0.5 0 0.5 0 0.5 0 0.5 0 0.5 0 0.5 0 0.5 0 0.5 0 0.5 0 0.5 0 0.5 0 0.5 0 0.5 0 0.5 0 0.5 0 0.5 0 0.5 0 0.5 0 0.5 0 0.5 0 0.5 0 0.5 0 0.5 0 0.5 0 0.5 0 0.5 0 0.5 0 0.5 0 0.5 0 0.5 0 0.5 0 0.5 0 0.5 0 0.5 0 0.5 0 0.5 0 0.5 0 0.5 0 0.5 0 0.5 0 0.5 0 0.5 0 0.5 0 0.5 0 0.5 0 0.5 0 0.5 0 0.5 0 0.5 0 0.5 0 0.5 0 0.5 0 0.5 0 0.5 0 0.5 0 0.5 0 0.5 0 0.5 0 0.5 0 0.5 0 0.5 0 0.5 0 0.5 0 0.5 0 0.5 0 0.5 0 0.5 0 0.5 0 0.5 0 0.5</float_array>
          <technique_common>
            <accessor source="#estanteria-travesaños_003-mesh-map-0-array" count="200" stride="2">
              <param name="S" type="float"/>
              <param name="T" type="float"/>
            </accessor>
          </technique_common>
        </source>
        <vertices id="estanteria-travesaños_003-mesh-vertices">
          <input semantic="POSITION" source="#estanteria-travesaños_003-mesh-positions"/>
        </vertices>
        <polylist material="hiper-atlas-material" count="50">
          <input semantic="VERTEX" source="#estanteria-travesaños_003-mesh-vertices" offset="0"/>
          <input semantic="NORMAL" source="#estanteria-travesaños_003-mesh-normals" offset="1"/>
          <input semantic="TEXCOORD" source="#estanteria-travesaños_003-mesh-map-0" offset="2" set="0"/>
          <vcount>4 4 4 4 4 4 4 4 4 4 4 4 4 4 4 4 4 4 4 4 4 4 4 4 4 4 4 4 4 4 4 4 4 4 4 4 4 4 4 4 4 4 4 4 4 4 4 4 4 4 </vcount>
          <p>24 0 0 1 0 1 3 0 2 25 0 3 35 1 4 23 1 5 7 1 6 26 1 7 26 2 8 7 2 9 5 2 10 27 2 11 31 3 12 15 3 13 1 3 14 24 3 15 28 4 16 12 4 17 13 4 18 29 4 19 27 3 20 5 3 21 12 3 22 28 3 23 29 5 24 13 5 25 14 5 26 30 5 27 30 6 28 14 6 29 15 6 30 31 6 31 25 1 32 3 1 33 20 1 34 32 1 35 32 7 36 20 7 37 21 7 38 33 7 39 33 8 40 21 8 41 22 8 42 34 8 43 34 9 44 22 9 45 23 9 46 35 9 47 17 10 48 34 10 49 35 10 50 16 10 51 18 11 52 33 11 53 34 11 54 17 11 55 19 12 56 32 12 57 33 12 58 18 12 59 2 1 60 25 1 61 32 1 62 19 1 63 9 13 64 30 13 65 31 13 66 8 13 67 10 14 68 29 14 69 30 14 70 9 14 71 4 3 72 27 3 73 28 3 74 11 3 75 11 15 76 28 15 77 29 15 78 10 15 79 8 3 80 31 3 81 24 3 82 0 3 83 6 2 84 26 2 85 27 2 86 4 2 87 16 1 88 35 1 89 26 1 90 6 1 91 0 0 92 24 0 93 25 0 94 2 0 95 41 16 96 43 17 97 42 17 98 40 16 99 43 17 100 45 18 101 44 18 102 42 17 103 55 19 104 57 20 105 56 20 106 54 19 107 45 18 108 47 21 109 46 21 110 44 18 111 47 21 112 49 22 113 48 22 114 46 21 115 49 22 116 51 23 117 50 23 118 48 22 119 51 23 120 53 24 121 52 24 122 50 23 123 53 24 124 55 19 125 54 19 126 52 24 127 57 20 128 59 25 129 58 25 130 56 20 131 59 25 132 61 26 133 60 26 134 58 25 135 61 26 136 63 27 137 62 27 138 60 26 139 37 28 140 39 29 141 38 29 142 36 28 143 39 29 144 41 16 145 40 16 146 38 29 147 69 30 148 71 31 149 70 31 150 68 30 151 71 31 152 73 32 153 72 32 154 70 31 155 65 33 156 67 34 157 66 34 158 64 33 159 85 35 160 87 36 161 86 36 162 84 35 163 73 32 164 75 37 165 74 37 166 72 32 167 75 37 168 77 38 169 76 38 170 74 37 171 77 38 172 79 39 173 78 39 174 76 38 175 79 39 176 81 40 177 80 40 178 78 39 179 81 40 180 83 41 181 82 41 182 80 40 183 87 36 184 89 42 185 88 42 186 86 36 187 89 42 188 91 43 189 90 43 190 88 42 191 83 41 192 85 35 193 84 35 194 82 41 195 67 34 196 69 30 197 68 30 198 66 34 199</p>
        </polylist>
      </mesh>
    </geometry>
    <geometry id="estanteria-travesaños_002-mesh" name="estanteria-travesaños.002">
      <mesh>
        <source id="estanteria-travesaños_002-mesh-positions">
          <float_array id="estanteria-travesaños_002-mesh-positions-array" count="276">-0.04999989 -0.02999997 -0.7049999 -0.04999989 -0.02999997 0.7050001 -0.04999989 0.02999997 -0.7049999 -0.04999989 0.02999997 0.7050001 0.05000013 -0.02999997 -0.7049999 0.05000013 -0.02999997 0.7050001 0.05000013 0.02999997 -0.7049999 0.05000013 0.02999997 0.7050001 -0.02999985 -0.02999997 -0.7049999 -0.02820748 -0.01568949 -0.7049999 0.02820819 -0.01568949 -0.7049999 0.03000009 -0.02999997 -0.7049999 0.03000009 -0.02999997 0.7050001 0.02820819 -0.01568949 0.7050001 -0.02820748 -0.01568949 0.7050001 -0.02999985 -0.02999997 0.7050001 0.03000009 0.02999997 -0.7049999 0.02820819 0.01568955 -0.7049999 -0.02820748 0.01568955 -0.7049999 -0.02999985 0.02999997 -0.7049999 -0.02999985 0.02999997 0.7050001 -0.02820748 0.01568955 0.7050001 0.02820819 0.01568955 0.7050001 0.03000009 0.02999997 0.7050001 -0.04999989 -0.02999997 0 -0.04999989 0.02999997 0 0.05000013 0.02999997 0 0.05000013 -0.02999997 0 0.03000009 -0.02999997 0 0.02820819 -0.01568949 0 -0.02820748 -0.01568949 0 -0.02999985 -0.02999997 0 -0.02999985 0.02999997 0 -0.02820748 0.01568955 0 0.02820819 0.01568955 0 0.03000009 0.02999997 0 0.170005 -0.03534936 0.6913124 -0.08999484 -0.03534936 0.6913124 0.170005 -0.02214455 0.6927672 -0.08999484 -0.02214455 0.6927672 0.170005 -0.00226742 0.6949843 -0.08999484 -0.00226742 0.6949843 0.170005 0.01260745 0.6963121 -0.08999484 0.01260745 0.6963121 0.170005 0.01879686 0.6971238 -0.08999484 0.01879686 0.6971238 0.170005 0.01972353 0.6975755 -0.08999484 0.01972353 0.6975755 0.170005 0.0204479 0.6981742 -0.08999484 0.0204479 0.6981742 0.170005 0.02099299 0.6989437 -0.08999484 0.02099299 0.6989437 0.170005 0.02138185 0.6999079 -0.08999484 0.02138185 0.6999079 0.170005 0.02163749 0.7010905 -0.08999484 0.02163749 0.7010905 0.170005 0.02183485 0.706186 -0.08999484 0.02183485 0.706186 0.170005 0.02089452 0.714869 -0.08999484 0.02089452 0.714869 0.170005 0.01927638 0.7239607 -0.08999484 0.01927638 0.7239607 0.1700051 0.01841759 0.7336223 -0.08999484 0.01841759 0.7336223 0.1700048 -0.03534919 -0.6897384 -0.08999514 -0.03534919 -0.6897384 0.1700048 -0.02214437 -0.6911931 -0.08999514 -0.02214437 -0.6911931 0.1700048 -0.002267241 -0.6934103 -0.08999514 -0.002267241 -0.6934103 0.1700048 0.01260763 -0.6947381 -0.08999514 0.01260763 -0.6947381 0.1700048 0.01764512 -0.6952213 -0.08999514 0.01764512 -0.6952213 0.1700048 0.01879703 -0.6955497 -0.08999514 0.01879703 -0.6955497 0.1700048 0.01972371 -0.6960014 -0.08999514 0.01972371 -0.6960014 0.1700048 0.02044808 -0.6966001 -0.08999514 0.02044808 -0.6966001 0.1700048 0.02099317 -0.6973697 -0.08999514 0.02099317 -0.6973697 0.1700048 0.02138203 -0.6983339 -0.08999514 0.02138203 -0.6983339 0.1700048 0.02183502 -0.704612 -0.08999514 0.02183502 -0.704612 0.1700048 0.0208947 -0.7132949 -0.08999514 0.0208947 -0.7132949 0.1700048 0.01927655 -0.7223867 -0.08999514 0.01927655 -0.7223867 0.1700048 0.01841777 -0.7320482 -0.08999514 0.01841777 -0.7320482</float_array>
          <technique_common>
            <accessor source="#estanteria-travesaños_002-mesh-positions-array" count="92" stride="3">
              <param name="X" type="float"/>
              <param name="Y" type="float"/>
              <param name="Z" type="float"/>
            </accessor>
          </technique_common>
        </source>
        <source id="estanteria-travesaños_002-mesh-normals">
          <float_array id="estanteria-travesaños_002-mesh-normals-array" count="132">-1 0 0 0 1 0 1 0 0 0 -1 0 -0.9922513 -0.1242473 0 0 -1 0 0.9922476 -0.1242768 0 0.9922476 0.1242771 0 0 1 0 -0.9922514 0.1242471 0 -0.9922513 0.1242473 0 0 1 0 0.9922476 0.1242769 0 0.9922476 -0.124277 0 0 -1 0 -0.9922514 -0.124247 0 0 0.09988743 -0.9949989 0 0.1094701 -0.9939901 0 0.2878239 -0.9576834 0 0.9920985 -0.1254619 0 0.9994031 0.03454738 0 0.5414177 -0.8407539 0 0.7329251 -0.6803095 0 0.8776669 -0.4792712 0 0.9558925 -0.293717 0 0.9899361 0.1415153 0 0.9912506 0.1319938 0 0.9960731 0.08853507 0 0.1095036 -0.9939864 0 0.1101736 -0.9939124 0 -0.09988743 -0.9949989 0 -0.09219765 -0.9957408 0 -0.1855874 -0.9826278 0 -0.1095036 -0.9939864 0 -0.1101736 -0.9939124 0 -0.9998396 0.01791477 0 -0.9899361 0.1415153 0 -0.3575369 -0.9338991 0 -0.5414177 -0.8407539 0 -0.7329251 -0.6803095 0 -0.8776669 -0.4792712 0 -0.9741929 -0.2257176 0 -0.9912506 0.1319938 0 -0.9960731 0.08853507</float_array>
          <technique_common>
            <accessor source="#estanteria-travesaños_002-mesh-normals-array" count="44" stride="3">
              <param name="X" type="float"/>
              <param name="Y" type="float"/>
              <param name="Z" type="float"/>
            </accessor>
          </technique_common>
        </source>
        <source id="estanteria-travesaños_002-mesh-map-0">
          <float_array id="estanteria-travesaños_002-mesh-map-0-array" count="400">0.151064 0.6524576 0.151064 0.701089 0.1469251 0.701089 0.1469252 0.6524576 0.2302654 0.6659535 0.2302654 0.6974025 0.2289909 0.6974026 0.2289907 0.6659535 0.151064 0.6524576 0.151064 0.701089 0.1469251 0.701089 0.1469252 0.6524576 0.2302654 0.6659535 0.2302654 0.6974025 0.2289909 0.6974026 0.2289907 0.6659535 0.2356988 0.6659535 0.2356988 0.6974025 0.2347797 0.6974025 0.2347797 0.6659535 0.2369735 0.6659535 0.2369733 0.6974025 0.2356988 0.6974025 0.2356988 0.6659535 0.2347797 0.6659535 0.2347797 0.6974025 0.2311845 0.6974025 0.2311846 0.6659535 0.2311846 0.6659535 0.2311845 0.6974025 0.2302654 0.6974025 0.2302654 0.6659535 0.2369735 0.6659535 0.2369732 0.6974026 0.2356987 0.6974026 0.2356988 0.6659535 0.2356988 0.6659535 0.2356987 0.6974026 0.2347796 0.6974026 0.2347797 0.6659535 0.2347797 0.6659535 0.2347796 0.6974026 0.2311844 0.6974025 0.2311846 0.6659535 0.2311846 0.6659535 0.2311844 0.6974025 0.2302654 0.6974025 0.2302654 0.6659535 0.2311846 0.6973936 0.2311845 0.6659446 0.2302654 0.6659446 0.2302654 0.6973936 0.2347797 0.6973936 0.2347797 0.6659446 0.2311845 0.6659446 0.2311846 0.6973936 0.2356988 0.6973936 0.2356988 0.6659446 0.2347797 0.6659446 0.2347797 0.6973936 0.2369735 0.6973935 0.2369733 0.6659446 0.2356988 0.6659446 0.2356988 0.6973936 0.2311974 0.6974026 0.2311974 0.6659535 0.2302783 0.6659535 0.2302782 0.6974026 0.2347925 0.6974026 0.2347926 0.6659535 0.2311974 0.6659535 0.2311974 0.6974026 0.2369863 0.6974026 0.2369862 0.6659535 0.2357116 0.6659535 0.2357116 0.6974026 0.2357116 0.6974026 0.2357116 0.6659535 0.2347926 0.6659535 0.2347925 0.6974026 0.2302782 0.6974026 0.2302783 0.6659535 0.2290038 0.6659535 0.2290036 0.6974026 0.151064 0.6524576 0.151064 0.701089 0.1469251 0.701089 0.1469252 0.6524576 0.2302654 0.6973936 0.2302654 0.6659446 0.2289909 0.6659446 0.2289907 0.6973936 0.151064 0.6524576 0.151064 0.701089 0.1469251 0.701089 0.1469252 0.6524576 0 0.5 0 0.5 0 0.5 0 0.5 0 0.5 0 0.5 0 0.5 0 0.5 0 0.5 0 0.5 0 0.5 0 0.5 0 0.5 0 0.5 0 0.5 0 0.5 0 0.5 0 0.5 0 0.5 0 0.5 0 0.5 0 0.5 0 0.5 0 0.5 0 0.5 0 0.5 0 0.5 0 0.5 0 0.5 0 0.5 0 0.5 0 0.5 0 0.5 0 0.5 0 0.5 0 0.5 0 0.5 0 0.5 0 0.5 0 0.5 0 0.5 0 0.5 0 0.5 0 0.5 0 0.5 0 0.5 0 0.5 0 0.5 0 0.5 0 0.5 0 0.5 0 0.5 0 0.5 0 0.5 0 0.5 0 0.5 0 0.5 0 0.5 0 0.5 0 0.5 0 0.5 0 0.5 0 0.5 0 0.5 0 0.5 0 0.5 0 0.5 0 0.5 0 0.5 0 0.5 0 0.5 0 0.5 0 0.5 0 0.5 0 0.5 0 0.5 0 0.5 0 0.5 0 0.5 0 0.5 0 0.5 0 0.5 0 0.5 0 0.5 0 0.5 0 0.5 0 0.5 0 0.5 0 0.5 0 0.5 0 0.5 0 0.5 0 0.5 0 0.5 0 0.5 0 0.5 0 0.5 0 0.5 0 0.5 0 0.5 0 0.5 0 0.5 0 0.5 0 0.5</float_array>
          <technique_common>
            <accessor source="#estanteria-travesaños_002-mesh-map-0-array" count="200" stride="2">
              <param name="S" type="float"/>
              <param name="T" type="float"/>
            </accessor>
          </technique_common>
        </source>
        <vertices id="estanteria-travesaños_002-mesh-vertices">
          <input semantic="POSITION" source="#estanteria-travesaños_002-mesh-positions"/>
        </vertices>
        <polylist material="hiper-atlas-material" count="50">
          <input semantic="VERTEX" source="#estanteria-travesaños_002-mesh-vertices" offset="0"/>
          <input semantic="NORMAL" source="#estanteria-travesaños_002-mesh-normals" offset="1"/>
          <input semantic="TEXCOORD" source="#estanteria-travesaños_002-mesh-map-0" offset="2" set="0"/>
          <vcount>4 4 4 4 4 4 4 4 4 4 4 4 4 4 4 4 4 4 4 4 4 4 4 4 4 4 4 4 4 4 4 4 4 4 4 4 4 4 4 4 4 4 4 4 4 4 4 4 4 4 </vcount>
          <p>24 0 0 1 0 1 3 0 2 25 0 3 35 1 4 23 1 5 7 1 6 26 1 7 26 2 8 7 2 9 5 2 10 27 2 11 31 3 12 15 3 13 1 3 14 24 3 15 28 4 16 12 4 17 13 4 18 29 4 19 27 3 20 5 3 21 12 3 22 28 3 23 29 5 24 13 5 25 14 5 26 30 5 27 30 6 28 14 6 29 15 6 30 31 6 31 25 1 32 3 1 33 20 1 34 32 1 35 32 7 36 20 7 37 21 7 38 33 7 39 33 8 40 21 8 41 22 8 42 34 8 43 34 9 44 22 9 45 23 9 46 35 9 47 17 10 48 34 10 49 35 10 50 16 10 51 18 11 52 33 11 53 34 11 54 17 11 55 19 12 56 32 12 57 33 12 58 18 12 59 2 1 60 25 1 61 32 1 62 19 1 63 9 13 64 30 13 65 31 13 66 8 13 67 10 14 68 29 14 69 30 14 70 9 14 71 4 3 72 27 3 73 28 3 74 11 3 75 11 15 76 28 15 77 29 15 78 10 15 79 8 3 80 31 3 81 24 3 82 0 3 83 6 2 84 26 2 85 27 2 86 4 2 87 16 1 88 35 1 89 26 1 90 6 1 91 0 0 92 24 0 93 25 0 94 2 0 95 41 16 96 43 17 97 42 17 98 40 16 99 43 17 100 45 18 101 44 18 102 42 17 103 55 19 104 57 20 105 56 20 106 54 19 107 45 18 108 47 21 109 46 21 110 44 18 111 47 21 112 49 22 113 48 22 114 46 21 115 49 22 116 51 23 117 50 23 118 48 22 119 51 23 120 53 24 121 52 24 122 50 23 123 53 24 124 55 19 125 54 19 126 52 24 127 57 20 128 59 25 129 58 25 130 56 20 131 59 25 132 61 26 133 60 26 134 58 25 135 61 26 136 63 27 137 62 27 138 60 26 139 37 28 140 39 29 141 38 29 142 36 28 143 39 29 144 41 16 145 40 16 146 38 29 147 69 30 148 71 31 149 70 31 150 68 30 151 71 31 152 73 32 153 72 32 154 70 31 155 65 33 156 67 34 157 66 34 158 64 33 159 85 35 160 87 36 161 86 36 162 84 35 163 73 32 164 75 37 165 74 37 166 72 32 167 75 37 168 77 38 169 76 38 170 74 37 171 77 38 172 79 39 173 78 39 174 76 38 175 79 39 176 81 40 177 80 40 178 78 39 179 81 40 180 83 41 181 82 41 182 80 40 183 87 36 184 89 42 185 88 42 186 86 36 187 89 42 188 91 43 189 90 43 190 88 42 191 83 41 192 85 35 193 84 35 194 82 41 195 67 34 196 69 30 197 68 30 198 66 34 199</p>
        </polylist>
      </mesh>
    </geometry>
    <geometry id="estanteria-travesaños_001-mesh" name="estanteria-travesaños.001">
      <mesh>
        <source id="estanteria-travesaños_001-mesh-positions">
          <float_array id="estanteria-travesaños_001-mesh-positions-array" count="276">-0.04999989 -0.02999997 -0.7049999 -0.04999989 -0.02999997 0.7050001 -0.04999989 0.02999997 -0.7049999 -0.04999989 0.02999997 0.7050001 0.05000013 -0.02999997 -0.7049999 0.05000013 -0.02999997 0.7050001 0.05000013 0.02999997 -0.7049999 0.05000013 0.02999997 0.7050001 -0.02999985 -0.02999997 -0.7049999 -0.02820748 -0.01568949 -0.7049999 0.02820819 -0.01568949 -0.7049999 0.03000009 -0.02999997 -0.7049999 0.03000009 -0.02999997 0.7050001 0.02820819 -0.01568949 0.7050001 -0.02820748 -0.01568949 0.7050001 -0.02999985 -0.02999997 0.7050001 0.03000009 0.02999997 -0.7049999 0.02820819 0.01568955 -0.7049999 -0.02820748 0.01568955 -0.7049999 -0.02999985 0.02999997 -0.7049999 -0.02999985 0.02999997 0.7050001 -0.02820748 0.01568955 0.7050001 0.02820819 0.01568955 0.7050001 0.03000009 0.02999997 0.7050001 -0.04999989 -0.02999997 0 -0.04999989 0.02999997 0 0.05000013 0.02999997 0 0.05000013 -0.02999997 0 0.03000009 -0.02999997 0 0.02820819 -0.01568949 0 -0.02820748 -0.01568949 0 -0.02999985 -0.02999997 0 -0.02999985 0.02999997 0 -0.02820748 0.01568955 0 0.02820819 0.01568955 0 0.03000009 0.02999997 0 0.170005 -0.03534936 0.6913124 -0.08999484 -0.03534936 0.6913124 0.170005 -0.02214455 0.6927672 -0.08999484 -0.02214455 0.6927672 0.170005 -0.00226742 0.6949843 -0.08999484 -0.00226742 0.6949843 0.170005 0.01260745 0.6963121 -0.08999484 0.01260745 0.6963121 0.170005 0.01879686 0.6971238 -0.08999484 0.01879686 0.6971238 0.170005 0.01972353 0.6975755 -0.08999484 0.01972353 0.6975755 0.170005 0.0204479 0.6981742 -0.08999484 0.0204479 0.6981742 0.170005 0.02099299 0.6989437 -0.08999484 0.02099299 0.6989437 0.170005 0.02138185 0.6999079 -0.08999484 0.02138185 0.6999079 0.170005 0.02163749 0.7010905 -0.08999484 0.02163749 0.7010905 0.170005 0.02183485 0.706186 -0.08999484 0.02183485 0.706186 0.170005 0.02089452 0.714869 -0.08999484 0.02089452 0.714869 0.170005 0.01927638 0.7239607 -0.08999484 0.01927638 0.7239607 0.1700051 0.01841759 0.7336223 -0.08999484 0.01841759 0.7336223 0.1700048 -0.03534919 -0.6897384 -0.08999514 -0.03534919 -0.6897384 0.1700048 -0.02214437 -0.6911931 -0.08999514 -0.02214437 -0.6911931 0.1700048 -0.002267241 -0.6934103 -0.08999514 -0.002267241 -0.6934103 0.1700048 0.01260763 -0.6947381 -0.08999514 0.01260763 -0.6947381 0.1700048 0.01764512 -0.6952213 -0.08999514 0.01764512 -0.6952213 0.1700048 0.01879703 -0.6955497 -0.08999514 0.01879703 -0.6955497 0.1700048 0.01972371 -0.6960014 -0.08999514 0.01972371 -0.6960014 0.1700048 0.02044808 -0.6966001 -0.08999514 0.02044808 -0.6966001 0.1700048 0.02099317 -0.6973697 -0.08999514 0.02099317 -0.6973697 0.1700048 0.02138203 -0.6983339 -0.08999514 0.02138203 -0.6983339 0.1700048 0.02183502 -0.704612 -0.08999514 0.02183502 -0.704612 0.1700048 0.0208947 -0.7132949 -0.08999514 0.0208947 -0.7132949 0.1700048 0.01927655 -0.7223867 -0.08999514 0.01927655 -0.7223867 0.1700048 0.01841777 -0.7320482 -0.08999514 0.01841777 -0.7320482</float_array>
          <technique_common>
            <accessor source="#estanteria-travesaños_001-mesh-positions-array" count="92" stride="3">
              <param name="X" type="float"/>
              <param name="Y" type="float"/>
              <param name="Z" type="float"/>
            </accessor>
          </technique_common>
        </source>
        <source id="estanteria-travesaños_001-mesh-normals">
          <float_array id="estanteria-travesaños_001-mesh-normals-array" count="132">-1 0 0 0 1 0 1 0 0 0 -1 0 -0.9922513 -0.1242473 0 0 -1 0 0.9922476 -0.1242768 0 0.9922476 0.1242771 0 0 1 0 -0.9922514 0.1242471 0 -0.9922513 0.1242473 0 0 1 0 0.9922476 0.1242769 0 0.9922476 -0.124277 0 0 -1 0 -0.9922514 -0.124247 0 0 0.09988743 -0.9949989 0 0.1094701 -0.9939901 0 0.2878239 -0.9576834 0 0.9920985 -0.1254619 0 0.9994031 0.03454738 0 0.5414177 -0.8407539 0 0.7329251 -0.6803095 0 0.8776669 -0.4792712 0 0.9558925 -0.293717 0 0.9899361 0.1415153 0 0.9912506 0.1319938 0 0.9960731 0.08853507 0 0.1095036 -0.9939864 0 0.1101736 -0.9939124 0 -0.09988743 -0.9949989 0 -0.09219765 -0.9957408 0 -0.1855874 -0.9826278 0 -0.1095036 -0.9939864 0 -0.1101736 -0.9939124 0 -0.9998396 0.01791477 0 -0.9899361 0.1415153 0 -0.3575369 -0.9338991 0 -0.5414177 -0.8407539 0 -0.7329251 -0.6803095 0 -0.8776669 -0.4792712 0 -0.9741929 -0.2257176 0 -0.9912506 0.1319938 0 -0.9960731 0.08853507</float_array>
          <technique_common>
            <accessor source="#estanteria-travesaños_001-mesh-normals-array" count="44" stride="3">
              <param name="X" type="float"/>
              <param name="Y" type="float"/>
              <param name="Z" type="float"/>
            </accessor>
          </technique_common>
        </source>
        <source id="estanteria-travesaños_001-mesh-map-0">
          <float_array id="estanteria-travesaños_001-mesh-map-0-array" count="400">0.151064 0.6524576 0.151064 0.701089 0.1469251 0.701089 0.1469252 0.6524576 0.2302654 0.6659535 0.2302654 0.6974025 0.2289909 0.6974026 0.2289907 0.6659535 0.151064 0.6524576 0.151064 0.701089 0.1469251 0.701089 0.1469252 0.6524576 0.2302654 0.6659535 0.2302654 0.6974025 0.2289909 0.6974026 0.2289907 0.6659535 0.2356988 0.6659535 0.2356988 0.6974025 0.2347797 0.6974025 0.2347797 0.6659535 0.2369735 0.6659535 0.2369733 0.6974025 0.2356988 0.6974025 0.2356988 0.6659535 0.2347797 0.6659535 0.2347797 0.6974025 0.2311845 0.6974025 0.2311846 0.6659535 0.2311846 0.6659535 0.2311845 0.6974025 0.2302654 0.6974025 0.2302654 0.6659535 0.2369735 0.6659535 0.2369732 0.6974026 0.2356987 0.6974026 0.2356988 0.6659535 0.2356988 0.6659535 0.2356987 0.6974026 0.2347796 0.6974026 0.2347797 0.6659535 0.2347797 0.6659535 0.2347796 0.6974026 0.2311844 0.6974025 0.2311846 0.6659535 0.2311846 0.6659535 0.2311844 0.6974025 0.2302654 0.6974025 0.2302654 0.6659535 0.2311846 0.6973936 0.2311845 0.6659446 0.2302654 0.6659446 0.2302654 0.6973936 0.2347797 0.6973936 0.2347797 0.6659446 0.2311845 0.6659446 0.2311846 0.6973936 0.2356988 0.6973936 0.2356988 0.6659446 0.2347797 0.6659446 0.2347797 0.6973936 0.2369735 0.6973935 0.2369733 0.6659446 0.2356988 0.6659446 0.2356988 0.6973936 0.2311974 0.6974026 0.2311974 0.6659535 0.2302783 0.6659535 0.2302782 0.6974026 0.2347925 0.6974026 0.2347926 0.6659535 0.2311974 0.6659535 0.2311974 0.6974026 0.2369863 0.6974026 0.2369862 0.6659535 0.2357116 0.6659535 0.2357116 0.6974026 0.2357116 0.6974026 0.2357116 0.6659535 0.2347926 0.6659535 0.2347925 0.6974026 0.2302782 0.6974026 0.2302783 0.6659535 0.2290038 0.6659535 0.2290036 0.6974026 0.151064 0.6524576 0.151064 0.701089 0.1469251 0.701089 0.1469252 0.6524576 0.2302654 0.6973936 0.2302654 0.6659446 0.2289909 0.6659446 0.2289907 0.6973936 0.151064 0.6524576 0.151064 0.701089 0.1469251 0.701089 0.1469252 0.6524576 0 0.5 0 0.5 0 0.5 0 0.5 0 0.5 0 0.5 0 0.5 0 0.5 0 0.5 0 0.5 0 0.5 0 0.5 0 0.5 0 0.5 0 0.5 0 0.5 0 0.5 0 0.5 0 0.5 0 0.5 0 0.5 0 0.5 0 0.5 0 0.5 0 0.5 0 0.5 0 0.5 0 0.5 0 0.5 0 0.5 0 0.5 0 0.5 0 0.5 0 0.5 0 0.5 0 0.5 0 0.5 0 0.5 0 0.5 0 0.5 0 0.5 0 0.5 0 0.5 0 0.5 0 0.5 0 0.5 0 0.5 0 0.5 0 0.5 0 0.5 0 0.5 0 0.5 0 0.5 0 0.5 0 0.5 0 0.5 0 0.5 0 0.5 0 0.5 0 0.5 0 0.5 0 0.5 0 0.5 0 0.5 0 0.5 0 0.5 0 0.5 0 0.5 0 0.5 0 0.5 0 0.5 0 0.5 0 0.5 0 0.5 0 0.5 0 0.5 0 0.5 0 0.5 0 0.5 0 0.5 0 0.5 0 0.5 0 0.5 0 0.5 0 0.5 0 0.5 0 0.5 0 0.5 0 0.5 0 0.5 0 0.5 0 0.5 0 0.5 0 0.5 0 0.5 0 0.5 0 0.5 0 0.5 0 0.5 0 0.5 0 0.5 0 0.5 0 0.5 0 0.5</float_array>
          <technique_common>
            <accessor source="#estanteria-travesaños_001-mesh-map-0-array" count="200" stride="2">
              <param name="S" type="float"/>
              <param name="T" type="float"/>
            </accessor>
          </technique_common>
        </source>
        <vertices id="estanteria-travesaños_001-mesh-vertices">
          <input semantic="POSITION" source="#estanteria-travesaños_001-mesh-positions"/>
        </vertices>
        <polylist material="hiper-atlas-material" count="50">
          <input semantic="VERTEX" source="#estanteria-travesaños_001-mesh-vertices" offset="0"/>
          <input semantic="NORMAL" source="#estanteria-travesaños_001-mesh-normals" offset="1"/>
          <input semantic="TEXCOORD" source="#estanteria-travesaños_001-mesh-map-0" offset="2" set="0"/>
          <vcount>4 4 4 4 4 4 4 4 4 4 4 4 4 4 4 4 4 4 4 4 4 4 4 4 4 4 4 4 4 4 4 4 4 4 4 4 4 4 4 4 4 4 4 4 4 4 4 4 4 4 </vcount>
          <p>24 0 0 1 0 1 3 0 2 25 0 3 35 1 4 23 1 5 7 1 6 26 1 7 26 2 8 7 2 9 5 2 10 27 2 11 31 3 12 15 3 13 1 3 14 24 3 15 28 4 16 12 4 17 13 4 18 29 4 19 27 3 20 5 3 21 12 3 22 28 3 23 29 5 24 13 5 25 14 5 26 30 5 27 30 6 28 14 6 29 15 6 30 31 6 31 25 1 32 3 1 33 20 1 34 32 1 35 32 7 36 20 7 37 21 7 38 33 7 39 33 8 40 21 8 41 22 8 42 34 8 43 34 9 44 22 9 45 23 9 46 35 9 47 17 10 48 34 10 49 35 10 50 16 10 51 18 11 52 33 11 53 34 11 54 17 11 55 19 12 56 32 12 57 33 12 58 18 12 59 2 1 60 25 1 61 32 1 62 19 1 63 9 13 64 30 13 65 31 13 66 8 13 67 10 14 68 29 14 69 30 14 70 9 14 71 4 3 72 27 3 73 28 3 74 11 3 75 11 15 76 28 15 77 29 15 78 10 15 79 8 3 80 31 3 81 24 3 82 0 3 83 6 2 84 26 2 85 27 2 86 4 2 87 16 1 88 35 1 89 26 1 90 6 1 91 0 0 92 24 0 93 25 0 94 2 0 95 41 16 96 43 17 97 42 17 98 40 16 99 43 17 100 45 18 101 44 18 102 42 17 103 55 19 104 57 20 105 56 20 106 54 19 107 45 18 108 47 21 109 46 21 110 44 18 111 47 21 112 49 22 113 48 22 114 46 21 115 49 22 116 51 23 117 50 23 118 48 22 119 51 23 120 53 24 121 52 24 122 50 23 123 53 24 124 55 19 125 54 19 126 52 24 127 57 20 128 59 25 129 58 25 130 56 20 131 59 25 132 61 26 133 60 26 134 58 25 135 61 26 136 63 27 137 62 27 138 60 26 139 37 28 140 39 29 141 38 29 142 36 28 143 39 29 144 41 16 145 40 16 146 38 29 147 69 30 148 71 31 149 70 31 150 68 30 151 71 31 152 73 32 153 72 32 154 70 31 155 65 33 156 67 34 157 66 34 158 64 33 159 85 35 160 87 36 161 86 36 162 84 35 163 73 32 164 75 37 165 74 37 166 72 32 167 75 37 168 77 38 169 76 38 170 74 37 171 77 38 172 79 39 173 78 39 174 76 38 175 79 39 176 81 40 177 80 40 178 78 39 179 81 40 180 83 41 181 82 41 182 80 40 183 87 36 184 89 42 185 88 42 186 86 36 187 89 42 188 91 43 189 90 43 190 88 42 191 83 41 192 85 35 193 84 35 194 82 41 195 67 34 196 69 30 197 68 30 198 66 34 199</p>
        </polylist>
      </mesh>
    </geometry>
    <geometry id="estanteria-travesaños-mesh" name="estanteria-travesaños">
      <mesh>
        <source id="estanteria-travesaños-mesh-positions">
          <float_array id="estanteria-travesaños-mesh-positions-array" count="276">-0.04999989 -0.02999997 -0.7049999 -0.04999989 -0.02999997 0.7050001 -0.04999989 0.02999997 -0.7049999 -0.04999989 0.02999997 0.7050001 0.05000013 -0.02999997 -0.7049999 0.05000013 -0.02999997 0.7050001 0.05000013 0.02999997 -0.7049999 0.05000013 0.02999997 0.7050001 -0.02999985 -0.02999997 -0.7049999 -0.02820748 -0.01568949 -0.7049999 0.02820819 -0.01568949 -0.7049999 0.03000009 -0.02999997 -0.7049999 0.03000009 -0.02999997 0.7050001 0.02820819 -0.01568949 0.7050001 -0.02820748 -0.01568949 0.7050001 -0.02999985 -0.02999997 0.7050001 0.03000009 0.02999997 -0.7049999 0.02820819 0.01568955 -0.7049999 -0.02820748 0.01568955 -0.7049999 -0.02999985 0.02999997 -0.7049999 -0.02999985 0.02999997 0.7050001 -0.02820748 0.01568955 0.7050001 0.02820819 0.01568955 0.7050001 0.03000009 0.02999997 0.7050001 -0.04999989 -0.02999997 0 -0.04999989 0.02999997 0 0.05000013 0.02999997 0 0.05000013 -0.02999997 0 0.03000009 -0.02999997 0 0.02820819 -0.01568949 0 -0.02820748 -0.01568949 0 -0.02999985 -0.02999997 0 -0.02999985 0.02999997 0 -0.02820748 0.01568955 0 0.02820819 0.01568955 0 0.03000009 0.02999997 0 0.170005 -0.03534936 0.6913124 -0.08999484 -0.03534936 0.6913124 0.170005 -0.02214455 0.6927672 -0.08999484 -0.02214455 0.6927672 0.170005 -0.00226742 0.6949843 -0.08999484 -0.00226742 0.6949843 0.170005 0.01260745 0.6963121 -0.08999484 0.01260745 0.6963121 0.170005 0.01879686 0.6971238 -0.08999484 0.01879686 0.6971238 0.170005 0.01972353 0.6975755 -0.08999484 0.01972353 0.6975755 0.170005 0.0204479 0.6981742 -0.08999484 0.0204479 0.6981742 0.170005 0.02099299 0.6989437 -0.08999484 0.02099299 0.6989437 0.170005 0.02138185 0.6999079 -0.08999484 0.02138185 0.6999079 0.170005 0.02163749 0.7010905 -0.08999484 0.02163749 0.7010905 0.170005 0.02183485 0.706186 -0.08999484 0.02183485 0.706186 0.170005 0.02089452 0.714869 -0.08999484 0.02089452 0.714869 0.170005 0.01927638 0.7239607 -0.08999484 0.01927638 0.7239607 0.1700051 0.01841759 0.7336223 -0.08999484 0.01841759 0.7336223 0.1700048 -0.03534919 -0.6897384 -0.08999514 -0.03534919 -0.6897384 0.1700048 -0.02214437 -0.6911931 -0.08999514 -0.02214437 -0.6911931 0.1700048 -0.002267241 -0.6934103 -0.08999514 -0.002267241 -0.6934103 0.1700048 0.01260763 -0.6947381 -0.08999514 0.01260763 -0.6947381 0.1700048 0.01764512 -0.6952213 -0.08999514 0.01764512 -0.6952213 0.1700048 0.01879703 -0.6955497 -0.08999514 0.01879703 -0.6955497 0.1700048 0.01972371 -0.6960014 -0.08999514 0.01972371 -0.6960014 0.1700048 0.02044808 -0.6966001 -0.08999514 0.02044808 -0.6966001 0.1700048 0.02099317 -0.6973697 -0.08999514 0.02099317 -0.6973697 0.1700048 0.02138203 -0.6983339 -0.08999514 0.02138203 -0.6983339 0.1700048 0.02183502 -0.704612 -0.08999514 0.02183502 -0.704612 0.1700048 0.0208947 -0.7132949 -0.08999514 0.0208947 -0.7132949 0.1700048 0.01927655 -0.7223867 -0.08999514 0.01927655 -0.7223867 0.1700048 0.01841777 -0.7320482 -0.08999514 0.01841777 -0.7320482</float_array>
          <technique_common>
            <accessor source="#estanteria-travesaños-mesh-positions-array" count="92" stride="3">
              <param name="X" type="float"/>
              <param name="Y" type="float"/>
              <param name="Z" type="float"/>
            </accessor>
          </technique_common>
        </source>
        <source id="estanteria-travesaños-mesh-normals">
          <float_array id="estanteria-travesaños-mesh-normals-array" count="132">-1 0 0 0 1 0 1 0 0 0 -1 0 -0.9922513 -0.1242473 0 0 -1 0 0.9922476 -0.1242768 0 0.9922476 0.1242771 0 0 1 0 -0.9922514 0.1242471 0 -0.9922513 0.1242473 0 0 1 0 0.9922476 0.1242769 0 0.9922476 -0.124277 0 0 -1 0 -0.9922514 -0.124247 0 0 0.09988743 -0.9949989 0 0.1094701 -0.9939901 0 0.2878239 -0.9576834 0 0.9920985 -0.1254619 0 0.9994031 0.03454738 0 0.5414177 -0.8407539 0 0.7329251 -0.6803095 0 0.8776669 -0.4792712 0 0.9558925 -0.293717 0 0.9899361 0.1415153 0 0.9912506 0.1319938 0 0.9960731 0.08853507 0 0.1095036 -0.9939864 0 0.1101736 -0.9939124 0 -0.09988743 -0.9949989 0 -0.09219765 -0.9957408 0 -0.1855874 -0.9826278 0 -0.1095036 -0.9939864 0 -0.1101736 -0.9939124 0 -0.9998396 0.01791477 0 -0.9899361 0.1415153 0 -0.3575369 -0.9338991 0 -0.5414177 -0.8407539 0 -0.7329251 -0.6803095 0 -0.8776669 -0.4792712 0 -0.9741929 -0.2257176 0 -0.9912506 0.1319938 0 -0.9960731 0.08853507</float_array>
          <technique_common>
            <accessor source="#estanteria-travesaños-mesh-normals-array" count="44" stride="3">
              <param name="X" type="float"/>
              <param name="Y" type="float"/>
              <param name="Z" type="float"/>
            </accessor>
          </technique_common>
        </source>
        <source id="estanteria-travesaños-mesh-map-0">
          <float_array id="estanteria-travesaños-mesh-map-0-array" count="400">0.151064 0.6524576 0.151064 0.701089 0.1469251 0.701089 0.1469252 0.6524576 0.2302654 0.6659535 0.2302654 0.6974025 0.2289909 0.6974026 0.2289907 0.6659535 0.151064 0.6524576 0.151064 0.701089 0.1469251 0.701089 0.1469252 0.6524576 0.2302654 0.6659535 0.2302654 0.6974025 0.2289909 0.6974026 0.2289907 0.6659535 0.2356988 0.6659535 0.2356988 0.6974025 0.2347797 0.6974025 0.2347797 0.6659535 0.2369735 0.6659535 0.2369733 0.6974025 0.2356988 0.6974025 0.2356988 0.6659535 0.2347797 0.6659535 0.2347797 0.6974025 0.2311845 0.6974025 0.2311846 0.6659535 0.2311846 0.6659535 0.2311845 0.6974025 0.2302654 0.6974025 0.2302654 0.6659535 0.2369735 0.6659535 0.2369732 0.6974026 0.2356987 0.6974026 0.2356988 0.6659535 0.2356988 0.6659535 0.2356987 0.6974026 0.2347796 0.6974026 0.2347797 0.6659535 0.2347797 0.6659535 0.2347796 0.6974026 0.2311844 0.6974025 0.2311846 0.6659535 0.2311846 0.6659535 0.2311844 0.6974025 0.2302654 0.6974025 0.2302654 0.6659535 0.2311846 0.6973936 0.2311845 0.6659446 0.2302654 0.6659446 0.2302654 0.6973936 0.2347797 0.6973936 0.2347797 0.6659446 0.2311845 0.6659446 0.2311846 0.6973936 0.2356988 0.6973936 0.2356988 0.6659446 0.2347797 0.6659446 0.2347797 0.6973936 0.2369735 0.6973935 0.2369733 0.6659446 0.2356988 0.6659446 0.2356988 0.6973936 0.2311974 0.6974026 0.2311974 0.6659535 0.2302783 0.6659535 0.2302782 0.6974026 0.2347925 0.6974026 0.2347926 0.6659535 0.2311974 0.6659535 0.2311974 0.6974026 0.2369863 0.6974026 0.2369862 0.6659535 0.2357116 0.6659535 0.2357116 0.6974026 0.2357116 0.6974026 0.2357116 0.6659535 0.2347926 0.6659535 0.2347925 0.6974026 0.2302782 0.6974026 0.2302783 0.6659535 0.2290038 0.6659535 0.2290036 0.6974026 0.151064 0.6524576 0.151064 0.701089 0.1469251 0.701089 0.1469252 0.6524576 0.2302654 0.6973936 0.2302654 0.6659446 0.2289909 0.6659446 0.2289907 0.6973936 0.151064 0.6524576 0.151064 0.701089 0.1469251 0.701089 0.1469252 0.6524576 0 0.5 0 0.5 0 0.5 0 0.5 0 0.5 0 0.5 0 0.5 0 0.5 0 0.5 0 0.5 0 0.5 0 0.5 0 0.5 0 0.5 0 0.5 0 0.5 0 0.5 0 0.5 0 0.5 0 0.5 0 0.5 0 0.5 0 0.5 0 0.5 0 0.5 0 0.5 0 0.5 0 0.5 0 0.5 0 0.5 0 0.5 0 0.5 0 0.5 0 0.5 0 0.5 0 0.5 0 0.5 0 0.5 0 0.5 0 0.5 0 0.5 0 0.5 0 0.5 0 0.5 0 0.5 0 0.5 0 0.5 0 0.5 0 0.5 0 0.5 0 0.5 0 0.5 0 0.5 0 0.5 0 0.5 0 0.5 0 0.5 0 0.5 0 0.5 0 0.5 0 0.5 0 0.5 0 0.5 0 0.5 0 0.5 0 0.5 0 0.5 0 0.5 0 0.5 0 0.5 0 0.5 0 0.5 0 0.5 0 0.5 0 0.5 0 0.5 0 0.5 0 0.5 0 0.5 0 0.5 0 0.5 0 0.5 0 0.5 0 0.5 0 0.5 0 0.5 0 0.5 0 0.5 0 0.5 0 0.5 0 0.5 0 0.5 0 0.5 0 0.5 0 0.5 0 0.5 0 0.5 0 0.5 0 0.5 0 0.5 0 0.5 0 0.5 0 0.5 0 0.5</float_array>
          <technique_common>
            <accessor source="#estanteria-travesaños-mesh-map-0-array" count="200" stride="2">
              <param name="S" type="float"/>
              <param name="T" type="float"/>
            </accessor>
          </technique_common>
        </source>
        <vertices id="estanteria-travesaños-mesh-vertices">
          <input semantic="POSITION" source="#estanteria-travesaños-mesh-positions"/>
        </vertices>
        <polylist material="hiper-atlas-material" count="50">
          <input semantic="VERTEX" source="#estanteria-travesaños-mesh-vertices" offset="0"/>
          <input semantic="NORMAL" source="#estanteria-travesaños-mesh-normals" offset="1"/>
          <input semantic="TEXCOORD" source="#estanteria-travesaños-mesh-map-0" offset="2" set="0"/>
          <vcount>4 4 4 4 4 4 4 4 4 4 4 4 4 4 4 4 4 4 4 4 4 4 4 4 4 4 4 4 4 4 4 4 4 4 4 4 4 4 4 4 4 4 4 4 4 4 4 4 4 4 </vcount>
          <p>24 0 0 1 0 1 3 0 2 25 0 3 35 1 4 23 1 5 7 1 6 26 1 7 26 2 8 7 2 9 5 2 10 27 2 11 31 3 12 15 3 13 1 3 14 24 3 15 28 4 16 12 4 17 13 4 18 29 4 19 27 3 20 5 3 21 12 3 22 28 3 23 29 5 24 13 5 25 14 5 26 30 5 27 30 6 28 14 6 29 15 6 30 31 6 31 25 1 32 3 1 33 20 1 34 32 1 35 32 7 36 20 7 37 21 7 38 33 7 39 33 8 40 21 8 41 22 8 42 34 8 43 34 9 44 22 9 45 23 9 46 35 9 47 17 10 48 34 10 49 35 10 50 16 10 51 18 11 52 33 11 53 34 11 54 17 11 55 19 12 56 32 12 57 33 12 58 18 12 59 2 1 60 25 1 61 32 1 62 19 1 63 9 13 64 30 13 65 31 13 66 8 13 67 10 14 68 29 14 69 30 14 70 9 14 71 4 3 72 27 3 73 28 3 74 11 3 75 11 15 76 28 15 77 29 15 78 10 15 79 8 3 80 31 3 81 24 3 82 0 3 83 6 2 84 26 2 85 27 2 86 4 2 87 16 1 88 35 1 89 26 1 90 6 1 91 0 0 92 24 0 93 25 0 94 2 0 95 41 16 96 43 17 97 42 17 98 40 16 99 43 17 100 45 18 101 44 18 102 42 17 103 55 19 104 57 20 105 56 20 106 54 19 107 45 18 108 47 21 109 46 21 110 44 18 111 47 21 112 49 22 113 48 22 114 46 21 115 49 22 116 51 23 117 50 23 118 48 22 119 51 23 120 53 24 121 52 24 122 50 23 123 53 24 124 55 19 125 54 19 126 52 24 127 57 20 128 59 25 129 58 25 130 56 20 131 59 25 132 61 26 133 60 26 134 58 25 135 61 26 136 63 27 137 62 27 138 60 26 139 37 28 140 39 29 141 38 29 142 36 28 143 39 29 144 41 16 145 40 16 146 38 29 147 69 30 148 71 31 149 70 31 150 68 30 151 71 31 152 73 32 153 72 32 154 70 31 155 65 33 156 67 34 157 66 34 158 64 33 159 85 35 160 87 36 161 86 36 162 84 35 163 73 32 164 75 37 165 74 37 166 72 32 167 75 37 168 77 38 169 76 38 170 74 37 171 77 38 172 79 39 173 78 39 174 76 38 175 79 39 176 81 40 177 80 40 178 78 39 179 81 40 180 83 41 181 82 41 182 80 40 183 87 36 184 89 42 185 88 42 186 86 36 187 89 42 188 91 43 189 90 43 190 88 42 191 83 41 192 85 35 193 84 35 194 82 41 195 67 34 196 69 30 197 68 30 198 66 34 199</p>
        </polylist>
      </mesh>
    </geometry>
    <geometry id="estanteria-metal-mesh" name="estanteria-metal">
      <mesh>
        <source id="estanteria-metal-mesh-positions">
          <float_array id="estanteria-metal-mesh-positions-array" count="486">1 0.3626023 1.8 1 0.3626023 0 1 -0.3626023 1.8 1 -0.3626023 0 -1 0.3626023 1.8 -1 0.3626023 0 -1 -0.3626023 1.8 -1 -0.3626023 0 1 0.3626023 1.422 1 0.3626023 1.017499 1 0.3626023 0.6129978 1 0.3626023 0.217397 -1 -0.3626023 0.217397 -1 -0.3626023 0.6129978 -1 -0.3626023 1.017499 -1 -0.3626023 1.422 1 -0.3626023 1.422 1 -0.3626023 1.017499 1 -0.3626023 0.6129978 1 -0.3626023 0.217397 -1 0.3626023 1.422 -1 0.3626023 1.017499 -1 0.3626023 0.6129978 -1 0.3626023 0.217397 0 0.3626023 0 0 -0.3626023 1.8 0 -0.3626023 0 0 0.3626023 1.8 0 0.3626023 0.217397 0 0.3626023 0.6129978 0 0.3626023 1.017499 0 0.3626023 1.422 0 -0.3626023 0.217397 0 -0.3626023 0.6129978 0 -0.3626023 1.017499 0 -0.3626023 1.422 0 0.3160963 1.8 -0.953494 0.3160963 1.8 -0.953494 -0.3160963 1.8 0 -0.3160963 1.8 -0.04650598 -0.3626023 1.468506 -0.04650598 -0.3626023 1.753494 -0.953494 -0.3626023 1.753494 -0.953494 -0.3626023 1.468506 -1 -0.3160963 1.468506 -1 -0.3160963 1.753494 -1 0.3160963 1.753494 -1 0.3160963 1.468506 1 0.3160963 1.468506 1 0.3160963 1.753494 1 -0.3160963 1.753494 1 -0.3160963 1.468506 0.04650598 0.3626023 1.468506 0.04650598 0.3626023 1.753494 0.953494 0.3626023 1.753494 0.953494 0.3626023 1.468506 0.04650598 0.3626023 0.001256883 0.04650598 0.3626023 0.170891 0.953494 0.3626023 0.170891 0.953494 0.3626023 0.001256883 0.04650598 0.3626023 0.263903 0.04650598 0.3626023 0.5664918 0.953494 0.3626023 0.5664918 0.953494 0.3626023 0.263903 0.04650598 0.3626023 0.6595038 0.04650598 0.3626023 0.9709929 0.953494 0.3626023 0.9709929 0.953494 0.3626023 0.6595038 0.04650598 0.3626023 1.064005 0.04650598 0.3626023 1.375494 0.953494 0.3626023 1.375494 0.953494 0.3626023 1.064005 1 0.3160963 0.001256883 1 0.3160963 0.170891 1 -0.3160963 0.170891 1 -0.3160963 0.001256883 1 0.3160963 0.263903 1 0.3160963 0.5664918 1 -0.3160963 0.5664918 1 -0.3160963 0.263903 1 0.3160963 0.6595038 1 0.3160963 0.9709929 1 -0.3160963 0.9709929 1 -0.3160963 0.6595038 1 0.3160963 1.064005 1 0.3160963 1.375494 1 -0.3160963 1.375494 1 -0.3160963 1.064005 -1 -0.3160963 0.001256883 -1 -0.3160963 0.170891 -1 0.3160963 0.170891 -1 0.3160963 0.001256883 -1 -0.3160963 0.263903 -1 -0.3160963 0.5664919 -1 0.3160963 0.5664918 -1 0.3160963 0.263903 -1 -0.3160963 0.6595038 -1 -0.3160963 0.9709929 -1 0.3160963 0.9709929 -1 0.3160963 0.6595038 -1 -0.3160963 1.064005 -1 -0.3160963 1.375494 -1 0.3160963 1.375494 -1 0.3160963 1.064005 -0.04650598 -0.3626023 0.001256883 -0.04650598 -0.3626023 0.170891 -0.953494 -0.3626023 0.170891 -0.953494 -0.3626023 0.001256883 -0.04650598 -0.3626023 0.263903 -0.04650598 -0.3626023 0.5664918 -0.953494 -0.3626023 0.5664919 -0.953494 -0.3626023 0.263903 -0.04650598 -0.3626023 0.6595038 -0.04650598 -0.3626023 0.9709929 -0.953494 -0.3626023 0.9709929 -0.953494 -0.3626023 0.6595038 -0.04650598 -0.3626023 1.064005 -0.04650598 -0.3626023 1.375494 -0.953494 -0.3626023 1.375494 -0.953494 -0.3626023 1.064005 0.953494 -0.3626023 1.064005 0.953494 -0.3626023 1.375494 0.04650598 -0.3626023 1.375494 0.04650598 -0.3626023 1.064005 0.953494 -0.3626023 0.6595038 0.953494 -0.3626023 0.9709929 0.04650598 -0.3626023 0.9709929 0.04650598 -0.3626023 0.6595038 0.953494 -0.3626023 0.263903 0.953494 -0.3626023 0.5664918 0.04650598 -0.3626023 0.5664918 0.04650598 -0.3626023 0.263903 0.953494 -0.3626023 0.001256883 0.953494 -0.3626023 0.170891 0.04650598 -0.3626023 0.170891 0.04650598 -0.3626023 0.001256883 -0.953494 0.3626023 1.064005 -0.953494 0.3626023 1.375494 -0.04650598 0.3626023 1.375494 -0.04650598 0.3626023 1.064005 -0.953494 0.3626023 0.6595038 -0.953494 0.3626023 0.9709929 -0.04650598 0.3626023 0.9709929 -0.04650598 0.3626023 0.6595038 -0.953494 0.3626023 0.263903 -0.953494 0.3626023 0.5664918 -0.04650598 0.3626023 0.5664918 -0.04650598 0.3626023 0.263903 -0.953494 0.3626023 0.001256883 -0.953494 0.3626023 0.170891 -0.04650598 0.3626023 0.170891 -0.04650598 0.3626023 0.001256883 -0.953494 0.3626023 1.468506 -0.953494 0.3626023 1.753494 -0.04650598 0.3626023 1.753494 -0.04650598 0.3626023 1.468506 0.953494 -0.3626023 1.468506 0.953494 -0.3626023 1.753494 0.04650598 -0.3626023 1.753494 0.04650598 -0.3626023 1.468506 0.953494 0.3160963 1.8 0.953494 -0.3160963 1.8</float_array>
          <technique_common>
            <accessor source="#estanteria-metal-mesh-positions-array" count="162" stride="3">
              <param name="X" type="float"/>
              <param name="Y" type="float"/>
              <param name="Z" type="float"/>
            </accessor>
          </technique_common>
        </source>
        <source id="estanteria-metal-mesh-normals">
          <float_array id="estanteria-metal-mesh-normals-array" count="63">0 0 1 -3.7768e-6 0 1 0 -1 0 0 -1 -6.72083e-7 0 -1 6.72083e-7 -1 0 0 1 0 0 0 1 0 0 1 -6.72083e-7 0 1 6.72083e-7 0 1 -6.72084e-7 0 1 6.72083e-7 0 1 6.72084e-7 1 -1.83568e-6 0 1 1.83568e-6 0 -1 -1.83568e-6 0 0 -1 -6.72084e-7 0 -1 6.72083e-7 0 -1 0 0 -1 6.72084e-7 3.7768e-6 0 1</float_array>
          <technique_common>
            <accessor source="#estanteria-metal-mesh-normals-array" count="21" stride="3">
              <param name="X" type="float"/>
              <param name="Y" type="float"/>
              <param name="Z" type="float"/>
            </accessor>
          </technique_common>
        </source>
        <source id="estanteria-metal-mesh-map-0">
          <float_array id="estanteria-metal-mesh-map-0-array" count="960">0.4489957 0.7465108 0.4489958 0.6520408 0.4533892 0.6564342 0.4533892 0.7465108 0.4383153 0.5974121 0.4383152 0.507334 0.4440918 0.5131105 0.4440918 0.5916356 0.4489957 0.7465112 0.4489958 0.6520408 0.4533892 0.6520408 0.4533892 0.7421178 0.4446495 0.5992141 0.4446495 0.6461658 0.4388729 0.6403892 0.4388729 0.6049907 0.4489958 0.6520408 0.4489957 0.7465112 0.4446022 0.7421178 0.4446023 0.6564343 0.4446495 0.6461659 0.4446495 0.5992141 0.450426 0.6049907 0.450426 0.6403893 0.4577614 0.6019785 0.4577615 0.5019646 0.4624128 0.5066159 0.4624127 0.5973272 0.4446495 0.5992141 0.4446495 0.6461659 0.4388729 0.6403893 0.4388729 0.6049907 0.4383152 0.507334 0.4383153 0.5974121 0.4325387 0.5916356 0.4325387 0.5131105 0.4446495 0.6461658 0.4446495 0.5992141 0.450426 0.6049907 0.450426 0.6403892 0.4383152 0.5974121 0.4383152 0.507334 0.4440917 0.5131105 0.4440918 0.5916356 0.4444737 0.5993899 0.4444737 0.6463416 0.4386972 0.640565 0.4386972 0.6051664 0.4383153 0.5974121 0.4383152 0.507334 0.4440918 0.5131105 0.4440918 0.5916356 0.4446495 0.6461658 0.4446495 0.5992141 0.450426 0.6049907 0.450426 0.6403892 0.4383152 0.507334 0.4383152 0.5974121 0.4325387 0.5916356 0.4325386 0.5131105 0.4446495 0.5992141 0.4446495 0.6461658 0.4388729 0.6403892 0.4388729 0.6049907 0.4489957 0.6520408 0.4489957 0.7465112 0.4446022 0.7421178 0.4446023 0.6564343 0.4444737 0.6463416 0.4444737 0.5993899 0.4502502 0.6051665 0.4502502 0.640565 0.4577615 0.5019646 0.4577614 0.6019785 0.4531102 0.5973272 0.4531102 0.5066159 0.2557765 0.722997 0.2557765 0.75 0.25 0.7442235 0.25 0.7231531 0.4577614 0.6019784 0.4577615 0.5019646 0.4624127 0.5066159 0.4624127 0.5973271 0.2557765 0.75 0.2557765 0.722997 0.2615531 0.7231531 0.2615531 0.7442235 0.4446495 0.6483519 0.4446495 0.5992141 0.450426 0.6049907 0.450426 0.6425754 0.4577614 0.6019784 0.4577615 0.5019646 0.4624127 0.5066159 0.4624127 0.5973271 0.4446495 0.5992141 0.4446495 0.6483519 0.4388729 0.6425754 0.4388729 0.6049907 0.4577615 0.5019646 0.4577614 0.6019784 0.4531102 0.5973272 0.4531102 0.5066159 0.4446495 0.5992141 0.4446495 0.6494575 0.4388729 0.6436809 0.4388729 0.6049907 0.4577615 0.5019646 0.4577614 0.6019784 0.4531102 0.5973272 0.4531102 0.5066159 0.4446495 0.6494575 0.4446495 0.5992141 0.450426 0.6049907 0.450426 0.6436809 0.4577615 0.5019646 0.4577614 0.6019784 0.4531102 0.5973272 0.4531102 0.5066159 0.4446495 0.5992141 0.4446495 0.6494575 0.4388729 0.6436809 0.4388729 0.6049907 0.4577614 0.6019785 0.4577615 0.5019646 0.4624128 0.5066159 0.4624127 0.5973272 0.4446495 0.6494575 0.4446495 0.5992141 0.450426 0.6049907 0.450426 0.6436809 0.4577614 0.6019784 0.4577615 0.5019646 0.4624127 0.5066159 0.4624127 0.5973271 0.2557765 0.722997 0.2557765 0.75 0.25 0.7442235 0.25 0.7231531 0.4383152 0.507334 0.4383152 0.5974121 0.4325387 0.5916356 0.4325387 0.5131105 0.2557765 0.75 0.2557765 0.722997 0.2615531 0.7231531 0.2615531 0.7442235 0.4446495 0.6483519 0.4446495 0.5992141 0.450426 0.6049907 0.450426 0.6425754 0.4383152 0.5974121 0.4383152 0.507334 0.4440918 0.5131106 0.4440918 0.5916356 0.4446495 0.6483519 0.4446495 0.5992141 0.450426 0.6049907 0.450426 0.6425754 0.4383152 0.5974121 0.4383152 0.507334 0.4440918 0.5131105 0.4440918 0.5916356 0.4446495 0.5992141 0.4446495 0.6494575 0.4388729 0.6436809 0.4388729 0.6049907 0.4383153 0.5974121 0.4383152 0.507334 0.4440918 0.5131105 0.4440918 0.5916356 0.4446495 0.6494575 0.4446495 0.5992141 0.450426 0.6049907 0.450426 0.6436809 0.4383152 0.507334 0.4383152 0.5974121 0.4325387 0.5916356 0.4325387 0.5131106 0.4446495 0.5992141 0.4446495 0.6494575 0.4388729 0.6436809 0.4388729 0.6049907 0.4383152 0.5974121 0.4383152 0.507334 0.4440918 0.5131105 0.4440918 0.5916356 0.4446494 0.6494575 0.4446495 0.5992141 0.450426 0.6049907 0.450426 0.6436809 0.4383152 0.507334 0.4383153 0.5974121 0.4325387 0.5916356 0.4325387 0.5131105 0.2557765 0.722997 0.2557765 0.75 0.25 0.7442235 0.25 0.7231531 0.4383152 0.507334 0.4383152 0.5974121 0.4325387 0.5916356 0.4325387 0.5131105 0.2557765 0.75 0.2557765 0.722997 0.2615531 0.7231531 0.2615531 0.7442235 0.4446495 0.5992141 0.4446495 0.6483519 0.4388729 0.6425754 0.4388729 0.6049907 0.4383152 0.5073339 0.4383152 0.5974121 0.4325387 0.5916356 0.4325387 0.5131105 0.4446495 0.6483519 0.4446495 0.5992141 0.450426 0.6049907 0.450426 0.6425754 0.4383152 0.5974121 0.4383152 0.507334 0.4440918 0.5131105 0.4440918 0.5916356 0.4446495 0.6494574 0.4446495 0.5992141 0.450426 0.6049907 0.450426 0.6436809 0.4383152 0.5073339 0.4383153 0.5974121 0.4325387 0.5916356 0.4325387 0.5131105 0.4446495 0.6494575 0.4446495 0.5992141 0.450426 0.6049907 0.450426 0.6436809 0.4383152 0.5974121 0.4383152 0.5073339 0.4440918 0.5131105 0.4440918 0.5916356 0.4446495 0.5992141 0.4446495 0.6494575 0.4388729 0.6436809 0.4388729 0.6049907 0.4383152 0.507334 0.4383152 0.5974121 0.4325387 0.5916356 0.4325386 0.5131105 0.4446495 0.6494575 0.4446495 0.5992141 0.450426 0.6049907 0.450426 0.6436809 0.4383153 0.5974121 0.4383152 0.5073339 0.4440918 0.5131105 0.4440918 0.5916356 0.2557765 0.722997 0.2557765 0.75 0.25 0.7442235 0.25 0.7231531 0.4577615 0.5019646 0.4577614 0.6019784 0.4531102 0.5973272 0.4531102 0.5066159 0.2557765 0.75 0.2557765 0.722997 0.2615531 0.7231531 0.2615531 0.7442235 0.4446495 0.5992141 0.4446495 0.648352 0.4388729 0.6425754 0.4388729 0.6049907 0.4577614 0.6019784 0.4577615 0.5019646 0.4624127 0.5066159 0.4624127 0.5973271 0.4446495 0.6483519 0.4446495 0.5992141 0.450426 0.6049907 0.450426 0.6425754 0.4577614 0.6019784 0.4577615 0.5019646 0.4624127 0.5066159 0.4624127 0.5973271 0.4446495 0.5992141 0.4446495 0.6494575 0.4388729 0.6436809 0.4388729 0.6049907 0.4577614 0.6019786 0.4577615 0.5019646 0.4624127 0.5066159 0.4624127 0.5973272 0.4446495 0.5992141 0.4446495 0.6494574 0.4388729 0.6436809 0.4388729 0.6049907 0.4577615 0.5019646 0.4577614 0.6019784 0.4531102 0.5973271 0.4531102 0.5066159 0.4446495 0.5992141 0.4446495 0.6494575 0.4388729 0.6436809 0.4388729 0.6049907 0.4577615 0.5019646 0.4577614 0.6019785 0.4531102 0.5973272 0.4531102 0.5066159 0.4446495 0.6494575 0.4446495 0.5992141 0.450426 0.6049907 0.450426 0.6436809 0.4577615 0.5019646 0.4577614 0.6019786 0.4531102 0.5973273 0.4531102 0.5066159 0.4446495 0.5992141 0.4446494 0.6494575 0.4388729 0.6436809 0.4388729 0.6049907 0.457903 0.5021062 0.457903 0.6021201 0.4532517 0.5974688 0.4532517 0.5067575 0.4446495 0.6494575 0.4446495 0.5992141 0.450426 0.6049907 0.450426 0.6436809 0.4577615 0.5019646 0.4577614 0.6019785 0.4531102 0.5973272 0.4531102 0.5066159 0.4446495 0.5992141 0.4446495 0.6494575 0.4388729 0.6436809 0.4388729 0.6049907 0.4577614 0.6019785 0.4577615 0.5019646 0.4624127 0.5066159 0.4624127 0.5973272 0.4446495 0.6494575 0.4446495 0.5992141 0.450426 0.6049907 0.450426 0.6436809 0.4577614 0.6019784 0.4577615 0.5019646 0.4624127 0.5066159 0.4624127 0.5973271 0.4446495 0.5992141 0.4446495 0.6483519 0.4388729 0.6425754 0.4388729 0.6049907 0.4577615 0.5019646 0.4577614 0.6019784 0.4531102 0.5973272 0.4531102 0.5066159 0.4446495 0.648352 0.4446495 0.5992141 0.450426 0.6049907 0.450426 0.6425754 0.4577615 0.5019646 0.4577614 0.6019785 0.4531102 0.5973272 0.4531102 0.5066159 0.2557765 0.722997 0.2557765 0.75 0.25 0.7442235 0.25 0.7231531 0.4577614 0.6019785 0.4577615 0.5019646 0.4624127 0.5066159 0.4624127 0.5973272 0.2557765 0.75 0.2557765 0.722997 0.2615531 0.7231531 0.2615531 0.7442235 0.4446495 0.5992141 0.4446495 0.6494575 0.4388729 0.6436809 0.4388729 0.6049907 0.4577614 0.6019785 0.4577615 0.5019646 0.4624128 0.5066159 0.4624127 0.5973272 0.4446495 0.6494575 0.4446495 0.5992141 0.450426 0.6049907 0.450426 0.6436809 0.4577614 0.6019785 0.4577615 0.5019646 0.4624127 0.5066159 0.4624127 0.5973272 0.4446495 0.5992141 0.4446495 0.6494575 0.4388729 0.6436809 0.4388729 0.6049907 0.4577615 0.5019646 0.4577614 0.6019785 0.4531102 0.5973272 0.4531102 0.5066159 0.4446495 0.6494575 0.4446495 0.5992141 0.450426 0.6049907 0.450426 0.6436809 0.4577615 0.5019646 0.4577614 0.6019784 0.4531102 0.5973272 0.4531102 0.5066159 0.4446495 0.5992141 0.4446495 0.6483519 0.4388729 0.6425754 0.4388729 0.6049907 0.4577614 0.6019784 0.4577615 0.5019646 0.4624127 0.5066159 0.4624127 0.5973271 0.4446495 0.5992141 0.4446495 0.6483519 0.4388729 0.6425754 0.4388729 0.6049907 0.4577614 0.6019784 0.4577615 0.5019646 0.4624127 0.5066158 0.4624127 0.5973271 0.2557765 0.722997 0.2557765 0.75 0.25 0.7442235 0.25 0.7231531 0.4577615 0.5019646 0.4577614 0.6019784 0.4531102 0.5973272 0.4531102 0.5066159 0.2557765 0.75 0.2557765 0.722997 0.2615531 0.7231531 0.2615531 0.7442235 0.4446495 0.5992141 0.4446495 0.6461658 0.4388729 0.6403892 0.4388729 0.6049907 0.4489958 0.6520408 0.4489957 0.7465108 0.4446022 0.7421174 0.4446023 0.6564342 0.4446495 0.6461658 0.4446495 0.5992141 0.450426 0.6049907 0.450426 0.6403892 0.4577615 0.5019646 0.4577614 0.6019785 0.4531102 0.5973272 0.4531102 0.5066159 0.4446495 0.5992141 0.4446495 0.6461658 0.4388729 0.6403892 0.4388729 0.6049907 0.4489958 0.6520408 0.4489957 0.7465108 0.4446022 0.7421174 0.4446023 0.6564342 0.4446495 0.6461658 0.4446495 0.5992141 0.450426 0.6049907 0.450426 0.6403893 0.457903 0.6021201 0.457903 0.5021062 0.4625543 0.5067574 0.4625543 0.5974687 0.4489957 0.7465112 0.4489957 0.6520408 0.4533892 0.6520408 0.4533892 0.7421178 0.4489957 0.7465108 0.4489958 0.6520408 0.4533892 0.6564342 0.4533892 0.7465108 0.4383152 0.507334 0.4383153 0.5974121 0.4325387 0.5916356 0.4325387 0.5131105</float_array>
          <technique_common>
            <accessor source="#estanteria-metal-mesh-map-0-array" count="480" stride="2">
              <param name="S" type="float"/>
              <param name="T" type="float"/>
            </accessor>
          </technique_common>
        </source>
        <vertices id="estanteria-metal-mesh-vertices">
          <input semantic="POSITION" source="#estanteria-metal-mesh-positions"/>
        </vertices>
        <polylist material="hiper-atlas-material" count="120">
          <input semantic="VERTEX" source="#estanteria-metal-mesh-vertices" offset="0"/>
          <input semantic="NORMAL" source="#estanteria-metal-mesh-normals" offset="1"/>
          <input semantic="TEXCOORD" source="#estanteria-metal-mesh-map-0" offset="2" set="0"/>
          <vcount>4 4 4 4 4 4 4 4 4 4 4 4 4 4 4 4 4 4 4 4 4 4 4 4 4 4 4 4 4 4 4 4 4 4 4 4 4 4 4 4 4 4 4 4 4 4 4 4 4 4 4 4 4 4 4 4 4 4 4 4 4 4 4 4 4 4 4 4 4 4 4 4 4 4 4 4 4 4 4 4 4 4 4 4 4 4 4 4 4 4 4 4 4 4 4 4 4 4 4 4 4 4 4 4 4 4 4 4 4 4 4 4 4 4 4 4 4 4 4 4 </vcount>
          <p>27 0 0 4 0 1 37 0 2 36 0 3 4 1 4 6 1 5 38 1 6 37 1 7 6 0 8 25 0 9 39 0 10 38 0 11 35 2 12 25 2 13 41 2 14 40 2 15 25 3 16 6 3 17 42 3 18 41 3 19 6 2 20 15 2 21 43 2 22 42 2 23 15 4 24 35 4 25 40 4 26 43 4 27 15 5 28 6 5 29 45 5 30 44 5 31 6 5 32 4 5 33 46 5 34 45 5 35 4 5 36 20 5 37 47 5 38 46 5 39 20 5 40 15 5 41 44 5 42 47 5 43 8 6 44 0 6 45 49 6 46 48 6 47 0 6 48 2 6 49 50 6 50 49 6 51 2 6 52 16 6 53 51 6 54 50 6 55 16 6 56 8 6 57 48 6 58 51 6 59 31 7 60 27 7 61 53 7 62 52 7 63 27 8 64 0 8 65 54 8 66 53 8 67 0 7 68 8 7 69 55 7 70 54 7 71 8 9 72 31 9 73 52 9 74 55 9 75 24 7 76 28 7 77 57 7 78 56 7 79 28 10 80 11 10 81 58 10 82 57 10 83 11 7 84 1 7 85 59 7 86 58 7 87 28 7 88 29 7 89 61 7 90 60 7 91 29 10 92 10 10 93 62 10 94 61 10 95 10 7 96 11 7 97 63 7 98 62 7 99 11 11 100 28 11 101 60 11 102 63 11 103 29 7 104 30 7 105 65 7 106 64 7 107 30 10 108 9 10 109 66 10 110 65 10 111 9 7 112 10 7 113 67 7 114 66 7 115 10 12 116 29 12 117 64 12 118 67 12 119 30 7 120 31 7 121 69 7 122 68 7 123 31 8 124 8 8 125 70 8 126 69 8 127 8 7 128 9 7 129 71 7 130 70 7 131 9 9 132 30 9 133 68 9 134 71 9 135 1 6 136 11 6 137 73 6 138 72 6 139 11 6 140 19 6 141 74 6 142 73 6 143 19 6 144 3 6 145 75 6 146 74 6 147 11 13 148 10 13 149 77 13 150 76 13 151 10 6 152 18 6 153 78 6 154 77 6 155 18 14 156 19 14 157 79 14 158 78 14 159 19 6 160 11 6 161 76 6 162 79 6 163 10 6 164 9 6 165 81 6 166 80 6 167 9 6 168 17 6 169 82 6 170 81 6 171 17 6 172 18 6 173 83 6 174 82 6 175 18 6 176 10 6 177 80 6 178 83 6 179 9 6 180 8 6 181 85 6 182 84 6 183 8 6 184 16 6 185 86 6 186 85 6 187 16 6 188 17 6 189 87 6 190 86 6 191 17 6 192 9 6 193 84 6 194 87 6 195 7 5 196 12 5 197 89 5 198 88 5 199 12 5 200 23 5 201 90 5 202 89 5 203 23 5 204 5 5 205 91 5 206 90 5 207 12 5 208 13 5 209 93 5 210 92 5 211 13 5 212 22 5 213 94 5 214 93 5 215 22 15 216 23 15 217 95 15 218 94 15 219 23 5 220 12 5 221 92 5 222 95 5 223 13 5 224 14 5 225 97 5 226 96 5 227 14 5 228 21 5 229 98 5 230 97 5 231 21 5 232 22 5 233 99 5 234 98 5 235 22 5 236 13 5 237 96 5 238 99 5 239 14 5 240 15 5 241 101 5 242 100 5 243 15 5 244 20 5 245 102 5 246 101 5 247 20 5 248 21 5 249 103 5 250 102 5 251 21 5 252 14 5 253 100 5 254 103 5 255 26 2 256 32 2 257 105 2 258 104 2 259 32 16 260 12 16 261 106 16 262 105 16 263 12 2 264 7 2 265 107 2 266 106 2 267 32 2 268 33 2 269 109 2 270 108 2 271 33 16 272 13 16 273 110 16 274 109 16 275 13 2 276 12 2 277 111 2 278 110 2 279 12 17 280 32 17 281 108 17 282 111 17 283 33 18 284 34 18 285 113 18 286 112 18 287 34 16 288 14 16 289 114 16 290 113 16 291 14 2 292 13 2 293 115 2 294 114 2 295 13 19 296 33 19 297 112 19 298 115 19 299 34 2 300 35 2 301 117 2 302 116 2 303 35 3 304 15 3 305 118 3 306 117 3 307 15 2 308 14 2 309 119 2 310 118 2 311 14 4 312 34 4 313 116 4 314 119 4 315 17 2 316 16 2 317 121 2 318 120 2 319 16 3 320 35 3 321 122 3 322 121 3 323 35 2 324 34 2 325 123 2 326 122 2 327 34 4 328 17 4 329 120 4 330 123 4 331 18 2 332 17 2 333 125 2 334 124 2 335 17 16 336 34 16 337 126 16 338 125 16 339 34 2 340 33 2 341 127 2 342 126 2 343 33 19 344 18 19 345 124 19 346 127 19 347 19 2 348 18 2 349 129 2 350 128 2 351 18 16 352 33 16 353 130 16 354 129 16 355 33 2 356 32 2 357 131 2 358 130 2 359 32 17 360 19 17 361 128 17 362 131 17 363 3 2 364 19 2 365 133 2 366 132 2 367 19 16 368 32 16 369 134 16 370 133 16 371 32 2 372 26 2 373 135 2 374 134 2 375 21 7 376 20 7 377 137 7 378 136 7 379 20 8 380 31 8 381 138 8 382 137 8 383 31 7 384 30 7 385 139 7 386 138 7 387 30 9 388 21 9 389 136 9 390 139 9 391 22 7 392 21 7 393 141 7 394 140 7 395 21 10 396 30 10 397 142 10 398 141 10 399 30 7 400 29 7 401 143 7 402 142 7 403 29 12 404 22 12 405 140 12 406 143 12 407 23 7 408 22 7 409 145 7 410 144 7 411 22 10 412 29 10 413 146 10 414 145 10 415 29 7 416 28 7 417 147 7 418 146 7 419 28 11 420 23 11 421 144 11 422 147 11 423 5 7 424 23 7 425 149 7 426 148 7 427 23 10 428 28 10 429 150 10 430 149 10 431 28 7 432 24 7 433 151 7 434 150 7 435 20 7 436 4 7 437 153 7 438 152 7 439 4 8 440 27 8 441 154 8 442 153 8 443 27 7 444 31 7 445 155 7 446 154 7 447 31 9 448 20 9 449 152 9 450 155 9 451 16 2 452 2 2 453 157 2 454 156 2 455 2 3 456 25 3 457 158 3 458 157 3 459 25 2 460 35 2 461 159 2 462 158 2 463 35 4 464 16 4 465 156 4 466 159 4 467 0 0 468 27 0 469 36 0 470 160 0 471 25 0 472 2 0 473 161 0 474 39 0 475 2 20 476 0 20 477 160 20 478 161 20 479</p>
        </polylist>
      </mesh>
    </geometry>
    <geometry id="estanteria-lateral_001-mesh" name="estanteria-lateral.001">
      <mesh>
        <source id="estanteria-lateral_001-mesh-positions">
          <float_array id="estanteria-lateral_001-mesh-positions-array" count="462">0.7165145 0.3820115 -0.004000306 0.7165145 0.3820115 2.596 0.7055187 0.3851374 -0.004000306 0.7055187 0.3851374 2.596 0.7047626 0.3857938 -0.004000306 0.7047626 0.3857938 2.596 0.7044972 0.3865127 -0.004000306 0.7044972 0.3865127 2.596 0.7044857 0.388124 -0.004000306 0.7044857 0.388124 2.596 0.7052004 0.4328247 -0.004000306 0.7052004 0.4328247 2.596 0.7057704 0.4353648 -0.004000306 0.7057704 0.4353648 2.596 0.7065185 0.4362631 -0.004000306 0.7065185 0.4362631 2.596 0.7085518 0.4362286 -0.004000306 0.7085518 0.4362286 2.596 0.7750118 0.4356213 -0.004000306 0.7750118 0.4356213 2.596 0.7770358 0.4355868 -0.004000306 0.7770358 0.4355868 2.596 0.7778066 0.4345998 -0.004000306 0.7778066 0.4345998 2.596 0.7784572 0.4319131 -0.004000306 0.7784572 0.4319131 2.596 0.780444 0.3838179 -0.004000306 0.780444 0.3838179 2.596 0.7799943 0.3831558 -0.004000306 0.7799943 0.3831558 2.596 0.7788219 0.3826004 -0.004000306 0.7788219 0.3826004 2.596 0.7610778 0.3808595 -0.004000306 0.7610778 0.3808595 2.596 0.7611206 0.3808562 -0.004000306 0.7611206 0.3808562 2.596 0.7165145 0.3820115 1.296 0.7055187 0.3851374 1.296 0.7047626 0.3857938 1.296 0.7044972 0.3865127 1.296 0.7044857 0.388124 1.296 0.7052004 0.4328247 1.296 0.7057704 0.4353648 1.296 0.7065185 0.4362631 1.296 0.7085518 0.4362286 1.296 0.7750118 0.4356213 1.296 0.7770358 0.4355868 1.296 0.7778066 0.4345998 1.296 0.7784572 0.4319131 1.296 0.780444 0.3838179 1.296 0.7799943 0.3831558 1.296 0.7788219 0.3826004 1.296 0.7610778 0.3808595 1.296 0.7611206 0.3808562 1.296 0.7165145 -0.4003287 -0.004000306 0.7165145 -0.4003287 2.596 0.71674 -0.4003599 -0.004000306 0.71674 -0.4003599 2.596 0.7055187 -0.4034546 -0.004000306 0.7055187 -0.4034546 2.596 0.7047626 -0.404111 -0.004000306 0.7047626 -0.404111 2.596 0.7044972 -0.4048299 -0.004000306 0.7044972 -0.4048299 2.596 0.7044857 -0.4064412 -0.004000306 0.7044857 -0.4064412 2.596 0.7052004 -0.451142 -0.004000306 0.7052004 -0.451142 2.596 0.7057704 -0.453682 -0.004000306 0.7057704 -0.453682 2.596 0.7065185 -0.4545803 -0.004000306 0.7065185 -0.4545803 2.596 0.7085518 -0.4545458 -0.004000306 0.7085518 -0.4545458 2.596 0.7708883 -0.4539849 -0.004000306 0.7708883 -0.4539849 2.596 0.7750118 -0.4539384 -0.004000306 0.7750118 -0.4539384 2.596 0.7778066 -0.452917 -0.004000306 0.7778066 -0.452917 2.596 0.7784572 -0.4502304 -0.004000306 0.7784572 -0.4502304 2.596 0.780472 -0.4037554 -0.004000306 0.780472 -0.4037554 2.596 0.780444 -0.4021351 -0.004000306 0.780444 -0.4021351 2.596 0.7799943 -0.401473 -0.004000306 0.7799943 -0.401473 2.596 0.7788219 -0.4009177 -0.004000306 0.7788219 -0.4009177 2.596 0.7610778 -0.3991767 -0.004000306 0.7610778 -0.3991767 2.596 0.7611206 -0.3991733 -0.004000306 0.7611206 -0.3991733 2.596 0.7165145 -0.4003287 1.296 0.71674 -0.4003599 1.296 0.7055187 -0.4034546 1.296 0.7047626 -0.404111 1.296 0.7044972 -0.4048299 1.296 0.7044857 -0.4064412 1.296 0.7052004 -0.451142 1.296 0.7057704 -0.453682 1.296 0.7065185 -0.4545803 1.296 0.7085518 -0.4545458 1.296 0.7708883 -0.4539849 1.296 0.7750118 -0.4539384 1.296 0.7778066 -0.452917 1.296 0.7784572 -0.4502304 1.296 0.780472 -0.4037554 1.296 0.780444 -0.4021351 1.296 0.7799943 -0.401473 1.296 0.7788219 -0.4009177 1.296 0.7610778 -0.3991767 1.296 0.7611206 -0.3991733 1.296 0.7123002 -0.4140013 2.552427 0.7123002 -0.4140013 2.582888 0.7123002 0.4082607 2.552427 0.7123002 0.4082607 2.582888 0.7676998 -0.4140013 2.552427 0.7676998 -0.4140013 2.582888 0.7676998 0.4082607 2.552427 0.7676998 0.4082607 2.582888 0.7123002 -0.4140013 2.082427 0.7123002 -0.4140013 2.112888 0.7123002 0.4082607 2.082427 0.7123002 0.4082607 2.112888 0.7676998 -0.4140013 2.082427 0.7676998 -0.4140013 2.112888 0.7676998 0.4082607 2.082427 0.7676998 0.4082607 2.112888 0.7123002 -0.4140013 1.982427 0.7123002 -0.4140013 2.012888 0.7123002 0.4082607 1.382427 0.7123002 0.4082607 1.412888 0.7676998 -0.4140013 1.982427 0.7676998 -0.4140013 2.012888 0.7676998 0.4082607 1.382427 0.7676998 0.4082607 1.412888 0.7123002 -0.4140013 0.7024267 0.7123002 -0.4140013 0.7328884 0.7123002 0.4082607 1.262427 0.7123002 0.4082607 1.292888 0.7676998 -0.4140013 0.7024267 0.7676998 -0.4140013 0.7328884 0.7676998 0.4082607 1.262427 0.7676998 0.4082607 1.292888 0.7123002 -0.4140013 0.6124266 0.7123002 -0.4140013 0.6428883 0.7123002 0.4082607 0.03628206 0.7123002 0.4082607 0.06674385 0.7676998 -0.4140013 0.6124266 0.7676998 -0.4140013 0.6428883 0.7676998 0.4082607 0.03628206 0.7676998 0.4082607 0.06674385</float_array>
          <technique_common>
            <accessor source="#estanteria-lateral_001-mesh-positions-array" count="154" stride="3">
              <param name="X" type="float"/>
              <param name="Y" type="float"/>
              <param name="Z" type="float"/>
            </accessor>
          </technique_common>
        </source>
        <source id="estanteria-lateral_001-mesh-normals">
          <float_array id="estanteria-lateral_001-mesh-normals-array" count="219">-0.2734189 -0.9618951 0 -0.4758515 -0.8795257 0 -0.4758878 -0.879506 0 -0.8226512 -0.5685465 0 -0.983778 -0.1793903 0 -0.9999902 0.004425227 0 -0.9999904 0.00439471 0 -0.9930043 0.1180789 0 -0.8971149 0.4417974 0 -0.897127 0.4417728 0 -0.4165832 0.9090976 0 0.01303148 0.9999151 0 0.013062 0.9999148 0 0.4461023 0.8949819 0 0.4460902 0.8949881 0 0.9003171 0.4352346 0 0.9902992 0.1389513 0 0.9616861 -0.2741528 0 0.6505123 -0.7594957 0 0.2668315 -0.9637432 0 0.9999539 0.009613454 0 0.9999535 0.009643971 0 0.07843267 0.9969195 0 0.07837206 0.9969243 0 0.0784654 0.9969169 0 0.2668237 -0.9637454 0 0.6504948 -0.7595108 0 0.9902945 0.1389855 0 0.9003291 0.4352099 0 0.4461268 0.8949698 0 0.1371517 0.9905501 0 0.9978411 0.06567633 0 0.472401 -0.8813838 0 0.4724137 -0.881377 0 0.8226512 -0.5685465 0 0.8226611 -0.5685322 0 0.983778 -0.1793903 0 0.9999902 0.004425227 0 0.9999904 0.00439471 0 0.9930043 0.1180789 0 0.8971149 0.4417974 0 0.4165832 0.9090976 0 -0.01293992 0.9999163 0 -0.01010167 0.999949 0 -0.1798495 0.9836942 0 -0.17982 0.9836996 0 -0.7458549 0.6661086 0 -0.990153 0.1399899 0 -0.9901572 0.1399599 0 -0.9999155 0.01300096 0 -0.9532436 -0.3022032 0 -0.6504797 -0.7595236 0 -0.6504948 -0.7595108 0 -0.2667953 -0.9637533 0 -0.2668315 -0.9637432 0 -0.999957 0.00927776 0 -0.9999567 0.009308278 0 -0.07910472 0.9968663 0 -0.07907438 0.9968688 0 -0.9999573 0.009247243 0 -0.07916539 0.9968616 0 -1 0 0 1 0 0 0 0 1 -1 -8.92377e-7 0 1 5.94918e-7 0 0 0.5894507 0.8078044 -1 1.48729e-7 0 1 5.20552e-7 0 0 -0.5629025 0.8265233 -1 1.11547e-6 0 1 -6.6928e-7 0 0 0.5738372 0.8189694</float_array>
          <technique_common>
            <accessor source="#estanteria-lateral_001-mesh-normals-array" count="73" stride="3">
              <param name="X" type="float"/>
              <param name="Y" type="float"/>
              <param name="Z" type="float"/>
            </accessor>
          </technique_common>
        </source>
        <source id="estanteria-lateral_001-mesh-map-0">
          <float_array id="estanteria-lateral_001-mesh-map-0-array" count="696">0.04836887 0.5000139 0.04898798 0.5000312 0.04898798 0.6145581 0.04836893 0.6145407 0.04898798 0.5000312 0.04960691 0.5000646 0.04960691 0.6145915 0.04898798 0.6145581 0.04960691 0.5000646 0.05022579 0.5000982 0.05022585 0.6146252 0.04960691 0.6145915 0.05022579 0.5000982 0.05084472 0.5001307 0.05084478 0.6146577 0.05022585 0.6146252 0.05084472 0.5001307 0.05206465 0.5001307 0.05206471 0.6146577 0.05084478 0.6146577 0.05206465 0.5001307 0.05268365 0.5001615 0.05268365 0.6146886 0.05206471 0.6146577 0.05268365 0.5001615 0.05330258 0.5001946 0.05330258 0.6147217 0.05268365 0.6146886 0.05330258 0.5001946 0.05392152 0.5002263 0.05392158 0.6147535 0.05330258 0.6147217 0.05379551 0.5002263 0.05981135 0.5002263 0.05981135 0.6147536 0.05379569 0.6147535 0.05997037 0.5002263 0.06049185 0.5002581 0.06049185 0.6147853 0.05997037 0.6147536 0.06049185 0.5002581 0.06101334 0.500291 0.06101334 0.6148182 0.06049185 0.6147853 0.06101334 0.500291 0.06153482 0.5003216 0.06153482 0.6148489 0.06101334 0.6148182 0.06153482 0.5003216 0.06264156 0.5003216 0.0626415 0.6148489 0.06153482 0.6148489 0.06264156 0.5003216 0.06316304 0.5003553 0.06316298 0.6148826 0.0626415 0.6148489 0.06316304 0.5003553 0.06368452 0.5003882 0.06368446 0.6149156 0.06316298 0.6148826 0.06368452 0.5003882 0.06420618 0.5003957 0.06420612 0.614923 0.06368446 0.6149156 0.06420618 0.5003957 0.06472766 0.5004305 0.06472766 0.6149405 0.06420612 0.614923 0.06420254 0.5003818 0.06472402 0.5004166 0.06472402 0.6149265 0.06420248 0.6149091 0.06368088 0.5003743 0.06420254 0.5003818 0.06420248 0.6149091 0.06368082 0.6149016 0.0631594 0.5003414 0.06368088 0.5003743 0.06368082 0.6149016 0.06315934 0.6148687 0.06263792 0.5003077 0.0631594 0.5003414 0.06315934 0.6148687 0.06263786 0.614835 0.06153124 0.5003077 0.06263792 0.5003077 0.06263786 0.614835 0.06153118 0.614835 0.0610097 0.5002771 0.06153124 0.5003077 0.06153118 0.614835 0.0610097 0.6148043 0.06048822 0.5002442 0.0610097 0.5002771 0.0610097 0.6148043 0.06048822 0.6147714 0.05996674 0.5002124 0.06048822 0.5002442 0.06048822 0.6147714 0.05996674 0.6147396 0.05378127 0.5002124 0.0597971 0.5002124 0.05979704 0.6147396 0.05378139 0.6147396 0.05329823 0.5001807 0.05391722 0.5002124 0.05391722 0.6147396 0.05329829 0.6147078 0.0526793 0.5001476 0.05329823 0.5001807 0.05329829 0.6147078 0.05267935 0.6146746 0.05206036 0.5001167 0.0526793 0.5001476 0.05267935 0.6146746 0.05206042 0.6146438 0.05084043 0.5001167 0.05206036 0.5001167 0.05206042 0.6146438 0.05084049 0.6146438 0.0502215 0.5000844 0.05084043 0.5001167 0.05084049 0.6146438 0.05022156 0.6146113 0.04960256 0.5000507 0.0502215 0.5000844 0.05022156 0.6146113 0.04960262 0.6145777 0.04898369 0.5000173 0.04960256 0.5000507 0.04960262 0.6145777 0.04898369 0.6145442 0.04836457 0.5 0.04898369 0.5000173 0.04898369 0.6145442 0.04836463 0.6145268 0.06422299 0.6133303 0.06382632 0.6132963 0.06382626 0.5008574 0.06422299 0.5008745 0.06382632 0.6132963 0.06342965 0.6132797 0.06342959 0.5008407 0.06382626 0.5008574 0.06342965 0.6132797 0.06303304 0.6132469 0.06303298 0.5008079 0.06342959 0.5008407 0.06303304 0.6132469 0.06263643 0.6132138 0.06263637 0.5007748 0.06303298 0.5008079 0.06263643 0.6132138 0.06223982 0.6131821 0.06223976 0.5007429 0.06263637 0.5007748 0.06223982 0.6131821 0.06145811 0.6131821 0.06145805 0.5007429 0.06223976 0.5007429 0.06145811 0.6131821 0.0610615 0.6131518 0.06106144 0.5007126 0.06145805 0.5007429 0.0610615 0.6131518 0.06066489 0.6131193 0.06066483 0.50068 0.06106144 0.5007126 0.06066489 0.6131193 0.06026828 0.6130881 0.06026822 0.5006489 0.06066483 0.50068 0.06008476 0.6130881 0.05318754 0.6130881 0.05318719 0.5006489 0.0600844 0.5006489 0.05317026 0.6132102 0.05275654 0.6131822 0.05275648 0.5007429 0.0531702 0.5007709 0.05234283 0.6131525 0.05192917 0.6131224 0.05192911 0.5006831 0.05234283 0.5007131 0.05192917 0.6131224 0.05108076 0.6131224 0.05108064 0.5006831 0.05192911 0.5006831 0.05108076 0.6131224 0.05066704 0.6130906 0.05066698 0.5006511 0.05108064 0.5006831 0.05066704 0.6130906 0.05025339 0.6130576 0.05025327 0.5006181 0.05066698 0.5006511 0.05025339 0.6130576 0.04983967 0.6130253 0.04983961 0.5005858 0.05025327 0.5006181 0.04983967 0.6130253 0.04942589 0.613018 0.04942578 0.5005785 0.04983961 0.5005858 0.05275654 0.6131822 0.05234283 0.6131525 0.05234283 0.5007131 0.05275648 0.5007429 0.04942589 0.613018 0.04901218 0.6129838 0.04901206 0.5005614 0.04942578 0.5005785 0.1455945 0.5915868 0.1451703 0.5915594 0.1451702 0.5011805 0.1455944 0.5011942 0.1490101 0.5917188 0.1485859 0.5916949 0.1485859 0.5013025 0.1490101 0.5013265 0.1460189 0.5915927 0.1455945 0.5915868 0.1455944 0.5011942 0.1460188 0.5012001 0.1464431 0.5916187 0.1460189 0.5915927 0.1460188 0.5012001 0.146443 0.5012261 0.1468673 0.5916452 0.1464431 0.5916187 0.146443 0.5012261 0.1468673 0.5012527 0.1472916 0.5916708 0.1468673 0.5916452 0.1468673 0.5012527 0.1472915 0.5012783 0.1481617 0.5916708 0.1472916 0.5916708 0.1472915 0.5012783 0.1481616 0.5012783 0.1485859 0.5916949 0.1481617 0.5916708 0.1481616 0.5012783 0.1485859 0.5013025 0.1494344 0.5917413 0.1490101 0.5917188 0.1490101 0.5013265 0.1494343 0.501349 0.1562429 0.5915876 0.149471 0.5915876 0.1494708 0.5011952 0.1562426 0.5011951 0.1566203 0.5916895 0.1562936 0.5916644 0.1562936 0.5012721 0.1566203 0.5012971 0.156947 0.5917156 0.1566203 0.5916895 0.1566203 0.5012971 0.156947 0.5013234 0.1572737 0.5917399 0.156947 0.5917156 0.156947 0.5013234 0.1572737 0.5013477 0.1579176 0.5917399 0.1572737 0.5917399 0.1572737 0.5013477 0.1579176 0.5013477 0.1582443 0.5917655 0.1579176 0.5917399 0.1579176 0.5013477 0.1582442 0.5013733 0.158571 0.5917921 0.1582443 0.5917655 0.1582442 0.5013733 0.1585709 0.5013999 0.1588976 0.5918184 0.158571 0.5917921 0.1585709 0.5013999 0.1588976 0.5014263 0.1592244 0.5918318 0.1588976 0.5918184 0.1588976 0.5014263 0.1592243 0.5014397 0.1595512 0.5918591 0.1592244 0.5918318 0.1592243 0.5014397 0.1595512 0.5014535 0.00511831 0.6346548 0.006977915 0.6346548 0.006977915 0.6857939 0.00511825 0.6857939 0.01221954 0.6857939 0.01035994 0.6857939 0.01035988 0.6346548 0.01221954 0.6346548 0.01035994 0.6857939 0.006977915 0.6857939 0.006977915 0.6346548 0.01035988 0.6346548 0.1648439 0.638669 0.1667529 0.638669 0.1667529 0.6911651 0.1648439 0.6911651 0.1721336 0.6911651 0.1702247 0.6911651 0.1702246 0.638669 0.1721336 0.638669 0.1702247 0.6911651 0.1667529 0.6911651 0.1667529 0.638669 0.1702246 0.638669 0.2197906 0.5809718 0.2215464 0.5796576 0.2215467 0.6517435 0.2197906 0.653058 0.227291 0.6530578 0.2255353 0.6517435 0.225535 0.5796576 0.227291 0.580972 0.2255353 0.6517435 0.2215467 0.6517435 0.2215464 0.5796576 0.225535 0.5796576 0.2012462 0.5893784 0.2028601 0.590492 0.2028604 0.6539621 0.2012462 0.6528483 0.2080404 0.6528484 0.2064265 0.653962 0.2064263 0.590492 0.2080404 0.5893782 0.2064265 0.653962 0.2028604 0.6539621 0.2028601 0.590492 0.2064263 0.590492 0.2201673 0.5903357 0.2216618 0.5892893 0.2216619 0.6494498 0.2201673 0.6504963 0.2264744 0.6504962 0.2249799 0.6494498 0.2249798 0.5892893 0.2264744 0.5903357 0.2249799 0.6494498 0.2216619 0.6494498 0.2216618 0.5892893 0.2249798 0.5892893</float_array>
          <technique_common>
            <accessor source="#estanteria-lateral_001-mesh-map-0-array" count="348" stride="2">
              <param name="S" type="float"/>
              <param name="T" type="float"/>
            </accessor>
          </technique_common>
        </source>
        <vertices id="estanteria-lateral_001-mesh-vertices">
          <input semantic="POSITION" source="#estanteria-lateral_001-mesh-positions"/>
        </vertices>
        <polylist material="hiper-atlas-material" count="87">
          <input semantic="VERTEX" source="#estanteria-lateral_001-mesh-vertices" offset="0"/>
          <input semantic="NORMAL" source="#estanteria-lateral_001-mesh-normals" offset="1"/>
          <input semantic="TEXCOORD" source="#estanteria-lateral_001-mesh-map-0" offset="2" set="0"/>
          <vcount>4 4 4 4 4 4 4 4 4 4 4 4 4 4 4 4 4 4 4 4 4 4 4 4 4 4 4 4 4 4 4 4 4 4 4 4 4 4 4 4 4 4 4 4 4 4 4 4 4 4 4 4 4 4 4 4 4 4 4 4 4 4 4 4 4 4 4 4 4 4 4 4 4 4 4 4 4 4 4 4 4 4 4 4 4 4 4 </vcount>
          <p>36 0 0 37 1 1 2 2 2 0 0 3 37 1 4 38 3 5 4 3 6 2 2 7 38 3 8 39 4 9 6 4 10 4 3 11 39 4 12 40 5 13 8 6 14 6 4 15 40 5 16 41 7 17 10 7 18 8 6 19 41 7 20 42 8 21 12 9 22 10 7 23 42 8 24 43 10 25 14 10 26 12 9 27 43 10 28 44 11 29 16 11 30 14 10 31 44 11 32 45 12 33 18 12 34 16 11 35 45 12 36 46 13 37 20 14 38 18 12 39 46 13 40 47 15 41 22 15 42 20 14 43 47 15 44 48 16 45 24 16 46 22 15 47 48 16 48 49 17 49 26 17 50 24 16 51 49 17 52 50 18 53 28 18 54 26 17 55 50 18 56 51 19 57 30 19 58 28 18 59 51 19 60 52 20 61 32 21 62 30 19 63 52 20 64 53 22 65 34 23 66 32 21 67 33 20 68 35 24 69 53 22 70 52 20 71 31 25 72 33 20 73 52 20 74 51 19 75 29 26 76 31 25 77 51 19 78 50 18 79 27 17 80 29 26 81 50 18 82 49 17 83 25 27 84 27 17 85 49 17 86 48 16 87 23 28 88 25 27 89 48 16 90 47 15 91 21 29 92 23 28 93 47 15 94 46 13 95 19 12 96 21 29 97 46 13 98 45 12 99 17 11 100 19 12 101 45 12 102 44 11 103 15 10 104 17 11 105 44 11 106 43 10 107 13 8 108 15 10 109 43 10 110 42 8 111 11 7 112 13 8 113 42 8 114 41 7 115 9 5 116 11 7 117 41 7 118 40 5 119 7 4 120 9 5 121 40 5 122 39 4 123 5 3 124 7 4 125 39 4 126 38 3 127 3 1 128 5 3 129 38 3 130 37 1 131 1 0 132 3 1 133 37 1 134 36 0 135 94 30 136 95 31 137 56 31 138 54 30 139 95 31 140 96 32 141 58 33 142 56 31 143 96 32 144 97 34 145 60 35 146 58 33 147 97 34 148 98 36 149 62 36 150 60 35 151 98 36 152 99 37 153 64 38 154 62 36 155 99 37 156 100 39 157 66 39 158 64 38 159 100 39 160 101 40 161 68 40 162 66 39 163 101 40 164 102 41 165 70 41 166 68 40 167 102 41 168 103 42 169 72 42 170 70 41 171 103 42 172 104 43 173 74 43 174 72 42 175 104 43 176 105 44 177 76 45 178 74 43 179 106 46 180 107 47 181 80 48 182 78 46 183 107 47 184 108 49 185 82 49 186 80 48 187 108 49 188 109 50 189 84 50 190 82 49 191 109 50 192 110 51 193 86 52 194 84 50 195 110 51 196 111 53 197 88 54 198 86 52 199 111 53 200 112 55 201 90 56 202 88 54 203 105 44 204 106 46 205 78 46 206 76 45 207 112 55 208 113 57 209 92 58 210 90 56 211 91 59 212 93 60 213 113 57 214 112 55 215 77 44 216 79 46 217 106 46 218 105 44 219 89 53 220 91 59 221 112 55 222 111 53 223 87 51 224 89 53 225 111 53 226 110 51 227 85 50 228 87 51 229 110 51 230 109 50 231 83 49 232 85 50 233 109 50 234 108 49 235 81 47 236 83 49 237 108 49 238 107 47 239 79 46 240 81 47 241 107 47 242 106 46 243 75 43 244 77 44 245 105 44 246 104 43 247 73 42 248 75 43 249 104 43 250 103 42 251 71 41 252 73 42 253 103 42 254 102 41 255 69 40 256 71 41 257 102 41 258 101 40 259 67 39 260 69 40 261 101 40 262 100 39 263 65 37 264 67 39 265 100 39 266 99 37 267 63 36 268 65 37 269 99 37 270 98 36 271 61 34 272 63 36 273 98 36 274 97 34 275 59 32 276 61 34 277 97 34 278 96 32 279 57 31 280 59 32 281 96 32 282 95 31 283 55 30 284 57 31 285 95 31 286 94 30 287 114 61 288 115 61 289 117 61 290 116 61 291 120 62 292 121 62 293 119 62 294 118 62 295 121 63 296 117 63 297 115 63 298 119 63 299 122 61 300 123 61 301 125 61 302 124 61 303 128 62 304 129 62 305 127 62 306 126 62 307 129 63 308 125 63 309 123 63 310 127 63 311 130 64 312 131 64 313 133 64 314 132 64 315 136 65 316 137 65 317 135 65 318 134 65 319 137 66 320 133 66 321 131 66 322 135 66 323 138 67 324 139 67 325 141 67 326 140 67 327 144 68 328 145 68 329 143 68 330 142 68 331 145 69 332 141 69 333 139 69 334 143 69 335 146 70 336 147 70 337 149 70 338 148 70 339 152 71 340 153 71 341 151 71 342 150 71 343 153 72 344 149 72 345 147 72 346 151 72 347</p>
        </polylist>
      </mesh>
    </geometry>
    <geometry id="estanteria-lateral-mesh" name="estanteria-lateral">
      <mesh>
        <source id="estanteria-lateral-mesh-positions">
          <float_array id="estanteria-lateral-mesh-positions-array" count="462">0.7165145 0.3820115 -0.004000306 0.7165145 0.3820115 2.596 0.7055187 0.3851374 -0.004000306 0.7055187 0.3851374 2.596 0.7047626 0.3857938 -0.004000306 0.7047626 0.3857938 2.596 0.7044972 0.3865127 -0.004000306 0.7044972 0.3865127 2.596 0.7044857 0.388124 -0.004000306 0.7044857 0.388124 2.596 0.7052004 0.4328247 -0.004000306 0.7052004 0.4328247 2.596 0.7057704 0.4353648 -0.004000306 0.7057704 0.4353648 2.596 0.7065185 0.4362631 -0.004000306 0.7065185 0.4362631 2.596 0.7085518 0.4362286 -0.004000306 0.7085518 0.4362286 2.596 0.7750118 0.4356213 -0.004000306 0.7750118 0.4356213 2.596 0.7770358 0.4355868 -0.004000306 0.7770358 0.4355868 2.596 0.7778066 0.4345998 -0.004000306 0.7778066 0.4345998 2.596 0.7784572 0.4319131 -0.004000306 0.7784572 0.4319131 2.596 0.780444 0.3838179 -0.004000306 0.780444 0.3838179 2.596 0.7799943 0.3831558 -0.004000306 0.7799943 0.3831558 2.596 0.7788219 0.3826004 -0.004000306 0.7788219 0.3826004 2.596 0.7610778 0.3808595 -0.004000306 0.7610778 0.3808595 2.596 0.7611206 0.3808562 -0.004000306 0.7611206 0.3808562 2.596 0.7165145 0.3820115 1.296 0.7055187 0.3851374 1.296 0.7047626 0.3857938 1.296 0.7044972 0.3865127 1.296 0.7044857 0.388124 1.296 0.7052004 0.4328247 1.296 0.7057704 0.4353648 1.296 0.7065185 0.4362631 1.296 0.7085518 0.4362286 1.296 0.7750118 0.4356213 1.296 0.7770358 0.4355868 1.296 0.7778066 0.4345998 1.296 0.7784572 0.4319131 1.296 0.780444 0.3838179 1.296 0.7799943 0.3831558 1.296 0.7788219 0.3826004 1.296 0.7610778 0.3808595 1.296 0.7611206 0.3808562 1.296 0.7165145 -0.4003287 -0.004000306 0.7165145 -0.4003287 2.596 0.71674 -0.4003599 -0.004000306 0.71674 -0.4003599 2.596 0.7055187 -0.4034546 -0.004000306 0.7055187 -0.4034546 2.596 0.7047626 -0.404111 -0.004000306 0.7047626 -0.404111 2.596 0.7044972 -0.4048299 -0.004000306 0.7044972 -0.4048299 2.596 0.7044857 -0.4064412 -0.004000306 0.7044857 -0.4064412 2.596 0.7052004 -0.451142 -0.004000306 0.7052004 -0.451142 2.596 0.7057704 -0.453682 -0.004000306 0.7057704 -0.453682 2.596 0.7065185 -0.4545803 -0.004000306 0.7065185 -0.4545803 2.596 0.7085518 -0.4545458 -0.004000306 0.7085518 -0.4545458 2.596 0.7708883 -0.4539849 -0.004000306 0.7708883 -0.4539849 2.596 0.7750118 -0.4539384 -0.004000306 0.7750118 -0.4539384 2.596 0.7778066 -0.452917 -0.004000306 0.7778066 -0.452917 2.596 0.7784572 -0.4502304 -0.004000306 0.7784572 -0.4502304 2.596 0.780472 -0.4037554 -0.004000306 0.780472 -0.4037554 2.596 0.780444 -0.4021351 -0.004000306 0.780444 -0.4021351 2.596 0.7799943 -0.401473 -0.004000306 0.7799943 -0.401473 2.596 0.7788219 -0.4009177 -0.004000306 0.7788219 -0.4009177 2.596 0.7610778 -0.3991767 -0.004000306 0.7610778 -0.3991767 2.596 0.7611206 -0.3991733 -0.004000306 0.7611206 -0.3991733 2.596 0.7165145 -0.4003287 1.296 0.71674 -0.4003599 1.296 0.7055187 -0.4034546 1.296 0.7047626 -0.404111 1.296 0.7044972 -0.4048299 1.296 0.7044857 -0.4064412 1.296 0.7052004 -0.451142 1.296 0.7057704 -0.453682 1.296 0.7065185 -0.4545803 1.296 0.7085518 -0.4545458 1.296 0.7708883 -0.4539849 1.296 0.7750118 -0.4539384 1.296 0.7778066 -0.452917 1.296 0.7784572 -0.4502304 1.296 0.780472 -0.4037554 1.296 0.780444 -0.4021351 1.296 0.7799943 -0.401473 1.296 0.7788219 -0.4009177 1.296 0.7610778 -0.3991767 1.296 0.7611206 -0.3991733 1.296 0.7123002 -0.4140013 2.552427 0.7123002 -0.4140013 2.582888 0.7123002 0.4082607 2.552427 0.7123002 0.4082607 2.582888 0.7676998 -0.4140013 2.552427 0.7676998 -0.4140013 2.582888 0.7676998 0.4082607 2.552427 0.7676998 0.4082607 2.582888 0.7123002 -0.4140013 2.082427 0.7123002 -0.4140013 2.112888 0.7123002 0.4082607 2.082427 0.7123002 0.4082607 2.112888 0.7676998 -0.4140013 2.082427 0.7676998 -0.4140013 2.112888 0.7676998 0.4082607 2.082427 0.7676998 0.4082607 2.112888 0.7123002 -0.4140013 1.982427 0.7123002 -0.4140013 2.012888 0.7123002 0.4082607 1.382427 0.7123002 0.4082607 1.412888 0.7676998 -0.4140013 1.982427 0.7676998 -0.4140013 2.012888 0.7676998 0.4082607 1.382427 0.7676998 0.4082607 1.412888 0.7123002 -0.4140013 0.7024267 0.7123002 -0.4140013 0.7328884 0.7123002 0.4082607 1.262427 0.7123002 0.4082607 1.292888 0.7676998 -0.4140013 0.7024267 0.7676998 -0.4140013 0.7328884 0.7676998 0.4082607 1.262427 0.7676998 0.4082607 1.292888 0.7123002 -0.4140013 0.6124266 0.7123002 -0.4140013 0.6428883 0.7123002 0.4082607 0.03628206 0.7123002 0.4082607 0.06674385 0.7676998 -0.4140013 0.6124266 0.7676998 -0.4140013 0.6428883 0.7676998 0.4082607 0.03628206 0.7676998 0.4082607 0.06674385</float_array>
          <technique_common>
            <accessor source="#estanteria-lateral-mesh-positions-array" count="154" stride="3">
              <param name="X" type="float"/>
              <param name="Y" type="float"/>
              <param name="Z" type="float"/>
            </accessor>
          </technique_common>
        </source>
        <source id="estanteria-lateral-mesh-normals">
          <float_array id="estanteria-lateral-mesh-normals-array" count="219">-0.2734189 -0.9618951 0 -0.4758515 -0.8795257 0 -0.4758878 -0.879506 0 -0.8226512 -0.5685465 0 -0.983778 -0.1793903 0 -0.9999902 0.004425227 0 -0.9999904 0.00439471 0 -0.9930043 0.1180789 0 -0.8971149 0.4417974 0 -0.897127 0.4417728 0 -0.4165832 0.9090976 0 0.01303148 0.9999151 0 0.013062 0.9999148 0 0.4461023 0.8949819 0 0.4460902 0.8949881 0 0.9003171 0.4352346 0 0.9902992 0.1389513 0 0.9616861 -0.2741528 0 0.6505123 -0.7594957 0 0.2668315 -0.9637432 0 0.9999539 0.009613454 0 0.9999535 0.009643971 0 0.07843267 0.9969195 0 0.07837206 0.9969243 0 0.0784654 0.9969169 0 0.2668237 -0.9637454 0 0.6504948 -0.7595108 0 0.9902945 0.1389855 0 0.9003291 0.4352099 0 0.4461268 0.8949698 0 0.1371517 0.9905501 0 0.9978411 0.06567633 0 0.472401 -0.8813838 0 0.4724137 -0.881377 0 0.8226512 -0.5685465 0 0.8226611 -0.5685322 0 0.983778 -0.1793903 0 0.9999902 0.004425227 0 0.9999904 0.00439471 0 0.9930043 0.1180789 0 0.8971149 0.4417974 0 0.4165832 0.9090976 0 -0.01293992 0.9999163 0 -0.01010167 0.999949 0 -0.1798495 0.9836942 0 -0.17982 0.9836996 0 -0.7458549 0.6661086 0 -0.990153 0.1399899 0 -0.9901572 0.1399599 0 -0.9999155 0.01300096 0 -0.9532436 -0.3022032 0 -0.6504797 -0.7595236 0 -0.6504948 -0.7595108 0 -0.2667953 -0.9637533 0 -0.2668315 -0.9637432 0 -0.999957 0.00927776 0 -0.9999567 0.009308278 0 -0.07910472 0.9968663 0 -0.07907438 0.9968688 0 -0.9999573 0.009247243 0 -0.07916539 0.9968616 0 -1 0 0 1 0 0 0 0 1 -1 -8.92377e-7 0 1 5.94918e-7 0 0 0.5894507 0.8078044 -1 1.48729e-7 0 1 5.20552e-7 0 0 -0.5629025 0.8265233 -1 1.11547e-6 0 1 -6.6928e-7 0 0 0.5738372 0.8189694</float_array>
          <technique_common>
            <accessor source="#estanteria-lateral-mesh-normals-array" count="73" stride="3">
              <param name="X" type="float"/>
              <param name="Y" type="float"/>
              <param name="Z" type="float"/>
            </accessor>
          </technique_common>
        </source>
        <source id="estanteria-lateral-mesh-map-0">
          <float_array id="estanteria-lateral-mesh-map-0-array" count="696">0.04836887 0.5000139 0.04898798 0.5000312 0.04898798 0.6145581 0.04836893 0.6145407 0.04898798 0.5000312 0.04960691 0.5000646 0.04960691 0.6145915 0.04898798 0.6145581 0.04960691 0.5000646 0.05022579 0.5000982 0.05022585 0.6146252 0.04960691 0.6145915 0.05022579 0.5000982 0.05084472 0.5001307 0.05084478 0.6146577 0.05022585 0.6146252 0.05084472 0.5001307 0.05206465 0.5001307 0.05206471 0.6146577 0.05084478 0.6146577 0.05206465 0.5001307 0.05268365 0.5001615 0.05268365 0.6146886 0.05206471 0.6146577 0.05268365 0.5001615 0.05330258 0.5001946 0.05330258 0.6147217 0.05268365 0.6146886 0.05330258 0.5001946 0.05392152 0.5002263 0.05392158 0.6147535 0.05330258 0.6147217 0.05379551 0.5002263 0.05981135 0.5002263 0.05981135 0.6147536 0.05379569 0.6147535 0.05997037 0.5002263 0.06049185 0.5002581 0.06049185 0.6147853 0.05997037 0.6147536 0.06049185 0.5002581 0.06101334 0.500291 0.06101334 0.6148182 0.06049185 0.6147853 0.06101334 0.500291 0.06153482 0.5003216 0.06153482 0.6148489 0.06101334 0.6148182 0.06153482 0.5003216 0.06264156 0.5003216 0.0626415 0.6148489 0.06153482 0.6148489 0.06264156 0.5003216 0.06316304 0.5003553 0.06316298 0.6148826 0.0626415 0.6148489 0.06316304 0.5003553 0.06368452 0.5003882 0.06368446 0.6149156 0.06316298 0.6148826 0.06368452 0.5003882 0.06420618 0.5003957 0.06420612 0.614923 0.06368446 0.6149156 0.06420618 0.5003957 0.06472766 0.5004305 0.06472766 0.6149405 0.06420612 0.614923 0.06420254 0.5003818 0.06472402 0.5004166 0.06472402 0.6149265 0.06420248 0.6149091 0.06368088 0.5003743 0.06420254 0.5003818 0.06420248 0.6149091 0.06368082 0.6149016 0.0631594 0.5003414 0.06368088 0.5003743 0.06368082 0.6149016 0.06315934 0.6148687 0.06263792 0.5003077 0.0631594 0.5003414 0.06315934 0.6148687 0.06263786 0.614835 0.06153124 0.5003077 0.06263792 0.5003077 0.06263786 0.614835 0.06153118 0.614835 0.0610097 0.5002771 0.06153124 0.5003077 0.06153118 0.614835 0.0610097 0.6148043 0.06048822 0.5002442 0.0610097 0.5002771 0.0610097 0.6148043 0.06048822 0.6147714 0.05996674 0.5002124 0.06048822 0.5002442 0.06048822 0.6147714 0.05996674 0.6147396 0.05378127 0.5002124 0.0597971 0.5002124 0.05979704 0.6147396 0.05378139 0.6147396 0.05329823 0.5001807 0.05391722 0.5002124 0.05391722 0.6147396 0.05329829 0.6147078 0.0526793 0.5001476 0.05329823 0.5001807 0.05329829 0.6147078 0.05267935 0.6146746 0.05206036 0.5001167 0.0526793 0.5001476 0.05267935 0.6146746 0.05206042 0.6146438 0.05084043 0.5001167 0.05206036 0.5001167 0.05206042 0.6146438 0.05084049 0.6146438 0.0502215 0.5000844 0.05084043 0.5001167 0.05084049 0.6146438 0.05022156 0.6146113 0.04960256 0.5000507 0.0502215 0.5000844 0.05022156 0.6146113 0.04960262 0.6145777 0.04898369 0.5000173 0.04960256 0.5000507 0.04960262 0.6145777 0.04898369 0.6145442 0.04836457 0.5 0.04898369 0.5000173 0.04898369 0.6145442 0.04836463 0.6145268 0.06422299 0.6133303 0.06382632 0.6132963 0.06382626 0.5008574 0.06422299 0.5008745 0.06382632 0.6132963 0.06342965 0.6132797 0.06342959 0.5008407 0.06382626 0.5008574 0.06342965 0.6132797 0.06303304 0.6132469 0.06303298 0.5008079 0.06342959 0.5008407 0.06303304 0.6132469 0.06263643 0.6132138 0.06263637 0.5007748 0.06303298 0.5008079 0.06263643 0.6132138 0.06223982 0.6131821 0.06223976 0.5007429 0.06263637 0.5007748 0.06223982 0.6131821 0.06145811 0.6131821 0.06145805 0.5007429 0.06223976 0.5007429 0.06145811 0.6131821 0.0610615 0.6131518 0.06106144 0.5007126 0.06145805 0.5007429 0.0610615 0.6131518 0.06066489 0.6131193 0.06066483 0.50068 0.06106144 0.5007126 0.06066489 0.6131193 0.06026828 0.6130881 0.06026822 0.5006489 0.06066483 0.50068 0.06008476 0.6130881 0.05318754 0.6130881 0.05318719 0.5006489 0.0600844 0.5006489 0.05317026 0.6132102 0.05275654 0.6131822 0.05275648 0.5007429 0.0531702 0.5007709 0.05234283 0.6131525 0.05192917 0.6131224 0.05192911 0.5006831 0.05234283 0.5007131 0.05192917 0.6131224 0.05108076 0.6131224 0.05108064 0.5006831 0.05192911 0.5006831 0.05108076 0.6131224 0.05066704 0.6130906 0.05066698 0.5006511 0.05108064 0.5006831 0.05066704 0.6130906 0.05025339 0.6130576 0.05025327 0.5006181 0.05066698 0.5006511 0.05025339 0.6130576 0.04983967 0.6130253 0.04983961 0.5005858 0.05025327 0.5006181 0.04983967 0.6130253 0.04942589 0.613018 0.04942578 0.5005785 0.04983961 0.5005858 0.05275654 0.6131822 0.05234283 0.6131525 0.05234283 0.5007131 0.05275648 0.5007429 0.04942589 0.613018 0.04901218 0.6129838 0.04901206 0.5005614 0.04942578 0.5005785 0.1455945 0.5915868 0.1451703 0.5915594 0.1451702 0.5011805 0.1455944 0.5011942 0.1490101 0.5917188 0.1485859 0.5916949 0.1485859 0.5013025 0.1490101 0.5013265 0.1460189 0.5915927 0.1455945 0.5915868 0.1455944 0.5011942 0.1460188 0.5012001 0.1464431 0.5916187 0.1460189 0.5915927 0.1460188 0.5012001 0.146443 0.5012261 0.1468673 0.5916452 0.1464431 0.5916187 0.146443 0.5012261 0.1468673 0.5012527 0.1472916 0.5916708 0.1468673 0.5916452 0.1468673 0.5012527 0.1472915 0.5012783 0.1481617 0.5916708 0.1472916 0.5916708 0.1472915 0.5012783 0.1481616 0.5012783 0.1485859 0.5916949 0.1481617 0.5916708 0.1481616 0.5012783 0.1485859 0.5013025 0.1494344 0.5917413 0.1490101 0.5917188 0.1490101 0.5013265 0.1494343 0.501349 0.1562429 0.5915876 0.149471 0.5915876 0.1494708 0.5011952 0.1562426 0.5011951 0.1566203 0.5916895 0.1562936 0.5916644 0.1562936 0.5012721 0.1566203 0.5012971 0.156947 0.5917156 0.1566203 0.5916895 0.1566203 0.5012971 0.156947 0.5013234 0.1572737 0.5917399 0.156947 0.5917156 0.156947 0.5013234 0.1572737 0.5013477 0.1579176 0.5917399 0.1572737 0.5917399 0.1572737 0.5013477 0.1579176 0.5013477 0.1582443 0.5917655 0.1579176 0.5917399 0.1579176 0.5013477 0.1582442 0.5013733 0.158571 0.5917921 0.1582443 0.5917655 0.1582442 0.5013733 0.1585709 0.5013999 0.1588976 0.5918184 0.158571 0.5917921 0.1585709 0.5013999 0.1588976 0.5014263 0.1592244 0.5918318 0.1588976 0.5918184 0.1588976 0.5014263 0.1592243 0.5014397 0.1595512 0.5918591 0.1592244 0.5918318 0.1592243 0.5014397 0.1595512 0.5014535 0.00511831 0.6346548 0.006977915 0.6346548 0.006977915 0.6857939 0.00511825 0.6857939 0.01221954 0.6857939 0.01035994 0.6857939 0.01035988 0.6346548 0.01221954 0.6346548 0.01035994 0.6857939 0.006977915 0.6857939 0.006977915 0.6346548 0.01035988 0.6346548 0.1648439 0.638669 0.1667529 0.638669 0.1667529 0.6911651 0.1648439 0.6911651 0.1721336 0.6911651 0.1702247 0.6911651 0.1702246 0.638669 0.1721336 0.638669 0.1702247 0.6911651 0.1667529 0.6911651 0.1667529 0.638669 0.1702246 0.638669 0.2197906 0.5809718 0.2215464 0.5796576 0.2215467 0.6517435 0.2197906 0.653058 0.227291 0.6530578 0.2255353 0.6517435 0.225535 0.5796576 0.227291 0.580972 0.2255353 0.6517435 0.2215467 0.6517435 0.2215464 0.5796576 0.225535 0.5796576 0.2012462 0.5893784 0.2028601 0.590492 0.2028604 0.6539621 0.2012462 0.6528483 0.2080404 0.6528484 0.2064265 0.653962 0.2064263 0.590492 0.2080404 0.5893782 0.2064265 0.653962 0.2028604 0.6539621 0.2028601 0.590492 0.2064263 0.590492 0.2201673 0.5903357 0.2216618 0.5892893 0.2216619 0.6494498 0.2201673 0.6504963 0.2264744 0.6504962 0.2249799 0.6494498 0.2249798 0.5892893 0.2264744 0.5903357 0.2249799 0.6494498 0.2216619 0.6494498 0.2216618 0.5892893 0.2249798 0.5892893</float_array>
          <technique_common>
            <accessor source="#estanteria-lateral-mesh-map-0-array" count="348" stride="2">
              <param name="S" type="float"/>
              <param name="T" type="float"/>
            </accessor>
          </technique_common>
        </source>
        <vertices id="estanteria-lateral-mesh-vertices">
          <input semantic="POSITION" source="#estanteria-lateral-mesh-positions"/>
        </vertices>
        <polylist material="hiper-atlas-material" count="87">
          <input semantic="VERTEX" source="#estanteria-lateral-mesh-vertices" offset="0"/>
          <input semantic="NORMAL" source="#estanteria-lateral-mesh-normals" offset="1"/>
          <input semantic="TEXCOORD" source="#estanteria-lateral-mesh-map-0" offset="2" set="0"/>
          <vcount>4 4 4 4 4 4 4 4 4 4 4 4 4 4 4 4 4 4 4 4 4 4 4 4 4 4 4 4 4 4 4 4 4 4 4 4 4 4 4 4 4 4 4 4 4 4 4 4 4 4 4 4 4 4 4 4 4 4 4 4 4 4 4 4 4 4 4 4 4 4 4 4 4 4 4 4 4 4 4 4 4 4 4 4 4 4 4 </vcount>
          <p>36 0 0 37 1 1 2 2 2 0 0 3 37 1 4 38 3 5 4 3 6 2 2 7 38 3 8 39 4 9 6 4 10 4 3 11 39 4 12 40 5 13 8 6 14 6 4 15 40 5 16 41 7 17 10 7 18 8 6 19 41 7 20 42 8 21 12 9 22 10 7 23 42 8 24 43 10 25 14 10 26 12 9 27 43 10 28 44 11 29 16 11 30 14 10 31 44 11 32 45 12 33 18 12 34 16 11 35 45 12 36 46 13 37 20 14 38 18 12 39 46 13 40 47 15 41 22 15 42 20 14 43 47 15 44 48 16 45 24 16 46 22 15 47 48 16 48 49 17 49 26 17 50 24 16 51 49 17 52 50 18 53 28 18 54 26 17 55 50 18 56 51 19 57 30 19 58 28 18 59 51 19 60 52 20 61 32 21 62 30 19 63 52 20 64 53 22 65 34 23 66 32 21 67 33 20 68 35 24 69 53 22 70 52 20 71 31 25 72 33 20 73 52 20 74 51 19 75 29 26 76 31 25 77 51 19 78 50 18 79 27 17 80 29 26 81 50 18 82 49 17 83 25 27 84 27 17 85 49 17 86 48 16 87 23 28 88 25 27 89 48 16 90 47 15 91 21 29 92 23 28 93 47 15 94 46 13 95 19 12 96 21 29 97 46 13 98 45 12 99 17 11 100 19 12 101 45 12 102 44 11 103 15 10 104 17 11 105 44 11 106 43 10 107 13 8 108 15 10 109 43 10 110 42 8 111 11 7 112 13 8 113 42 8 114 41 7 115 9 5 116 11 7 117 41 7 118 40 5 119 7 4 120 9 5 121 40 5 122 39 4 123 5 3 124 7 4 125 39 4 126 38 3 127 3 1 128 5 3 129 38 3 130 37 1 131 1 0 132 3 1 133 37 1 134 36 0 135 94 30 136 95 31 137 56 31 138 54 30 139 95 31 140 96 32 141 58 33 142 56 31 143 96 32 144 97 34 145 60 35 146 58 33 147 97 34 148 98 36 149 62 36 150 60 35 151 98 36 152 99 37 153 64 38 154 62 36 155 99 37 156 100 39 157 66 39 158 64 38 159 100 39 160 101 40 161 68 40 162 66 39 163 101 40 164 102 41 165 70 41 166 68 40 167 102 41 168 103 42 169 72 42 170 70 41 171 103 42 172 104 43 173 74 43 174 72 42 175 104 43 176 105 44 177 76 45 178 74 43 179 106 46 180 107 47 181 80 48 182 78 46 183 107 47 184 108 49 185 82 49 186 80 48 187 108 49 188 109 50 189 84 50 190 82 49 191 109 50 192 110 51 193 86 52 194 84 50 195 110 51 196 111 53 197 88 54 198 86 52 199 111 53 200 112 55 201 90 56 202 88 54 203 105 44 204 106 46 205 78 46 206 76 45 207 112 55 208 113 57 209 92 58 210 90 56 211 91 59 212 93 60 213 113 57 214 112 55 215 77 44 216 79 46 217 106 46 218 105 44 219 89 53 220 91 59 221 112 55 222 111 53 223 87 51 224 89 53 225 111 53 226 110 51 227 85 50 228 87 51 229 110 51 230 109 50 231 83 49 232 85 50 233 109 50 234 108 49 235 81 47 236 83 49 237 108 49 238 107 47 239 79 46 240 81 47 241 107 47 242 106 46 243 75 43 244 77 44 245 105 44 246 104 43 247 73 42 248 75 43 249 104 43 250 103 42 251 71 41 252 73 42 253 103 42 254 102 41 255 69 40 256 71 41 257 102 41 258 101 40 259 67 39 260 69 40 261 101 40 262 100 39 263 65 37 264 67 39 265 100 39 266 99 37 267 63 36 268 65 37 269 99 37 270 98 36 271 61 34 272 63 36 273 98 36 274 97 34 275 59 32 276 61 34 277 97 34 278 96 32 279 57 31 280 59 32 281 96 32 282 95 31 283 55 30 284 57 31 285 95 31 286 94 30 287 114 61 288 115 61 289 117 61 290 116 61 291 120 62 292 121 62 293 119 62 294 118 62 295 121 63 296 117 63 297 115 63 298 119 63 299 122 61 300 123 61 301 125 61 302 124 61 303 128 62 304 129 62 305 127 62 306 126 62 307 129 63 308 125 63 309 123 63 310 127 63 311 130 64 312 131 64 313 133 64 314 132 64 315 136 65 316 137 65 317 135 65 318 134 65 319 137 66 320 133 66 321 131 66 322 135 66 323 138 67 324 139 67 325 141 67 326 140 67 327 144 68 328 145 68 329 143 68 330 142 68 331 145 69 332 141 69 333 139 69 334 143 69 335 146 70 336 147 70 337 149 70 338 148 70 339 152 71 340 153 71 341 151 71 342 150 71 343 153 72 344 149 72 345 147 72 346 151 72 347</p>
        </polylist>
      </mesh>
    </geometry>
    <geometry id="estante-madera-mesh" name="estante-madera">
      <mesh>
        <source id="estante-madera-mesh-positions">
          <float_array id="estante-madera-mesh-positions-array" count="363">0.1184748 0.7654314 1.19209e-7 -0.1777123 0.7654314 1.19209e-7 0.118475 -0.7654314 -1.19209e-7 -0.177712 -0.7654314 -1.19209e-7 0.1184746 0.7654311 2.510466 -0.1777125 0.7654311 2.510466 0.1184748 -0.7654318 2.510466 -0.1777123 -0.7654318 2.510466 0.1184747 -3.37071e-7 2.510466 0.1184749 0 0 0.1184747 0.7654312 1.255233 0.1184749 -0.7654316 1.255233 0.1184749 -1.68419e-7 1.255233 0.1184749 -0.7654317 1.660465 0.1184747 0.7654312 1.660465 0.1184748 -2.22866e-7 1.660465 0.1184749 -0.7654317 2.085466 0.1184746 0.7654311 2.085466 0.1184747 -2.79968e-7 2.085466 0.1184749 0 0.8542409 0.1184747 0.7654313 0.854241 0.118475 -0.7654315 0.8542408 0.1184747 0.7654314 0.4271206 0.1184749 0 0.4271205 0.118475 -0.7654315 0.4271203 0.1184748 0.7452155 0.02021598 0.1184747 0.7452154 0.4069047 0.1184749 0.0202158 0.4069046 0.1184749 0.02021586 0.02021586 0.1184749 -0.02021586 0.02021586 0.1184749 -0.02021592 0.4069046 0.118475 -0.7452155 0.4069045 0.118475 -0.7452155 0.02021574 0.1184748 0.02021569 1.275449 0.1184747 0.7452153 1.275449 0.1184747 0.7452152 1.640249 0.1184748 0.02021563 1.640249 0.1184749 -0.7452157 1.275449 0.1184749 -0.02021604 1.275449 0.1184748 -0.0202161 1.640249 0.1184749 -0.7452157 1.640249 0.1184749 -0.7452157 1.680681 0.1184748 -0.0202161 1.680681 0.1184747 -0.02021616 2.06525 0.1184749 -0.7452158 2.06525 0.1184747 0.02021563 1.680681 0.1184747 0.7452152 1.680681 0.1184746 0.7452152 2.06525 0.1184747 0.02021557 2.06525 0.1184749 -0.7452158 2.105681 0.1184747 -0.02021616 2.105682 0.1184747 -0.02021616 2.49025 0.1184748 -0.7452158 2.49025 0.1184747 0.02021557 2.105682 0.1184746 0.7452152 2.105682 0.1184746 0.7452151 2.490251 0.1184747 0.02021551 2.49025 0.1184749 0.02021574 0.8744568 0.1184747 0.7452154 0.8744569 0.1184747 0.7452153 1.235017 0.1184749 0.02021569 1.235017 0.118475 -0.7452156 0.8744568 0.1184749 -0.02021598 0.8744568 0.1184749 -0.02021604 1.235017 0.1184749 -0.7452157 1.235017 0.1184749 0.0202158 0.4473363 0.1184747 0.7452154 0.4473364 0.1184747 0.7452154 0.8340252 0.1184749 0.02021574 0.834025 0.118475 -0.7452155 0.4473362 0.1184749 -0.02021592 0.4473363 0.1184749 -0.02021598 0.834025 0.118475 -0.7452156 0.8340249 -0.1240921 0.7452154 0.4069048 -0.1240921 0.7452155 0.02021598 -0.1240919 0.0202158 0.02021586 -0.124092 0.02021574 0.4069046 -0.1240919 -0.02021586 0.02021586 -0.124092 -0.02021592 0.4069046 -0.1240919 -0.7452155 0.02021574 -0.1240919 -0.7452155 0.4069045 -0.1240921 0.02021569 1.275449 -0.1240922 0.7452153 1.275449 -0.1240921 0.02021563 1.640249 -0.1240922 0.7452152 1.640249 -0.124092 -0.7452157 1.275449 -0.1240921 -0.02021604 1.275449 -0.1240921 -0.7452157 1.640249 -0.1240921 -0.0202161 1.640249 -0.124092 -0.7452157 1.680681 -0.1240921 -0.0202161 1.680681 -0.1240921 -0.7452158 2.06525 -0.1240922 -0.02021616 2.06525 -0.1240921 0.02021563 1.680681 -0.1240922 0.7452152 1.680681 -0.1240922 0.02021557 2.06525 -0.1240922 0.7452152 2.06525 -0.1240921 -0.7452158 2.105681 -0.1240922 -0.02021616 2.105682 -0.1240921 -0.7452158 2.49025 -0.1240922 -0.02021622 2.49025 -0.1240922 0.02021557 2.105682 -0.1240922 0.7452152 2.105682 -0.1240922 0.02021551 2.49025 -0.1240923 0.7452151 2.490251 -0.1240921 0.02021569 0.8744568 -0.1240922 0.7452154 0.8744569 -0.1240921 0.02021569 1.235017 -0.1240922 0.7452153 1.235017 -0.124092 -0.7452156 0.8744568 -0.1240921 -0.02021598 0.8744568 -0.124092 -0.7452157 1.235017 -0.1240921 -0.02021604 1.235017 -0.124092 0.02021574 0.4473364 -0.1240921 0.7452154 0.4473365 -0.1240921 0.02021569 0.8340251 -0.1240922 0.7452154 0.8340252 -0.1240919 -0.7452155 0.4473363 -0.124092 -0.02021592 0.4473364 -0.1240919 -0.7452156 0.834025 -0.1240921 -0.02021598 0.8340251</float_array>
          <technique_common>
            <accessor source="#estante-madera-mesh-positions-array" count="121" stride="3">
              <param name="X" type="float"/>
              <param name="Y" type="float"/>
              <param name="Z" type="float"/>
            </accessor>
          </technique_common>
        </source>
        <source id="estante-madera-mesh-normals">
          <float_array id="estante-madera-mesh-normals-array" count="333">-1.3822e-7 1 1.34781e-7 0 -1 -1.60321e-7 0 0 1 -1 -1.39583e-7 0 0 1.55741e-7 -1 0 1 1.2024e-7 -1.3822e-7 1 1.31995e-7 0 3.28853e-7 -1 -3.38931e-7 -1.64427e-7 1 -3.38931e-7 1.2332e-7 -1 -1.69465e-7 1.64427e-7 -1 0 -1 -1.5974e-7 0 -1 -1.55824e-7 0 -1.64427e-7 1 -1.3822e-7 1 1.2773e-7 -1.3822e-7 1 1.36959e-7 1 0 1.46484e-7 1 1.59817e-7 0 1 -4.52871e-7 1.46483e-7 1 1.64736e-7 0 1 0 1.46483e-7 1 1.75271e-7 0 1 0 1.46483e-7 1 1.49282e-7 0 1 0 0 1 9.57233e-7 0 1 1.44364e-7 7.37107e-7 1 0 0 1 0 0 1 0 0 1 1.59817e-7 0 1 4.78617e-7 0 1 0 0 1 9.10486e-7 0 1 1.54548e-7 0 1 4.55242e-7 0 1 0 0 1 4.55242e-7 0 1 1.65087e-7 0 1 9.10486e-7 0 1 1.59467e-7 0 1 0 1.4725e-7 1 1.5455e-7 0 1 0 1.47251e-7 1 1.70004e-7 0 1 0 1.4725e-7 1 1.65089e-7 0 1 0 1.4725e-7 1 0 0 1 4.83945e-7 0 1 1.28907e-7 1.84274e-7 1 4.83946e-7 0 1 1.59642e-7 0 1 0 0 1 1.28907e-7 1.84276e-7 1 0 0 1 1.4928e-7 0 1 0 0 1 1.28908e-7 0 1 4.52871e-7 0 1 1.64736e-7 0 1 0 0 1 1.44361e-7 7.37102e-7 1 0 0 1 1.59456e-7 1.54141e-7 1 0 0 1 1.40853e-7 0 1 1.41672e-7 0 1 1.60335e-7 1.54991e-7 1 1.21028e-7 0 1 1.60335e-7 0 1 1.21028e-7 0 1 0 0 1 1.57175e-7 0 1 1.72938e-7 1.54141e-7 1 1.19978e-7 0 -1.3822e-7 1 1.38368e-7 0 -1 -1.56683e-7 0 -1 -2.50984e-7 -3.3893e-7 0 1 -6.77861e-7 -1.64427e-7 1 0 3.28853e-7 -1 0 0 -1 0 1 0 0 1 0 1.3822e-7 -1 -1.38431e-7 1.3822e-7 -1 -1.36839e-7 1.69465e-7 -1.64427e-7 1 0 -3.28853e-7 1 0 1.64427e-7 -1 1.3822e-7 -1 -1.36089e-7 -6.77861e-7 0 -1 0 1 0 0 1 1.5974e-7 0 -1.64427e-7 1 1.3822e-7 -1 -1.36089e-7 1.3822e-7 -1 -1.39773e-7 -1.69465e-7 1.64427e-7 -1 0 0 1 0 1.64427e-7 -1 0 0 1 -6.77861e-7 0 -1 0 1 1.58864e-7 -1.3822e-7 1 1.33107e-7 0 1 2.54206e-7 0 -1 -2.10525e-7 1.3822e-7 -1 -1.35276e-7 0 -1.64427e-7 1 6.77861e-7 0 1 0 -1 -1.55824e-7 0 2.4664e-7 -1</float_array>
          <technique_common>
            <accessor source="#estante-madera-mesh-normals-array" count="111" stride="3">
              <param name="X" type="float"/>
              <param name="Y" type="float"/>
              <param name="Z" type="float"/>
            </accessor>
          </technique_common>
        </source>
        <source id="estante-madera-mesh-map-0">
          <float_array id="estante-madera-mesh-map-0-array" count="928">0.4265573 0.88913 0.4474055 0.88913 0.4474055 0.9022801 0.4265572 0.9022801 0.3518533 0.7688618 0.3679102 0.7688618 0.3679102 0.7978764 0.3679102 0.8210315 0.3679102 0.8427702 0.3679102 0.8647387 0.3679102 0.8877789 0.3679102 0.9108191 0.3518533 0.9108191 0.3518533 0.9108191 0.3518533 0.9268761 0.3103575 0.9268761 0.2688618 0.9268761 0.2688618 0.9108191 0.2688618 0.9108191 0.2688618 0.7688618 0.3518533 0.7688618 0.3518533 0.9108191 0.2688618 0.7688618 0.2688618 0.7528049 0.3103575 0.7528049 0.3518533 0.7528049 0.3518533 0.7688618 0.2688618 0.9108191 0.2528049 0.9108191 0.2528049 0.8877789 0.2528049 0.8647387 0.2528049 0.8427702 0.2528049 0.8210315 0.2528049 0.7978764 0.2528049 0.7688618 0.2688618 0.7688618 0.3973354 0.8226335 0.4182986 0.8226334 0.4182986 0.8357835 0.3973354 0.8357835 0.4693237 0.9535579 0.4693237 0.914254 0.4824738 0.914254 0.4824738 0.9535579 0.2510959 0.9868498 0.2903997 0.9868499 0.2903997 1 0.2510958 0.9999999 0.4703081 0.9099237 0.4703081 0.8706198 0.4834582 0.8706198 0.4834582 0.9099236 0.4835968 0.7905082 0.4835966 0.829812 0.4704465 0.8298119 0.4704466 0.7905081 0.4712567 0.7903998 0.4712567 0.751096 0.4844068 0.751096 0.4844068 0.7903998 0.446875 0.751096 0.4677233 0.751096 0.4677233 0.7642461 0.446875 0.7642461 0.393982 0.81928 0.3730188 0.81928 0.3730188 0.8061299 0.3939821 0.80613 0.4989041 0.7510959 0.498904 0.7903997 0.4857539 0.7903997 0.485754 0.7510958 0.4677233 0.8167 0.446875 0.8167 0.446875 0.8035499 0.4677233 0.8035499 0.3730188 0.7536761 0.3939821 0.7536761 0.3939821 0.7668262 0.3730188 0.7668262 0.4193946 0.8893334 0.3962395 0.8893334 0.3973354 0.8882374 0.4182987 0.8882374 0.4701608 0.7914957 0.4701607 0.75 0.4712567 0.751096 0.4712567 0.7903998 0.3962395 0.8215375 0.4193946 0.8215375 0.4182986 0.8226334 0.3973354 0.8226335 0.5 0.75 0.5 0.7914957 0.498904 0.7903997 0.4989041 0.7510959 0.3976461 0.7501193 0.4208013 0.7501193 0.4197053 0.7512153 0.3987421 0.7512153 0.4077224 0.9765394 0.3662267 0.9765394 0.3673227 0.9754434 0.4066266 0.9754435 0.4208013 0.8179152 0.3976461 0.8179152 0.3987421 0.8168193 0.4197053 0.8168193 0.3750858 0.8939936 0.4165815 0.8939936 0.4154856 0.8950896 0.3761817 0.8950895 0.25 0.9857539 0.2914957 0.9857539 0.2903997 0.9868499 0.2510959 0.9868498 0.4221197 0.8185174 0.4440882 0.8185174 0.4429923 0.8196133 0.4232157 0.8196133 0.2839466 0.9683374 0.3254423 0.9683372 0.3243463 0.9694332 0.2850425 0.9694332 0.4440882 0.8863133 0.4221197 0.8863133 0.4232157 0.8852173 0.4429923 0.8852173 0.4998807 0.8701052 0.4998807 0.9116008 0.4987847 0.9105049 0.4987848 0.871201 0.46744 0.886928 0.4454715 0.886928 0.4465674 0.885832 0.466344 0.885832 0.4839185 0.8293156 0.4839185 0.8708112 0.4828225 0.8697153 0.4828227 0.8304114 0.4454715 0.8191321 0.46744 0.8191321 0.466344 0.820228 0.4465674 0.820228 0.2892014 0.9531223 0.3306971 0.9531223 0.3296012 0.9542182 0.2902973 0.9542181 0.3729606 0.8188245 0.3960008 0.8188245 0.3949049 0.8199205 0.3740565 0.8199205 0.3294842 0.9831898 0.3709799 0.9831898 0.3698839 0.9842858 0.3305801 0.9842857 0.3960008 0.8866204 0.3729606 0.8866204 0.3740565 0.8855245 0.3949048 0.8855245 0.2651405 0.910625 0.2651405 0.9521207 0.2640445 0.9510248 0.2640446 0.9117209 0.445779 0.75 0.4688193 0.75 0.4677233 0.751096 0.446875 0.751096 0.4682278 0.9546537 0.4682278 0.9131581 0.4693237 0.914254 0.4693237 0.9535579 0.4688193 0.8177959 0.445779 0.8177959 0.446875 0.8167 0.4677233 0.8167 0.4641974 0.8850898 0.4641974 0.9265855 0.4631015 0.9254896 0.4631015 0.8861857 0.355084 0.9341986 0.355084 0.9111583 0.3561799 0.9122543 0.3561799 0.9331026 0.4955887 0.9539788 0.4955887 0.9954745 0.4944928 0.9943786 0.4944928 0.9550747 0.4228799 0.9111583 0.4228798 0.9341986 0.4217839 0.9331026 0.4217839 0.9122543 0.4846926 0.7894123 0.4846926 0.830908 0.4835966 0.829812 0.4835968 0.7905082 0.4485015 0.95583 0.4254612 0.9558299 0.4265572 0.954734 0.4474055 0.954734 0.4846068 0.8714216 0.4846067 0.8299259 0.4857026 0.8310219 0.4857026 0.8703257 0.4254612 0.888034 0.4485015 0.8880341 0.4474055 0.88913 0.4265573 0.88913 0.4068841 0.9589141 0.4483798 0.9589141 0.4472839 0.9600101 0.40798 0.96001 0.3451372 0.9570461 0.3451372 0.9353075 0.3462331 0.9364034 0.3462331 0.9559502 0.436529 0.9767614 0.4780247 0.9767614 0.4769287 0.9778574 0.4376249 0.9778573 0.4129331 0.9353075 0.4129331 0.9570462 0.4118372 0.9559502 0.4118372 0.9364034 0.5 0.7889315 0.5 0.8304272 0.4989041 0.8293312 0.4989041 0.7900274 0.2724235 0.9504709 0.2724235 0.9287323 0.2735195 0.9298282 0.2735195 0.949375 0.3664872 0.9834502 0.3249915 0.9834503 0.3260875 0.9823543 0.3653913 0.9823544 0.3402194 0.9287323 0.3402194 0.9504709 0.3391234 0.949375 0.3391234 0.9298282 0.25 0.9534189 0.2914957 0.9534189 0.2903997 0.9545148 0.2510959 0.9545148 0.395078 0.820376 0.3719229 0.820376 0.3730188 0.81928 0.393982 0.81928 0.4692122 0.9110195 0.4692122 0.8695238 0.4703081 0.8706198 0.4703081 0.9099237 0.3719229 0.7525801 0.395078 0.7525801 0.3939821 0.7536761 0.3730188 0.7536761 0.4664545 0.9246286 0.4664545 0.9661243 0.4653585 0.9650284 0.4653586 0.9257245 0.4221039 0.75 0.445259 0.75 0.4441631 0.751096 0.4231999 0.751096 0.4114915 0.9964331 0.3699958 0.9964331 0.3710918 0.9953372 0.4103956 0.9953373 0.445259 0.8177959 0.422104 0.8177959 0.4231998 0.8167 0.4441631 0.8167 0.4182986 0.8750873 0.3973354 0.8750873 0.3973354 0.8357835 0.4182986 0.8357835 0.3987421 0.7643654 0.4197053 0.7643654 0.4197053 0.8036692 0.3987421 0.8036692 0.4232157 0.8720673 0.4232157 0.8327634 0.4429923 0.8327634 0.4429923 0.8720673 0.466344 0.8333781 0.466344 0.872682 0.4465674 0.872682 0.4465674 0.8333781 0.3740565 0.8723744 0.3740565 0.8330706 0.3949049 0.8330706 0.3949049 0.8723744 0.446875 0.8035499 0.446875 0.7642461 0.4677233 0.7642461 0.4677233 0.8035499 0.4086338 0.9331026 0.36933 0.9331026 0.36933 0.9122543 0.4086338 0.9122543 0.4474055 0.9022801 0.4474055 0.9415839 0.4265572 0.9415839 0.4265572 0.9022801 0.3986871 0.9559502 0.3593832 0.9559502 0.3593832 0.9364034 0.3986871 0.9364034 0.3259733 0.949375 0.2866695 0.949375 0.2866695 0.9298282 0.3259733 0.9298282 0.3939821 0.7668262 0.3939821 0.80613 0.3730188 0.8061299 0.3730188 0.7668262 0.4231999 0.8035499 0.4231999 0.7642461 0.4441631 0.7642461 0.4441631 0.8035499 0.4429923 0.8852173 0.4232157 0.8852173 0.4232157 0.8720673 0.4429923 0.8720673 0.4474055 0.954734 0.4265572 0.954734 0.4265572 0.9415839 0.4474055 0.9415839 0.4232157 0.8196133 0.4429923 0.8196133 0.4429923 0.8327634 0.4232157 0.8327634 0.4989041 0.7900274 0.4989041 0.8293312 0.4857539 0.8293312 0.485754 0.7900273 0.2902973 0.9542181 0.3296012 0.9542182 0.3296011 0.9673683 0.2902973 0.9673683 0.4857026 0.8703257 0.4857026 0.8310219 0.4988527 0.8310219 0.4988527 0.8703257 0.2850425 0.9694332 0.3243463 0.9694332 0.3243463 0.9825833 0.2850425 0.9825833 0.3391234 0.9298282 0.3391234 0.949375 0.3259733 0.949375 0.3259733 0.9298282 0.3949048 0.8855245 0.3740565 0.8855245 0.3740565 0.8723744 0.3949049 0.8723744 0.2735195 0.949375 0.2735195 0.9298282 0.2866695 0.9298282 0.2866695 0.949375 0.3740565 0.8199205 0.3949049 0.8199205 0.3949049 0.8330706 0.3740565 0.8330706 0.4653586 0.9257245 0.4653585 0.9650284 0.4522083 0.9650283 0.4522085 0.9257245 0.4631015 0.8861857 0.4631015 0.9254896 0.4499513 0.9254896 0.4499514 0.8861857 0.3653913 0.9823544 0.3260875 0.9823543 0.3260875 0.9692042 0.3653914 0.9692043 0.3987421 0.7512153 0.4197053 0.7512153 0.4197053 0.7643654 0.3987421 0.7643654 0.3305801 0.9842857 0.3698839 0.9842858 0.3698838 0.9974359 0.33058 0.9974358 0.4441631 0.8167 0.4231998 0.8167 0.4231999 0.8035499 0.4441631 0.8035499 0.4217839 0.9122543 0.4217839 0.9331026 0.4086338 0.9331026 0.4086338 0.9122543 0.3761817 0.8950895 0.4154856 0.8950896 0.4154855 0.9082397 0.3761817 0.9082396 0.4231999 0.751096 0.4441631 0.751096 0.4441631 0.7642461 0.4231999 0.7642461 0.3561799 0.9331026 0.3561799 0.9122543 0.36933 0.9122543 0.36933 0.9331026 0.4066266 0.9754435 0.3673227 0.9754434 0.3673228 0.9622933 0.4066266 0.9622934 0.40798 0.96001 0.4472839 0.9600101 0.4472838 0.9731602 0.40798 0.9731601 0.4103956 0.9953373 0.3710918 0.9953372 0.3710918 0.9821871 0.4103957 0.9821872 0.4987848 0.871201 0.4987847 0.9105049 0.4856346 0.9105049 0.4856347 0.871201 0.4944928 0.9550747 0.4944928 0.9943786 0.4813427 0.9943785 0.4813427 0.9550747 0.4197053 0.8168193 0.3987421 0.8168193 0.3987421 0.8036692 0.4197053 0.8036692 0.4118372 0.9364034 0.4118372 0.9559502 0.3986871 0.9559502 0.3986871 0.9364034 0.4465674 0.820228 0.466344 0.820228 0.466344 0.8333781 0.4465674 0.8333781 0.3462331 0.9559502 0.3462331 0.9364034 0.3593832 0.9364034 0.3593832 0.9559502 0.466344 0.885832 0.4465674 0.885832 0.4465674 0.872682 0.466344 0.872682 0.2510959 0.9545148 0.2903997 0.9545148 0.2903997 0.9676649 0.2510958 0.9676648 0.2640446 0.9117209 0.2640445 0.9510248 0.2508944 0.9510247 0.2508945 0.9117209 0.4376249 0.9778573 0.4769287 0.9778574 0.4769287 0.9910075 0.4376248 0.9910074 0.4182987 0.8882374 0.3973354 0.8882374 0.3973354 0.8750873 0.4182986 0.8750873 0.4828227 0.8304114 0.4828225 0.8697153 0.4696725 0.8697153 0.4696725 0.8304114</float_array>
          <technique_common>
            <accessor source="#estante-madera-mesh-map-0-array" count="464" stride="2">
              <param name="S" type="float"/>
              <param name="T" type="float"/>
            </accessor>
          </technique_common>
        </source>
        <vertices id="estante-madera-mesh-vertices">
          <input semantic="POSITION" source="#estante-madera-mesh-positions"/>
        </vertices>
        <polylist material="hiper-atlas-material" count="113">
          <input semantic="VERTEX" source="#estante-madera-mesh-vertices" offset="0"/>
          <input semantic="NORMAL" source="#estante-madera-mesh-normals" offset="1"/>
          <input semantic="TEXCOORD" source="#estante-madera-mesh-map-0" offset="2" set="0"/>
          <vcount>4 9 5 4 5 9 4 4 4 4 4 4 4 4 4 4 4 4 4 4 4 4 4 4 4 4 4 4 4 4 4 4 4 4 4 4 4 4 4 4 4 4 4 4 4 4 4 4 4 4 4 4 4 4 4 4 4 4 4 4 4 4 4 4 4 4 4 4 4 4 4 4 4 4 4 4 4 4 4 4 4 4 4 4 4 4 4 4 4 4 4 4 4 4 4 4 4 4 4 4 4 4 4 4 4 4 4 4 4 4 4 4 4 </vcount>
          <p>56 0 0 53 0 1 101 0 2 103 0 3 3 1 4 2 1 5 24 1 6 21 1 7 11 1 8 13 1 9 16 1 10 6 1 11 7 1 12 7 2 13 6 2 14 8 2 15 4 2 16 5 2 17 5 3 18 1 3 19 3 3 20 7 3 21 1 4 22 0 4 23 9 4 24 2 4 25 3 4 26 5 5 27 4 5 28 17 5 29 14 5 30 10 5 31 20 5 32 22 5 33 0 5 34 1 5 35 27 6 36 28 6 37 75 6 38 76 6 39 47 7 40 48 7 41 95 7 42 96 7 43 33 8 44 34 8 45 82 8 46 81 8 47 67 9 48 68 9 49 115 9 50 116 9 51 53 2 52 54 2 53 102 2 54 101 2 55 26 10 56 27 10 57 76 10 58 73 10 59 46 11 60 47 11 61 96 11 62 94 11 63 66 12 64 67 12 65 116 12 66 114 12 67 28 13 68 25 13 69 74 13 70 75 13 71 48 14 72 45 14 73 93 14 74 95 14 75 68 15 76 65 15 77 113 15 78 115 15 79 0 16 80 22 16 81 26 16 82 25 16 83 22 17 84 23 17 85 27 17 86 26 17 87 23 18 88 9 18 89 28 18 90 27 18 91 9 19 92 0 19 93 25 19 94 28 19 95 9 20 96 23 20 97 30 20 98 29 20 99 23 21 100 24 21 101 31 21 102 30 21 103 24 22 104 2 22 105 32 22 106 31 22 107 2 23 108 9 23 109 29 23 110 32 23 111 12 24 112 10 24 113 34 24 114 33 24 115 10 25 116 14 25 117 35 25 118 34 25 119 14 26 120 15 26 121 36 26 122 35 26 123 15 27 124 12 27 125 33 27 126 36 27 127 11 28 128 12 28 129 38 28 130 37 28 131 12 29 132 15 29 133 39 29 134 38 29 135 15 30 136 13 30 137 40 30 138 39 30 139 13 31 140 11 31 141 37 31 142 40 31 143 13 32 144 15 32 145 42 32 146 41 32 147 15 33 148 18 33 149 43 33 150 42 33 151 18 34 152 16 34 153 44 34 154 43 34 155 16 35 156 13 35 157 41 35 158 44 35 159 15 36 160 14 36 161 46 36 162 45 36 163 14 37 164 17 37 165 47 37 166 46 37 167 17 38 168 18 38 169 48 38 170 47 38 171 18 39 172 15 39 173 45 39 174 48 39 175 16 40 176 18 40 177 50 40 178 49 40 179 18 41 180 8 41 181 51 41 182 50 41 183 8 42 184 6 42 185 52 42 186 51 42 187 6 43 188 16 43 189 49 43 190 52 43 191 18 44 192 17 44 193 54 44 194 53 44 195 17 45 196 4 45 197 55 45 198 54 45 199 4 46 200 8 46 201 56 46 202 55 46 203 8 47 204 18 47 205 53 47 206 56 47 207 19 48 208 20 48 209 58 48 210 57 48 211 20 49 212 10 49 213 59 49 214 58 49 215 10 50 216 12 50 217 60 50 218 59 50 219 12 51 220 19 51 221 57 51 222 60 51 223 21 52 224 19 52 225 62 52 226 61 52 227 19 53 228 12 53 229 63 53 230 62 53 231 12 54 232 11 54 233 64 54 234 63 54 235 11 55 236 21 55 237 61 55 238 64 55 239 23 56 240 22 56 241 66 56 242 65 56 243 22 57 244 20 57 245 67 57 246 66 57 247 20 58 248 19 58 249 68 58 250 67 58 251 19 59 252 23 59 253 65 59 254 68 59 255 24 60 256 23 60 257 70 60 258 69 60 259 23 61 260 19 61 261 71 61 262 70 61 263 19 62 264 21 62 265 72 62 266 71 62 267 21 63 268 24 63 269 69 63 270 72 63 271 74 64 272 73 64 273 76 64 274 75 64 275 77 65 276 78 65 277 80 65 278 79 65 279 81 66 280 82 66 281 84 66 282 83 66 283 85 67 284 86 67 285 88 67 286 87 67 287 89 68 288 90 68 289 92 68 290 91 68 291 93 69 292 94 69 293 96 69 294 95 69 295 97 70 296 98 70 297 100 70 298 99 70 299 101 71 300 102 71 301 104 71 302 103 71 303 105 72 304 106 72 305 108 72 306 107 72 307 109 73 308 110 73 309 112 73 310 111 73 311 113 74 312 114 74 313 116 74 314 115 74 315 117 75 316 118 75 317 120 75 318 119 75 319 36 76 320 33 76 321 81 76 322 83 76 323 54 77 324 55 77 325 104 77 326 102 77 327 34 78 328 35 78 329 84 78 330 82 78 331 61 79 332 62 79 333 110 79 334 109 79 335 41 80 336 42 80 337 90 80 338 89 80 339 55 81 340 56 81 341 103 81 342 104 81 343 35 82 344 36 82 345 83 82 346 84 82 347 64 83 348 61 83 349 109 83 350 111 83 351 44 84 352 41 84 353 89 84 354 91 84 355 62 85 356 63 85 357 112 85 358 110 85 359 42 86 360 43 86 361 92 86 362 90 86 363 69 87 364 70 87 365 118 87 366 117 87 367 49 88 368 50 88 369 98 88 370 97 88 371 63 89 372 64 89 373 111 89 374 112 89 375 29 90 376 30 90 377 78 90 378 77 90 379 43 91 380 44 91 381 91 91 382 92 91 383 72 92 384 69 92 385 117 92 386 119 92 387 52 93 388 49 93 389 97 93 390 99 93 391 32 94 392 29 94 393 77 94 394 79 94 395 70 95 396 71 95 397 120 95 398 118 95 399 50 96 400 51 96 401 100 96 402 98 96 403 30 97 404 31 97 405 80 97 406 78 97 407 57 98 408 58 98 409 106 98 410 105 98 411 71 99 412 72 99 413 119 99 414 120 99 415 37 100 416 38 100 417 86 100 418 85 100 419 51 101 420 52 101 421 99 101 422 100 101 423 31 102 424 32 102 425 79 102 426 80 102 427 60 103 428 57 103 429 105 103 430 107 103 431 40 104 432 37 104 433 85 104 434 87 104 435 58 105 436 59 105 437 108 105 438 106 105 439 38 106 440 39 106 441 88 106 442 86 106 443 65 107 444 66 107 445 114 107 446 113 107 447 45 108 448 46 108 449 94 108 450 93 108 451 59 89 452 60 89 453 107 89 454 108 89 455 25 109 456 26 109 457 73 109 458 74 109 459 39 110 460 40 110 461 87 110 462 88 110 463</p>
        </polylist>
      </mesh>
    </geometry>
    <geometry id="Cube_004-mesh" name="Cube.004">
      <mesh>
        <source id="Cube_004-mesh-positions">
          <float_array id="Cube_004-mesh-positions-array" count="24">0.1766514 0.107571 0.08894497 0.1788799 0.1074959 4.03058e-4 0.1756614 -0.1083396 0.08869624 0.1765331 -0.1088087 5.19559e-4 -0.177932 0.1107373 0.08799862 -0.1788799 0.1088087 -3.6661e-4 -0.1776298 -0.1085963 0.08790814 -0.1771675 -0.1068168 -5.19563e-4</float_array>
          <technique_common>
            <accessor source="#Cube_004-mesh-positions-array" count="8" stride="3">
              <param name="X" type="float"/>
              <param name="Y" type="float"/>
              <param name="Z" type="float"/>
            </accessor>
          </technique_common>
        </source>
        <source id="Cube_004-mesh-normals">
          <float_array id="Cube_004-mesh-normals-array" count="18">-0.002453386 -7.75391e-4 0.9999968 -0.002435147 -0.9999694 -0.007438302 -0.9999856 -0.004633247 0.002750396 0.002542674 8.06582e-5 -0.9999968 0.999816 -0.007724046 0.01756334 0.006314516 0.9999164 -0.01127922</float_array>
          <technique_common>
            <accessor source="#Cube_004-mesh-normals-array" count="6" stride="3">
              <param name="X" type="float"/>
              <param name="Y" type="float"/>
              <param name="Z" type="float"/>
            </accessor>
          </technique_common>
        </source>
        <source id="Cube_004-mesh-map-0">
          <float_array id="Cube_004-mesh-map-0-array" count="48">0.05453628 0.9090988 0.01887571 0.9094431 0.01889008 0.8873845 0.05442088 0.8873845 0.1517781 0.9208562 0.1517029 0.9316346 0.1085196 0.9316672 0.1085439 0.9208562 0.1626394 0.9561859 0.1607039 0.9664356 0.1353856 0.9611373 0.1377469 0.950984 0.06924229 0.8948524 0.1073163 0.8948524 0.1071511 0.9178729 0.06950873 0.917799 0.1035105 0.9278116 0.1022909 0.9402291 0.07202577 0.937199 0.07318329 0.9248304 0.2023433 0.9353826 0.2017092 0.9476964 0.1522805 0.9458045 0.1524744 0.9334509</float_array>
          <technique_common>
            <accessor source="#Cube_004-mesh-map-0-array" count="24" stride="2">
              <param name="S" type="float"/>
              <param name="T" type="float"/>
            </accessor>
          </technique_common>
        </source>
        <vertices id="Cube_004-mesh-vertices">
          <input semantic="POSITION" source="#Cube_004-mesh-positions"/>
        </vertices>
        <polylist material="hiper-atlas-material" count="6">
          <input semantic="VERTEX" source="#Cube_004-mesh-vertices" offset="0"/>
          <input semantic="NORMAL" source="#Cube_004-mesh-normals" offset="1"/>
          <input semantic="TEXCOORD" source="#Cube_004-mesh-map-0" offset="2" set="0"/>
          <vcount>4 4 4 4 4 4 </vcount>
          <p>0 0 0 4 0 1 6 0 2 2 0 3 3 1 4 2 1 5 6 1 6 7 1 7 7 2 8 6 2 9 4 2 10 5 2 11 5 3 12 1 3 13 3 3 14 7 3 15 1 4 16 0 4 17 2 4 18 3 4 19 5 5 20 4 5 21 0 5 22 1 5 23</p>
        </polylist>
      </mesh>
    </geometry>
    <geometry id="Cube_003-mesh" name="Cube.003">
      <mesh>
        <source id="Cube_003-mesh-positions">
          <float_array id="Cube_003-mesh-positions-array" count="24">0.1778077 0.1447038 0.2026312 0.1776129 0.1437644 -0.001544773 0.176402 -0.1464684 0.2049786 0.1745111 -0.1462 -0.001023709 -0.1747869 0.1478175 0.2049592 -0.1759865 0.1462 0.001544773 -0.1755764 -0.1490963 0.2044789 -0.1776128 -0.1452234 3.21716e-5</float_array>
          <technique_common>
            <accessor source="#Cube_003-mesh-positions-array" count="8" stride="3">
              <param name="X" type="float"/>
              <param name="Y" type="float"/>
              <param name="Z" type="float"/>
            </accessor>
          </technique_common>
        </source>
        <source id="Cube_003-mesh-normals">
          <float_array id="Cube_003-mesh-normals-array" count="18">0.002596914 0.003165066 0.9999916 0.002337276 -0.9999462 -0.01011127 -0.9999601 0.004078984 0.007956504 -0.005865514 0.001753151 -0.9999813 0.9999569 -0.007780909 -0.005071759 0.0078094 0.9999497 -0.006299495</float_array>
          <technique_common>
            <accessor source="#Cube_003-mesh-normals-array" count="6" stride="3">
              <param name="X" type="float"/>
              <param name="Y" type="float"/>
              <param name="Z" type="float"/>
            </accessor>
          </technique_common>
        </source>
        <source id="Cube_003-mesh-map-0">
          <float_array id="Cube_003-mesh-map-0-array" count="48">0.07408297 0.8104586 0.1201873 0.8101753 0.1201873 0.8489975 0.07416653 0.8485314 0.05129545 0.8534571 0.05147635 0.8822891 0.002213835 0.8820766 0.002013146 0.8534572 0.1608342 0.8869324 0.1607651 0.9148246 0.1202747 0.9140239 0.121089 0.8862894 0.1165122 0.8910395 0.06894749 0.8909761 0.06914865 0.8519719 0.1165122 0.8518397 0.2428721 0.8977698 0.2429522 0.9262683 0.2023102 0.9265242 0.2023972 0.8977698 0.1194211 0.8839103 0.1193996 0.85614 0.1675367 0.85614 0.1676954 0.8840128</float_array>
          <technique_common>
            <accessor source="#Cube_003-mesh-map-0-array" count="24" stride="2">
              <param name="S" type="float"/>
              <param name="T" type="float"/>
            </accessor>
          </technique_common>
        </source>
        <vertices id="Cube_003-mesh-vertices">
          <input semantic="POSITION" source="#Cube_003-mesh-positions"/>
        </vertices>
        <polylist material="hiper-atlas-material" count="6">
          <input semantic="VERTEX" source="#Cube_003-mesh-vertices" offset="0"/>
          <input semantic="NORMAL" source="#Cube_003-mesh-normals" offset="1"/>
          <input semantic="TEXCOORD" source="#Cube_003-mesh-map-0" offset="2" set="0"/>
          <vcount>4 4 4 4 4 4 </vcount>
          <p>0 0 0 4 0 1 6 0 2 2 0 3 3 1 4 2 1 5 6 1 6 7 1 7 7 2 8 6 2 9 4 2 10 5 2 11 5 3 12 1 3 13 3 3 14 7 3 15 1 4 16 0 4 17 2 4 18 3 4 19 5 5 20 4 5 21 0 5 22 1 5 23</p>
        </polylist>
      </mesh>
    </geometry>
    <geometry id="Cube_001-mesh" name="Cube.001">
      <mesh>
        <source id="Cube_001-mesh-positions">
          <float_array id="Cube_001-mesh-positions-array" count="78">0.07872885 0.08070147 0.166796 0.07635653 0.07834482 0.001864671 0.07738143 -0.08174031 0.1677647 0.0846464 -0.07694768 0.001670539 -0.07835263 0.07969772 0.168574 -0.07947033 0.07853919 -2.00674e-4 -0.07962524 -0.07950103 0.1669943 -0.08056396 -0.0782206 -0.001055419 -0.0846464 2.12483e-4 5.43751e-4 -6.9699e-4 0.08271372 0.001936435 0.07624208 0.07890105 0.08612704 -0.08012843 -0.07914561 0.08607774 0.07853877 -0.080576 0.08573061 -0.0788697 0.07930308 0.08607697 3.90187e-4 -0.07961481 0.1672063 0.08011776 -1.12221e-4 0.1676269 -6.08034e-4 -0.08271378 0.001541018 -0.08004134 -6.15466e-5 0.1689021 -6.38166e-4 0.08119791 0.1679961 0.08106189 -2.72864e-4 2.468e-4 -6.62517e-4 0.08411931 0.08591264 0.08215868 -1.35448e-4 0.08598405 -6.87701e-4 2.51765e-4 -0.001936435 -0.08454394 8.98277e-5 0.08589154 -6.96826e-4 -0.08302932 0.08589106 -6.3785e-4 -4.6797e-5 0.1707593</float_array>
          <technique_common>
            <accessor source="#Cube_001-mesh-positions-array" count="26" stride="3">
              <param name="X" type="float"/>
              <param name="Y" type="float"/>
              <param name="Z" type="float"/>
            </accessor>
          </technique_common>
        </source>
        <source id="Cube_001-mesh-normals">
          <float_array id="Cube_001-mesh-normals-array" count="72">-0.01299178 -0.03443735 0.9993224 -0.02506113 -0.9995036 0.01909261 -0.9984719 0.04627192 0.0302146 0.01479274 -0.03034466 -0.9994301 0.9990462 -0.03919541 0.01924824 0.03658366 0.9993106 0.006318509 0.06215757 0.9979989 -0.01160848 -0.05701833 0.9982948 -0.01250815 -0.04039877 0.9990639 0.0154711 0.9995649 -5.58403e-6 0.0294978 0.9977153 0.06728863 -0.006039738 0.9989528 0.04564023 -0.003256499 3.9352e-4 -0.01162678 -0.9999324 -0.002613663 0.01953709 -0.9998058 0.01434981 0.03448367 -0.9993023 -0.9976284 0.06872355 0.003830134 -0.9985455 -0.05384421 0.00278753 -0.9990643 -0.03075122 0.03041321 -0.05237531 -0.9986022 -0.007118344 0.04989087 -0.9985222 -0.02154797 0.002062618 -0.9999031 0.01377481 0.01601415 -0.02134835 0.9996439 0.02711892 0.02239668 0.9993814 -0.008325815 0.01928305 0.9997794</float_array>
          <technique_common>
            <accessor source="#Cube_001-mesh-normals-array" count="24" stride="3">
              <param name="X" type="float"/>
              <param name="Y" type="float"/>
              <param name="Z" type="float"/>
            </accessor>
          </technique_common>
        </source>
        <source id="Cube_001-mesh-map-0">
          <float_array id="Cube_001-mesh-map-0-array" count="192">0.2184091 0.9898127 0.2098833 0.9889349 0.2107612 0.9804091 0.219287 0.981287 0.01675122 0.9302907 0.01675122 0.9198057 0.02723628 0.9198057 0.02723628 0.9302907 0.1487358 0.9814414 0.1583141 0.9814414 0.1583141 0.9910197 0.1487358 0.9910197 0.09139722 0.9482865 0.09451293 0.9570929 0.08570659 0.9602086 0.08259087 0.9514023 0.09075409 0.9871208 0.09075409 0.977135 0.1007398 0.977135 0.1007398 0.9871208 0.227514 0.9426078 0.2385801 0.9431235 0.2380644 0.9541894 0.2269984 0.9536738 0.216448 0.9420922 0.227514 0.9426078 0.2269984 0.9536738 0.2159324 0.9531581 0.2169637 0.9310262 0.2280297 0.9315418 0.227514 0.9426078 0.216448 0.9420922 0.2280297 0.9315418 0.2390956 0.9320575 0.2385801 0.9431235 0.227514 0.9426078 0.09075409 0.9971066 0.09075409 0.9871208 0.1007398 0.9871208 0.1007398 0.9971066 0.08076828 0.9971066 0.08076828 0.9871208 0.09075409 0.9871208 0.09075409 0.9971066 0.08076828 0.9871208 0.08076828 0.977135 0.09075409 0.977135 0.09075409 0.9871208 0.2463237 0.9639413 0.2380099 0.9642998 0.2376514 0.955986 0.2459652 0.9556276 0.2466821 0.9722551 0.2383683 0.9726136 0.2380099 0.9642998 0.2463237 0.9639413 0.1002036 0.9451708 0.1033193 0.9539772 0.09451293 0.9570929 0.09139722 0.9482865 0.1391575 0.9814414 0.1487358 0.9814414 0.1487358 0.9910197 0.1391575 0.9910197 0.1391575 0.9718632 0.1487358 0.9718632 0.1487358 0.9814414 0.1391575 0.9814414 0.1487358 0.9718632 0.1583141 0.9718632 0.1583141 0.9814414 0.1487358 0.9814414 0.01675122 0.9407758 0.01675122 0.9302907 0.02723628 0.9302907 0.02723628 0.9407758 0.006266117 0.9407758 0.006266117 0.9302907 0.01675122 0.9302907 0.01675122 0.9407758 0.006266117 0.9302907 0.006266117 0.9198057 0.01675122 0.9198057 0.01675122 0.9302907 0.1900625 0.9466896 0.1909184 0.935071 0.202537 0.9359269 0.2016811 0.9475455 0.1394888 0.9466908 0.1394888 0.9358693 0.1503103 0.9358693 0.1503103 0.9466908 0.2175313 0.9983385 0.2090055 0.9974607 0.2098833 0.9889349 0.2184091 0.9898127</float_array>
          <technique_common>
            <accessor source="#Cube_001-mesh-map-0-array" count="96" stride="2">
              <param name="S" type="float"/>
              <param name="T" type="float"/>
            </accessor>
          </technique_common>
        </source>
        <vertices id="Cube_001-mesh-vertices">
          <input semantic="POSITION" source="#Cube_001-mesh-positions"/>
        </vertices>
        <polylist material="hiper-atlas-material" count="24">
          <input semantic="VERTEX" source="#Cube_001-mesh-vertices" offset="0"/>
          <input semantic="NORMAL" source="#Cube_001-mesh-normals" offset="1"/>
          <input semantic="TEXCOORD" source="#Cube_001-mesh-map-0" offset="2" set="0"/>
          <vcount>4 4 4 4 4 4 4 4 4 4 4 4 4 4 4 4 4 4 4 4 4 4 4 4 </vcount>
          <p>25 0 0 17 0 1 6 0 2 14 0 3 24 1 4 14 1 5 6 1 6 11 1 7 23 2 8 17 2 9 4 2 10 13 2 11 22 3 12 19 3 13 3 3 14 16 3 15 21 4 16 15 4 17 2 4 18 12 4 19 20 5 20 18 5 21 0 5 22 10 5 23 9 6 24 20 6 25 10 6 26 1 6 27 5 7 28 13 7 29 20 7 30 9 7 31 13 8 32 4 8 33 18 8 34 20 8 35 19 9 36 21 9 37 12 9 38 3 9 39 1 10 40 10 10 41 21 10 42 19 10 43 10 11 44 0 11 45 15 11 46 21 11 47 8 12 48 22 12 49 16 12 50 7 12 51 5 13 52 9 13 53 22 13 54 8 13 55 9 14 56 1 14 57 19 14 58 22 14 59 8 15 60 23 15 61 13 15 62 5 15 63 7 16 64 11 16 65 23 16 66 8 16 67 11 17 68 6 17 69 17 17 70 23 17 71 16 18 72 24 18 73 11 18 74 7 18 75 3 19 76 12 19 77 24 19 78 16 19 79 12 20 80 2 20 81 14 20 82 24 20 83 15 21 84 25 21 85 14 21 86 2 21 87 0 22 88 18 22 89 25 22 90 15 22 91 18 23 92 4 23 93 17 23 94 25 23 95</p>
        </polylist>
      </mesh>
    </geometry>
    <geometry id="Cube_002-mesh" name="Cube.002">
      <mesh>
        <source id="Cube_002-mesh-positions">
          <float_array id="Cube_002-mesh-positions-array" count="24">0.192344 0.1886315 0.3838511 0.1844561 0.1907939 0.001663684 0.1948831 -0.1901368 0.3785283 0.1902804 -0.1840556 -0.002601027 -0.1880099 0.1907362 0.3821324 -0.1902804 0.1912964 0.002601027 -0.1841641 -0.1860329 0.3819553 -0.1892469 -0.1912964 0.001972794</float_array>
          <technique_common>
            <accessor source="#Cube_002-mesh-positions-array" count="8" stride="3">
              <param name="X" type="float"/>
              <param name="Y" type="float"/>
              <param name="Z" type="float"/>
            </accessor>
          </technique_common>
        </source>
        <source id="Cube_002-mesh-normals">
          <float_array id="Cube_002-mesh-normals-array" count="18">0.002190053 -0.00726062 0.9999713 0.004123449 -0.9999909 -0.001126825 -0.9999321 -0.006435453 0.009720683 -0.007363498 0.006392896 -0.9999526 0.9998043 0.01130211 -0.01623815 0.003449022 0.9999879 0.003528296</float_array>
          <technique_common>
            <accessor source="#Cube_002-mesh-normals-array" count="6" stride="3">
              <param name="X" type="float"/>
              <param name="Y" type="float"/>
              <param name="Z" type="float"/>
            </accessor>
          </technique_common>
        </source>
        <source id="Cube_002-mesh-map-0">
          <float_array id="Cube_002-mesh-map-0-array" count="48">0.2300328 0.8115968 0.2272489 0.8509098 0.1879358 0.8481259 0.1907198 0.8088129 0.1310223 0.8090667 0.1752001 0.8094071 0.1748596 0.8535849 0.1306819 0.8532444 0.0595768 0.7575188 0.052818 0.8050035 0.005333304 0.7982447 0.01209211 0.7507601 0.07541549 0.805265 0.07444739 0.752654 0.1270584 0.7516858 0.1280265 0.8042969 0.1333325 0.8067116 0.1333325 0.7563203 0.1837238 0.7563202 0.1837238 0.8067116 0.1953924 0.7536774 0.2453537 0.7501409 0.2488902 0.8001021 0.198929 0.8036387</float_array>
          <technique_common>
            <accessor source="#Cube_002-mesh-map-0-array" count="24" stride="2">
              <param name="S" type="float"/>
              <param name="T" type="float"/>
            </accessor>
          </technique_common>
        </source>
        <vertices id="Cube_002-mesh-vertices">
          <input semantic="POSITION" source="#Cube_002-mesh-positions"/>
        </vertices>
        <polylist material="hiper-atlas-material" count="6">
          <input semantic="VERTEX" source="#Cube_002-mesh-vertices" offset="0"/>
          <input semantic="NORMAL" source="#Cube_002-mesh-normals" offset="1"/>
          <input semantic="TEXCOORD" source="#Cube_002-mesh-map-0" offset="2" set="0"/>
          <vcount>4 4 4 4 4 4 </vcount>
          <p>0 0 0 4 0 1 6 0 2 2 0 3 3 1 4 2 1 5 6 1 6 7 1 7 7 2 8 6 2 9 4 2 10 5 2 11 5 3 12 1 3 13 3 3 14 7 3 15 1 4 16 0 4 17 2 4 18 3 4 19 5 5 20 4 5 21 0 5 22 1 5 23</p>
        </polylist>
      </mesh>
    </geometry>
    <geometry id="Cube_005-mesh" name="Cube.005">
      <mesh>
        <source id="Cube_005-mesh-positions">
          <float_array id="Cube_005-mesh-positions-array" count="24">0.1199051 0.09809547 0.1752515 0.1222515 0.09595173 -3.42693e-4 0.1222626 -0.0989083 0.1736851 0.1194958 -0.1001067 -4.58788e-4 -0.1178314 0.09777557 0.1756438 -0.1192377 0.1001067 8.35296e-4 -0.1196253 -0.1001517 0.177052 -0.1222515 -0.0957843 -8.35296e-4</float_array>
          <technique_common>
            <accessor source="#Cube_005-mesh-positions-array" count="8" stride="3">
              <param name="X" type="float"/>
              <param name="Y" type="float"/>
              <param name="Z" type="float"/>
            </accessor>
          </technique_common>
        </source>
        <source id="Cube_005-mesh-normals">
          <float_array id="Cube_005-mesh-normals-array" count="18">0.007838964 -3.89353e-4 0.9999693 -0.006420969 -0.9999397 -0.008903384 -0.9998577 0.01219832 0.01166349 -0.001578152 0.00458163 -0.9999883 0.9999988 -0.001008033 -0.001192629 0.008004069 0.9999678 5.56239e-4</float_array>
          <technique_common>
            <accessor source="#Cube_005-mesh-normals-array" count="6" stride="3">
              <param name="X" type="float"/>
              <param name="Y" type="float"/>
              <param name="Z" type="float"/>
            </accessor>
          </technique_common>
        </source>
        <source id="Cube_005-mesh-map-0">
          <float_array id="Cube_005-mesh-map-0-array" count="48">0.1041795 0.9718826 0.1066434 0.9415694 0.1319024 0.9433555 0.1292784 0.9741916 0.06180411 0.9118834 0.06454724 0.9330832 0.03509408 0.9368343 0.03231137 0.9151706 0.02690225 0.9469681 0.02856916 0.9655901 0.007808208 0.9667905 0.006374239 0.9484789 0.1939713 0.8992211 0.1934195 0.9288596 0.169357 0.9284881 0.1699286 0.8988183 0.2468355 0.8757432 0.2252881 0.8760231 0.2254652 0.8518486 0.2468355 0.8516842 0.1363657 0.9394764 0.1339073 0.9605012 0.1052966 0.9573407 0.1073092 0.936172</float_array>
          <technique_common>
            <accessor source="#Cube_005-mesh-map-0-array" count="24" stride="2">
              <param name="S" type="float"/>
              <param name="T" type="float"/>
            </accessor>
          </technique_common>
        </source>
        <vertices id="Cube_005-mesh-vertices">
          <input semantic="POSITION" source="#Cube_005-mesh-positions"/>
        </vertices>
        <polylist material="hiper-atlas-material" count="6">
          <input semantic="VERTEX" source="#Cube_005-mesh-vertices" offset="0"/>
          <input semantic="NORMAL" source="#Cube_005-mesh-normals" offset="1"/>
          <input semantic="TEXCOORD" source="#Cube_005-mesh-map-0" offset="2" set="0"/>
          <vcount>4 4 4 4 4 4 </vcount>
          <p>0 0 0 4 0 1 6 0 2 2 0 3 3 1 4 2 1 5 6 1 6 7 1 7 7 2 8 6 2 9 4 2 10 5 2 11 5 3 12 1 3 13 3 3 14 7 3 15 1 4 16 0 4 17 2 4 18 3 4 19 5 5 20 4 5 21 0 5 22 1 5 23</p>
        </polylist>
      </mesh>
    </geometry>
    <geometry id="Cube_006-mesh" name="Cube.006">
      <mesh>
        <source id="Cube_006-mesh-positions">
          <float_array id="Cube_006-mesh-positions-array" count="24">0.1324391 0.1261661 0.1836578 0.1301333 0.1290841 -0.00113672 0.1293227 -0.1331219 0.1814414 0.1295483 -0.1285078 -0.001837074 -0.1234639 0.128689 0.1830113 -0.128831 0.1274724 0.001837074 -0.1262691 -0.1282326 0.1826366 -0.1301335 -0.1290842 5.165e-4</float_array>
          <technique_common>
            <accessor source="#Cube_006-mesh-positions-array" count="8" stride="3">
              <param name="X" type="float"/>
              <param name="Y" type="float"/>
              <param name="Z" type="float"/>
            </accessor>
          </technique_common>
        </source>
        <source id="Cube_006-mesh-normals">
          <float_array id="Cube_006-mesh-normals-array" count="18">9.99969e-4 -0.005030691 0.9999869 -0.008439719 -0.9999123 -0.0102123 -0.9996472 0.007913351 0.02535653 -0.01028794 0.003968119 -0.9999392 0.9999579 -0.007128298 -0.005797207 0.001790523 0.9999878 0.004611372</float_array>
          <technique_common>
            <accessor source="#Cube_006-mesh-normals-array" count="6" stride="3">
              <param name="X" type="float"/>
              <param name="Y" type="float"/>
              <param name="Z" type="float"/>
            </accessor>
          </technique_common>
        </source>
        <source id="Cube_006-mesh-map-0">
          <float_array id="Cube_006-mesh-map-0-array" count="48">0.1793548 0.855464 0.2160476 0.8573869 0.2141563 0.8942281 0.1774865 0.8926485 0.2313522 0.9607906 0.2297458 0.9772487 0.2067853 0.9751332 0.2080181 0.9587492 0.01965266 0.9834849 0.01975184 0.9679614 0.04164785 0.9679614 0.04151666 0.9834075 0.04114639 0.8500421 0.005200028 0.8480528 0.007481098 0.8123178 0.04351729 0.8144565 0.04983723 0.9619168 0.05027365 0.9414493 0.07899278 0.9418562 0.07836747 0.962153 0.1759603 0.9690139 0.1770013 0.9507566 0.2028126 0.9513944 0.2020695 0.9700272</float_array>
          <technique_common>
            <accessor source="#Cube_006-mesh-map-0-array" count="24" stride="2">
              <param name="S" type="float"/>
              <param name="T" type="float"/>
            </accessor>
          </technique_common>
        </source>
        <vertices id="Cube_006-mesh-vertices">
          <input semantic="POSITION" source="#Cube_006-mesh-positions"/>
        </vertices>
        <polylist material="hiper-atlas-material" count="6">
          <input semantic="VERTEX" source="#Cube_006-mesh-vertices" offset="0"/>
          <input semantic="NORMAL" source="#Cube_006-mesh-normals" offset="1"/>
          <input semantic="TEXCOORD" source="#Cube_006-mesh-map-0" offset="2" set="0"/>
          <vcount>4 4 4 4 4 4 </vcount>
          <p>0 0 0 4 0 1 6 0 2 2 0 3 3 1 4 2 1 5 6 1 6 7 1 7 7 2 8 6 2 9 4 2 10 5 2 11 5 3 12 1 3 13 3 3 14 7 3 15 1 4 16 0 4 17 2 4 18 3 4 19 5 5 20 4 5 21 0 5 22 1 5 23</p>
        </polylist>
      </mesh>
    </geometry>
  </library_geometries>
  <library_visual_scenes>
    <visual_scene id="Scene" name="Scene">
      <node id="Pallet_001" name="Pallet.001" type="NODE">
        <matrix sid="transform">1 0 0 0.0979203 0 1 0 2 0 0 1 -0.002584696 0 0 0 1</matrix>
        <instance_geometry url="#Cubo_001-mesh" name="Pallet.001">
          <bind_material>
            <technique_common>
              <instance_material symbol="hiper-atlas-material" target="#hiper-atlas-material">
                <bind_vertex_input semantic="MapaUV" input_semantic="TEXCOORD" input_set="0"/>
              </instance_material>
            </technique_common>
          </bind_material>
        </instance_geometry>
      </node>
      <node id="Industrial-Pallet_001" name="Industrial-Pallet.001" type="NODE">
        <matrix sid="transform">0.6 0 0 1.300647 0 0.6 0 2.01064 0 0 0.6 4.80533e-4 0 0 0 1</matrix>
        <instance_geometry url="#Cube_008-mesh" name="Industrial-Pallet.001">
          <bind_material>
            <technique_common>
              <instance_material symbol="hiper-atlas-material" target="#hiper-atlas-material">
                <bind_vertex_input semantic="MapaUV" input_semantic="TEXCOORD" input_set="0"/>
              </instance_material>
            </technique_common>
          </bind_material>
        </instance_geometry>
      </node>
      <node id="Gabinete_001" name="Gabinete.001" type="NODE">
        <matrix sid="transform">-4.37114e-8 -1 0 -2.000257 1 -4.37114e-8 0 2.305 0 0 1 0 0 0 0 1</matrix>
        <instance_geometry url="#Gabinete_001-mesh" name="Gabinete.001">
          <bind_material>
            <technique_common>
              <instance_material symbol="hiper-atlas-material" target="#hiper-atlas-material">
                <bind_vertex_input semantic="MapaUV" input_semantic="TEXCOORD" input_set="0"/>
              </instance_material>
            </technique_common>
          </bind_material>
        </instance_geometry>
      </node>
      <node id="Closet_001" name="Closet.001" type="NODE">
        <matrix sid="transform">-4.37114e-8 -1 0 -1.9 1 -4.37114e-8 0 1.301673 0 0 1 -0.001785636 0 0 0 1</matrix>
        <instance_geometry url="#Cube_009-mesh" name="Closet.001">
          <bind_material>
            <technique_common>
              <instance_material symbol="hiper-atlas-material" target="#hiper-atlas-material">
                <bind_vertex_input semantic="MapaUV" input_semantic="TEXCOORD" input_set="0"/>
              </instance_material>
            </technique_common>
          </bind_material>
        </instance_geometry>
      </node>
      <node id="junta-canaleta" name="junta-canaleta" type="NODE">
        <matrix sid="transform">1 0 0 -0.2885002 0 1 0 2.702084 0 0 1 0.2179332 0 0 0 1</matrix>
        <instance_geometry url="#junta-canaleta-mesh" name="junta-canaleta">
          <bind_material>
            <technique_common>
              <instance_material symbol="hiper-atlas-material" target="#hiper-atlas-material">
                <bind_vertex_input semantic="MapaUV" input_semantic="TEXCOORD" input_set="0"/>
              </instance_material>
            </technique_common>
          </bind_material>
        </instance_geometry>
      </node>
      <node id="escalera-hierro-oxidado" name="escalera-hierro-oxidado" type="NODE">
        <matrix sid="transform">1.94707e-7 1.34359e-7 -1 -0.9999372 0 1 1.34359e-7 1.012634 1 -2.61606e-14 1.94707e-7 0 0 0 0 1</matrix>
        <instance_geometry url="#escalera-hierro-mesh" name="escalera-hierro-oxidado">
          <bind_material>
            <technique_common>
              <instance_material symbol="hiper-atlas-material" target="#hiper-atlas-material">
                <bind_vertex_input semantic="MapaUV" input_semantic="TEXCOORD" input_set="0"/>
              </instance_material>
            </technique_common>
          </bind_material>
        </instance_geometry>
      </node>
      <node id="escalera-aluminio-de-pared" name="escalera-aluminio-de-pared" type="NODE">
        <matrix sid="transform">0.7071068 0 0.7071068 1.3 0 1 0 0.00468874 -0.7071068 0 0.7071068 0.05099213 0 0 0 1</matrix>
        <instance_geometry url="#escalera-aluminio-mesh" name="escalera-aluminio-de-pared">
          <bind_material>
            <technique_common>
              <instance_material symbol="hiper-atlas-material" target="#hiper-atlas-material">
                <bind_vertex_input semantic="MapaUV" input_semantic="TEXCOORD" input_set="0"/>
              </instance_material>
            </technique_common>
          </bind_material>
        </instance_geometry>
      </node>
      <node id="conector-suelo-plano" name="conector-suelo-plano" type="NODE">
        <matrix sid="transform">1 0 0 -0.54 0 1 0 2.7 0 0 1 0.5751558 0 0 0 1</matrix>
        <instance_geometry url="#conector-suelo-plano-mesh" name="conector-suelo-plano">
          <bind_material>
            <technique_common>
              <instance_material symbol="hiper-atlas-material" target="#hiper-atlas-material">
                <bind_vertex_input semantic="MapaUV" input_semantic="TEXCOORD" input_set="0"/>
              </instance_material>
            </technique_common>
          </bind_material>
        </instance_geometry>
      </node>
      <node id="conector-suelo-esquina" name="conector-suelo-esquina" type="NODE">
        <matrix sid="transform">1 0 0 -0.8 0 1 0 2.7 0 0 1 0.05592365 0 0 0 1</matrix>
        <instance_geometry url="#conector-suelo-esquina-mesh" name="conector-suelo-esquina">
          <bind_material>
            <technique_common>
              <instance_material symbol="hiper-atlas-material" target="#hiper-atlas-material">
                <bind_vertex_input semantic="MapaUV" input_semantic="TEXCOORD" input_set="0"/>
              </instance_material>
            </technique_common>
          </bind_material>
        </instance_geometry>
      </node>
      <node id="canasta-madera" name="canasta-madera" type="NODE">
        <matrix sid="transform">1 0 0 0 0 1 0 1 0 0 1 0 0 0 0 1</matrix>
        <instance_geometry url="#canasta-madera-mesh" name="canasta-madera">
          <bind_material>
            <technique_common>
              <instance_material symbol="hiper-atlas-material" target="#hiper-atlas-material">
                <bind_vertex_input semantic="MapaUV" input_semantic="TEXCOORD" input_set="0"/>
              </instance_material>
            </technique_common>
          </bind_material>
        </instance_geometry>
      </node>
      <node id="canaleta-T" name="canaleta-T" type="NODE">
        <matrix sid="transform">1 0 0 1.2599 0 1 0 2.7 0 0 1 0.2880087 0 0 0 1</matrix>
        <instance_geometry url="#canaleta-T-mesh" name="canaleta-T">
          <bind_material>
            <technique_common>
              <instance_material symbol="hiper-atlas-material" target="#hiper-atlas-material">
                <bind_vertex_input semantic="MapaUV" input_semantic="TEXCOORD" input_set="0"/>
              </instance_material>
            </technique_common>
          </bind_material>
        </instance_geometry>
      </node>
      <node id="canaleta-L" name="canaleta-L" type="NODE">
        <matrix sid="transform">1 0 0 -0.8 0 1 0 2.7 0 0 1 0.05918619 0 0 0 1</matrix>
        <instance_geometry url="#canaleta-L-mesh" name="canaleta-L">
          <bind_material>
            <technique_common>
              <instance_material symbol="hiper-atlas-material" target="#hiper-atlas-material">
                <bind_vertex_input semantic="MapaUV" input_semantic="TEXCOORD" input_set="0"/>
              </instance_material>
            </technique_common>
          </bind_material>
        </instance_geometry>
      </node>
      <node id="canaleta-cruz" name="canaleta-cruz" type="NODE">
        <matrix sid="transform">1 0 0 -0.5401001 0 1 0 2.7 0 0 1 0.3340736 0 0 0 1</matrix>
        <instance_geometry url="#canaleta-cruz-mesh" name="canaleta-cruz">
          <bind_material>
            <technique_common>
              <instance_material symbol="hiper-atlas-material" target="#hiper-atlas-material">
                <bind_vertex_input semantic="MapaUV" input_semantic="TEXCOORD" input_set="0"/>
              </instance_material>
            </technique_common>
          </bind_material>
        </instance_geometry>
      </node>
      <node id="canaleta-2m" name="canaleta-2m" type="NODE">
        <matrix sid="transform">1 0 0 -1 0 1 0 3 0 0 1 0.05918619 0 0 0 1</matrix>
        <instance_geometry url="#canaleta-2m-mesh" name="canaleta-2m">
          <bind_material>
            <technique_common>
              <instance_material symbol="hiper-atlas-material" target="#hiper-atlas-material">
                <bind_vertex_input semantic="MapaUV" input_semantic="TEXCOORD" input_set="0"/>
              </instance_material>
            </technique_common>
          </bind_material>
        </instance_geometry>
      </node>
      <node id="canaleta-1m" name="canaleta-1m" type="NODE">
        <matrix sid="transform">1 0 0 -0.28 0 1 0 2.7 0 0 1 0.05918619 0 0 0 1</matrix>
        <instance_geometry url="#canaleta-1m-mesh" name="canaleta-1m">
          <bind_material>
            <technique_common>
              <instance_material symbol="hiper-atlas-material" target="#hiper-atlas-material">
                <bind_vertex_input semantic="MapaUV" input_semantic="TEXCOORD" input_set="0"/>
              </instance_material>
            </technique_common>
          </bind_material>
        </instance_geometry>
      </node>
      <node id="caja-recubierta-de-lona" name="caja-recubierta-de-lona" type="NODE">
        <matrix sid="transform">1 0 0 -1 0 1 0 0 0 0 1 0 0 0 0 1</matrix>
        <instance_geometry url="#caja-recubierta-mesh" name="caja-recubierta-de-lona">
          <bind_material>
            <technique_common>
              <instance_material symbol="hiper-atlas-material" target="#hiper-atlas-material">
                <bind_vertex_input semantic="MapaUV" input_semantic="TEXCOORD" input_set="0"/>
              </instance_material>
            </technique_common>
          </bind_material>
        </instance_geometry>
      </node>
      <node id="caja-madera-cubierta-lona" name="caja-madera-cubierta-lona" type="NODE">
        <matrix sid="transform">1 0 0 1 0 1 0 -1 0 0 1 0 0 0 0 1</matrix>
        <instance_geometry url="#caja-madera-cubierta-lona-mesh" name="caja-madera-cubierta-lona">
          <bind_material>
            <technique_common>
              <instance_material symbol="hiper-atlas-material" target="#hiper-atlas-material">
                <bind_vertex_input semantic="MapaUV" input_semantic="TEXCOORD" input_set="0"/>
              </instance_material>
            </technique_common>
          </bind_material>
        </instance_geometry>
      </node>
      <node id="caja-cubierta-lona" name="caja-cubierta-lona" type="NODE">
        <matrix sid="transform">1 0 0 -1 0 1 0 -1 0 0 1 0 0 0 0 1</matrix>
        <instance_geometry url="#caja-cubierta-lona_001-mesh" name="caja-cubierta-lona">
          <bind_material>
            <technique_common>
              <instance_material symbol="hiper-atlas-material" target="#hiper-atlas-material">
                <bind_vertex_input semantic="MapaUV" input_semantic="TEXCOORD" input_set="0"/>
              </instance_material>
            </technique_common>
          </bind_material>
        </instance_geometry>
      </node>
      <node id="Caja-cubierta-lona" name="Caja-cubierta-lona" type="NODE">
        <matrix sid="transform">1 0 0 0 0 1 0 0 0 0 1 0 0 0 0 1</matrix>
        <instance_geometry url="#caja-cubierta-lona-mesh" name="Caja-cubierta-lona">
          <bind_material>
            <technique_common>
              <instance_material symbol="hiper-atlas-material" target="#hiper-atlas-material">
                <bind_vertex_input semantic="MapaUV" input_semantic="TEXCOORD" input_set="0"/>
              </instance_material>
            </technique_common>
          </bind_material>
        </instance_geometry>
      </node>
      <node id="estanteria-travesaños_005" name="estanteria-travesaños.005" type="NODE">
        <matrix sid="transform">1.94707e-7 1.34359e-7 1 -1.000787 0 -1 1.34359e-7 -2.4356 -1 2.61606e-14 1.94707e-7 0.3371301 0 0 0 1</matrix>
        <instance_geometry url="#estanteria-travesaños_005-mesh" name="estanteria-travesaños.005">
          <bind_material>
            <technique_common>
              <instance_material symbol="hiper-atlas-material" target="#hiper-atlas-material">
                <bind_vertex_input semantic="MapaUV" input_semantic="TEXCOORD" input_set="0"/>
              </instance_material>
            </technique_common>
          </bind_material>
        </instance_geometry>
      </node>
      <node id="estanteria-travesaños_004" name="estanteria-travesaños.004" type="NODE">
        <matrix sid="transform">1.94707e-7 1.34359e-7 1 -1.000787 0 -1 1.34359e-7 -2.4356 -1 2.61606e-14 1.94707e-7 1.26713 0 0 0 1</matrix>
        <instance_geometry url="#estanteria-travesaños_004-mesh" name="estanteria-travesaños.004">
          <bind_material>
            <technique_common>
              <instance_material symbol="hiper-atlas-material" target="#hiper-atlas-material">
                <bind_vertex_input semantic="MapaUV" input_semantic="TEXCOORD" input_set="0"/>
              </instance_material>
            </technique_common>
          </bind_material>
        </instance_geometry>
      </node>
      <node id="estanteria-travesaños_003" name="estanteria-travesaños.003" type="NODE">
        <matrix sid="transform">1.94707e-7 1.34359e-7 1 -1.000787 0 -1 1.34359e-7 -2.4356 -1 2.61606e-14 1.94707e-7 2.30713 0 0 0 1</matrix>
        <instance_geometry url="#estanteria-travesaños_003-mesh" name="estanteria-travesaños.003">
          <bind_material>
            <technique_common>
              <instance_material symbol="hiper-atlas-material" target="#hiper-atlas-material">
                <bind_vertex_input semantic="MapaUV" input_semantic="TEXCOORD" input_set="0"/>
              </instance_material>
            </technique_common>
          </bind_material>
        </instance_geometry>
      </node>
      <node id="estanteria-travesaños_002" name="estanteria-travesaños.002" type="NODE">
        <matrix sid="transform">1.94707e-7 -1.34359e-7 1 -1.000787 0 1 1.34359e-7 -1.5756 -1 -2.61606e-14 1.94707e-7 0.3371301 0 0 0 1</matrix>
        <instance_geometry url="#estanteria-travesaños_002-mesh" name="estanteria-travesaños.002">
          <bind_material>
            <technique_common>
              <instance_material symbol="hiper-atlas-material" target="#hiper-atlas-material">
                <bind_vertex_input semantic="MapaUV" input_semantic="TEXCOORD" input_set="0"/>
              </instance_material>
            </technique_common>
          </bind_material>
        </instance_geometry>
      </node>
      <node id="estanteria-travesaños_001" name="estanteria-travesaños.001" type="NODE">
        <matrix sid="transform">1.94707e-7 -1.34359e-7 1 -1.000787 0 1 1.34359e-7 -1.5756 -1 -2.61606e-14 1.94707e-7 1.26713 0 0 0 1</matrix>
        <instance_geometry url="#estanteria-travesaños_001-mesh" name="estanteria-travesaños.001">
          <bind_material>
            <technique_common>
              <instance_material symbol="hiper-atlas-material" target="#hiper-atlas-material">
                <bind_vertex_input semantic="MapaUV" input_semantic="TEXCOORD" input_set="0"/>
              </instance_material>
            </technique_common>
          </bind_material>
        </instance_geometry>
      </node>
      <node id="estanteria-travesaños" name="estanteria-travesaños" type="NODE">
        <matrix sid="transform">1.94707e-7 -1.34359e-7 1 -1.000787 0 1 1.34359e-7 -1.5756 -1 -2.61606e-14 1.94707e-7 2.30713 0 0 0 1</matrix>
        <instance_geometry url="#estanteria-travesaños-mesh" name="estanteria-travesaños">
          <bind_material>
            <technique_common>
              <instance_material symbol="hiper-atlas-material" target="#hiper-atlas-material">
                <bind_vertex_input semantic="MapaUV" input_semantic="TEXCOORD" input_set="0"/>
              </instance_material>
            </technique_common>
          </bind_material>
        </instance_geometry>
      </node>
      <node id="estanteria-metal" name="estanteria-metal" type="NODE">
        <matrix sid="transform">1 0 0 1 0 1 0 -2 0 0 1 0 0 0 0 1</matrix>
        <instance_geometry url="#estanteria-metal-mesh" name="estanteria-metal">
          <bind_material>
            <technique_common>
              <instance_material symbol="hiper-atlas-material" target="#hiper-atlas-material">
                <bind_vertex_input semantic="MapaUV" input_semantic="TEXCOORD" input_set="0"/>
              </instance_material>
            </technique_common>
          </bind_material>
        </instance_geometry>
      </node>
      <node id="estanteria-lateral_001" name="estanteria-lateral.001" type="NODE">
        <matrix sid="transform">-1 0 0 -1 0 1 0 -2 0 0 1 0 0 0 0 1</matrix>
        <instance_geometry url="#estanteria-lateral_001-mesh" name="estanteria-lateral.001">
          <bind_material>
            <technique_common>
              <instance_material symbol="hiper-atlas-material" target="#hiper-atlas-material">
                <bind_vertex_input semantic="MapaUV" input_semantic="TEXCOORD" input_set="0"/>
              </instance_material>
            </technique_common>
          </bind_material>
        </instance_geometry>
      </node>
      <node id="estanteria-lateral" name="estanteria-lateral" type="NODE">
        <matrix sid="transform">1 0 0 -1 0 1 0 -2 0 0 1 0 0 0 0 1</matrix>
        <instance_geometry url="#estanteria-lateral-mesh" name="estanteria-lateral">
          <bind_material>
            <technique_common>
              <instance_material symbol="hiper-atlas-material" target="#hiper-atlas-material">
                <bind_vertex_input semantic="MapaUV" input_semantic="TEXCOORD" input_set="0"/>
              </instance_material>
            </technique_common>
          </bind_material>
        </instance_geometry>
      </node>
      <node id="estante-madera" name="estante-madera" type="NODE">
        <matrix sid="transform">1 0 0 -2 0 1 0 0 0 0 1 0 0 0 0 1</matrix>
        <instance_geometry url="#estante-madera-mesh" name="estante-madera">
          <bind_material>
            <technique_common>
              <instance_material symbol="hiper-atlas-material" target="#hiper-atlas-material">
                <bind_vertex_input semantic="MapaUV" input_semantic="TEXCOORD" input_set="0"/>
              </instance_material>
            </technique_common>
          </bind_material>
        </instance_geometry>
      </node>
      <node id="caja3_1" name="caja3:1" type="NODE">
        <matrix sid="transform">7.54979e-8 1 0 -2.006512 -1 7.54979e-8 0 -0.5455357 0 0 1 1.679491 0 0 0 1</matrix>
        <instance_geometry url="#Cube_004-mesh" name="caja3:1">
          <bind_material>
            <technique_common>
              <instance_material symbol="hiper-atlas-material" target="#hiper-atlas-material">
                <bind_vertex_input semantic="MapaUV" input_semantic="TEXCOORD" input_set="0"/>
              </instance_material>
            </technique_common>
          </bind_material>
        </instance_geometry>
      </node>
      <node id="caja2_1" name="caja2:1" type="NODE">
        <matrix sid="transform">1 0 0 -2.001002 0 1 0 -0.1718984 0 0 1 0.4534309 0 0 0 1</matrix>
        <instance_geometry url="#Cube_003-mesh" name="caja2:1">
          <bind_material>
            <technique_common>
              <instance_material symbol="hiper-atlas-material" target="#hiper-atlas-material">
                <bind_vertex_input semantic="MapaUV" input_semantic="TEXCOORD" input_set="0"/>
              </instance_material>
            </technique_common>
          </bind_material>
        </instance_geometry>
      </node>
      <node id="caja-cuadrada" name="caja-cuadrada" type="NODE">
        <matrix sid="transform">1 0 0 -1.999662 0 1 0 0.640008 0 0 1 1.702992 0 0 0 1</matrix>
        <instance_geometry url="#Cube_001-mesh" name="caja-cuadrada">
          <bind_material>
            <technique_common>
              <instance_material symbol="hiper-atlas-material" target="#hiper-atlas-material">
                <bind_vertex_input semantic="MapaUV" input_semantic="TEXCOORD" input_set="0"/>
              </instance_material>
            </technique_common>
          </bind_material>
        </instance_geometry>
      </node>
      <node id="Caja-cuadrada-mediana" name="Caja-cuadrada-mediana" type="NODE">
        <matrix sid="transform">1 0 0 -2.000969 0 1 0 -0.3009055 0 0 1 2.508573 0 0 0 1</matrix>
        <instance_geometry url="#Cube_002-mesh" name="Caja-cuadrada-mediana">
          <bind_material>
            <technique_common>
              <instance_material symbol="hiper-atlas-material" target="#hiper-atlas-material">
                <bind_vertex_input semantic="MapaUV" input_semantic="TEXCOORD" input_set="0"/>
              </instance_material>
            </technique_common>
          </bind_material>
        </instance_geometry>
      </node>
      <node id="Caja-Blanca" name="Caja-Blanca" type="NODE">
        <matrix sid="transform">1 0 0 -1.999701 0 1 0 0.600118 0 0 1 1.295352 0 0 0 1</matrix>
        <instance_geometry url="#Cube_005-mesh" name="Caja-Blanca">
          <bind_material>
            <technique_common>
              <instance_material symbol="hiper-atlas-material" target="#hiper-atlas-material">
                <bind_vertex_input semantic="MapaUV" input_semantic="TEXCOORD" input_set="0"/>
              </instance_material>
            </technique_common>
          </bind_material>
        </instance_geometry>
      </node>
      <node id="Caja-2_1" name="Caja-2:1" type="NODE">
        <matrix sid="transform">1 0 0 -2 0 1 0 0.3 0 0 1 1.293828 0 0 0 1</matrix>
        <instance_geometry url="#Cube_006-mesh" name="Caja-2:1">
          <bind_material>
            <technique_common>
              <instance_material symbol="hiper-atlas-material" target="#hiper-atlas-material">
                <bind_vertex_input semantic="MapaUV" input_semantic="TEXCOORD" input_set="0"/>
              </instance_material>
            </technique_common>
          </bind_material>
        </instance_geometry>
      </node>
      <node id="orbit_cam_target" name="orbit_cam_target" type="NODE">
        <matrix sid="transform">1 0 0 0 0 1 0 0 0 0 1 0 0 0 0 1</matrix>
      </node>
      <node id="orbit_cam" name="orbit_cam" type="NODE">
        <matrix sid="transform">0.1553238 -0.4577959 0.8753838 20.8096 0.9878511 0.06757139 -0.139942 -3.326697 0.00491396 0.8864857 0.4627297 11 0 0 0 1</matrix>
        <instance_camera url="#orbit_cam-camera"/>
      </node>
      <node id="Light_001" name="Light.001" type="NODE">
        <matrix sid="transform">-0.2908646 -0.7711008 0.5663932 -2.264171 0.9551712 -0.1998834 0.2183912 -1.837235 -0.05518906 0.6045247 0.7946723 5.903862 0 0 0 1</matrix>
        <instance_light url="#Light_001-light"/>
      </node>
      <node id="Light" name="Light" type="NODE">
        <matrix sid="transform">-0.2908646 -0.7711008 0.5663932 2.076245 0.9551712 -0.1998834 0.2183912 1.005454 -0.05518906 0.6045247 0.7946723 5.903862 0 0 0 1</matrix>
        <instance_light url="#Light-light"/>
      </node>
    </visual_scene>
  </library_visual_scenes>
  <scene>
    <instance_visual_scene url="#Scene"/>
  </scene>
</COLLADA>